tree
version=v4
num_class=1
num_tree_per_iteration=1
label_index=0
max_feature_idx=31
objective=binary sigmoid:1
feature_names=h_fold_edge_max h_call_edge_min h_strong_check_partner h_step_aside h_both_vpip h_sd_together h_pot_bb h_board_n h_n_vpip h_netflow_bb h_contrib_max_bb h_pre_pct_max h_pre_pct_min h_fac h_fold_max h_call_max h_raise__max h_fold_ahead_max h_payoff_max h_payoff_bb_max h_fold_strong_max h_squeeze_max h_pre_fold_ahead_max h_pre_junk_call_max h_hu_n h_hu_check h_hu_strong_check h_third_vpip h_weak_open h_open_step_aside h_open_pct h_step_aside_pct
feature_infos=[-0.99321264028549194:0.90346908569335938] [-0.96153843402862549:0.93966817855834961] [0:6] [0:1] [0:1] [0:1] [1.5:727.25] [0:5] [0:6] [0:205.5] [1:241.5] [0.0045248870737850666:0.99773752689361572] [0.0045248870737850666:0.99321264028549194] [0:7] [0:1] [0:6] [0:3] [0:1] [0:4] [0:208] [0:1] [0:3] [0:1] [0:3] [0:3] [0:3] [0:3] [0:4] [0:1] [0:1] [0.0045248870737850666:0.99773752689361572] [0.0045248870737850666:0.99773752689361572]
tree_sizes=1716 1750 1721 1710 1720 1766 1748 1741 1730 1735 1747 1781 1744 1770 1730 1728 1748 1735 1774 1767 1761 1761 1740 1759 1758 1766 1776 1744 1772 1744 1740 1729 1769 1772 1734 1738 1764 1762 1753 1788 1779 1748 1744 1783 1780 1758 1748 1740 1765 1783 1773 1753 1759 1753 1790 1756 1743 1770 1737 1747 1772 1786 1746 1764 1767 1744 1770 1775 1762 1780 1755 1774 1761 1784 1776 1763 1784 1764 1762 1781 1754 1784 1761 1766 1790 1782 1772 1767 1770 1785 1785 1736 1740 1765 1788 1781 1770 1771 1770 1763 1784 1776 1778 1783 1780 1776 1762 1784 1784 1770 1749 1778 1778 1769 1786 1773 1767 1784 1754 1774 1771 1770 1785 1784 1760 1763 1774 1765 1764 1769 1752 1748 1779 1785 1781 1775 1793 1771 1762 1774 1774 1779 1779 1794 1777 1770 1785 1759 1780 1770 1784 1767 1757 1781 1771 1775 1776 1774 1787 1764 1781 1768 1780 1789 1770 1785 1775 1774 1775 1775 1767 1782 1765 1776 1791 1795 1756 1789 1776 1779 1772 1793 1779 1758 1767 1767 1788 1774 1772 1758 1771 1778 1767 1799 1791 1781 1773 1761 1777 1782 1767 1784 1784 1775 1770 1760 1789 1777 1780 1758 1771 1779 1781 1775 1759 1768 1767 1781 1777 1775 1767 1787 1763 1763 1785 1778 1776 1770 1790 1781 1752 1774 1792 1767 1778 1776 1748 1767 1771 1778 1766 1780 1778 1782 1765 1786 1754 1759 1759 1759 1754 1783 1767 1756 1753 1779 1771 1742 1760 1772 1789 1781 1774 1770 1787 1765 1757 1772 1773 1769 1773 1757 1777 1786 1757 1747 1771 1782 1767 1791 1766 1760 1766 1758 1784 1777 1767 1756 1774 1784 1769 1765 1760 1769 1751 1767 1776 1754 1773 1761

Tree=0
num_leaves=15
num_cat=0
split_feature=0 31 2 15 23 10 23 0 26 21 31 0 0 6
split_gain=5163.12 3254.82 2331.06 1076.61 386.722 335.46 273.698 237.936 149.52 99.5839 229.214 99.1311 79.9317 65.0642
threshold=0.084464564919471755 0.44645550847053533 1.5000000000000002 1.0000000180025095e-35 1.0000000180025095e-35 54.100000000000009 1.0000000180025095e-35 0.35133960218044241 1.0000000180025095e-35 1.0000000180025095e-35 0.5429864525794984 -0.03768242644388213 0.015082962810993196 4.2750000000000012
decision_type=10 10 2 2 2 2 2 8 2 2 8 8 10 2
left_child=2 13 3 6 8 -6 9 -3 11 12 -11 -5 -1 -2
right_child=1 7 -4 4 5 -7 -8 -9 -10 10 -12 -13 -14 -15
leaf_value=-3.5855267013057972 -3.4933335173179967 -3.5393918368585853 -3.1284239016012769 -3.5619679825222521 -3.5064643367899748 -3.2789154829610476 -3.3185073098321354 -3.4040381809031195 -3.404292153696344 -3.4184570282215931 -3.5706592258742753 -3.5296117946300378 -3.5458833302522614 -3.2045608883738792
leaf_weight=1124.766526479274 0.90780187770724552 28.649159258231521 3.6579075660556546 61.303326800465584 8.3304172307252866 3.3375069033354512 0.56070115976035495 5.5269114319235078 2.2695046942681065 3.6045074556022909 27.901557711884379 99.751406326889992 19.918241199105978 23.309148212894797
leaf_count=42126 34 1073 137 2296 312 125 21 207 85 135 1045 3736 746 873
internal_value=-3.5671 -3.38458 -3.57509 -3.57662 -3.53047 -3.42374 -3.58351 -3.51348 -3.53893 -3.58385 -3.5492 -3.54182 -3.58482 -3.21202
internal_weight=1413.79 58.393 1355.4 1351.74 174.992 11.6679 1176.75 34.1761 163.324 1176.19 31.5061 161.055 1144.68 24.217
internal_count=52951 2187 50764 50627 6554 437 44073 1280 6117 44052 1180 6032 42872 907
is_linear=0
shrinkage=1


Tree=1
num_leaves=15
num_cat=0
split_feature=17 5 30 26 23 23 23 22 15 6 12 13 12 12
split_gain=4084.01 1521.25 1039.12 578.097 373.301 369.687 294.669 196.596 213.225 182.051 153.725 120.327 59.43 58.961
threshold=1.0000000180025095e-35 1.0000000180025095e-35 0.31372550129890447 1.0000000180025095e-35 1.0000000180025095e-35 1.0000000180025095e-35 1.0000000180025095e-35 1.0000000180025095e-35 1.0000000180025095e-35 10.775000000000002 0.19457013905048373 2.5000000000000004 0.77526396512985241 0.4102564156055451
decision_type=2 2 8 2 2 2 2 2 2 2 2 2 2 2
left_child=1 2 -1 6 9 7 12 8 -4 -2 -7 -5 -3 -9
right_child=4 3 5 11 -6 10 -8 13 -10 -11 -12 -13 -14 -15
leaf_value=0.22457752668920866 0.080148120210005586 0.067822271323290023 -0.017403331874982827 0.3258449519923754 0.33185849756990748 0.21068673446958461 0.21632102927991784 0.085163867286676867 0.01228509846757922 0.17548453633585806 0.041651988626611 0.045635752719253721 0.020098876502582273 0.019492988042383693
leaf_weight=6.4251091200858346 14.081717297434805 35.198527118191123 1153.9844330195338 3.7909485306590787 5.0140157472342244 2.7203138675540668 4.0654261019080868 6.3781780991703299 104.91521852463484 32.538968509063125 6.7171473987400532 1.1203342303633688 16.218104699626565 24.962155271321535
leaf_count=223 454 1261 43903 103 140 90 122 214 3854 985 229 33 584 901
internal_value=-0.000174257 -0.00682813 -0.0113933 0.0904782 0.172702 -0.0127316 0.0689934 -0.0136806 -0.0149213 0.148976 0.105893 0.280458 0.0534397 0.035078
internal_weight=1418.13 1366.5 1306.1 60.3933 51.6347 1299.68 55.4821 1290.24 1258.9 46.6207 9.43746 4.91128 51.4166 31.3403
internal_count=53096 51517 49414 2103 1579 49191 1967 48872 47757 1439 319 136 1845 1115
is_linear=0
shrinkage=0.02


Tree=2
num_leaves=15
num_cat=0
split_feature=0 1 17 26 12 12 4 0 12 4 1 9 16 0
split_gain=3761.07 1462.64 1115.15 598.794 467.434 347.438 335.664 112.133 86.7374 98.1343 81.3012 76.1832 158.204 68.6324
threshold=0.084464564919471755 inf 1.0000000180025095e-35 1.0000000180025095e-35 0.17797888815402987 0.2443438917398453 1.0000000180025095e-35 0.024132743477821354 0.90346908569335949 1.0000000180025095e-35 0.042232289910316474 54.556731250000013 1.0000000180025095e-35 -0.67401107755112466
decision_type=10 8 2 2 2 2 2 8 2 2 10 2 2 10
left_child=1 3 5 4 6 -2 -1 -6 9 -4 11 -9 -13 -5
right_child=2 -3 8 13 7 -7 -8 10 -10 -11 -12 12 -14 -15
leaf_value=-0.010524542708866989 0.21378780657727567 -0.017195580689648403 0.10182269676640208 0.22337389685226605 0.011816517954663042 0.034429037817269997 0.23673737768287217 0.02003328194453419 0.034940686667635092 0.2308101064897301 0.08350210544249069 0.13532347891649399 0.025509458089214152 0.0038842992873374727
leaf_weight=3.0227590668946487 4.0331090092658988 1103.3764604367316 5.0382738932967177 6.5318676084280014 116.90408256091177 35.342747142538428 6.3029325995594263 60.51373190805316 1.5217360109090794 31.808216664940119 14.564606165513394 7.0810394585132626 16.783996511250734 0.65519791096448798
leaf_count=104 108 42644 127 141 4236 1222 173 2095 35 714 504 228 569 20
internal_value=0.00032528 -0.00758756 0.134647 0.0379149 0.0316526 0.05764 0.163334 0.0252363 0.210205 0.216329 0.0408153 0.0325554 0.0622245 0.206283
internal_weight=1413.48 1335.74 77.7441 232.36 225.173 39.3759 9.32569 215.847 38.3682 36.8465 98.9434 84.3788 23.865 7.18707
internal_count=52920 50714 2206 8070 7909 1330 277 7632 876 841 3396 2892 797 161
is_linear=0
shrinkage=0.02


Tree=3
num_leaves=15
num_cat=0
split_feature=0 1 31 2 23 30 9 31 0 0 1 30 15 30
split_gain=3120.33 1333.75 978.337 685.828 374.107 302.184 230.385 163.065 133.615 103.096 106.384 82.11 68.2766 63.0836
threshold=0.069381598383188262 inf 0.47058823704719549 1.5000000000000002 1.0000000180025095e-35 0.27752640843391424 4.9548830000000015 0.36349925398826605 0.23529412597417834 0.024132743477821354 0.042232289910316474 0.91440421342849743 3.5000000000000004 0.45399698615074163
decision_type=10 8 10 2 2 8 2 8 10 8 10 10 2 10
left_child=1 3 11 4 7 -3 -6 -1 -4 -9 12 -2 -11 -12
right_child=2 5 8 -5 6 -7 -8 9 -10 10 13 -13 -14 -15
leaf_value=0.15699375335630825 0.18026910614035313 0.18713805523395013 0.010717509289271914 0.22140553117777498 0.034282271835942506 -0.01788839783984705 0.18153360946070859 0.0055136145726520569 0.083107847829653039 0.019901671468002268 0.1167035136143338 0.07955608669096384 0.11112957964475763 0.03183523207411984
leaf_weight=2.4917261470109215 44.479751382023096 1.8903621025383461 26.474933667108417 6.668361470103263 8.4608140140771884 1079.1687545757741 8.8814818710088712 111.64851958118379 15.958060672506688 79.429965613409877 8.0290007162839157 5.961895251646637 2.495425406843423 7.3941388539969912
leaf_count=70 883 59 929 119 248 42420 210 4023 487 2672 249 117 81 240
internal_value=-2.12613e-05 -0.00795885 0.111385 0.0350755 0.028706 -0.0173573 0.11548 0.0210805 0.0392285 0.0187202 0.0336566 0.170143 0.0239871 0.080432
internal_weight=1409.43 1316.56 92.8746 235.499 228.831 1081.06 17.3423 211.489 42.433 208.997 97.3485 50.4416 81.9254 15.4231
internal_count=52807 50391 2416 7912 7793 42479 458 7335 1416 7265 3242 1000 2753 489
is_linear=0
shrinkage=0.02


Tree=4
num_leaves=15
num_cat=0
split_feature=0 1 31 26 12 4 12 5 12 21 1 10 0 12
split_gain=2685.77 1260.49 769.344 376.969 338.705 159.738 153.62 130.095 104.065 87.1581 72.7002 62.7127 78.4574 71.8851
threshold=0.069381598383188262 inf 0.49472096562385565 1.0000000180025095e-35 0.32277527451515203 1.0000000180025095e-35 0.32277527451515203 1.0000000180025095e-35 0.15535445511341098 1.0000000180025095e-35 0.13253819351380328 7.2750000000000012 0.20296167247386762 0.57164406776428234
decision_type=10 8 10 2 2 2 2 2 2 2 10 2 10 2
left_child=1 3 11 4 5 -1 -4 -6 -7 10 -9 12 -2 -13
right_child=2 -3 6 -5 7 8 -8 9 -10 -11 -12 13 -14 -15
leaf_value=-0.0046259848086904918 0.057936981997609105 -0.017166801940927786 0.12485598498719652 0.14784568852415636 0.0096102423137554051 0.18423249112286402 0.018584910499366773 0.05036975312755592 0.079489802512601834 -0.0027135669392912222 0.15572889371131707 0.19368084984433015 0.1460621907540012 0.11898353301843707
leaf_weight=5.2803691439330604 10.139563523232939 1064.3332886323333 5.4539736211299887 9.991015035659073 157.19072093814611 6.2110918834805515 38.275072306394577 37.568763975054026 15.1478154361248 11.305368227884172 2.1759541630744925 20.849466029554605 9.522846505045889 16.963179673999548
leaf_count=176 205 42521 130 167 5509 123 1279 1184 395 375 57 329 167 285
internal_value=-4.88336e-05 -0.00775161 0.0986973 0.0330749 0.0275869 0.0934558 0.0343343 0.0187542 0.116826 0.0461843 0.0598185 0.146242 0.105621 0.1641
internal_weight=1410.41 1309.2 101.204 244.871 234.88 26.6393 43.729 208.241 21.3589 51.0501 39.7447 57.4751 19.6624 37.8126
internal_count=52902 50507 2395 7986 7819 694 1409 7125 518 1616 1241 986 372 614
is_linear=0
shrinkage=0.02


Tree=5
num_leaves=15
num_cat=0
split_feature=17 5 30 23 2 22 21 23 2 9 23 30 16 9
split_gain=2177.39 949.953 726.351 332.31 278.602 177.368 160.607 154.275 154.204 138.168 84.5929 54.3537 50.6237 43.2233
threshold=1.0000000180025095e-35 1.0000000180025095e-35 0.27752640843391424 1.0000000180025095e-35 1.5000000000000002 1.0000000180025095e-35 1.0000000180025095e-35 1.0000000180025095e-35 1.0000000180025095e-35 1.4912332500000003 1.0000000180025095e-35 0.56259429454803478 1.0000000180025095e-35 2.4845150000000005
decision_type=2 2 8 2 2 2 2 2 2 2 2 8 2 2
left_child=1 2 -1 5 7 9 13 12 10 11 -2 -4 -3 -5
right_child=8 4 3 6 -6 -7 -8 -9 -10 -11 -12 -13 -14 -15
leaf_value=0.16135571771968849 0.077688301539568072 0.049251390399437885 0.015902861709083047 -0.0057041132844964353 0.16090397688986197 0.029825963578167847 0.2110894810494171 0.12766807000259148 0.18951325739788172 0.0051039758414069825 0.1448590364686918 -0.01733942710011285 0.011259007790642426 0.071885799932818947
leaf_weight=8.7593389973044378 68.932967782020569 35.298429239541292 19.315377552062273 4.338883873075245 9.0756214261054975 36.606418162584305 2.1912065707147113 7.3287391364574423 6.4865992926061145 129.79982241429389 9.5656673535704595 1042.4541176874191 24.074405556544662 6.7641862332820892
leaf_count=181 1399 1053 753 117 120 1128 45 125 91 4709 127 42150 771 165
internal_value=-4.79057e-05 -0.00636768 -0.0105533 -0.0118951 0.061927 -0.0130011 0.0840414 0.0462822 0.0974855 -0.0143407 0.0875928 -0.0167203 0.034288 0.0435989
internal_weight=1410.99 1326.01 1250.23 1241.47 75.7772 1228.18 13.2943 66.7016 84.9852 1191.57 78.4986 1061.77 59.3728 11.1031
internal_count=52934 51317 49248 49067 2069 48740 327 1949 1617 47612 1526 42903 1824 282
is_linear=0
shrinkage=0.02


Tree=6
num_leaves=15
num_cat=0
split_feature=9 17 30 2 23 17 1 5 10 20 30 11 30 10
split_gain=2090.18 576.701 442.204 364.656 356.97 330.943 106.436 81.6382 80.44 76.6385 76.3114 64.3947 57.1891 53.068
threshold=1.4912332500000003 1.0000000180025095e-35 0.31372550129890447 1.5000000000000002 1.0000000180025095e-35 1.0000000180025095e-35 -0.48573294275968709 1.0000000180025095e-35 7.2750000000000012 1.0000000180025095e-35 0.35746607184410101 0.87820512056350719 0.56259429454803478 11.550000000000002
decision_type=2 2 8 2 2 2 10 2 2 2 8 2 8 2
left_child=2 3 -1 4 7 6 9 10 -3 12 -2 13 -4 -6
right_child=1 8 5 -5 11 -7 -8 -9 -10 -11 -12 -13 -14 -15
leaf_value=0.11911562915372692 0.095146814955474363 0.05368562014919559 0.013350180281560603 0.14426988510740002 0.04727344949180573 0.066261975874470885 0.016201216316725792 0.037379970560080585 0.10953068518156073 0.018765229550614899 0.0060414578664571839 0.047363395468571517 -0.017978953263894398 0.15901504968607338
leaf_weight=9.1251834258437139 2.9669389277696601 16.611333375796676 23.179353253915906 9.943593002855776 3.4072824865579632 19.350202774628997 40.787331001833081 55.090241247788072 53.436332706362009 23.399107137694955 134.19487139396369 6.8935062512755385 1000.9904316477478 8.6483161170035583
leaf_count=177 67 325 855 115 81 401 1353 1619 862 846 4840 141 41125 144
internal_value=-7.70088e-05 0.0475511 -0.0125265 0.0314486 0.025482 -0.0137175 -0.015199 0.0170289 0.0972294 -0.0164358 0.0086436 0.106092 -0.0172576 0.133473
internal_weight=1408.02 291.192 1116.83 221.145 211.201 1107.71 1088.36 192.252 70.0477 1047.57 137.162 18.9491 1024.17 12.0556
internal_count=52951 8194 44757 7007 6892 44580 44179 6526 1187 42826 4907 366 41980 225
is_linear=0
shrinkage=0.02


Tree=7
num_leaves=15
num_cat=0
split_feature=1 12 30 2 13 4 11 22 12 31 13 31 11 2
split_gain=1938.05 476.552 437.207 327.833 158.946 127.076 124.431 116.813 77.4926 75.8195 54.336 264.496 75.3522 48.0393
threshold=inf 0.4177978932857514 0.32277527451515203 1.0000000180025095e-35 2.5000000000000004 1.0000000180025095e-35 0.53657618165016185 1.0000000180025095e-35 0.15535445511341098 0.5429864525794984 1.0000000180025095e-35 0.95022624731063854 0.90346908569335949 1.0000000180025095e-35
decision_type=8 2 8 2 2 2 2 2 2 10 2 8 2 2
left_child=1 5 -2 9 -5 13 -7 10 -8 -3 -4 -12 -13 -1
right_child=2 3 7 4 -6 6 8 -9 -10 -11 11 12 -14 -15
leaf_value=-0.0088744936192462712 0.11718844148624764 0.028147204283783322 -0.019589533509702883 0.14320546889138153 0.025697798138640905 0.15236622473663694 0.13004701033701013 0.022258471867872772 0.064581238835214355 -0.00040504903132129207 -0.015493825221959022 0.018770244653589646 0.077587285948416643 0.081781822524785414
leaf_weight=7.4542139340192062 9.2572367507964355 183.41795923747122 548.53919976204634 13.281881861388685 7.5535471569746724 13.587731063365935 10.063718270510433 33.439983420073986 39.74362470023334 46.567036001011729 438.2863752245903 42.347176283597946 10.350551214069126 2.3022479861974716
leaf_count=224 167 5310 23051 180 174 212 133 1003 843 1654 18331 1310 274 43
internal_value=1.12915e-05 0.0428481 -0.01284 0.0295315 0.103733 0.0874937 0.0977211 -0.0140699 0.0801081 0.0223893 -0.0152588 -0.0103904 0.0315525 0.0181321
internal_weight=1406.19 323.972 1082.22 250.82 20.8354 73.1515 63.3951 1072.96 49.8073 229.985 1039.52 490.984 52.6977 9.75646
internal_count=52909 8773 44136 7318 354 1455 1188 43969 976 6964 42966 19915 1584 267
is_linear=0
shrinkage=0.02


Tree=8
num_leaves=15
num_cat=0
split_feature=0 1 2 3 12 30 12 30 5 16 0 30 6 1
split_gain=1922.86 1125.18 322.889 283.346 243.313 177.18 148.421 70.9575 58.1388 87.3804 51.5154 41.6388 39.5326 39.4005
threshold=0.092103255071450882 inf 1.5000000000000002 1.0000000180025095e-35 0.32277527451515203 0.31372550129890447 0.32277527451515203 0.61085975170135509 1.0000000180025095e-35 1.0000000180025095e-35 0.024132743477821354 0.56259429454803478 10.450000000000001 0.075565871381465713
decision_type=10 8 2 2 2 8 2 8 2 2 10 10 2 8
left_child=1 2 4 -2 7 12 -5 -1 11 13 -7 -6 -3 -10
right_child=3 5 -4 6 8 10 -8 -9 9 -11 -12 -13 -14 -15
leaf_value=0.12355211807311815 0.10409678258386044 0.014364665877673061 0.12323642477128349 0.097380988736464197 0.021065496194912416 -0.018008210444630485 0.016402361466357887 0.053085730514067453 0.041857096411950671 0.0039018914452547504 0.014892253551793891 0.0011017558389700725 0.13738893204383981 0.10595993813513255
leaf_weight=7.5479970760643473 68.241073690354824 1.8487007990479458 12.704734362661837 11.614759933203457 71.351740263402462 988.95625136978924 34.052998075261712 29.658003639429808 31.228007685393095 25.815192235633731 18.700040744617581 99.21306125447154 2.5391089357435703 4.2030491083860388
leaf_count=114 806 37 121 181 2303 42116 1046 608 825 766 655 3303 49 90
internal_value=1.16099e-05 -0.00694705 0.0283388 0.0784201 0.0234173 -0.0167878 0.0386432 0.0702409 0.0156326 0.0322094 -0.0173835 0.00952722 0.0978422 0.0521611
internal_weight=1407.67 1293.77 281.722 113.909 269.017 1012.04 45.6678 37.206 231.811 61.2462 1007.66 170.565 4.38781 35.4311
internal_count=53020 50987 8130 2033 8009 42857 1227 722 7287 1681 42771 5606 86 915
is_linear=0
shrinkage=0.02


Tree=9
num_leaves=15
num_cat=0
split_feature=0 1 2 3 12 12 4 28 0 5 16 12 1 2
split_gain=1829.71 991.225 268.535 220.168 181.406 157.552 97.7192 85.7809 64.8462 59.3841 64.6186 34.2008 27.7978 26.5023
threshold=0.024132743477821354 inf 1.5000000000000002 1.0000000180025095e-35 0.21266968548297885 0.32277527451515203 1.0000000180025095e-35 1.0000000180025095e-35 0.092103255071450882 1.0000000180025095e-35 1.0000000180025095e-35 0.49472096562385565 0.075565871381465713 1.0000000180025095e-35
decision_type=10 8 2 2 2 2 2 2 10 2 2 2 10 2
left_child=1 2 4 8 6 -5 -1 -3 -2 -6 12 -12 -11 -10
right_child=3 7 -4 5 9 -7 -8 -9 13 10 11 -13 -14 -15
leaf_value=-0.012058614783687156 0.04327338124497529 -0.01823449597332652 0.10610187550767686 0.094834820789594862 0.0092711356573528889 0.019534347902508152 0.098559234302458401 0.030334486741337183 0.084721507474641439 0.03982044164735378 0.048586947413456136 -0.0040699598577884086 0.09400965273313279 0.13193010919797638
leaf_weight=3.6951507758349189 16.07585833221674 959.21161640807986 14.792195923626421 13.258862491697071 166.64053755998611 54.240342807024717 15.777151569724083 13.903247602283953 66.841027811169624 34.555938713252544 5.3240334838628796 21.86648334749043 4.2173081375658503 8.7048906162381154
leaf_count=113 337 41583 129 205 5410 1775 215 486 742 846 119 656 82 80
internal_value=6.32639e-05 -0.00814647 0.0259353 0.0636907 0.0208304 0.0354941 0.0780042 -0.0175101 0.083856 0.0157307 0.0316668 0.00759829 0.04793 0.0918137
internal_weight=1399.1 1239.98 266.869 159.121 252.077 67.4992 19.4723 973.115 91.6218 232.604 65.9638 27.1905 38.7732 75.5459
internal_count=52778 49639 7570 3139 7441 1980 328 42069 1159 7113 1703 775 928 822
is_linear=0
shrinkage=0.02


Tree=10
num_leaves=15
num_cat=0
split_feature=9 0 0 2 23 0 28 11 31 6 11 31 0 31
split_gain=1672.22 531.643 447.35 219.515 166.191 107.14 89.364 81.5346 66.4207 64.4962 58.3642 52.9905 49.2303 60.7648
threshold=1.4912332500000003 0.030165918171405796 0.092103255071450882 1.5000000000000002 1.0000000180025095e-35 0.21719457209110263 1.0000000180025095e-35 0.87820512056350719 0.63084465265274059 19.050000000000004 0.91440421342849743 0.47058823704719549 -0.045917600305429955 0.4177978932857514
decision_type=2 10 10 2 2 10 2 2 10 2 2 10 8 8
left_child=1 6 3 4 8 11 -1 -4 12 -6 -11 -3 13 -2
right_child=2 5 7 -5 9 -7 -8 -9 -10 10 -12 -13 -14 -15
leaf_value=-0.016832262899588942 0.077715474208703242 0.048214928135976852 0.10393103029061963 0.10070230989943699 0.014291143403115969 0.066717949170507301 0.027552929957880369 0.057241307280460146 -0.0097175580519719713 0.10915915385500277 0.026938024643065956 0.0030790147615633234 0.029715790410329467 0.0046972777032416859
leaf_weight=967.58147813566029 3.85823213122785 14.757551314309238 38.143729504197836 14.305761706084011 6.8995541296899345 30.768143936991692 17.625975491479039 32.714085441082716 32.189201436936855 13.476541589945557 5.6009884290397158 31.068819865584373 110.50156878307462 77.199271600693464
leaf_count=42148 89 246 378 115 135 592 565 404 1178 164 81 1047 2963 2645
internal_value=0.000238873 -0.0120551 0.0391382 0.0269704 0.0223618 0.0383789 -0.0160111 0.0834716 0.0166218 0.0693536 0.0875638 0.0183335 0.0210753 0.00907758
internal_weight=1396.69 1061.8 334.889 264.031 249.725 76.5945 985.207 70.8578 223.748 25.9771 19.0775 45.8264 191.559 81.0575
internal_count=52750 44598 8152 7370 7255 1885 42713 782 6875 380 245 1293 5697 2734
is_linear=0
shrinkage=0.02


Tree=11
num_leaves=15
num_cat=0
split_feature=15 17 28 2 23 17 15 16 21 31 20 23 23 13
split_gain=1295.52 368.674 335.438 243.539 217.457 216.99 133.417 78.4843 57.6338 85.2039 48.0489 42.926 40.831 36.6639
threshold=1.0000000180025095e-35 1.0000000180025095e-35 1.0000000180025095e-35 1.0000000180025095e-35 1.0000000180025095e-35 1.0000000180025095e-35 2.5000000000000004 1.0000000180025095e-35 1.0000000180025095e-35 0.56259429454803478 1.0000000180025095e-35 1.0000000180025095e-35 1.0000000180025095e-35 1.5000000000000002
decision_type=2 2 2 2 2 2 2 2 2 8 2 2 2 2
left_child=1 2 4 5 8 6 12 -5 10 -10 -1 -7 -2 -14
right_child=3 -3 -4 7 -6 11 -8 -9 9 -11 -12 -13 13 -15
leaf_value=-0.017253389333566242 0.0075009221245957245 0.05551386153031139 0.045066792950837431 0.094002301370469735 0.14110602270298289 0.04795598120578335 0.059312513133889556 0.012880370573876072 0.097624412192908586 -0.0012929579632287996 0.0090863144340658317 0.088346215638740982 -0.016412931899265622 0.050891817620964876
leaf_weight=948.49982148036361 158.53071092255414 31.553352018818259 37.598829369992018 32.120513832196593 2.565045937895774 64.159377787262201 25.313062198460102 5.9799285400658837 2.8882018662989131 33.202336529269814 27.950866369530559 14.389040630310772 3.5279768705368069 15.265897028148173
leaf_count=42136 4919 491 931 347 31 912 557 121 76 1170 985 117 80 245
internal_value=-0.000381245 -0.0108121 -0.0128509 0.0349639 -0.0150384 0.0283329 0.0172405 0.0819251 -0.0155728 0.00904169 -0.0164909 0.0563725 0.0109357 0.0380665
internal_weight=1403.54 1084.26 1052.71 319.287 1015.11 281.186 202.638 38.1004 1012.54 36.0905 976.451 78.5484 177.325 18.7939
internal_count=53118 45820 45329 7298 44398 6830 5801 468 44367 1246 43121 1029 5244 325
is_linear=0
shrinkage=0.02


Tree=12
num_leaves=15
num_cat=0
split_feature=1 17 12 22 2 17 12 11 11 16 9 17 16 2
split_gain=1465.05 361.025 296.845 240.129 153.536 107.582 82.1514 64.2859 51.0924 50.4104 50.1983 51.0245 53.4667 50.0947
threshold=inf 1.0000000180025095e-35 0.48567119240760809 1.0000000180025095e-35 1.0000000180025095e-35 1.0000000180025095e-35 0.13273002207279208 0.53657618165016185 0.96870285272598278 1.0000000180025095e-35 56.275000000000006 1.0000000180025095e-35 1.0000000180025095e-35 1.0000000180025095e-35
decision_type=8 2 2 2 2 2 2 2 2 2 2 2 2 2
left_child=2 3 7 -2 5 -4 -5 -1 -8 -6 11 12 13 -9
right_child=1 -3 4 6 9 -7 8 10 -10 -11 -12 -13 -14 -15
leaf_value=0.087221056940091371 -0.016619612967647249 0.05348322457885557 0.0087233601325471116 0.11231273381305215 0.082949733487785476 0.041173472581322187 0.015639788295493222 0.012574956301228622 0.12056069390916568 0.0074560129109727882 0.090403035502358162 0.066955741738465649 0.068927962174877899 0.068303108820173597
leaf_weight=26.672531379386783 945.05086735263467 31.334113646298647 180.56189405545592 3.4657850116491309 18.78562801331282 52.147741716355085 40.485987324267626 39.503697929903865 0.98604193329810996 4.5641798749566069 11.107633970677851 27.212234802544117 12.068926587700842 6.8939990103244773
leaf_count=375 42718 472 5717 36 206 729 1020 985 26 100 165 272 243 73
internal_value=0.000140866 -0.0123286 0.0336417 -0.0144635 0.02122 0.0161401 0.0302547 0.0590274 0.0209143 0.0691052 0.0504453 0.0442819 0.0327803 0.0221217
internal_weight=1400.84 1021.32 379.518 989.989 256.059 232.71 44.9378 123.459 41.472 23.3498 96.7865 85.6789 58.4666 46.3977
internal_count=53137 44272 8865 43800 6752 6446 1082 2113 1046 306 1738 1573 1301 1058
is_linear=0
shrinkage=0.02


Tree=13
num_leaves=15
num_cat=0
split_feature=9 30 23 17 17 2 30 13 15 2 13 4 30 10
split_gain=1364.64 301.783 221.852 209.429 177.661 168.42 76.1698 72.924 52.0218 49.9822 48.0797 47.3646 35.6043 31.7804
threshold=1.9992227500000002 0.24886878579854968 1.0000000180025095e-35 1.0000000180025095e-35 1.0000000180025095e-35 1.0000000180025095e-35 0.56259429454803478 2.5000000000000004 2.5000000000000004 1.0000000180025095e-35 1.0000000180025095e-35 1.0000000180025095e-35 0.35746607184410101 7.2750000000000012
decision_type=2 8 2 2 2 2 8 2 2 2 2 2 8 2
left_child=1 -1 4 6 5 8 -3 -7 12 10 -8 -12 -2 -6
right_child=2 3 -4 -5 13 7 9 -9 -10 -11 11 -13 -14 -15
leaf_value=0.097807709376157098 0.059790979035894753 0.014759980620709276 0.072654461917668722 0.042759186454858579 0.028034294714592047 0.080122469640322116 -0.019876777614878067 0.0070060307257935875 0.042985565947202709 0.057508840515096207 -0.014109949430851214 0.0015360387289185685 0.006430195302001355 0.059112305969589281
leaf_weight=8.9938712604343873 4.1674729827791444 34.406270273029804 49.091392982751131 25.598812721669674 20.207722444087267 21.521567042917017 489.09129600971937 7.4704842772334805 17.795594258233905 2.8113114275038233 372.88720547966659 97.364096570760012 179.70666483044624 62.959885030984879
leaf_count=100 64 1041 506 388 293 206 22776 152 436 62 16777 3621 5787 754
internal_value=0.000106206 -0.0116352 0.0334068 -0.0126928 0.0270562 0.0178826 -0.0141586 0.0621441 0.0112443 -0.015207 -0.0154798 -0.0108741 0.00795648 0.0519839
internal_weight=1394.07 1031.15 362.921 1022.16 313.829 230.662 996.56 28.9921 201.67 962.154 959.343 470.251 183.874 83.1676
internal_count=52963 44765 8198 44665 7692 6645 44277 358 6287 43236 43174 20398 5851 1047
is_linear=0
shrinkage=0.02


Tree=14
num_leaves=15
num_cat=0
split_feature=1 0 0 12 31 0 12 12 1 24 11 31 16 6
split_gain=1298.27 630.809 298.515 135.754 115.802 109.62 92.2959 63.0631 60.9042 44.8956 41.0583 38.0119 33.3619 42.5948
threshold=inf 0.036199107766151435 0.092103255071450882 0.32277527451515203 0.94117647409439098 0.024132743477821354 0.4102564156055451 0.69079941511154186 0.33900782566580501 1.0000000180025095e-35 0.74962294101715099 0.56259429454803478 1.0000000180025095e-35 109.60000000000001
decision_type=8 10 10 2 8 8 2 2 8 2 2 8 2 2
left_child=2 -2 3 -1 6 11 -3 -4 9 -7 -6 -5 13 -11
right_child=1 4 7 5 10 8 -8 -9 -10 12 -12 -13 -14 -15
leaf_value=0.051610952928091883 -0.01693770096850258 0.053746356161711056 0.07767078026503535 0.048051363220584245 0.034567660716886869 0.01364252853235089 0.0010503656739318781 0.036946657761056961 0.088972021639832838 0.036545314129847725 0.085364925102888942 5.1735099965587693e-05 0.015444517053459157 0.090800702975163128
leaf_weight=50.972238110378385 909.13046299107373 20.178006930276752 53.828973434865475 5.9787431862205258 12.017037980258463 69.602950043976307 35.827360419556499 25.244795486330986 5.4672324135899535 37.725635815411806 20.553924741223454 121.44420205429196 21.498370289802551 6.8285581618547431
leaf_count=725 42365 331 441 161 136 1945 1143 297 88 635 278 3864 534 124
internal_value=0.000225979 -0.0119641 0.0306924 0.0219525 0.0387026 0.0161525 0.0206458 0.0652931 0.0282303 0.0251491 0.0682113 0.00266053 0.0368898 0.0466714
internal_weight=1396.3 997.707 398.592 319.518 88.5763 268.546 56.0054 79.0738 141.123 135.656 32.571 127.423 66.0526 44.5542
internal_count=53067 44253 8814 8076 1888 7351 1474 738 3326 3238 414 4025 1293 759
is_linear=0
shrinkage=0.02


Tree=15
num_leaves=15
num_cat=0
split_feature=1 0 0 30 31 12 5 12 12 31 4 1 0 15
split_gain=1248.04 538.1 231.148 143.508 125.229 114.133 97.7835 81.8112 71.0823 57.9382 54.7909 54.327 43.8894 39.5529
threshold=inf 0.036199107766151435 0.092103255071450882 0.33031675219535833 0.96870285272598278 0.15535445511341098 1.0000000180025095e-35 0.57164406776428234 0.13273002207279208 0.5429864525794984 1.0000000180025095e-35 0.070003046055831866 -0.31755270029130356 3.5000000000000004
decision_type=8 10 10 8 8 2 2 2 2 8 2 10 10 2
left_child=2 3 5 -2 8 10 9 -4 -3 12 -1 13 -7 -8
right_child=1 4 7 -5 -6 6 11 -9 -10 -11 -12 -13 -14 -15
leaf_value=0.0028902237277650096 0.082634718587364195 0.089844313657848118 0.077587358186857303 -0.017565676756699337 0.064953260479805264 0.02920052156416211 0.024339490117207534 0.035972075804578035 0.0092866315144276793 0.0076676196645455441 0.087350068796070768 0.0744880642703004 0.12339800153484967 0.072387733052113129
leaf_weight=3.9625098127871761 4.783250853419303 3.8021988943219176 44.729894757270813 889.32396397553384 32.342620573937893 10.923492277041076 82.704050205647945 37.49325211904943 54.529643727466464 189.98675979487598 13.843341000378132 11.489770807325838 1.7656399942934502 6.8874044679105273
leaf_count=88 89 35 324 42261 357 237 1661 412 1486 5621 122 131 31 117
internal_value=-8.08036e-05 -0.0122222 0.0294875 -0.0169379 0.0339554 0.0217116 0.0186787 0.0592713 0.0159633 0.0105749 0.0697075 0.0346646 0.0503645 0.0287915
internal_weight=1388.57 984.782 403.786 894.107 90.6745 321.563 303.757 82.2231 58.3318 202.676 17.8059 101.081 12.6891 89.5915
internal_count=52972 44228 8744 42350 1878 8008 7798 736 1521 5889 210 1909 268 1778
is_linear=0
shrinkage=0.02


Tree=16
num_leaves=15
num_cat=0
split_feature=0 15 30 2 31 15 21 12 0 31 6 12 30 0
split_gain=1079.16 673.152 266.166 136.449 112.168 67.47 56.3171 77.4483 48.248 41.983 39.3504 38.5989 37.501 35.4841
threshold=0.024132743477821354 1.0000000180025095e-35 0.33031675219535833 1.5000000000000002 0.47058823704719549 2.5000000000000004 1.0000000180025095e-35 0.5429864525794984 0.27546234253551333 0.94117647409439098 7.9500000000000011 0.46003016829490667 0.44645550847053533 0.29725380437570942
decision_type=10 2 8 2 10 2 2 2 10 10 2 2 10 10
left_child=1 2 -1 5 13 12 -4 -8 9 -6 -11 -7 -3 -2
right_child=4 3 6 -5 8 11 7 -9 -10 10 -12 -13 -14 -15
leaf_value=0.088330990744589347 0.045901138221462592 0.020397109270294783 -0.017617233508845108 0.070763785626958647 0.00041860005533687927 0.067255332582714364 0.063053563585593664 -0.0078134481499367442 0.045378189131074428 0.121627400004782 0.021202401468082416 0.022876058994572217 0.0037197601822423626 0.070977229592324442
leaf_weight=8.7866003271192294 97.01800673827529 107.05162460356951 872.51405087858438 19.017459243535995 38.828305438160896 13.678434129804371 7.0539206843823186 25.632672538980842 21.693944297730923 1.2522574234753827 7.1273871716111898 20.4407011680305 108.76906022429466 36.345007337629795
leaf_count=118 984 2682 42149 121 1255 160 137 906 379 34 216 459 3056 279
internal_value=-5.46349e-05 -0.00736374 -0.0155463 0.0203975 0.0425185 0.0162985 -0.016651 0.00889777 0.0213548 0.00960274 0.0475771 0.0420763 0.012048 0.0532124
internal_weight=1385.21 1182.94 913.987 268.957 202.265 249.94 905.201 32.6866 68.9019 47.208 8.37964 34.1191 215.821 133.363
internal_count=52935 49788 43310 6478 3147 6357 43192 1043 1884 1505 250 619 5738 1263
is_linear=0
shrinkage=0.02


Tree=17
num_leaves=15
num_cat=0
split_feature=0 1 30 30 31 30 0 1 9 0 6 0 1 30
split_gain=1117.72 749.25 111.457 87.5778 78.1177 54.8997 51.1408 77.391 46.7409 44.9387 41.1535 32.6799 31.3521 30.6139
threshold=0.061377646743500408 inf 0.27752640843391424 0.52337861061096203 0.66817498207092296 0.33634993433952337 0.024132743477821354 0.070003046055831866 6.512210650000001 0.21719457209110263 10.775000000000002 0.23529412597417834 -0.49305500832184868 0.674208164215088
decision_type=10 8 8 10 10 8 8 10 2 10 2 10 10 8
left_child=1 3 -3 5 10 -1 -7 -8 -5 -6 11 -2 -10 -4
right_child=4 2 13 8 9 6 7 -9 12 -11 -12 -13 -14 -15
leaf_value=0.073992777731756484 0.015510238792110267 0.076671483093606524 0.00016858810912901028 -0.000225446684446918 0.0030668621856952483 0.011596097431589821 0.02526563350386847 0.070808910043183446 0.054508459641985613 0.041907159701478326 0.059660871037642109 0.053389642338375863 0.015066006992945663 -0.018240645269758361
leaf_weight=9.3176083043217641 20.783292513340712 4.0953266918659201 37.753469988703728 102.38812849484384 24.280987402424216 64.748799243941903 74.962059440091252 18.483972571790218 9.1715587321668846 22.725474800914526 101.24308787472546 17.059905480593443 46.524410093203187 831.61734387464821
leaf_count=92 308 54 1684 2998 760 1779 1487 291 130 458 829 160 1182 40889
internal_value=-0.000176483 -0.00726497 -0.0169135 0.0185913 0.0452919 0.0286313 0.0255115 0.0349286 0.00783944 0.0223262 0.0528388 0.0335213 0.0224079 -0.0174419
internal_weight=1385.16 1199.06 873.466 325.597 186.093 167.512 158.195 93.446 158.084 47.0065 139.086 37.8432 55.696 869.371
internal_count=53101 50586 42627 7959 2515 3649 3557 1778 4310 1218 1297 468 1312 42573
is_linear=0
shrinkage=0.02


Tree=18
num_leaves=15
num_cat=0
split_feature=9 30 12 16 13 3 16 12 2 30 2 11 4 20
split_gain=1020.48 216.241 159.312 102.992 102.517 84.9338 106.374 86.0113 69.936 64.4329 45.8588 44.2975 42.9311 40.5613
threshold=1.9992227500000002 0.32277527451515203 0.56259429454803478 1.0000000180025095e-35 1.0000000180025095e-35 1.0000000180025095e-35 1.0000000180025095e-35 0.69984918832778942 1.0000000180025095e-35 0.85671192407608043 1.0000000180025095e-35 0.6591252088546754 1.0000000180025095e-35 1.0000000180025095e-35
decision_type=2 8 2 2 2 2 2 2 2 8 2 2 2 2
left_child=1 -1 9 8 -3 -6 13 -8 -4 11 12 -2 -11 -7
right_child=2 4 3 -5 5 6 7 -9 -10 10 -12 -13 -14 -15
leaf_value=0.056486342445967286 0.080658977170949817 -0.019213338460448065 0.019768014637150003 -0.0032547513252834791 0.012894701320108117 -0.012727093156021925 0.10401559239261653 -0.0072455927677535946 0.060021819094434416 -0.0097598298299789322 0.058861359503994869 0.041922528829915102 0.030873222591128426 0.013157115806434175
leaf_weight=17.681213475763798 23.209791552275419 450.11609812639654 134.7019602842629 75.707562861964107 78.639610111713409 396.6304548420012 4.8930248059332353 5.0296672955155373 19.292225250974298 11.376440430060027 21.020269861444831 32.753176940605044 84.139500951394439 24.996966997161508
leaf_count=185 228 22817 3162 2160 2006 18703 94 175 165 268 179 515 1477 846
internal_value=6.36172e-05 -0.010965 0.0268415 0.0158251 -0.0122644 -0.00610816 -0.00959278 0.0521188 0.0251657 0.0413353 0.0323635 0.0591218 0.0259826 -0.011165
internal_weight=1380.19 977.987 402.201 229.702 960.306 510.19 431.55 9.92269 153.994 172.499 116.536 55.963 95.5159 421.627
internal_count=52980 44826 8154 5487 44641 21824 19818 269 3327 2667 1924 743 1745 19549
is_linear=0
shrinkage=0.02


Tree=19
num_leaves=15
num_cat=0
split_feature=9 22 17 12 28 2 17 12 13 15 21 12 15 4
split_gain=999.946 176.663 146.135 140.561 101.532 100.363 72.2572 60.3026 50.6141 46.3161 42.3537 44.0817 39.3339 38.322
threshold=1.4912332500000003 1.0000000180025095e-35 1.0000000180025095e-35 0.48567119240760809 1.0000000180025095e-35 1.0000000180025095e-35 1.0000000180025095e-35 0.2443438917398453 2.5000000000000004 1.0000000180025095e-35 1.0000000180025095e-35 0.5429864525794984 3.5000000000000004 1.0000000180025095e-35
decision_type=2 2 2 2 2 2 2 2 2 2 2 2 2 2
left_child=1 2 4 13 9 6 12 -3 -7 10 -1 -12 -5 -2
right_child=3 7 -4 5 -6 8 -8 -9 -10 -11 11 -13 -14 -15
leaf_value=-0.017123903668498603 0.0097877361533334831 0.063613556517875411 0.02968830011064888 0.0044552185283116778 0.026012446059229154 0.069589038125832281 0.03016689623831232 0.012518556667302521 0.009976214316785496 0.0050724128681261362 0.099501148919092147 -0.001857769494460398 0.062722114403341883 0.045271388145271117
leaf_weight=808.5436897482723 14.104916688054798 11.186583228409289 30.045981716364622 167.32900953292847 23.17990886606276 19.616958988830451 69.855164270848036 41.339786440134048 8.3913084641098958 40.654961105436087 1.4862065352499474 5.4278896059840918 3.7770036607980719 131.70579449087381
leaf_count=41188 267 96 393 5122 633 145 786 1006 141 1147 22 187 68 1756
internal_value=0.000225891 -0.0109671 -0.0130338 0.0261462 -0.0145257 0.0174666 0.0131717 0.0243855 0.0526886 -0.0156523 -0.0166905 0.0297493 0.00609837 0.0419289
internal_weight=1376.65 961.865 909.339 414.78 879.293 268.969 240.961 52.5264 28.0083 856.113 815.458 6.9141 171.106 145.811
internal_count=52957 44672 43570 8285 43177 6262 5976 1102 286 42544 41397 209 5190 2023
is_linear=0
shrinkage=0.02


Tree=20
num_leaves=15
num_cat=0
split_feature=9 0 0 30 12 16 12 0 16 15 31 30 31 30
split_gain=957.249 353.349 210.802 112.863 83.369 81.0349 71.0459 47.8516 43.5246 45.2107 41.1314 37.5954 32.8424 29.994
threshold=1.9992227500000002 0.015082962810993196 0.024132743477821354 0.46003016829490667 0.57164406776428234 1.0000000180025095e-35 0.24132730066776278 0.23529412597417834 1.0000000180025095e-35 1.0000000180025095e-35 0.61840122938156139 0.82956260442733776 0.4177978932857514 0.2443438917398453
decision_type=2 10 8 8 2 2 2 10 2 2 8 8 8 8
left_child=1 3 6 13 11 -6 -2 -3 9 -5 -10 -4 -8 -1
right_child=2 7 4 8 5 -7 12 -9 10 -11 -12 -13 -14 -15
leaf_value=0.082951775202608422 0.045463694830077749 0.01273118034579513 0.065711456827255849 -0.017822871129108044 0.034850873343852722 0.00058754993059157866 0.050104094386451623 0.041192071596731668 0.08275610581631386 0.0041334948789002908 -0.0010518298794506917 0.040088616902473451 0.00067220310010872157 0.018468841764844268
leaf_weight=3.5698504596948597 16.273451257497072 59.965964492410421 35.898396108299494 789.91190401278436 92.458192294463515 39.236948579549789 4.5895858053117982 39.554006941616535 2.2677378170192215 39.024527313187718 8.1855635941028595 91.243795458227396 141.71327619440854 10.147437738254666
leaf_count=37 206 1535 317 40942 1311 927 81 547 40 1090 258 1025 4293 271
internal_value=-5.37175e-05 -0.0111558 0.0250101 -0.0153203 0.0361892 0.0247239 0.00709949 0.0243402 -0.0162664 -0.0167855 0.0227675 0.0477795 0.00255252 0.0397463
internal_weight=1374.04 952.627 421.414 853.107 258.837 131.695 162.576 99.52 839.39 828.936 10.4533 127.142 146.303 13.7173
internal_count=52880 44720 8160 42638 3580 2238 4580 2082 42330 42032 298 1342 4374 308
is_linear=0
shrinkage=0.02


Tree=21
num_leaves=15
num_cat=0
split_feature=9 0 0 30 12 12 1 21 0 30 3 30 30 25
split_gain=904.896 360.958 205.009 102.99 72.7179 71.5983 62.3025 43.9524 43.745 37.9979 31.1804 29.1013 27.4757 26.3592
threshold=1.4912332500000003 0.015082962810993196 0.048967037626515449 0.27752640843391424 0.27300152182579046 0.53657618165016185 -0.424484052532833 1.0000000180025095e-35 0.21719457209110263 0.8355957865715028 1.0000000180025095e-35 0.674208164215088 0.98642531037330639 1.5000000000000002
decision_type=2 10 8 8 2 2 10 2 10 8 2 8 8 2
left_child=1 3 4 -1 12 9 11 10 -3 -4 -7 -5 -2 -6
right_child=2 8 5 6 13 7 -8 -9 -10 -11 -12 -13 -14 -15
leaf_value=0.064038568241492178 0.060663716106748179 0.012113475859217234 0.065351763396860843 0.00061885687272094552 0.00035344858480200475 0.032554180004268261 0.0070310771370500668 0.00012306104313199333 0.038503837910481772 0.03861055982492826 -0.012148836517301543 -0.018253060254417343 0.014282459323757419 0.045157573514047242
leaf_weight=5.4941371381282798 11.393252748996021 58.144742039963603 33.415543837472796 34.096011502668262 147.55440466478467 112.54642216488719 43.430326906964183 23.269776616245508 45.197846345603466 81.682290563359857 6.1120964493602505 753.98475381731987 10.044848836958407 4.4469189997762433
leaf_count=58 105 1500 269 1572 4424 1511 1214 555 611 884 203 39694 174 116
internal_value=-0.000198998 -0.011192 0.0237854 -0.0155498 0.00692529 0.0350915 -0.0161519 0.0252784 0.0239139 0.0468702 0.0301692 -0.0174368 0.0405368 0.00195081
internal_weight=1370.81 940.348 430.466 837.005 173.439 257.026 831.511 141.928 103.343 115.098 118.659 788.081 21.4381 152.001
internal_count=52890 44649 8241 42538 4819 3422 42480 2269 2111 1153 1714 41266 279 4540
is_linear=0
shrinkage=0.02


Tree=22
num_leaves=15
num_cat=0
split_feature=9 0 0 30 2 12 2 11 0 16 6 4 12 11
split_gain=865.241 353.281 187.986 129.853 100.206 71.0414 51.3971 51.0432 46.766 34.5992 33.3379 31.3324 30.0653 29.0147
threshold=1.9992227500000002 0.024132743477821354 0.092103255071450882 0.27752640843391424 1.5000000000000002 0.32277527451515203 1.0000000180025095e-35 0.96870285272598278 0.29725380437570942 1.0000000180025095e-35 43.600000000000009 1.0000000180025095e-35 0.62443441152572643 0.87820512056350719
decision_type=2 10 10 8 2 2 2 2 10 2 2 2 2 2
left_child=1 3 4 -1 5 11 9 8 -3 -5 -9 -2 -11 -4
right_child=2 7 13 6 -6 -7 -8 10 -10 12 -12 -13 -14 -15
leaf_value=0.065374649774147836 -0.0058531601192702877 0.011106389900723943 0.054716008243178127 -0.016668795227035835 0.055459996221454894 0.0078981694328928796 0.05429747012096451 0.11092415224730628 0.041738797777853123 0.053299313075444027 0.0096992394393398285 0.0389800298855957 -0.0097185813736915001 0.032319214605352087
leaf_weight=6.9834885597228995 6.90021445788443 68.112205820158124 64.442005559802055 811.40655902214348 22.475604951381683 249.76096194051206 3.2096447274088851 3.3636189326643935 27.887117180973291 4.3626180309802276 2.1501618325710297 46.478456228971481 6.3781128413975239 45.77896986156702
leaf_count=71 152 1551 403 42375 120 6625 61 49 344 83 30 499 212 386
internal_value=6.58221e-05 -0.0107924 0.0233029 -0.0150925 0.0155748 0.012445 -0.0158517 0.024269 0.0203434 -0.0161912 0.0789994 0.0331834 0.0182373 0.045788
internal_weight=1369.69 933.854 435.836 832.34 325.615 303.14 825.357 101.513 95.9993 822.147 5.51378 53.3787 10.7407 110.221
internal_count=52961 44776 8185 42802 7396 7276 42731 1974 1895 42670 79 651 295 789
is_linear=0
shrinkage=0.02


Tree=23
num_leaves=15
num_cat=0
split_feature=1 22 12 16 28 15 13 3 11 11 12 5 6 24
split_gain=818.373 133.814 118.012 80.1958 76.0793 55.9672 54.1767 141.522 49.2787 47.0482 37.7707 37.7621 32.7041 30.3998
threshold=inf 1.0000000180025095e-35 0.57164406776428234 1.0000000180025095e-35 1.0000000180025095e-35 1.0000000180025095e-35 1.0000000180025095e-35 1.0000000180025095e-35 0.9215686321258546 0.91817495226860057 0.13273002207279208 1.0000000180025095e-35 10.050000000000002 2.5000000000000004
decision_type=8 2 2 2 2 2 2 2 2 2 2 2 2 2
left_child=2 4 5 11 6 9 13 8 -8 -1 -3 -4 -6 -2
right_child=1 10 3 -5 12 -7 7 -9 -10 -11 -12 -13 -14 -15
leaf_value=0.081784290421725955 -0.019609245274835183 0.06531692353885625 0.014389394486936226 -0.0035841575306600343 -0.0016824281328162815 0.028563696738203997 0.0099634779892313584 -0.014195493518195042 0.057054620220707564 0.016182746982249158 0.012632796895897625 0.036289247220258981 0.047143232931675376 0.059736802129012133
leaf_weight=14.750375131145121 416.19277930445969 5.2577058449387541 126.73145257122815 86.32575443200767 10.457774383947255 191.14569786936045 56.196676334366202 337.78628922812641 9.7190130408853275 6.863001311197876 49.511990625411272 42.28195633739233 10.393091291189192 0.99985462427139182
leaf_count=169 22941 36 2803 2449 320 2709 1368 17963 144 115 1031 608 265 43
internal_value=-9.15792e-05 -0.0112806 0.0213163 0.0120764 -0.0132559 0.032297 -0.0142222 -0.00896411 0.0176558 0.0625903 0.0187708 0.0200493 0.0236984 -0.0192767
internal_weight=1364.61 896.515 468.098 255.339 841.745 212.759 820.895 403.702 65.9157 21.6134 54.7697 169.013 20.8509 417.193
internal_count=52964 44111 8853 5860 43044 2993 42459 19475 1512 284 1067 3411 585 22984
is_linear=0
shrinkage=0.02


Tree=24
num_leaves=15
num_cat=0
split_feature=9 30 17 17 22 5 31 30 21 30 10 9 21 31
split_gain=769.374 178.544 132.174 93.6155 77.4379 66.9756 62.4963 57.0289 40.0792 33.152 32.826 26.2994 25.4761 24.0916
threshold=1.4912332500000003 0.56259429454803478 1.0000000180025095e-35 1.0000000180025095e-35 1.0000000180025095e-35 1.0000000180025095e-35 0.63763198256492626 0.2443438917398453 1.0000000180025095e-35 0.77526396512985241 7.2750000000000012 5.2572135000000006 1.0000000180025095e-35 0.8355957865715028
decision_type=2 8 2 2 2 2 8 10 2 8 2 2 2 8
left_child=1 7 4 5 12 6 11 -1 -7 -10 -5 -2 -3 -14
right_child=3 2 -4 10 -6 8 -8 -9 9 -11 -12 -13 13 -15
leaf_value=0.060269646609575761 0.023641533944134832 -0.016099252461647701 0.026677965679120837 0.015868031546093484 0.014393790936286429 0.030488671664663378 0.002661415435557138 0.012383255079703682 0.060427373953971582 -0.012651501503321816 0.039891272247663416 0.074550332020042478 0.048102558583229336 -0.0097433493204886878
leaf_weight=12.735550820827482 18.612735446542505 783.95660070516169 31.667732156813145 31.041938185691833 35.02548736333847 110.48519839718938 160.79557938687503 38.897256957367063 1.9177585802972341 15.694417107850311 109.24965492263436 4.949522176757454 3.896972713991997 6.3461453896015891
leaf_count=92 385 42228 377 328 795 1506 4680 1030 32 377 885 82 92 202
internal_value=-0.000111901 -0.0106853 -0.0128591 0.0211757 -0.0143993 0.0150004 0.00721749 0.0251154 0.0260589 -0.00187495 0.0347256 0.0369353 -0.0156857 0.014585
internal_weight=1365.27 912.526 860.893 452.747 829.225 312.455 184.358 51.6328 128.097 17.6122 140.292 23.5623 794.2 10.2431
internal_count=53091 44816 43694 8275 43317 7062 5147 1122 1915 409 1213 467 42522 294
is_linear=0
shrinkage=0.02


Tree=25
num_leaves=15
num_cat=0
split_feature=9 30 17 22 2 12 30 17 21 16 9 25 12 24
split_gain=735.417 163.931 136.134 97.9347 96.4509 84.148 48.1122 46.3647 39.2501 34.8146 29.911 29.6948 28.08 26.506
threshold=1.4912332500000003 0.46003016829490667 1.0000000180025095e-35 1.0000000180025095e-35 1.0000000180025095e-35 0.47360482811927801 0.85671192407608043 1.0000000180025095e-35 1.0000000180025095e-35 1.0000000180025095e-35 0.31241450000000009 1.5000000000000002 0.55505281686782848 1.0000000180025095e-35
decision_type=2 8 2 2 2 2 8 2 2 2 2 2 2 2
left_child=1 10 3 8 5 6 -2 13 11 -6 -1 -3 -10 -7
right_child=4 2 -4 -5 9 7 -8 -9 12 -11 -12 -13 -14 -15
leaf_value=0.045807004144086387 0.044822710428371659 -0.016150211417869716 0.02639588898904683 0.016069798484591388 0.05016136717381494 -0.0027521444418605661 0.020040868642197035 0.023000329259376281 0.061789465534719978 0.0024646576362566718 0.0068326832246125829 0.043748937410749901 -0.0019325442611718207 0.012513635246075133
leaf_weight=21.416886907070875 51.813000256195664 780.81651553139091 34.177932571619749 40.896044336259365 51.249255971983075 93.568105889484286 85.271056098863482 78.474149204790592 3.3042363449931127 7.0541749503463498 12.760259978473185 2.395695971325039 7.5789686013013124 87.014657650142908
leaf_count=310 514 42618 391 914 357 2925 1268 776 45 111 216 81 249 2273
internal_value=-7.35356e-05 -0.0105113 -0.0122123 -0.0138223 0.0206523 0.0170348 0.0296643 0.0102633 -0.01538 0.0445294 0.0318636 -0.0159114 0.0209857 0.00463215
internal_weight=1357.79 903.347 869.169 834.991 454.444 396.141 137.084 259.057 794.095 58.3034 34.1771 783.212 10.8832 180.583
internal_count=53048 44824 44298 43907 8224 7756 1782 5974 42993 468 526 42699 294 5198
is_linear=0
shrinkage=0.02


Tree=26
num_leaves=15
num_cat=0
split_feature=9 30 13 11 2 30 30 1 3 1 13 11 22 18
split_gain=737.15 150.049 90.2906 81.0172 71.7843 66.7008 57.9969 38.9929 38.7194 36.1219 33.7692 29.9817 29.5934 27.2444
threshold=1.9992227500000002 0.32277527451515203 1.0000000180025095e-35 0.69079941511154186 1.0000000180025095e-35 0.75829562544822704 0.03619909659028054 -0.26469009340656113 1.0000000180025095e-35 -0.64215683937072743 2.5000000000000004 0.74962294101715099 1.0000000180025095e-35 1.0000000180025095e-35
decision_type=2 8 2 2 2 10 10 8 2 10 2 2 2 2
left_child=1 -1 -3 6 7 8 13 -5 11 12 -6 -4 -10 -2
right_child=3 2 5 4 10 -7 -8 -9 9 -11 -12 -13 -14 -15
leaf_value=0.0401725045145985 0.034780959719605584 -0.019246196928404576 -0.00079136091615191124 0.022661202373368845 0.050706943287926534 -0.015509743506412869 0.057654264138972171 0.0081173030780930713 -0.010108531485019071 0.027467294309347749 0.012518554941361922 0.025843751692482989 0.0083345397714108954 0.0021370989475446136
leaf_weight=21.506789550185204 26.02457089163363 394.90711780078709 32.529764859005809 112.07968325540423 32.101761609315872 188.96266070380807 35.326360268518329 217.77035431191325 166.17322626709938 12.514013905078171 13.988041151314972 34.064337814226747 43.134424343705177 16.674825716763735
leaf_count=182 348 22884 869 1793 201 9985 317 5045 8938 303 179 759 947 246
internal_value=-0.000338429 -0.0108774 -0.0121806 0.0203896 0.0164601 -0.00630767 0.0388745 0.0131127 -0.000245952 -0.00426728 0.0396289 0.0130139 -0.0062862 0.0223736
internal_weight=1347.76 893.792 872.286 453.966 375.94 477.378 78.0258 329.85 288.416 221.822 46.0898 66.5941 209.308 42.6994
internal_count=52996 44867 44685 8129 7218 21801 911 6838 11816 10188 380 1628 9885 594
is_linear=0
shrinkage=0.02


Tree=27
num_leaves=15
num_cat=0
split_feature=0 1 2 30 31 12 12 4 30 24 31 0 31 1
split_gain=704.251 503.063 93.4967 65.574 55.8979 52.4357 34.6084 33.2328 28.4251 28.5319 27.3042 25.1019 29.6126 24.7289
threshold=0.024132743477821354 inf 1.5000000000000002 0.24886878579854968 0.47058823704719549 0.2443438917398453 0.4102564156055451 1.0000000180025095e-35 0.674208164215088 2.5000000000000004 0.96870285272598278 -0.92760178446769703 0.4177978932857514 0.0067873299121856698
decision_type=10 8 2 8 10 2 2 2 8 2 10 10 8 10
left_child=1 2 5 -3 -2 7 -6 -1 -5 -10 -8 13 -13 -7
right_child=4 3 -4 8 6 11 10 -9 9 -11 -12 12 -14 -15
leaf_value=-0.010065243123088602 0.03677559933953168 0.05528004169759794 0.048553735344509151 0.00054321762290656728 0.036371964871448059 0.0082993612435814032 0.0022397886514199028 0.038558650042841258 -0.017888308089623856 0.049830610531572922 0.04543528811273366 0.044367462743578438 -0.00086617480910659763 0.029079213460390926
leaf_weight=6.2819972299039355 169.38123306259513 4.1375302225351325 25.71831127256155 35.977940293028951 22.660899493843317 113.01139745488763 50.232658568769693 33.571724850684404 702.28405437991023 1.5659832376986731 5.6445379815995684 5.0265990309417239 146.19049341604114 28.244394775480032
leaf_count=133 1266 35 130 1663 270 2388 1454 275 40504 67 146 64 4094 561
internal_value=-8.28758e-05 -0.00694016 0.0125152 -0.0163076 0.0303034 0.00958898 0.0160582 0.0308355 -0.016782 -0.0176672 0.00732538 0.00659863 0.000919031 0.0126295
internal_weight=1349.93 1102.01 358.045 743.966 247.919 332.327 78.5381 39.8537 739.828 703.85 55.8772 292.473 151.217 141.256
internal_count=53050 49914 7645 42269 3136 7515 1870 408 42234 40571 1600 7107 4158 2949
is_linear=0
shrinkage=0.02


Tree=28
num_leaves=15
num_cat=0
split_feature=4 13 28 11 2 2 22 10 12 3 3 11 12 13
split_gain=624.893 138.709 103.574 103.183 75.0516 63.6732 49.4937 49.3166 40.0225 31.9804 31.5502 29.5562 27.3409 22.9171
threshold=1.0000000180025095e-35 1.0000000180025095e-35 1.0000000180025095e-35 0.69079941511154186 1.0000000180025095e-35 1.0000000180025095e-35 1.0000000180025095e-35 5.7750000000000012 0.31372550129890447 1.0000000180025095e-35 1.0000000180025095e-35 0.96870285272598278 0.16138763725757602 1.0000000180025095e-35
decision_type=2 2 2 2 2 2 2 2 2 2 2 2 2 2
left_child=2 -2 5 7 8 6 13 -3 -5 -9 -10 -8 -4 -1
right_child=1 3 12 4 -6 -7 11 9 10 -11 -12 -13 -14 -15
leaf_value=-0.019341086843855146 -0.0182008212559755 0.0065851727403169347 0.042189733175471505 0.02756304073421903 0.038855475252403328 0.040122278205246796 0.005508066970300771 0.037632452281513323 0.012544984880950592 0.075263130199438186 -0.00082135201846765332 0.07962966272111674 0.0072631006028777458 -0.01180640944304878
leaf_weight=338.40560088679194 44.959319787099957 17.440971460193396 12.023261632770298 53.535412661731243 43.707594588398933 7.6682349350303403 23.887980759143833 63.089664300903678 276.1500148512423 11.418196564540265 94.641561340540648 1.3881847336888302 30.581189660355449 323.12857485003769
leaf_count=20375 2586 483 183 752 359 85 563 672 5553 155 3433 22 630 17054
internal_value=0.000247656 0.0152985 -0.0121089 0.0180157 0.0141537 -0.0139706 -0.014632 0.03731 0.011524 0.0443197 0.0091403 0.0124544 0.0178611 -0.0156841
internal_weight=1342.03 604.943 737.083 559.983 468.035 694.479 686.81 91.9488 424.327 74.5079 370.792 25.2762 42.6045 661.534
internal_count=52905 13993 38912 11407 10097 38099 38014 1310 9738 827 8986 585 813 37429
is_linear=0
shrinkage=0.02


Tree=29
num_leaves=15
num_cat=0
split_feature=1 17 30 23 22 2 17 31 30 10 31 18 6 1
split_gain=672.108 198.146 141.691 76.4596 71.3651 66.2029 45.2471 41.6836 37.0678 30.0161 28.7358 26.5598 22.9006 47.723
threshold=inf 1.0000000180025095e-35 0.56259429454803478 1.0000000180025095e-35 1.0000000180025095e-35 1.0000000180025095e-35 1.0000000180025095e-35 0.56259429454803478 0.18702866137027743 5.2750000000000012 0.97285065054893505 1.0000000180025095e-35 86.100000000000009 -0.43891401588916773
decision_type=8 2 8 2 2 2 2 8 10 2 8 2 2 10
left_child=3 2 8 5 -4 6 7 -1 -2 -5 -6 -7 -9 -14
right_child=1 -3 4 9 10 11 -8 12 -10 -11 -12 -13 13 -15
leaf_value=0.03597660551639676 0.052740272394321011 0.028338081727021232 -0.01687025172759208 -0.01404391556982139 0.0074179044962605868 0.047060491544450578 0.023259703666006257 0.0011392992618020265 0.010124884959853616 0.038938198760754758 0.084147273454036151 0.016928198714203077 0.05903892301480923 0.0086914642033766847
leaf_weight=18.142932869493961 9.5048259571194631 47.626406889408827 705.3282065987587 4.0451151654124251 34.024342458695173 31.812709052115679 99.868359036743641 170.66284714452922 40.020742373540998 76.494774784892797 1.0946516320109356 20.747994348406792 7.4772775899618855 73.131527502089739
leaf_count=273 59 478 41758 66 755 212 916 4642 990 547 16 219 144 1797
internal_value=7.58407e-05 -0.0108902 -0.0132881 0.0183443 -0.0154831 0.0148697 0.0118159 0.00750357 0.0191855 0.0361376 0.0120731 0.0357041 0.00531323 0.0140279
internal_weight=1339.98 837.599 789.973 502.384 740.447 421.844 369.283 269.415 49.5256 80.5399 35.119 52.5607 251.272 80.6088
internal_count=52872 44056 43578 8816 42529 8203 7772 6856 1049 613 771 431 6583 1941
is_linear=0
shrinkage=0.02


Tree=30
num_leaves=15
num_cat=0
split_feature=0 1 28 6 5 11 0 21 11 3 11 25 1 9
split_gain=651.336 467.68 60.199 57.9192 40.2139 42.2768 37.7178 35.1422 31.2452 23.1662 21.5554 21.5325 20.9383 28.8641
threshold=0.024132743477821354 inf 1.0000000180025095e-35 10.775000000000002 1.0000000180025095e-35 0.61840122938156139 0.16440422832965854 1.0000000180025095e-35 0.7119155526161195 1.0000000180025095e-35 0.96870285272598278 2.5000000000000004 0.075565871381465713 72.519939000000008
decision_type=10 8 2 2 2 2 10 2 2 2 2 2 10 2
left_child=1 4 11 6 5 -1 10 12 -5 -10 -2 -3 13 -6
right_child=3 2 -4 8 7 -7 -8 -9 9 -11 -12 -13 -14 -15
leaf_value=0.034362412790092507 -0.0036980295065766294 -0.017387159452612926 0.017930943681967938 0.04922117886747801 0.013165587047047985 0.0035629792175502907 0.026001353549349907 -0.0052795607158572242 0.033790578254525958 0.011328941202725177 0.055719162186520892 0.049228341531575445 0.044429454507359772 0.036191564051191595
leaf_weight=18.537046672776341 36.732138682156801 688.22518696263433 19.282636951655149 48.202833220362663 76.042499773204327 208.09700957685709 53.956065930426121 19.005355659872293 97.129094254225492 24.230491893365979 1.6112867072224606 1.0134759228676546 16.51462622359395 30.841628767549992
leaf_count=283 820 41490 496 397 1063 5402 651 424 658 606 35 40 134 400
internal_value=0.000144083 -0.00673608 -0.0162375 0.0283738 0.0115004 0.00622204 0.0153795 0.019799 0.0353155 0.0294352 0.000151592 -0.017218 0.0236729 0.0200837
internal_weight=1339.42 1077.56 708.521 261.862 369.038 226.634 92.2995 142.404 169.562 121.36 38.3434 689.239 123.399 106.884
internal_count=52899 49732 42026 3167 7706 5685 1506 2021 1661 1264 855 41530 1597 1463
is_linear=0
shrinkage=0.02


Tree=31
num_leaves=15
num_cat=0
split_feature=1 0 0 11 30 12 31 2 31 24 0 4 0 1
split_gain=610.426 417.035 103.667 67.6706 59.0993 52.2082 44.4366 38.8026 35.7862 25.9052 24.7839 24.6165 23.5704 22.6231
threshold=inf 0.019498793889037795 0.075917984454569834 0.96530920267105114 0.32277527451515203 0.43740573525428778 0.4102564156055451 1.5000000000000002 0.50226245820522319 2.5000000000000004 0.075917984454569834 1.0000000180025095e-35 0.21719457209110263 0.32579185068607336
decision_type=8 10 8 2 8 2 8 2 10 2 10 2 10 8
left_child=2 4 6 8 -2 11 -1 10 12 -6 13 -4 -3 -7
right_child=1 3 5 -5 9 7 -8 -9 -10 -11 -12 -13 -14 -15
leaf_value=0.04384586241743535 0.036154926315228465 0.01870364776843304 0.008640998539657439 0.078086474627974273 -0.017427724032392226 0.0076458739110875249 0.0032061006037150349 0.044504709721956068 0.0086220489447635246 0.044830690439060676 0.024215392940525344 0.039115450784453207 0.046575693062015339 0.053476533095363363
leaf_weight=10.447368826717137 7.5017710365355006 30.752837343141437 12.680659100413321 7.4617660734802476 691.49163600802422 113.38225050084293 184.21121959201992 19.687618277966976 63.497973319143057 1.7605458423495282 76.245143514126539 93.755784302949905 22.034055314958096 3.5225763618946067
leaf_count=92 75 332 171 83 42134 2477 4604 94 1515 70 593 744 135 54
internal_value=5.53498e-05 -0.0106043 0.0171439 0.0231155 -0.0165833 0.0241426 0.00560019 0.0182738 0.0189524 -0.0172053 0.0153846 0.035599 0.0309875 0.00946869
internal_weight=1338.43 824.501 513.933 123.747 700.754 319.274 194.659 212.838 116.285 693.252 193.15 106.436 52.7869 116.905
internal_count=53173 44344 8829 2065 42279 4133 4696 3218 1982 42204 3124 915 467 2531
is_linear=0
shrinkage=0.02


Tree=32
num_leaves=15
num_cat=0
split_feature=0 15 30 0 0 21 31 31 6 30 21 30 11 10
split_gain=540.742 381.826 128.911 42.349 39.152 36.4527 38.4227 33.3899 28.3898 22.9191 21.1077 23.8518 17.1601 15.7569
threshold=0.024132743477821354 1.0000000180025095e-35 0.56259429454803478 0.29725380437570942 -0.13724175940662883 1.0000000180025095e-35 0.5429864525794984 0.94117647409439098 9.0500000000000025 0.57918554544448864 1.0000000180025095e-35 0.56259429454803478 0.59577679634094249 2.5500000000000003
decision_type=10 2 8 10 8 2 8 8 2 10 2 8 2 2
left_child=1 2 8 7 -3 -4 -7 12 -1 10 -6 -12 -2 -9
right_child=3 4 5 -5 9 6 -8 13 -10 -11 11 -13 -14 -15
leaf_value=-0.0031907718681488118 0.023524380305530276 -0.00049018281776618856 -0.017443996133131971 0.037837161061419662 0.023044595289200501 0.049825072971298054 -0.0057440896606462798 0.061738650788519672 0.034995370419390992 0.0080697519631658284 0.055420692216421034 -0.014607114665316284 -0.00043013972517238217 0.023877320977813921
leaf_weight=11.267395894974468 16.173199975863099 82.540178872644901 669.38286590948701 77.491921953856945 128.63723050430417 5.0590587630867949 27.052793325856328 4.0404724143445483 23.131194831803441 101.37717761658132 1.3147732056677313 11.304077502340078 39.305299740284681 125.73511170223355
leaf_count=352 258 2135 41596 591 1962 56 897 61 443 2068 13 252 1155 1061
internal_value=-0.000251362 -0.00661621 -0.0145856 0.0253799 0.0114087 -0.0164462 0.0042509 0.0199939 0.0227506 0.0154419 0.0206388 -0.00377717 0.006846 0.0255192
internal_weight=1323.81 1061.07 735.893 262.746 325.173 701.495 32.1119 185.254 34.3986 242.633 141.256 12.6189 55.4785 129.776
internal_count=52900 49774 43344 3126 6430 42549 953 2535 795 4295 2227 265 1413 1122
is_linear=0
shrinkage=0.02


Tree=33
num_leaves=15
num_cat=0
split_feature=9 17 28 22 31 15 16 17 15 6 26 8 31 11
split_gain=540.461 99.5513 111.903 75.3158 60.347 40.4989 43.0353 36.2026 31.8625 25.2326 24.0417 22.8569 21.3386 19.0682
threshold=1.9992227500000002 1.0000000180025095e-35 1.0000000180025095e-35 1.0000000180025095e-35 0.63763198256492626 1.0000000180025095e-35 1.0000000180025095e-35 1.0000000180025095e-35 3.5000000000000004 10.050000000000002 1.0000000180025095e-35 2.5000000000000004 0.38159880042076116 0.51131224632263195
decision_type=2 2 2 2 10 2 2 2 2 2 2 2 8 2
left_child=1 2 3 5 7 6 -1 8 10 -4 12 -9 -2 -3
right_child=4 13 9 -5 -6 -7 -8 11 -10 -11 -12 -13 -14 -15
leaf_value=-0.016463108980011507 0.036911760194797673 -0.012658748566396706 0.0031704895048354871 0.013718174083181899 -0.0068655812472920861 0.0036041718119082496 0.026554057401638072 0.017062369966322641 0.045866894993268757 0.031070897532805213 0.030515492961283398 0.032889906052145056 0.0097527793114522646 0.027209207769215159
leaf_weight=651.13104099221528 11.331804594025014 4.9927475191652766 26.195978047326207 38.890558660030365 39.259141847491264 45.338875729590654 8.5769506543874723 65.981800511479378 11.625184141099451 25.17438287474215 27.918623331934214 94.002144746482372 242.87969462759793 32.726457007229328
leaf_count=41429 113 65 489 799 1304 1199 220 522 115 393 163 670 5270 323
internal_value=0.000195966 -0.00962351 -0.0111365 -0.0131119 0.016774 -0.0146092 -0.0158645 0.0188299 0.0145722 0.0171755 0.0131253 0.0265087 0.0111033 0.0217414
internal_weight=1326.03 833.027 795.308 743.937 492.998 705.047 659.708 453.739 293.755 51.3704 282.13 159.984 254.211 37.7192
internal_count=53074 44917 44529 43647 8157 42848 41649 6853 5661 882 5546 1192 5383 388
is_linear=0
shrinkage=0.02


Tree=34
num_leaves=15
num_cat=0
split_feature=1 0 0 2 30 11 31 15 11 31 11 25 30 30
split_gain=546.73 316.32 96.6455 75.444 72.8211 64.8463 41.0888 48.1525 34.7969 32.9206 29.7011 27.4771 26.0792 22.5611
threshold=inf 0.015082962810993196 0.092103255071450882 1.5000000000000002 0.674208164215088 0.94117647409439098 0.5429864525794984 2.5000000000000004 0.85067874193191539 0.7119155526161195 0.88499245047569286 2.5000000000000004 0.32277527451515203 0.56259429454803478
decision_type=8 10 10 2 8 2 8 2 2 10 2 2 10 10
left_child=2 4 3 6 12 9 8 13 -1 -3 -4 -6 -2 -8
right_child=1 5 10 -5 11 -7 7 -9 -10 -11 -12 -13 -14 -15
leaf_value=0.059768459887431638 0.040722057816959367 0.02114570290659153 0.039101076987641731 0.041946008400999213 -0.017984848682152301 0.060105695358561778 0.0091664209325228747 0.025679260824386263 0.011803479648643209 -0.0011395137605776453 0.018422794875399499 0.055173836727192713 0.0016053323264328579 -0.0015347974362872607
leaf_weight=10.111814118921759 7.7909253090620032 73.709772389382124 74.018175773322582 28.143646262586117 623.40395581442863 12.342642962932585 159.09041791968048 45.756248723715544 14.681798296049235 40.950755266472697 49.060374870896339 1.1195687204599369 30.770945781841874 154.71961823292077
leaf_count=105 71 935 390 132 40273 151 3192 601 199 1032 365 43 1561 3875
internal_value=-1.02207e-05 -0.0105803 0.0155733 0.0108846 -0.0161182 0.0182336 0.00850727 0.00673697 0.0329243 0.0132455 0.0310734 -0.0177657 0.0103379 0.00390222
internal_weight=1325.67 790.089 535.582 412.504 663.085 127.003 384.36 359.566 24.7936 114.661 123.079 624.524 38.5619 313.81
internal_count=52925 44066 8859 8104 41948 2118 7972 7668 304 1967 755 40316 1632 7067
is_linear=0
shrinkage=0.02


Tree=35
num_leaves=15
num_cat=0
split_feature=1 0 0 30 11 30 11 4 0 19 30 30 11 6
split_gain=525.297 300.469 84.2922 63.3491 50.3161 38.633 32.2332 27.749 28.4335 23.0786 22.2752 21.5683 17.9719 26.8088
threshold=inf 0.015082962810993196 0.092103255071450882 0.6591252088546754 0.94117647409439098 0.56259429454803478 0.88499245047569286 1.0000000180025095e-35 -0.35822017490863794 9.3750000000000018 0.53657618165016185 0.18702866137027743 0.5505279302597047 9.5500000000000025
decision_type=8 10 10 8 2 10 2 2 8 2 10 10 2 2
left_child=2 3 5 11 10 7 -4 -1 -9 -7 -3 -2 -10 -14
right_child=1 4 6 -5 -6 9 -8 8 12 -11 -12 -13 13 -15
leaf_value=-0.0051691441161294104 0.053777750206464914 0.016818820342971701 0.038346571196734305 -0.017665068494939366 0.054614096929418217 0.00072366246125857422 0.017131684788270027 -0.00043885260616358053 0.039638239234899293 0.018582896946184455 -0.0059824621009858196 0.0039236430794928464 0.044851833079322709 0.016199306458366574
leaf_weight=21.137631805613637 2.8968287110328665 96.980405949056149 70.878201704472303 617.15158695075661 12.00264793820679 155.48622263595462 52.202263999730349 26.75601115077734 19.681197188794613 34.588128469884396 20.236865231767297 33.779942719265819 13.969895128160713 136.99267599731684
leaf_count=376 20 1362 370 40515 148 3807 379 523 179 553 615 1471 207 2423
internal_value=-0.000228315 -0.0106405 0.0150974 -0.0161472 0.0171325 0.0106797 0.0295593 0.016398 0.0187218 0.00405378 0.012865 0.00918409 0.0217111 0.0191285
internal_weight=1314.74 783.048 531.692 653.828 129.22 408.612 123.08 218.537 197.4 190.074 117.217 36.6768 170.644 150.963
internal_count=52948 44131 8817 42006 2125 8068 749 3708 3332 4360 1977 1491 2809 2630
is_linear=0
shrinkage=0.02


Tree=36
num_leaves=15
num_cat=0
split_feature=9 0 0 30 2 12 12 16 11 16 2 18 30 12
split_gain=500.774 232.579 108.68 65.765 39.3102 33.6511 32.0638 33.5297 30.1657 24.2469 26.5532 23.7767 23.1247 22.7785
threshold=1.4912332500000003 0.015082962810993196 0.024132743477821354 0.46003016829490667 1.0000000180025095e-35 0.27300152182579046 0.58521872758865368 1.0000000180025095e-35 0.94117647409439098 1.0000000180025095e-35 1.0000000180025095e-35 1.5000000000000002 0.82956260442733776 0.55505281686782848
decision_type=2 10 8 8 2 2 2 2 2 2 2 2 8 2
left_child=1 3 5 -1 6 -2 12 -8 -3 10 -5 -6 -4 -11
right_child=2 8 4 9 11 -7 7 -9 -10 13 -12 -13 -14 -15
leaf_value=0.023144950926897945 0.024306624030242557 0.011852431520489115 0.037613270316170323 -0.016223409478367347 0.041101787230717501 -0.00041283148162271524 0.018303286805452467 -0.0038187082989065198 0.044030061185874873 0.045626859025958887 0.038849269281294591 0.0016769722789126192 0.019581283752337912 -0.0077649863385144688
leaf_weight=17.311847932636738 24.595193691551685 110.10969133116305 43.517882855609059 654.08567398693413 54.598670782521367 157.84578432515264 86.413218565285206 39.482558960095048 12.304105807095764 3.9802142456173888 2.6053558941930524 6.9734972044825545 95.146094040945172 8.2796066589653474
leaf_count=287 263 1945 311 42157 309 4348 1114 836 156 49 47 81 937 250
internal_value=-0.000112526 -0.00988784 0.01542 -0.0144176 0.0223184 0.00303398 0.0188375 0.0113901 0.0154172 -0.0154227 -0.0159462 0.0367348 0.0254692 0.0117027
internal_weight=1317.25 808.676 508.573 686.263 326.132 182.441 264.56 125.896 122.414 668.951 656.691 61.5722 138.664 12.2598
internal_count=53090 44891 8199 42790 3588 4611 3198 1950 2101 42503 42204 390 1248 299
is_linear=0
shrinkage=0.02


Tree=37
num_leaves=15
num_cat=0
split_feature=0 5 30 0 2 3 10 0 2 30 30 7 10 27
split_gain=443.718 242.411 99.9073 54.9358 34.4854 31.0468 30.3176 32.1499 25.8821 22.221 21.874 21.7162 20.4359 16.2903
threshold=0.036199107766151435 1.0000000180025095e-35 0.46003016829490667 -0.40357812918788522 2.5000000000000004 1.0000000180025095e-35 10.550000000000002 0.20296167247386762 1.0000000180025095e-35 0.8355957865715028 0.70739066600799572 3.5000000000000004 53.125000000000007 1.5000000000000002
decision_type=10 2 8 10 2 2 2 10 2 8 8 2 2 2
left_child=1 2 13 8 10 12 7 -2 9 -4 -3 -8 -5 -1
right_child=6 4 3 5 -6 -7 11 -9 -10 -11 -12 -13 -14 -15
leaf_value=0.016515227373282301 0.0084211696414819848 0.036268324035851916 -0.0031525118774078775 0.00016436036473951347 0.046295925857337869 -0.010240535530180641 0.043880088772070031 0.026283370082211089 0.032097293983243944 -0.016466223013388646 0.011045531153706848 0.023902609026991581 0.024086091544940191 0.053318730935578651
leaf_weight=26.849358443170786 80.055003825575113 14.771717961877583 56.186830354854465 116.56915001012385 13.786276817321776 146.49008220341057 38.176425630226731 83.095397617667913 3.7744062151759854 510.69438428990543 128.06023813039064 62.826613357290626 15.281778169795869 5.4362242035567752
leaf_count=371 1300 162 2869 3149 62 8466 313 762 60 32466 1900 491 391 54
internal_value=5.46279e-05 -0.00583924 -0.00991575 -0.0112372 0.0170164 -0.00393386 0.0231473 0.0176234 -0.0147864 -0.0151545 0.0138881 0.0318097 0.00309737 0.0241279
internal_weight=1302.05 1037.9 881.282 848.997 156.618 278.341 264.153 163.15 570.656 566.881 142.832 101.003 131.851 32.2856
internal_count=52816 49950 47826 47401 2124 12006 2866 2062 35395 35335 2062 804 3540 425
is_linear=0
shrinkage=0.02


Tree=38
num_leaves=15
num_cat=0
split_feature=1 13 31 12 2 28 4 28 16 15 9 13 25 31
split_gain=510.022 91.1455 86.1734 62.8005 69.8249 58.9693 36.8478 30.5163 28.6173 23.3878 22.2702 20.6195 19.8862 18.7898
threshold=inf 1.0000000180025095e-35 0.93363499641418468 0.2443438917398453 1.0000000180025095e-35 1.0000000180025095e-35 1.0000000180025095e-35 1.0000000180025095e-35 1.0000000180025095e-35 2.5000000000000004 55.550933500000006 5.5000000000000009 2.5000000000000004 0.8355957865715028
decision_type=8 2 8 2 2 2 2 2 2 2 2 2 2 10
left_child=3 7 5 6 9 -3 -1 12 -6 13 -11 -12 -2 -5
right_child=1 2 -4 4 8 -7 -8 -9 -10 10 11 -13 -14 -15
leaf_value=-0.0049480464243361081 -0.01917974119269901 -0.011371268228036838 0.014052153464614905 0.0094154342339609256 0.037809822398440378 0.013731175781826857 0.037819953266059789 0.020414414817494602 -0.0026967966660040683 0.0071504069121978986 0.04722392931204792 -0.0065722808436794759 0.041737296987305196 -0.0065680866743647202
leaf_weight=8.9611368365585786 322.87770542502403 307.84261781722307 84.528055624105036 344.68789481371641 52.296514999121428 41.738406086340547 63.533895239233971 7.347409786656498 7.8799757100641719 16.777528330683708 16.456088081002239 3.1360667049884787 1.2542510256171215 31.459873760119081
leaf_count=141 22857 18678 1744 6364 320 699 371 116 111 241 210 57 46 977
internal_value=0.000516718 -0.0100062 -0.00396046 0.0152849 0.0125758 -0.00834353 0.032538 -0.017888 0.0325482 0.0095906 0.0247334 0.0387119 -0.0188164 0.00806475
internal_weight=1310.78 765.588 434.109 545.189 472.694 349.581 72.495 331.479 60.1765 412.517 36.3697 19.5922 324.132 376.148
internal_count=52932 44140 21121 8792 8280 19377 512 23019 431 7849 508 267 22903 7341
is_linear=0
shrinkage=0.02


Tree=39
num_leaves=15
num_cat=0
split_feature=4 0 0 5 26 30 30 30 23 11 11 21 30 13
split_gain=438.917 164.134 118.023 88.6559 49.8848 34.2496 34.1129 31.9803 26.8777 25.3699 24.2647 21.9274 25.9806 20.6067
threshold=1.0000000180025095e-35 0.036199107766151435 -0.076856068466023428 1.0000000180025095e-35 1.0000000180025095e-35 0.31372550129890447 0.6591252088546754 0.12368024513125421 1.0000000180025095e-35 0.82956260442733776 0.93363499641418468 1.0000000180025095e-35 0.77526396512985241 1.0000000180025095e-35
decision_type=2 10 10 2 2 8 8 8 2 2 2 2 8 2
left_child=2 3 4 5 6 -2 -1 -4 13 -3 -9 -5 -13 -7
right_child=1 9 7 11 -6 8 -8 10 -10 -11 -12 12 -14 -15
leaf_value=0.0048098626849133177 0.032329930305719679 0.035327363753146677 0.046499903282976617 0.020936409941006255 0.050012350343901925 -0.017694595683659262 -0.017559282227869163 0.00063825005629185663 0.015862234655696566 0.020106764364989697 0.032487082716198518 0.045878376278625378 -0.012019169254598288 -0.0019301822039344469
leaf_weight=28.431614092551172 10.945031635463236 84.091379459947348 6.537358544766902 125.28579400852323 3.627212591469287 37.44737620651722 501.44685455039144 96.465839087963104 28.901465497910976 103.74743679352105 9.6276419851928932 2.7678048647940185 16.527968361973763 244.11230176873505
leaf_count=1218 68 613 32 1447 23 2607 34753 2464 314 890 219 37 370 7826
internal_value=-0.000204664 0.0113395 -0.0118857 0.0049535 -0.0158083 -0.000908593 -0.0163522 0.00667033 -0.00218043 0.0270717 0.00380479 0.0179017 -0.00186299 -0.00408205
internal_weight=1299.96 653.827 646.137 465.988 533.506 321.406 529.878 112.631 310.461 187.839 106.093 144.582 19.2958 281.56
internal_count=52881 14172 38709 12669 35994 10815 35971 2715 10747 1503 2683 1854 407 10433
is_linear=0
shrinkage=0.02


Tree=40
num_leaves=15
num_cat=0
split_feature=4 0 0 5 30 30 15 25 21 30 30 0 21 0
split_gain=401.928 141.327 107.903 66.925 58.5918 44.4967 38.8258 36.9103 27.182 24.4846 21.448 24.075 18.8963 21.016
threshold=1.0000000180025095e-35 0.075917984454569834 0.061377646743500408 1.0000000180025095e-35 0.65309202671051036 0.45399698615074163 1.0000000180025095e-35 1.5000000000000002 1.0000000180025095e-35 0.70739066600799572 0.45399698615074163 -0.35822017490863794 1.0000000180025095e-35 -0.41930620372295374
decision_type=2 10 10 2 8 8 2 2 2 8 10 8 2 10
left_child=2 3 4 5 -1 -2 12 -6 -5 -10 11 -8 -7 -14
right_child=1 -3 -4 8 7 6 10 -9 9 -11 -12 -13 13 -15
leaf_value=0.0095123276928997559 0.028849451055503607 0.026006389402351827 0.0099745473753082431 0.019804664690028857 -0.016961091086428879 -0.014979296267672776 -0.010102333810677296 0.029944118254342521 0.046802538714065874 -0.013707631895336685 -0.0015690415759217816 0.017336029516182058 0.0244328206578837 -0.0075008413308588545
leaf_weight=36.835718743503094 19.374172504991293 175.25041856803 80.709618015214801 125.28653501346707 518.13948459923267 90.812948353588581 15.224842725321649 5.923425067216157 2.1342925392091301 17.581550739705563 111.01197478733957 63.902103021740913 10.563058178871868 27.748307712376118
leaf_count=1467 181 1205 1222 1433 36068 5419 367 109 25 384 2675 1352 203 919
internal_value=-0.000293042 0.0106708 -0.0115513 0.00507161 -0.0146609 0.000190958 -0.0016328 -0.0163749 0.0163905 -0.00521418 0.0041095 0.0119964 -0.0100551 0.00170133
internal_weight=1300.5 658.89 641.608 483.64 560.899 338.637 319.263 524.063 145.002 19.7158 190.139 79.1269 129.124 38.3114
internal_count=53029 14163 38866 12958 37644 11116 10935 36177 1842 409 4394 1719 6541 1122
is_linear=0
shrinkage=0.02


Tree=41
num_leaves=15
num_cat=0
split_feature=9 0 0 31 31 0 23 2 2 0 15 19 19 8
split_gain=404.23 216.731 76.7765 41.8084 35.9371 31.1804 29.7403 28.2441 22.7738 18.9656 19.2745 21.6515 18.0051 16.2116
threshold=1.4912332500000003 0.061377646743500408 -0.033007761215403199 0.85671192407608043 0.39366516470909124 0.21719457209110263 1.0000000180025095e-35 1.0000000180025095e-35 1.0000000180025095e-35 0.024132743477821354 3.5000000000000004 30.125000000000004 2.5500000000000003 2.5000000000000004
decision_type=2 10 8 10 8 10 2 2 2 10 2 2 2 2
left_child=1 8 4 6 -2 -3 7 9 -1 10 -4 -12 -9 -11
right_child=2 5 3 -5 -6 -7 -8 12 -10 13 11 -13 -14 -15
leaf_value=-0.013768286092714407 0.032364236878895974 0.0050603865781701299 0.0069158813819781744 -0.010638705060895719 -0.0024812758336025444 0.026140969945393968 0.031896959408141169 0.03940221213830461 0.029866916304625214 0.010474086950909185 -0.0058325877451712842 0.059679105071750983 0.014637885101106148 0.026047087987744511
leaf_weight=655.25419432204217 12.055637961253522 52.966856550425291 130.49321945011616 18.654402810148895 126.08232642710209 60.143367681652308 65.089864689856768 32.217859443277121 3.9159609749913207 46.414298634976149 2.8191493749618521 4.8879651054739952 20.891160454601049 69.617982106283307
leaf_count=43235 106 993 2509 564 3513 608 335 171 55 325 34 58 182 440
internal_value=0.000147994 -0.00907463 0.013598 0.0181154 0.000770526 0.0164003 0.0195802 0.0168768 -0.0134642 0.0140049 0.00889728 0.0377982 0.0301114 0.0199604
internal_weight=1301.5 772.28 529.224 391.086 138.138 113.11 372.431 307.342 659.17 254.233 138.2 7.70711 53.109 116.032
internal_count=53128 44891 8237 4618 3619 1601 4054 3719 43290 3366 2601 92 353 765
is_linear=0
shrinkage=0.02


Tree=42
num_leaves=15
num_cat=0
split_feature=1 0 0 11 28 25 11 16 0 1 9 1 0 1
split_gain=433.944 252.467 57.1389 48.4203 39.3876 32.0805 25.4618 50.9565 30.863 24.529 23.2231 26.8049 22.0437 19.8034
threshold=inf 0.015082962810993196 0.024132743477821354 0.96530920267105114 1.0000000180025095e-35 2.5000000000000004 0.84012067317962658 1.0000000180025095e-35 0.075917984454569834 -0.38675167237232971 39.875000000000007 0.042232289910316474 0.21719457209110263 0.33900782566580501
decision_type=8 10 8 2 2 2 2 2 10 10 2 10 10 10
left_child=2 4 -1 12 5 -2 8 13 10 -9 11 -4 -3 -8
right_child=1 3 6 -5 -6 -7 7 9 -10 -11 -12 -13 -14 -15
leaf_value=0.0043790049455175659 -0.016755161506125153 0.0032818118301983857 0.00081949933145071617 0.057350673229924487 0.011720698192171072 0.05982582074677234 0.017626831669569402 0.022855629798944562 0.034882645123811472 -0.0080853239502412765 0.030973567703022835 0.028856268671067723 0.019644846141179204 0.04879354169660749
leaf_weight=182.93872001767159 570.80303429532796 71.262723794206977 44.479301501065493 8.7402697037905437 19.837630104273558 1.2430773135274638 149.87092950381339 11.842285156249998 64.116436570882797 49.837918166071177 29.378475803881884 18.712276626378298 61.015397783368826 8.0574135296046716
leaf_count=4353 41448 1477 709 81 472 42 1757 127 311 1019 295 222 607 64
internal_value=0.000324438 -0.00979447 0.0135795 0.0141816 -0.0155211 -0.0164846 0.018029 0.0135253 0.0242155 -0.00187495 0.0165333 0.00944194 0.0109203 0.019514
internal_weight=1292.14 732.902 559.234 141.018 591.884 572.046 376.295 219.609 156.686 61.6802 92.5701 63.1916 132.278 157.928
internal_count=52984 44127 8857 2165 41962 41490 4504 2967 1537 1146 1226 931 2084 1821
is_linear=0
shrinkage=0.02


Tree=43
num_leaves=15
num_cat=0
split_feature=4 30 13 26 23 31 17 31 30 30 13 13 25 13
split_gain=374.294 93.9826 74.2872 60.9904 52.5184 38.1787 31.4171 29.3727 29.1229 27.9359 21.897 18.4027 17.8852 13.9288
threshold=1.0000000180025095e-35 0.674208164215088 1.0000000180025095e-35 1.0000000180025095e-35 1.0000000180025095e-35 0.24886878579854968 1.0000000180025095e-35 0.97285065054893505 0.15535445511341098 0.33634993433952337 2.5000000000000004 1.5000000000000002 1.0000000180025095e-35 1.0000000180025095e-35
decision_type=2 8 2 2 2 10 2 10 10 10 2 2 2 2
left_child=1 8 -2 6 5 9 7 13 -1 10 12 -6 -4 -3
right_child=2 3 4 -5 11 -7 -8 -9 -10 -11 -12 -13 -14 -15
leaf_value=0.043715033439294268 -0.017158365410709423 -0.019579683072411615 0.016991441136789711 0.058338843254972947 -0.007524162440743179 -0.0010306658326939085 0.0071157856606589255 0.03872816278145437 0.0047726410004590679 0.0065511075482718199 0.0057971312463980153 0.028348669889139939 0.033416872469636968 -0.012839400510909434
leaf_weight=7.6763998121023169 36.433206835761666 261.38626284431666 142.28867190796882 3.6293587870895854 5.7340520732104769 109.5875638416037 24.285630377009511 2.9927782071754327 70.338876732625067 194.32491961494088 55.565267726778984 83.997071839869022 33.85992357134819 250.75664747226983
leaf_count=39 2618 20180 2371 24 83 3911 260 71 2184 3356 856 518 340 16162
internal_value=-0.000183613 -0.0113259 0.0102743 -0.014273 0.0118974 0.009491 -0.0148686 -0.0159168 0.00910917 0.0121935 0.016877 0.0259986 0.0203196 -0.0163109
internal_weight=1282.86 621.066 661.791 543.051 625.357 535.626 539.421 515.136 78.0153 426.039 231.714 89.7311 176.149 512.143
internal_count=52973 38920 14053 36697 11435 10834 36673 36413 2223 6923 3567 601 2711 36342
is_linear=0
shrinkage=0.02


Tree=44
num_leaves=15
num_cat=0
split_feature=4 30 13 26 2 11 13 31 16 1 31 30 9 21
split_gain=365.848 94.2662 72.9658 53.3125 50.6685 49.6164 34.3646 34.0933 26.0606 24.0376 26.1345 34.1113 24.0723 23.3748
threshold=1.0000000180025095e-35 0.674208164215088 1.0000000180025095e-35 1.0000000180025095e-35 1.0000000180025095e-35 0.69079941511154186 1.5000000000000002 0.94570136070251476 1.0000000180025095e-35 -0.26469009340656113 0.97285065054893505 0.2443438917398453 55.550933500000006 1.0000000180025095e-35
decision_type=2 8 2 2 2 2 2 10 2 8 8 10 2 2
left_child=1 -1 -2 7 5 6 -4 -3 -6 12 -11 -12 13 -7
right_child=2 3 4 -5 8 9 -8 -9 -10 10 11 -13 -14 -15
leaf_value=0.0091746041703675441 -0.017080732090963519 -0.015162146652410023 0.004346806073541553 0.051067528400543356 0.033575791052447894 0.0068093237008514523 0.030828850544438589 0.029246196171703879 -0.0050042065794884275 -0.0048331676492936243 0.015268524656301827 5.1053930295080669e-05 0.030168341363981655 0.034615183031049622
leaf_weight=80.075828980654478 35.786448264494538 523.86712279729545 28.029755081050098 4.0387023985385886 55.365116814151406 110.91776463761926 67.142369315028191 6.1181848859414449 7.7232446782290927 90.234972104430199 118.80576867982745 115.95667598769069 28.668577674776316 12.717065066099165
leaf_count=2270 2627 36340 712 25 319 1653 561 172 101 3366 1994 2256 339 182
internal_value=0.000174821 -0.0109718 0.0103721 -0.0140043 0.0119423 0.0100322 0.0231557 -0.0145954 0.0288485 0.00737241 0.00427695 0.00778423 0.0139068 0.00992422
internal_weight=1285.45 614.1 671.348 534.024 635.561 572.473 95.1721 529.985 63.0884 477.301 324.997 234.762 152.303 123.635
internal_count=52917 38807 14110 36537 11483 11063 1273 36512 420 9790 7616 4250 2174 1835
is_linear=0
shrinkage=0.02


Tree=45
num_leaves=15
num_cat=0
split_feature=0 15 28 2 21 12 0 6 11 12 12 6 25 0
split_gain=330.938 259.072 86.5814 47.4355 36.8649 60.0354 26.4383 26.5715 31.9328 23.2639 22.7672 21.9464 20.0019 18.5729
threshold=0.024132743477821354 1.0000000180025095e-35 1.0000000180025095e-35 1.5000000000000002 1.0000000180025095e-35 0.56259429454803478 0.29725380437570942 10.775000000000002 0.96870285272598278 0.14932127296924594 0.67873305082321178 8.4500000000000011 1.5000000000000002 -0.3709934144549189
decision_type=10 2 2 2 2 2 10 2 2 2 2 2 2 8
left_child=1 2 4 9 12 -6 7 8 -2 -3 -9 -10 -1 -11
right_child=6 3 -4 -5 5 -7 -8 10 11 13 -12 -13 -14 -15
leaf_value=-0.016690873963490699 0.0007846290361515439 0.025122562299192498 0.017356672087692069 0.03247123772375711 0.049290613036109376 -0.010232063914116836 0.027677321801771446 0.025174345004666209 0.089622155842700363 -0.0095430932212226659 0.0078390056295214849 0.003239678130590356 0.038745352109741428 0.0059820308522386687
leaf_weight=556.04090564697981 67.413067124783993 22.028313059359789 33.726049454882741 27.923106893897057 8.0596021786332113 26.015877559781075 86.692307118326426 92.67360638640821 1.849023919552564 33.821604512631893 46.589269695803523 2.1367198601365089 1.7044103126972903 273.14899644069374
leaf_count=41850 1162 173 612 123 93 906 576 715 18 849 632 31 65 5210
internal_value=-9.13571e-05 -0.00568854 -0.0134385 0.00789379 -0.0152198 0.00485026 0.018359 0.0144117 0.00440859 0.00571575 0.0194722 0.0532514 -0.0164524 0.00424606
internal_weight=1279.82 982.469 625.547 356.922 591.821 34.0755 297.354 210.662 71.3988 328.999 139.263 3.98574 557.745 306.971
internal_count=53015 49881 43526 6355 42914 999 3134 2558 1211 6232 1347 49 41915 6059
is_linear=0
shrinkage=0.02


Tree=46
num_leaves=15
num_cat=0
split_feature=1 0 0 11 11 2 23 12 29 11 9 4 11 12
split_gain=331.336 264.801 57.5886 39.9938 35.4976 33.3975 35.5951 22.0603 19.4058 39.4952 19.9091 18.3995 17.5156 17.0328
threshold=inf 0.015082962810993196 0.075917984454569834 0.96870285272598278 0.5429864525794984 1.5000000000000002 1.0000000180025095e-35 0.11613876372575761 1.0000000180025095e-35 0.63763198256492626 0.11660500000000001 1.0000000180025095e-35 0.91440421342849743 0.47360482811927801
decision_type=8 10 8 2 2 2 2 2 2 2 2 2 2 2
left_child=2 8 4 -3 -1 6 11 -6 -2 10 -10 -4 -8 -13
right_child=1 3 5 -5 7 -7 12 -9 9 -11 -12 13 -14 -15
leaf_value=0.032729961305248211 -0.018074811439497393 0.011964166719342414 -0.010509292388174272 0.053421205399883112 0.036150014004783293 0.036843006092990051 0.032864042354072226 -0.00050908222452442542 0.023958078424254747 -0.014008096675321513 -0.0085614271171732814 0.02194200781931252 0.0055878370388230767 0.0094360762073159733
leaf_weight=13.932229980826376 370.37795065157115 134.61770849861205 14.248422082513569 9.1429820489138347 5.798221342265605 28.156039163470268 50.696235883980989 191.6549822203815 17.498774034902457 161.19803857337683 12.011746049858628 56.432592744007707 12.079921349883078 197.12329812906682
leaf_count=139 28574 2056 219 78 40 122 261 4506 644 12303 505 549 87 2869
internal_value=-2.85183e-05 -0.00919246 0.0112972 0.0149516 0.00299649 0.0161665 0.0142996 0.000744148 -0.0153942 -0.010121 0.0108748 0.0110469 0.0277852 0.0122947
internal_weight=1274.97 704.847 570.122 143.761 211.385 358.737 330.58 197.453 561.087 190.709 29.5105 267.804 62.7762 253.556
internal_count=52952 44160 8792 2134 4685 4107 3985 4546 42026 13452 1149 3637 348 3418
is_linear=0
shrinkage=0.02


Tree=47
num_leaves=15
num_cat=0
split_feature=4 0 0 1 2 26 31 10 24 13 0 31 21 1
split_gain=350.652 120.636 113.989 92.0089 43.2564 36.9359 28.3907 28.2743 24.6559 26.705 18.7909 24.7702 17.8475 20.4358
threshold=1.0000000180025095e-35 -0.045917600305429955 0.036199107766151435 inf 1.5000000000000002 1.0000000180025095e-35 0.5429864525794984 51.550000000000004 1.0000000180025095e-35 5.5000000000000009 0.21719457209110263 0.27752640843391424 1.0000000180025095e-35 0.46040722727775579
decision_type=2 10 10 8 2 2 8 2 2 2 10 8 2 8
left_child=1 5 3 4 6 -1 12 -8 -9 -10 11 -3 -2 -14
right_child=2 10 -4 -5 -6 -7 7 8 9 -11 -12 -13 13 -15
leaf_value=-0.015656802692741886 0.0028608851929195567 0.046534077450148391 0.022666955821602577 -0.015219126609065561 0.032912610826046185 0.045598565654936439 0.001235104483713279 0.0042624325132008282 0.027956103499332363 -0.015480069112110275 0.018071260228951239 -0.0019948762414866584 0.055808389604980059 0.012680932250761412
leaf_weight=478.0579522754997 9.2885635383427161 3.505920239724218 203.82460664026439 76.107760412618518 26.454427793622017 3.0324175916612139 232.03277527727187 57.70615328848362 47.913499373942614 5.7602764070034018 43.452713202685118 62.593894054181874 9.6003761664032918 8.7960484549403208
leaf_count=36253 147 29 1532 5140 113 20 5071 1179 626 102 450 1855 76 83
internal_value=0.000384834 -0.0108689 0.0101976 0.00479536 0.00865552 -0.0151769 0.0068425 0.0052287 0.0134634 0.0230967 0.0080155 0.00123423 0.0259804 0.0369044
internal_weight=1268.13 590.643 677.484 473.66 397.552 481.09 371.098 343.413 111.38 53.6738 109.553 66.0998 27.685 18.3964
internal_count=52676 38607 14069 12537 7397 36273 7284 6978 1907 728 2334 1884 306 159
is_linear=0
shrinkage=0.02


Tree=48
num_leaves=15
num_cat=0
split_feature=4 30 12 2 17 1 26 31 30 17 18 31 9 11
split_gain=319.008 80.2169 60.2643 49.3002 45.2843 48.7379 40.5476 36.648 28.788 26.9526 25.4425 23.6907 34.7293 22.9126
threshold=1.0000000180025095e-35 0.674208164215088 0.15535445511341098 1.0000000180025095e-35 1.0000000180025095e-35 0.66804621523808816 1.0000000180025095e-35 0.94117647409439098 0.24132730066776278 1.0000000180025095e-35 1.0000000180025095e-35 0.63763198256492626 5.712202500000001 0.82352942228317272
decision_type=2 8 2 2 2 8 2 10 10 2 2 8 2 2
left_child=1 8 -2 4 5 11 7 9 -1 -3 -5 12 -4 -11
right_child=2 6 3 10 -6 -7 -8 -9 -10 13 -12 -13 -14 -15
leaf_value=0.03143778990410144 0.031033103156336991 -0.016049464311086298 0.012883652927410021 0.033606558664740702 0.014308564520707445 -0.011288408462576503 0.049575723451565142 0.028480107132900882 0.0016401970610699294 -0.0069482832764283988 0.007870198682460838 0.0038863303477092684 0.074444456711636284 0.033464373833425237
leaf_weight=15.269027501344679 46.12374088447541 471.79794466029853 23.944658895954493 40.132754925638437 168.79013084061444 85.93661302048713 3.052530286833643 6.9988708356395355 64.556991378776729 18.384955909103159 25.749030362814665 289.68467714264989 3.4843286685645571 6.927063984796404
leaf_count=81 544 36065 419 240 1187 5060 18 186 2133 209 200 6397 39 55
internal_value=-9.56378e-05 -0.0109014 0.00918197 0.00755545 0.00564378 0.00198869 -0.0138319 -0.0143133 0.00765828 -0.0149717 0.0238159 0.00561091 0.0230473 0.00496283
internal_weight=1270.83 586.987 683.846 637.722 571.84 403.05 507.161 504.109 79.826 497.11 65.8818 317.114 27.429 25.312
internal_count=52833 38747 14086 13542 13102 11915 36533 36515 2214 36329 440 6855 458 264
is_linear=0
shrinkage=0.02


Tree=49
num_leaves=15
num_cat=0
split_feature=4 0 0 15 23 0 25 31 0 23 15 31 13 29
split_gain=312.462 107.267 90.1542 45.0552 38.5663 36.1933 30.9562 30.8146 28.1068 15.9358 15.6592 15.2591 28.2246 14.5834
threshold=1.0000000180025095e-35 -0.076856068466023428 0.092103255071450882 1.0000000180025095e-35 1.0000000180025095e-35 -0.11303939962476546 1.5000000000000002 0.27752640843391424 0.21719457209110263 1.0000000180025095e-35 3.5000000000000004 0.56259429454803478 1.5000000000000002 1.0000000180025095e-35
decision_type=2 10 10 2 2 8 2 8 10 2 2 8 2 2
left_child=1 6 3 4 11 -5 13 -3 -9 -4 -7 12 -2 -1
right_child=2 7 9 5 -6 10 -8 8 -10 -11 -12 -13 -14 -15
leaf_value=-0.018332149530883288 -0.0086258387181242322 0.056620866649088615 0.018372114168591185 -0.0025155613662621239 0.047614916169208044 0.010869280100506078 0.030208878296699777 -0.0036523572753756257 0.016602899123425566 0.034130981665527055 0.031696955426607429 -0.011678209999158895 0.023972985561446909 -0.010811212561490749
leaf_weight=288.1733917677775 30.230186208151281 3.6925737475976339 144.43567169085145 89.379919826984406 4.4131160676479331 267.52127258479595 5.0948870647698632 69.716501618735492 43.855867929756641 32.933408826589584 14.633418183773754 88.185669983737171 15.11467953212559 169.87026412691921
leaf_count=23293 1995 36 982 2143 21 4051 96 2258 438 136 119 4437 168 12641
internal_value=0.00010872 -0.0106849 0.00923184 0.00493646 -0.00479945 0.0085544 -0.0150049 0.0063599 0.00424584 0.0214731 0.0120576 -0.00687278 0.00252305 -0.0155726
internal_weight=1267.25 580.403 686.847 509.478 137.944 371.535 463.139 117.265 113.572 177.369 282.155 133.531 45.3449 458.044
internal_count=52814 38762 14052 12934 6621 6313 36030 2732 2696 1118 4170 6600 2163 35934
is_linear=0
shrinkage=0.02


Tree=50
num_leaves=15
num_cat=0
split_feature=13 4 11 30 17 30 30 6 12 26 9 16 12 19
split_gain=279.346 118.281 56.3321 47.0666 41.7597 34.838 29.495 25.8927 21.1697 19.1754 16.4775 16.5019 26.0465 15.8536
threshold=1.0000000180025095e-35 1.0000000180025095e-35 0.69079941511154186 0.74962294101715099 1.0000000180025095e-35 0.6591252088546754 0.24886878579854968 19.550000000000004 0.15535445511341098 1.0000000180025095e-35 6.7750000000000012 1.0000000180025095e-35 0.64404225349426281 2.2750000000000004
decision_type=2 2 2 10 2 8 8 2 2 2 2 2 2 2
left_child=5 3 7 6 8 -1 -2 -3 -4 10 -10 -12 -13 -9
right_child=1 2 4 -5 -6 -7 -8 13 9 -11 11 12 -14 -15
leaf_value=0.017757158059939361 0.027812660807397967 0.012229896502519044 0.026152013626273788 -0.014589307784357772 0.015936765326342403 -0.018964969880459443 -0.00097536111430442443 0.040177465588678567 -0.0017371790342016874 0.019971992384239884 0.01394456086534057 0.017343542969487962 -0.0099463689248239038 0.018088159634726854
leaf_weight=9.9977312777191383 14.30673775821924 52.13505638949573 15.247389659285544 118.37756598927081 160.30319219455123 265.52438634354621 202.75896520260721 36.232007153332233 218.62393520306796 23.332124322652817 67.924966342747211 20.498042332008481 39.056714214384556 24.209319937974215
leaf_count=294 73 767 175 9349 1115 22797 8957 379 6511 126 1002 294 982 192
internal_value=0.000207378 0.0051535 0.0100784 -0.00450196 0.0073913 -0.0175731 0.00104089 0.0229072 0.00379819 0.0028075 0.00159617 0.00728179 -0.000422207 0.0317682
internal_weight=1268.53 993.006 657.563 335.443 544.986 275.522 217.066 112.576 384.683 369.436 346.104 127.48 59.5548 60.4413
internal_count=53013 29922 11543 18379 10205 23091 9030 1338 9090 8915 8789 2278 1276 571
is_linear=0
shrinkage=0.02


Tree=51
num_leaves=15
num_cat=0
split_feature=1 17 22 12 2 17 15 13 11 26 11 10 11 9
split_gain=280.085 97.7337 75.9808 38.9113 32.4981 23.6269 22.8668 21.9406 46.0614 22.6019 22.3696 21.6551 19.0126 17.0337
threshold=inf 1.0000000180025095e-35 1.0000000180025095e-35 0.4102564156055451 1.5000000000000002 1.0000000180025095e-35 1.0000000180025095e-35 1.0000000180025095e-35 0.27752640843391424 1.0000000180025095e-35 0.674208164215088 7.2750000000000012 0.86274510622024547 91.730588750000024
decision_type=8 2 2 2 2 2 2 2 2 2 2 2 2 2
left_child=3 2 7 6 5 -5 -1 9 -9 -2 -10 -7 -3 -8
right_child=1 12 -4 4 -6 11 13 8 10 -11 -12 -13 -14 -15
leaf_value=0.036661528314719589 -0.017961187180558568 0.0075242394436559395 0.0082125145768270156 0.0023229818545850746 0.029157783462579041 -0.0020238877930941089 0.013229465863576017 0.044741383066130076 0.0014765761061975805 0.062893432698194862 -0.013455229498762288 0.017938676760560074 0.031876561911852418 0.040298218612196783
leaf_weight=23.077684393152595 270.1451907819137 36.756542354822159 72.009004458785057 274.94174464419484 23.869473084807396 28.54685228690505 135.4664802569896 5.164687185548245 49.034497565589845 0.4377017468214025 215.53642508108169 87.650338552892208 19.45579893514514 9.3423259221017343
leaf_count=150 23025 354 1077 6388 103 244 1197 82 2670 6 16704 604 119 63
internal_value=0.000154672 -0.00867429 -0.0109956 0.0102784 0.00696288 0.00553752 0.0183844 -0.013566 -0.00946994 -0.0175993 -0.0106927 0.0130589 0.0163627 0.0152402
internal_weight=1251.43 668.54 612.328 582.895 415.008 391.139 167.886 540.319 269.736 270.583 264.571 116.197 56.2123 144.809
internal_count=52786 44037 43564 8749 7339 7236 1410 42487 19456 23031 19374 848 473 1260
is_linear=0
shrinkage=0.02


Tree=52
num_leaves=15
num_cat=0
split_feature=13 1 17 22 11 11 2 28 12 13 11 15 12 11
split_gain=269.408 92.0795 72.8064 46.1058 50.1847 43.0947 40.7231 31.9722 24.1804 21.1224 20.0515 18.6886 16.8401 16.6578
threshold=1.0000000180025095e-35 inf 1.0000000180025095e-35 1.0000000180025095e-35 0.27300152182579046 0.69079941511154186 1.0000000180025095e-35 1.0000000180025095e-35 0.11613876372575761 2.5000000000000004 0.5429864525794984 1.0000000180025095e-35 0.13273002207279208 0.7828054428100587
decision_type=2 8 2 2 2 2 2 2 2 2 2 2 2 2
left_child=7 5 3 4 -3 11 8 -1 -7 -8 -4 -2 -5 -6
right_child=1 2 10 12 13 6 9 -9 -10 -11 -12 -13 -14 -15
leaf_value=-0.018775150574368255 0.044350994856888183 0.046173731827123386 -0.011905156484047366 0.037551176573919182 -0.0036189313062909827 0.030525466075009715 0.030394934067884859 0.022369968545147816 0.004293077989590114 0.0054663609651136669 0.021967571303121065 0.018159170143225878 0.0049932712945960564 -0.014528446214168695
leaf_weight=259.37767354678363 12.196474285796283 5.2898981627076855 7.3927127551287404 6.1278680711984626 82.315071505494416 13.598076961934565 42.010274991393089 6.9739399328827849 407.9144790917635 20.627137497067451 52.701414445415139 92.875632710754871 63.587716091424227 179.67401872668415
leaf_count=23010 80 76 86 29 5173 80 216 113 7359 192 398 899 1007 14178
internal_value=0.000191678 0.00501418 -0.00242674 -0.00605286 -0.00982558 0.0100244 0.00747528 -0.0176182 0.00520958 0.0224006 0.0176739 0.0215889 0.0083456 -0.0111276
internal_weight=1252.66 986.311 397.089 336.995 267.279 589.222 484.15 266.352 421.513 62.6374 60.0941 105.072 69.7156 261.989
internal_count=52896 29773 20947 20463 19427 8826 7847 23123 7439 408 484 979 1036 19351
is_linear=0
shrinkage=0.02


Tree=53
num_leaves=15
num_cat=0
split_feature=4 0 0 1 12 30 26 30 12 10 1 0 30 1
split_gain=271.664 107.38 92.2074 66.6102 37.7935 32.9323 28.9532 28.8289 22.1698 19.2483 19.5526 18.472 17.133 16.6871
threshold=1.0000000180025095e-35 -0.076856068466023428 0.069381598383188262 inf 0.15535445511341098 0.45399698615074163 1.0000000180025095e-35 0.674208164215088 0.53657618165016185 54.100000000000009 -0.087361583678404783 0.036199107766151435 0.6591252088546754 0.075565871381465713
decision_type=2 10 10 8 2 10 2 8 2 2 10 10 8 10
left_child=1 6 3 4 -2 13 7 -1 -4 -7 -11 12 -5 -6
right_child=2 -3 8 11 5 9 -8 -9 -10 10 -12 -13 -14 -15
leaf_value=0.0033461158348420828 0.029154155564489984 0.0064289824903350206 0.027644748428266683 0.033040168822156199 0.0079375751881563712 -0.0039395908364792433 0.036151900613110514 -0.016802173466773405 0.013583729739866466 0.017313074207011617 -0.0087813133971308341 0.026116399520764229 -0.017247698947265133 0.02178156656447669
leaf_weight=30.219296826049685 27.898782134056091 119.5378285124898 89.10700443200767 1.9180151475593437 145.94951275363564 148.29145998880267 3.487291917204856 404.74422430060804 97.033821335062385 38.854987068101764 15.415591549128292 3.6455302182584992 70.435848649591208 45.798693446442485
leaf_count=1379 143 2741 494 55 2413 3374 21 34592 727 617 393 76 5129 628
internal_value=1.49008e-05 -0.0103325 0.0084545 0.00394953 0.00705563 0.00542229 -0.0149066 -0.0153979 0.0204266 -0.000207727 0.00987617 -0.0131737 -0.0154824 0.01134
internal_weight=1242.34 557.989 684.349 498.208 422.209 394.31 438.451 434.964 186.141 202.562 54.2706 75.9994 72.3539 191.748
internal_count=52782 38733 14049 12828 7568 7425 35992 35971 1221 4384 1010 5260 5184 3041
is_linear=0
shrinkage=0.02


Tree=54
num_leaves=15
num_cat=0
split_feature=4 30 12 13 26 17 13 30 11 10 14 31 30 30
split_gain=268.665 73.2311 56.2365 45.2332 37.3823 31.9036 31.0646 23.0307 19.9087 23.0482 19.2605 17.3563 15.9342 14.2234
threshold=1.0000000180025095e-35 0.674208164215088 0.15535445511341098 1.0000000180025095e-35 1.0000000180025095e-35 1.0000000180025095e-35 1.0000000180025095e-35 0.23076923191547397 0.6591252088546754 12.550000000000002 1.0000000180025095e-35 0.93363499641418468 0.75829562544822704 0.88499245047569286
decision_type=2 8 2 2 2 2 2 10 2 2 2 10 10 10
left_child=1 7 -2 -4 6 8 -3 -1 9 -5 12 -8 -10 -7
right_child=2 4 3 5 -6 13 11 -9 10 -11 -12 -13 -14 -15
leaf_value=0.029240058623192195 0.029508786516229232 -0.019304557156128364 -0.017035753178563619 0.0034490211906082085 0.041785606569286413 0.017288862694658843 -0.0098148503300262008 0.0021239624429968294 0.012702475623474114 0.030969085193305188 -0.00085171611575998903 0.021312467223468991 0.00051977022581921458 0.0026259610148366801
leaf_weight=14.456324487924574 46.289223565720022 217.53149121999741 29.259197347797453 25.18300767429173 3.9534753337502471 158.25239291414618 246.01555870007724 67.152455535717309 113.38592520169914 23.087731788866222 199.44405790884048 6.4664749074727288 68.899485144764185 32.211262390017509
leaf_count=72 532 20221 2474 524 23 1025 16321 2178 1573 270 6252 134 1252 238
internal_value=0.000155737 -0.0102057 0.00842932 0.00688448 -0.0132156 0.00803809 -0.0137659 0.00722317 0.00499971 0.0169732 0.00344524 -0.0089367 0.00812567 0.0148357
internal_weight=1251.59 555.576 696.012 649.723 473.967 620.464 470.014 81.6088 430 48.2707 381.729 252.482 182.285 190.464
internal_count=53089 38949 14140 13608 36699 11134 36676 2250 9871 794 9077 16455 2825 1263
is_linear=0
shrinkage=0.02


Tree=55
num_leaves=15
num_cat=0
split_feature=1 17 30 22 2 11 4 16 12 11 30 14 30 1
split_gain=268.678 96.7847 86.9472 52.7793 37.1166 34.2672 30.1753 19.4193 18.6762 17.491 14.7792 14.0203 13.6683 12.7201
threshold=inf 1.0000000180025095e-35 0.674208164215088 1.0000000180025095e-35 1.0000000180025095e-35 0.5429864525794984 1.0000000180025095e-35 1.0000000180025095e-35 0.10859728604555131 0.5429864525794984 0.12368024513125421 1.0000000180025095e-35 0.85671192407608043 -0.17053068882337172
decision_type=8 2 8 2 2 2 2 2 2 2 10 2 10 10
left_child=4 2 10 11 5 6 -1 -6 -7 -3 -2 -4 13 -10
right_child=1 9 3 -5 7 8 -8 -9 12 -11 -12 -13 -14 -15
leaf_value=-0.018091316923099846 0.036401845304187878 -0.011923387460779464 -0.019155231656602816 0.0091839609576255896 0.026890597309533942 0.02764152184937391 0.030089273711858953 -0.0040258329547839099 0.012495188975441749 0.019766685318771411 0.0055715318533342516 -0.012079128949727914 0.00046780331702081382 0.004496549354176824
leaf_weight=5.2513563446700564 5.8532330244779578 7.3422275800257912 243.17691011447459 35.826261043548584 66.688385631889105 15.395274281501768 41.591356329619884 8.961660869419573 143.66516573913395 52.050496287643909 75.461133548989892 223.55395545531064 133.7264528889209 180.70637124404311
leaf_count=109 26 86 22835 602 368 94 255 115 1917 399 2270 17979 2656 3242
internal_value=0.000534232 -0.0084233 -0.0109015 -0.0140033 0.0102003 0.00826594 0.0244227 0.0232234 0.00661945 0.0157165 0.00820605 -0.015799 0.0058543 0.00806669
internal_weight=1239.25 643.264 583.871 502.557 595.986 520.336 46.8427 75.65 473.493 59.3927 81.3144 466.731 458.098 324.372
internal_count=52953 44197 43712 41416 8756 8273 364 483 7909 485 2296 40814 7815 5159
is_linear=0
shrinkage=0.02


Tree=56
num_leaves=15
num_cat=0
split_feature=1 0 0 28 11 12 31 26 12 0 31 0 11 6
split_gain=237.966 195.767 39.1488 34.141 29.7793 25.305 24.701 20.3717 23.3869 19.2352 16.0612 18.6318 18.5112 16.5119
threshold=inf -0.067841768831901253 0.092103255071450882 1.0000000180025095e-35 0.96870285272598278 0.57164406776428234 0.27752640843391424 1.0000000180025095e-35 0.11613876372575761 0.21719457209110263 0.63084465265274059 -0.11303939962476546 0.85067874193191539 24.550000000000004
decision_type=8 10 10 2 2 2 8 2 2 10 8 8 2 2
left_child=2 3 7 -2 6 -4 -3 8 -1 -8 12 -12 13 -10
right_child=1 4 5 -5 -6 -7 9 -9 10 -11 11 -13 -14 -15
leaf_value=0.024867844672118621 -0.016500568652570668 0.050005271593169309 0.026257411872383844 0.012240654424655759 0.041544981094482153 0.0086851716996586992 1.6391729714349343e-07 0.022081255711860828 0.0093193397642898287 0.014238353914273291 -0.0048736914978346809 0.0052343879025735221 0.0044614180713940287 0.054463284440187984
leaf_weight=21.3366480730474 449.01996310986578 4.2674649106338611 72.392181485891342 16.473836824297905 9.9538705023005587 61.84507992118597 92.300152177922428 28.683226700872183 6.4635831974446756 63.457309272140265 97.364122562110424 282.24774760566652 20.38334583863616 6.6847228482365608
leaf_count=153 40314 34 316 379 132 396 2707 151 77 585 2501 4859 336 64
internal_value=-0.000247103 -0.0087599 0.00880771 -0.0154594 0.00956996 0.0182857 0.0073354 0.00602725 0.00491914 0.00585479 0.00383134 0.00263584 0.0168973 0.0344982
internal_weight=1232.87 635.473 597.401 465.494 169.979 134.237 160.025 463.163 434.48 155.757 413.144 379.612 33.5317 13.1483
internal_count=53004 44151 8853 40693 3458 712 3326 8141 7990 3292 7837 7360 477 141
is_linear=0
shrinkage=0.02


Tree=57
num_leaves=15
num_cat=0
split_feature=4 0 0 2 15 30 30 2 23 31 0 9 13 15
split_gain=244.477 85.5362 80.8416 45.2208 44.9111 44.0375 32.0233 27.3026 25.6882 22.3147 18.2427 17.092 17.9147 22.3557
threshold=1.0000000180025095e-35 -0.076856068466023428 0.036199107766151435 1.0000000180025095e-35 1.0000000180025095e-35 0.53657618165016185 0.82956260442733776 1.5000000000000002 1.0000000180025095e-35 0.27752640843391424 0.23529412597417834 54.556731250000013 5.5000000000000009 1.5000000000000002
decision_type=2 10 10 2 2 8 8 2 2 8 10 2 2 2
left_child=1 3 4 6 5 -2 -1 11 -7 -3 -11 -6 13 -13
right_child=2 9 -4 -5 7 8 -8 -9 -10 10 -12 12 -14 -15
leaf_value=-0.0016345261057609606 0.022550908826321946 0.046474007818575795 0.018003551064314418 0.033049193917043765 0.0030603619181216878 -0.013250318765097304 -0.017508264086371947 0.026840414369772535 0.046701298773175318 -0.0029127505011572207 0.013541927159282516 -0.0082149297122649876 -0.016442028993879341 0.02265673180980932
leaf_weight=59.711833744309843 16.45594353787601 3.9529125718399873 216.64483977481723 7.0103974817320696 271.06852595321834 105.41765260044485 349.60669034533203 24.535495683550835 1.9778092578053463 73.582977621816099 41.28404787927866 10.838642805814741 6.1774809285998336 52.477064374834299
leaf_count=3921 144 32 1533 69 5164 6343 32161 105 10 2275 378 190 102 560
internal_value=0.000135232 -0.0100484 0.00786221 -0.0143125 0.00334118 -0.00702718 -0.0152022 0.00686801 -0.0117256 0.0048869 0.00306701 0.00535475 0.014134 0.0173264
internal_weight=1240.74 535.149 705.593 416.329 488.949 123.851 409.319 365.097 107.395 118.82 114.867 340.562 69.4932 63.3157
internal_count=52987 38836 14151 36151 12618 6497 36082 6121 6353 2685 2653 6016 852 750
is_linear=0
shrinkage=0.02


Tree=58
num_leaves=15
num_cat=0
split_feature=1 28 9 31 12 2 8 31 31 9 7 19 12 9
split_gain=225.754 42.632 42.9053 57.8855 37.4478 32.5048 17.9695 16.5994 21.3196 16.382 19.479 16.3767 16.0324 24.0955
threshold=inf 1.0000000180025095e-35 0.99802900000000017 0.85067874193191539 0.2443438917398453 1.0000000180025095e-35 1.5000000000000002 0.8355957865715028 0.79939669370651256 6.2513487500000009 3.5000000000000004 2.5500000000000003 0.7828054428100587 55.550933500000006
decision_type=8 2 2 8 2 2 2 10 10 2 2 2 2 2
left_child=4 2 -2 -4 -1 7 -3 8 9 -6 -11 -7 13 -12
right_child=1 6 3 -5 5 11 -8 -9 -10 10 12 -13 -14 -15
leaf_value=0.021646938823627958 -0.013409862394968513 -0.0044539235812535083 -0.011990300175735703 0.010907748434824321 0.002512979388992503 0.028959511603310763 0.018590033994427539 -0.0083760188252783377 0.051305383063486004 0.025358833798084204 0.0040561119056573046 0.0078142433986394984 -0.0037448597641577476 0.023836043870202609
leaf_weight=80.021514805033803 395.09580021258444 23.141942251473665 95.617610571905971 80.351198494434357 254.89145924150944 36.429504204541445 30.555168623104692 32.829396704211831 3.1676102690398684 28.485995588824153 67.647329976782203 25.672634731978178 37.622504238039255 38.223055813461542
leaf_count=516 34005 376 7225 2009 4353 207 440 1003 94 436 918 206 693 435
internal_value=0.000270231 -0.00815585 -0.00975887 -0.001532 0.00897077 0.00700105 0.00875888 0.00515228 0.00620207 0.00574826 0.010501 0.0204806 0.0073964 0.0113536
internal_weight=1229.75 624.762 571.065 175.969 604.991 524.969 53.6971 462.867 430.038 426.87 171.979 62.1021 143.493 105.87
internal_count=52916 44055 43239 9234 8861 8345 816 7932 6929 6835 2482 413 2046 1353
is_linear=0
shrinkage=0.02


Tree=59
num_leaves=15
num_cat=0
split_feature=1 0 2 0 11 12 0 11 25 11 29 11 0 1
split_gain=214.752 172.719 41.1514 38.926 33.5432 27.0225 21.9289 24.7254 21.3827 20.5323 18.5618 23.3741 15.2612 12.7288
threshold=inf -0.076856068466023428 1.5000000000000002 0.075917984454569834 0.88499245047569286 0.21266968548297885 0.29725380437570942 0.95022624731063854 1.5000000000000002 0.27752640843391424 1.0000000180025095e-35 0.63763198256492626 0.024132743477821354 -0.041855216026306145
decision_type=8 10 2 10 2 2 10 2 2 2 2 2 10 10
left_child=2 8 3 5 13 -1 7 9 10 -3 -2 -12 -9 -5
right_child=1 6 -4 4 -6 -7 -8 12 -10 -11 11 -13 -14 -15
leaf_value=0.018627207117857262 -0.018045112549705363 0.034643958602840939 0.029792838484777914 0.028988077483597469 0.0050908730569861936 0.0024559573534314446 0.019719560326821265 -0.013597002632627175 0.045013464325028993 -0.00084513865452630192 0.0082170932876831932 -0.012745820766596644 0.041309274980611564 0.010041804555298737
leaf_weight=45.372487753629684 291.11314047127962 5.92680491041392 33.448489278554916 61.972268376499414 63.283053860068321 385.12355753406882 49.327208798378706 2.007502323947846 1.4433485195040692 110.63144620787352 24.701885785907507 129.54574172664434 9.2012717109173519 20.160414002835751
leaf_count=328 27810 60 143 295 409 7563 369 122 56 2969 987 11794 93 93
internal_value=8.76846e-05 -0.00815393 0.00852546 0.00724077 0.0161539 0.00419956 0.00852679 0.004086 -0.0147697 0.00123877 -0.0150639 -0.00935742 0.0311673 0.0245142
internal_weight=1233.26 623.898 609.36 575.912 145.416 430.496 177.094 127.767 446.804 116.558 445.361 154.248 11.2088 82.1327
internal_count=53091 44260 8831 8688 797 7891 3613 3244 40647 3029 40591 12781 215 388
is_linear=0
shrinkage=0.02


Tree=60
num_leaves=15
num_cat=0
split_feature=4 0 0 12 25 5 16 11 12 31 28 11 0 17
split_gain=220.095 80.4799 58.8093 38.1618 36.2408 29.5879 29.9518 27.4877 23.61 20.7384 19.5671 17.3419 15.7642 11.1866
threshold=1.0000000180025095e-35 -0.076856068466023428 0.092103255071450882 0.15535445511341098 1.5000000000000002 1.0000000180025095e-35 1.0000000180025095e-35 0.5505279302597047 0.56259429454803478 0.27752640843391424 1.0000000180025095e-35 0.9215686321258546 -0.15818578366682437 1.0000000180025095e-35
decision_type=2 10 10 2 2 2 2 2 2 8 2 2 10 2
left_child=1 4 3 -2 10 7 -7 12 -4 -3 -1 -11 -5 -10
right_child=2 9 8 5 -6 6 -8 -9 13 11 -12 -13 -14 -15
leaf_value=-0.016024074338204165 0.024420867169379998 0.043955591557060594 0.023351842928225397 0.0043410411006830109 0.032242005639285261 0.015489436054033072 -0.0035810106041840361 -0.0025630888730822422 -0.0086396226303640886 -0.00046311647010856933 0.00622621888582949 0.02230021645126198 0.04146796075602787 0.01176416420797918
leaf_weight=379.2835010048002 31.962354714050889 4.0655678985640398 99.165781155228615 9.8405492622405308 5.667226141318678 103.29877763334662 47.678325891494751 314.7015576902777 11.814876735210417 100.410843687132 15.996581332758067 14.439758564345537 7.9997729379683724 73.551695331931114
leaf_count=35730 462 32 523 390 97 1008 765 10214 231 2389 365 297 123 358
internal_value=-0.000237737 -0.010085 0.00707925 0.00359601 -0.0143623 0.00217185 0.00948308 -0.001166 0.0167377 0.0043364 -0.0151102 0.00256662 0.0223065 0.00887291
internal_weight=1219.88 519.863 700.014 515.481 400.947 483.519 150.977 332.542 184.532 118.916 395.28 114.851 17.8403 85.3666
internal_count=52984 38910 14074 12962 36192 12500 1773 10727 1112 2718 36095 2686 513 589
is_linear=0
shrinkage=0.02


Tree=61
num_leaves=15
num_cat=0
split_feature=4 30 13 11 25 13 31 11 11 6 10 31 11 6
split_gain=211.192 63.0478 40.6581 40.3235 33.2504 27.2705 23.4537 22.2019 21.8674 25.4014 19.6064 17.2506 14.6642 17.5069
threshold=1.0000000180025095e-35 0.674208164215088 1.0000000180025095e-35 0.5429864525794984 1.0000000180025095e-35 1.0000000180025095e-35 0.84615385532379161 0.74358975887298595 0.65309202671051036 19.050000000000004 4.4500000000000011 0.10859728604555131 0.90950226783752453 34.100000000000009
decision_type=2 8 2 2 2 2 8 2 2 2 2 10 2 2
left_child=1 -1 -2 10 5 -3 8 -6 9 -7 -4 -5 13 -13
right_child=2 4 3 11 7 6 -8 -9 -10 -11 -12 12 -14 -15
leaf_value=0.0064289664068634886 -0.016182451483595477 -0.019470858419404099 -0.007001355850437159 0.0080793492536956318 -0.0026596920831565281 -0.0076147219576750778 0.0014875252620638103 0.04523856399208244 -0.014826904419204062 0.055661560178411354 0.028479759582868552 -0.00020860427680082134 -0.00694658698356881 0.023546187527871711
leaf_weight=79.497460170648992 28.274848525412381 192.62105185631663 6.7219148883596054 502.94622212741524 10.075523725710807 6.6237366339191777 60.406266313046217 5.1837164228782049 157.02985008247197 2.9235161598771811 48.737023232504725 41.735727963969111 63.088328646495938 16.650915020145476
leaf_count=2193 2633 20164 151 6896 206 395 1574 76 14139 153 329 1482 2246 399
internal_value=-0.000140436 -0.00988352 0.00694031 0.00792429 -0.0128735 -0.0139356 -0.00917354 0.0153934 -0.0130254 0.0152017 0.0241314 0.00644855 -0.000314336 0.00684829
internal_weight=1222.52 514.361 708.155 679.88 434.864 419.604 226.983 15.2592 166.577 9.54725 55.4589 624.421 121.475 58.3866
internal_count=53036 38900 14136 11503 36707 36425 16261 282 14687 548 480 11023 4127 1881
is_linear=0
shrinkage=0.02


Tree=62
num_leaves=15
num_cat=0
split_feature=13 0 30 30 1 31 2 10 11 7 30 25 6 11
split_gain=200.587 158.217 41.244 33.3485 29.7839 34.5651 25.7823 24.0706 32.8368 30.1936 19.3676 18.582 17.8093 20.6037
threshold=1.0000000180025095e-35 -0.045917600305429955 0.65309202671051036 0.85671192407608043 inf 0.56259429454803478 1.0000000180025095e-35 6.9500000000000011 0.95022624731063854 3.5000000000000004 0.8355957865715028 2.5000000000000004 36.050000000000004 0.90950226783752453
decision_type=2 8 8 10 8 8 2 2 2 2 8 2 2 2
left_child=2 4 -1 6 5 -2 7 8 -3 12 -6 -4 -9 -14
right_child=1 3 11 -5 10 -7 -8 9 -10 -11 -12 -13 13 -15
leaf_value=0.021411864707774227 0.022375991962585363 0.0017796245889838214 -0.01927005677398937 0.00043117984789991305 -0.00097281172048557601 -0.0041503367323113844 0.024140915688726627 0.017713511389999374 0.035462172724439238 0.0092329716180549158 -0.015158902470932748 0.038307122057029311 0.052167654459007874 0.011677265612927487
leaf_weight=9.9365748576819879 22.480851238593459 156.53968744538724 215.4701619790867 122.92611457128078 51.10638152807951 119.41177863813937 61.387926675379276 72.542324753478169 11.514423965476452 195.18567130900919 156.80049465037882 1.3731658309698094 14.456357804127039 8.5037133917212469
leaf_count=278 226 2866 22716 1950 3600 3036 344 695 148 2447 14308 41 142 148
internal_value=4.22979e-05 0.00392204 -0.0168861 0.00980513 -0.0068903 0.000179561 0.0120155 0.0103439 0.00428354 0.0138208 -0.0116931 -0.0187313 0.0230045 0.0382845
internal_weight=1219.64 992.856 226.78 643.056 349.8 141.893 520.13 458.742 168.054 290.688 207.907 216.843 95.5024 22.9601
internal_count=52945 29910 23035 8740 21170 3262 6790 6446 3014 3432 17908 22757 985 290
is_linear=0
shrinkage=0.02


Tree=63
num_leaves=15
num_cat=0
split_feature=13 4 12 30 2 30 18 11 21 10 7 9 30 25
split_gain=211.772 79.2615 40.2549 32.973 31.4206 28.0531 22.6887 20.9953 35.125 30.9896 24.5323 23.6511 19.4667 19.0561
threshold=1.0000000180025095e-35 1.0000000180025095e-35 0.11613876372575761 0.674208164215088 1.0000000180025095e-35 0.6591252088546754 1.0000000180025095e-35 0.8355957865715028 1.0000000180025095e-35 16.050000000000004 3.5000000000000004 26.125000000000004 0.12368024513125421 2.5000000000000004
decision_type=2 2 2 10 2 8 2 2 2 2 2 2 8 2
left_child=5 3 -3 12 7 -1 -6 8 9 -4 -11 -12 -2 -7
right_child=1 2 4 -5 6 13 -8 -9 -10 10 11 -13 -14 -15
leaf_value=0.014832805991238252 0.031307863078791305 0.030474280866435364 0.0015089820673996985 -0.012483912262161697 0.029031795377779144 -0.019249585882129557 0.005618010454356487 0.0027145211880905957 0.034266257993668739 0.043857872299297426 0.0022709290307752483 0.028412695042780284 -0.00031589926415722519 0.039645941260276887
leaf_weight=9.7551208743825537 7.1179899722337714 30.025010856799781 118.6849041711539 114.23749421723187 41.24154400639236 211.62102570850402 28.173742637038231 373.03025116305798 21.545122191309929 11.533874981105326 35.669829617254436 21.825699977576733 190.06782075297087 1.3229528795927752
leaf_count=281 30 208 2179 10345 225 22737 215 7554 221 116 585 202 7984 39
internal_value=0.000410591 0.0043664 0.0081814 -0.00398439 0.00710922 -0.0171715 0.0197435 0.0055718 0.0106281 0.00774783 0.0182998 0.0125106 0.000977864 -0.0187001
internal_weight=1215.85 993.153 681.73 311.423 651.705 222.699 69.4153 582.29 209.259 187.714 69.0294 57.4955 197.186 212.944
internal_count=52921 29864 11505 18359 11297 23057 440 10857 3303 3082 903 787 8014 22776
is_linear=0
shrinkage=0.02


Tree=64
num_leaves=15
num_cat=0
split_feature=4 30 12 2 2 31 17 17 15 11 30 19 24 30
split_gain=182.753 64.3537 38.1097 37.7838 28.7721 23.0566 23.8148 22.3213 21.6861 14.6001 14.2342 13.1349 12.032 11.0477
threshold=1.0000000180025095e-35 0.674208164215088 0.15535445511341098 1.0000000180025095e-35 1.0000000180025095e-35 0.93363499641418468 1.0000000180025095e-35 1.0000000180025095e-35 2.5000000000000004 0.76319760084152233 0.12368024513125421 2.5500000000000003 2.5000000000000004 0.69079941511154186
decision_type=2 8 2 2 2 10 2 2 2 2 10 2 2 8
left_child=1 10 -2 5 7 6 -3 8 13 -8 -1 -6 -13 -4
right_child=2 3 4 -5 11 -7 9 -9 -10 -11 -12 12 -14 -15
leaf_value=0.031536910211305613 0.023542069701450626 -0.015092341539179127 0.0085643707908963692 0.027955179949539 0.025479327665437132 0.017896374699815747 -0.0072372514413349132 0.0099267089734630769 0.014607655121033328 0.022449323892434352 0.0040516414736526101 0.016965450754731781 -0.010960684776680009 -0.0014867494250140941
leaf_weight=7.4108008593320838 49.300174457021058 375.81559821497649 49.693533793091774 8.253433312289415 38.068894969299436 8.562868186272679 15.93247712031007 179.9461538977921 43.947161503136158 9.9499368704855424 77.53724610619247 15.064359270036221 9.1545936949551105 318.00525732617825
leaf_count=32 534 36114 828 75 223 235 172 1186 489 81 2231 100 80 10571
internal_value=0.00016812 -0.00902045 0.00675041 -0.0122378 0.00545037 -0.0131124 -0.0138162 0.00407135 0.0014939 0.00458568 0.00678847 0.0182766 0.00639352 -0.000108822
internal_weight=1206.64 503.462 703.18 418.514 653.88 410.261 401.698 591.592 411.646 25.8824 84.948 62.2878 24.219 367.699
internal_count=52951 38940 14011 36677 13477 36602 36367 13074 11888 253 2263 403 180 11399
is_linear=0
shrinkage=0.02


Tree=65
num_leaves=15
num_cat=0
split_feature=1 0 0 25 28 11 1 0 11 2 11 8 0 0
split_gain=171.867 172.407 30.6616 28.0497 27.7731 25.8251 17.7914 19.0059 21.433 17.2451 16.35 15.7877 15.1685 14.5518
threshold=inf 0.015082962810993196 0.075917984454569834 2.5000000000000004 1.0000000180025095e-35 0.95022624731063854 0.32579185068607336 0.15277405521307963 0.88499245047569286 2.5000000000000004 0.69079941511154186 2.5000000000000004 0.29725380437570942 -0.51867368290936189
decision_type=8 10 8 2 2 2 10 10 2 2 2 2 10 10
left_child=2 3 10 4 13 12 7 9 -9 -4 11 -1 -3 -2
right_child=1 5 6 -5 -6 -7 -8 8 -10 -11 -12 -13 -14 -15
leaf_value=-0.00042980083883272397 -0.017921415125186219 0.0031605719382214212 0.0059526330798324581 0.05541296031725463 0.007434510607780713 0.035223405917879903 0.028676818962178503 0.025024553001638705 0.0063143922473277827 0.0317159299482032 -0.00056284977608630409 0.028463329472799809 0.017195215296641232 -0.0096150445628596787
leaf_weight=13.924820855259897 289.42214790266007 93.144456416368484 258.23608386144042 1.3620238620787848 21.793570237234235 14.488310271874068 20.61370625346899 58.321412242949009 43.196813739836216 9.906875014305113 191.77608963474631 15.486033115535973 45.473824262619019 124.87277467176318
leaf_count=197 30841 1664 3448 37 483 124 144 264 253 42 4324 163 349 10666
internal_value=0.000128256 -0.00756051 0.00755438 -0.0139462 -0.0142891 0.0106564 0.0109193 0.00985435 0.0172025 0.00701879 0.00159473 0.0152193 0.00785483 -0.015447
internal_weight=1202.02 590.557 611.462 437.451 436.088 153.107 390.275 369.661 101.518 268.143 221.187 29.4109 138.618 414.295
internal_count=52999 44164 8835 42027 41990 2137 4151 4007 517 3490 4684 360 2013 41507
is_linear=0
shrinkage=0.02


Tree=66
num_leaves=15
num_cat=0
split_feature=13 4 11 28 2 10 11 9 19 24 7 2 13 9
split_gain=181.271 75.1942 31.5518 27.421 24.0166 23.3529 21.6813 21.6188 20.6714 17.9159 16.3229 16.2912 15.2677 14.4623
threshold=1.0000000180025095e-35 1.0000000180025095e-35 0.69079941511154186 1.0000000180025095e-35 1.0000000180025095e-35 11.550000000000002 0.674208164215088 1.0000000180025095e-35 2.5500000000000003 1.5000000000000002 1.0000000180025095e-35 1.0000000180025095e-35 1.5000000000000002 89.048671000000013
decision_type=2 2 2 2 2 2 2 2 2 2 2 2 2 2
left_child=3 6 5 -1 13 12 7 10 -6 -10 -2 -8 -3 -4
right_child=1 2 4 -5 8 -7 11 -9 9 -11 -12 -13 -14 -15
leaf_value=-0.017883536621221271 0.032582905283125234 -0.0052537160570221035 0.0032888113226926543 0.019241676441968988 0.027228892934823092 0.025317250366643191 -0.0089915293052596455 -0.0044587940130518767 0.023366024635981218 -0.012026220860116572 0.0048969903596193668 0.023191398086353423 0.015869785800952357 0.018878591964405781
leaf_weight=207.16630101483315 12.894128498621283 22.614815359935164 485.55466509796679 7.4872413836419573 34.270304271951318 61.023360419087112 206.3631882397458 52.76121355779469 8.5914524830877781 13.20391820371151 23.149863763712347 5.554629284888505 32.212078172713518 24.101321207359433
leaf_count=23131 428 572 9477 112 193 506 15382 1689 57 111 771 39 244 331
internal_value=0.000100434 0.00374227 0.00741459 -0.0165054 0.00544841 0.0168871 -0.00457784 0.00368868 0.0177631 0.00233796 0.0154134 -0.00804301 0.0072188 0.00406157
internal_weight=1196.95 982.295 681.572 214.654 565.722 115.85 300.723 88.8052 56.0657 21.7954 36.044 211.918 54.8269 509.656
internal_count=53043 29800 11491 23243 10169 1322 18309 2888 361 168 1199 15421 816 9808
is_linear=0
shrinkage=0.02


Tree=67
num_leaves=15
num_cat=0
split_feature=13 9 30 30 25 11 16 12 2 30 30 10 20 9
split_gain=184.996 47.1829 38.4865 27.7945 28.8074 27.0576 23.1075 31.1413 21.93 21.2585 19.7814 13.7982 19.6862 13.1281
threshold=1.0000000180025095e-35 1.4912332500000003 0.8355957865715028 0.81598794460296642 2.5000000000000004 0.69079941511154186 1.0000000180025095e-35 0.68325793743133556 1.0000000180025095e-35 0.67873305082321178 0.12368024513125421 3.0500000000000003 1.0000000180025095e-35 0.99802900000000017
decision_type=2 2 10 8 2 2 2 2 2 8 8 2 2 2
left_child=3 2 10 -1 -5 9 8 -8 -7 -3 -2 12 -12 -14
right_child=1 5 -4 4 -6 6 7 -9 -10 -11 11 -13 13 -15
leaf_value=0.0094239740340764828 0.033600611846241073 0.026872644012102868 -0.012525450064059465 -0.019667696393614414 0.048359977346669816 0.0058943295483065592 0.0090501260142943369 -0.010448290820064005 0.020017209820297168 0.0082945218790414482 -0.0054317000400967664 0.0054023754583697918 -0.0012416871528994982 0.034145917668850036
leaf_weight=14.3448324277997 6.6731624603271475 44.772191978991032 96.045080718584359 195.26412529777735 1.6005511879920948 293.19365599285811 57.890041928738356 72.896748576313257 51.157645741477609 56.261754749342799 141.69933937955648 150.22200883552432 7.8054803842678648 7.8946482641622424
leaf_count=764 28 298 8184 22465 42 4271 767 1798 275 581 7005 6311 154 146
internal_value=2.60359e-05 0.00366669 -0.00151473 -0.0169158 -0.018873 0.00735304 0.00533247 -0.00181454 0.00804434 0.0167099 0.00187908 0.00108431 -0.00304495 0.0175317
internal_weight=1197.72 986.512 410.34 211.21 196.865 576.172 475.138 130.787 344.351 101.034 314.295 307.621 157.399 15.7001
internal_count=53089 29818 21828 23271 22507 7990 7111 2565 4546 879 13644 13616 7305 300
is_linear=0
shrinkage=0.02


Tree=68
num_leaves=15
num_cat=0
split_feature=13 0 12 1 28 0 1 24 6 28 24 6 23 1
split_gain=169.678 146.035 29.1842 24.182 24.0661 21.3778 21.6751 17.2066 12.3939 12.385 11.8176 11.1467 10.4965 22.4446
threshold=1.0000000180025095e-35 -0.076856068466023428 0.24886878579854968 inf 1.0000000180025095e-35 0.15277405521307963 0.042232289910316474 2.5000000000000004 80.050000000000011 1.0000000180025095e-35 1.0000000180025095e-35 17.050000000000004 1.0000000180025095e-35 0.048321953985397771
decision_type=2 8 2 8 2 10 10 2 2 2 2 2 2 8
left_child=4 3 12 8 7 6 10 -1 -2 -5 -4 -8 13 -3
right_child=1 2 5 9 -6 -7 11 -9 -10 -11 -12 -13 -14 -15
leaf_value=-0.018456074805927144 -0.0036260096907325501 -0.012015426128999038 -0.00090417686979169323 -0.013357069345768767 0.015633047386405426 0.013197930284148408 0.0063041880956665377 0.035778359850991856 0.012852978559583084 0.0077140611855654245 0.0065281587956246044 0.023383498393019248 0.025928140766441423 0.019287395987400108
leaf_weight=196.63944713119417 114.11550515145063 11.114968735724686 181.65920740086585 179.63277514465153 8.2231259960681182 161.57952311262488 30.226390877738595 1.4787117019295681 20.702408604323864 11.264597045257686 160.42982344795018 32.146143078804016 45.690353013575077 39.273197363130748
leaf_count=22873 2590 128 4633 17076 119 1280 375 41 459 281 1945 406 221 342
internal_value=-1.94479e-05 0.00342983 0.0088191 -0.00751904 -0.0164694 0.00706532 0.00458888 -0.0178736 -0.00101952 -0.01208 0.00259024 0.0153368 0.0189722 0.012283
internal_weight=1194.18 987.835 662.12 325.715 206.341 566.041 404.462 198.118 134.818 190.897 342.089 62.3725 96.0785 50.3882
internal_count=52769 29736 9330 20406 23033 8639 7359 22914 3049 17357 6578 781 691 470
is_linear=0
shrinkage=0.02


Tree=69
num_leaves=15
num_cat=0
split_feature=13 0 12 1 16 12 11 9 30 30 24 0 30 1
split_gain=178.328 129.033 25.9423 23.6845 19.9593 27.334 24.7016 21.44 21.4286 19.6213 20.2388 17.8974 16.2302 15.5599
threshold=1.0000000180025095e-35 -0.1092857224025537 0.32277527451515203 -0.36580764811213418 1.0000000180025095e-35 0.68325793743133556 0.97285065054893505 0.50029800000000013 0.52337861061096203 0.6591252088546754 2.5000000000000004 0.17696328062181724 0.57918554544448864 0.048321953985397771
decision_type=2 8 2 10 2 2 2 2 10 8 2 10 8 10
left_child=9 3 -3 12 6 8 7 13 -6 -1 -11 -9 -2 -4
right_child=1 2 4 -5 5 -7 -8 11 -10 10 -12 -13 -14 -15
leaf_value=0.0089801977733849157 0.0082413729463762346 0.015578561723542555 -0.0042499406798953941 0.00092048647002090608 -0.0023477596775421639 -0.0091861414513644615 0.022306541833084854 0.0061616634639002797 0.027978723103631111 -0.01923313094456526 0.035886757097747649 0.017542830606453175 -0.012595226974351191 0.019821068925797734
leaf_weight=10.385781020857392 15.512168938294051 151.5996643928811 90.23169691581279 96.300561744719744 19.261189300566912 67.184409534558654 43.076263070106506 205.19927390757948 16.802739022299647 190.92841984890401 1.8177877627313126 75.748780451714993 195.47204829752445 11.179911017417906
leaf_count=292 536 1163 2614 2335 233 1545 516 3173 206 22757 47 489 16788 193
internal_value=-6.85732e-05 0.00344569 0.00830089 -0.00729508 0.00618855 -0.00168657 0.00809922 0.00644463 0.0121555 -0.0170871 -0.0185308 0.00928157 -0.0110316 -0.00142865
internal_weight=1190.7 987.569 680.284 307.285 528.684 103.248 425.436 382.36 36.0639 203.132 192.746 280.948 210.984 101.412
internal_count=52887 29791 10132 19659 8969 1984 6985 6469 439 23096 22804 3662 17324 2807
is_linear=0
shrinkage=0.02


Tree=70
num_leaves=15
num_cat=0
split_feature=13 17 11 1 31 6 7 28 25 11 9 11 10 11
split_gain=171.212 56.0187 36.0831 44.8402 33.2511 28.2187 36.3462 17.4226 13.9033 18.5709 12.8761 12.4778 11.9643 11.3052
threshold=1.0000000180025095e-35 1.0000000180025095e-35 0.69079941511154186 inf 0.89894419908523571 21.050000000000004 1.0000000180025095e-35 1.0000000180025095e-35 1.5000000000000002 0.87028658390045177 0.49962900000000005 0.87028658390045177 106.87500000000001 0.46003016829490667
decision_type=2 2 2 8 10 2 2 2 2 2 2 2 2 2
left_child=7 2 5 8 11 13 -7 -1 12 -10 -6 -5 -4 -2
right_child=1 -3 3 4 10 6 -8 -9 9 -11 -12 -13 -14 -15
leaf_value=-0.017992443224659899 0.01342077741325901 0.011803990928822712 0.0001293221682719227 -0.0056189046702310235 -0.004022685467252954 0.064795020089173899 0.014096700207223801 0.011731559011572903 -0.0057847002640147452 0.025005260161099958 0.028078975481870654 -0.015662712374759521 0.01167269591477319 -0.0021503423664874133
leaf_weight=191.05225623678416 24.601240855641663 243.4455923307687 299.71460674330592 94.107803578488529 7.8312197085469988 5.4071364868432275 59.947135354392231 7.5722102113068095 11.297358613461254 22.396252445876598 11.801785606890915 107.47172080539167 39.809087980538607 67.940934522077441
leaf_count=22891 495 1594 6007 6350 200 74 986 110 143 218 241 10438 633 2467
internal_value=0.00010027 0.00348604 0.000782334 -0.00147842 -0.0085928 0.00924908 0.0192046 -0.0168062 0.0027501 0.0148123 0.0156999 -0.0110246 0.00151308 0.00208828
internal_weight=1194.4 995.772 752.326 594.43 221.213 157.896 65.3543 198.624 373.217 33.6936 19.633 201.58 339.524 92.5422
internal_count=52847 29846 28252 24230 17229 4022 1060 23001 7001 361 441 16788 6640 2962
is_linear=0
shrinkage=0.02


Tree=71
num_leaves=15
num_cat=0
split_feature=13 0 12 21 10 7 25 12 21 11 6 12 0 11
split_gain=179.935 116.247 25.9704 25.9441 22.7347 28.8251 19.9423 14.9028 13.1704 20.0341 16.0592 12.5009 12.0973 11.8387
threshold=1.0000000180025095e-35 -0.1092857224025537 0.56259429454803478 1.0000000180025095e-35 4.4500000000000011 1.0000000180025095e-35 2.5000000000000004 0.4177978932857514 1.0000000180025095e-35 0.89894419908523571 8.4500000000000011 0.77526396512985241 0.32273848153524959 0.22473604977130893
decision_type=2 8 2 2 2 2 2 2 2 2 2 2 10 2
left_child=6 3 4 13 -3 -6 -1 -5 9 12 -11 -10 -4 -2
right_child=1 2 8 7 5 -7 -8 -9 11 10 -12 -13 -14 -15
leaf_value=-0.018032867443757136 0.042152302858151129 0.0035906751947656014 -0.0011006404074800405 0.025444209234287102 0.047309411807709055 0.013677022078715904 0.037214520111679937 -0.0008929354451457514 0.0086895061820165074 0.029206452636386843 0.0085897457433628446 -0.011554864772963046 0.020089212352599816 -0.0090883949298307624
leaf_weight=194.19336630403996 0.84528118092566629 93.582337537780404 133.63029438257217 13.018155824393032 9.8690453413873893 238.24492779746652 1.7497888505458821 22.042253736406565 17.438840638846159 16.42973218113184 131.16715529002249 35.56314286403358 10.715548217296599 269.66026017535478
leaf_count=23072 17 1413 2977 88 79 2032 42 624 307 333 1919 957 47 19011
internal_value=0.000110751 0.00357354 0.00813687 -0.00667386 0.0120398 0.0151993 -0.017353 0.00932063 0.0042471 0.00591078 0.0110658 -0.00485645 0.000599787 -0.00877361
internal_weight=1188.15 992.207 686.641 305.566 341.696 248.114 195.943 35.0604 344.945 291.943 147.597 53.002 144.346 270.506
internal_count=52918 29804 10064 19740 3524 2111 23114 712 6540 5276 2252 1264 3024 19028
is_linear=0
shrinkage=0.02


Tree=72
num_leaves=15
num_cat=0
split_feature=13 0 30 30 2 13 24 1 30 4 0 30 10 1
split_gain=162.677 113.039 30.1645 23.7482 22.2972 21.9479 21.2808 19.4607 19.2567 21.7302 19.0831 16.9145 14.8821 13.6295
threshold=1.0000000180025095e-35 -0.1092857224025537 0.81598794460296642 0.63763198256492626 1.0000000180025095e-35 2.5000000000000004 2.5000000000000004 inf 0.85067874193191539 1.0000000180025095e-35 0.11013186924085641 0.24132730066776278 54.100000000000009 -0.424484052532833
decision_type=2 8 8 8 2 2 2 8 10 2 10 8 2 8
left_child=2 3 -1 -2 8 -6 -4 12 9 11 -7 -3 -5 -10
right_child=1 4 6 7 5 10 -8 -9 13 -11 -12 -13 -14 -15
leaf_value=0.0099723651618672561 0.007390714110492789 0.021711583021943662 -0.019600489417517481 -0.0053656451873883423 0.025664785025982191 -0.0092651170335261972 0.037863890404972685 -0.013220165525383479 0.012580824837178784 0.011015848316550933 0.028964259947755741 -0.0012123511391152338 0.014934838102319223 -0.0037846255726059655
leaf_weight=15.201921621337531 41.013227730989456 13.509625539183615 177.20834559760988 89.391245065256953 50.168001033365726 16.719825945794586 1.7257562465965737 159.3140978589654 24.67636414244771 356.72447495255619 6.4115770012140265 113.55139662511647 16.207778178155422 97.242471464909613
leaf_count=768 1116 61 22337 2190 241 163 43 16123 231 4344 27 2865 353 2115
internal_value=0.000141215 0.00344328 -0.0165433 -0.00663639 0.00798778 0.0183543 -0.0188389 -0.00882766 0.00670509 0.00849198 0.00209248 0.00137552 -0.00213897 -0.000396856
internal_weight=1179.07 984.93 194.136 305.926 679.004 73.2994 178.934 264.913 605.704 483.785 23.1314 127.061 105.599 121.919
internal_count=52977 29829 23148 19782 10047 431 22380 18666 9616 7270 190 2926 2543 2346
is_linear=0
shrinkage=0.02


Tree=73
num_leaves=15
num_cat=0
split_feature=4 14 25 17 1 11 11 22 29 28 17 11 11 9
split_gain=128.451 39.8667 35.7385 26.3073 35.7613 22.9535 22.7286 18.3543 16.9641 13.3567 12.5586 16.8003 14.6977 18.4423
threshold=1.0000000180025095e-35 1.0000000180025095e-35 1.5000000000000002 1.0000000180025095e-35 inf 0.23076923191547397 0.57918554544448864 1.0000000180025095e-35 1.0000000180025095e-35 1.0000000180025095e-35 1.0000000180025095e-35 0.89140272140502941 0.8355957865715028 1.0000000180025095e-35
decision_type=2 2 2 2 8 2 2 2 2 2 2 2 2 2
left_child=1 2 8 4 6 -3 -2 10 -1 -6 12 -12 13 -7
right_child=3 5 -4 -5 9 7 -8 -9 -10 -11 11 -13 -14 -15
leaf_value=-0.019136984645924452 0.020121989676710101 0.035705096026179536 0.028218124754895581 0.011535810212899828 -0.01079113826643556 0.0072866354750841583 0.0040038951910955989 0.0059193644406271388 -0.00086409046055017924 0.03040699599947275 -0.0013300803270360957 0.038156506399176289 -0.013464122128054376 -0.01097653352721158
leaf_weight=153.61595100164413 37.59093751013279 5.0008510937914243 6.4885856918990603 215.47125306725502 75.616218549199402 41.390631393529475 388.22621702589095 59.499799191951752 23.509760546498001 2.3360820598900309 23.378134185448292 4.2673620991408816 102.67097867559642 45.311139151453972
leaf_count=18728 267 56 83 1330 5427 3025 7052 821 1994 24 233 27 10795 3187
internal_value=0.000408045 -0.00777266 -0.0149975 0.00570196 0.00318881 -0.00302404 0.0054706 -0.0038506 -0.0167301 -0.00918702 -0.00654409 0.00588432 -0.00837982 -0.00227419
internal_weight=1184.37 465.133 183.614 719.241 503.769 281.519 425.817 276.518 177.126 77.9523 217.018 27.6455 189.373 86.7018
internal_count=53049 38949 20805 14100 12770 18144 7319 18088 20722 5451 17267 260 17007 6212
is_linear=0
shrinkage=0.02


Tree=74
num_leaves=15
num_cat=0
split_feature=0 9 30 2 30 0 12 23 21 20 25 31 0 0
split_gain=130.375 89.2688 44.3038 31.3448 23.0985 19.3487 18.5866 15.5616 15.3285 13.7049 12.7725 10.8186 15.8499 12.6217
threshold=0.024132743477821354 1.4912332500000003 0.87028658390045177 1.5000000000000002 0.27752640843391424 0.29725380437570942 0.11613876372575761 1.0000000180025095e-35 1.0000000180025095e-35 1.0000000180025095e-35 1.5000000000000002 0.42232277989387518 -0.54896703762651533 -0.16138763725757596
decision_type=10 2 8 2 10 10 2 2 2 2 2 8 10 8
left_child=1 2 4 6 -1 7 -3 -2 10 11 -4 12 -8 -13
right_child=5 3 8 -5 -6 -7 9 -9 -10 -11 -12 13 -14 -15
leaf_value=0.027444925169680744 0.0051881983780114726 0.019919937070149815 -0.014979132161117445 0.023371482778683301 -0.0023271391581284767 0.01772334278563395 -1.3655354337935997e-05 0.021281366630266123 0.010990400529998121 -0.016691372468059924 0.023740508622271343 -0.0058772550932438853 0.042304640012451759 0.0026526914979683159
leaf_weight=10.748542211949824 201.76686412282288 18.577164004556835 335.61875008139759 25.700457748025656 91.53698947140947 99.955784820020199 8.4556872323155385 26.518894284963608 8.9301296528428775 17.85496168024838 2.5876594372093669 98.472680768929422 5.0891540665179482 228.42893097735941
leaf_count=61 2421 134 36177 112 6218 591 91 115 193 563 73 2623 41 3515
internal_value=-0.000282084 -0.0044081 -0.0105254 0.0024301 0.00103685 0.0104085 0.000943978 0.00714233 -0.0139254 -9.2588e-05 -0.0146138 0.000824282 0.0177018 7.31252e-05
internal_weight=1180.24 852.001 449.422 402.579 102.286 328.242 376.879 228.286 347.137 358.301 338.206 340.446 13.5448 326.902
internal_count=52928 49801 42722 7079 6279 3127 6967 2536 36443 6833 36250 6270 132 6138
is_linear=0
shrinkage=0.02


Tree=75
num_leaves=15
num_cat=0
split_feature=13 0 13 24 28 0 28 13 15 19 6 10 0 9
split_gain=136.939 109.369 28.6252 23.4109 20.2957 17.8306 12.9558 10.0442 10.9182 11.3448 9.44176 8.2225 8.64469 9.6954
threshold=1.0000000180025095e-35 0.024132743477821354 1.5000000000000002 2.5000000000000004 1.0000000180025095e-35 0.29725380437570942 1.0000000180025095e-35 5.5000000000000009 3.5000000000000004 33.625000000000007 14.550000000000002 53.125000000000007 -0.0010050924685071024 5.712202500000001
decision_type=2 8 2 2 2 10 2 2 2 2 2 2 10 2
left_child=3 2 6 4 -1 7 -2 8 -3 -10 -7 -4 13 -13
right_child=1 5 11 -5 -6 10 -8 -9 9 -11 -12 12 -14 -15
leaf_value=-0.01833665041107721 -0.011927406589594186 0.0063551723454151089 -0.0015783223919601588 0.041245123383681442 0.013592050971760085 0.010332106386937181 0.0064393652089997514 -0.015187927991982932 -0.0029133176926820605 0.032436301764094656 0.023186941997122339 -0.0040951953343098223 -0.016711499138666295 0.021925424043201761
leaf_weight=174.84891851479188 191.65173397865146 457.63423396833241 173.3949689809233 1.887875236570834 7.6485648024827233 56.254314016550779 16.077033514156938 7.4209330175071946 4.864163056015971 11.730555213987826 41.467182856053114 7.9292725715786281 3.4259586855769149 17.318264465779066
leaf_count=22948 18709 5665 3765 42 113 378 361 117 43 69 209 191 66 350
internal_value=-0.000341357 0.00261256 -0.00528732 -0.0161168 -0.0169317 0.00819974 -0.0104819 0.00659412 0.00696622 0.0224981 0.0159666 7.80658e-05 0.00981024 0.0139087
internal_weight=1173.55 989.169 409.797 184.385 182.497 579.371 207.729 481.65 474.229 16.5947 97.7215 202.068 28.6735 25.2475
internal_count=53026 29923 23442 23103 23061 6481 19070 5894 5777 112 587 4372 607 541
is_linear=0
shrinkage=0.02


Tree=76
num_leaves=15
num_cat=0
split_feature=4 0 0 11 5 31 0 25 12 21 29 11 21 12
split_gain=125.986 60.3103 49.1567 20.5364 20.096 19.5575 22.8317 19.1841 18.867 14.4752 12.4824 16.9128 11.5506 11.3425
threshold=1.0000000180025095e-35 -0.40718462532054184 0.092103255071450882 0.46003016829490667 1.0000000180025095e-35 0.23529411852359775 0.21719457209110263 1.5000000000000002 0.43740573525428778 1.5000000000000002 1.0000000180025095e-35 0.63084465265274059 1.0000000180025095e-35 0.11613876372575761
decision_type=2 10 10 2 2 8 10 2 2 2 2 2 2 2
left_child=1 7 3 -2 9 -3 -7 10 -4 13 -1 -12 -6 -5
right_child=2 5 8 4 12 6 -8 -9 -10 -11 11 -13 -14 -15
leaf_value=-0.018336578090021313 0.021214022459250498 0.023808377947054413 0.023024549967984937 0.017968964534047512 0.0091377263364152 -0.0058040626329985343 0.010092413221944221 0.017793679822759551 0.0094617978471881435 0.041565376728734248 0.014706992530488938 -0.012058631454318782 -0.0063331601531166426 -0.0024348294407822986
leaf_weight=171.73606643686071 20.72987637668848 12.340421142987905 62.292789898812771 10.273963829502462 143.01571825146675 126.48963766451925 49.452336758375168 6.4339462388306847 124.71937491372228 2.1116569489240637 9.9266790738329274 74.785268780775368 21.569742772728205 332.69800153374672
leaf_count=21374 319 343 312 181 1393 7674 439 86 784 51 387 8433 397 10641
internal_value=8.44917e-05 -0.00818604 0.00528981 0.00217057 0.00135598 0.000458795 -0.00130422 -0.014356 0.0140779 -0.00138862 -0.0152285 -0.0087872 0.00708419 -0.00177316
internal_weight=1168.58 451.164 717.411 530.399 509.669 188.282 175.942 262.882 187.012 345.084 256.448 84.7119 164.585 342.972
internal_count=52814 38736 14078 12982 12663 8456 8113 30280 1096 10873 30194 8820 1790 10822
is_linear=0
shrinkage=0.02


Tree=77
num_leaves=15
num_cat=0
split_feature=13 0 30 0 1 23 9 30 30 24 10 16 30 9
split_gain=149.487 103.61 31.1423 18.3598 19.3974 20.1313 17.7188 17.7282 15.8994 14.7063 14.209 14.0678 18.5667 17.7515
threshold=1.0000000180025095e-35 -0.045917600305429955 0.6591252088546754 0.38143193840389439 0.048321953985397771 1.0000000180025095e-35 5.712202500000001 0.21266968548297885 0.24886878579854968 2.5000000000000004 111.55000000000001 1.0000000180025095e-35 0.85067874193191539 46.900000000000006
decision_type=2 8 8 10 10 2 2 8 10 2 2 2 8 2
left_child=2 6 -1 4 5 11 7 -2 -6 -4 -8 13 -13 -3
right_child=1 3 9 -5 8 -7 10 -9 -10 -11 -12 12 -14 -15
leaf_value=0.015860469596144806 0.025288883006435638 0.00429271610323936 -0.019432828453024673 0.018963332898359005 0.023721075008429331 0.015449834467192874 0.0019864086764356495 -0.0087543162420409357 0.004927945498100942 0.027463701888708718 0.042548322733025862 0.013902492088286641 -0.0074755280213781618 0.02042802881649743
leaf_weight=10.341899590566753 5.3168984949588767 342.21999152097851 166.49525142135099 52.478113740682602 44.249235536903143 67.715779665857553 43.679907922632992 271.8439288623631 30.975598759949207 1.8824073337018479 2.7632452882826319 19.63454938493669 75.909107826650143 28.769455250352621
leaf_count=294 25 5215 22749 301 369 370 984 20114 376 41 63 275 1458 255
internal_value=0.000106686 0.0031627 -0.0166696 0.00769304 0.00669315 0.00533408 -0.00609956 -0.00801268 0.0161487 -0.0187495 0.0052457 0.00383591 -0.00298377 0.00559553
internal_weight=1164.28 985.556 178.72 661.952 609.474 534.249 323.604 277.161 75.2248 168.378 46.4432 466.533 95.5437 370.989
internal_count=52889 29805 23084 8619 8318 7573 21186 20139 745 22790 1047 7203 1733 5470
is_linear=0
shrinkage=0.02


Tree=78
num_leaves=15
num_cat=0
split_feature=13 17 2 11 1 31 11 2 20 22 31 24 15 19
split_gain=143.402 42.0323 31.2989 24.204 24.7534 30.2715 14.7484 13.9272 12.3893 15.6435 10.067 9.75546 9.37864 14.3139
threshold=1.0000000180025095e-35 1.0000000180025095e-35 1.5000000000000002 0.46003016829490667 inf 0.96870285272598278 0.87028658390045177 1.0000000180025095e-35 1.0000000180025095e-35 1.0000000180025095e-35 0.87028658390045177 2.5000000000000004 3.5000000000000004 30.125000000000004
decision_type=2 2 2 2 8 10 2 2 2 2 10 2 2 2
left_child=11 2 3 -2 8 6 -6 -3 9 12 -8 -1 -5 -14
right_child=1 7 -4 4 5 -7 10 -9 -10 -11 -12 -13 13 -15
leaf_value=-0.016984517768017127 0.013778351364363679 0.0088588433389763452 0.02123320582683649 0.0018763639226574427 -0.0026140647044428358 0.03608698637170718 -0.015022817711208043 0.026028265415383989 -0.010908223959942183 0.036819338757267131 0.00023198387949912051 0.022106625441804684 -0.014239775940741255 0.02697888545090784
leaf_weight=173.08778828661889 46.345236664637923 220.10425492562354 27.779376447200775 351.14448964223266 150.45512942038476 5.7879794221371403 91.67100814729929 20.101504988968372 26.146068168804049 4.4269011989235869 21.240027393214405 1.773474734276532 3.7989000566303757 12.368552792817352
leaf_count=22993 692 1463 123 6513 8991 75 10211 90 760 33 624 37 36 83
internal_value=0.00016825 0.00314565 0.000784498 -4.03882e-05 -0.00101969 -0.00569296 -0.00674418 0.0103976 0.00214795 0.00309305 -0.0121763 -0.0164646 0.00258771 0.0170283
internal_weight=1156.23 981.369 741.164 713.384 667.039 269.154 263.366 240.206 397.885 371.739 112.911 174.861 367.312 16.1675
internal_count=52724 29694 28141 28018 27326 19901 19826 1553 7425 6665 10835 23030 6632 119
is_linear=0
shrinkage=0.02


Tree=79
num_leaves=15
num_cat=0
split_feature=0 9 30 21 31 9 21 31 16 0 0 13 0 24
split_gain=142.418 95.2076 39.9754 21.6175 16.1324 14.7682 16.5861 15.4321 16.325 18.4274 16.6222 13.265 13.3156 13.279
threshold=0.024132743477821354 1.4912332500000003 0.6591252088546754 1.0000000180025095e-35 0.90346908569335949 89.048671000000013 1.0000000180025095e-35 0.42232277989387518 1.0000000180025095e-35 -0.11303939962476546 1.0000000180025095e-35 1.0000000180025095e-35 -0.067841768831901253 2.5000000000000004
decision_type=10 2 8 2 8 2 2 8 2 8 10 2 8 2
left_child=1 2 -1 11 -5 7 -7 -3 9 -9 -11 13 -13 -4
right_child=-2 5 3 4 -6 6 -8 8 -10 10 -12 12 -14 -15
leaf_value=0.0056653272736846283 0.010801282719953984 0.019549606370434184 -0.019261946266986331 0.031859054017596554 -0.011678015986085427 0.022251865117583161 -0.0070000395447544122 -0.0052011263456464155 -0.0072002174818198133 0.0085495411648501603 -0.010201322198357855 -0.013937996732836884 -0.0026650957208688522 0.023790088425431424
leaf_weight=49.565105093643069 336.03822867944837 16.403114380314946 158.14497548667714 6.42327959090471 5.5474519059062013 26.969912357628345 10.175798995420335 79.277792676351964 86.91325138323009 157.58344263397157 20.617440722882748 149.08182837907225 58.917895115911961 2.1098757050931445
leaf_count=1629 3127 142 22563 115 156 255 174 2071 2020 2093 271 16261 2032 43
internal_value=-0.00016046 -0.00461832 -0.0111341 -0.0133332 0.0123383 0.00242927 0.0142651 0.00117465 0.000245402 0.00277684 0.00633529 -0.0141988 -0.0107729 -0.0185511
internal_weight=1163.77 827.731 429.79 380.225 11.9707 397.941 37.1457 360.795 344.392 257.479 178.201 368.255 208 160.255
internal_count=52952 49825 42799 41170 271 7026 429 6597 6455 4435 2364 40899 18293 22606
is_linear=0
shrinkage=0.02


Tree=80
num_leaves=15
num_cat=0
split_feature=0 1 28 2 2 12 6 12 0 1 0 9 12 10
split_gain=101.925 136.396 31.8179 31.125 20.5304 20.1029 13.4199 16.2714 12.624 11.7167 15.6879 14.9914 10.5956 13.4154
threshold=0.024132743477821354 inf 1.0000000180025095e-35 1.5000000000000002 1.0000000180025095e-35 0.11613876372575761 11.050000000000002 0.57164406776428234 0.23529412597417834 0.0067873299121856698 -0.0027472527472527466 6.4991875000000006 0.75829562544822704 53.775000000000006
decision_type=10 8 2 2 2 2 2 2 10 10 8 2 2 2
left_child=1 3 -3 5 6 -1 8 -8 -2 11 -11 -7 13 -13
right_child=4 2 -4 -5 -6 9 7 -9 -10 10 -12 12 -14 -15
leaf_value=0.020335219264791614 -0.0028708225468964473 -0.014581856143358328 0.0089259475744273425 0.023458518000802082 0.028483735968084251 -0.006015530818477101 0.017110384579221344 0.0050625440111525186 0.0095785050669941335 -0.0005331233503786556 0.01490443040813256 -0.0013930983184934102 -0.0044398291197661633 0.012281947849364627
leaf_weight=21.550557745620608 70.037610210478306 344.55736959911883 24.027328263968229 27.74318291246891 19.720421612262726 134.62683451734483 93.172349095344543 87.856496255844831 59.36455075070262 56.344396138563752 48.322083489969373 50.763507494702935 52.934610681608319 64.45708068087697
leaf_count=146 1153 41588 481 122 85 2894 576 854 436 1360 674 741 1086 692
internal_value=-0.000238621 -0.0039955 -0.0130294 0.0033073 0.00913668 0.0019526 0.00782013 0.0113233 0.00287009 0.000932913 0.00666764 -0.00106491 0.00291075 0.00629689
internal_weight=1155.48 825.327 368.585 456.742 330.151 428.999 310.431 181.029 129.402 407.449 104.666 302.782 168.155 115.221
internal_count=52888 49784 42069 7715 3104 7593 3019 1430 1589 7447 2034 5413 2519 1433
is_linear=0
shrinkage=0.02


Tree=81
num_leaves=15
num_cat=0
split_feature=13 4 12 30 30 30 5 30 11 9 17 1 31 8
split_gain=121.111 40.9076 30.743 27.2712 20.0155 19.4278 18.7237 15.0566 10.9468 9.79413 8.51604 22.0036 11.5961 9.51819
threshold=1.0000000180025095e-35 1.0000000180025095e-35 0.15535445511341098 0.79185521602630626 0.8355957865715028 0.88499245047569286 1.0000000180025095e-35 0.24132730066776278 0.46003016829490667 0.49962900000000005 1.0000000180025095e-35 -0.50625786497585878 0.87820512056350719 2.5000000000000004
decision_type=2 2 2 8 10 10 2 8 2 2 2 10 10 2
left_child=3 5 -3 -1 8 7 -5 9 -4 -2 11 12 -10 -14
right_child=1 2 4 6 -6 -7 -8 -9 10 -11 -12 -13 13 -15
leaf_value=0.011804598961516914 0.030856643126623239 0.020946439274362363 0.021584873969741958 -0.019092029998180861 -0.0018152367227791798 -0.014825321680954294 0.027298632408395595 -0.0026257299507070615 -0.0092761951179947729 -0.0022243879642844387 0.0095327756013061302 0.0063488369844442831 0.049099908032830208 -0.00067678524478989273
leaf_weight=12.555935628246514 8.2314337939023954 45.250655692070723 16.814775632694364 151.98939278675243 170.89696386829019 51.17846430465579 2.7197482157498589 222.31868185009807 59.303650783374906 5.6405140012502661 145.55363135784864 251.57905994541943 1.5570892728865136 3.7835593055933714
leaf_count=632 36 345 143 22357 3085 6136 92 12106 2574 26 872 4254 27 97
internal_value=-0.000125449 0.00255821 0.00518133 -0.0158043 0.00405244 -0.00377938 -0.0181064 -0.0013335 0.00614711 0.0181604 0.00553954 0.00367725 -0.0066582 0.0192907
internal_weight=1149.37 982.108 694.739 167.265 649.489 287.369 154.709 236.191 478.592 13.8719 461.777 316.223 64.6443 5.34065
internal_count=52782 29701 11397 23081 11052 18304 22449 12168 7967 62 7824 6952 2698 124
is_linear=0
shrinkage=0.02


Tree=82
num_leaves=15
num_cat=0
split_feature=13 0 30 24 0 2 30 9 30 31 2 30 31 7
split_gain=126.312 86.0609 32.8034 20.477 20.0031 21.3176 20.0616 17.0385 18.0158 13.9678 12.5806 12.3272 11.4563 11.4257
threshold=1.0000000180025095e-35 -0.1092857224025537 0.79185521602630626 2.5000000000000004 0.15277405521307963 2.5000000000000004 0.69079941511154186 6.4991875000000006 0.21266968548297885 0.18702866137027743 1.0000000180025095e-35 0.91440421342849743 0.56259429454803478 3.5000000000000004
decision_type=2 8 8 2 10 2 10 2 8 8 2 10 8 2
left_child=2 7 -1 -4 5 6 9 8 -2 -3 11 13 -9 -6
right_child=1 4 3 -5 10 -7 -8 12 -10 -11 -12 -13 -14 -15
leaf_value=0.013343859379760624 0.028331369629523234 0.038677141350858528 -0.019341311411668255 0.030993103454770635 0.015803997983721091 0.028346936262216908 -0.0017656481857091463 0.036786909473981437 -0.0086709476371714216 0.0063023948325656685 0.029468696233749703 -0.0056450742619857152 0.0023697228857570492 0.005042000181298305
leaf_weight=13.581049638800321 4.424675114452838 4.4701225254684678 149.99820493720472 2.4414969198405734 116.77882622554898 13.805043235421179 161.95276031829417 3.3691409202292553 247.53164025116712 310.31135950889438 14.749291911721228 16.480704355984926 35.356704673729837 61.254929404705763
leaf_count=650 20 26 22425 48 940 61 3514 34 18935 5021 64 104 839 384
internal_value=0.000408228 0.00311835 -0.0156823 -0.0183384 0.00691526 0.00469044 0.00394751 -0.00601488 -0.00791171 0.00688316 0.0120834 0.0106211 0.00621466 0.01215
internal_weight=1156.51 990.485 166.021 152.44 699.803 490.539 476.734 290.682 251.956 314.781 209.264 194.514 38.7258 178.034
internal_count=53065 29942 23123 22473 10114 8622 8561 19828 18955 5047 1492 1428 873 1324
is_linear=0
shrinkage=0.02


Tree=83
num_leaves=15
num_cat=0
split_feature=13 0 30 2 0 31 26 9 31 31 30 31 15 18
split_gain=113.703 79.0519 35.0872 17.6919 19.4431 15.507 14.4805 14.1977 13.1258 11.9342 11.6377 10.5772 10.1269 10.4695
threshold=1.0000000180025095e-35 -0.1092857224025537 0.85671192407608043 2.5000000000000004 0.29725380437570942 0.18702866137027743 1.0000000180025095e-35 6.4991875000000006 0.56259429454803478 0.63084465265274059 0.79185521602630626 0.52337861061096203 3.5000000000000004 1.5000000000000002
decision_type=2 8 8 2 10 8 2 2 10 8 8 8 2 2
left_child=2 7 -1 4 5 -3 -4 10 12 -9 11 -2 -7 -14
right_child=1 3 6 -5 -6 8 -8 9 -10 -11 -12 -13 13 -15
leaf_value=0.012171032788880572 0.0048352290130147671 0.035426385262630429 -0.019060313718215875 0.029623052754130606 0.013737760530510772 0.0046778764471848127 0.045056939544018279 0.037226215088677031 -0.0024864730853904025 0.0010331456778098172 -0.010722585089560933 -0.012123333413796816 -0.012196081235960585 0.025672557522595642
leaf_weight=15.853149265050886 43.211108798161149 5.3209784720093003 147.02662530820817 11.57501597702503 100.12662505358458 462.34225325565785 0.5071733221411695 3.0673387488350263 105.39454446267337 35.656315383501351 182.72720496356487 21.052924878895283 2.9150528982281694 15.665993202477694
leaf_count=892 2349 32 22238 51 584 5617 4 45 3689 830 15913 728 28 103
internal_value=-9.88543e-05 0.00245883 -0.0155025 0.00606058 0.00562413 0.00423015 -0.018538 -0.00639776 0.0038872 0.00476499 -0.00816003 -0.000821036 0.00528625 0.0194122
internal_weight=1152.44 989.055 163.387 703.34 691.765 591.639 147.534 285.715 586.318 38.7237 246.991 64.264 480.923 18.581
internal_count=53103 29969 23134 10104 10053 9469 22242 19865 9437 875 18990 3077 5748 131
is_linear=0
shrinkage=0.02


Tree=84
num_leaves=15
num_cat=0
split_feature=4 0 0 30 30 15 21 11 0 30 30 0 5 30
split_gain=100.343 52.5807 31.0743 25.5559 24.1934 20.7595 22.5005 22.7029 18.7248 16.2924 15.511 19.3049 13.7288 13.5034
threshold=1.0000000180025095e-35 -0.51867368290936189 0.075917984454569834 0.674208164215088 0.30015084147453314 1.0000000180025095e-35 1.0000000180025095e-35 0.91817495226860057 0.024132743477821354 0.12368024513125421 0.56259429454803478 -0.37999195926025192 1.0000000180025095e-35 0.82956260442733776
decision_type=2 10 10 8 8 2 2 2 10 8 10 8 2 8
left_child=1 3 4 -1 -2 6 8 -8 -6 -3 11 -7 -5 -4
right_child=2 9 13 12 5 10 7 -9 -10 -11 -12 -13 -14 -15
leaf_value=0.012373745874487254 0.025324583328408496 0.027066426581017579 0.020898085210068241 -0.017689473975301944 -0.017853364699005562 -0.014033941263091194 0.021871213745168396 -0.0066714998413304949 0.014872488367272979 -0.0014682309921381321 -0.00072176814390495069 0.0088667502167409738 0.0004732406305017748 0.0084805116326627326
leaf_weight=12.740278092212973 16.425599962472916 7.3313124775886527 45.764760341495275 186.55441224621609 56.192284391727298 15.029351213946937 17.114809133112431 28.133553806692362 7.201303517445921 202.73602584563196 187.30832330323756 195.75558971613646 18.211913904175162 153.00660710968077
leaf_count=468 83 30 231 27325 5306 331 301 862 137 10754 3410 2517 281 957
internal_value=0.000172814 -0.00749523 0.0047184 -0.014364 0.00215151 0.00135196 -0.00635954 0.00436401 -0.0139626 -0.000348859 0.00346714 0.00717533 -0.0160796 0.0114298
internal_weight=1149.51 427.574 721.932 217.507 523.161 506.735 108.642 45.2484 63.3936 210.067 398.093 210.785 204.766 198.771
internal_count=52993 38858 14135 28074 12947 12864 6606 1163 5443 10784 6258 2848 27606 1188
is_linear=0
shrinkage=0.02


Tree=85
num_leaves=15
num_cat=0
split_feature=13 4 12 30 30 2 30 2 2 1 12 16 6 18
split_gain=121.028 36.587 31.2133 24.4823 23.1896 19.8237 17.0614 14.6796 10.0318 10.2734 9.07607 25.9141 17.011 15.5206
threshold=1.0000000180025095e-35 1.0000000180025095e-35 0.15535445511341098 0.74962294101715099 0.85671192407608043 1.5000000000000002 0.12368024513125421 1.0000000180025095e-35 1.0000000180025095e-35 0.21983405947685244 0.69079941511154186 1.0000000180025095e-35 15.050000000000002 2.5000000000000004
decision_type=2 2 2 10 8 2 8 2 2 8 2 2 2 2
left_child=4 3 -3 6 -1 10 -2 -6 9 -8 12 13 -4 -12
right_child=1 2 5 -5 7 -7 8 -9 -10 -11 11 -13 -14 -15
leaf_value=0.0067861263464916652 0.03036546427758894 0.021544763180193219 -0.00020551231914668112 -0.012570936174643341 -0.01915711234572021 0.020850223033320937 -0.016412702743432078 0.035811869987647203 0.019940725340085671 -0.00019184167757564747 0.0038135364620522517 -0.0091144293313946047 0.0084474893257504985 0.042208699513237864
leaf_weight=15.632641141302882 6.3418649286031714 43.055198872461915 142.8774110917002 79.897204303182662 141.96123072551563 26.265051007270813 16.162255803123116 1.0857059024274338 8.0151684591546637 173.8541416162625 162.0111146774143 77.315169125795364 248.4734693095088 3.3396104648709288
leaf_count=915 26 335 2897 9336 22267 116 304 24 61 8645 2920 1941 3250 31
internal_value=0.000179457 0.00278882 0.00523402 -0.0032582 -0.0159767 0.00413947 0.000425979 -0.0184942 -0.000680567 -0.00165024 0.00341546 0.000373545 0.00529591 0.00483808
internal_weight=1146.29 987.608 703.337 284.271 158.68 660.282 204.373 143.047 198.032 190.016 634.017 242.666 391.351 165.351
internal_count=53068 29862 11490 18372 23206 11155 9036 22291 9010 8949 11039 4892 6147 2951
is_linear=0
shrinkage=0.02


Tree=86
num_leaves=15
num_cat=0
split_feature=13 4 30 11 30 10 2 19 30 30 31 24 2 1
split_gain=111.709 29.633 27.9102 24.3314 21.0453 16.32 15.9856 15.525 12.1846 10.8798 10.7289 9.90535 9.29842 10.341
threshold=1.0000000180025095e-35 1.0000000180025095e-35 0.85671192407608043 0.69079941511154186 0.88499245047569286 11.550000000000002 2.5000000000000004 1.7750000000000001 0.24132730066776278 0.12368024513125421 0.97285065054893505 2.5000000000000004 1.0000000180025095e-35 -0.19871662893809058
decision_type=2 2 8 2 10 2 2 2 10 8 10 2 2 10
left_child=2 4 -1 5 9 -3 -5 -7 -9 -2 12 -4 13 -11
right_child=1 3 11 6 -6 7 -8 8 -10 10 -12 -13 -14 -15
leaf_value=0.0091637818975977038 0.022663763286572314 0.0050009828748719797 -0.019261116172468312 0.002488284274077877 -0.014890707394019459 0.028583651766395993 0.027101207096108082 -0.0034561439738953724 0.022608832765076425 -0.0016719606020412815 0.027380051145896759 0.019396688874778144 0.016155491800141548 -0.0194705008333859
leaf_weight=15.559793274849651 6.8394174128770819 57.37880777567625 137.67402007104829 569.90534446202219 48.132780453190207 34.767686652950943 9.7687808573245984 15.652881000190975 11.90142974257469 204.57142031379044 4.1099685691297045 1.9419994726777066 9.8564244117587787 12.971308723092077
leaf_count=900 28 817 22180 10054 6098 316 44 122 71 11867 38 38 74 235
internal_value=-4.87815e-05 0.00243854 -0.0157656 0.0046559 -0.00297197 0.0128289 0.00294902 0.0198431 0.00819952 -0.000512904 -0.00129214 -0.0185893 -0.00192796 -0.00281746
internal_weight=1141.03 985.856 155.176 699.375 286.481 119.701 579.674 62.322 27.5543 238.349 231.509 139.616 227.399 217.543
internal_count=52882 29764 23118 11424 18340 1326 10098 509 193 12242 12214 22218 12176 12102
is_linear=0
shrinkage=0.02


Tree=87
num_leaves=15
num_cat=0
split_feature=13 0 30 1 31 30 12 23 31 17 1 30 10 1
split_gain=107.359 67.4638 21.6983 17.9193 16.0253 15.0543 11.6979 12.9187 18.9106 12.4426 20.1332 14.2163 11.1445 12.4439
threshold=1.0000000180025095e-35 0.024132743477821354 0.85671192407608043 inf 0.4177978932857514 0.87028658390045177 0.16138763725757602 1.0000000180025095e-35 0.85671192407608043 1.0000000180025095e-35 0.0090813057986893122 0.90346908569335949 7.2750000000000012 -0.47918997316777751
decision_type=2 8 8 8 8 8 2 2 8 2 10 8 2 10
left_child=2 3 -1 4 -2 -5 7 8 -3 10 -8 -12 13 -11
right_child=1 6 -4 5 -6 -7 9 -9 -10 12 11 -13 -14 -15
leaf_value=0.0062152234199145777 0.019147527694701589 0.027331118184932314 -0.018559714799562178 -0.00080785217294694102 -0.001988445957772705 -0.012806967023318966 0.0010228761537334546 0.025241662850364933 -0.0081833311968340702 0.011598160471562688 0.00064048308657091045 0.022777975535678618 0.012305490014522335 -0.0066553227713930466
leaf_weight=15.26838179072365 14.559282433241604 8.3560152202844638 137.44662006059662 61.974687554873526 183.50979083590209 128.53694079723209 300.05626053549349 24.917126551270485 15.836333109065889 26.933576565235853 18.334381705150008 30.887477809563279 140.00379476696253 31.161142267286777
leaf_count=907 95 41 22269 4969 4249 14136 4553 112 137 167 275 313 686 187
internal_value=-0.000512297 0.00191166 -0.0160584 -0.00456597 -0.000346442 -0.00892818 0.00613209 0.0154088 0.00468131 0.00527323 0.00298808 0.014709 0.00926705 0.00186032
internal_weight=1137.78 985.067 152.715 388.581 198.069 190.512 596.486 49.1095 24.1923 547.377 349.278 49.2219 198.099 58.0947
internal_count=53096 29920 23176 23449 4344 19105 6471 290 178 6181 5141 588 1040 354
is_linear=0
shrinkage=0.02


Tree=88
num_leaves=15
num_cat=0
split_feature=13 0 30 23 1 1 30 0 26 11 9 6 0 6
split_gain=104.965 66.768 28.9365 17.3713 17.5438 16.8133 14.9686 13.3002 13.1406 12.2407 18.9155 12.0377 11.9041 11.1156
threshold=1.0000000180025095e-35 -0.087481148540973649 0.6591252088546754 1.0000000180025095e-35 0.33900782566580501 0.59321741166686104 0.11613876372575761 0.092103255071450882 1.0000000180025095e-35 0.87028658390045177 1.0000000180025095e-35 193.12500000000003 0.14225408737603865 16.550000000000004
decision_type=2 8 8 2 10 8 8 10 2 2 2 2 10 2
left_child=2 5 -1 4 6 11 -3 13 -4 10 -7 -2 -6 -5
right_child=1 3 8 7 12 9 -8 -9 -10 -11 -12 -13 -14 -15
leaf_value=0.014236238427331172 -0.0018155842675809987 0.032330290321379275 -0.018553134323927033 -0.012323408728674297 0.026467608699330972 0.0066896773889588293 0.0034941265833210765 0.024001591531540478 0.040968176158419987 -0.0150979061589596 -0.012840637688524136 0.022862225761077017 -0.011009099788664574 0.011813866232479311
leaf_weight=11.364389383234082 118.0717291161418 6.3076483011245719 138.48524544434622 8.4910913966596109 20.763551559299234 35.127567194402218 589.77704429812729 32.906637102365494 0.59251193702220817 85.361903503071517 43.204427015036345 7.4690407663583747 3.4429957419633856 40.530702099204063
leaf_count=303 2793 26 22776 69 155 3261 9037 146 4 10119 3863 166 15 227
internal_value=1.40959e-05 0.0023807 -0.0154952 0.00570961 0.00455121 -0.00569325 0.0038529 0.0143194 -0.0180089 -0.00989603 -0.00410845 -0.000178311 0.0209119 0.00747026
internal_weight=1141.9 991.454 150.442 702.22 620.291 289.235 596.085 81.9284 139.078 163.694 78.332 125.541 24.2065 49.0218
internal_count=52960 29877 23083 9675 9233 20202 9063 442 22780 17243 7124 2959 170 296
is_linear=0
shrinkage=0.02


Tree=89
num_leaves=15
num_cat=0
split_feature=4 2 14 2 23 15 29 17 1 9 28 15 19 19
split_gain=85.6255 27.5221 34.0371 19.0465 18.3119 15.5272 15.2189 13.7348 15.808 13.3542 8.94411 8.17429 10.8995 9.92502
threshold=1.0000000180025095e-35 1.0000000180025095e-35 1.0000000180025095e-35 1.5000000000000002 1.0000000180025095e-35 1.0000000180025095e-35 1.0000000180025095e-35 1.0000000180025095e-35 -0.64215683937072743 1.9992227500000002 1.0000000180025095e-35 3.5000000000000004 14.625000000000002 2.7750000000000004
decision_type=2 2 2 2 2 2 2 2 10 2 2 2 2 2
left_child=1 2 6 4 7 -6 -1 8 -2 -7 -11 13 -13 -10
right_child=3 -3 -4 -5 5 9 -8 -9 11 10 -12 12 -14 -15
leaf_value=-0.01903676201547649 -0.008400757624914058 0.023563362798507605 -0.0039987287772326055 0.019785547856912472 0.034534640677852863 -0.018900869412848964 -0.00050704576140069046 0.0065047010085907235 0.003280675878662832 0.0076969382028935088 0.026301559253530664 -0.015792624458297752 0.028231180690512177 -0.0045259537456573519
leaf_weight=117.65185732673854 73.089938723947853 10.209389103576539 260.15730891702697 28.335606029257178 9.4136933982372266 5.7335298098623744 20.909956112969667 186.00243404135108 243.74744788371027 71.124998856335878 11.501976169645785 2.2479761540889731 8.3233405239880067 87.81366422586143
leaf_count=18753 5502 79 18104 127 42 86 1959 1153 5363 428 54 22 71 1317
internal_value=-0.000128736 -0.00744038 -0.00829121 0.00398665 0.00331886 0.0113018 -0.0162642 0.00200402 -2.28874e-05 0.00846787 0.0105703 0.00178615 0.0183138 0.0012057
internal_weight=1136.26 408.929 398.719 727.335 698.999 97.7742 138.562 601.225 415.222 88.3605 82.627 342.132 10.5713 331.561
internal_count=53060 38895 38816 14165 14038 610 20712 13428 12275 568 482 6773 93 6680
is_linear=0
shrinkage=0.02


Tree=90
num_leaves=15
num_cat=0
split_feature=13 0 11 1 28 0 1 5 6 1 31 11 9 21
split_gain=94.1409 69.5093 21.478 20.7669 17.132 15.117 21.8678 12.7602 12.4903 12.4004 11.4038 10.0828 12.2784 13.7982
threshold=1.0000000180025095e-35 0.024132743477821354 0.27300152182579046 -0.3709934144549189 1.0000000180025095e-35 0.16440422832965854 0.33900782566580501 1.0000000180025095e-35 350.25000000000006 0.20165700213227317 0.63084465265274059 0.90950226783752453 1.0000000180025095e-35 1.0000000180025095e-35
decision_type=2 8 2 10 2 10 10 2 2 10 10 2 2 2
left_child=4 2 -2 11 7 6 -3 -1 10 -7 -5 12 -4 -14
right_child=1 5 3 8 -6 9 -8 -9 -10 -11 -12 -13 13 -15
leaf_value=-0.017611409443610459 0.028784680899668597 0.0031194903041516287 0.0019896746332926556 0.0021045021596179029 0.011448687139042592 0.011763107609046052 0.025423223262280779 0.020414960368643816 0.051782560343835174 -0.01496751785013267 -0.012934286331040315 -0.014397255044472644 -0.011778067920902515 0.028215296520685388
leaf_weight=134.44949537748471 6.6660204976797095 382.55499081127346 52.677170915529132 134.68632982671261 8.555828854441641 197.24088196083903 17.466540828347206 2.8260717978700987 0.87582698091864486 6.3702536374330512 22.690495086833835 84.634886149317026 83.002013721037656 2.6687856651842585
leaf_count=22869 84 5002 5055 2810 105 1359 119 98 16 28 876 8390 6183 18
internal_value=-2.23104e-05 0.00218889 -0.00440996 -0.00506417 -0.0149692 0.00642967 0.00415433 -0.0166866 0.00047891 0.0108577 -0.000131758 -0.00898271 -0.00559079 -0.010221
internal_weight=1137.37 991.534 387.902 381.236 145.831 603.633 400.022 137.276 158.253 203.611 157.377 222.983 138.348 85.6708
internal_count=53012 29940 23432 23348 23072 6508 5121 22967 3702 1387 3686 19646 11256 6201
is_linear=0
shrinkage=0.02


Tree=91
num_leaves=15
num_cat=0
split_feature=0 1 28 2 20 6 31 7 31 6 0 31 12 9
split_gain=82.115 99.244 23.6033 20.0843 15.5783 13.2708 22.3894 16.4036 15.813 13.1185 12.7329 21.9852 12.3829 12.3416
threshold=0.024132743477821354 inf 1.0000000180025095e-35 2.5000000000000004 1.0000000180025095e-35 10.775000000000002 0.96870285272598278 3.5000000000000004 0.82956260442733776 17.050000000000004 -0.51867368290936189 0.12368024513125421 0.15535445511341098 26.550000000000004
decision_type=10 8 2 2 2 2 10 2 8 2 10 8 2 2
left_child=1 3 10 4 12 6 -2 8 9 -7 -3 -12 -1 -9
right_child=5 2 -4 -5 -6 7 -8 13 -10 -11 11 -13 -14 -15
leaf_value=0.014897112800274849 0.0012036865425170396 -0.01629203502998049 0.006572290289855726 0.027895490696035204 -0.015733678174379429 0.015417299594660308 0.04271998699011658 0.0037219454099175131 0.013551181392527303 0.055267229836633076 0.045732867592266011 -0.0090494922442331208 0.0017976810727496281 0.027397172999591796
leaf_weight=30.132979769259691 116.95166065730155 195.85938909463584 25.47371188364923 11.285509347915648 18.072205577045679 7.8739609085023385 4.4412747714668503 102.22772512957454 95.835444247350097 6.5002043955028057 2.0341244414448729 104.47365859802812 403.71756462007761 8.7001287527382356
leaf_count=208 1426 30710 480 52 568 117 46 749 675 73 165 10639 6982 40
internal_value=0.000240585 -0.00330155 -0.0117047 0.00265824 0.00196782 0.00840669 0.00305923 0.0113152 0.0167572 0.0358607 -0.013261 -0.00758758 0.00273966 0.00580699
internal_weight=1133.58 791.049 327.841 463.208 451.923 342.53 121.393 221.137 110.21 14.3742 302.367 106.508 433.851 110.928
internal_count=52930 49804 41994 7810 7758 3126 1472 1654 865 190 41514 10804 7190 789
is_linear=0
shrinkage=0.02


Tree=92
num_leaves=15
num_cat=0
split_feature=13 0 30 25 30 0 2 1 30 1 12 1 15 19
split_gain=92.3726 72.6628 23.6477 20.0223 20.0138 17.2625 18.8969 14.9245 12.3003 13.3188 12.0758 11.6945 10.2922 11.8239
threshold=1.0000000180025095e-35 -0.045917600305429955 0.85671192407608043 2.5000000000000004 0.46003016829490667 0.23529412597417834 1.5000000000000002 inf 0.33634993433952337 0.33900782566580501 0.51131224632263195 0.17058455144486781 3.5000000000000004 64.250000000000014
decision_type=2 8 8 2 8 10 2 8 8 10 2 10 2 2
left_child=2 4 -1 -4 -2 6 8 -6 -3 12 -11 -7 -10 -14
right_child=1 5 3 -5 7 11 -8 -9 9 10 -12 -13 13 -15
leaf_value=0.0076124793330524859 0.011932851467016406 0.020158755646728622 -0.019150723864869126 0.030709774076399667 -0.0023605105743395682 0.01325003189878742 0.019802515656935665 -0.011556923542185711 0.0014781961406814593 0.0095555496970987225 0.051157476380033262 -0.012588755434419015 0.0018733007557803344 0.035181951450634408
leaf_weight=15.777827859390525 22.369086157530546 15.622339744120834 123.60652669053525 2.4426750019192687 130.70375808514655 135.55614457651973 28.149525374174118 154.10510591138154 461.0633963868022 11.493395846337078 2.9969570450484744 6.6224023401737204 9.4795507490634936 6.928600810468196
leaf_count=921 252 85 22125 47 3194 849 126 17749 7347 86 31 30 76 38
internal_value=-4.09955e-05 0.00213634 -0.0150732 -0.0179504 -0.0059205 0.00579042 0.00413197 -0.00735955 0.00322569 0.00264818 0.0209069 0.011967 0.00205152 0.0171514
internal_weight=1126.92 985.09 141.827 126.049 307.178 677.912 535.734 284.809 507.584 491.962 14.4904 142.179 477.472 16.4082
internal_count=52956 29863 23093 22172 21195 8668 7789 20943 7663 7578 117 879 7461 114
is_linear=0
shrinkage=0.02


Tree=93
num_leaves=15
num_cat=0
split_feature=13 0 21 2 0 24 11 1 1 12 31 1 13 12
split_gain=88.9829 61.1622 19.3164 19.0789 17.886 15.3135 13.7103 13.0829 19.2727 12.6659 12.1009 18.7344 10.5954 8.74949
threshold=1.0000000180025095e-35 -0.045917600305429955 1.0000000180025095e-35 1.5000000000000002 0.32273848153524959 2.5000000000000004 0.82956260442733776 0.048321953985397771 -0.090874791145324693 0.24886878579854968 0.96870285272598278 -0.27865758538246149 1.5000000000000002 0.20060332119464877
decision_type=2 8 2 2 10 2 2 10 10 2 10 10 2 2
left_child=5 2 -2 4 7 -1 -4 8 9 12 -11 -12 13 -3
right_child=1 3 6 -5 -6 -7 -8 -9 -10 10 11 -13 -14 -15
leaf_value=-0.016435149588521901 -0.0079756728879194598 -0.0065942267285203247 0.028050993117693036 0.019906675530160699 0.012678414579069867 0.028706672831531024 0.00050106268720591797 0.011080081039379781 -0.0061104454793522653 0.0013572092798775554 0.04117554290422655 -0.015577703815836149 0.017677497734759146 0.016726944370931088
leaf_weight=136.70867063896731 260.06313902372494 17.692325569689277 8.3933727983385307 31.076087296009064 83.4082992374897 2.1957832537591448 31.471030049026012 66.353495612740517 100.40517487563193 324.51753955893219 6.1897849235683662 2.7982782237231731 41.302505187690258 8.8222812712192518
leaf_count=23073 20269 192 80 140 474 43 799 699 1739 5042 84 57 214 74
internal_value=-0.000597882 0.00152564 -0.00598945 0.0048318 0.00408332 -0.0155215 0.00684614 0.00280129 0.00168655 0.00364759 0.00202888 0.0237158 0.0114628 0.0014914
internal_weight=1121.4 982.493 299.928 682.566 651.49 138.904 39.8644 568.081 501.728 401.323 333.506 8.98806 67.8171 26.5146
internal_count=52979 29863 21148 8715 8575 23116 879 8101 7402 5663 5183 141 480 266
is_linear=0
shrinkage=0.02


Tree=94
num_leaves=15
num_cat=0
split_feature=4 12 14 25 2 17 1 29 7 2 10 12 10 10
split_gain=68.3317 26.8094 22.3743 26.7795 15.0596 15.8594 14.923 14.542 12.522 9.27488 8.23782 6.22727 6.54385 6.20708
threshold=1.0000000180025095e-35 0.16138763725757602 1.0000000180025095e-35 1.5000000000000002 1.5000000000000002 1.0000000180025095e-35 -0.64215683937072743 1.0000000180025095e-35 1.0000000180025095e-35 1.5000000000000002 21.050000000000004 0.88499245047569286 11.050000000000002 7.2750000000000012
decision_type=2 2 2 2 2 2 10 2 2 2 2 2 2 2
left_child=2 -2 3 7 5 6 8 9 11 -1 -4 12 -3 -7
right_child=1 4 10 -5 -6 13 -8 -9 -10 -11 -12 -13 -14 -15
leaf_value=-0.019334978755034263 0.017875192546824875 -0.0045630817156640463 -0.0022967264916119736 0.023370864825649162 0.017186054643029091 0.0002515225871917611 0.0012795647206057385 -5.9778894505039358e-05 -0.014329127800761876 0.016042086530967864 -0.013594106911090349 0.034697664138165607 0.020521373449893309 0.0083193512929122682
leaf_weight=106.97862942982465 46.295081167947501 24.326373157091446 235.05566258635372 6.6007441617548457 25.124840673059225 50.846610615029931 369.96970179304481 20.407082367688417 49.263524923473597 2.3334304839372626 28.112225346267223 1.1680366406217206 3.9779298617504528 152.46435558050871
leaf_count=18628 548 1592 15794 81 115 357 6963 1975 3444 10 2474 52 152 885
internal_value=-0.000351826 0.0033135 -0.00698109 -0.01353 0.00229304 0.00169372 -0.000408577 -0.0155721 -0.0082575 -0.0184412 -0.00355043 0.00202851 -0.000457692 0.00631275
internal_weight=1122.92 723.436 399.488 136.32 677.141 652.017 448.706 129.719 78.7359 109.312 263.168 29.4723 28.3043 203.311
internal_count=53070 14108 38962 20694 13560 13445 12203 20613 5240 18638 18268 1796 1744 1242
is_linear=0
shrinkage=0.02


Tree=95
num_leaves=15
num_cat=0
split_feature=13 0 30 21 31 0 1 30 1 16 31 31 30 31
split_gain=84.0543 67.2567 26.2094 15.2575 12.9478 12.8739 12.457 22.9666 18.7575 20.9487 14.4515 14.0276 13.8405 13.4809
threshold=1.0000000180025095e-35 -0.091969242742316562 0.85671192407608043 1.0000000180025095e-35 0.56259429454803478 0.38143193840389439 0.042232289910316474 0.90346908569335949 -0.20437140863052292 1.0000000180025095e-35 0.94117647409439098 0.47058823704719549 0.85671192407608043 0.4177978932857514
decision_type=2 8 8 2 8 10 10 8 8 2 10 10 8 10
left_child=2 3 -1 -2 -5 6 8 -8 12 10 11 -10 13 -3
right_child=1 5 -4 4 -6 -7 7 -9 9 -11 -12 -13 -14 -15
leaf_value=0.0084767203671505652 -0.0083013486331648418 0.013614395530698539 -0.018011751253356439 0.01829829211613351 -0.0051425214782986903 0.014752468951521941 -0.00055610973815346679 0.019994226636689174 0.0046168830447932746 -0.010012653307230624 0.025349655538509559 -0.0053372216928395649 0.0050724837275776405 0.051745331327898728
leaf_weight=16.446247561369091 238.72125526983291 47.127609513700008 120.21347497915849 16.155782174319029 20.183461237698793 51.236268408596516 37.438845355063677 50.745278269052505 201.04739074874669 61.904612841084599 9.871433647349475 77.747044896706939 163.34098122641444 3.2491601519286624
leaf_count=904 19301 376 22227 140 620 289 459 459 2365 1310 161 2644 1640 34
internal_value=-0.000151874 0.00190435 -0.0147856 -0.00646606 0.0054898 0.00518065 0.00440758 0.0113611 0.00330275 0.000450219 0.00272081 0.00183184 0.00795798 0.017033
internal_weight=1115.43 978.769 136.66 275.06 36.3392 703.709 652.472 88.1841 564.288 350.57 288.666 278.794 213.718 50.3768
internal_count=52929 29798 23131 20061 760 9737 9448 918 8530 6480 5170 5009 2050 410
is_linear=0
shrinkage=0.02


Tree=96
num_leaves=15
num_cat=0
split_feature=13 0 30 0 30 30 10 11 7 11 10 21 9 0
split_gain=85.5996 51.3934 26.4467 17.3912 16.0573 11.6462 13.9415 27.696 13.4156 21.8324 12.6245 11.58 10.4939 9.84565
threshold=1.0000000180025095e-35 -0.20345830033113665 0.85671192407608043 0.29725380437570942 0.2443438917398453 0.86274510622024547 6.5500000000000007 0.89592760801315319 3.5000000000000004 0.92609351873397838 13.050000000000002 1.0000000180025095e-35 37.275000000000006 0.17696328062181724
decision_type=2 8 8 10 8 10 2 2 2 2 2 2 2 8
left_child=2 -2 -1 4 -3 6 7 -6 9 10 -8 12 -10 -9
right_child=1 3 -4 -5 5 -7 8 13 11 -11 -12 -13 -14 -15
leaf_value=0.0078001254183734259 -0.0066598523693789328 0.024718083208410523 -0.01862546936974337 0.011659329441918479 -0.0048881816843757264 -0.0028960739706958812 0.011414988282311207 0.0028937273619236881 0.0023493440963422009 -0.0034052494932533682 0.029552865186444142 -0.0081017609914756771 0.011926524193105179 0.024774733490344886
leaf_weight=16.797127994708717 227.89520771475509 12.259204074740408 117.99395489040762 105.39946016669273 135.53677828516811 128.47144030081108 43.430108381900936 14.944660139270125 151.57551088556647 24.749675430357456 24.892940105404705 28.529749117791653 64.987226914614439 18.140563108026981
leaf_count=919 17437 56 22300 600 3700 2877 590 462 2177 511 316 469 553 201
internal_value=-0.000416216 0.00164263 -0.0152992 0.00416114 0.00292453 0.00246577 0.00382804 -0.000867073 0.00616485 0.0125934 0.0183544 0.00368239 0.00526492 0.0152659
internal_weight=1115.6 980.813 134.791 752.917 647.518 635.259 506.787 168.622 338.165 93.0727 68.323 245.092 216.563 33.0852
internal_count=53168 29949 23219 12512 11912 11856 8979 4363 4616 1417 906 3199 2730 663
is_linear=0
shrinkage=0.02


Tree=97
num_leaves=15
num_cat=0
split_feature=13 0 30 30 24 23 11 13 13 13 31 0 31 12
split_gain=90.8744 60.2294 21.6236 16.3436 15.636 14.5828 14.7158 16.0702 11.9349 11.7705 15.4416 9.67045 10.5824 10.5512
threshold=1.0000000180025095e-35 -0.1092857224025537 0.85671192407608043 0.85671192407608043 2.5000000000000004 1.0000000180025095e-35 0.97285065054893505 3.5000000000000004 1.5000000000000002 1.5000000000000002 0.4177978932857514 0.29725380437570942 0.18702866137027743 0.21870286762714389
decision_type=2 8 8 10 2 2 2 2 2 2 8 10 8 2
left_child=2 9 -1 5 -4 6 11 -8 -7 -2 -11 12 -3 -14
right_child=1 3 4 -5 -6 8 7 -9 -10 10 -12 -13 13 -15
leaf_value=0.0063096148038151246 -0.0092726774946601167 0.031056642208405517 -0.019054327131040209 -0.0004958747626251078 0.025730764169391282 -0.0096053311120001175 0.023363606036246386 -0.0072375069198515928 0.0184448219644321 0.017807697940780548 -0.0034673018293693392 0.011426651638773657 -0.0080794440495599393 0.0042422843493622351
leaf_weight=16.350676474161446 142.77064620703459 4.5937669631093732 113.32106211129576 137.02178990794346 2.3738159388303748 6.1006630659103385 33.171807276085019 8.0867169220000488 61.998462520539761 14.536484520882366 111.27716460265219 77.132403999567032 29.177999538369477 363.46819458901882
leaf_count=920 16865 25 22161 2365 43 62 422 116 303 94 2796 464 332 6038
internal_value=0.000622819 0.00270723 -0.0148973 0.0057178 -0.0179228 0.00717472 0.00600329 0.0173364 0.0158293 -0.00536296 -0.000888152 0.00498319 0.00370651 0.00330844
internal_weight=1121.38 989.336 132.046 720.752 115.695 583.73 515.631 41.2585 68.0991 268.584 125.814 474.372 397.24 392.646
internal_count=53006 29882 23124 10127 22204 7762 7397 538 365 19755 2890 6859 6395 6370
is_linear=0
shrinkage=0.02


Tree=98
num_leaves=15
num_cat=0
split_feature=13 0 30 30 24 9 2 10 0 30 7 20 0 12
split_gain=84.4744 48.5999 20.1253 18.6688 19.6296 17.6806 16.6176 13.7249 13.2085 12.6387 12.4744 11.2002 9.66477 9.56427
threshold=1.0000000180025095e-35 0.069381598383188262 0.33031675219535833 0.79185521602630626 2.5000000000000004 6.4991875000000006 2.5000000000000004 53.125000000000007 0.35133960218044241 0.88499245047569286 3.5000000000000004 1.0000000180025095e-35 -0.58220210671424855 0.674208164215088
decision_type=2 8 8 8 2 2 2 2 10 10 2 2 10 2
left_child=3 2 -2 -1 -5 12 8 10 9 -3 13 -9 -4 -7
right_child=1 6 5 4 -6 7 -8 11 -10 -11 -12 -13 -14 -15
leaf_value=0.0073631960382864086 0.016249122324103797 0.0058312915825803361 -0.013462967811825873 -0.018700281332240772 0.030814152386093047 0.02517260256672282 0.027193494158077293 0.024676244433468143 0.013494343308204005 -0.0027707564841075627 -0.01010173969288798 -0.0095438981328589377 -0.0042357989979322106 -0.0016825846649265112
leaf_weight=13.038149351254104 19.957949083298445 394.89378189109266 53.995806788094342 113.12534141121432 2.4249481484293929 8.6689392905682343 13.68758814036846 17.783397717401389 72.311632312834263 81.944541776552796 25.417257675901055 4.2287597116082898 272.89177552983165 11.494518757797776
leaf_count=628 123 4205 6524 22461 43 131 64 325 400 1048 498 119 15967 337
internal_value=0.000317365 0.00232711 -0.00286661 -0.0148568 -0.0174057 -0.00387237 0.00614974 0.00538117 0.00557674 0.00435033 -0.000955137 0.0179732 -0.00579637 0.0105072
internal_weight=1105.86 977.276 414.438 128.588 115.55 394.48 562.838 67.5929 549.15 476.838 45.5807 22.0122 326.888 20.1635
internal_count=52873 29741 24024 23132 22504 23901 5717 1410 5653 5253 966 444 22491 468
is_linear=0
shrinkage=0.02


Tree=99
num_leaves=15
num_cat=0
split_feature=13 0 30 12 0 24 21 30 1 15 13 12 30 30
split_gain=91.3027 59.1766 23.8617 18.8918 13.248 12.6168 12.5348 11.601 11.1869 10.6323 10.7805 11.4546 9.83589 9.55321
threshold=1.0000000180025095e-35 -0.1092857224025537 0.6591252088546754 0.2443438917398453 0.29725380437570942 2.5000000000000004 1.0000000180025095e-35 0.90346908569335949 0.33900782566580501 3.5000000000000004 2.5000000000000004 0.56259429454803478 0.21266968548297885 0.42232277989387518
decision_type=2 8 8 2 10 2 2 8 10 2 2 2 8 8
left_child=2 6 -1 7 8 -4 12 -3 9 10 -5 -12 -2 -10
right_child=1 3 5 4 -6 -7 -8 -9 13 -11 11 -13 -14 -15
leaf_value=0.010977593063675985 0.030753364552998694 0.021287880796252923 -0.019054071442822298 0.0038124039520034954 0.01180203243959522 0.022685970719663506 0.0053927463762967432 0.007597476140427867 -0.009011594858077657 0.019398026241699153 0.0053769431131575349 -0.0067922089448839706 -0.0076164452258765791 0.024585511698344858
leaf_weight=11.852636151947079 1.7398638427257527 43.100301884114742 113.47686299495399 368.68303423654288 79.544709600508213 2.168122984468936 35.969075046479702 60.664283667691052 3.7229651063680675 13.531694725155829 45.582341630011797 91.585101393982768 227.05797481443733 15.13680227100849
leaf_count=301 8 205 22721 7001 475 39 726 529 24 103 386 1386 18939 116
internal_value=0.000541151 0.0026046 -0.0153177 0.00557045 0.00423028 -0.0180837 -0.00546857 0.0134329 0.00309147 0.00252292 0.00203412 -0.00273861 -0.00719211 0.0178335
internal_weight=1113.82 986.318 127.498 721.551 617.787 115.645 264.767 103.765 538.242 519.382 505.85 137.167 228.798 18.8598
internal_count=52959 29898 23061 10225 9491 22760 19673 734 9016 8876 8773 1772 18947 140
is_linear=0
shrinkage=0.02


Tree=100
num_leaves=15
num_cat=0
split_feature=13 4 12 26 11 2 28 11 6 16 3 12 12 12
split_gain=82.1201 26.4875 20.6009 13.9252 13.5209 12.6633 11.5544 10.0289 19.5881 16.1501 15.6401 15.5717 10.8115 10.1826
threshold=1.0000000180025095e-35 1.0000000180025095e-35 0.11613876372575761 1.0000000180025095e-35 0.19457013905048373 2.5000000000000004 1.0000000180025095e-35 0.8355957865715028 28.550000000000004 1.0000000180025095e-35 1.0000000180025095e-35 0.63763198256492626 0.63763198256492626 0.56259429454803478
decision_type=2 2 2 2 2 2 2 2 2 2 2 2 2 2
left_child=3 4 -3 6 -2 7 -1 8 -4 12 -10 -11 -9 -12
right_child=1 2 5 -5 -6 -7 -8 9 10 11 13 -13 -14 -15
leaf_value=-0.017380534135044458 0.031105383244337856 0.019646983328432423 0.0010470035681070676 0.039346278286191722 -0.0037959103667782935 0.023879211535030889 0.0064728257967686508 -0.00068076780243045811 0.0092691750901310755 0.0053982528050097013 0.039120005252466401 -0.0097506495379853595 0.0069078611296312089 -0.0011354263576924882
leaf_weight=115.94870125502348 3.5237491745501748 31.645213513635099 133.85124844778329 0.93765145540237327 266.51313067320734 10.852599129080771 8.2312875092029554 132.3344106702134 96.512107882648706 39.087802227586508 11.513381569646297 84.060968885198236 172.1248434772715 3.0759238852187982
leaf_count=22986 37 222 2183 6 18368 52 111 2286 989 483 146 2111 2992 92
internal_value=0.000157601 0.00210098 0.0041149 -0.0150386 -0.00322739 0.00336804 -0.0157603 0.0030021 0.00622047 0.00114827 0.0123884 -0.00493759 0.003618 0.0311044
internal_weight=1110.21 985.095 715.058 125.118 270.037 683.413 124.18 672.561 244.953 427.608 111.101 123.149 304.459 14.5893
internal_count=53064 29961 11556 23103 18405 11334 23097 11282 3410 7872 1227 2594 5278 238
is_linear=0
shrinkage=0.02


Tree=101
num_leaves=15
num_cat=0
split_feature=13 0 2 15 29 24 13 31 13 12 9 31 0 0
split_gain=74.3302 42.2919 17.053 19.4824 15.5761 14.6119 10.646 14.5744 11.7932 10.3476 9.82602 11.6492 18.7269 8.40814
threshold=1.0000000180025095e-35 0.024132743477821354 1.0000000180025095e-35 1.5000000000000002 1.0000000180025095e-35 2.5000000000000004 1.5000000000000002 0.56259429454803478 2.5000000000000004 0.092006035149097457 1.0000000180025095e-35 0.23529411852359775 -0.68476620316505421 -0.54896703762651533
decision_type=2 8 2 2 2 2 2 8 2 2 2 8 10 10
left_child=4 6 9 -4 5 -1 10 8 13 -3 11 12 -2 -8
right_child=1 2 3 -5 -6 -7 7 -9 -10 -11 -12 -13 -14 -15
leaf_value=-0.018780647976433581 -0.0079987485015428558 0.01638697432798724 0.022313021056274116 0.00095136904414975588 0.0014631321023269048 0.023785890238381228 -0.0074111831485459212 -0.002160335796650393 0.044616578926003916 0.0033250646470315065 -0.011277954488254027 -0.0073651024513017018 0.023615133692888219 0.018079899750789889
leaf_weight=101.19791527744383 13.837158964946868 24.56229243054986 44.46385956928134 27.500108618289232 20.499291466549039 2.5103807114064685 8.2261740453541314 175.16724626906216 3.3163018487393847 512.87675271369517 94.46333618555218 51.385994253214449 14.426954459398983 11.222859615460038
leaf_count=21081 2020 143 226 188 1995 45 58 4133 21 5931 9928 5943 1030 139
internal_value=0.000101661 0.00195114 0.00519184 0.0142749 -0.0144112 -0.017533 -0.00335674 -0.000177902 0.0145249 0.00395135 -0.0069488 -0.00173834 0.00839359 0.007463
internal_weight=1105.66 981.449 609.403 71.964 124.208 103.708 372.046 197.933 22.7653 537.439 174.113 79.6501 28.2641 19.449
internal_count=52881 29760 6488 414 23121 21126 23272 4351 218 6074 18921 8993 3050 197
is_linear=0
shrinkage=0.02


Tree=102
num_leaves=15
num_cat=0
split_feature=4 0 0 9 25 31 1 31 16 1 7 19 1 0
split_gain=64.4277 35.9685 27.7592 19.875 18.7675 15.5886 14.249 13.2138 12.8043 17.017 12.2992 16.0214 15.4923 9.28129
threshold=1.0000000180025095e-35 -0.51867368290936189 0.069381598383188262 6.2513487500000009 1.5000000000000002 0.63084465265274059 -0.010505515212381342 0.23529411852359775 1.0000000180025095e-35 -0.48573294275968709 3.5000000000000004 24.050000000000004 0.054298654198646552 0.011458054140980972
decision_type=2 10 10 2 2 8 10 8 2 10 2 2 10 8
left_child=1 4 3 6 -1 -5 -2 -3 10 -10 -7 12 -12 -8
right_child=2 7 -4 5 -6 8 13 -9 9 -11 11 -13 -14 -15
leaf_value=-0.014290417319483684 -0.0052978598114124774 0.015513009401701163 0.0099991811945498166 0.038597633062880589 0.018010052919549088 0.031935029621331538 -0.001675550871649621 -0.0021887192414486631 0.017417356638577745 -0.0053730329051304105 -0.001064348514169996 0.017940396996797656 0.022015880815255642 0.0098812249520847176
leaf_weight=168.06694972002879 190.04518326511607 17.559308474417776 207.55676889047027 4.6999303298071018 6.6898907814174882 7.7050531343556932 59.236974636092782 184.18554113991559 15.132328994572161 68.904458308592439 75.892110175453126 37.53629145398736 12.722420446574686 50.968186434358358
leaf_count=27987 7830 712 1243 55 84 153 1368 10095 114 1362 912 271 99 637
internal_value=0.000366374 -0.00634421 0.00382945 0.00136579 -0.0129585 0.00588128 -0.00199021 -0.000579095 0.00500248 -0.00111265 0.00882144 0.00716966 0.00245798 0.00371007
internal_weight=1106.9 376.502 730.4 522.843 174.757 222.593 300.25 201.745 217.893 84.0368 133.856 126.151 88.6145 110.205
internal_count=52922 38878 14044 12801 28071 2966 9835 10807 2911 1476 1435 1282 1011 2005
is_linear=0
shrinkage=0.02


Tree=103
num_leaves=15
num_cat=0
split_feature=4 0 0 28 26 23 11 9 1 1 0 10 6 1
split_gain=61.2019 29.8024 21.9503 15.2829 15.9226 13.4648 12.8357 13.0783 12.7413 11.1781 14.3042 9.30892 8.54823 8.04639
threshold=1.0000000180025095e-35 -0.51867368290936189 0.075917984454569834 1.0000000180025095e-35 1.0000000180025095e-35 1.0000000180025095e-35 0.53657618165016185 89.048671000000013 -0.39064855873584742 0.0067873299121856698 -0.80806937813758839 4.8500000000000005 246.62500000000003 0.32579185068607336
decision_type=2 10 10 2 2 2 2 2 10 10 10 2 2 10
left_child=1 3 6 4 -1 -4 11 9 12 -8 13 -2 -9 -11
right_child=2 -3 5 -5 -6 -7 7 8 -10 10 -12 -13 -14 -15
leaf_value=-0.014921070623292095 -0.011012276969330711 -0.0013178831049419425 0.0066523838591909567 0.012829715226226078 0.025158415930498054 0.020871190482125764 -0.0023957791577288922 0.041694425598858727 0.0022992097821966256 0.0071237706947317406 -0.0012291337126084535 0.017328229168666064 0.0083591679080981893 0.024858096133164375
leaf_weight=161.61831275420263 4.7976247258484355 198.7824865989387 172.32047407887876 8.1986916288733465 3.1914322078227988 31.025744557380676 338.32109522400424 6.491558659821747 21.334637425839901 32.408280223608017 65.376415576785803 28.345076120458543 6.2832717373967171 14.891045257449148
leaf_count=27987 301 10648 1044 103 16 144 9867 44 299 447 1437 323 45 112
internal_value=-3.39181e-05 -0.00661567 0.00336169 -0.0126602 -0.0139979 0.00891335 0.00117041 0.000335483 0.0120933 -0.000578566 0.00485089 0.0130234 0.0270957 0.0131061
internal_weight=1093.39 371.791 721.595 173.008 164.81 203.346 518.249 485.106 34.1095 450.997 112.676 33.1427 12.7748 47.2993
internal_count=52817 38754 14063 28106 28003 1188 12875 12251 388 11863 1996 624 89 559
is_linear=0
shrinkage=0.02


Tree=104
num_leaves=15
num_cat=0
split_feature=4 0 0 26 30 30 9 23 0 11 6 16 11 11
split_gain=60.1393 38.6495 25.4591 21.4987 19.6962 14.4338 14.0362 13.9427 13.203 12.0691 14.3082 10.0281 8.73139 8.3567
threshold=1.0000000180025095e-35 -0.4870678102385419 0.036199107766151435 1.0000000180025095e-35 0.85671192407608043 0.27752640843391424 6.2513487500000009 1.0000000180025095e-35 0.21719457209110263 0.88499245047569286 7.4000000000000012 1.0000000180025095e-35 0.23076923191547397 0.85671192407608043
decision_type=2 10 10 2 8 8 2 2 10 2 2 2 2 2
left_child=1 3 5 4 -1 -2 -7 11 12 -4 -11 -8 -3 -9
right_child=2 8 9 -5 -6 6 7 13 -10 10 -12 -13 -14 -15
leaf_value=0.001807081096380778 0.021431445614491312 0.019951868069637321 0.013293823071761544 0.031407833806413279 -0.017030544459443679 -0.0025286219025993642 0.0058081820520614951 0.023894767318652137 0.008359712664532129 0.038471455415016183 0.0023260901841998501 -0.0039149778687414183 -0.0043083931521592555 0.0041952248875987176
leaf_weight=25.975441724527627 12.529964990913866 5.2147544072940937 124.80323755741119 3.3281083256006232 144.83729232149199 270.52292945422232 106.90813672263175 19.874025493860245 51.804862845689058 3.5967314708977929 97.916411474347115 69.035602567717433 140.07184705929831 15.52848696708679
leaf_count=2367 62 48 798 16 26333 9582 1310 92 435 32 670 1393 9612 84
internal_value=0.000239755 -0.00629007 0.00360725 -0.0131266 -0.0141721 0.00105788 0.000484819 0.00433576 -0.000213858 0.00914733 0.00396955 0.00199251 -0.00330719 0.0156066
internal_weight=1091.95 371.232 720.716 174.141 170.813 494.399 481.869 211.346 197.091 226.316 101.513 175.944 145.287 35.4025
internal_count=52834 38811 14023 28716 28700 12523 12461 2879 10095 1500 702 2703 9660 176
is_linear=0
shrinkage=0.02


Tree=105
num_leaves=15
num_cat=0
split_feature=4 0 12 0 25 2 18 31 6 10 1 31 0 1
split_gain=56.3882 37.0244 26.5736 21.7523 18.9448 14.2952 13.8649 12.0437 15.3678 13.5436 11.6139 18.5221 9.71433 11.1118
threshold=1.0000000180025095e-35 -0.08431214635731929 0.16138763725757602 0.036199107766151435 1.5000000000000002 1.0000000180025095e-35 1.0000000180025095e-35 0.50226245820522319 8.0500000000000025 18.050000000000004 0.59321741166686104 0.56259429454803478 0.075917984454569834 0.32579185068607336
decision_type=2 10 2 8 2 2 2 8 2 2 8 8 10 10
left_child=1 4 -2 10 -1 12 -7 8 -3 -10 11 -4 13 -5
right_child=2 7 3 5 -6 6 -8 -9 9 -11 -12 -13 -14 -15
leaf_value=-0.012063339039919015 0.017408155589693702 -0.0035851456390079729 0.019432290630459564 -0.00058235549580795752 0.019802782996130353 0.021648143809612753 0.0022058671040340598 -0.00035461877204363699 0.042078348820038698 -0.01227542822406732 -0.013831276163778295 -0.0031296238060533809 0.0066175403460766455 0.020069890824749512
leaf_weight=234.52771128667518 47.456621692050248 8.1894129412248748 14.954839715734122 219.0482128476724 6.8353536091744891 34.357370147015899 25.504412114620209 109.24902664124966 8.2951534846797568 1.804403350688516 33.520667515695095 165.1710349842906 178.08856141194701 9.9394499808549863
leaf_count=35985 535 134 177 5444 101 178 176 2533 114 23 2419 4016 1085 85
internal_value=-0.000132019 -0.00649209 0.00309514 0.00207302 -0.0110829 0.00448867 0.013537 0.00221458 0.0167844 0.0321364 -0.00320284 -0.00115949 0.00312817 0.000397444
internal_weight=1096.94 368.901 728.041 680.585 241.363 466.938 59.8618 127.538 18.289 10.0996 213.647 180.126 407.076 228.988
internal_count=53005 38890 14115 13580 36086 6968 354 2804 271 137 6612 4193 6614 5529
is_linear=0
shrinkage=0.02


Tree=106
num_leaves=15
num_cat=0
split_feature=13 30 30 24 2 23 30 10 30 8 2 18 13 7
split_gain=61.8632 30.5739 24.4294 20.3276 15.9792 16.135 14.6862 12.445 9.14022 8.10785 7.90751 9.02985 7.5089 6.5138
threshold=1.0000000180025095e-35 0.6591252088546754 0.85671192407608043 2.5000000000000004 1.5000000000000002 1.0000000180025095e-35 0.11613876372575761 11.550000000000002 0.69079941511154186 1.5000000000000002 1.0000000180025095e-35 1.0000000180025095e-35 4.5000000000000009 3.5000000000000004
decision_type=2 8 10 2 2 2 8 2 8 2 2 2 2 2
left_child=1 -1 4 -3 5 6 -2 8 -7 -8 -4 -12 -9 -11
right_child=2 3 10 -5 -6 7 9 12 -10 13 11 -13 -14 -15
leaf_value=0.016489739637092753 0.02638462264005215 -0.018170106266992728 -0.0052635334683412641 0.033707450323978483 0.019180610598692745 0.014725042872831497 -0.0042765040973960691 0.019553612026204249 -0.0081042792434051145 0.0047607514822306232 0.021593427011329332 -0.0063489813285467905 -0.0069801678481371055 0.00053469816961798406
leaf_weight=11.540598619729279 8.7825293689966184 103.03396217199042 191.72521909605712 2.2215115576982489 24.488174512982368 10.3885451592505 79.246567104943097 47.128580670803785 17.273023013025522 272.39524825010449 8.8490332085639256 8.0533980876207334 4.1879210397601119 313.42987608956173
leaf_count=291 37 22872 9689 36 115 59 3322 252 142 9117 52 65 19 7003
internal_value=0.000329639 -0.01337 0.0019644 -0.0167683 0.0035949 0.00306316 0.00205174 0.0115592 0.000684091 0.00169129 -0.0040988 0.00866891 0.0172962 0.00250448
internal_weight=1102.74 116.796 985.948 105.255 777.32 752.832 673.854 78.9781 27.6616 665.072 208.628 16.9024 51.3165 585.825
internal_count=53071 23199 29872 22908 20066 19951 19479 472 201 19442 9806 117 271 16120
is_linear=0
shrinkage=0.02


Tree=107
num_leaves=15
num_cat=0
split_feature=4 30 2 14 30 2 30 11 17 9 31 11 11 17
split_gain=53.2569 26.9874 23.6573 17.1773 16.6783 16.7415 15.3103 9.07524 9.0423 10.0774 15.4129 9.48141 8.44394 8.29001
threshold=1.0000000180025095e-35 0.88499245047569286 1.0000000180025095e-35 1.0000000180025095e-35 0.31372550129890447 1.5000000000000002 0.18702866137027743 0.23076923191547397 1.0000000180025095e-35 6.2513487500000009 0.63084465265274059 0.87820512056350719 0.93363499641418468 1.0000000180025095e-35
decision_type=2 8 2 2 8 2 10 2 2 2 8 2 2 2
left_child=1 6 3 -3 -2 8 -1 13 9 -6 -11 -10 -8 -5
right_child=4 2 -4 7 5 -7 12 -9 11 10 -12 -13 -14 -15
leaf_value=0.023050502270217151 0.020881055678342749 -0.018080083730110288 0.019745739235043334 0.054031363808963027 -0.0019704848755164052 0.018631591260325008 -0.0021584766629005885 -0.0075325835718387515 0.0093150626961575785 0.033960416149444846 0.0029093116409139698 0.00083921001953639926 0.022872627495014286 -0.011117138175818352
leaf_weight=10.629736125469206 19.661741346120834 93.018936907872558 9.2358297724276763 0.87347776629030593 275.24020258104429 24.249250518158078 113.7877160650678 132.24404988111928 114.84426165744662 5.6403713552281252 184.43453922169283 97.389683179557323 4.6580432169139376 0.85411262884736061
leaf_count=46 99 19631 77 30 9879 114 7081 11932 694 63 2695 581 66 10
internal_value=1.20553e-05 -0.00620006 -0.0102047 -0.0115045 0.00316171 0.00263627 0.00115102 -0.0068389 0.00203719 0.00047322 0.00400365 0.00544785 -0.000990845 0.0295551
internal_weight=1086.76 365.302 236.226 226.991 721.46 701.798 129.075 133.972 677.549 465.315 190.075 212.234 118.446 1.72759
internal_count=52998 38873 31680 31603 14125 14026 7193 11972 13912 12637 2758 1275 7147 40
is_linear=0
shrinkage=0.02


Tree=108
num_leaves=15
num_cat=0
split_feature=13 2 30 30 13 23 6 31 2 30 31 14 13 10
split_gain=62.3782 28.6315 25.4025 22.6715 18.3424 15.5985 16.226 15.2249 12.8234 11.1777 9.94736 7.91306 7.74239 7.64411
threshold=1.0000000180025095e-35 1.0000000180025095e-35 0.85671192407608043 0.87028658390045177 2.5000000000000004 1.0000000180025095e-35 16.550000000000004 0.95022624731063854 1.0000000180025095e-35 0.11613876372575761 0.97285065054893505 1.0000000180025095e-35 1.5000000000000002 3.0500000000000003
decision_type=2 2 8 10 2 2 2 8 2 8 10 2 2 2
left_child=2 3 -1 5 -3 9 -7 -5 -4 -2 13 -6 -8 -11
right_child=1 4 8 7 11 6 12 -9 -10 10 -12 -13 -14 -15
leaf_value=0.0094397332366320981 0.023158810436502603 0.020365824244952684 -0.018254779199953636 -0.013528511496898028 -0.0085940181359929375 -0.0038147553448308388 -0.0086043869258974857 -0.0011537468978951488 0.032210749683372238 -0.0026571065232324272 0.021240300003250358 0.013889652190062465 0.019566034646962046 0.0023376329818065146
leaf_weight=15.911013283301143 8.5376100242137891 51.954146991483867 96.497523059602827 59.017231215257198 16.150715723633766 19.576417483389378 3.6938346698880187 118.50579905323684 1.1783558772876848 165.33100478444248 8.8947684802114946 8.8624356240034121 47.088419727981091 465.3907093773596
leaf_count=916 36 280 22205 7112 143 146 38 2080 27 8144 129 69 245 11434
internal_value=0.000431768 0.00207348 -0.0135268 0.00106075 0.0136987 0.00264256 0.0115195 -0.00532045 -0.0173257 0.00166268 0.00134005 -0.000400096 0.0173904 0.00102623
internal_weight=1086.59 973.003 113.587 896.036 76.9673 718.513 70.3587 177.523 97.6759 648.154 639.616 25.0132 50.7823 630.722
internal_count=53004 29856 23148 29364 492 20172 429 9192 22232 19743 19707 212 283 19578
is_linear=0
shrinkage=0.02


Tree=109
num_leaves=15
num_cat=0
split_feature=4 2 10 2 19 23 7 15 9 28 23 15 19 7
split_gain=45.3508 13.6183 16.3611 13.3033 16.6565 12.7491 12.5597 11.7248 10.7452 7.9246 9.24151 7.86038 10.374 7.77105
threshold=1.0000000180025095e-35 1.0000000180025095e-35 1.5000000000000002 1.0000000180025095e-35 2.5500000000000003 1.0000000180025095e-35 3.5000000000000004 1.0000000180025095e-35 1.9992227500000002 1.0000000180025095e-35 1.5000000000000002 3.5000000000000004 14.625000000000002 3.5000000000000004
decision_type=2 2 2 2 2 2 2 2 2 2 2 2 2 2
left_child=1 2 -1 5 -5 11 -4 -7 -9 10 -10 13 -13 -2
right_child=3 -3 6 4 -6 7 -8 8 9 -11 -12 12 -14 -15
leaf_value=-0.018152995493274607 0.0032408682360680996 0.016969884390313442 -0.0017266603287978738 0.019662797806819454 -0.00026840058584863048 0.029731058247367357 -0.010136982669000625 -0.018852020009257314 0.0036529140814319373 0.023825033482695032 0.033168095502865515 -0.015988501306187113 0.026085407727071606 -0.0014918027210348006
leaf_weight=39.674095902591944 261.94271620642394 9.5080636832863075 206.31012794701383 39.672984454780817 28.495142798870802 8.9490156322717649 107.74221934843808 5.2621628083288661 62.332416601479053 10.621697612106798 3.5908329337835303 2.3186426647007456 9.0222140848636609 293.00915646040812
leaf_count=9354 6864 79 18337 247 198 41 11166 77 385 52 16 23 70 6074
internal_value=0.000212673 -0.00554672 -0.0061981 0.00310101 0.0114479 0.00221895 -0.00463501 0.00913557 0.00655077 0.0085177 0.00573219 0.00109632 0.0168848 0.000743876
internal_weight=1088.45 363.235 353.726 725.217 68.1681 657.049 314.052 90.7561 81.8071 76.5449 65.9232 566.293 11.3409 554.952
internal_count=52983 38936 38857 14047 445 13602 29503 571 530 453 401 13031 93 12938
is_linear=0
shrinkage=0.02


Tree=110
num_leaves=15
num_cat=0
split_feature=0 1 2 28 12 10 31 0 15 18 25 10 1 12
split_gain=44.1231 56.8144 19.9905 15.8546 15.6541 18.5366 14.6496 12.0613 11.7734 11.204 9.94684 9.40321 12.6278 12.8887
threshold=-0.091969242742316562 inf 2.5000000000000004 1.0000000180025095e-35 0.56259429454803478 4.4500000000000011 0.82956260442733776 0.32273848153524959 2.5000000000000004 1.5000000000000002 1.5000000000000002 54.100000000000009 -0.43891401588916773 0.34690800309181219
decision_type=10 8 2 2 2 2 8 10 2 2 2 2 10 2
left_child=1 2 8 10 5 -2 -7 -6 9 -1 -3 -10 13 -13
right_child=4 3 -4 -5 7 6 -8 -9 11 -11 -12 12 -14 -15
leaf_value=5.3763260550400083e-05 0.00038979205442645658 -0.012875276875875774 0.026558344736901485 0.0055633488807295154 -0.00082623840177727635 0.026422408415175042 0.0095973142724138389 0.013804185651003996 -0.0023632515518892902 -0.013937314722056171 0.020437137935572027 0.0105027247648419 0.0049785424121027372 0.047615029322014703
leaf_weight=292.08413815684617 76.340072786435485 224.99109219573438 11.200079947710035 20.988795714452863 189.12232663342729 24.460109008476138 127.33225193992257 24.575766079127789 21.59526763483882 23.840984964743257 2.7852369947358957 9.2688347771763784 26.674146816134453 6.2785258851945391
leaf_count=5300 1073 39738 56 388 3995 275 895 112 215 329 63 42 281 55
internal_value=-4.35836e-05 -0.00339883 0.00135824 -0.0108502 0.00481104 0.00844275 0.0124637 0.000912753 0.000547187 -0.00104271 -0.0123804 0.00831261 0.0137014 0.0274617
internal_weight=1081.54 639.707 390.942 248.765 441.831 228.132 151.792 213.698 379.742 315.925 227.776 63.8168 42.2215 15.5474
internal_count=52817 46467 6278 40189 6350 2243 1170 4107 6222 5629 39801 593 378 97
is_linear=0
shrinkage=0.02


Tree=111
num_leaves=15
num_cat=0
split_feature=13 0 29 25 8 31 1 0 9 21 31 0 1 1
split_gain=59.2855 32.0823 15.6758 14.4184 11.4414 10.0697 13.0506 11.2191 10.336 10.0682 9.93634 9.8672 17.6417 12.126
threshold=1.0000000180025095e-35 -0.091969242742316562 1.0000000180025095e-35 2.5000000000000004 3.5000000000000004 0.7119155526161195 -0.27865758538246149 0.29725380437570942 2.2585087500000003 1.0000000180025095e-35 0.94570136070251476 -0.0047574376842669519 -0.028467108316058542 0.042232289910316474
decision_type=2 8 2 2 2 10 8 10 2 2 10 8 8 10
left_child=2 4 3 -1 -2 7 9 11 10 -7 -8 12 -3 -13
right_child=1 5 -4 -5 -6 6 8 -9 -10 -11 -12 13 -14 -15
leaf_value=-0.018579020137102661 -0.0057539822941605383 0.027681127315886244 0.0024705194718345233 0.023951078296734582 0.0069761220358124775 -0.0081499424297943289 -0.0034844260556508738 0.011895793420815575 -0.016063687971929648 0.041221166752932144 0.014050173502119042 0.0017506255911931209 0.00095858302079962758 0.010669972079816174
leaf_weight=88.06934625422582 232.46503243036568 17.576800806447864 19.493702439125627 2.4805144071578971 31.268838582094759 2.0856999270617962 69.243742435704917 79.642492637038231 19.623616389930248 3.7938867211341858 14.842698273248969 414.43477165419608 21.272569712251425 70.618616051971912
leaf_count=21122 18650 314 2014 42 1473 44 2027 362 621 28 271 4590 894 598
internal_value=0.00015282 0.00172527 -0.0136958 -0.0171651 -0.00422402 0.00392829 -0.00163665 0.00493978 -0.00337559 0.0250686 -0.000260517 0.0038617 0.01344 0.00306847
internal_weight=1086.91 976.869 110.044 90.5499 263.734 713.135 109.59 603.545 103.71 5.87959 84.0864 523.903 38.8494 485.053
internal_count=53050 29872 23178 21164 20123 9749 2991 6758 2919 72 2298 6396 1208 5188
is_linear=0
shrinkage=0.02


Tree=112
num_leaves=15
num_cat=0
split_feature=13 0 30 12 30 13 30 21 25 31 11 27 13 23
split_gain=58.3915 45.5197 16.7068 14.9451 14.4642 15.8192 13.6451 14.353 13.2422 12.1922 11.998 16.9715 17.0833 11.0126
threshold=1.0000000180025095e-35 -0.091969242742316562 0.27752640843391424 0.24886878579854968 0.674208164215088 1.5000000000000002 0.99095019698143016 1.0000000180025095e-35 2.5000000000000004 0.8355957865715028 0.88499245047569286 1.0000000180025095e-35 2.5000000000000004 1.0000000180025095e-35
decision_type=2 8 8 2 8 2 8 2 2 8 2 2 2 2
left_child=2 4 -1 13 -2 -6 -5 10 -4 -9 -8 12 -12 -3
right_child=1 3 8 6 5 -7 7 9 -10 -11 11 -13 -14 -15
leaf_value=0.019929631039805721 0.0039970547486493715 0.0047831263376303529 -0.017161906840349541 -0.00048823364777610958 -0.013172290723925053 -0.0022694511050779594 0.0032918046727672063 0.026962592019582003 0.023399713365523364 -0.012736957747751966 0.037330742398682781 0.0077903691332456499 9.5515811169854143e-06 0.017762022643211379
leaf_weight=4.6350430250167838 47.846267319284379 58.502998146228492 100.00269797281362 292.51460661878809 113.64911619387567 100.29562937282026 169.62435325793922 2.5705325864255455 2.4893765635788432 24.723829196766019 16.162540943361822 100.44250365532935 6.8703406937420359 47.854706678539515
leaf_count=24 1520 494 22963 4834 16057 2539 2351 31 40 484 134 1144 65 240
internal_value=-0.000288184 0.00124795 -0.0142374 0.00384635 -0.00587857 -0.00809546 0.00263561 0.00548028 -0.0159601 -0.00817734 0.0067756 0.0114966 0.026662 0.0107339
internal_weight=1088.18 981.057 107.127 719.266 261.791 213.945 612.909 320.394 102.492 27.2944 293.1 123.475 23.0329 106.358
internal_count=52920 29893 23027 9777 20116 18596 9043 4209 23003 515 3694 1343 199 734
is_linear=0
shrinkage=0.02


Tree=113
num_leaves=15
num_cat=0
split_feature=4 30 14 25 11 30 9 11 11 30 11 23 7 23
split_gain=36.9123 21.6407 19.2573 13.7539 13.4525 11.984 10.1222 11.6288 10.188 9.857 9.43288 8.85488 7.8565 6.25112
threshold=1.0000000180025095e-35 0.674208164215088 1.0000000180025095e-35 1.0000000180025095e-35 0.57164406776428234 0.88499245047569286 0.029781250000000002 0.84615385532379161 0.82352942228317272 0.5429864525794984 0.23076923191547397 1.5000000000000002 3.5000000000000004 1.0000000180025095e-35
decision_type=2 8 2 2 2 10 2 2 2 8 2 2 2 2
left_child=1 6 3 -3 9 10 8 -8 12 -2 -4 -6 -1 -11
right_child=4 2 5 -5 11 -7 7 -9 -10 13 -12 -13 -14 -15
leaf_value=0.018495499507768087 0.021505498441169953 -0.017245933416593733 0.039149096166839599 0.0096494034412163022 0.0017360095470159787 -0.013534184489262248 -0.0085885311478863507 0.023851701142517757 -0.014163104718965674 -0.00013124472611444858 -0.0016380599212721984 0.028893819743586686 0.00044867330649871537 0.016815267532872605
leaf_weight=29.371980327181518 23.609641620889306 88.296037516789511 1.3081607548519958 7.683704297989606 663.09187789680436 38.25157683622092 31.953315102495253 4.1279483754187813 5.5972555400803676 27.723307266831398 131.39391691563651 3.8424710966646662 14.216244551353155 11.682998612523077
leaf_count=789 139 20319 37 103 13273 6160 922 42 82 749 10067 18 349 62
internal_value=0.000214196 -0.00509491 -0.00788982 -0.0150155 0.0027793 -0.00382513 0.00364479 -0.004334 0.00946757 0.01154 -0.000946184 0.0019355 0.0127516 0.00518479
internal_weight=1082.15 352.2 266.933 95.9797 729.95 170.954 85.2667 36.0813 49.1855 63.0159 132.702 666.934 43.5882 39.4063
internal_count=53111 38870 36686 20422 14241 16264 2184 964 1220 950 10104 13291 1138 811
is_linear=0
shrinkage=0.02


Tree=114
num_leaves=15
num_cat=0
split_feature=4 30 2 14 12 2 31 1 15 12 30 30 6 31
split_gain=44.3094 21.7328 18.5214 16.8042 16.1677 16.5654 9.37697 19.2709 12.3209 9.14018 9.10393 8.00259 7.67741 7.14967
threshold=1.0000000180025095e-35 0.74962294101715099 1.0000000180025095e-35 1.0000000180025095e-35 0.11613876372575761 1.5000000000000002 0.46003016829490667 -0.27865758538246149 1.0000000180025095e-35 0.12368024513125421 0.88499245047569286 0.85067874193191539 4.1000000000000005 0.63763198256492626
decision_type=2 8 2 2 2 2 10 8 2 2 10 10 2 10
left_child=1 9 3 -3 -2 6 11 8 -8 -1 -5 -6 13 -9
right_child=4 2 -4 10 5 -7 7 12 -10 -11 -12 -13 -14 -15
leaf_value=0.014042244055499063 0.016783661618828306 -0.017030228487367655 0.016069007871277505 -0.0032325153677152736 0.0039297908026925035 0.017676347772945546 0.039325087279719333 -0.012688989022359936 -0.0045807395530621841 -0.00092712592761318505 -0.014464004780413729 -0.0016509697511423605 -0.0078574441845972124 0.033428412587673366
leaf_weight=19.458385171834379 30.82347264746204 87.21208638465032 10.502413063310085 117.64039343642071 430.50613525696099 25.608714265748858 5.3980652783066017 1.4698799857869733 3.9426081124693155 80.05828238511458 37.652729333844036 134.28771530510858 91.909887842368335 2.6070470190607011
leaf_count=625 331 20198 81 9003 7073 124 49 92 102 2853 6156 2124 4245 67
internal_value=1.58413e-05 -0.00579278 -0.00889745 -0.0100402 0.00283828 0.00219724 0.00158025 -0.00387325 0.022142 0.0021104 -0.00603085 0.00260231 -0.00660705 0.0175771
internal_weight=1079.08 352.524 253.008 242.505 726.554 695.73 670.121 105.327 9.34067 99.5167 155.293 564.794 95.9868 4.07693
internal_count=53123 38916 35438 35357 14207 13876 13752 4555 151 3478 15159 9197 4404 159
is_linear=0
shrinkage=0.02


Tree=115
num_leaves=15
num_cat=0
split_feature=0 15 28 21 6 31 2 0 31 2 31 10 15 19
split_gain=39.1292 41.2792 24.2449 16.041 15.9403 19.8739 12.7972 12.6529 19.9333 9.79871 9.29774 9.23239 9.00782 9.83821
threshold=0.069381598383188262 1.0000000180025095e-35 1.0000000180025095e-35 1.0000000180025095e-35 89.050000000000011 0.8355957865715028 2.5000000000000004 -0.51867368290936189 0.12368024513125421 1.0000000180025095e-35 0.60331827402114879 2.7750000000000004 3.5000000000000004 27.250000000000004
decision_type=10 2 2 2 2 8 2 10 8 2 8 2 2 2
left_child=1 2 3 7 -5 -6 12 -1 11 -2 -10 -9 -3 -14
right_child=9 6 -4 4 5 -7 -8 8 10 -11 -12 -13 13 -15
leaf_value=-0.015127754850380601 0.0052815303205738422 0.00064606351691855743 0.006388342746592739 -0.0057624002579821114 0.047020763708086943 -0.0035692709639137694 0.022765175647372033 -0.0012155886213086379 -0.00069779314966911699 0.020398460564219598 -0.012338946162034748 0.069520447743710329 -0.011067318493545973 0.021854512004462093
leaf_weight=145.87261779536493 287.2137401625514 405.87516706436872 43.644462713971734 27.182799085974693 5.1326198503375027 6.0295388903468856 10.402549959719179 1.1142536965198808 47.19147742819041 17.427036449313164 65.004892002791166 1.0060454625636337 4.0500516258180168 14.610983721911905
leaf_count=30896 2326 6467 654 810 83 206 52 97 5667 82 5534 76 36 90
internal_value=0.000146731 -0.00223516 -0.00742163 -0.00945518 0.00256372 0.0216467 0.00185285 -0.0112295 -0.00616708 0.00621021 -0.00749192 0.0438712 0.00128813 0.0145099
internal_weight=1081.76 777.117 342.179 298.534 38.345 11.1622 434.939 260.189 114.317 304.641 112.196 2.1203 424.536 18.661
internal_count=53076 50668 44023 43369 1099 289 6645 42270 11374 2408 11201 173 6593 126
is_linear=0
shrinkage=0.02


Tree=116
num_leaves=15
num_cat=0
split_feature=0 1 0 31 15 0 29 11 24 11 0 0 1 6
split_gain=42.4869 42.795 16.5095 16.8967 10.0125 9.14546 8.93779 12.3824 9.18387 8.90041 7.53917 9.81625 29.4342 9.2244
threshold=0.048967037626515449 inf -0.51867368290936189 0.28808447718620306 3.5000000000000004 0.29725380437570942 1.0000000180025095e-35 0.82956260442733776 2.5000000000000004 0.79939669370651256 1.0000000180025095e-35 -0.11303939962476546 -0.12537904094512262 25.550000000000004
decision_type=10 8 10 8 2 10 2 2 2 2 10 10 10 2
left_child=1 4 6 -4 10 -2 8 9 -3 -8 11 -1 13 -13
right_child=5 2 3 -5 -6 -7 7 -9 -10 -11 -12 12 -14 -15
leaf_value=0.00016745629250945019 0.0037806003809310162 -0.017590220604616524 0.011848817059037188 -0.0068869562939777099 0.014936219472533058 0.011007214064410208 0.00082966980403713993 -0.014014014933050165 0.015870143576183923 0.040243026118199819 -0.0075327885830220199 0.014888507477520491 -0.003447391834968594 0.044010296781162417
leaf_weight=369.57414546608925 217.95191505737603 99.345650025177747 23.001348642632365 97.100164331961423 18.969457048922777 103.56141924858093 19.115368278697137 31.1626524371095 2.6524176197126499 1.6111790793947864 41.754141760990024 12.079332722350957 28.363242860883474 7.6850124243646851
leaf_count=6081 2134 23684 1184 10174 126 580 1465 5623 44 178 577 209 791 114
internal_value=6.08239e-05 -0.00253953 -0.00882697 -0.00323055 0.00107212 0.00613525 -0.0131457 -0.00621974 -0.0165745 0.0056047 0.000468519 0.00128442 0.00968367 0.0277862
internal_weight=1073.93 752.414 273.989 120.102 478.425 321.513 153.887 51.8892 101.998 20.7265 459.456 417.702 48.1276 19.7643
internal_count=52964 50250 42352 11358 7898 2714 30994 7266 23728 1643 7772 7195 1114 323
is_linear=0
shrinkage=0.02


Tree=117
num_leaves=15
num_cat=0
split_feature=13 0 30 26 23 11 1 30 30 1 0 11 13 31
split_gain=48.973 29.0742 24.3102 14.164 12.4584 12.7322 10.227 8.75194 8.58357 16.6426 8.66616 8.98556 10.8555 8.66517
threshold=1.0000000180025095e-35 -0.1092857224025537 0.85671192407608043 1.0000000180025095e-35 1.0000000180025095e-35 0.87820512056350719 -0.36580764811213418 0.74962294101715099 0.24886878579854968 0.042232289910316474 0.20296167247386762 0.97285065054893505 3.5000000000000004 0.674208164215088
decision_type=2 8 8 2 2 2 10 8 10 10 10 2 2 10
left_child=2 6 -1 -4 8 -6 7 -2 9 10 11 -3 -13 -12
right_child=1 4 3 -5 5 -7 -8 -9 -10 -11 13 12 -14 -15
leaf_value=0.0095821294536839827 0.0019714711431658093 -0.0010533963648558511 -0.018457579750392909 0.037315523189140644 0.015711820519922929 -0.0015754939109631574 0.0006268988954676064 -0.0099482443965314277 -0.00022043154222650089 0.014437896842041411 0.011393399438835028 0.018924682655355275 -0.009483002136064806 -0.0029850991044309484
leaf_weight=15.122062568087129 30.133355394005775 193.62360038748011 84.584169592708349 0.96161168813705344 57.113353319466114 23.871166832745075 94.984923727810383 127.21982164867222 285.24177832622081 55.084888514131308 66.26936249434948 18.741607320494953 6.6917969658970824 21.854472398757935
leaf_count=901 1922 3301 22221 5 309 148 2372 15532 5043 444 316 290 97 221
internal_value=-8.46389e-05 0.0012837 -0.0132982 -0.0174067 0.00330968 0.0106591 -0.00455522 -0.00766757 0.00237546 0.00441439 0.00257592 0.000434644 0.0113743 0.00783409
internal_weight=1081.5 980.83 100.668 85.5458 728.492 80.9845 252.338 157.353 647.508 362.266 307.181 219.057 25.4334 88.1238
internal_count=53122 29995 23127 22226 10169 457 19826 17454 9712 4669 4225 3688 387 537
is_linear=0
shrinkage=0.02


Tree=118
num_leaves=15
num_cat=0
split_feature=0 1 2 28 0 31 25 2 1 31 11 6 15 18
split_gain=42.2865 42.7206 18.5534 14.9853 13.1363 19.4219 14.4553 12.7635 13.3151 11.5863 13.615 12.2092 8.80872 12.0024
threshold=0.036199107766151435 inf 1.5000000000000002 1.0000000180025095e-35 -0.51867368290936189 0.12368024513125421 2.5000000000000004 1.0000000180025095e-35 0.15496027605426885 0.58521872758865368 0.91817495226860057 23.550000000000004 2.5000000000000004 1.5000000000000002
decision_type=10 8 2 2 10 8 2 2 10 8 2 2 2 2
left_child=1 2 9 4 6 -6 -3 8 -2 10 11 -1 13 -11
right_child=7 3 -4 -5 5 -7 -8 -9 -10 12 -12 -13 -14 -15
leaf_value=0.0023254487454519848 0.0058108811615639987 -0.015606920576611377 0.01743364617986376 0.0049844913471951404 0.044456613585079019 -0.006538460582630373 0.024704621989099881 0.022000202667543569 -0.012915009648823382 -0.0012710429685443422 -0.0040723818253799414 0.03213791083299309 0.0058117095529621413 -0.016216112502948157
leaf_weight=9.4229314066469687 305.67275896109641 136.94260162184946 24.687522724270821 26.500188464298844 2.0933133936487129 95.183648502919823 2.7903744652867308 17.578628569841385 15.05552291125059 328.50530109554529 15.052697435021399 12.765121722593902 63.059429749846458 22.020773913711309
leaf_count=102 2786 30841 119 498 166 10705 43 84 75 6402 184 99 603 326
internal_value=-7.95475e-07 -0.00268136 0.000900806 -0.00912449 -0.0107163 -0.0049999 -0.0146321 0.00584549 0.00489445 -4.11232e-05 0.0104927 0.0201233 -0.00101265 -0.00225338
internal_weight=1077.33 739.024 475.514 263.51 237.01 97.277 139.733 338.307 320.728 450.826 37.2408 22.1881 413.586 350.526
internal_count=53033 50088 7835 42253 41755 10871 30884 2945 2861 7716 385 201 7331 6728
is_linear=0
shrinkage=0.02


Tree=119
num_leaves=15
num_cat=0
split_feature=13 0 30 2 0 26 6 30 21 9 12 7 0 9
split_gain=43.9427 27.5913 20.2885 14.0313 13.6679 13.4111 11.6729 11.5711 9.31233 8.81493 11.0365 11.9866 11.4796 10.3033
threshold=1.0000000180025095e-35 -0.3709934144549189 0.85671192407608043 1.5000000000000002 0.29725380437570942 1.0000000180025095e-35 14.450000000000001 0.24886878579854968 1.0000000180025095e-35 5.712202500000001 0.75829562544822704 3.5000000000000004 -0.27673545966228891 87.778157500000006
decision_type=2 8 8 2 10 2 2 8 2 2 2 2 8 2
left_child=2 8 -1 4 7 -4 -6 -3 -2 -9 11 -11 -12 -13
right_child=1 3 5 -5 6 -7 -8 9 -10 10 12 13 -14 -15
leaf_value=0.0075144588004850644 -0.0094043458619108341 0.018249452999264029 -0.017673058492344646 0.016093596251143087 0.0033313336966739339 0.036214122551575634 0.016925101291781524 -0.00088139833817558566 0.0057810832490212396 0.021580710988951427 0.027801424334324767 0.0021964716884080118 -0.0051206478430478241 0.015626022589641901
leaf_weight=16.138090109918267 111.39309035334736 14.453790962696074 81.636990080587566 28.90841075964272 63.468857906758785 0.98788224160671134 41.696004182100296 455.48234572773799 18.173632336780429 17.948256279341877 3.5442017996683717 126.26111910119653 63.406004512682557 27.030092529952526
leaf_count=916 12075 69 22132 140 388 5 205 13700 238 205 100 1269 1159 238
internal_value=1.45373e-05 0.00131096 -0.0126267 0.00263448 0.0021369 -0.0166034 0.00882968 0.0011319 -0.0072464 0.000749466 0.00385876 0.00653997 -0.00299433 0.00465045
internal_weight=1070.53 971.766 98.763 842.199 813.291 82.6249 105.165 708.126 129.567 693.672 238.19 171.239 66.9502 153.291
internal_count=52839 29786 23053 17473 17333 22137 593 16740 12313 16671 2971 1712 1259 1507
is_linear=0
shrinkage=0.02


Tree=120
num_leaves=15
num_cat=0
split_feature=4 0 11 0 30 26 1 0 0 6 7 11 28 0
split_gain=41.3652 25.3724 15.4959 14.5431 12.4192 12.9701 11.0345 10.4138 10.4048 9.16383 16.5165 19.1511 8.92908 8.64501
threshold=1.0000000180025095e-35 -0.054219810133867299 0.4177978932857514 0.036199107766151435 0.87028658390045177 1.0000000180025095e-35 0.33900782566580501 0.13327526132404185 0.29725380437570942 24.050000000000004 3.5000000000000004 0.90950226783752453 1.0000000180025095e-35 -0.08431214635731929
decision_type=2 10 2 8 8 2 10 10 10 2 2 2 2 10
left_child=1 4 -2 9 -1 -6 8 12 -5 -4 11 -11 -8 -13
right_child=2 -3 3 6 5 -7 7 -9 -10 10 -12 13 -14 -15
leaf_value=-0.0019083541468500457 0.019179402571732181 0.0016210862768540799 -0.0053696655737764856 0.0025240103347435772 -0.013569235619528814 0.02026356581552825 0.03585733336017969 -0.011357791730481646 0.011269636864062127 0.029955971371538145 -0.0035413909969240222 0.00958848913283873 0.0022915576606252841 -0.015827763446926477
leaf_weight=60.356470054481179 21.717076507396996 125.76184481661767 125.67444610223174 395.08126940764487 152.2474655858241 3.8174335751682511 10.092737559229137 3.0534838140010825 62.32502605766058 14.818804156500844 62.312543002422899 14.82547533418983 4.6395861133933058 7.0929377023130682
leaf_count=5351 274 2438 4159 6630 30952 20 71 13 305 261 1658 452 30 251
internal_value=0.000200388 -0.00551726 0.00291546 0.00238417 -0.00965371 -0.0126179 0.00436379 0.0194104 0.00373765 -0.00180263 0.00273167 0.0131837 0.0261042 0.00103189
internal_weight=1063.82 342.183 721.633 699.916 216.421 156.065 475.192 17.7858 457.406 224.724 99.0498 36.7372 14.7323 21.9184
internal_count=52865 38761 14104 13830 36323 30972 7049 114 6935 6781 2622 964 101 703
is_linear=0
shrinkage=0.02


Tree=121
num_leaves=15
num_cat=0
split_feature=13 30 2 26 9 30 12 13 31 31 12 30 31 6
split_gain=41.5197 20.564 14.6836 13.1397 12.3742 16.0218 11.1301 7.80061 7.69052 13.0718 7.13465 7.59758 7.08822 6.58985
threshold=1.0000000180025095e-35 0.81598794460296642 2.5000000000000004 1.0000000180025095e-35 1.4912332500000003 0.8355957865715028 0.11613876372575761 5.5000000000000009 0.63763198256492626 0.51131224632263195 0.5429864525794984 0.62443441152572643 0.93363499641418468 283.62500000000006
decision_type=2 8 2 2 2 10 2 2 10 10 2 10 10 2
left_child=1 -1 4 -3 5 -2 -6 8 9 -8 -11 -12 -7 -10
right_child=2 3 -4 -5 6 12 7 -9 13 10 11 -13 -14 -15
leaf_value=0.0082174685874805732 -0.00033573879509739605 -0.017870266100144701 0.022064545029105119 0.035234181428023516 0.014617753485764644 -0.013077375961607492 0.002319011514431436 -0.017388812123869061 -0.0080363586266963844 0.049255883528613216 -0.010291245356299153 0.034633458142085224 0.011372590162587537 0.029414848814987123
leaf_weight=15.036911274306474 302.64427168155089 80.103872356936336 11.920183986425398 1.0111252665519703 27.42923676315695 59.91755117662251 501.52591796219349 7.3758025933057061 38.158612690865993 2.6092270007356992 2.9001281699165702 1.5397830745205281 4.3898675097152582 1.0052093137055624
leaf_count=744 13723 22268 61 5 176 8044 6210 114 1242 22 109 51 127 28
internal_value=-0.000371952 -0.0128325 0.000886278 -0.0167873 0.000597467 -0.00227554 0.00240801 0.0017795 0.00206884 0.00272965 0.0280278 0.00879137 -0.0112597 -0.00636667
internal_weight=1057.57 96.1519 961.416 81.115 949.496 366.952 582.544 555.115 547.739 508.575 7.04914 4.43991 64.3074 39.1638
internal_count=52924 23017 29907 22273 29846 21894 7952 7776 7662 6392 182 160 8171 1270
is_linear=0
shrinkage=0.02


Tree=122
num_leaves=15
num_cat=0
split_feature=13 0 12 2 24 12 10 19 9 16 1 1 31 0
split_gain=45.6662 25.0079 17.7598 14.5964 14.5861 10.9131 16.7919 13.8666 13.4784 11.5913 9.78958 9.19582 13.5865 12.5983
threshold=1.0000000180025095e-35 -0.13724175940662883 0.16138763725757602 1.5000000000000002 2.5000000000000004 0.75829562544822704 6.4500000000000011 2.5500000000000003 26.125000000000004 1.0000000180025095e-35 -0.19268473982810971 0.33900782566580501 0.84615385532379161 0.16440422832965854
decision_type=2 8 2 2 2 2 2 2 2 2 10 8 8 8
left_child=4 10 -3 5 -1 6 11 -8 -9 -7 -2 -4 -13 -14
right_child=1 2 3 -5 -6 9 7 8 -10 -11 -12 12 13 -15
leaf_value=-0.014537919837347682 -0.0067992331708719086 0.013921582073362831 -0.0087711417943266406 0.016517291470309076 0.027158790420099541 0.00090083243773087147 0.0086969907978373343 -0.009457266581191566 0.0053202155807615271 -0.010591710199473938 0.0022130609811572221 -0.0048076464040963749 -0.0062071840830901495 0.015622265423870603
leaf_weight=92.036789322271943 170.19649109989405 56.054281506687403 53.232718359678984 26.666270360350609 2.5870306380093089 106.25631108507514 216.34130696067587 38.376410659402609 65.188511643558741 51.322321675717831 66.544906252995133 63.555134165100753 14.491136585362254 34.082592632621527
leaf_count=22975 17469 413 765 130 41 2298 2426 393 591 1361 1593 1774 317 265
internal_value=5.65824e-05 0.00136509 0.00320621 0.00228965 -0.0131258 0.00167473 0.00315841 0.00582712 -0.000193718 -0.0028854 -0.00426734 -0.00200844 0.00125127 0.00911598
internal_weight=1056.93 962.308 725.567 669.513 94.6238 642.846 485.268 319.906 103.565 157.579 236.741 165.362 112.129 48.5737
internal_count=52811 29795 10733 10320 23016 10190 6531 3410 984 3659 19062 3121 2356 582
is_linear=0
shrinkage=0.02


Tree=123
num_leaves=15
num_cat=0
split_feature=4 0 12 30 26 0 31 0 30 31 30 11 10 31
split_gain=33.5947 26.7033 23.2723 17.5318 16.1451 15.4647 13.364 9.94853 11.8102 9.24417 8.7275 8.57084 8.5474 7.35837
threshold=1.0000000180025095e-35 -0.51867368290936189 0.11613876372575761 0.8355957865715028 1.0000000180025095e-35 0.29725380437570942 0.16138763725757602 -0.37369337979094069 0.85671192407608043 0.93363499641418468 0.74962294101715099 0.80392158031463634 2.1000000000000005 0.66365009546279918
decision_type=2 10 2 8 2 10 8 8 10 10 10 2 2 8
left_child=1 3 -2 11 -5 7 12 -4 -9 10 13 -1 -3 -8
right_child=2 6 5 4 -6 -7 9 8 -10 -11 -12 -13 -14 -15
leaf_value=-0.0013252615809676046 0.01991092297095497 -0.01385250653761109 -0.0072894818757692648 -0.016311003304144263 0.020507471105441436 0.010948158192966736 0.0045965223023871392 0.0031659692116374582 -0.0036267979931011267 0.015713065197591344 -0.012146862403254138 0.03001762062207531 0.028739754775244306 -0.0044853885926033508
leaf_weight=18.353389448486272 28.52348193153739 1.7140084309503425 54.517534334678203 113.15124221146107 4.1473126932978621 65.410847879946232 60.767787076067179 436.9248406807892 132.71324111381546 10.543620025739072 31.403250064700842 3.2876749350689343 8.4037172091193479 83.536917893681675
leaf_count=1459 318 60 1863 26229 20 316 3432 8982 2579 141 4500 303 312 2355
internal_value=7.92973e-05 -0.00513848 0.00251947 -0.0118144 -0.0148469 0.0017723 -0.000379043 0.000794701 0.00157982 -0.00164205 -0.0027665 0.0045518 0.0209274 -0.000655615
internal_weight=1053.4 335.309 718.09 138.94 117.299 689.566 196.369 624.156 569.638 186.252 175.708 21.6411 10.1177 144.305
internal_count=52869 38811 14058 28011 26249 13740 10800 13424 11561 10428 10287 1762 372 5787
is_linear=0
shrinkage=0.02


Tree=124
num_leaves=15
num_cat=0
split_feature=13 30 24 30 31 23 12 30 11 12 6 12 30 10
split_gain=42.9569 21.9279 12.4748 12.068 11.2217 11.2157 11.206 9.80789 9.12997 7.48519 10.1359 11.747 7.07271 7.04188
threshold=1.0000000180025095e-35 0.79185521602630626 2.5000000000000004 0.88499245047569286 0.94117647409439098 1.0000000180025095e-35 0.24886878579854968 0.11613876372575761 0.92609351873397838 0.87820512056350719 9.4500000000000011 0.89894419908523571 0.60331827402114879 12.050000000000002
decision_type=2 8 2 10 8 2 2 8 2 2 2 2 8 2
left_child=1 -1 -3 5 -5 7 8 -2 13 -9 -11 -12 -8 -7
right_child=3 2 -4 4 -6 6 12 9 -10 10 11 -13 -14 -15
leaf_value=0.0098425677606192637 0.02187519724863209 -0.018248051143144685 0.020557737881252054 -0.011290358617075833 -2.9398616099899012e-05 0.0066974878042687916 0.018913806680404651 0.0011398620326290357 -0.0074867633976599107 0.044112802331478379 0.023944374564590341 -0.0029131677602433925 -0.0041273039875200273 0.02459973809623325
leaf_weight=14.088998647406695 8.656784310936926 75.851222951197997 2.662933286279439 47.794701888225973 128.93773347791284 14.00195340067148 5.6486767157912281 679.23598555056378 5.4249158501625052 2.3907642457634237 9.2306058402173239 17.425359100103378 25.855702798813581 27.93976105004549
leaf_count=624 37 22389 42 6618 2108 80 30 20145 30 54 173 354 199 138
internal_value=0.000350215 -0.0125911 -0.0166899 0.00159413 -0.00312115 0.00264389 0.00975566 0.00184902 0.0158019 0.00157376 0.0113445 0.00691675 0.000458712 0.0189183
internal_weight=1065.15 92.6032 78.5142 972.543 176.732 795.811 78.871 716.939 47.3666 708.283 29.0467 26.656 31.5044 41.9417
internal_count=53021 23055 22431 29966 8726 21240 477 20763 248 20726 581 527 229 218
is_linear=0
shrinkage=0.02


Tree=125
num_leaves=15
num_cat=0
split_feature=0 1 30 9 2 2 20 30 1 6 11 1 30 12
split_gain=30.9526 35.9282 36.6726 17.9122 13.855 11.5044 11.0693 9.85518 9.09065 9.41988 13.4093 17.461 11.2019 9.48623
threshold=0.036199107766151435 0.66804621523808816 0.87028658390045177 0.010468250000000002 2.5000000000000004 1.0000000180025095e-35 1.0000000180025095e-35 0.27752640843391424 0.18137252330780032 11.275000000000002 0.96870285272598278 -0.15066269961096138 0.12368024513125421 0.56259429454803478
decision_type=10 8 8 2 2 2 2 8 10 2 2 8 8 2
left_child=1 4 3 -3 6 8 7 -1 9 10 12 -12 -2 -11
right_child=5 2 -4 -5 -6 -7 -8 -9 -10 13 11 -13 -14 -15
leaf_value=0.020618224831306903 0.027123266271668514 0.011259865612534519 -0.013155936306284819 -0.0083174700670252608 0.022205704716113911 0.020908717351935741 -0.014534390358763995 0.00072692005819057479 -0.011709637096319428 0.012715567594583204 -0.015902296553187416 0.038636390005675619 -0.0023119813239789221 0.0034315069486102866
leaf_weight=9.201535262167452 4.4132512658834449 45.406936310464516 177.91371430642903 30.388040252495557 11.133864499628542 16.679842598736286 17.670889271423221 432.04267556592822 12.693970970809458 85.702807115390897 2.7338416613638401 6.6220372505485994 115.39322409592569 91.50601470284164
leaf_count=46 19 3449 36286 2478 57 82 596 7136 64 513 18 49 1361 798
internal_value=0.000163078 -0.00216502 -0.00821452 0.00340474 0.0011107 0.00517323 0.000551743 0.00118741 0.00428787 0.00498664 0.000866898 0.0227032 -0.00101215 0.00796768
internal_weight=1059.5 723.758 253.709 75.795 470.049 335.745 458.915 441.244 319.065 306.371 129.162 9.35588 119.806 177.209
internal_count=52952 50048 42213 5927 7835 2904 7778 7182 2822 2758 1447 67 1380 1311
is_linear=0
shrinkage=0.02


Tree=126
num_leaves=15
num_cat=0
split_feature=13 29 6 12 10 6 31 12 8 24 16 6 25 4
split_gain=42.3423 12.8672 12.2164 15.5097 14.3352 11.6508 14.8 10.219 10.4996 9.99679 8.3426 8.27651 7.27054 6.27501
threshold=1.0000000180025095e-35 1.0000000180025095e-35 16.550000000000004 0.90950226783752453 6.7250000000000005 21.050000000000004 0.75452488660812389 0.75829562544822704 2.5000000000000004 2.5000000000000004 1.0000000180025095e-35 42.050000000000004 1.0000000180025095e-35 1.0000000180025095e-35
decision_type=2 2 2 2 2 2 10 2 2 2 2 2 2 2
left_child=1 9 3 12 13 6 -4 8 -7 -1 -9 -3 -2 -5
right_child=2 11 5 4 -6 7 -8 10 -10 -11 -12 -13 -14 -15
leaf_value=-0.017862151674097864 -0.0025047132728399065 0.010087325139949064 0.0097742022816162642 -0.0026602624427461458 -0.0094710631020524672 -0.0015844581522493171 0.0529717821004001 0.0023272827224192941 0.0064573720458635901 0.018187116899251034 -0.0083526355461566656 -0.017697854846745784 0.0044995344928010607 0.044605794423360538
leaf_weight=69.352763789705932 366.60442914860323 13.696489143650981 44.169786256272346 1.2170546343550066 3.4461701530963182 85.629939871840179 2.5176296462304881 66.638248043134809 263.42308797780424 2.4417589306831351 50.703328317031264 5.0655798935331395 69.73142218682915 5.7722228318452835
leaf_count=21008 16892 1252 995 45 90 2827 95 1387 5202 41 1266 769 859 112
internal_value=0.0004014 -0.012595 0.00163937 -0.000778104 0.022218 0.00374182 0.0131656 0.00277233 0.00448565 -0.0164031 -0.0023191 0.00206965 -0.00137763 0.0370725
internal_weight=1050.41 90.5566 959.853 446.771 10.4354 513.082 46.6874 466.395 349.053 71.7945 117.342 18.7621 436.336 6.98928
internal_count=52840 23070 29770 17998 247 11772 1090 10682 8029 21049 2653 2021 17751 157
is_linear=0
shrinkage=0.02


Tree=127
num_leaves=15
num_cat=0
split_feature=2 10 11 31 21 11 30 8 7 12 30 24 10 9
split_gain=28.1045 22.264 12.8115 15.4718 24.27 28.931 11.789 9.67053 14.5793 8.36279 9.40924 8.25457 8.14666 7.80718
threshold=1.5000000000000002 1.5000000000000002 0.46003016829490667 0.97285065054893505 1.0000000180025095e-35 0.8355957865715028 0.8355957865715028 1.5000000000000002 3.5000000000000004 0.69079941511154186 0.66817498207092296 2.5000000000000004 2.1000000000000005 0.20120250000000003
decision_type=2 2 2 8 2 2 8 2 2 2 10 2 2 2
left_child=1 11 7 4 6 -6 -4 13 12 10 -7 -1 -9 -3
right_child=-2 2 3 -5 5 9 -8 8 -10 -11 -12 -13 -14 -15
leaf_value=-0.019410525736052883 0.019413925595048117 0.018598410138986946 -0.0010379491371594555 0.0014282062251850781 0.033394472851673275 0.0010271298260570113 -0.0094187832035261005 -0.0085852848251235497 0.0019367578496600072 -0.0091420654077490181 0.032205684170540316 0.015902608396712113 0.026665661385753641 -0.014827275262222732
leaf_weight=29.790408612461764 28.328682497143745 2.8244382813572875 108.62285062298179 596.74375835433602 12.798858769237993 15.855999732390048 175.94662474282086 2.4766461318358806 26.690994958626106 19.914891324937344 4.1528406180441371 2.1561166495084754 22.759495450882241 9.9039467032998783
leaf_count=9715 141 122 5493 10608 115 226 24194 99 785 734 47 35 528 315
internal_value=0.000108377 -0.00044057 9.29877e-05 -0.00050676 -0.00392424 0.00842968 -0.00623458 0.00863291 0.0124198 -0.00019405 0.00872319 -0.0166169 0.0230108 -0.00659563
internal_weight=1058.97 1030.64 998.691 934.036 337.292 52.7226 284.569 64.6555 51.9271 39.9237 20.0088 31.9465 25.2361 12.7284
internal_count=53157 53016 43266 41417 30809 1122 29687 1849 1412 1007 273 9750 627 437
is_linear=0
shrinkage=0.02


Tree=128
num_leaves=15
num_cat=0
split_feature=0 1 20 0 24 23 23 1 12 10 6 24 16 1
split_gain=26.3403 38.2773 13.6896 8.67921 7.95088 7.73104 7.41938 8.26331 13.8422 9.28311 12.9743 8.97814 10.3811 10.0441
threshold=0.024132743477821354 inf 1.0000000180025095e-35 -0.50965938327523974 2.5000000000000004 1.0000000180025095e-35 1.5000000000000002 0.0067873299121856698 0.90346908569335949 53.125000000000007 119.05000000000001 1.0000000180025095e-35 1.0000000180025095e-35 -0.39064855873584742
decision_type=10 8 2 10 2 2 2 10 2 2 2 2 2 10
left_child=1 2 6 4 -3 -2 7 9 -9 -1 -11 -12 -13 -14
right_child=5 3 -4 -5 -6 -7 -8 8 -10 10 11 12 13 -15
leaf_value=-0.0025787450043374023 0.0036759686529585782 -0.012563709088908255 -0.016278402680859838 -0.00409878163222942 0.016704720757212493 0.014147665661342819 0.028682963036769024 0.0048657089640864798 0.041923400180417458 0.022950402661217891 -0.0036721408001982787 0.018826930229195397 0.014318669904860193 -0.0065663636026779973
leaf_weight=202.99709614738822 319.38709186017513 134.74083417491056 16.132039796561003 103.36796099040657 2.9881466506049028 30.156060285866261 3.1156908869743338 113.65969647839665 3.208939477801322 12.388082563877104 54.734398709610105 19.964136779308319 13.652948237955568 23.82420752197504
leaf_count=3597 3004 31302 558 10832 45 154 14 1819 65 178 841 145 109 375
internal_value=0.000135986 -0.00208992 0.00127305 -0.00853612 -0.0118129 0.00461717 0.00194059 0.00168914 0.00623027 5.48974e-05 0.00433321 0.0020926 0.00755453 0.00121646
internal_weight=1054.32 704.774 463.677 241.097 137.729 349.543 447.545 444.43 116.869 327.561 124.564 112.176 57.4413 37.4772
internal_count=53038 49880 7701 42179 31347 3158 7143 7129 1884 5245 1648 1470 629 484
is_linear=0
shrinkage=0.02


Tree=129
num_leaves=15
num_cat=0
split_feature=0 9 30 0 2 9 27 2 12 4 8 7 12 12
split_gain=37.4429 25.8558 12.9364 15.0471 12.5872 10.7008 9.67247 9.60313 8.95104 12.7234 8.98826 8.24803 7.13034 6.88354
threshold=0.16440422832965854 1.4912332500000003 0.75829562544822704 -0.076856068466023428 2.5000000000000004 0.010468250000000002 3.5000000000000004 1.0000000180025095e-35 0.14932127296924594 1.0000000180025095e-35 3.5000000000000004 3.5000000000000004 0.92609351873397838 0.11613876372575761
decision_type=10 2 8 10 2 2 2 2 2 2 2 2 2 2
left_child=1 2 5 6 8 13 7 12 9 -3 -10 -12 -4 -1
right_child=-2 4 3 -5 -6 -7 -8 -9 10 -11 11 -13 -14 -15
leaf_value=0.021770805996795723 0.0082539118803533849 -0.015738438859848509 -0.011406910129389795 0.0016887426567222807 0.023463556467860532 -0.0087097871258486666 0.032239094129324429 0.013798201976438494 -0.00089084879027031486 0.016588074530748859 0.016105855430838631 0.0022688300583719799 0.020786293619552355 0.0031507791407823587
leaf_weight=8.5891683022491616 201.93879918381572 5.0569502543658009 206.81010267836973 55.97730150166899 9.3765794411301595 27.417423364706337 1.2142869350500394 5.6127660740166894 367.31846748571843 27.224029771052301 23.62148311175406 58.811260357499123 1.9086169046349812 49.233188449870795
leaf_count=340 1368 84 38036 1886 50 1400 184 56 6053 136 492 870 93 1788
internal_value=0.00053645 -0.00130853 -0.0053992 -0.00752656 0.00166622 0.00138599 -0.00991652 -0.010304 0.00119452 0.0112033 0.000452879 0.00637941 -0.0110148 0.00623976
internal_weight=1050.11 848.172 356.763 271.523 491.409 85.2398 215.546 214.331 482.032 32.281 449.751 82.4327 208.719 57.8224
internal_count=52836 51468 43783 40255 7685 3528 38369 38185 7635 220 7415 1362 38129 2128
is_linear=0
shrinkage=0.02


Tree=130
num_leaves=15
num_cat=0
split_feature=0 1 12 11 0 6 11 1 7 11 9 25 31 0
split_gain=29.5093 37.9671 13.719 10.5976 12.8792 8.61103 16.2887 15.1458 13.668 14.7188 8.32792 7.32181 9.43666 7.14842
threshold=-0.045917600305429955 inf 0.32277527451515203 0.22473604977130893 -0.19224066551074812 11.175000000000002 0.96870285272598278 -0.052862606884742404 3.5000000000000004 0.92609351873397838 27.050000000000004 1.5000000000000002 0.81598794460296642 -0.51867368290936189
decision_type=10 8 2 2 10 2 2 8 2 2 2 2 8 10
left_child=1 -1 -2 4 -3 6 -4 -8 9 -7 -10 12 13 -5
right_child=2 3 5 11 -6 8 7 -9 10 -11 -12 -13 -14 -15
leaf_value=0.0012911999491413142 0.010984393296385724 -0.0033346509211752079 -0.0040758430954977035 -0.011521560774049058 0.062653871171395897 0.016248575870460157 -0.0082731985623747221 0.035717291498242078 -0.0015761166957116916 0.00018662849986961065 0.018298027554902566 0.01774398502296157 -0.018807909034912952 -0.0031752374874437455
leaf_weight=404.4202098492533 98.839462017640471 3.1329251949209724 111.72870794311166 97.49938568728976 0.81463895738124747 61.613571057096124 4.496922641992569 7.3611069526523334 99.696199338883162 35.945733459666371 8.2046797703951579 2.9526828005909911 40.332463627215475 72.109471091069281
leaf_count=6564 699 662 2081 21967 11 694 35 89 1161 517 54 59 9613 8781
internal_value=0.000450897 -0.00233159 0.00448689 -0.00906317 0.0201942 0.00250779 -0.00165592 0.0196888 0.00500821 0.0103925 8.92419e-05 -0.00969755 -0.0101658 -0.00801252
internal_weight=1049.15 621.262 427.886 216.842 3.94756 329.047 123.587 11.858 205.46 97.5593 107.901 212.894 209.941 169.609
internal_count=52987 47657 5330 41093 673 4631 2205 124 2426 1211 1215 40420 40361 30748
is_linear=0
shrinkage=0.02


Tree=131
num_leaves=15
num_cat=0
split_feature=0 1 30 2 24 11 15 11 2 31 9 30 30 29
split_gain=34.8294 27.8223 24.7786 13.8993 8.83385 8.05103 7.76578 8.52759 7.69852 7.67557 7.05307 9.66506 6.78431 6.03597
threshold=-0.08431214635731929 inf 0.8355957865715028 2.5000000000000004 2.5000000000000004 0.79939669370651256 3.5000000000000004 0.9566364884376527 1.0000000180025095e-35 0.31372550129890447 26.550000000000004 0.79185521602630626 0.11613876372575761 1.0000000180025095e-35
decision_type=10 8 8 2 2 2 2 2 2 8 2 10 8 2
left_child=1 3 5 6 -4 -3 9 -8 10 -1 12 -12 -2 -14
right_child=8 2 4 -5 -6 -7 7 -9 -10 -11 11 -13 13 -15
leaf_value=0.011706919699807073 0.022612303324246619 -0.0010492699268480027 -0.014335667620096713 0.021129129346382742 0.016099186105892619 0.02071303826733804 0.020938112644039022 -0.0075849033823295236 0.016441778400979493 -0.002439971786490293 0.025557141017951163 -0.01179916311664081 0.0034597009345996607 -0.0028904689398049693
leaf_weight=15.052674945443867 5.7157469242811194 46.921037482563406 151.63249071012251 10.473482415080069 3.1222211262211195 6.9365123156458131 11.446409706026317 5.6844252161681643 17.254509828984737 353.65226780623198 10.376504138112066 3.0054112616926423 331.07937995065004 72.241303503513336
leaf_count=89 25 3580 36135 57 64 634 71 41 96 6105 77 47 4079 1809
internal_value=-0.000573859 -0.00368481 -0.00957777 -0.000566526 -0.0136222 0.00208006 -0.00120855 0.0115772 0.00370497 -0.00183231 0.00314711 0.0169303 0.00265599 0.00231795
internal_weight=1044.59 604.922 208.612 396.309 154.755 53.8575 385.836 17.1308 439.673 368.705 422.418 13.3819 409.036 403.321
internal_count=52909 46776 40413 6363 36199 4214 6306 112 6133 6194 6037 124 5913 5888
is_linear=0
shrinkage=0.02


Tree=132
num_leaves=15
num_cat=0
split_feature=13 2 13 29 25 18 12 17 9 28 9 12 21 13
split_gain=32.1544 14.6735 14.7335 13.681 14.5104 10.5025 9.46505 9.34062 7.91385 9.12952 7.02798 18.5173 8.24426 6.50304
threshold=1.0000000180025095e-35 1.0000000180025095e-35 2.5000000000000004 1.0000000180025095e-35 2.5000000000000004 1.0000000180025095e-35 0.11613876372575761 1.0000000180025095e-35 6.4991875000000006 1.0000000180025095e-35 90.137032500000018 0.76319760084152233 1.5000000000000002 4.5000000000000009
decision_type=2 2 2 2 2 2 2 2 2 2 2 2 2 2
left_child=3 6 -3 4 -1 -4 8 -7 9 -2 12 -12 13 -8
right_child=1 2 5 -5 -6 7 10 -9 -10 -11 11 -13 -14 -15
leaf_value=-0.017701207509561195 -0.00081572899557069538 0.016164052653387277 0.019206680695127178 0.0039849818218966448 0.02316447076398033 -0.017296831775430465 -0.00032917427246799755 0.015150605766452852 0.022225638996170246 0.017348998408369478 0.018456989576420908 -0.013756837364646288 0.024551573454409618 -0.011540430804534698
leaf_weight=64.241656632395461 38.698231449816376 47.635322341695428 5.4988354779779938 17.463803492020816 2.8329597711563101 14.57799166813493 771.68913280311972 3.7548277005553237 11.412419274449347 14.454410769045351 22.75380159728229 9.3570402022451145 4.2350660357624283 20.267983511090279
leaf_count=21004 3020 271 47 1978 39 137 25414 21 70 137 207 171 78 294
internal_value=0.00014988 0.00119114 0.0098466 -0.0116029 -0.0156603 -0.0029233 0.000488093 -0.0102112 0.00780308 0.00435317 -9.08213e-05 0.00893797 -0.000465712 -0.000630288
internal_weight=1048.87 964.335 71.467 84.5384 67.0746 23.8317 892.868 18.3328 64.5651 53.1526 828.303 32.1108 796.192 791.957
internal_count=52888 29867 476 23021 21043 205 29391 158 3227 3157 26164 378 25786 25708
is_linear=0
shrinkage=0.02


Tree=133
num_leaves=15
num_cat=0
split_feature=4 12 0 0 11 20 29 25 0 6 31 11 31 9
split_gain=30.0207 17.8264 15.3659 15.3541 11.38 10.3683 8.18189 10.0752 12.5135 10.5762 13.2899 9.78373 11.455 10.1409
threshold=1.0000000180025095e-35 0.11613876372575761 0.18932524051879696 0.036199107766151435 0.82956260442733776 1.0000000180025095e-35 1.0000000180025095e-35 1.5000000000000002 -0.7600824641449716 16.550000000000004 0.21870286762714389 0.674208164215088 0.93363499641418468 0.11660500000000001
decision_type=2 2 10 10 2 2 2 2 10 2 8 2 8 2
left_child=2 -2 6 5 -5 -3 7 8 -1 -10 -11 13 -13 -8
right_child=1 3 -4 4 -6 -7 11 -9 9 10 -12 12 -14 -15
leaf_value=-0.017917450130571083 0.017108908573604115 0.00011968742348556093 0.0040982752123588321 0.011224492881785777 0.0020983834927223561 -0.01478048783694 0.01056128970289342 0.010406309461157026 -0.011210292284473724 0.044891345940649821 -0.00014990893834768872 -0.0094725914250437734 0.024150954216840232 -0.0079496878181549522
leaf_weight=66.62704029912129 29.792351531796157 456.06730319350027 58.368551388382912 91.717800611630082 134.57259296067059 18.477476047351956 29.929794991388917 7.7949829287827006 38.466972948983312 2.0646230052225318 18.03084437828511 76.871725453762338 3.3345632418058804 18.271622598171234
leaf_count=19237 327 11675 522 595 892 701 972 119 2963 266 1581 12157 102 764
internal_value=-2.40241e-05 0.00221265 -0.00512561 0.00155594 0.0058304 -0.000490346 -0.00719306 -0.0106572 -0.0120408 -0.00516624 0.00638631 -0.00355086 -0.00779451 0.00352541
internal_weight=1050.39 730.628 319.761 700.835 226.29 474.545 261.392 132.984 125.189 58.5624 20.0955 128.408 80.2063 48.2014
internal_count=52873 14190 38683 13863 1487 12376 38161 24166 24047 4810 1847 13995 12259 1736
is_linear=0
shrinkage=0.02


Tree=134
num_leaves=15
num_cat=0
split_feature=13 30 24 30 2 18 6 7 31 19 1 12 31 30
split_gain=35.3206 13.2655 13.2322 11.8887 11.3274 14.5665 11.0083 33.7434 13.9126 12.1435 14.3116 10.8744 11.0279 8.23441
threshold=1.0000000180025095e-35 0.79185521602630626 2.5000000000000004 0.11613876372575761 1.0000000180025095e-35 1.0000000180025095e-35 15.050000000000002 3.5000000000000004 0.96870285272598278 17.625000000000004 -0.39064855873584742 0.42232277989387518 0.34690800309181219 0.82956260442733776
decision_type=2 8 2 8 2 2 2 2 10 2 10 2 10 10
left_child=1 -1 -3 -2 6 -6 8 11 13 -9 -11 12 -8 -5
right_child=3 2 -4 4 5 -7 7 9 -10 10 -12 -13 -14 -15
leaf_value=0.0050324232991690032 0.022728236440468598 -0.017972280849756141 0.019743722129991995 -0.0012300332963246024 0.01614903304849508 -0.00229666092828496 0.012669950590193975 -0.0033544823097145333 0.023123506924092943 0.015185321556186628 -0.0014311898737743368 0.0065888587398430874 0.036952087139602532 -0.0082140641407597477
leaf_weight=13.969743042718617 9.0279912054538709 66.023405164480209 3.1391002573072901 305.42621882073581 40.492005380801857 28.78093358874321 34.377250012010336 255.06895577441901 7.4808254102244964 33.98860028013587 50.510298738256097 98.220444477163255 9.4307298953644914 85.87491317698732
leaf_count=643 40 22391 44 10657 249 213 998 7284 97 261 649 2550 211 6701
internal_value=-2.52266e-05 -0.0124507 -0.0160035 0.00106411 0.000834463 0.00856175 0.000217414 0.00225039 -0.00223723 -0.00117858 0.00535202 0.0103994 0.0186053 -0.00277978
internal_weight=1041.81 83.1322 69.1625 958.679 949.651 69.2729 880.378 481.596 398.782 339.568 84.4989 142.028 43.808 391.301
internal_count=52988 23078 22435 29910 29870 462 29408 11953 17455 8194 910 3759 1209 17358
is_linear=0
shrinkage=0.02


Tree=135
num_leaves=15
num_cat=0
split_feature=0 4 30 9 25 0 31 9 19 24 30 10 31 21
split_gain=28.4907 22.5612 16.9712 11.409 11.0381 13.7427 24.4194 9.02233 10.0321 13.6814 9.50129 8.82605 6.89283 6.32475
threshold=0.15277405521307963 1.0000000180025095e-35 0.674208164215088 0.029781250000000002 1.5000000000000002 -0.38488340927365311 0.27300152182579046 90.137032500000018 73.90000000000002 1.0000000180025095e-35 0.35746607184410101 3.9500000000000006 0.60331827402114879 1.0000000180025095e-35
decision_type=10 2 8 2 2 10 8 2 2 2 8 2 8 2
left_child=1 2 3 11 5 -4 -7 10 9 -9 -3 -1 -8 -11
right_child=-2 7 4 -5 -6 6 12 8 -10 13 -12 -13 -14 -15
leaf_value=0.017166527534666277 0.0066424520757863738 0.012234937862122319 -0.014269871097899215 -0.0081040132673562831 0.01240785166520119 0.057761549443989084 0.0070762300583339299 -0.00053853114714006985 -0.0029269236432493814 0.039457619590084494 -0.00054391753802829497 -0.0063909632328944671 -0.0084886521980188593 0.0053229917206058094
leaf_weight=23.126496088691059 216.41883960738778 23.364551726728678 119.67034619208425 19.279338818974793 8.2192830312997085 1.5575737454928447 13.626236588694153 8.7832295559346694 13.532911092042921 9.0426882132887823 518.64477535546757 8.0402580453082901 52.625509747769684 3.2121438905596724
leaf_count=757 1491 139 29952 821 122 139 1805 121 132 80 12817 296 4213 54
internal_value=0.00020289 -0.00149705 -0.0065528 0.003733 -0.0092097 -0.0102182 -0.00296443 0.000668879 0.0104264 0.0187591 2.84615e-05 0.0110795 -0.00522975 0.0315871
internal_weight=1039.14 822.725 246.145 50.4461 195.699 187.48 67.8093 576.58 34.571 21.0381 542.009 31.1668 66.2517 12.2548
internal_count=52939 51448 38105 1874 36231 36109 6157 13343 387 255 12956 1053 6018 134
is_linear=0
shrinkage=0.02


Tree=136
num_leaves=15
num_cat=0
split_feature=13 11 9 31 16 19 1 31 11 21 9 12 10 19
split_gain=31.3603 12.8416 9.21944 13.353 13.3592 13.1147 12.8631 8.51967 23.1884 19.8737 11.8337 13.9815 8.01146 13.5322
threshold=1.0000000180025095e-35 0.23076923191547397 6.2513487500000009 0.63763198256492626 1.0000000180025095e-35 2.0500000000000003 -0.40422321856021876 0.94117647409439098 0.87028658390045177 1.0000000180025095e-35 1.0000000180025095e-35 0.23831070959568026 54.100000000000009 2.5500000000000003
decision_type=2 2 2 8 2 2 10 8 2 2 2 2 2 2
left_child=-1 -2 5 -4 12 7 -6 8 9 10 11 -3 13 -5
right_child=1 2 3 4 6 -7 -8 -9 -10 -11 -12 -13 -14 -15
leaf_value=-0.011868935100556898 0.023837843097402493 0.017790684210913982 0.032106184398945928 0.010038714886333948 0.0098227899743479601 -0.016094977455688702 -0.0065530910881169049 0.0020157269506997488 -0.0096759087888866301 0.022504024393561466 -0.0054959940844280519 -0.0003367864947780775 0.011898715464168815 -0.0043197762948182106
leaf_weight=81.492105352226645 8.7341075427830202 23.656575739849359 5.5248144967481485 52.431729807518423 24.409153506159782 19.954133961349726 77.756690874695778 363.24208915093914 111.63251350168139 15.978177243843673 82.606543300673366 54.828314690385014 66.610877707600594 50.786658396944404
leaf_count=23112 77 1425 50 553 207 292 1433 5505 11581 157 4589 2912 547 523
internal_value=-3.58912e-05 0.00098185 0.000746727 0.00380633 0.00311599 -0.000520783 -0.00258333 -2.01824e-05 -0.00257986 0.00192302 -0.00024459 0.0052822 0.00653964 0.00300023
internal_weight=1039.64 958.152 949.418 277.52 271.995 671.898 102.166 651.944 288.702 177.07 161.091 78.4849 169.829 103.218
internal_count=52963 29851 29774 3313 3263 26461 1640 26169 20664 9083 8926 4337 1623 1076
is_linear=0
shrinkage=0.02


Tree=137
num_leaves=15
num_cat=0
split_feature=13 0 30 21 31 26 10 0 2 1 27 1 1 30
split_gain=31.9985 24.1236 15.8085 14.9786 12.9281 10.6337 10.5526 9.77817 9.92681 9.91196 8.8992 8.16197 7.09691 6.87292
threshold=1.0000000180025095e-35 -0.13724175940662883 0.27752640843391424 1.0000000180025095e-35 0.23529411852359775 1.0000000180025095e-35 15.950000000000001 0.21719457209110263 2.5000000000000004 0.18137252330780032 1.5000000000000002 0.33900782566580501 -0.1865451621549182 0.84615385532379161
decision_type=2 8 8 2 8 2 2 10 2 10 2 10 10 8
left_child=2 3 -1 12 -3 -4 -5 8 11 -9 -8 -6 13 -2
right_child=1 4 5 6 7 -7 10 9 -10 -11 -12 -13 -14 -15
leaf_value=0.01836488392239229 -0.0019139942213552855 0.025289095671821082 -0.015423936388569129 -0.0034886682794873849 0.00036425450610049241 0.031261721213384351 0.0064642375243845474 0.007758158098869563 0.019862572194248581 -0.017076923943177696 0.036369947844368276 0.01297649216552163 0.00084323777784366984 -0.011364335195517191
leaf_weight=5.5535830855369559 43.188164883758873 9.1032278779894096 74.897025804733858 17.404252165928483 531.10225506639108 1.1014342010021199 10.97735937125981 157.65532215684652 10.214776925742624 5.7801658511161795 5.7889584507793179 20.352790292352438 38.482740079984069 110.31496005086228
leaf_count=27 3544 67 23168 326 9534 5 245 973 57 26 89 142 1042 13844
internal_value=2.2531e-05 0.00104859 -0.0119268 -0.00464953 0.00280771 -0.0143501 0.0073963 0.00249103 0.0012328 0.00678131 0.0182558 0.000852386 -0.00682072 -0.00873508
internal_weight=1041.92 960.365 81.552 226.156 734.209 75.9985 34.1706 725.105 561.67 163.435 16.7663 551.455 191.986 153.503
internal_count=53089 29889 23200 19090 10799 23173 660 10732 9733 999 334 9676 18430 17388
is_linear=0
shrinkage=0.02


Tree=138
num_leaves=15
num_cat=0
split_feature=13 0 30 25 12 30 1 12 0 6 6 11 6 7
split_gain=34.3412 16.4768 15.2515 12.5258 11.4385 7.71361 6.96106 12.1124 7.41559 6.42574 6.37319 6.27591 7.68851 19.8738
threshold=1.0000000180025095e-35 -0.091969242742316562 0.6591252088546754 2.5000000000000004 0.87820512056350719 0.91817495226860057 0.33900782566580501 0.51131224632263195 0.29725380437570942 31.050000000000004 14.550000000000002 0.87028658390045177 23.550000000000004 3.5000000000000004
decision_type=2 8 8 2 2 10 10 2 10 2 2 2 2 2
left_child=2 4 -1 -4 11 9 8 -8 -3 -6 -10 12 -2 -14
right_child=1 6 3 -5 5 -7 7 -9 10 -11 -12 -13 13 -15
leaf_value=0.0085429440967602754 -0.0041004844280346838 0.0014845755087874047 -0.017930085598483442 0.018303722325552121 0.0046103242634258764 -0.0031596054161551561 0.005140673273135039 0.03841519726247878 0.0030125172776901154 0.051137557165114665 0.012966224920354184 -0.007132727611131956 0.029435144193759394 -0.0028414141928620705
leaf_weight=11.279324903152881 77.663149924017489 584.83106489153579 64.713096754159778 3.2674679346382609 2.1763657564297301 3.607049603946507 19.085711874067787 4.8424564264714709 62.20134212821722 2.3483726596459746 43.900136560201645 125.23865006165579 10.012418242171405 24.359413802158087
leaf_count=281 6300 8967 22751 46 69 124 123 41 376 72 220 11814 367 1379
internal_value=0.00016836 0.00121757 -0.0124001 -0.0159484 -0.00324495 0.0187603 0.00275191 0.0131455 0.00237348 0.0336435 0.00721354 -0.00407467 -0.00062336 0.00712701
internal_weight=1039.53 960.266 79.2599 67.9806 245.405 8.13179 714.861 23.9282 690.933 4.52474 106.101 237.274 112.035 34.3718
internal_count=52930 29852 23078 22797 20125 265 9727 164 9563 141 596 19860 8046 1746
is_linear=0
shrinkage=0.02


Tree=139
num_leaves=15
num_cat=0
split_feature=13 30 0 2 23 11 24 0 0 13 21 25 16 30
split_gain=29.3841 20.0046 16.9701 9.6378 9.85663 12.7901 9.4877 7.97059 10.0646 8.41086 7.94902 7.94343 7.63608 16.315
threshold=1.0000000180025095e-35 0.79185521602630626 -0.12511101628685403 2.5000000000000004 1.0000000180025095e-35 0.5429864525794984 2.5000000000000004 0.092103255071450882 -0.023318145269364775 2.5000000000000004 1.5000000000000002 1.5000000000000002 1.0000000180025095e-35 0.85067874193191539
decision_type=2 8 8 2 2 2 2 10 8 2 2 2 2 8
left_child=1 -1 10 4 12 -6 -3 8 -7 -10 11 -2 -4 -14
right_child=2 6 3 -5 5 7 -8 -9 9 -11 -12 -13 13 -15
leaf_value=0.0090876980054092026 -0.0046060857266273054 -0.01812794736764298 0.0023185069122623816 0.020476125941296029 0.021949575929973868 0.025447943154646456 0.016879656169805506 0.014948276018509463 -0.017524134645057636 0.0023132106269205268 0.037907018763787291 0.02209155931454717 0.0099099247435619191 -0.0076898311751724836
leaf_weight=14.364238328766076 226.24140829592943 61.218545984942466 529.51424805494025 10.661316953599451 20.604982577264309 4.0143714249134064 2.5024647526442996 16.665832176804543 12.243407677859066 23.572026379406452 0.82452012225985427 3.5714180814102283 26.955502768978477 85.135811721906066
leaf_count=647 19308 22389 7928 59 115 29 37 82 112 108 11 87 365 1692
internal_value=-3.03949e-05 -0.0117487 0.000933986 0.00242906 0.00213327 0.00884321 -0.0165136 0.00376446 -0.00116664 -0.00475993 -0.00378411 -0.00409728 0.00131444 -0.00340727
internal_weight=1038.09 78.0852 960.005 729.367 718.706 77.1006 63.721 56.4956 39.8298 35.8154 230.637 229.813 641.606 112.091
internal_count=52969 23073 29896 10490 10431 446 22426 331 249 220 19406 19395 9985 2057
is_linear=0
shrinkage=0.02


Tree=140
num_leaves=15
num_cat=0
split_feature=0 1 29 20 1 12 24 9 0 31 0 0 12 31
split_gain=27.7141 21.4191 12.739 11.5379 9.1793 12.9839 9.0119 8.79237 8.02036 16.1163 8.01744 18.797 14.2847 9.90643
threshold=0.024132743477821354 inf 1.0000000180025095e-35 1.0000000180025095e-35 0.0067873299121856698 0.89592760801315319 2.5000000000000004 1.0000000180025095e-35 -0.57834728404428248 0.092006035149097457 1.0000000180025095e-35 -0.13270110650728417 0.7828054428100587 0.50678735971450817
decision_type=10 8 2 2 10 2 2 2 10 8 8 10 2 8
left_child=1 3 6 4 10 -6 8 -4 -3 -10 11 12 13 -1
right_child=-2 2 7 -5 5 -7 -8 -9 9 -11 -12 -13 -14 -15
leaf_value=0.016049854365653034 0.0047120573311464639 -0.017021515550657802 0.0024166958320121154 -0.016124324622554424 0.0043044528531914405 0.039363458847285149 0.016807990482237561 -0.009556299608657488 0.049660269953486803 -0.0083900850868280068 -0.00293752193805253 0.01663424703969851 0.013817675009517312 -0.0095904530229236479
leaf_weight=5.9152899347245684 352.27600887510926 68.637067328440025 64.652685255510733 15.567519804462789 114.17152729071677 3.4140061028301707 3.465501630678772 38.247842753306031 1.0057474966160942 46.203369976952672 227.22946319915354 30.617972735315561 16.902996188029647 50.289767490699887
leaf_count=56 3151 23152 8020 557 1822 74 69 5477 101 5307 2944 561 498 1195
internal_value=0.000159578 -0.00218058 -0.00727159 0.000267353 0.000870862 0.00564572 -0.0116922 -0.00208278 -0.0126813 -0.00614893 -0.0008375 0.00374707 -0.00180176 -0.00665855
internal_weight=1038.6 686.321 222.212 464.109 448.541 117.586 119.312 102.901 115.846 47.2091 330.955 103.726 73.1081 56.2051
internal_count=52984 49833 42126 7707 7150 1896 28629 13497 28560 5408 5254 2310 1749 1251
is_linear=0
shrinkage=0.02


Tree=141
num_leaves=15
num_cat=0
split_feature=13 0 29 0 24 31 31 16 3 21 31 31 31 9
split_gain=25.6029 16.5665 13.7637 10.7599 9.92332 9.57676 9.56492 14.224 13.2116 12.3796 14.6081 14.6139 12.0955 10.2526
threshold=1.0000000180025095e-35 -0.3709934144549189 1.0000000180025095e-35 0.42220584293755031 2.5000000000000004 0.23529411852359775 0.95022624731063854 1.0000000180025095e-35 1.0000000180025095e-35 1.0000000180025095e-35 0.8355957865715028 0.79939669370651256 0.63763198256492626 46.900000000000006
decision_type=2 8 2 10 2 8 8 2 2 2 10 8 10 2
left_child=2 -2 4 5 -1 -3 9 8 13 -7 11 12 -11 -8
right_child=1 3 -4 -5 -6 6 7 -9 -10 10 -12 -13 -14 -15
leaf_value=-0.017341679236559573 -0.005806786935496259 0.016931593733398091 0.0045660024227158523 0.013102917755687154 0.015877988532202379 -0.0050319595965864763 0.0024429740299769078 -0.0038612362944901125 0.023009079195137359 0.023338904933419658 -0.010352402634946354 0.056591860750384637 -0.0071980517222002506 0.011967611128856062
leaf_weight=55.917217996204272 119.1091532651335 15.115537904202936 17.500753931235522 33.341809749603271 3.0804479606449595 151.52377586998045 430.34626815933734 111.49688313156366 13.268991889432071 10.960414199158555 10.437384162098168 2.3303150329738846 8.5069650392979366 49.662294156849384
leaf_count=21067 12406 323 1987 192 44 8427 5322 1807 192 122 373 58 268 348
internal_value=0.000246625 0.00114166 -0.0108102 0.00213622 -0.0153714 0.00166552 0.00135181 0.00256533 0.00402282 -0.00263434 0.00844817 0.0175097 0.010295 0.00345124
internal_weight=1032.6 956.1 76.4984 836.991 58.9977 803.649 788.533 604.774 493.278 183.759 32.2351 21.7977 19.4674 480.009
internal_count=52936 29838 23098 17432 21111 17240 16917 7669 5862 9248 821 448 390 5670
is_linear=0
shrinkage=0.02


Tree=142
num_leaves=15
num_cat=0
split_feature=13 30 24 30 9 12 30 23 6 15 12 16 31 12
split_gain=26.0327 21.3646 11.5416 11.0636 12.6801 9.71346 9.1008 8.47251 8.93022 8.25537 7.05132 8.46381 13.4278 12.7092
threshold=1.0000000180025095e-35 0.85671192407608043 2.5000000000000004 0.6591252088546754 2.2091550000000004 0.57164406776428234 0.11613876372575761 1.0000000180025095e-35 15.450000000000001 3.5000000000000004 0.38612368702888494 1.0000000180025095e-35 0.84615385532379161 0.46003016829490667
decision_type=2 8 2 10 2 2 8 2 2 2 2 2 8 2
left_child=1 -1 -3 6 -5 -6 -2 10 -9 -7 -8 12 -12 -13
right_child=3 2 -4 4 5 9 7 8 -10 -11 11 13 -14 -15
leaf_value=0.009933367688600191 0.022763139885650662 -0.018332516788157789 0.01841388485057846 -0.0067462054313907208 0.0074729413495244045 -0.0027707519728612361 -0.0016519087858578967 -0.0044938087201994428 0.014315321329910391 0.021790382234447514 -0.0036319276428365467 0.022333151770247733 0.0064694646024790053 -0.0065893222394700426
leaf_weight=14.850873238872735 7.921923652291297 57.1374813367147 2.8522533737123004 127.39528859313577 66.716847270727158 132.47301875799894 175.85492665600032 12.728245265781878 41.362710922956467 4.7136748731136313 65.141345660202205 5.8184005655348292 261.54829707602039 56.203037317842245
leaf_count=889 36 22185 42 11843 628 2492 5505 93 236 43 4234 63 3590 1060
internal_value=0.000238447 -0.0110418 -0.0163121 0.00113039 -0.00182202 0.00127244 0.00269187 0.00239854 0.00988808 -0.00177526 0.00166475 0.00316561 0.00445033 -0.00356471
internal_weight=1032.72 74.8406 59.9897 957.878 331.299 203.904 626.579 618.657 54.091 137.187 564.566 388.711 326.69 62.0214
internal_count=52939 23116 22227 29823 15006 3163 14817 14781 329 2535 14452 8947 7824 1123
is_linear=0
shrinkage=0.02


Tree=143
num_leaves=15
num_cat=0
split_feature=30 4 12 2 14 30 11 30 2 11 30 1 24 24
split_gain=19.2801 15.0678 14.0836 9.80249 14.6077 10.595 9.51696 8.63195 7.90394 6.18658 10.1464 6.04771 5.89819 5.25669
threshold=0.2443438917398453 1.0000000180025095e-35 0.061840122565627105 1.0000000180025095e-35 1.0000000180025095e-35 0.85671192407608043 0.77526396512985241 0.87820512056350719 2.5000000000000004 0.54751133918762218 0.5429864525794984 -0.47166688911191451 1.0000000180025095e-35 1.0000000180025095e-35
decision_type=8 2 2 2 2 8 2 10 2 2 8 10 2 2
left_child=-1 3 -3 4 5 6 -2 -6 9 10 12 -12 -4 -7
right_child=1 2 8 -5 7 13 -8 -9 -10 -11 11 -13 -14 -15
leaf_value=0.015238017143907974 -0.007288350708465975 0.020766168095056076 0.031846249638319495 0.014025992427048824 -0.00094017806147914194 -0.018897719473997258 0.030434872893678896 -0.012375533693559851 0.019759729094439068 -0.00024223751676323866 -0.012876002545913286 0.0061914186252755975 0.0077611011263073659 -0.0014005691465370992
leaf_weight=30.411343574523926 7.6082679256796819 12.998973666690288 7.1294013895094421 10.076247869059442 183.16121186828241 49.667140043806285 2.9139096848666668 29.893106473609805 7.4225024729967108 640.3664801470004 9.0033417555969226 18.872023288160563 9.915319260209797 8.1390439309179765
leaf_count=140 432 150 49 76 11834 19757 360 6272 44 13090 487 127 58 162
internal_value=-0.000190329 -0.000675653 0.000905052 -0.00449301 -0.0052035 -0.0131824 0.00489311 -0.00259496 0.000502952 0.000265889 0.0073571 -0.000199722 0.0190419 -0.0164999
internal_weight=1027.58 997.167 705.708 291.459 281.383 68.3284 10.5222 213.054 692.709 685.287 44.9201 27.8754 17.0447 57.8062
internal_count=53038 52898 14005 38893 38817 20711 792 18106 13855 13811 721 614 107 19919
is_linear=0
shrinkage=0.02


Tree=144
num_leaves=15
num_cat=0
split_feature=13 0 31 30 30 31 9 21 31 1 25 0 30 9
split_gain=31.9279 18.4159 10.5446 10.2111 8.74375 9.71662 7.22487 9.3442 18.6742 9.20067 6.87646 6.67188 6.33287 6.2852
threshold=1.0000000180025095e-35 -0.12511101628685403 0.23529411852359775 0.85671192407608043 0.79185521602630626 0.42232277989387518 0.80311200000000016 1.0000000180025095e-35 0.8355957865715028 -0.26469009340656113 2.5000000000000004 0.32273848153524959 0.59577679634094249 6.7750000000000012
decision_type=2 8 8 8 8 8 2 2 8 10 2 10 8 2
left_child=3 4 -3 -1 5 -2 7 -4 -9 -10 -5 -8 -13 -6
right_child=1 2 6 10 13 -7 11 8 9 -11 -12 12 -14 -15
leaf_value=0.001419424650782216 0.0087905276148268745 0.022020110046190377 -0.0034303043058360196 -0.018266883630551428 -0.008486314996261431 -0.006253661884476778 0.0022314571038486017 0.033362914403542547 0.029165940140249095 -0.016995354252698845 0.012740205184152881 -0.0060199279380091821 0.011743770446222204 0.0024117061045948645
leaf_weight=15.385240222327409 35.674855736084282 9.6302462229505164 143.74373565148562 55.058873022673652 135.52077197330073 31.342116212006658 488.08240023814142 7.4728305526077721 1.2288586758077142 7.2258466929197311 2.3372961692512026 8.7903879731893522 53.083538360893726 24.597752868197858
leaf_count=895 2034 67 3390 22155 15598 1157 6388 64 17 185 37 52 260 571
internal_value=-0.000315547 0.000671666 0.00223951 -0.0129876 -0.00428118 0.00176625 0.00194046 -0.00179641 0.0122808 -0.00791081 -0.0168077 0.00302669 0.00916449 -0.00680756
internal_weight=1019.17 946.393 719.258 72.7814 227.135 67.017 709.628 159.671 15.9275 8.45471 57.3962 549.956 61.8739 160.119
internal_count=52870 29783 10423 23087 19360 3191 10356 3656 266 202 22192 6700 312 16169
is_linear=0
shrinkage=0.02


Tree=145
num_leaves=15
num_cat=0
split_feature=0 9 0 1 29 11 11 10 11 25 4 11 23 1
split_gain=28.4039 24.035 11.074 12.9422 10.0284 11.0301 8.83124 13.7791 7.65607 6.64516 6.58575 6.44931 6.32105 5.93504
threshold=0.29725380437570942 1.4912332500000003 0.015082962810993196 0.048321953985397771 1.0000000180025095e-35 0.82956260442733776 0.96870285272598278 4.8500000000000005 0.46003016829490667 1.5000000000000002 1.0000000180025095e-35 0.79939669370651256 1.5000000000000002 0.0067873299121856698
decision_type=10 2 10 10 2 2 2 2 2 2 2 2 2 10
left_child=1 2 3 4 9 11 -4 -8 10 -1 -3 -6 -10 -2
right_child=13 8 6 -5 5 -7 7 -9 12 -11 -12 -13 -14 -15
leaf_value=-0.012624197302101748 0.011202628747439694 -0.011661472699231226 -0.0011645916854886315 0.0070012127572153639 0.00026037592685424627 -0.010776774608686005 0.044697054151834364 -0.0033642448952268273 0.00092498309745554276 0.010037094372243868 0.016915054072003971 0.02573862776903502 0.024851608285416677 -0.0060474330703148916
leaf_weight=137.99637728044763 98.037909001111984 3.0895171859301653 95.426828025840223 23.284864006564021 56.02388251433149 47.247286595869809 3.4496399387717229 4.8678446095436811 524.53283126070164 4.6682019373401991 19.743747520726174 3.2792850076220921 3.4562723636627188 8.0604812949895841
leaf_count=28746 554 68 1674 326 3967 9238 21 43 7847 83 118 378 16 35
internal_value=9.55594e-05 -0.00102996 -0.00491966 -0.00703021 -0.00836395 -0.00367232 0.000638193 0.0192267 0.00163104 -0.011818 0.0127214 0.0020727 0.00112829 0.00984788
internal_weight=1033.16 927.067 376.244 272.5 249.215 106.55 103.744 8.31748 550.822 142.665 22.8333 59.3032 527.989 106.098
internal_count=53114 52525 44476 42738 42412 13583 1738 64 8049 28829 186 4345 7863 589
is_linear=0
shrinkage=0.02


Tree=146
num_leaves=15
num_cat=0
split_feature=13 30 30 2 16 30 9 30 12 27 9 18 6 31
split_gain=25.5617 18.1853 13.7093 8.51255 9.45016 8.50348 7.53782 7.43677 8.22619 22.2946 9.22688 8.14656 7.99416 7.819
threshold=1.0000000180025095e-35 0.81598794460296642 0.8355957865715028 1.0000000180025095e-35 1.0000000180025095e-35 0.11613876372575761 2.4845150000000005 0.80844646692276012 0.82352942228317272 1.0000000180025095e-35 72.519939000000008 1.0000000180025095e-35 34.100000000000009 0.19457013905048373
decision_type=2 8 10 2 2 8 2 10 2 2 2 2 2 8
left_child=1 -1 3 5 -5 -2 -4 8 10 -10 11 -7 13 -9
right_child=2 -3 6 4 -6 7 -8 12 9 -11 -12 -13 -14 -15
leaf_value=0.0081037685946612568 0.019851774292134628 -0.016240464210776878 -0.0080377522924731746 0.012998431529980209 -0.010590570320292755 0.00074198520499322445 -0.00038071859679183925 0.045454297563524551 0.046290133926140065 0.0039742616959398585 0.010111796236369602 -0.0065511309033281931 0.032676990224314924 -0.0030804554730148666
leaf_weight=14.864139478653668 9.1998169869184476 57.568505094386637 83.747333113569766 48.114829407073557 7.1142341680824748 503.6225559739396 131.06385137885809 0.5267153009772273 4.6929145809262982 41.887212640605867 36.381748929619789 68.730553610250354 5.2148663001134983 9.4548967992886901
leaf_count=742 42 22518 8689 284 81 15882 2151 81 76 968 342 852 98 380
internal_value=0.000166868 -0.0112024 0.00104481 0.00234369 0.00982555 0.00172222 -0.00338934 0.00144428 0.00111162 0.00912084 0.000484809 -0.000143701 0.0148349 0.00338656
internal_weight=1022.18 72.4326 949.752 734.94 55.2291 679.711 214.811 670.511 655.315 46.5801 608.735 572.353 15.1965 9.98161
internal_count=53186 23260 29926 19086 365 18721 10840 18679 18120 1044 17076 16734 559 461
is_linear=0
shrinkage=0.02


Tree=147
num_leaves=15
num_cat=0
split_feature=13 0 8 29 16 13 2 0 10 11 12 12 1 24
split_gain=29.5708 18.6343 12.3809 9.48649 8.56726 7.02099 6.59805 6.49936 6.36101 9.23531 6.85613 8.44754 7.10827 5.53874
threshold=1.0000000180025095e-35 -0.08431214635731929 3.5000000000000004 1.0000000180025095e-35 1.5000000000000002 5.5000000000000009 2.5000000000000004 0.29725380437570942 8.0500000000000025 0.96870285272598278 0.12368024513125421 0.57918554544448864 -0.19607843458652494 2.5000000000000004
decision_type=2 8 2 2 2 2 2 10 2 2 2 2 10 2
left_child=3 2 -2 13 -4 6 7 -3 10 -10 -9 12 -12 -1
right_child=1 5 4 -5 -6 -7 -8 8 9 -11 11 -13 -14 -15
leaf_value=-0.017863657897146973 -0.0055460305659501934 0.0017690970021131765 0.0053146080428686723 0.00037666412584459443 0.054066188710805346 -0.015143506475177169 0.019147941335512723 0.019634971592507409 0.0162168603138136 -0.0098921103624136173 -0.0012159800828207656 0.014182696559671247 -0.02826888324120478 0.0083600418912041039
leaf_weight=51.14077894273214 210.16634733323008 583.83779312856495 30.444586836732928 17.961024505784735 0.53862877935171027 7.8112044483423224 8.814111188054083 7.5178589820861808 39.019149519503117 5.5848368257284156 39.579310141503811 12.503031119704245 3.3213263303041449 2.87064055353403
leaf_count=21127 18835 8744 1474 2004 8 131 49 35 190 25 271 61 14 42
internal_value=4.64411e-05 0.00098869 -0.00380274 -0.0122228 0.00782609 0.00262377 0.0028433 0.00260808 0.00710526 0.0128025 0.00292945 0.000354705 -0.00390661 -0.0163433
internal_weight=1021.11 949.138 241.15 71.9724 30.9832 707.989 700.177 691.363 107.526 44.604 62.9215 55.4037 42.9006 54.0114
internal_count=53010 29837 20317 23173 1482 9520 9389 9340 596 215 381 346 285 21169
is_linear=0
shrinkage=0.02


Tree=148
num_leaves=15
num_cat=0
split_feature=13 30 30 0 2 7 6 30 0 26 30 6 0 31
split_gain=22.6958 19.3073 11.4293 13.1099 10.2353 9.54552 32.1948 12.1053 9.23426 9.16996 7.36213 8.8723 10.1178 6.49155
threshold=1.0000000180025095e-35 0.85671192407608043 0.11613876372575761 -0.61985827358182444 1.5000000000000002 3.5000000000000004 16.550000000000004 0.89894419908523571 0.16440422832965854 1.0000000180025095e-35 0.81598794460296642 36.550000000000004 0.38143193840389439 0.59125190973281871
decision_type=2 8 8 8 2 2 2 10 10 2 10 2 8 10
left_child=1 -1 -2 -4 5 6 8 10 13 -3 11 12 -8 -5
right_child=2 9 3 4 -6 -7 7 -9 -10 -11 -12 -13 -14 -15
leaf_value=0.0079271127428212195 0.022862162247244626 -0.017905410606416802 -0.010845569280316219 -0.0010923899183300967 0.013408475331871761 -0.0014107789548023196 0.010720388786630862 -0.0026740847108519916 0.0043866484944742627 0.023790206983734543 0.030024318768487778 0.01942420763864534 -0.011139940127130708 -0.0093064301866641382
leaf_weight=16.188204823061824 8.2150918841361982 53.922800559783354 38.198252562899143 157.71969968173653 24.708397641777992 453.9520061374642 44.237004407681525 20.145469404291362 95.083909213542938 1.3604912608861912 9.9799632127396745 38.138373883441091 9.5598127022385579 50.052166776265949
leaf_count=890 38 22255 5716 7621 130 9143 1010 696 736 6 250 732 132 3616
internal_value=-0.000126086 -0.0109147 0.000696209 0.000478811 0.000969004 0.00060444 0.00275562 0.011382 -0.000747101 -0.0164748 0.0141594 0.0121327 0.00670336 -0.00310625
internal_weight=1021.46 71.4715 949.99 941.775 903.577 878.868 424.916 122.061 302.856 55.2833 101.915 91.9352 53.7968 207.772
internal_count=52971 23151 29820 29782 24066 23936 14793 2820 11973 22261 2124 1874 1142 11237
is_linear=0
shrinkage=0.02


Tree=149
num_leaves=15
num_cat=0
split_feature=13 30 30 25 23 25 31 8 30 11 12 1 11 31
split_gain=19.9964 20.7872 13.4397 8.62535 7.70722 7.11382 6.63737 6.76505 11.3064 9.46781 8.46149 6.34679 6.18429 5.61208
threshold=1.0000000180025095e-35 0.85671192407608043 0.8355957865715028 2.5000000000000004 1.5000000000000002 2.5000000000000004 0.97285065054893505 1.5000000000000002 0.33634993433952337 0.79939669370651256 0.2564102709293366 -0.20210109708201177 0.18702866137027743 0.94117647409439098
decision_type=2 8 10 2 2 2 10 2 8 2 2 10 2 8
left_child=1 -1 4 -3 6 13 7 9 -9 -2 -11 -8 -10 -4
right_child=2 3 5 -5 -6 -7 11 8 12 10 -12 -13 -14 -15
leaf_value=0.009204705555861975 -0.0077294543997889001 -0.017742023370835153 -0.0093426553545656078 0.015051712335093408 0.028128216292371867 0.021891924763629569 0.027232773440878839 0.014108856523625772 0.037180981509616573 0.027846088016542724 0.00012024695861852619 -0.0082496499065126405 0.0019376715676771895 -0.0018741538697837562
leaf_weight=16.721287860535085 57.147299133706838 51.055997481103987 53.561950183939189 2.6809742338955393 3.6317909061908713 3.4123821184039107 6.6981795039027912 31.858204461634159 1.001516525633632 5.0342330480925765 16.318277432583272 2.2058057431131601 609.29049341101199 156.2246078401804
leaf_count=903 2443 22237 8180 41 19 34 64 175 17 111 456 55 15635 2534
internal_value=0.00033583 -0.00986666 0.00110502 -0.0158608 0.00238999 -0.0033045 0.00222354 0.00199711 0.0026752 -0.00351365 0.00761043 0.0184972 0.00205624 -0.00381626
internal_weight=1016.84 70.4583 946.385 53.737 733.186 213.199 729.554 720.65 642.15 78.4998 21.3525 8.90399 610.292 209.787
internal_count=52904 23181 29723 22278 18975 10748 18956 18837 15827 3010 567 119 15652 10714
is_linear=0
shrinkage=0.02


Tree=150
num_leaves=15
num_cat=0
split_feature=13 11 23 4 12 13 31 11 11 9 7 10 11 10
split_gain=16.7759 9.36769 8.55196 7.34332 11.3899 7.89519 10.0377 11.1785 10.7066 13.4995 9.7794 10.155 8.27156 8.08104
threshold=1.0000000180025095e-35 0.18702866137027743 1.5000000000000002 1.0000000180025095e-35 0.11613876372575761 1.5000000000000002 0.9215686321258546 0.77526396512985241 0.87028658390045177 1.0000000180025095e-35 1.0000000180025095e-35 4.4500000000000011 0.7828054428100587 4.4500000000000011
decision_type=2 2 2 2 2 2 8 2 2 2 2 2 2 2
left_child=-1 -2 3 5 -5 6 8 13 9 10 11 -3 -13 -8
right_child=1 2 -4 4 -6 -7 7 -9 -10 -11 -12 12 -14 -15
leaf_value=-0.0094909115063351156 0.025981378178018821 0.01054132090209234 0.024592342062664724 0.013916904445733387 0.00082189504924883256 -0.015841860429236819 -0.0099479566907367152 0.014986678130961155 -0.011570541439178066 -0.0078173698866498033 -0.00081874642326076495 0.074033976154385311 -0.0066117314846998359 0.015259164995345478
leaf_weight=69.565490250708535 4.7888567913323632 23.658031281083826 4.8379755914211264 26.666284402832389 675.35027687205002 16.054341649636626 18.720510199200366 25.8639259156771 51.264459962490946 55.865952455904335 38.692979210056365 0.90415332000702509 0.48677848326042295 5.8905868311412624
leaf_count=23109 46 1450 25 206 11201 305 478 420 9417 3606 2404 60 66 133
internal_value=-8.25268e-05 0.000616377 0.000460386 0.000310089 0.0013384 -0.00272357 -0.00170513 0.00605278 -0.00401867 -0.000712811 0.00553847 0.0150129 0.0548497 -0.00355448
internal_weight=1018.61 949.045 944.256 939.418 702.017 237.402 221.347 50.475 170.872 119.608 63.7419 25.049 1.39093 24.6111
internal_count=52926 29817 29771 29746 11407 18339 18034 1031 17003 7586 3980 1576 126 611
is_linear=0
shrinkage=0.02


Tree=151
num_leaves=15
num_cat=0
split_feature=10 24 9 31 16 18 7 10 30 9 30 1 25 30
split_gain=12.9652 9.0814 8.77124 12.5684 12.302 9.55965 9.06801 9.97675 8.15183 8.38633 8.14763 8.01999 7.11939 10.102
threshold=1.5000000000000002 2.5000000000000004 6.4991875000000006 0.63763198256492626 1.0000000180025095e-35 1.0000000180025095e-35 3.5000000000000004 54.100000000000009 0.90950226783752453 59.625000000000007 0.11613876372575761 0.32579185068607336 1.5000000000000002 0.87820512056350719
decision_type=2 2 2 8 2 2 2 2 8 2 8 10 2 8
left_child=1 -1 5 -4 6 10 -5 11 9 -6 -2 -8 -12 -14
right_child=2 -3 3 4 8 -7 7 -9 -10 -11 12 -13 13 -15
leaf_value=-0.01910341103029024 0.018220272741292606 0.014221353730775663 0.030574332851083439 0.018756940261304398 -0.0017851548767300071 -0.012139426883242675 -0.00099265291737256583 0.010510338746252271 -0.0066091110162079273 0.018868011215678028 -0.00094894520066797874 0.028604537072371605 -0.0079455684587836067 0.016077072630720321
leaf_weight=20.340306977974254 8.4265979528427106 3.1116324104368678 5.6782299368642262 18.869892859365791 22.699439769610763 27.138614209368825 90.524576082359999 61.711765248794109 68.932016771286726 10.912335000932215 655.02512993686832 2.8148040808737269 9.4412565343081969 21.48185311537236
leaf_count=9699 39 39 62 214 351 387 930 516 1171 133 39147 19 102 244
internal_value=0.000108408 -0.0142811 0.00045852 0.00344186 0.00277641 -0.000711243 0.00600322 0.00434082 -0.0027016 0.00527147 -0.000247774 0.000193647 -0.00050084 0.00872348
internal_weight=1027.11 23.4519 1003.66 282.143 276.465 721.513 173.921 155.051 102.544 33.6118 694.375 93.3394 685.948 30.9231
internal_count=53053 9738 43315 3396 3334 39919 1679 1465 1655 484 39532 949 39493 346
is_linear=0
shrinkage=0.02


Tree=152
num_leaves=15
num_cat=0
split_feature=13 0 2 23 0 9 31 1 25 9 0 9 9 9
split_gain=21.9743 15.2074 10.5059 8.36841 11.5638 13.8737 7.66773 7.5941 6.60068 5.43011 12.5533 5.5711 5.37739 5.26261
threshold=1.0000000180025095e-35 -0.16138763725757596 1.5000000000000002 1.0000000180025095e-35 -0.13724175940662883 74.604915500000018 0.092006035149097457 -0.19268473982810971 2.5000000000000004 7.0020125000000011 -0.33998794012975825 8.9901540000000022 14.050000000000002 2.5132220000000003
decision_type=2 8 2 2 10 2 8 10 2 2 10 2 2 2
left_child=8 7 3 6 5 -5 -3 -2 -1 13 11 -11 -13 -9
right_child=1 2 -4 4 -6 -7 -8 9 -10 10 -12 12 -14 -15
leaf_value=-0.012494640421801508 -0.0066860129299593698 0.035419755905206997 0.014120406710670661 -0.010042052865106586 0.015161191342619791 0.014801602018513283 0.00054795015625258364 0.0030067570054842026 0.013989451308911032 0.061045129180083889 -0.0075716194334480317 -0.012141924290735226 0.028925489492611801 -0.010751815286328703
leaf_weight=65.463924591662362 145.93981366604567 1.5326051097363222 26.129483945667744 22.331974677741528 38.72317960113287 13.629567757248877 636.08253454929218 37.186549542471766 3.1847631372511378 1.2015609294176099 4.9543228745460492 1.3465105202049019 2.3430922962725163 14.69976758956909
leaf_count=23020 17045 10 138 161 219 62 10864 892 43 27 128 33 43 368
internal_value=-0.000240651 0.00055692 0.00190196 0.00143458 0.00772271 -0.000480496 0.000687102 -0.0042119 -0.0110828 0.00165047 0.014524 0.0343912 0.0145448 -0.00102074
internal_weight=1014.75 946.101 738.429 712.3 74.6847 35.9615 637.615 207.672 68.6487 61.7318 9.84549 4.89116 3.6896 51.8863
internal_count=53053 29990 11454 11316 442 223 10874 18536 23063 1491 231 103 76 1260
is_linear=0
shrinkage=0.02


Tree=153
num_leaves=15
num_cat=0
split_feature=13 30 2 23 30 13 8 11 11 31 31 11 21 16
split_gain=21.1803 19.4219 11.52 9.69139 8.72356 7.506 6.99477 12.899 11.8819 12.5832 8.82574 13.4433 14.5709 10.4245
threshold=1.0000000180025095e-35 0.85671192407608043 2.5000000000000004 1.5000000000000002 0.11613876372575761 5.5000000000000009 1.5000000000000002 0.69079941511154186 0.79939669370651256 0.90950226783752453 0.95022624731063854 0.90950226783752453 1.0000000180025095e-35 1.0000000180025095e-35
decision_type=2 8 2 2 8 2 2 2 2 8 8 2 2 2
left_child=1 -1 3 4 -2 6 8 -8 -6 -10 11 12 -9 -12
right_child=2 -3 -4 -5 5 -7 7 10 9 -11 13 -13 -14 -15
leaf_value=0.0083443785521992372 0.020120773439006218 -0.016419527327117069 0.020308504244547058 0.026631030078664263 -0.010665536832768226 -0.018258124587186567 0.0062350288372690476 -0.0027918603179085807 -0.004440805717194146 0.018787706453917249 0.0026966771739556274 -0.010676103328265194 0.017310846738129607 -0.0047516916489748033
leaf_weight=16.040138096548617 8.1155520081520063 51.165843308437616 11.285923860967157 4.7801315113902083 52.922756023239344 7.4934171289205542 163.13294795108959 78.852222791640088 25.897715243976563 13.340376415289937 401.34638612577692 69.143703287700191 16.60404590703547 91.473724229261279
leaf_count=898 38 22105 65 25 2446 122 3184 6115 3992 201 5223 6587 261 1627
internal_value=0.000290538 -0.0104734 0.00106681 0.000812585 0.000651127 0.000457763 0.000631236 0.00121953 -0.0045635 0.0037272 -3.26008e-05 -0.00402812 0.000848101 0.00130734
internal_weight=1011.59 67.206 944.389 933.103 928.323 920.207 912.714 820.553 92.1608 39.2381 657.42 164.6 95.4563 492.82
internal_count=52889 23003 29886 29821 29796 29758 29636 22997 6639 4193 19813 12963 6376 6850
is_linear=0
shrinkage=0.02


Tree=154
num_leaves=15
num_cat=0
split_feature=13 30 25 2 12 30 23 9 6 6 6 7 12 15
split_gain=17.2021 19.5885 10.2433 9.95486 9.45374 7.97118 10.396 7.29325 6.88219 10.0109 6.80565 31.5742 13.6528 8.97722
threshold=1.0000000180025095e-35 0.81598794460296642 2.5000000000000004 1.5000000000000002 0.11161387711763383 0.61085975170135509 1.0000000180025095e-35 0.029781250000000002 33.050000000000004 11.050000000000002 15.050000000000002 3.5000000000000004 0.42232277989387518 1.5000000000000002
decision_type=2 8 2 2 2 8 2 2 2 2 2 2 2 2
left_child=1 8 -3 4 5 -2 7 -7 9 -1 -6 12 -12 -14
right_child=3 2 -4 -5 10 6 -8 -9 -10 -11 11 -13 13 -15
leaf_value=-0.0019813140705333479 0.01872607604519233 -0.017617226784580657 0.016860451255070158 0.012971421517643536 -0.0020322847855236644 0.0086228608799023554 0.016160129489280459 -0.011719271740323453 -0.0082247331800824122 0.036583257996018179 0.019717149032221815 -0.0016336273803901451 0.0044744037007075172 0.037580769801921717
leaf_weight=4.7105799294076842 18.344557485543191 48.433161682682112 2.9313766546547404 25.401492841541767 378.94413675065152 10.508702519116925 14.779212541878222 17.453459019772708 4.7318628914654246 4.9948877980932593 37.804663410643116 354.19191615795717 97.472012890037149 2.4197870027273884
leaf_count=192 256 22310 39 137 15483 1427 75 1362 283 282 940 7722 2468 29
internal_value=0.000176523 -0.00963649 -0.0153652 0.000860377 0.000516714 0.00805688 0.00315424 -0.00404055 0.0104199 0.0194291 -2.08375e-05 0.00152973 0.00961985 0.00564091
internal_weight=1023.12 65.8019 51.3645 957.32 931.918 61.0859 42.7414 27.9622 14.4373 9.70547 870.833 491.888 137.696 99.8918
internal_count=53005 23106 22349 29899 29762 3120 2864 2789 757 474 26642 11159 3437 2497
is_linear=0
shrinkage=0.02


Tree=155
num_leaves=15
num_cat=0
split_feature=10 0 9 31 11 31 31 12 25 10 10 19 0 11
split_gain=12.819 9.10003 9.82365 12.2886 9.14609 7.88229 8.5124 18.6813 6.64742 6.06178 6.04672 14.7928 6.51817 7.49573
threshold=1.5000000000000002 0.29725380437570942 1.4912332500000003 0.97285065054893505 0.24886878579854968 0.63763198256492626 0.51131224632263195 0.57164406776428234 2.5000000000000004 180.17500000000004 54.100000000000009 2.7750000000000004 -0.29108790866780998 0.96870285272598278
decision_type=2 10 2 10 2 10 10 2 2 2 2 2 8 2
left_child=8 2 3 4 -2 6 10 -8 -1 -7 11 12 -4 -14
right_child=1 -3 5 -5 -6 9 7 -9 -10 -11 -12 -13 13 -15
leaf_value=-0.019043335968606731 0.015951962606287628 0.0058539839703801505 -0.0038971870823831956 0.021512248761434753 -0.0041536682305337962 -0.0093417705828055617 0.048880826458817861 -0.011103565795048162 0.010127349595482405 0.031776014185069479 0.0051393264170861023 -0.0079727773050790041 0.0023772973601302785 0.013678000266821293
leaf_weight=19.109589163446802 8.3418944897130114 104.03615709394217 56.126681200228631 6.9916100976988664 325.84929245314561 33.978706345194951 3.5850232336670151 3.2401308384723961 3.0490099713206282 0.53386770188808341 138.43987251422368 69.808293363079429 216.30295179807581 25.450438152998686
leaf_count=9731 231 580 1403 157 34198 1302 67 129 40 13 1624 818 2401 286
internal_value=-5.6011e-05 0.000286861 -0.000370742 -0.00302962 -0.00360571 0.00128878 0.00191628 0.0226244 -0.0147655 -0.00782886 0.00159297 0.000247392 0.00219402 0.00361842
internal_weight=1014.84 992.685 888.649 341.183 334.191 547.466 512.953 6.82515 22.1586 34.5126 506.128 367.688 297.88 241.753
internal_count=52980 43209 42629 34586 34429 8043 6728 196 9771 1315 6532 4908 4090 2687
is_linear=0
shrinkage=0.02


Tree=156
num_leaves=15
num_cat=0
split_feature=13 30 0 2 7 10 11 24 1 1 16 9 0 0
split_gain=19.4768 17.6764 12.6664 10.2356 11.4518 15.9774 21.2516 8.93751 8.73306 11.7672 10.6992 10.3056 9.75355 8.53729
threshold=1.0000000180025095e-35 0.85671192407608043 -0.1092857224025537 2.5000000000000004 3.5000000000000004 10.550000000000002 0.91440421342849743 2.5000000000000004 0.27149321138858801 -0.20814480632543561 1.0000000180025095e-35 89.048671000000013 0.024132743477821354 0.16440422832965854
decision_type=2 8 8 2 2 2 2 2 10 8 2 2 10 10
left_child=1 -1 -2 4 5 13 -7 -3 9 11 -11 -6 -10 -4
right_child=2 7 3 -5 8 6 -8 -9 12 10 -12 -13 -14 -15
leaf_value=0.0079284130380815852 -0.0027164208268056125 -0.017924070541986574 -0.00065145195892161122 0.02224018704007048 0.0013385412679931411 0.021909545898079853 0.00053603102524645843 0.013397771646771256 0.019434874739511603 -0.0015483254038358507 -0.013410785091054011 0.014970745436332202 -0.014769467068931253 0.0069640313191294658
leaf_weight=16.316433934029192 225.76215136190876 46.190938035375439 134.18492943653837 9.5817261263728124 135.76102393120527 44.581097122747451 31.531610038597137 3.2379700988531104 15.812909208238127 184.75721802515909 35.492462687194347 25.574024084955454 3.3756372556090346 103.71043175458908
leaf_count=913 19729 22047 3403 56 1288 412 544 43 115 2530 708 235 17 801
internal_value=0.000679373 -0.00976521 0.00141161 0.00270016 0.00240752 0.00526094 0.0131768 -0.0156473 0.000164319 -0.000512597 -0.00351189 0.00357836 0.0129841 0.00268377
internal_weight=1015.87 65.7453 950.125 724.363 714.781 314.008 76.1127 49.4289 400.773 381.585 220.25 161.335 19.1885 237.895
internal_count=52841 23003 29838 10109 10053 5160 956 22090 4893 4761 3238 1523 132 4204
is_linear=0
shrinkage=0.02


Tree=157
num_leaves=15
num_cat=0
split_feature=2 10 10 24 1 14 11 1 6 7 6 11 7 10
split_gain=11.984 12.3417 9.73319 9.80057 9.11511 8.32981 7.99078 6.02652 9.4291 7.91228 19.7874 19.6871 11.796 9.2299
threshold=1.5000000000000002 1.5000000000000002 106.87500000000001 1.0000000180025095e-35 -0.17797362317159646 1.0000000180025095e-35 0.27752640843391424 0.012842862727782007 17.050000000000004 3.5000000000000004 18.100000000000005 0.90950226783752453 1.0000000180025095e-35 10.550000000000002
decision_type=2 2 2 2 8 2 2 10 2 2 2 2 2 2
left_child=1 -1 6 5 -5 -4 -3 9 -9 10 -8 12 -12 -14
right_child=-2 2 3 4 -6 -7 7 8 -10 -11 11 -13 13 -15
leaf_value=-0.015015591060218365 0.013048745126396602 0.01341669991344922 -0.0053406425891782466 0.025501059593012996 -0.0031286417159561513 0.013528624946471524 -0.0020205578836248439 -0.0014679404983564028 0.0089968461577522463 -0.0035288049510534929 0.033191942234976644 -0.0010533790425515048 -0.0060601758524025055 0.016033980958270251
leaf_weight=21.082404123502783 26.947525626048446 15.409836177946998 24.60161167953629 16.141911005601287 5.734348954632881 13.766738208476452 297.97463414515369 77.486367298290133 60.658186834305525 356.91964858514257 12.205695884535087 47.979789512464777 9.3526584990322572 30.603443789761513
leaf_count=9747 146 360 798 152 76 577 19030 1265 834 15363 601 2399 897 772
internal_value=0.00013311 -0.000231293 0.000105573 0.00782293 0.0181877 0.0016014 -0.000414169 -0.000667527 0.0031587 -0.00137084 0.000567812 0.00821342 0.0165967 0.0108406
internal_weight=1016.86 989.917 968.835 60.2446 21.8763 38.3683 908.59 893.18 138.145 755.036 398.116 100.142 52.1618 39.9561
internal_count=53017 52871 43124 1603 228 1375 41521 41161 2099 39062 23699 4669 2270 1669
is_linear=0
shrinkage=0.02


Tree=158
num_leaves=15
num_cat=0
split_feature=13 30 2 18 11 6 18 30 31 11 2 6 11 24
split_gain=17.9848 14.3431 13.2712 12.6589 9.10478 17.8849 11.7799 11.9376 7.63306 9.18411 7.59368 7.46798 13.1531 7.42733
threshold=1.0000000180025095e-35 0.85671192407608043 1.0000000180025095e-35 1.0000000180025095e-35 0.69079941511154186 15.050000000000002 1.0000000180025095e-35 0.18702866137027743 0.94117647409439098 0.91440421342849743 1.0000000180025095e-35 5.8500000000000005 0.96870285272598278 1.5000000000000002
decision_type=2 8 2 2 2 2 2 10 8 2 2 2 2 2
left_child=1 -1 4 -4 5 -2 -7 -8 9 -6 -3 12 -10 -5
right_child=2 10 3 13 8 6 7 -9 11 -11 -12 -13 -14 -15
leaf_value=0.0070096907497319049 -0.0016211214628946832 -0.016783067763123504 0.016325664569814713 0.010863845270153967 -0.00094861680633239235 0.015192201917915893 -0.010617079968847547 0.015696343935205043 0.0025521762428066608 -0.009726559771991215 0.019979274651942488 -0.00011678257737324135 0.040827011000540127 -0.0080650545353300324
leaf_weight=14.434937010519205 107.39751584269106 47.348158336477354 40.059622198343277 12.964661810547112 127.80890079610981 62.022033789660782 16.980594109743837 10.188228547573088 13.781111934222283 75.280318563105538 1.5432273554615665 457.8467708574608 3.9303083121776572 19.413278020918369
leaf_count=880 2972 22247 260 88 9391 1098 195 66 272 8641 26 6706 28 147
internal_value=9.16016e-05 -0.0101424 0.000785439 0.00895184 0.000100114 0.00387893 0.0104463 -0.000542697 -0.000998616 -0.00423411 -0.0152455 0.000389099 0.0127737 -0.00038721
internal_weight=1011 63.3263 947.673 72.4376 875.236 196.588 89.1909 27.1688 678.647 203.089 48.8914 475.558 17.7114 32.3779
internal_count=53017 23153 29864 495 29369 4331 1359 261 25038 18032 22273 7006 300 235
is_linear=0
shrinkage=0.02


Tree=159
num_leaves=15
num_cat=0
split_feature=13 30 11 6 7 11 12 6 6 1 1 30 30 30
split_gain=16.1643 15.8309 8.60683 8.79443 22.2389 24.8205 12.5693 11.2488 10.9578 8.5109 9.99778 10.272 8.23067 8.05399
threshold=1.0000000180025095e-35 0.85671192407608043 0.18702866137027743 16.550000000000004 3.5000000000000004 0.90950226783752453 0.91440421342849743 54.050000000000004 9.9500000000000011 -0.22758577424155196 0.0067873299121856698 0.79185521602630626 0.84615385532379161 0.82352942228317272
decision_type=2 8 2 2 2 2 2 2 2 8 10 8 8 10
left_child=1 -1 -2 6 5 7 -4 13 -8 12 -11 -12 -6 -5
right_child=2 -3 3 4 9 -7 8 -9 -10 10 11 -13 -14 -15
leaf_value=0.0074229783362472325 0.026493871216390838 -0.01548735423148552 -0.002230379462608784 0.0091439251790834813 0.012143491500007011 -0.00023787061029453813 0.043634444985640314 0.031242415420834259 0.0017327831428562836 -0.0051122325499996304 -0.0088501219034798628 0.010334769520755172 0.00090332194172757689 0.03254393513479114
leaf_weight=15.374104343820362 4.0773449819535008 47.587400677613914 424.67915298440494 47.386546337977052 32.158938195556402 59.699429276166484 3.4844123846851272 16.808979355497286 5.827703439630568 171.34174464759417 14.86529336683452 37.38073818385601 122.5863641705364 6.0544233825057736
leaf_count=881 41 22167 17776 861 295 2096 85 285 140 5920 199 449 1419 197
internal_value=-0.000133493 -0.00986446 0.000523645 0.0003833 0.00216673 0.00927059 -0.0017056 0.017241 0.0201225 -0.000291304 -0.00278201 0.0048125 0.00330221 0.012344
internal_weight=1009.31 62.9615 946.351 942.274 508.282 129.949 433.991 70.2499 9.31212 378.333 223.588 52.246 154.745 53.441
internal_count=52811 23048 29763 29722 11721 3439 18001 1343 225 8282 6568 648 1714 1058
is_linear=0
shrinkage=0.02


Tree=160
num_leaves=15
num_cat=0
split_feature=30 2 6 12 19 8 23 30 25 11 1 30 1 15
split_gain=13.7635 10.7946 10.6904 19.1302 9.31204 8.65951 7.72329 6.92378 11.9263 9.12389 8.20942 7.5237 7.35641 6.84436
threshold=0.33634993433952337 1.0000000180025095e-35 11.175000000000002 0.90346908569335949 1.0000000180025095e-35 1.5000000000000002 1.5000000000000002 0.85671192407608043 1.0000000180025095e-35 0.69079941511154186 -0.18868017177884042 0.74358975887298595 -0.0060318684776038264 1.5000000000000002
decision_type=8 2 2 2 2 2 2 8 2 2 10 10 10 2
left_child=5 2 3 -2 -3 -1 7 8 9 -4 11 -11 -12 -6
right_child=1 4 6 -5 13 -7 -8 -9 -10 10 12 -13 -14 -15
leaf_value=-0.0049326572359179215 -0.0049650517552534655 0.013490964101266134 0.014253880481394783 0.027027141654019905 0.010568494465322639 0.014631421535958276 0.027635511958584574 -0.00082570351323688496 -0.012130647561429142 -0.00017533078881129069 -0.014628353164651688 0.015090544421505545 0.0022922008932518248 -0.00783636305893479
leaf_weight=11.118797142058609 275.47668250161223 39.507505577988923 37.891486020758748 6.7015829109586766 12.029474027454851 39.398899793624878 3.1974854320287696 449.75680710375309 15.166968727484344 23.8098891726695 14.73373028077185 27.159396942239255 29.010902360081673 20.300905209034681
leaf_count=67 24483 281 802 204 77 217 17 23646 196 738 249 1269 543 162
internal_value=0.000243756 -0.000299279 -0.000908807 -0.0041125 0.0071016 0.0103133 0.000600389 0.000409789 0.00415038 0.00608941 0.00270831 0.00809306 -0.00360641 -0.000876669
internal_weight=1005.26 954.743 882.905 282.178 71.8379 50.5177 600.727 597.529 147.772 132.605 94.7139 50.9693 43.7446 32.3304
internal_count=52951 52667 52147 24687 520 284 27460 27443 3797 3601 2799 2007 792 239
is_linear=0
shrinkage=0.02


Tree=161
num_leaves=15
num_cat=0
split_feature=13 2 4 12 24 13 13 9 19 24 2 6 13 6
split_gain=19.9502 9.99096 9.03296 14.2739 7.67286 6.02112 4.5138 5.08838 12.2522 9.79071 9.25374 8.79876 6.29089 8.68678
threshold=1.0000000180025095e-35 2.5000000000000004 1.0000000180025095e-35 0.15535445511341098 2.5000000000000004 1.5000000000000002 5.5000000000000009 46.900000000000006 2.5500000000000003 1.0000000180025095e-35 1.0000000180025095e-35 109.60000000000001 4.5000000000000009 243.05000000000004
decision_type=2 2 2 2 2 2 2 2 2 2 2 2 2 2
left_child=4 2 5 -4 -1 -2 7 8 10 -9 -5 -11 13 -13
right_child=1 -3 3 6 -6 -7 -8 9 -10 11 -12 12 -14 -15
leaf_value=-0.012509711321361161 -0.0020186652666752923 0.019156843284409572 0.012949602445416224 0.00089346488597652669 0.014913038267003026 -0.014701223465290748 -0.014305186569272639 -0.0034329418318631861 -0.0068208288439005008 -0.016451896980066973 0.012493537202721042 0.02325933536772232 0.0040611499426548838 -0.0067592079121540187
leaf_weight=60.244031478418037 224.56169648468494 10.580976776778696 40.815504911821336 457.04585138289258 3.5477479211986056 15.096924811601637 6.7282329089939585 29.363628804683685 79.702725214883685 3.5252741277217856 28.286651301197708 24.819737877696756 19.417151343077421 4.074917670339345
leaf_count=23021 18072 65 359 8891 47 310 111 363 965 39 180 197 222 36
internal_value=-4.19763e-05 0.000694143 0.000464582 0.0016208 -0.010778 -0.00287535 0.000893944 0.00107405 0.00039694 0.00572354 0.00159385 0.0108771 0.0131645 0.0189414
internal_weight=1007.81 944.019 933.438 693.78 63.7918 239.659 652.964 646.236 565.035 81.2007 485.333 51.8371 48.3118 28.8947
internal_count=52878 29810 29745 11363 23068 18382 11004 10893 10036 857 9071 494 455 233
is_linear=0
shrinkage=0.02


Tree=162
num_leaves=15
num_cat=0
split_feature=13 29 11 31 11 21 16 1 11 11 12 1 9 19
split_gain=22.6406 8.85762 7.47127 6.81824 16.7001 24.3922 15.3908 10.657 10.9546 10.1143 12.6571 13.7558 10.3447 8.65445
threshold=1.0000000180025095e-35 1.0000000180025095e-35 0.23076923191547397 0.94117647409439098 0.91440421342849743 1.0000000180025095e-35 1.0000000180025095e-35 -0.20437140863052292 0.69984918832778942 0.89894419908523571 0.63763198256492626 0.23604694460135497 26.125000000000004 2.5500000000000003
decision_type=2 2 2 8 2 2 2 8 2 2 2 8 2 2
left_child=1 -1 -2 4 5 -4 9 -7 -9 12 -11 -12 13 -5
right_child=2 -3 3 6 -6 7 -8 8 -10 10 11 -13 -14 -15
leaf_value=-0.01599288081396915 0.018385120801327728 0.00042071712897089893 -0.0013822307714968715 0.0011482945495205051 -0.0097458380187206463 0.037589753968132404 -0.0045269071326507438 0.028809299641417617 -0.0019876048329983127 0.00071852952111739617 0.0075526031681101471 0.024512191701797335 0.01098592414212381 -0.0096904422154226715
leaf_weight=44.454189240233973 8.846132015809415 18.434757222421467 186.32620454090647 247.82406395347789 74.881175401853397 7.5812050364911556 117.12331853434443 6.4281653277576032 11.909551355987785 82.968362473417073 106.12188633158803 22.88005678076297 36.983971655368805 32.426140867173672
leaf_count=21089 83 2002 11998 3498 8649 48 1959 40 235 918 1484 299 269 393
internal_value=0.000272124 -0.0112503 0.00105224 0.000868478 -0.00169213 0.00118164 0.00200687 0.0189795 0.00973958 0.00345873 0.0068307 0.010726 0.00119126 -0.000135789
internal_weight=1005.19 62.8889 942.3 933.454 287.126 212.245 646.328 25.9189 18.3377 529.204 211.97 129.002 317.234 280.25
internal_count=52964 23091 29873 29790 20970 12321 8820 323 275 6861 2701 1783 4160 3891
is_linear=0
shrinkage=0.02


Tree=163
num_leaves=15
num_cat=0
split_feature=30 4 30 6 10 14 1 30 11 30 1 10 11 10
split_gain=13.9342 14.0332 7.2666 10.5871 12.9036 7.9271 11.1257 7.46742 7.36358 6.85369 6.80339 6.95722 24.9902 9.18018
threshold=0.15535445511341098 1.0000000180025095e-35 0.88499245047569286 11.175000000000002 13.550000000000002 1.0000000180025095e-35 0.17058455144486781 0.88499245047569286 0.93363499641418468 0.85671192407608043 -0.19268473982810971 4.4500000000000011 0.69079941511154186 20.550000000000004
decision_type=8 2 8 2 2 2 10 10 2 10 10 2 2 2
left_child=-1 2 3 8 -5 6 -4 10 -2 -3 11 -7 13 -13
right_child=1 9 5 4 -6 7 -8 -9 -10 -11 -12 12 -14 -15
leaf_value=0.020397628484147858 -0.0058809958202048294 0.0024628437623066849 -0.01529935034004436 0.016442411538240085 -0.007123056024524981 -0.0041704206242315503 0.018796326202268381 -0.012681371797266141 0.018156173222812395 -0.0022566549015175606 -0.018901351643228242 0.044120432210055772 -0.0028759344862549535 0.00060953749415108415
leaf_weight=12.465770475566385 73.699253177968785 552.68263373686932 49.580148053006269 25.647014135261998 13.561234881868584 44.133435543160886 3.3055580779910079 25.86228821403347 4.5073141562752417 157.41097900504246 6.4318618420511475 6.9824511427432281 25.983365906402469 2.5995722096413374
leaf_count=59 4608 11146 19818 1576 953 2521 23 6087 42 2968 112 252 2777 116
internal_value=0.000189341 -8.47815e-05 -0.00384893 -4.13256e-05 0.00831722 -0.00654383 -0.012859 -0.00347426 -0.00428392 0.00141494 -0.000595849 0.00109736 0.00756948 0.0334892
internal_weight=1004.85 992.387 282.293 117.415 39.2082 164.879 52.8857 111.993 78.2066 710.094 86.1307 79.6988 35.5654 9.58202
internal_count=53058 52999 38885 7179 2529 31706 19841 11865 4650 14114 5778 5666 3145 368
is_linear=0
shrinkage=0.02


Tree=164
num_leaves=15
num_cat=0
split_feature=13 30 30 2 19 24 1 15 9 7 6 30 31 9
split_gain=15.546 16.3014 9.02488 7.57711 11.7685 9.0005 8.7358 15.3162 13.8819 10.912 18.0261 12.6314 9.70535 7.84913
threshold=1.0000000180025095e-35 0.81598794460296642 0.11613876372575761 1.0000000180025095e-35 2.5500000000000003 1.5000000000000002 -0.21104839055156679 1.0000000180025095e-35 54.556731250000013 3.5000000000000004 18.100000000000005 0.88499245047569286 0.94570136070251476 0.92718550000000011
decision_type=2 8 8 2 2 2 8 2 2 2 2 10 10 2
left_child=1 -1 -2 6 -5 -6 7 13 -9 10 12 -12 -8 -4
right_child=2 -3 3 4 5 -7 9 8 -10 -11 11 -13 -14 -15
leaf_value=0.0072299288283379365 0.02185917403405593 -0.015926438612523252 0.045386641054749599 0.013308371576370119 0.0096206585522057176 -0.012048480292018928 -0.0025833860329257984 -0.000959854264930243 0.010647539136442341 -0.0046816959275918129 0.012686443440025761 -0.0071479890360765484 0.014529018945471173 0.011029685133062992
leaf_weight=15.815246062353252 6.776580534875392 45.380221218103543 3.6073237918317309 40.889965553767979 12.215581092983486 17.37445555627346 264.20121555123478 179.32732787542045 52.459264814853668 258.90334437019192 65.949518529698253 15.199426687788216 12.966033117845653 8.5612586718052608
leaf_count=743 33 22423 28 265 85 140 14848 2365 469 8593 1995 810 204 86
internal_value=-0.000238459 -0.00992192 0.000402893 0.000223556 0.00648077 -0.0030808 -0.000295467 0.00290131 0.00170165 -0.00156164 0.000699533 0.00892961 -0.00173351 0.0238878
internal_weight=999.627 61.1955 938.431 931.655 70.48 29.59 861.175 243.955 231.787 617.22 358.316 81.1489 277.167 12.1686
internal_count=53087 23166 29921 29888 490 225 29398 2948 2834 26450 17857 2805 15052 114
is_linear=0
shrinkage=0.02


Tree=165
num_leaves=15
num_cat=0
split_feature=0 1 1 10 29 25 2 23 1 10 15 1 1 11
split_gain=14.5145 15.8622 10.6755 9.72044 9.39287 10.1075 8.99097 8.30517 7.08463 9.03073 11.1111 10.8835 10.4923 10.0044
threshold=-0.20345830033113665 0.66804621523808816 0.19645547866821292 133.15000000000001 1.0000000180025095e-35 1.5000000000000002 2.5000000000000004 1.0000000180025095e-35 0.32579185068607336 54.100000000000009 1.0000000180025095e-35 -0.21436586743208205 -0.38007472025360822 0.94117647409439098
decision_type=10 8 10 2 2 2 2 2 10 2 2 10 10 2
left_child=1 6 3 7 5 -3 8 -2 9 10 11 -1 -12 -14
right_child=2 4 -4 -5 -6 -7 -8 -9 -10 -11 12 -13 13 -15
leaf_value=0.037070048327692236 0.0026324182079760787 -0.013059036106503408 -0.01113242535986509 0.027000365055349168 -0.0016174266459188917 0.017639414253317644 0.019840063122694575 0.012114735143147868 0.0092859954277662825 0.0034298055810923107 -0.013495918720365435 -0.00052715605518197485 -0.0048454131792949459 0.0077513459021785504
leaf_weight=4.1772923171520215 418.55475414497778 78.713368467288092 18.891268510371447 6.1639941129833451 72.386564888991416 3.6890571843832722 8.5756364315748197 39.676363985985518 30.294581960886717 128.16837622784078 40.309737166389823 7.5338709801435471 111.53651548549533 31.54634915292263
leaf_count=43 8573 26541 172 83 11516 60 54 235 365 1657 642 201 2009 672
internal_value=0.000751847 -0.00157638 0.00324027 0.00384761 -0.00691297 -0.0114897 0.000717372 0.00347805 0.00019891 -0.000678672 -0.00338136 0.0147448 -0.00461255 -0.00203361
internal_weight=1000.22 516.931 483.286 464.395 154.789 82.4024 362.142 458.231 353.567 323.272 195.104 11.7112 183.393 143.083
internal_count=52823 43760 9063 8891 38117 26601 5643 8808 5589 5224 3567 244 3323 2681
is_linear=0
shrinkage=0.02


Tree=166
num_leaves=15
num_cat=0
split_feature=0 1 30 9 31 6 31 9 16 1 9 30 2 1
split_gain=17.0554 15.067 19.4296 15.3468 12.8437 11.3575 18.585 11.5295 10.0142 12.4292 9.28533 9.10596 8.45043 12.8627
threshold=-0.21857147460742979 -0.47918997316777751 0.87028658390045177 69.061665750000017 0.69984918832778942 18.100000000000005 0.66817498207092296 0.35856575000000007 1.0000000180025095e-35 -0.076168924570083604 2.5132220000000003 0.47058823704719549 1.0000000180025095e-35 -0.14573840793352985
decision_type=10 10 8 2 10 2 8 2 2 8 2 8 2 10
left_child=1 2 -1 -4 5 10 11 -8 9 -9 -2 -7 -3 -14
right_child=4 12 3 -5 -6 6 7 8 -10 -11 -12 -13 13 -15
leaf_value=0.0036007813034076171 0.0035367081570575926 -0.00055491901209733243 -0.012199264251590892 0.0099682864594588701 -0.0026596087683355874 0.0069836693386340918 -0.0071766021295885819 0.018678682785077824 -0.0013178904268701557 0.0039930358998238056 -0.0095475725121789042 0.037281365181136603 -0.0034136590876695317 0.016987054657589536
leaf_weight=57.691741423448548 196.56867390871048 256.80590581148863 128.77943620551378 13.075714353006331 109.85472420929 6.5109606515616205 20.235560498200357 50.332026615738869 29.326544232666492 43.080746868625283 23.403667569160461 11.930474207270889 20.909598730504513 28.264677997678518
leaf_count=4615 3422 4670 33788 85 4071 57 270 385 338 400 232 352 163 189
internal_value=0.000697156 -0.00188006 -0.00614104 -0.0101005 0.00334774 0.00508051 0.00909382 0.00654603 0.00884815 0.0120199 0.00210772 0.0274938 0.000909724 0.00841724
internal_weight=996.77 505.527 199.547 141.855 491.243 381.389 161.416 142.975 122.739 93.4128 219.972 18.4414 305.98 49.1743
internal_count=53037 43510 38488 33873 9527 5456 1802 1393 1123 785 3654 409 5022 352
is_linear=0
shrinkage=0.02


Tree=167
num_leaves=15
num_cat=0
split_feature=0 1 9 21 29 1 1 7 6 12 31 0 25 31
split_gain=13.578 11.5233 15.4282 21.1489 14.9007 9.01348 8.76012 8.12501 20.1909 12.4099 8.47732 8.17886 7.97431 7.86294
threshold=-0.067841768831901253 -0.33615940683842083 72.519939000000008 1.0000000180025095e-35 1.0000000180025095e-35 -0.26469009340656113 -0.43891401588916773 3.5000000000000004 18.100000000000005 0.42232277989387518 0.70739066600799572 0.0055615116590726358 2.5000000000000004 0.90346908569335949
decision_type=10 10 2 2 2 10 8 2 2 2 10 10 2 8
left_child=1 2 3 4 12 -3 -4 8 -2 -10 -9 -11 -1 -5
right_child=7 5 6 13 -6 -7 -8 10 9 11 -12 -13 -14 -15
leaf_value=-0.012190557333290369 0.0016681954827682747 0.010189000538138449 0.016738778525836578 0.048321447910511843 -0.0010986197995090834 -0.00059021096120815883 -0.0052870226862365578 0.000786358145695516 0.029736122352447294 -0.007218859852872306 -0.013008896886210692 0.013074060279623451 0.011713259759369462 0.0065490271633741083
leaf_weight=149.19874844548758 206.8508527604863 34.39495637267828 18.272402077913284 2.4810123629868022 90.031590578146279 250.91355849709362 10.933719606604429 151.82294712588191 15.229195257648824 9.1887571797706169 19.17420811438933 39.612232459709048 5.0394070334732524 4.5200377572327852
leaf_count=28712 3110 609 111 18 12868 4424 111 1444 88 324 513 389 60 78
internal_value=-3.96387e-05 -0.00208978 -0.00496102 -0.00656404 -0.00758461 0.00074031 0.00859106 0.00258417 0.00473275 0.014455 -0.000827168 0.00918487 -0.0113391 0.0255415
internal_weight=1007.66 565.785 280.477 251.271 244.27 285.309 29.2061 441.878 270.881 64.0302 170.997 48.801 154.238 7.00105
internal_count=52859 46991 41958 41736 41640 5033 222 5868 3911 801 1957 713 28772 96
is_linear=0
shrinkage=0.02


Tree=168
num_leaves=15
num_cat=0
split_feature=2 9 0 16 31 1 1 9 31 28 6 0 0 0
split_gain=14.7084 10.9771 16.7675 10.2007 12.9269 9.51317 8.77248 11.1351 6.71973 6.74135 6.87919 5.90881 6.38869 5.82445
threshold=1.5000000000000002 6.2513487500000009 0.16440422832965854 1.0000000180025095e-35 0.5429864525794984 0.17058455144486781 0.0067873299121856698 2.0000005000000005 0.94570136070251476 1.0000000180025095e-35 10.050000000000002 -0.39135933143624152 -0.3499245792627334 0.036199107766151435
decision_type=2 2 10 2 8 10 10 2 10 2 2 8 8 8
left_child=1 2 6 11 -5 -4 8 -8 9 -1 -11 -3 -13 -10
right_child=-2 3 5 4 -6 -7 7 -9 13 10 -12 12 -14 -15
leaf_value=-0.0063659671096311238 0.014061511854227243 -0.011582330722355148 0.0043632827507649559 0.03118529276286075 -0.003624588873233628 -0.020698024656329132 0.0087462121826440992 -0.0039832624226998964 -0.014815291176247233 -0.0077237968649305723 0.008261361711207213 0.033540693104361557 0.006024027938505698 0.014608309301141986
leaf_weight=372.84994978446048 26.614711344242096 6.5337622687220573 163.40680648759007 3.4608309566974631 99.421699233353138 5.3108850866556159 45.529140731319785 66.222427112981677 2.5950102424249035 16.891726985573769 26.141306430101395 2.5128055242821574 151.51694619539194 11.008099825703537
leaf_count=45257 148 151 1171 18 1631 25 766 1158 120 357 320 56 1412 334
internal_value=-0.00033271 -0.000740304 -0.00203361 0.00273952 -0.00216471 0.0034571 -0.00374843 0.00123448 -0.00504483 -0.00550247 0.00195381 0.00587589 0.00668638 0.00836513
internal_weight=1000.02 973.401 709.955 263.446 102.883 168.718 541.238 111.752 429.486 415.883 43.033 160.564 154.03 13.6031
internal_count=52924 52776 49508 3268 1649 1196 48312 1924 46388 45934 677 1619 1468 454
is_linear=0
shrinkage=0.02


Tree=169
num_leaves=15
num_cat=0
split_feature=0 30 1 30 15 0 31 0 31 10 7 25 1 30
split_gain=13.1501 8.88935 9.03004 13.0519 9.91963 14.6514 9.86643 9.5439 7.94239 9.243 11.2989 7.61782 7.40952 6.89956
threshold=0.16440422832965854 0.33634993433952337 0.042232289910316474 0.90346908569335949 2.5000000000000004 -0.40050765830065921 0.93363499641418468 -0.033007761215403199 0.70739066600799572 20.275000000000002 3.5000000000000004 1.5000000000000002 -0.058898418654516206 0.98190042376518261
decision_type=10 8 10 8 2 10 10 8 10 2 2 2 10 8
left_child=1 -1 4 -4 5 6 11 -5 9 -7 12 -3 -11 -13
right_child=-2 2 3 7 -6 8 -8 -9 -10 10 -12 13 -14 -15
leaf_value=0.008397853337826746 0.0045683701074816707 -0.0081539406309894258 -0.0039145942643777753 -0.0028253941570781801 0.004855447194881562 -0.0010600910279527486 0.020566248039888484 0.014590857058720078 -0.0072500618024734995 0.011759402679824438 0.0021997616581905569 -0.0096191287539129661 0.0404637378460901 0.010203649279703034
leaf_weight=36.780972089618444 207.25125049054623 249.16136785340495 49.239298786967993 17.013801836408675 66.036114729940891 184.03547409456223 4.3323820304358369 44.40668561309576 52.066497491672635 14.826694040093573 47.735476968809962 10.34669027477503 4.4664576835930339 17.56505183223635
leaf_count=215 1394 35899 974 412 625 7455 304 361 3342 289 1330 119 60 180
internal_value=9.22944e-05 -0.00107445 -0.00154254 0.00371629 -0.00244138 -0.0032726 -0.00655033 0.00979849 -0.000218254 0.001263 0.00756317 -0.00704676 0.0200711 0.00277693
internal_weight=1005.26 798.013 761.232 110.66 650.572 584.536 281.405 61.4205 303.131 251.064 67.0286 277.073 19.2932 27.9117
internal_count=52959 51565 51350 1747 49603 48978 36502 773 12476 9134 1679 36198 349 299
is_linear=0
shrinkage=0.02


Tree=170
num_leaves=15
num_cat=0
split_feature=13 25 23 7 10 11 31 25 11 31 11 8 10 31
split_gain=16.7488 7.74568 6.97391 7.11826 21.1148 28.2031 10.9735 9.31236 17.0814 7.85513 7.17324 8.56336 7.13656 6.83864
threshold=1.0000000180025095e-35 2.5000000000000004 1.5000000000000002 3.5000000000000004 12.550000000000002 0.90950226783752453 0.96870285272598278 1.5000000000000002 0.92609351873397838 0.81598794460296642 0.46003016829490667 1.5000000000000002 5.0500000000000007 0.5505279302597047
decision_type=2 2 2 2 2 2 10 2 2 10 2 2 2 8
left_child=1 -1 3 4 6 9 10 -5 -9 -6 11 -2 -8 -12
right_child=2 -3 -4 7 5 -7 12 8 -10 -11 13 -13 -14 -15
leaf_value=-0.011959426382191512 -0.0072105743589472235 0.015996285781395513 0.022845441644852468 -0.0018181085587679867 0.023652306706806306 -0.00033090817342431986 0.037912430990910802 -0.0010064678392924175 0.024529805088363832 -0.0071051847775406539 -0.0064577429193772972 0.017931832865340093 0.0033058468428660798 0.00052335351130111977
leaf_weight=54.601432339288294 7.2344675944186774 3.4170716926455489 4.7649130187928668 436.87828270671889 44.790289900731295 45.547594796400517 4.0169353336095792 31.051381413824856 14.757161065936087 3.145677517168223 70.6968169354368 16.284594759810716 4.943080653436482 257.91433067899197
leaf_count=22965 151 45 26 10511 622 1504 36 346 148 74 8840 265 92 7290
internal_value=0.000266382 -0.0100698 0.000912981 0.00077725 0.00257063 0.010988 0.000367103 -0.000913502 0.00756831 0.02153 -0.000217842 0.0102194 0.0210694 -0.000993583
internal_weight=1000.04 58.0185 942.026 937.261 454.574 93.4836 361.09 482.687 45.8085 47.936 352.13 23.5191 8.96002 328.611
internal_count=52915 23010 29905 29879 18874 2200 16674 11005 494 696 16546 416 128 16130
is_linear=0
shrinkage=0.02


Tree=171
num_leaves=15
num_cat=0
split_feature=8 7 6 2 30 12 4 14 29 6 12 30 6 30
split_gain=9.93241 14.0426 13.5434 8.84045 8.60258 6.82146 5.65339 5.76105 9.07119 5.63938 5.69596 5.05607 4.75172 4.73511
threshold=3.5000000000000004 3.5000000000000004 18.550000000000004 1.5000000000000002 0.23076923191547397 0.60331827402114879 1.0000000180025095e-35 1.0000000180025095e-35 1.0000000180025095e-35 4.8750000000000009 0.11613876372575761 0.89894419908523571 350.25000000000006 0.96191552281379711
decision_type=2 2 2 2 8 2 2 2 2 2 2 8 2 10
left_child=3 2 11 4 -1 -5 7 8 -6 -8 -11 -2 -12 -4
right_child=1 -3 13 5 6 -7 9 -9 -10 10 12 -13 -14 -15
leaf_value=0.010504634630617791 0.016740038065691461 -6.0124137375182182e-05 0.019943359726006613 0.023498963683397354 -0.014426229543839614 0.00022942381106761921 0.012609844351069861 -0.0026201024257918961 0.0043343851713811034 0.0099459322856296131 -0.0010784881761203644 -0.0059265468696621084 -0.01760359758834933 -0.012954322315572036
leaf_weight=22.529271133244038 4.0305738123133805 111.27124778728466 38.100750630488619 9.189780071377756 41.412936043809168 10.008840739727018 11.637401109561322 201.55369314341806 13.103439453523604 17.647672878112644 497.00839392305352 17.141929611214437 6.0653404186014077 1.1790032605640579
leaf_count=106 70 3418 1287 55 17397 57 640 17443 1850 172 9378 1052 79 54
internal_value=-0.000186893 0.00417729 0.0118509 -0.00109359 -0.00141746 0.0119798 -0.00177101 -0.00420679 -0.00992012 -0.000593686 -0.00091237 -0.00105117 -0.00131225 0.0186588
internal_weight=1001.88 171.724 60.4523 830.157 810.958 19.1986 788.429 256.07 54.5164 532.359 520.721 21.1725 503.074 39.2798
internal_count=53058 5881 2463 47177 47065 112 46959 36690 19247 10269 9629 1122 9457 1341
is_linear=0
shrinkage=0.02


Tree=172
num_leaves=15
num_cat=0
split_feature=13 11 31 23 10 2 13 5 24 29 6 6 28 23
split_gain=12.9447 7.83192 7.88083 13.4075 8.29862 7.75083 17.4566 6.94465 6.48843 8.76114 6.15678 6.04792 5.96945 5.51833
threshold=1.0000000180025095e-35 0.46003016829490667 0.44645550847053533 1.0000000180025095e-35 2.2750000000000004 1.0000000180025095e-35 2.5000000000000004 1.0000000180025095e-35 2.5000000000000004 1.0000000180025095e-35 42.050000000000004 29.550000000000004 1.0000000180025095e-35 1.5000000000000002
decision_type=2 2 8 2 2 2 2 2 2 2 2 2 2 2
left_child=8 2 4 12 -2 13 -7 -8 9 -1 11 -11 -4 -3
right_child=1 5 3 -5 -6 6 7 -9 -10 10 -12 -13 -14 -15
leaf_value=-0.015920142764295146 -0.0041181549962019288 -0.00032210828475135622 -0.015759848672855986 0.015798048637148371 0.021590711789912013 0.013910079944156025 0.0080973453031100203 -0.014440374173077409 0.016323108992233878 0.0019082158641306295 -0.017483195065389229 0.037003179892765976 0.013163258346298517 0.023249474067210524
leaf_weight=37.04325034993235 6.1892724516801563 808.35819906136021 14.151706747245045 12.468082264065744 20.391801345162094 45.038912794552743 7.3624125532805929 15.649624567478895 2.9630907140672198 11.603978674393149 4.177023706957697 1.3959915137384076 2.7130954898893824 2.9924136549234381
leaf_count=21082 99 28504 301 75 308 269 64 140 40 1065 747 193 23 16
internal_value=0.000237708 0.000806274 0.00799654 0.000753547 0.0156723 0.00034054 0.00677314 -0.00719279 -0.00891603 -0.010566 0.0012213 0.00805076 -0.0106305 -0.000206659
internal_weight=992.499 935.316 55.914 29.3329 26.5811 879.402 68.0509 23.012 57.1833 54.2202 17.177 13 16.8648 811.351
internal_count=52926 29799 806 399 407 28993 473 204 23127 23087 2005 1258 324 28520
is_linear=0
shrinkage=0.02


Tree=173
num_leaves=15
num_cat=0
split_feature=0 30 15 30 23 2 0 7 6 11 9 0 11 0
split_gain=11.789 11.68 10.081 15.6392 9.79475 8.89135 7.42634 7.25667 16.1281 9.01389 7.32973 7.0306 6.99951 12.9794
threshold=0.024132743477821354 0.27752640843391424 1.0000000180025095e-35 0.87028658390045177 1.0000000180025095e-35 1.0000000180025095e-35 1.0000000180025095e-35 3.5000000000000004 18.100000000000005 0.88499245047569286 8.2947350000000011 -0.041309941241518155 0.23076923191547397 -0.011190029482712407
decision_type=10 8 2 8 2 2 10 2 2 2 2 10 2 8
left_child=1 -1 3 -3 12 7 11 8 -2 -10 -9 -4 13 -5
right_child=5 2 6 4 -6 -7 -8 10 9 -11 -12 -13 -14 -15
leaf_value=0.012223319856256536 0.0017594971373263431 0.0020743139487244835 1.6886489638871695e-05 0.067130743508871091 0.025800205429623687 0.018183954110863498 -0.010483839501489874 -0.0037059514623181563 0.023012315964108326 0.0056507483763343991 0.0087130127747300831 0.010431463430715096 -0.010312982611036107 -0.012053259972595425
leaf_weight=23.662388756871223 162.96930069383234 76.898114645387977 348.2741164304316 0.37434000801295042 2.2348991036415091 14.349365480244158 23.908897984772921 97.738130887970328 24.834715478122234 23.874966789036989 22.559641294181347 27.013824695721269 141.90191807737574 1.4806316052563477
leaf_count=119 1757 6271 5601 18 10 80 289 784 175 214 112 470 36250 711
internal_value=0.000316342 -0.00128009 -0.00181252 -0.00520943 -0.009034 0.00328812 9.24103e-05 0.00259159 0.0048128 0.0147874 -0.00132437 0.000792274 -0.00975003 0.0218429
internal_weight=992.075 645.749 622.087 222.89 145.992 346.326 399.197 331.977 211.679 48.7097 120.298 375.288 143.757 1.85497
internal_count=52861 49739 49620 43260 36989 3122 6360 3042 2146 389 896 6071 36979 729
is_linear=0
shrinkage=0.02


Tree=174
num_leaves=15
num_cat=0
split_feature=13 30 0 30 21 30 19 10 1 20 10 0 20 0
split_gain=12.726 12.5141 12.3144 7.78404 6.98677 5.74768 5.575 5.42259 10.3367 8.74667 7.91324 6.47158 6.97134 7.47749
threshold=1.0000000180025095e-35 0.85671192407608043 -0.3709934144549189 0.94570136070251476 1.0000000180025095e-35 0.11613876372575761 50.625000000000007 4.4500000000000011 0.33900782566580501 1.0000000180025095e-35 4.8500000000000005 0.32273848153524959 1.0000000180025095e-35 0.036199107766151435
decision_type=2 8 8 10 2 8 2 2 10 2 2 10 2 10
left_child=1 -1 4 5 -2 -4 -5 8 9 -7 -9 12 -12 -14
right_child=2 -3 3 6 -6 7 -8 10 -10 -11 11 -13 13 -15
leaf_value=0.0057306388588116812 -0.008048356567646334 -0.015066080343356211 0.020832238210707354 -0.0069768436630673978 0.0055378572808360482 -0.0043232792312797794 0.010490523834124502 0.020144047113098081 0.022207813586021873 0.0084931586448603966 0.002400793730908833 0.0088866751085086102 -0.017009716321469255 -0.00059343790165342634
leaf_weight=15.439907161984591 91.938155952142552 40.447669777669944 5.3306515514850608 63.508277680259198 17.350814240053296 142.07512918207794 7.3475702572613946 9.1237732167355698 6.1064870208501807 24.074050437659025 466.21919493284076 52.931792922317982 14.254205742850898 41.02297280728817
leaf_count=881 12065 22140 27 1842 227 5433 80 175 44 412 8208 268 611 411
internal_value=-0.000134756 -0.00932089 0.000419973 0.00125104 -0.00586074 0.00184298 -0.00504474 0.0016817 -0.00143012 -0.00242655 0.00260113 0.00228797 0.00160248 -0.0050537
internal_weight=997.171 55.8876 941.283 831.994 109.289 761.138 70.8558 755.808 172.256 166.149 583.552 574.428 521.496 55.2772
internal_count=52824 23021 29803 17511 12292 15589 1922 15562 5889 5845 9673 9498 9230 1022
is_linear=0
shrinkage=0.02


Tree=175
num_leaves=15
num_cat=0
split_feature=0 1 11 2 20 11 0 25 27 0 23 3 11 20
split_gain=13.8959 11.3312 8.71484 7.06269 6.86448 6.66326 13.7945 10.0854 6.97976 6.03678 6.03286 5.91079 6.43729 5.90114
threshold=0.20296167247386762 0.66804621523808816 0.53657618165016185 2.5000000000000004 1.0000000180025095e-35 0.61840122938156139 -0.32649999376085859 2.5000000000000004 3.5000000000000004 -1.0000000180025095e-35 1.0000000180025095e-35 1.0000000180025095e-35 0.24886878579854968 1.0000000180025095e-35
decision_type=10 8 2 2 2 2 8 2 2 10 2 2 2 2
left_child=1 2 -1 13 5 6 -3 8 -7 -6 -2 -8 -13 -4
right_child=10 4 3 -5 9 7 11 -9 -10 -11 -12 12 -14 -15
leaf_value=0.0097544789521045432 0.0039535651517754568 0.024274249852788459 0.00010823633063714914 0.017677457824055599 -0.015524548056645514 -0.0085472230814814792 -0.013774341557430337 0.027728278448251861 0.03664947212666992 0.010916227844543089 0.018392116931800297 0.017285194265983878 -0.0027768697415769105 -0.0082003240494449032
leaf_weight=36.846857203170657 167.01755649968982 7.0686012362129986 468.38678617030382 7.699120555073022 3.3142679003067341 169.81692487001419 15.580727869179098 2.2250346019864073 0.41123012965544958 17.749707444570959 11.568768374621866 6.3839536719024172 46.890325820073485 35.884372805245221
leaf_count=320 1059 539 7176 51 373 32476 3737 22 134 375 73 301 5523 834
internal_value=-5.24301e-05 -0.00115684 0.000493429 -0.000190812 -0.00450763 -0.00544055 -0.000492456 -0.00760358 -0.00822464 0.0062409 0.0049861 -0.00334608 -9.86125e-05 -0.000498067
internal_weight=996.844 818.258 548.817 511.97 269.441 248.377 75.9236 172.453 170.228 21.064 178.586 68.855 53.2743 504.271
internal_count=52993 51861 8381 8061 43480 42732 10100 32632 32610 748 1132 9561 5824 8010
is_linear=0
shrinkage=0.02


Tree=176
num_leaves=15
num_cat=0
split_feature=0 13 12 30 10 9 12 7 12 2 24 10 30 0
split_gain=12.2638 14.5945 14.5448 11.5268 8.55236 16.3607 8.0679 7.35901 7.25744 7.03567 6.29835 6.24623 6.08541 9.75255
threshold=-0.20345830033113665 1.0000000180025095e-35 0.7828054428100587 0.85671192407608043 56.275000000000006 33.329537500000008 0.061840122565627105 1.0000000180025095e-35 0.87028658390045177 2.5000000000000004 2.5000000000000004 6.7250000000000005 0.79185521602630626 -0.37369337979094069
decision_type=8 2 2 8 2 2 2 2 2 2 2 2 10 10
left_child=2 3 7 -2 12 8 -3 11 -6 -8 -5 -1 13 -4
right_child=1 6 4 10 5 -7 9 -9 -10 -11 -12 -13 -14 -15
leaf_value=-0.004936812945013149 0.0050404700186048703 0.014764434802525496 -0.014181643280467671 -0.016849147070015703 0.009389422348061182 -0.01199498364739392 0.0010943138356351188 -0.0099062165053064397 0.089773951861440826 0.0175559111318924 0.010401160565012661 0.0094435829467285383 -0.0063578776286197123 0.031264274081943502
leaf_weight=43.917002447880805 16.460491577163339 17.3462297283113 2.1028946228325367 36.673993728589267 0.94510137010365658 1.3528931252658365 725.50087576173246 104.28502417705022 0.8148172227665782 9.5426934249699098 3.0669070445001116 15.538038699189199 8.8398120198398811 4.7694765045307603
leaf_count=7055 899 155 65 22108 29 35 12222 8790 21 63 42 933 296 135
internal_value=-0.000136323 0.000922087 -0.00480357 -0.0088191 0.011439 0.037192 0.00166047 -0.00672905 0.0656493 0.00133159 -0.0145425 -0.00108458 0.00441678 0.0173232
internal_weight=991.156 808.591 182.565 56.2014 18.825 3.11281 752.39 163.74 1.75992 735.044 39.7409 59.455 15.7122 6.87237
internal_count=52848 35489 17359 23049 581 85 12440 16778 50 12285 22150 7988 496 200
is_linear=0
shrinkage=0.02


Tree=177
num_leaves=15
num_cat=0
split_feature=2 0 1 1 31 25 9 22 17 0 6 11 31 31
split_gain=13.4078 9.66461 8.40566 7.98362 9.52333 9.1731 8.43231 7.30395 6.85447 19.1439 7.12598 16.3953 7.70801 6.79814
threshold=1.5000000000000002 -0.087481148540973649 -0.02710990506693365 0.66804621523808816 0.68325793743133556 1.5000000000000002 1.0000000180025095e-35 1.0000000180025095e-35 1.0000000180025095e-35 0.048967037626515449 12.775000000000002 0.96191552281379711 0.96870285272598278 0.23529411852359775
decision_type=2 10 10 8 8 2 2 2 2 10 2 2 10 10
left_child=1 3 7 -1 6 -6 13 8 10 -10 12 -12 -3 -5
right_child=-2 2 -4 4 5 -7 -8 -9 9 -11 11 -13 -14 -15
leaf_value=-0.00049848435141399523 0.014030296425918728 0.00079560908330670622 -0.0043520904322947151 0.0080678474898187875 -0.017219977989317636 0.015443584616158038 -0.0092765323491985803 -0.0014568918243574979 -0.01162676622407326 0.0054990336074190018 0.022239706832057532 -0.010722234647242718 0.03299042316884758 -0.00406225091703171
leaf_weight=358.75970895309001 25.750946218147874 34.740571330767125 72.266080990433693 31.985484535456635 35.791137882275507 3.0242114802822462 50.340710814925842 102.81573170609772 30.069762345403433 163.56087776273489 30.20141309639439 6.8414149926975361 2.258978519588708 41.08514388545882
leaf_count=6170 144 1676 947 6995 12745 56 9789 1233 421 814 955 224 34 10619
internal_value=6.34552e-05 -0.000323892 0.00184642 -0.00216832 -0.00583542 -0.0143511 -0.00306324 0.00306394 0.0047994 0.00279342 0.00993816 0.0160302 0.00357769 0.00128474
internal_weight=989.492 963.741 442.755 520.986 162.227 38.8153 123.411 370.489 267.673 193.631 74.0424 37.0428 36.9995 73.0706
internal_count=52822 52678 6304 46374 40204 12801 27403 5357 4124 1235 2889 1179 1710 17614
is_linear=0
shrinkage=0.02


Tree=178
num_leaves=15
num_cat=0
split_feature=0 30 0 23 23 10 24 7 10 8 10 6 10 24
split_gain=10.2112 10.8975 6.83779 6.17019 6.0823 5.86758 9.04652 4.61183 29.3024 10.5738 6.61589 6.56556 9.19336 9.10669
threshold=0.15277405521307963 0.2443438917398453 -0.61985827358182444 1.5000000000000002 1.0000000180025095e-35 1.5000000000000002 2.5000000000000004 3.5000000000000004 12.550000000000002 3.5000000000000004 22.050000000000004 10.275000000000002 54.775000000000006 1.0000000180025095e-35
decision_type=10 8 8 2 2 2 2 2 2 2 2 2 2 2
left_child=1 -1 -3 5 -2 6 -4 8 -7 -10 -11 -9 -13 -14
right_child=4 2 3 -5 -6 7 -8 11 9 10 -12 12 13 -15
leaf_value=0.014561917362549028 0.0031411763871875727 -0.0100214737582127 -0.018703680609113333 0.023231025225719487 0.015764014879212977 -0.0021218538335610469 0.015873497922168085 0.0055002154905457136 0.0075110357873446644 0.039129309597302771 0.013800499623600119 -0.0055276482782828443 -0.0035587051898751747 0.0063514113624387374
leaf_weight=17.051490247249603 198.29303950257599 32.325049668550491 14.106646929983983 3.2667370513081542 15.661346830427645 230.63041291898116 2.9695945978164664 40.920478039421141 48.283571931184269 7.3842524773208451 11.73695178190246 211.9600805019727 80.451661840663292 67.133650001138449
leaf_count=81 1377 5672 9678 16 100 17431 42 1887 2052 243 328 9663 3659 725
internal_value=0.000280684 -0.000796524 -0.00116406 -0.000752387 0.0041342 -0.000894142 -0.0121451 -0.00060212 0.00127922 0.0127771 0.0250406 -0.00200195 -0.00286867 0.000961619
internal_weight=982.175 768.221 751.169 718.844 213.954 715.577 17.0762 698.501 298.035 67.4048 19.1212 400.466 359.545 147.585
internal_count=52954 51477 51396 45724 1477 45708 9720 35988 20054 2623 571 15934 14047 4384
is_linear=0
shrinkage=0.02


Tree=179
num_leaves=15
num_cat=0
split_feature=0 30 15 18 24 6 12 30 13 6 6 30 13 12
split_gain=9.28909 8.89161 9.2273 7.00504 8.06282 15.767 8.18262 7.2824 12.0365 6.80042 9.49156 6.68898 7.92275 8.49036
threshold=-0.067841768831901253 0.18702866137027743 2.5000000000000004 1.5000000000000002 1.0000000180025095e-35 189.12500000000003 0.73152339458465587 0.8355957865715028 1.0000000180025095e-35 16.550000000000004 218.62500000000003 0.95022624731063854 2.5000000000000004 0.38914027810096746
decision_type=10 8 2 2 2 2 2 8 2 2 2 8 2 2
left_child=1 -1 3 4 7 11 -7 -3 -9 -10 -11 -6 13 -13
right_child=-2 2 -4 -5 5 6 -8 8 9 10 -12 12 -14 -15
leaf_value=0.018787314383195607 0.0019111250238736913 0.00015634890956201127 0.004885116878160815 -0.013889477549433789 -0.0063213892956943121 0.037811771259973703 -0.0058156062249134777 -0.016782949306364044 -0.0095362790113759765 0.0016207650049331868 -0.010535141078166381 -0.0036182685306690989 -0.0059493760022830749 0.013101313393350007
leaf_weight=7.1309588477015486 435.18093528598547 100.3792014173232 62.503764407709241 22.515559457242489 45.808715252205729 5.8296192921698085 1.9760973285883663 35.911667988752015 64.4977152349893 95.918331868946552 33.99458015197888 17.722519734408706 24.792905764654279 35.274753416888416
leaf_count=34 5840 5199 596 325 884 49 40 22226 9906 5442 970 335 425 663
internal_value=-0.000273398 -0.00198896 -0.00229352 -0.00322754 -0.00267918 0.00150363 0.0273609 -0.00434074 -0.00629287 -0.00427917 -0.00161627 -0.00033583 0.00322441 0.00754675
internal_weight=989.437 554.256 547.125 484.622 462.106 131.405 7.80572 330.701 230.322 194.411 129.913 123.599 77.7902 52.9973
internal_count=52934 47094 47060 46464 46139 2396 89 43743 38544 16318 6412 2307 1423 998
is_linear=0
shrinkage=0.02


Tree=180
num_leaves=15
num_cat=0
split_feature=2 18 30 7 6 11 31 7 6 31 4 6 14 6
split_gain=14.1584 15.4859 9.04664 6.70413 25.5376 19.4311 10.1022 9.6898 6.37861 6.34814 9.00444 6.07951 5.50086 8.44117
threshold=1.0000000180025095e-35 1.0000000180025095e-35 0.31372550129890447 3.5000000000000004 16.550000000000004 0.90950226783752453 0.96870285272598278 1.0000000180025095e-35 8.7250000000000014 0.92609351873397838 1.0000000180025095e-35 7.9500000000000011 1.0000000180025095e-35 32.550000000000004
decision_type=2 2 8 2 2 2 10 2 2 10 2 2 2 2
left_child=2 -2 8 4 6 12 -4 -7 -1 -9 -11 -8 13 -6
right_child=1 -3 3 -5 5 7 11 9 -10 10 -12 -13 -14 -15
leaf_value=-0.002765178252856952 0.017280213400538473 -0.0013121139711940195 -0.0027723724509049674 -0.0025072886421280832 -0.0097502505737395058 -0.011269781459432655 0.0336356812077475 0.0024105758859334129 0.013482453006701572 0.055112985676855332 0.0016295799985865172 0.00076371885041592717 0.01790677990155554 0.017798164770525423
leaf_weight=13.561658248305319 38.872952136676759 32.306844752281904 302.56218344788067 424.3910854983842 7.9125844435766322 19.882763665285893 3.9351243379060161 36.993906543473713 30.24928106367588 1.348920524236745 2.8506471558939666 4.2245046949246898 57.859099813038483 7.9765482378425077
leaf_count=78 279 253 26788 19456 1043 1335 26 1381 160 39 96 87 1209 800
internal_value=0.000412809 0.00894032 -0.000260521 -0.000711144 0.0010015 0.00823723 -0.00215449 -0.000129293 0.00850353 0.00538752 0.0261043 0.0185582 0.0150752 0.00431438
internal_weight=984.928 71.1798 913.748 869.937 445.546 134.824 310.722 61.0762 43.8109 41.1935 4.19957 8.15963 73.7482 15.8891
internal_count=53030 532 52498 52260 32804 5903 26901 2851 238 1516 135 113 3052 1843
is_linear=0
shrinkage=0.02


Tree=181
num_leaves=15
num_cat=0
split_feature=2 6 11 25 30 11 1 1 14 15 9 13 30 1
split_gain=10.2531 9.60712 8.52228 12.06 8.19786 11.0952 6.81955 8.29028 8.55945 7.81009 6.91916 8.39311 6.90962 7.20108
threshold=1.5000000000000002 11.050000000000002 0.96870285272598278 1.0000000180025095e-35 0.67873305082321178 0.82956260442733776 0.038084463431284986 -0.049746163399089785 1.0000000180025095e-35 3.5000000000000004 26.550000000000004 2.5000000000000004 0.94117647409439098 -0.52601808309555043
decision_type=2 2 2 2 8 2 10 10 2 2 2 2 8 10
left_child=1 2 -1 -4 5 -3 7 8 9 -6 11 12 13 -10
right_child=-2 4 3 -5 6 -7 -8 -9 10 -11 -12 -13 -14 -15
leaf_value=-0.0043001065256519566 0.012172887693557946 0.010060848300097161 0.0022204390720292596 0.04200264505178522 -0.0048291133072587665 -0.0047211048871672783 0.0061405391097187328 -0.0075946070109157706 0.002736337926687885 0.0094794823119908958 0.015447341936895651 -0.0050009499319718653 0.0015898278392939792 0.019167159819593362
leaf_weight=282.11542319052387 25.80257884785533 75.543713735882193 24.207597503555011 2.5099223349243394 147.72541839606129 26.967480167280883 63.735266635194421 61.124614210799336 22.787680763751268 16.072099130600691 14.363815455697475 58.203371689654887 154.33687075972557 19.734858609735966
leaf_count=22736 148 1104 2080 22 13970 365 905 1217 2488 105 168 871 6667 283
internal_value=-2.97631e-05 -0.000366762 -0.00327282 0.00733825 0.000994736 0.00616414 3.58722e-05 -0.000761996 0.000217303 -0.00337613 0.00240633 0.00161447 0.00358577 0.0106271
internal_weight=995.231 969.428 308.833 26.7175 660.595 102.511 558.084 494.349 433.224 163.798 269.427 255.063 196.859 42.5225
internal_count=53129 52981 24838 2102 28143 1469 26674 25769 24552 14075 10477 10309 9438 2771
is_linear=0
shrinkage=0.02


Tree=182
num_leaves=15
num_cat=0
split_feature=2 13 30 24 12 13 30 23 3 6 15 30 12 16
split_gain=11.7446 9.87622 12.8496 7.00497 6.03579 4.91915 4.89411 7.47396 5.36074 4.4264 4.40079 4.8938 7.32906 11.9004
threshold=2.5000000000000004 1.0000000180025095e-35 0.79185521602630626 2.5000000000000004 0.11161387711763383 5.5000000000000009 0.61840122938156139 1.0000000180025095e-35 1.0000000180025095e-35 10.450000000000001 3.5000000000000004 0.84615385532379161 0.82956260442733776 1.0000000180025095e-35
decision_type=2 2 8 2 2 2 8 2 2 2 2 10 2 2
left_child=1 2 9 -4 6 10 -3 8 -8 -1 11 12 -6 -14
right_child=-2 4 3 -5 5 -7 7 -9 -10 -11 -12 -13 13 -15
leaf_value=-0.012194705116385878 0.021492683523832753 0.015924095966439063 -0.016229547659267006 0.012913631178578418 0.00063859591193689811 -0.014195192593601823 -0.012159879937967024 0.014498923930952127 0.0053695641979866118 0.012845259630000843 0.010753943130118416 -0.0024873282343192793 0.014193756903573216 -0.0065733709875725448
leaf_weight=2.7538637700490645 9.735810920596121 16.868384070694447 35.790344014763832 2.8890230990946284 612.87344997562468 7.9863423835486165 12.446108668111263 13.985846593976019 13.641142193460839 11.99681860161945 16.005682855844498 175.34103441913612 37.810592031572014 14.735947450622914
leaf_count=109 64 247 22333 41 16166 129 226 74 2556 543 99 8994 771 383
internal_value=0.000687842 0.000458318 -0.00782103 -0.0137822 0.000946222 0.000526876 0.00719571 0.00322333 -0.00313382 0.00769302 0.000680496 0.000476179 0.00125964 0.00835591
internal_weight=984.86 975.125 53.43 38.6794 921.695 864.753 56.9415 40.0731 26.0873 14.7507 856.767 840.761 665.42 52.5465
internal_count=52735 52671 23026 22374 29645 26542 3103 2856 2782 652 26413 26314 17320 1154
is_linear=0
shrinkage=0.02


Tree=183
num_leaves=15
num_cat=0
split_feature=30 13 30 26 30 13 25 10 23 6 6 6 6 30
split_gain=9.16132 7.07629 17.1247 7.18804 6.0732 5.12207 4.93758 5.26059 4.73351 4.64208 6.51532 5.02427 4.36084 4.10441
threshold=0.11613876372575761 1.0000000180025095e-35 0.81598794460296642 1.0000000180025095e-35 0.8355957865715028 5.5000000000000009 2.5000000000000004 94.77500000000002 1.5000000000000002 10.450000000000001 35.550000000000004 28.550000000000004 16.050000000000004 0.80844646692276012
decision_type=8 2 8 2 10 2 2 2 2 2 2 2 2 10
left_child=-1 2 9 -4 5 8 7 -6 13 -2 11 12 -11 -3
right_child=1 4 3 -5 6 -7 -8 -9 -10 10 -12 -13 -14 -15
leaf_value=0.019536781155488951 -0.010739546577376866 0.00093966388181020003 -0.015867964715700046 0.025027539057386514 -0.0043124025690365322 -0.018425235086467991 0.019449819553762588 0.005546198172304795 0.023627894505417146 0.021085077245604128 -0.0052147365392524415 0.053117187768894625 -0.01221131223739034 0.011270904715472645
leaf_weight=8.5703318044543249 2.6025047632865599 702.55036740121432 36.834285709774122 0.93115432560443778 180.48863426921889 4.3151871897280207 2.957677546888589 23.713579047238454 2.7762300670146933 5.9030946083366853 3.8137832735665134 1.1328396932221947 1.3206139924004672 14.738867845386265
leaf_count=43 122 18465 22338 4 10120 65 35 640 17 216 252 57 89 554
internal_value=6.32406e-05 -0.000126015 -0.00719687 -0.01424 0.000280067 0.00114393 -0.0027316 -0.00314609 0.00128659 0.0105696 0.0155958 0.0246357 0.0142532 0.00116735
internal_weight=992.649 984.079 52.5383 37.7654 931.541 724.381 207.16 204.202 720.065 14.7728 12.1703 8.35655 7.22371 717.289
internal_count=53017 52974 23078 22342 29896 19101 10795 10760 19036 736 614 362 305 19019
is_linear=0
shrinkage=0.02


Tree=184
num_leaves=15
num_cat=0
split_feature=0 6 7 11 0 25 11 30 6 30 24 6 13 13
split_gain=9.13028 9.95817 13.2568 14.5097 13.3437 9.71383 10.4942 16.0396 7.58259 7.71606 7.35969 9.90482 12.0766 9.49682
threshold=0.21719457209110263 16.550000000000004 3.5000000000000004 0.90950226783752453 0.055280085767890653 1.5000000000000002 0.93363499641418468 0.98642531037330639 23.550000000000004 0.7119155526161195 1.0000000180025095e-35 111.62500000000001 4.5000000000000009 2.5000000000000004
decision_type=10 2 2 2 8 2 2 8 2 10 2 2 2 2
left_child=1 5 3 4 8 -1 -7 -8 9 -3 -4 13 -13 -12
right_child=-2 2 10 -5 -6 6 7 -9 -10 -11 11 12 -14 -15
leaf_value=-0.0042350329015424402 0.0045660979544681606 -0.0056236885671271724 -0.0033189709970767429 -0.00077768937115341901 0.0040567906285224817 0.0012183852794839922 -0.0087204861274792298 0.049257926540600717 0.027720661857537996 0.032302231810267534 0.010865452071848776 0.015947167177051549 -0.001293961359596978 -0.0049457573380325874
leaf_weight=322.33933848468587 162.09734747558832 6.7963723186403495 187.9266626003664 52.519429537584074 32.939672900713049 31.890569309704006 2.7055195644497863 3.8811382446438074 24.074485550401732 1.9958053089212624 18.143097553402185 36.302738156169653 28.547231053933501 72.955593938007951
leaf_count=31314 1002 209 12581 2783 1967 369 28 35 720 99 177 294 365 990
internal_value=0.000242834 -0.000613161 0.00132967 0.00707368 0.0132576 -0.00309869 0.00628702 0.0274325 0.0220869 0.00540501 -0.000661602 0.00254142 0.00845316 -0.00171303
internal_weight=985.115 823.018 462.201 118.326 65.8063 360.817 38.4772 6.58666 32.8667 8.79218 343.875 155.949 64.85 91.0987
internal_count=52933 51931 20185 5778 2995 31746 432 63 1028 308 14407 1826 659 1167
is_linear=0
shrinkage=0.02


Tree=185
num_leaves=15
num_cat=0
split_feature=2 18 10 7 6 27 15 18 12 31 7 12 24 12
split_gain=9.2235 12.753 9.44808 7.68192 18.1201 9.92499 9.16839 8.97579 8.01647 9.2901 7.94502 6.30051 5.95014 6.04605
threshold=1.0000000180025095e-35 1.0000000180025095e-35 1.5000000000000002 3.5000000000000004 16.550000000000004 1.5000000000000002 2.5000000000000004 1.5000000000000002 0.43740573525428778 0.4177978932857514 1.0000000180025095e-35 0.38914027810096746 1.5000000000000002 0.36349925398826605
decision_type=2 2 2 2 2 2 2 2 2 10 2 2 2 2
left_child=2 -2 -1 4 -4 8 -5 11 9 -6 -10 -8 13 -3
right_child=1 12 3 6 5 -7 7 -9 10 -11 -12 -13 -14 -15
leaf_value=-0.015251441871826267 0.014468926975215844 -0.010523862753359498 -0.0006294567875549141 -0.0029311034335264218 0.0067443589741151763 0.014691239374244483 0.014674437047445959 0.010154456933554426 -0.012680421440625748 0.037425297032693726 0.0038209301132421771 -0.012908666415560129 -0.0093720784038558574 0.016897050098829712
leaf_weight=15.209182426566256 40.932140172692016 4.0495751611888435 327.09625898511149 372.73272676940542 22.018632076447833 53.149636377231218 3.4102971274405744 43.445476235821843 14.776264416403135 4.0068330314243203 43.866269891848788 13.274299763143061 18.527687495574355 8.4730115458369237
leaf_count=9683 292 26 19597 17080 806 2867 22 381 733 66 1022 154 146 61
internal_value=0.000428765 0.00727056 -0.000118026 0.000155032 0.00193815 0.00799275 -0.00176017 0.00542738 0.00366542 0.012678 -0.000479839 -0.00675976 -0.00237409 0.00790713
internal_weight=984.968 71.9824 912.986 897.777 464.914 137.818 432.863 60.1301 84.668 26.0255 58.6425 16.6846 31.0503 12.5226
internal_count=52936 525 52411 42728 25091 5494 17637 557 2627 872 1755 176 233 87
is_linear=0
shrinkage=0.02


Tree=186
num_leaves=15
num_cat=0
split_feature=13 30 0 12 10 10 0 31 1 12 30 1 30 17
split_gain=10.3715 11.701 9.05217 7.23399 6.83185 8.46503 6.25404 9.62147 8.81069 7.29109 6.16896 6.09644 9.17967 7.20683
threshold=1.0000000180025095e-35 1.0000000180025095e-35 -0.64683416631962387 0.11161387711763383 136.62500000000003 150.12500000000003 0.075917984454569834 0.97285065054893505 -0.27865758538246149 0.49472096562385565 0.80844646692276012 0.0067873299121856698 0.89592760801315319 1.0000000180025095e-35
decision_type=2 10 8 2 2 2 10 8 8 2 8 10 8 2
left_child=1 -1 -2 -4 6 -6 11 8 -8 10 -9 13 -13 -5
right_child=2 -3 3 4 5 -7 7 9 -10 -11 -12 12 -14 -15
leaf_value=-0.015385822496769197 -0.010061137902627517 0.003780184952619448 0.0085699280152464734 -0.0012447578254961478 0.025360811242729726 0.0012072684835958498 0.025631062006653913 0.021153560148085584 -0.0037999133721927799 0.0021353689406969664 0.0069455278425984771 -0.0025765044489768959 0.0084096955622331299 -0.00967499223347398
leaf_weight=33.786165174446069 29.942532187793404 19.581007623346522 46.120460703969002 384.76482305815443 8.7756226600613463 14.547724911943076 3.265911303460598 15.573681101202963 90.546503601595759 111.37948232516646 54.244100280106068 59.934066964313388 60.040458716452122 44.408877398818731
leaf_count=20952 5083 2174 907 18621 144 241 19 81 1277 534 264 1142 935 552
internal_value=7.601e-05 -0.00841342 0.000575143 0.000942388 0.000517681 0.0109643 0.000209118 0.00266561 -0.0025158 0.0053473 0.0103687 -0.00102369 0.00294554 -0.00213754
internal_weight=976.911 53.3672 923.544 893.602 847.481 23.3233 824.158 275.01 93.8124 181.197 69.8178 549.148 119.975 429.174
internal_count=52926 23126 29800 24717 23810 385 23425 2175 1296 879 345 21250 2077 19173
is_linear=0
shrinkage=0.02


Tree=187
num_leaves=15
num_cat=0
split_feature=0 1 1 29 25 31 6 0 0 0 1 31 12 0
split_gain=11.9991 9.57084 7.842 11.0385 7.81515 7.02368 9.76836 11.4082 10.97 7.85829 7.64749 7.1499 6.68931 5.79966
threshold=-0.091969242742316562 0.18137252330780032 inf 1.0000000180025095e-35 1.5000000000000002 0.7119155526161195 11.050000000000002 -1.0000000180025095e-35 0.024132743477821354 0.16440422832965854 -0.028467108316058542 0.50226245820522319 0.75829562544822704 -0.46282865976926241
decision_type=10 10 8 2 2 10 2 10 10 10 10 10 2 10
left_child=2 5 -1 4 13 6 9 10 -9 -2 -8 -11 -10 -4
right_child=1 -3 3 -5 -6 -7 7 8 12 11 -12 -13 -14 -15
leaf_value=-2.7587766550545653e-05 -0.0047486732088827931 -0.010318655052030898 -0.016445658129593147 -0.00021501082296390768 0.01528410779183919 -0.0012189914042146331 0.023183483198528379 -0.007373541446397981 0.0092612340291133959 0.0099559852963969908 -0.0025288767152650245 -0.0065044135573002282 -0.00077648435341029346 -0.0038869249971980953
leaf_weight=384.51370805222541 60.548330387100577 20.020035721361637 46.659375741495751 79.562036400078796 3.475508793257176 96.524811253417283 24.688463739585135 22.547457318753004 132.08533341810107 39.391806751489639 5.4182669874280682 13.50725097954273 32.992873251438141 22.376020214520395
leaf_count=6316 1332 148 24079 12715 61 2664 569 327 765 190 111 124 166 3470
internal_value=0.000464169 0.00287828 -0.00155176 -0.00538023 -0.0109677 0.00351863 0.00489896 0.00736895 0.00547386 0.000135487 0.0186235 0.00571029 0.00726248 -0.0124887
internal_weight=984.311 447.725 536.587 152.073 72.5109 427.705 331.18 217.732 187.626 113.447 30.1067 52.8991 165.078 69.0354
internal_count=53037 6396 46641 40325 27610 6248 3584 1938 1258 1646 680 314 931 27549
is_linear=0
shrinkage=0.02


Tree=188
num_leaves=15
num_cat=0
split_feature=0 2 10 9 30 0 15 19 19 9 21 18 2 1
split_gain=8.38694 6.59738 6.88646 7.41042 6.47348 5.78381 4.65373 6.98162 6.27363 5.15087 6.74369 6.07461 7.27852 6.85444
threshold=-0.4870678102385419 2.5000000000000004 1.5000000000000002 0.99802900000000017 0.24886878579854968 0.29725380437570942 3.5000000000000004 27.250000000000004 80.325000000000017 95.443352000000019 1.5000000000000002 1.0000000180025095e-35 1.0000000180025095e-35 0.054298654198646552
decision_type=8 2 2 2 8 10 2 2 2 2 2 2 2 8
left_child=-1 2 3 -2 -4 6 8 -8 9 10 11 12 -6 -14
right_child=1 -3 4 -5 5 -7 7 -9 -10 -11 -12 -13 13 -15
leaf_value=-0.0065637582833385699 -0.01854285541198069 0.01645331408187552 0.011208577128956249 0.013969164785168216 6.5654115483014622e-05 0.005363720239529645 -0.011418911629894375 0.016172553245625484 -0.013480115105576054 0.010216610526118369 0.025208806038627869 -0.0042669766480391462 0.0004742377730360164 0.020207973217890612
leaf_weight=62.642561670159921 12.463919754256493 9.8444993048906309 23.142015755176544 2.7547614516224703 567.49809699133039 94.017973564565182 4.0358512289822128 14.30049706250429 12.788852322846649 18.732855455949903 3.1739732641726723 125.47577529586852 13.980114780366419 13.285391174256803
leaf_count=9039 9662 66 114 49 31228 537 34 87 159 220 78 1529 97 89
internal_value=0.00045761 0.000944684 0.000758142 -0.0121594 0.000992312 0.000707115 0.000134747 0.00982317 -0.000113255 0.000134915 -0.000139894 -0.000286399 0.000559126 0.0104644
internal_weight=978.137 915.495 905.65 15.2187 890.431 867.289 773.271 18.3363 754.935 742.146 723.413 720.239 594.764 27.2655
internal_count=52988 43949 43883 9711 34172 34058 33521 121 33400 33241 33021 32943 31414 186
is_linear=0
shrinkage=0.02


Tree=189
num_leaves=15
num_cat=0
split_feature=30 2 23 10 9 7 6 11 8 15 15 30 10 9
split_gain=10.4623 9.42971 5.82958 5.39646 7.55154 6.3066 19.7698 18.3193 7.78704 7.78763 7.22098 8.85186 8.23689 7.12752
threshold=0.2443438917398453 2.5000000000000004 1.5000000000000002 1.5000000000000002 0.99802900000000017 3.5000000000000004 18.100000000000005 0.90950226783752453 3.5000000000000004 1.5000000000000002 2.5000000000000004 0.85067874193191539 106.87500000000001 109.00670250000002
decision_type=8 2 2 2 2 2 2 2 2 2 2 8 2 2
left_child=-1 2 3 4 -2 6 -5 -8 9 -9 -7 -12 -13 -14
right_child=1 -3 -4 5 -6 10 7 8 -10 -11 11 12 13 -15
leaf_value=0.011634201046327713 -0.018520043773583281 0.019083187833436432 0.020762406893100861 -0.0011882774189863347 0.014557092148184902 -0.0028386877850120362 0.015019484045391416 -0.0075990365207763127 0.010537886378810401 0.032947115538046058 0.017350218378158661 -0.0040780182470683867 0.028117085971694222 -0.0047479556257649823
leaf_weight=29.95525511354208 12.265361526282502 9.0575185641646367 4.185798004269599 320.73574470344465 2.6874930667690924 418.06833023612853 68.409677137387916 35.860252160811797 16.35891353234183 1.0184466037899245 14.828621219843624 38.725146608427167 5.7993303798139078 3.9008757621049881
leaf_count=145 9690 62 23 20017 49 17328 2427 2063 535 13 122 377 53 39
internal_value=0.000191472 -0.000180449 -0.00038553 -0.000501831 -0.0120352 -0.000302317 0.00141979 0.00824986 -0.000565551 -0.00563906 -0.00188477 0.00436609 0.000119541 0.0156921
internal_weight=981.857 951.902 942.844 938.658 14.9529 923.705 442.383 121.647 53.2376 36.8787 481.322 63.254 48.4254 9.70021
internal_count=52943 52798 52736 52713 9739 42974 25055 5038 2611 2076 17919 591 469 92
is_linear=0
shrinkage=0.02


Tree=190
num_leaves=15
num_cat=0
split_feature=13 30 0 13 15 18 19 0 30 25 0 10 12 0
split_gain=9.86671 10.4645 8.69104 7.49271 6.11943 12.465 7.4233 5.64293 5.85931 9.86515 15.5176 8.11607 8.39769 8.8484
threshold=1.0000000180025095e-35 0.85671192407608043 -0.3709934144549189 5.5000000000000009 2.5000000000000004 1.5000000000000002 15.050000000000002 -0.36197911482079675 0.24886878579854968 1.5000000000000002 -1.0000000180025095e-35 7.7750000000000012 0.57164406776428234 0.084464564919471755
decision_type=2 8 8 2 2 2 2 8 10 2 8 2 2 10
left_child=1 -1 -2 4 5 7 -6 -4 9 -9 -11 -10 13 -13
right_child=2 -3 3 -5 6 -7 -8 8 11 10 -12 12 -14 -15
leaf_value=0.0050337456018222813 -0.00457416490645687 -0.01425161740744274 0.022550391763482808 -0.01652891045259177 -0.0034902980621830193 -0.013810492057261361 0.011852804153601366 0.0023041479651753098 -0.0036452556488768364 0.058139549261709375 0.0089437333462738366 0.001576744390485796 -0.0011253193978826377 0.01564350440629355
leaf_weight=15.794275488005949 108.04208472324535 34.824922706000507 4.1005989399272949 8.1893814038485271 16.901685673743486 20.687054436653852 44.638097401708364 358.30042174225673 165.33319855853915 2.0424588276073337 20.331321556121114 41.538850877434015 104.68518026918173 30.754598371684551
leaf_count=893 12419 22252 311 134 163 288 360 7071 5540 53 181 647 2490 176
internal_value=0.000257272 -0.00825323 0.000731126 0.00143701 0.00163898 0.0011347 0.00765045 0.0015783 0.00142837 0.00313238 0.01573 -0.000470215 0.00249972 0.00769272
internal_weight=976.164 50.6192 925.545 817.503 809.313 747.774 61.5398 727.087 722.986 380.674 22.3738 342.312 176.979 72.2934
internal_count=52978 23145 29833 17414 17280 16757 523 16469 16158 7305 234 8853 3313 823
is_linear=0
shrinkage=0.02


Tree=191
num_leaves=15
num_cat=0
split_feature=0 13 7 10 20 2 1 21 1 29 25 15 7 9
split_gain=11.4507 11.2418 6.31609 18.152 7.87889 7.87665 6.7977 6.29395 6.17063 6.09112 7.43317 5.89321 5.69102 4.72966
threshold=-0.38488340927365311 1.0000000180025095e-35 3.5000000000000004 12.550000000000002 1.0000000180025095e-35 1.5000000000000002 0.16025640070438388 1.0000000180025095e-35 -0.011996730790640514 1.0000000180025095e-35 2.5000000000000004 3.5000000000000004 1.0000000180025095e-35 19.525000000000002
decision_type=8 2 2 2 2 2 10 2 10 2 2 2 2 2
left_child=7 9 3 -3 6 11 8 13 -5 10 -2 -4 -6 -1
right_child=1 2 5 4 12 -7 -8 -9 -10 -11 -12 -13 -14 -15
leaf_value=-0.0097371646618586889 -0.016369352329368876 0.0007602112345290443 -0.0015801490121505632 0.013124612730824449 -0.012183572945601665 0.010971733397955945 -0.0049290525192148896 0.004116697727138928 0.030316199361514362 0.0010664876452489212 0.012840626855391404 0.0097719184864850633 0.0099101063909571314 0.016146209389250297
leaf_weight=79.470391941489652 30.41912893508561 298.3027054714039 410.59253470576368 45.923214042792097 7.9462103508412847 21.85539479739964 5.9493792522698632 17.506796294823289 10.586142709478734 17.646797563415021 3.176840975880622 18.152617365121841 8.7458990872837603 2.0521895904093972
leaf_count=11660 21042 9032 7323 865 292 128 75 209 125 2006 42 120 111 31
internal_value=-0.000166819 0.000561987 0.0011284 0.0030333 0.0114837 -0.000470452 0.0147 -0.00657892 0.0168163 -0.00843736 -0.0133159 -0.00107789 -0.000701664 -0.00889783
internal_weight=978.326 879.297 828.054 377.454 79.1508 450.601 62.4587 99.0294 56.5094 51.2428 33.596 428.745 16.6921 81.5226
internal_count=53061 41161 18071 10500 1468 7571 1065 11900 990 23090 21084 7443 403 11691
is_linear=0
shrinkage=0.02


Tree=192
num_leaves=15
num_cat=0
split_feature=10 11 9 2 16 1 23 7 10 11 1 9 8 9
split_gain=6.83917 6.44498 5.05732 5.02228 10.2646 7.10874 5.48144 6.03434 16.8871 16.3612 6.63683 6.99561 6.4427 5.71331
threshold=1.5000000000000002 0.23831070959568026 0.99802900000000017 1.0000000180025095e-35 1.0000000180025095e-35 -0.3467319282153693 1.5000000000000002 3.5000000000000004 12.550000000000002 0.84615385532379161 -0.22084178615594094 91.006972000000005 3.5000000000000004 2.2091550000000004
decision_type=2 2 2 2 2 8 2 2 2 2 8 2 2 2
left_child=2 -2 -1 6 5 -5 7 8 -3 -10 11 -9 -11 -14
right_child=1 3 -4 4 -6 -7 -8 10 9 12 -12 -13 13 -15
leaf_value=-0.018454362260694256 0.01581937548911537 -0.00067816913776455958 0.0094637934979166956 -0.0050591128980111812 -0.012380548074918537 0.012059008883703407 0.022779054453496355 -0.00038195026446832467 0.020877956534097328 -0.0012743367762770154 -0.0038914517205034856 0.012108966662752112 0.030918430368657834 0.0055574384445754932
leaf_weight=11.721281404723412 9.6721101067960245 358.12925581273157 2.5940731097944072 11.58552612364292 10.136360174044965 46.588770468020812 3.1256211400032035 130.80173949152231 29.608585450798273 43.620202855672687 273.22319173649885 19.774700660258532 4.0915178068680715 13.832412331830708
leaf_count=9728 229 21944 49 77 121 302 17 1623 584 2010 15531 183 212 234
internal_value=0.000151582 0.00036402 -0.0131077 0.00018919 0.00537187 0.00862202 -0.000220524 -0.000328828 0.00128472 0.00892036 -0.00203839 0.0013275 0.00292579 0.0126745
internal_weight=968.505 954.19 14.3154 944.518 68.3107 58.1743 876.207 873.082 449.282 91.1527 423.8 150.576 61.5441 17.9239
internal_count=52844 43067 9777 42838 500 379 42338 42321 24984 3040 17337 1806 2456 446
is_linear=0
shrinkage=0.02


Tree=193
num_leaves=15
num_cat=0
split_feature=4 12 30 14 9 31 31 12 30 30 10 30 2 1
split_gain=8.0896 8.37186 7.09103 5.11071 6.62099 13.5275 6.21977 6.6433 6.15058 8.29144 6.93605 5.96223 9.08248 5.07541
threshold=1.0000000180025095e-35 0.0678733065724373 0.8355957865715028 1.0000000180025095e-35 1.0000000180025095e-35 0.60331827402114879 0.84615385532379161 0.23076923191547397 0.8355957865715028 0.79939669370651256 3.9500000000000006 1.0000000180025095e-35 1.0000000180025095e-35 -0.41484173660670037
decision_type=2 2 10 2 2 8 8 2 10 10 2 10 2 10
left_child=3 -2 -3 11 5 8 -6 -8 9 -5 -11 12 -1 -4
right_child=1 2 13 4 6 -7 7 -9 -10 10 -12 -13 -14 -15
leaf_value=-0.016732963577180154 0.016932870801000227 0.0020483098037383427 0.0029267264888217172 0.0098961017831480143 -0.0085366562636992136 -0.0063942932527301021 -0.0098990548585518121 0.0055356688813641784 -0.0035556613828576365 0.067914613004071922 -0.006455236247684789 0.0019047422737389064 0.0067072536088471895 -0.0047421135795156664
leaf_weight=32.580900730914436 12.268356032669542 522.39238546683919 46.904408092610538 42.529902887996286 67.150287515949458 39.669796923408285 15.21068656304851 34.784578959457576 12.321411682059987 0.81871430063620099 0.47177919093519449 16.485854481696151 7.6488875937648109 124.06709449272603
leaf_count=18717 161 10729 699 3362 7673 2238 338 885 3351 126 70 1964 59 2541
internal_value=6.81013e-05 0.0011942 0.000891738 -0.00287201 -0.00143385 0.0024519 -0.0046058 0.000737737 0.00870512 0.012155 0.0497782 -0.00815362 -0.0122217 -0.00263346
internal_weight=975.305 705.632 693.364 269.673 212.957 95.8116 117.146 49.9953 56.1418 43.8204 1.29049 56.7156 40.2298 170.972
internal_count=52913 14130 13969 38783 18043 9147 8896 1223 6909 3558 196 20740 18776 3240
is_linear=0
shrinkage=0.02


Tree=194
num_leaves=15
num_cat=0
split_feature=30 13 30 2 31 13 1 1 30 7 7 11 27 30
split_gain=9.42411 13.3211 6.61308 6.49633 4.33171 4.32681 5.00973 7.33399 6.40536 6.34458 9.34307 8.16817 14.2978 20.2692
threshold=0.2443438917398453 1.0000000180025095e-35 0.34238311648368841 1.5000000000000002 0.51131224632263195 5.5000000000000009 -0.26469009340656113 -0.33615940683842083 0.93363499641418468 3.5000000000000004 4.5000000000000009 0.89140272140502941 1.0000000180025095e-35 0.33634993433952337
decision_type=8 2 10 2 10 2 8 10 10 2 2 2 2 10
left_child=4 2 -2 5 -1 6 7 -3 9 -8 -11 -12 13 -13
right_child=1 3 -4 -5 -6 -7 8 -9 -10 10 11 12 -14 -15
leaf_value=0.015868466909446693 -0.015129316081222061 0.00065787924127625136 0.001692557673705872 0.010498448974735794 -0.0014809454385343503 -0.013892508061191765 0.0017838590785826027 0.0090441738006430353 -0.0070613396209348771 -0.0077549752671023054 -0.0027564774424964533 0.051176557218163152 0.0012376681311816542 0.0005819931326258768
leaf_weight=20.693941183388237 33.398799692979082 162.66618762165308 12.579233959899282 23.469056060537696 7.6169830411672583 7.8126881476491681 331.49326664814726 55.180603152140975 56.411255720769987 85.676093270536512 123.97161505068652 5.1363591626286489 49.821441721636802 6.5942043606191874
leaf_count=103 21042 1766 2106 140 33 129 14623 731 4827 2592 3143 53 1748 99
internal_value=0.000138994 -0.000203918 -0.0105889 0.000332877 0.0113094 5.16789e-05 0.000191589 0.00281375 -0.000678035 -6.98595e-05 -0.00233393 0.000197702 0.00609665 0.0250152
internal_weight=982.522 954.211 45.978 908.233 28.3109 884.764 876.951 217.847 659.104 602.693 271.2 185.524 61.552 11.7306
internal_count=53135 52999 23148 29851 136 29711 29582 2497 27085 22258 7635 5043 1900 152
is_linear=0
shrinkage=0.02


Tree=195
num_leaves=15
num_cat=0
split_feature=13 30 31 1 21 13 12 30 10 6 21 1 12 30
split_gain=8.69018 11.5576 7.44063 10.338 6.6538 6.48694 6.27144 6.09655 5.79962 14.368 11.1159 4.87549 6.37585 4.8219
threshold=1.0000000180025095e-35 0.79185521602630626 0.23529411852359775 -0.29826542735099787 1.0000000180025095e-35 5.5000000000000009 0.0678733065724373 0.84615385532379161 104.62500000000001 315.62500000000006 1.0000000180025095e-35 -0.37617915099538124 0.11613876372575761 0.97737553715705883
decision_type=2 8 10 8 2 2 2 8 2 2 2 8 2 8
left_child=1 -1 5 4 7 8 -5 -4 11 10 -10 12 -2 -14
right_child=2 -3 3 6 -6 -7 -8 -9 9 -11 -12 -13 13 -15
leaf_value=0.0057893830154338881 0.0098383062116169304 -0.01484034889569954 0.025437502161816165 0.023948041929468405 0.02567134499418856 -0.017106453527075051 -0.0042278529420744669 -0.011554528354705582 0.021138860304849051 -0.0052670026332730917 -0.0072935994528675529 0.0015821908073352432 -0.00027623451560970325 -0.0091049520955350152
leaf_weight=15.047300257720051 12.623324781656263 34.294331929297186 1.495441623032091 2.2208802718669167 7.0313288252800703 6.7527755592018357 241.862659789389 5.2439292091876268 26.531305756652728 20.958867360139266 6.3362882081419221 496.60570518858731 48.602833230048418 49.545795913785696
leaf_count=630 73 22536 20 12 53 113 15600 125 389 268 117 12004 521 550
internal_value=-0.000466537 -0.00855904 -2.64731e-05 -0.00290568 0.0133716 0.00108768 -0.00387482 -0.00111997 0.00129905 0.00752949 0.0156041 0.000735429 -0.00304091 -0.00477989
internal_weight=975.153 49.3416 925.811 257.854 13.7707 667.957 244.084 6.73937 661.204 53.8265 32.8676 607.378 110.772 98.1486
internal_count=53011 23166 29845 15810 198 14035 15612 145 13922 774 506 13148 1144 1071
is_linear=0
shrinkage=0.02


Tree=196
num_leaves=15
num_cat=0
split_feature=0 30 15 25 11 30 9 10 2 0 31 2 13 23
split_gain=7.92455 11.1416 8.66831 8.78454 14.6488 11.9621 7.53512 6.93001 6.74748 5.68634 9.42922 5.11184 5.15782 4.87206
threshold=0.075917984454569834 0.27752640843391424 2.5000000000000004 1.5000000000000002 0.93363499641418468 0.99095019698143016 55.550933500000006 1.5000000000000002 1.0000000180025095e-35 -0.62873856088681235 0.098039217293262496 1.0000000180025095e-35 5.5000000000000009 1.0000000180025095e-35
decision_type=10 8 2 2 2 8 2 2 2 8 8 2 2 2
left_child=1 -1 3 7 -5 -6 -4 -3 13 -9 -11 12 -8 -2
right_child=8 2 6 4 5 -7 11 9 -10 10 -12 -13 -14 -15
leaf_value=0.011958212776563067 0.0011305722110865133 -0.018351325463711682 -0.0031080837208741809 -0.0008549267187566731 -0.00036339712327638162 0.041341744166406257 0.015603191774655377 -0.01155634020351283 0.015894617126742651 0.015908211798620807 -0.0028417594649580318 -0.009290935403579571 -0.0072164709299468348 0.011081622357013014
leaf_weight=23.321761563420296 259.96316885948181 10.977231793804092 26.789078995585442 32.470637379214168 4.4455739520490143 6.1439529228955516 31.21271938085556 28.062291848706082 13.504700258374212 9.9809991559013707 499.73382796382066 3.9599907100200644 3.9278701581060878 20.327708408236504
leaf_count=118 2063 9720 277 398 53 61 238 5517 78 1749 32517 39 56 117
internal_value=-0.00015556 -0.00133973 -0.0018287 -0.00259639 0.00600882 0.0253129 0.00500235 -0.00328134 0.0025846 -0.00294023 -0.00244418 0.010498 0.0129234 0.00188909
internal_weight=974.822 681.026 657.704 591.815 43.0602 10.5895 65.8897 548.754 293.796 537.777 509.715 39.1006 35.1406 280.291
internal_count=53001 50743 50625 50015 512 114 610 49503 2258 39783 34266 333 294 2180
is_linear=0
shrinkage=0.02


Tree=197
num_leaves=15
num_cat=0
split_feature=13 29 6 23 7 6 27 6 9 6 13 9 6 19
split_gain=8.97776 9.80095 5.75311 4.80921 4.70316 19.3145 7.32965 6.85525 7.2961 8.80919 6.25144 4.61243 7.5977 4.83893
threshold=1.0000000180025095e-35 1.0000000180025095e-35 42.050000000000004 1.5000000000000002 3.5000000000000004 17.550000000000004 1.5000000000000002 9.9500000000000011 2.4845150000000005 8.0500000000000025 3.5000000000000004 89.048671000000013 225.62500000000003 89.375000000000014
decision_type=2 2 2 2 2 2 2 2 2 2 2 2 2 2
left_child=1 -1 -3 4 5 -2 10 8 -6 -10 -7 -9 13 -13
right_child=3 2 -4 -5 7 6 -8 11 9 -11 -12 12 -14 -15
leaf_value=-0.01475989238349687 -0.00051135377588395581 0.0095080662085720389 -0.014419853356784005 0.02025102995182048 0.00014443218767414115 0.0064957992283673398 0.014860981689773178 -0.0022177085439897552 0.0056137677527325052 0.034917850080859528 -0.013776521311322974 0.020499960694365927 -0.0022270376831331137 -0.0069686258698597545
leaf_weight=30.571877155336551 319.02285393606871 14.270203350926751 4.489465497317723 4.0203510448336592 29.262947275070474 70.948490490438417 47.553940023528412 389.65638437308371 12.29039333201945 5.5557358153164378 5.7135720383375874 12.440020203590391 23.386394616216421 2.6444641426205626
leaf_count=21095 15574 1270 793 24 880 1737 1386 9502 128 90 129 123 265 32
internal_value=0.000279427 -0.0079466 0.0033418 0.000727452 0.000620062 0.00209974 0.00875633 -0.000761505 0.00639988 0.0161052 0.00482698 -0.00156259 0.00496096 0.0155506
internal_weight=971.827 49.3315 18.7597 922.496 918.475 443.239 124.216 475.236 47.1091 17.8461 76.6621 428.127 38.4709 15.0845
internal_count=53028 23158 2063 29870 29846 18826 3252 11020 1098 218 1866 9922 420 155
is_linear=0
shrinkage=0.02


Tree=198
num_leaves=15
num_cat=0
split_feature=2 10 0 0 7 12 19 19 10 12 0 7 10 12
split_gain=10.0931 8.45629 6.59967 8.00205 7.29089 6.16694 5.67732 4.9097 4.97725 6.65351 6.02461 5.68837 12.2497 8.79873
threshold=1.5000000000000002 1.5000000000000002 -0.3709934144549189 -0.3499245792627334 1.0000000180025095e-35 0.061840122565627105 3.5500000000000003 91.250000000000014 106.87500000000001 0.88499245047569286 -0.20054287533918544 3.5000000000000004 9.5500000000000025 0.65309202671051036
decision_type=2 2 8 8 2 2 2 2 2 2 10 2 2 2
left_child=1 -1 4 -4 -3 -5 -2 8 11 10 -10 12 -7 -14
right_child=6 2 3 5 -6 7 -8 -9 9 -11 -12 -13 13 -15
leaf_value=-0.015762392407891013 0.019816615639603657 0.0020829762419843525 0.017299012638916322 0.010469904751606491 -0.0087292571082007008 -0.00047433723491153832 -0.00015663341573550542 -0.01387798449802481 0.0047997532814056318 -0.012684377300099484 0.022332533627907596 -0.0017847815200117358 0.013316912092176163 0.0014991984162313319
leaf_weight=12.550085548195055 15.209666401147844 40.043080175761133 10.52089510229416 23.152649894473143 63.776585693703964 275.94605271250475 8.749686695635317 8.7723383568227273 31.31987423542887 5.3698657037457442 9.8476146878674609 367.03060425794683 51.71364112093579 48.829649079823866
leaf_count=9690 104 5963 693 1345 6386 12791 41 104 880 151 135 12128 1219 1344
internal_value=0.000254417 -7.57301e-05 0.000151119 0.000745777 -0.00457891 0.000513143 0.0128086 0.000211834 0.000385625 0.0066597 0.0094239 -1.549e-05 0.00170951 0.00764883
internal_weight=972.832 948.873 936.323 832.503 103.82 821.982 23.9594 798.83 790.057 46.5374 41.1675 743.52 376.489 100.543
internal_count=52974 52829 43139 30790 12349 30097 145 28752 28648 1166 1015 27482 15354 2563
is_linear=0
shrinkage=0.02


Tree=199
num_leaves=15
num_cat=0
split_feature=0 13 30 24 12 0 20 9 12 1 30 0 0 13
split_gain=7.40023 7.45277 9.10534 9.31811 8.66166 8.01096 7.1029 8.81494 7.13685 8.60356 10.9643 7.9228 10.2557 6.42216
threshold=-0.68970232930396824 1.0000000180025095e-35 0.85671192407608043 2.5000000000000004 0.16138763725757602 0.024132743477821354 1.0000000180025095e-35 16.050000000000004 0.7828054428100587 0.042232289910316474 0.79185521602630626 -0.17696328062181718 -0.36766282497989805 5.5000000000000009
decision_type=8 2 8 2 2 8 2 2 2 8 10 10 10 2
left_child=-1 2 -2 -4 -3 6 7 8 -6 10 11 12 -10 -7
right_child=1 4 3 -5 5 13 -8 -9 9 -11 -12 -13 -14 -15
leaf_value=-0.010636246441839097 0.0048907378664795886 0.0077555134244312873 -0.016658984792530297 0.015183385051139656 -0.0038882373547087824 0.0021560003850831381 -0.013779893783104454 0.012328780081278532 0.00073189923399808972 -0.0087635782035366937 0.00037934953531588761 0.0068416839581502365 0.057095661242248338 -0.01642700220938325
leaf_weight=22.540673203999177 16.90681509883143 71.607649740763009 28.687738117412664 3.4050845168530932 196.88751701358706 554.70372353866696 18.915669675450772 16.531541974283755 1.8281331583857534 10.881018040468915 14.989535314962266 5.3957448489964026 3.6233050469309092 6.5506747141480437
leaf_count=4138 905 1644 22137 45 14976 6082 1016 332 54 911 450 95 86 120
internal_value=0.000441989 0.000715488 -0.00680217 -0.0129238 0.00113099 0.000551035 -0.00228098 -0.00136001 -0.00237714 0.0056139 0.0117698 0.0261495 0.0412374 0.00191028
internal_weight=973.455 950.914 48.9996 32.0928 901.915 830.307 269.052 250.137 233.605 36.7177 25.8367 10.8472 5.45144 561.254
internal_count=52991 48853 23087 22182 25766 24122 17920 16904 16572 1596 685 235 140 6202
is_linear=0
shrinkage=0.02


Tree=200
num_leaves=15
num_cat=0
split_feature=30 4 10 6 7 30 6 6 31 31 10 1 6 31
split_gain=9.2228 6.03344 7.33605 8.17034 6.00734 8.1708 6.22384 22.0187 5.72359 5.49583 5.25797 9.7368 5.63532 5.12536
threshold=0.24886878579854968 1.0000000180025095e-35 21.050000000000004 16.550000000000004 3.5000000000000004 0.77526396512985241 31.050000000000004 33.050000000000004 0.40120664238929754 0.47812971472740179 107.55000000000001 -0.23227753490209577 243.05000000000004 0.11161387711763383
decision_type=8 2 2 2 2 8 2 2 10 10 2 10 2 8
left_child=9 2 3 13 5 -5 8 -8 -7 -1 12 -12 -3 -2
right_child=1 10 -4 4 -6 6 7 -9 -10 -11 11 -13 -14 -15
leaf_value=0.016867974786686779 0.0079724644168322097 0.00065903202785173279 -0.011847499993088696 -0.0051400578174407643 0.00012845010584352308 -0.0097521936412266128 0.10220067842773563 0.0083387210727876859 0.022060710319853898 -0.0021135718909893759 0.014250453420098818 -0.0022675168291746996 -0.010896663035155484 -0.004354407040926685
leaf_weight=19.717944100499157 13.777876239619216 620.29619935154915 30.061819427763112 5.2364327753894058 26.556499089580029 2.778753226506522 0.63177634286694173 3.1112843982409686 5.411994350142777 8.3581856638193113 30.046581975882873 25.980552586726844 16.35294158605393 164.43481748353224
leaf_count=98 3210 12866 5009 222 4743 944 121 775 692 37 447 409 328 23006
internal_value=0.000244295 -9.70816e-05 -0.00274078 -0.00145967 0.00619624 0.0150575 0.0236321 0.0423886 0.0113812 0.0113389 0.000867283 0.0066854 0.00034559 -0.00336223
internal_weight=972.754 944.678 252.001 221.939 43.7267 17.1702 11.9338 3.74306 8.19075 28.0761 692.676 56.0271 636.649 178.213
internal_count=52907 52772 38722 33713 7497 2754 2532 896 1636 135 14050 856 13194 26216
is_linear=0
shrinkage=0.02


Tree=201
num_leaves=15
num_cat=0
split_feature=13 30 30 31 9 0 9 6 15 0 6 0 11 9
split_gain=7.45626 9.08212 7.51405 9.42229 15.7249 10.2212 7.37215 5.67483 5.29167 5.19728 9.37716 8.7238 6.32733 6.14495
threshold=1.0000000180025095e-35 0.85671192407608043 0.8355957865715028 0.23529411852359775 0.010468250000000002 -0.36766282497989805 2.4845150000000005 2.7500000000000004 3.5000000000000004 -1.0000000180025095e-35 81.550000000000011 -0.0090142996341221696 0.91440421342849743 3.5331238750000007
decision_type=2 8 10 8 2 8 2 2 2 8 2 10 2 2
left_child=1 -1 3 4 -2 -5 -4 -3 9 10 11 -8 -12 -11
right_child=2 7 6 5 -6 -7 8 -9 -10 13 12 -13 -14 -15
leaf_value=0.0039514233257878567 0.023258645455418923 0.0067712323082928221 -0.0082259479321100479 -0.0081442539941599511 -0.0019186493435642714 0.0012582036556463528 -0.0038911353213570946 -0.017207376163296255 0.014696034407191676 0.0033961842961845157 -0.0058557496984180928 0.031823657473590047 0.035510594464763685 -0.0078211673222387777
leaf_weight=16.696215981850401 18.725575147895142 4.0390664213337031 73.699997159885243 48.86937146121636 19.683957241708413 636.35027098748833 25.42649010848254 27.371180686168373 7.7711045406758776 28.930741116404533 1.6612193621695031 2.0516513697803047 4.638286055997014 56.302596136927605
leaf_count=899 1563 848 8688 3608 1659 12201 833 21358 57 296 38 57 132 709
internal_value=-0.000228577 -0.00782275 0.000174782 0.00112454 0.0106346 0.000576736 -0.00324187 -0.0140102 -0.00030287 -0.00139655 0.00514472 -0.000200657 0.0252942 -0.00401843
internal_weight=972.218 48.1065 924.111 723.629 38.4095 685.22 200.482 31.4102 126.782 119.011 33.7776 27.4781 6.29951 85.2333
internal_count=52946 23105 29841 19031 3222 15809 10810 22206 2122 2065 1060 890 170 1005
is_linear=0
shrinkage=0.02


Tree=202
num_leaves=15
num_cat=0
split_feature=0 2 13 8 30 30 13 30 2 0 31 31 6 6
split_gain=9.68117 8.69878 10.5131 8.62636 8.76683 6.97798 5.72127 8.69 6.54187 6.22507 6.04804 7.76977 8.60548 5.58457
threshold=0.16440422832965854 1.0000000180025095e-35 2.5000000000000004 3.5000000000000004 0.18702866137027743 0.47360482811927801 1.0000000180025095e-35 0.52337861061096203 1.0000000180025095e-35 -0.62873856088681235 0.63084465265274059 0.94570136070251476 7.9500000000000011 42.050000000000004
decision_type=10 2 2 2 8 8 2 10 2 8 10 10 2 2
left_child=3 2 5 4 -1 -2 7 8 -6 -8 -11 -12 -13 -9
right_child=1 -3 -4 -5 6 -7 9 13 -10 10 11 12 -14 -15
leaf_value=0.015785279590691911 -0.004363985269262855 0.021118291532954154 -0.0091690813930758678 0.0037809958271466017 -0.016277987407641342 0.0067563244659855273 -0.010890923201770897 0.018036261632378908 0.018482339575168486 -0.00022969805104270614 -0.0097436738298608307 0.036737076147222471 -0.001142788852676578 -0.014057326454226976
leaf_weight=10.321297749876974 26.171143397688866 10.579370163381098 23.079155676066875 141.52398577157874 29.410254984861243 139.61412619426847 25.805471425177529 5.8087549554184061 1.5163589557632793 487.43261587410234 55.870951001532376 2.0437558321282259 11.060193139128385 2.3156047195661813
leaf_count=50 194 62 116 5736 18388 988 5200 1195 26 15441 4492 30 364 691
internal_value=0.000349511 0.0042666 0.00321638 -0.00066521 -0.00166591 0.00498521 -0.00198073 -0.00929599 -0.0140481 -0.00147497 -0.00101952 -0.00651799 0.00695099 0.00835083
internal_weight=972.553 199.444 188.864 773.109 631.585 165.785 621.264 39.051 30.9266 582.213 556.408 68.9749 13.1039 8.12436
internal_count=52973 1360 1298 51613 45877 1182 45827 20300 18414 25527 20327 4886 394 1886
is_linear=0
shrinkage=0.02


Tree=203
num_leaves=15
num_cat=0
split_feature=0 30 30 23 0 27 0 12 30 11 12 30 12 0
split_gain=7.57071 7.58717 6.31075 5.7919 5.87788 5.63319 4.4272 4.70585 4.39764 8.58523 5.85424 5.68752 4.39423 6.01136
threshold=0.20296167247386762 0.96870285272598278 0.33634993433952337 1.5000000000000002 -0.4870678102385419 3.5000000000000004 -0.45475108921527857 0.027149322442710403 0.50226245820522319 0.79185521602630626 0.5429864525794984 0.12368024513125421 0.36953243613243109 0.075917984454569834
decision_type=10 10 8 2 8 2 8 2 10 2 2 10 2 10
left_child=2 8 -1 4 -4 6 -6 -8 11 10 -10 -2 13 -9
right_child=1 -3 3 -5 5 -7 7 12 9 -11 -12 -13 -14 -15
leaf_value=0.0069209681467560218 0.004318588781764463 -0.015905857113475169 -0.0080911824606237168 0.021632343996797327 0.013213615519002365 0.029070674723265966 0.014374441917151756 -0.0063950002220078336 0.03270541931963683 0.0041180296963424217 0.0023637537223990391 -0.0064645373526472632 -0.00084374998650257535 0.0036495940268938534
leaf_weight=34.912104427814484 96.75969697162509 6.8746391832828513 53.964605005225167 3.2512147277593604 7.208154852502048 1.4374706563539792 6.337378723663277 132.68027769657783 7.705067250877617 34.322124671190977 3.8271551840007305 23.524308606982231 521.92770221957471 28.314611051231623
leaf_count=208 578 34 8955 18 780 177 1089 15060 46 226 23 186 25380 174
internal_value=-0.000444569 0.00333287 -0.00127498 -0.00166256 -0.00179189 -0.00129392 -0.00139818 -0.00156991 0.00421936 0.00942433 0.0236281 0.00217379 -0.00173868 -0.00461681
internal_weight=963.047 173.013 790.034 755.121 751.87 697.906 696.468 689.26 166.138 45.8543 11.5322 120.284 682.923 160.995
internal_count=52934 1093 51841 51633 51615 42660 42483 41703 1059 295 69 764 40614 15234
is_linear=0
shrinkage=0.02


Tree=204
num_leaves=15
num_cat=0
split_feature=12 13 0 21 23 31 1 31 13 15 18 19 2 6
split_gain=6.94741 7.81602 7.09293 9.4013 5.91569 10.5823 5.51042 5.939 4.48681 5.46838 8.97262 7.01402 7.62505 4.90251
threshold=0.11613876372575761 1.0000000180025095e-35 -0.39743587374687189 1.0000000180025095e-35 1.0000000180025095e-35 0.03619909659028054 0.59321741166686104 0.4102564156055451 5.5000000000000009 2.5000000000000004 1.5000000000000002 14.125000000000002 1.0000000180025095e-35 162.55000000000004
decision_type=2 2 8 2 2 10 8 8 2 2 2 2 2 2
left_child=4 -2 3 -3 5 -1 7 -5 9 10 -4 13 -13 -11
right_child=1 2 8 6 -6 -7 -8 -9 -10 11 -12 12 -14 -15
leaf_value=-0.0062585906182847685 -0.0088141433745746352 -0.0091462505952588213 0.000983793810040326 0.032842318646894852 0.015823548071512088 0.012003825478836209 -0.0091556723054728572 0.0024178671082523443 -0.01426212956827373 -0.010930239694194493 -0.012041563849423507 0.013474531054371502 -0.013585096236121119 0.013492037489946157
leaf_weight=24.82942857319722 37.642326180066448 57.603748762980103 705.2010013484396 3.8694778531789753 18.798984609544277 24.041413997591008 4.0966361090540877 5.7943692542612562 6.7090008910745373 11.460799034684895 20.809813650324941 40.026089062914252 3.8321561999618998 3.5306461397558442
leaf_count=3731 18820 8573 16950 23 112 3733 25 122 121 122 296 325 38 31
internal_value=0.000453537 -1.40183e-05 0.000379613 -0.00561486 0.00658553 0.00278594 0.00878628 0.0165374 0.000926449 0.00107426 0.000594395 0.00688542 0.01086 -0.0046945
internal_weight=968.246 900.576 862.934 71.3642 67.6698 48.8708 13.7605 9.66385 791.57 784.861 726.011 58.8497 43.8582 14.9914
internal_count=53022 45446 26626 8743 7576 7464 170 145 17883 17762 17246 516 363 153
is_linear=0
shrinkage=0.02


Tree=205
num_leaves=15
num_cat=0
split_feature=30 30 31 30 9 25 11 6 10 30 1 10 1 1
split_gain=7.1883 6.29856 6.42754 10.3231 6.28206 4.69053 12.1862 10.3049 9.08703 5.28685 4.57133 6.15891 4.30702 5.70253
threshold=0.85671192407608043 0.79939669370651256 0.8355957865715028 0.8355957865715028 0.038922875000000003 1.5000000000000002 0.93363499641418468 10.050000000000002 1.5000000000000002 0.37556561827659612 -0.14022419056314719 8.0500000000000025 -0.41484173660670037 -0.18868017177884042
decision_type=10 10 8 8 2 2 2 2 2 10 8 2 8 8
left_child=1 5 3 4 -3 8 9 -8 -1 -7 11 -4 -2 -14
right_child=12 2 10 -5 -6 6 7 -9 -10 -11 -12 -13 13 -15
leaf_value=-0.018166139568492272 0.0021237910347997931 0.050466317013014364 -0.010628604054295618 -0.0041847375476098472 0.01005416986292856 0.0064445434538026158 0.053900683594472892 0.0064347607045803189 0.00032373570723136431 -0.011669391589880085 -0.0059259884885802883 0.016000010167130391 -0.010750714469196147 -0.0023076894937618187
leaf_weight=9.7950918312999402 40.937427058815956 3.4356060309801224 3.8312619142234352 3.9774853955023 3.3044571224600077 21.810434520244602 2.6903391368687144 4.2543270662426949 702.67132200859487 7.994082821533083 11.878980588633569 13.138114290311931 47.805793683975935 95.15159123740159
leaf_count=9664 449 339 57 739 264 244 24 43 29909 94 272 138 835 9858
internal_value=-6.38227e-06 0.000824664 0.00850065 0.0210195 0.0345122 0.000408506 0.00727882 0.0292929 4.44287e-05 0.00136497 0.00330134 0.00973102 -0.00355618 -0.00518615
internal_weight=972.676 788.782 39.5659 10.7175 6.74006 749.216 36.7492 6.94467 712.466 29.8045 28.8484 16.9694 183.895 142.957
internal_count=52929 41787 1809 1342 603 39978 405 67 39573 338 467 195 11142 10693
is_linear=0
shrinkage=0.02


Tree=206
num_leaves=15
num_cat=0
split_feature=0 31 10 2 0 0 8 31 31 16 1 21 11 1
split_gain=8.75402 7.08335 9.01461 6.65949 6.32566 6.29581 11.0596 6.24056 5.94996 7.86443 9.47181 6.93269 12.0402 6.92303
threshold=-0.4870678102385419 0.45399698615074163 2.1000000000000005 2.5000000000000004 0.38143193840389439 -0.19224066551074812 1.5000000000000002 0.91817495226860057 0.94117647409439098 1.0000000180025095e-35 -0.26469009340656113 1.0000000180025095e-35 0.8355957865715028 -0.33615940683842083
decision_type=8 8 2 2 10 10 2 10 8 2 10 2 2 8
left_child=-1 2 -2 4 8 -4 -7 -6 11 13 -11 -3 -13 -10
right_child=1 3 5 -5 7 6 -8 -9 9 10 -12 12 -14 -15
leaf_value=-0.0072163115238720347 -0.0092762832231550341 -0.005867703558467989 0.0045959325826451722 0.017690313271623494 0.0093812817414409954 -0.0041039218157682194 0.025951717956962633 -0.010313146047776259 -0.0028974579606438973 0.0026225672472375262 -0.0091684855221633513 0.024123972491486886 -0.0031186773291086507 0.0027389917364057763
leaf_weight=58.58798817358911 11.508019015600437 131.25030021549901 42.461327017983422 7.5767025724053374 44.865462813526392 6.4803926674649146 16.345482574310154 6.639995999634265 111.18037929944694 45.454958505928516 65.724392307922244 8.0321171879768389 22.403552793897688 391.30172524071531
leaf_count=9004 4066 14674 7454 54 258 122 306 41 1171 541 1395 86 751 12989
internal_value=0.000210964 0.000695895 0.00646779 0.000157582 -2.42505e-05 0.00934104 0.0176046 0.00669425 -0.0004786 0.000422253 -0.00436738 -0.00387927 0.00460949 0.00148858
internal_weight=969.813 911.225 76.7952 834.43 826.853 65.2872 22.8259 51.5055 775.347 613.661 111.179 161.686 30.4357 502.482
internal_count=52912 43908 11948 31960 31906 7882 428 299 31607 16096 1936 15511 837 14160
is_linear=0
shrinkage=0.02


Tree=207
num_leaves=15
num_cat=0
split_feature=0 20 1 1 1 30 13 0 12 30 19 0 8 12
split_gain=10.2853 8.35 7.57436 6.30322 12.7992 9.5313 14.3565 7.12375 10.4989 6.92282 7.58727 6.76392 6.37651 9.70472
threshold=0.024132743477821354 1.0000000180025095e-35 0.18137252330780032 -0.33615940683842083 -0.26469009340656113 0.87028658390045177 3.5000000000000004 -0.48254949310946732 0.11613876372575761 0.4102564156055451 2.9500000000000006 -0.28797146518215738 2.5000000000000004 0.81598794460296642
decision_type=10 2 10 10 10 8 2 10 2 10 2 8 2 2
left_child=1 3 -2 5 -5 -1 7 -7 -9 10 12 -8 13 -6
right_child=2 -3 -4 4 9 6 11 8 -10 -11 -12 -13 -14 -15
leaf_value=0.0019299792641420399 0.0033725383098029628 -0.014549214698367929 -0.010550996967240959 0.011307365409890677 0.008514638897469954 -0.011749655778816471 0.033169855321802867 0.024940936754367548 -0.0053108470061982013 -0.004330284329453345 -0.0056433266632722372 0.0031776520869628093 0.0016721342972900472 0.049515495191401082
leaf_weight=91.899692244944163 326.42346250172704 18.307876269333065 15.453247852623461 39.12561341188848 29.633711612783376 94.95997818961041 2.4102463088929653 3.9626378128305069 61.846558732911944 121.998021857813 38.508304899558425 28.188365036621693 88.846463724970818 1.5962345339357842
leaf_count=6227 3035 1012 80 669 391 29595 41 175 6970 2717 469 247 1333 25
internal_value=-6.72398e-05 -0.00159972 0.00271424 -0.0011831 0.000741373 -0.00335012 -0.00588261 -0.00826791 -0.00314321 -0.000766917 0.00198431 0.00651509 0.00445689 0.0120816
internal_weight=963.16 621.284 341.877 602.976 319.708 283.267 191.368 160.769 65.8092 280.583 158.585 30.5986 120.076 31.2299
internal_count=52986 49871 3115 48859 5604 43255 37028 36740 7145 4935 2218 288 1749 416
is_linear=0
shrinkage=0.02


Tree=208
num_leaves=15
num_cat=0
split_feature=12 13 13 6 12 1 6 11 1 15 18 12 14 6
split_gain=5.54634 5.58159 4.95794 4.33045 16.1973 11.2075 10.8967 12.4085 12.5328 14.447 12.1704 8.80275 9.07155 6.86457
threshold=0.027149322442710403 1.0000000180025095e-35 5.5000000000000009 16.550000000000004 0.90950226783752453 -0.010505515212381342 21.050000000000004 0.69079941511154186 -0.26469009340656113 1.0000000180025095e-35 1.0000000180025095e-35 0.79939669370651256 1.0000000180025095e-35 7.9500000000000011
decision_type=2 2 2 2 2 10 2 2 8 2 2 2 2 2
left_child=-1 -2 3 4 -3 13 11 10 9 -9 -8 12 -5 -6
right_child=1 2 -4 6 5 -7 7 8 -10 -11 -12 -13 -14 -15
leaf_value=0.0113036936335222 -0.0071036833170572446 -0.00189197660080355 -0.015470842684235517 0.023362810688798478 0.031155144815608545 0.047343303817814902 0.013691226045729643 0.031826142240950893 -0.0037834256899499583 0.0023434798100181158 -0.0026411006193246926 0.030348134502165874 0.0013777578158231613 -0.0080740332849246772
leaf_weight=16.050944025861099 43.70050259976415 397.99099994148128 7.0690173944458357 8.9121984094381315 1.6343867192044834 3.4542213333770633 49.161070361733437 6.039649808779358 231.95164605439641 124.55155786685646 28.244383353739977 6.6752237766049793 31.529281760565937 4.6670460281893611
leaf_count=1794 22144 17287 128 114 33 94 849 49 7726 1436 258 138 800 107
internal_value=-1.61013e-06 -0.000205253 0.000136507 0.000276938 -0.00124205 0.0229829 0.0015485 0.000558901 -0.000998735 0.0039385 0.00777407 0.0105852 0.00666951 0.0049742
internal_weight=961.632 945.581 901.881 894.812 407.747 9.75565 487.065 439.948 362.543 130.591 77.4055 47.1167 40.4415 6.30143
internal_count=52957 51163 29019 28891 17521 234 11370 10318 9211 1485 1107 1052 914 140
is_linear=0
shrinkage=0.02


Tree=209
num_leaves=15
num_cat=0
split_feature=30 13 30 24 1 9 30 1 12 1 10 9 1 12
split_gain=6.82125 5.88341 10.0679 6.402 5.33212 7.35908 4.76851 4.73145 8.89407 4.37808 5.68839 5.27959 4.13928 9.4385
threshold=0.33634993433952337 1.0000000180025095e-35 0.52337861061096203 2.5000000000000004 0.32579185068607336 0.49962900000000005 0.5429864525794984 0.33900782566580501 0.62443441152572643 0.18137252330780032 52.32500000000001 5.712202500000001 0.022703264496723281 0.91440421342849743
decision_type=8 2 10 2 8 2 8 10 2 10 2 2 10 2
left_child=4 2 3 -2 -1 -6 -4 9 -9 12 -11 -12 -3 -14
right_child=1 7 6 -5 5 -7 -8 8 -10 10 11 -13 13 -15
leaf_value=0.019635774025276671 -0.015988806832708865 -0.00027079758113379286 0.04853529616438762 0.011891476806136652 0.011151766142758264 -0.0057689802177992855 0.0046551272262922282 0.003932804685188712 0.038452673454532571 -0.010125186071123884 0.025939851694914935 -0.010788273779460936 0.0030300095824229312 0.035323370351108913
leaf_weight=10.063803046941755 27.754342190106403 744.84739229781553 0.16633372660726031 2.9912890046834937 22.473323062062263 17.44995478913188 8.6782816210761666 30.793977408669889 2.3499161256477228 30.592055775225163 2.8107903134077779 1.9186355248093603 59.367428871802986 2.8785313619300714
leaf_count=61 20854 27494 9 45 126 100 2047 369 30 512 45 20 953 79
internal_value=0.000187592 -0.000208851 -0.00765266 -0.0129872 0.0073073 0.00379568 0.0103267 0.000136083 0.00743479 -0.000159552 -0.00695212 0.0117576 0.000145952 0.00505829
internal_weight=965.136 915.149 39.5902 30.7456 49.9871 39.9233 8.84462 875.559 33.1439 842.415 35.3215 4.72943 807.093 62.246
internal_count=52744 52457 22955 20899 287 226 2056 29502 399 29103 577 65 28526 1032
is_linear=0
shrinkage=0.02


Tree=210
num_leaves=15
num_cat=0
split_feature=0 31 0 30 0 1 9 30 9 11 9 1 27 0
split_gain=7.25235 7.86724 8.13766 6.33392 5.51957 12.398 13.0864 7.41608 11.9739 15.6838 11.3581 10.4284 8.37268 7.17203
threshold=-0.39743587374687189 0.69984918832778942 0.42220584293755031 0.2443438917398453 -0.21857147460742979 -0.3467319282153693 56.275000000000006 0.92609351873397838 30.050000000000004 0.88499245047569286 17.501672000000003 -0.10369533300399779 2.5000000000000004 -0.36197911482079675
decision_type=8 10 10 8 10 10 2 8 2 2 2 8 2 8
left_child=-1 2 3 -2 5 6 13 10 9 -9 -7 -12 -11 -5
right_child=1 -3 -4 4 -6 7 -8 8 -10 12 11 -13 -14 -15
leaf_value=-0.0056128123835477118 0.012268634270660269 -0.0041025056334198827 0.01520706761499867 0.0073393458788414421 0.0023424163691685919 -0.0080167936026716777 0.0050097224884519042 0.00098112809806022482 -0.0036467047567194967 0.019198044666170498 0.018197109701092746 -0.010887859544522252 -0.015423375941071016 -0.010656478212347989
leaf_weight=86.803062496241182 18.068490669131279 130.4248555409722 15.237957984209059 9.0223031456116569 358.75001229299232 54.306173687800765 33.870183015242219 51.703107517212629 47.79358415864408 41.986443571746349 14.311384819447992 6.4768336396664408 2.2637458629906169 99.335258657636587
leaf_count=11470 93 7344 79 946 5370 1052 267 713 615 760 179 90 40 23907
internal_value=-0.00013062 0.000413706 0.00120022 0.000890777 0.000588552 -0.0011557 -0.00573194 0.001831 0.00448155 0.00852602 -0.00323496 0.00905151 0.0171252 -0.00910466
internal_weight=970.353 883.55 753.125 737.888 719.819 361.069 142.228 218.841 143.747 95.9533 75.0944 20.7882 44.2502 108.358
internal_count=52925 41455 34111 34032 33939 28569 25120 3449 2128 1513 1321 269 800 24853
is_linear=0
shrinkage=0.02


Tree=211
num_leaves=15
num_cat=0
split_feature=13 10 6 0 31 24 21 0 19 21 9 6 10 9
split_gain=5.77887 7.45775 7.11335 6.65985 7.28494 6.16136 7.78685 6.87707 6.83482 5.97511 11.1052 9.5748 4.94215 5.13285
threshold=5.5000000000000009 106.87500000000001 228.27500000000003 -0.12511101628685403 0.674208164215088 1.0000000180025095e-35 1.0000000180025095e-35 -0.61511657238645601 80.325000000000017 1.0000000180025095e-35 1.0000000180025095e-35 8.0500000000000025 1.5000000000000002 0.99802900000000017
decision_type=2 2 2 8 8 2 2 10 2 2 2 2 2 2
left_child=1 2 3 4 9 7 8 -3 -7 10 11 -1 13 -5
right_child=-2 5 -4 12 -6 6 -8 -9 -10 -11 -12 -13 -14 -15
leaf_value=0.020593399858106563 -0.016833524285554919 -0.0032164480726626261 -0.011290543978665713 -0.018031066239965133 -0.0069648664664614347 0.027686530414433301 -0.011367842750277617 0.014343817922033375 -0.0033941729772604106 0.010493199520451449 -0.0090647245735656495 -0.00060378598540289277 0.0013125486526538708 0.010609714808076147
leaf_weight=11.134205785579978 6.9297735821455708 26.724758512689732 21.324065751745366 9.0477216047001985 96.923483249265701 12.797702267766004 2.816135272383689 12.196108781965448 3.3053392358124247 19.054195825010538 39.777465943014249 28.46555011277087 666.89360460289754 2.594731433200649
leaf_count=2061 130 983 1006 9497 4293 101 47 393 30 255 7073 4931 22043 56
internal_value=0.000169684 0.00031083 -0.000142348 0.000142277 -0.00310221 0.00720808 0.0162665 0.00250764 0.0214814 0.000733067 -0.00171122 0.00571663 0.00107958 -0.0113136
internal_weight=959.985 953.055 895.215 873.891 195.355 57.84 18.9192 38.9209 16.103 98.4314 79.3772 39.5998 678.536 11.6425
internal_count=52899 52769 51215 50209 18613 1554 178 1376 131 14320 14065 6992 31596 9553
is_linear=0
shrinkage=0.02


Tree=212
num_leaves=15
num_cat=0
split_feature=4 0 31 10 11 10 0 26 11 29 31 11 1 11
split_gain=5.59879 6.1272 6.17762 6.09221 6.96225 13.2474 6.7494 5.91403 5.90913 5.81235 5.52707 5.0368 5.33155 4.56158
threshold=1.0000000180025095e-35 -0.58220210671424855 0.60331827402114879 107.55000000000001 0.57164406776428234 4.4500000000000011 -0.61511657238645601 1.0000000180025095e-35 0.9215686321258546 1.0000000180025095e-35 0.96870285272598278 0.76319760084152233 -0.10071551771817018 0.8355957865715028
decision_type=2 10 8 2 2 2 10 2 2 2 10 2 8 2
left_child=1 7 -3 4 5 -2 8 9 11 -1 -4 -5 -13 -11
right_child=3 2 10 6 -6 -7 -8 -9 -10 13 -12 12 -14 -15
leaf_value=-0.013749013561385928 -0.01377219247427924 0.0040650939897020595 -0.0044015211680380239 -0.0019746549261208937 -0.00010434637561288919 0.011812804925563136 0.018332207084168925 0.014145636223055822 -0.0046493380539142379 0.0049606357225148705 0.013387754394658788 0.026017651776937604 -0.0014636793373175034 -0.0096646300613840788
leaf_weight=38.082396769372281 8.9614797558169794 73.998464083531871 109.00798203237355 8.0267996537731978 592.05779364530463 44.624960026936606 15.121335278730838 4.0173206515610209 20.121995478519239 16.633462834637612 6.4986825222149482 8.4023499172180873 3.889870432438328 15.606433824286794
leaf_count=20440 446 6891 5171 88 12316 490 261 21 329 1353 51 80 97 4980
internal_value=0.000143405 -0.00233469 -0.000414352 0.00107784 0.000525612 0.0073602 0.00737207 -0.00715949 0.00293047 -0.00855786 -0.00329433 0.0103028 0.0178653 -0.00219681
internal_weight=965.051 263.845 189.505 701.207 645.644 53.5864 55.5624 74.3396 40.441 70.3223 115.507 20.319 12.2922 32.2399
internal_count=53014 38907 12113 14107 13252 936 855 26794 594 26773 5222 265 177 6333
is_linear=0
shrinkage=0.02


Tree=213
num_leaves=15
num_cat=0
split_feature=2 15 23 7 6 11 31 7 1 0 31 1 11 8
split_gain=7.56783 10.5076 6.36922 5.8099 20.8017 10.3058 7.6937 9.84208 7.12364 7.09131 6.95915 6.25096 6.14554 8.54135
threshold=1.0000000180025095e-35 1.5000000000000002 1.5000000000000002 3.5000000000000004 18.100000000000005 0.90950226783752453 0.50678735971450817 1.0000000180025095e-35 0.14630468189716342 0.17696328062181724 0.35746607184410101 -0.098713201025605227 0.46003016829490667 1.5000000000000002
decision_type=2 2 2 2 2 2 8 2 8 10 10 10 2 2
left_child=2 -2 3 4 9 6 7 10 -8 12 -6 -11 13 -1
right_child=1 -3 -4 -5 5 -7 8 -9 -10 11 -12 -13 -14 -15
leaf_value=-0.0092748675853431758 0.011751704923128548 -0.0042379968141652846 0.022105583024809181 -0.0027560214054242011 0.020613056986650391 0.00097097589280690426 0.013583267862426647 0.0071937953338739912 -0.0017933476315446775 0.0045763657448403688 0.065050110929321142 -0.010638843438637222 -0.0049107735731854906 0.015048031481335532
leaf_weight=8.5188809845130908 43.498709571314976 25.407514980062842 3.7677688151597968 426.57638917356962 5.3420265718596038 55.659240504959598 36.646805571392179 7.6234413144411519 17.412610190745909 80.831830982118845 2.1889494632487185 11.481051340699194 221.32714959402801 14.049107268685473
leaf_count=1071 318 199 23 19589 258 2665 407 799 1207 651 102 49 23964 1653
internal_value=-0.000458057 0.0058796 -0.000953991 -0.00107664 0.000479677 0.00741673 0.0125125 0.0247737 0.00868782 -0.00211121 0.0396403 0.0025903 -0.00389401 0.00586274
internal_weight=960.331 68.9062 891.425 887.657 461.081 124.873 69.2138 15.1544 54.0594 336.208 7.53098 92.3129 243.895 22.568
internal_count=52955 517 52438 52415 32826 5438 2773 1159 1614 27388 360 700 26688 2724
is_linear=0
shrinkage=0.02


Tree=214
num_leaves=15
num_cat=0
split_feature=2 30 9 0 30 12 10 12 9 30 10 10 15 13
split_gain=6.83424 6.46479 6.70939 8.79091 6.89818 7.27924 8.47251 9.69892 7.44799 6.18991 6.54487 6.07922 6.13149 7.65035
threshold=2.5000000000000004 0.2443438917398453 6.2513487500000009 0.16440422832965854 0.46003016829490667 0.91440421342849743 5.0500000000000007 0.91817495226860057 2.4845150000000005 0.47360482811927801 51.050000000000004 106.87500000000001 1.5000000000000002 5.5000000000000009
decision_type=2 8 2 10 8 2 2 2 2 8 2 2 2 2
left_child=1 -1 3 4 -3 -6 -7 8 -8 -5 -11 -4 -13 -14
right_child=-2 2 11 9 5 6 7 -9 -10 10 -12 12 13 -15
leaf_value=0.0091518801654710547 0.017368078348282492 0.0053348085776307843 0.0009474681296741484 -0.0082111705826923426 -0.0038519290131962193 0.036590882666338052 0.060188548734593679 -0.0065603370447444567 -0.0088432052113307635 0.0050907647685701166 -0.013477308840059944 -0.0014612320257022661 0.017800176412620435 -0.01064791486500366
leaf_weight=28.568426907062531 8.0908733792602998 38.297619117423892 224.27547236159444 17.628486901521683 449.75325718848035 2.7086401421693145 0.73761803715024032 9.8422338293166813 0.62593989865854383 133.93489948287606 7.0995553173124781 14.989365976070983 26.186862319707874 3.7135356515645972
leaf_count=140 59 466 2804 156 47268 76 27 408 18 954 48 249 238 61
internal_value=0.000108814 -5.48479e-05 -0.000347258 -0.00143138 -0.00272751 -0.00340349 0.0103779 0.00156299 0.0381654 0.0026606 0.00406776 0.00230903 0.00894268 0.0140368
internal_weight=966.453 958.362 929.793 660.628 501.965 463.668 13.9144 11.2058 1.36356 158.663 141.034 269.165 44.8898 29.9004
internal_count=52972 52913 52773 49421 48263 47797 529 453 45 1158 1002 3352 548 299
is_linear=0
shrinkage=0.02


Tree=215
num_leaves=15
num_cat=0
split_feature=30 2 13 30 24 10 30 10 12 13 30 10 6 13
split_gain=8.3447 6.62275 4.52161 10.0316 7.60558 4.87277 3.96377 7.07384 5.68888 5.69263 4.54912 7.35039 9.83871 5.29507
threshold=0.11613876372575761 2.5000000000000004 1.0000000180025095e-35 0.85671192407608043 2.5000000000000004 2.2750000000000004 0.69079941511154186 106.87500000000001 0.88499245047569286 1.5000000000000002 0.59879338741302501 45.100000000000009 4.2750000000000012 4.5000000000000009
decision_type=8 2 2 8 2 2 10 2 2 2 10 2 2 2
left_child=-1 2 3 5 -5 -2 10 -8 9 -9 13 12 -12 -4
right_child=1 -3 6 4 -6 -7 7 8 -10 -11 11 -13 -14 -15
leaf_value=0.019750876201698207 -0.013189005519624078 0.017139104020640308 0.00078761770709184884 -0.016979237919934338 0.014625453239724348 0.011654069440952802 -0.0027955298811309574 -0.014442509378360115 -0.01175500706973287 0.018588887299103591 0.025776513026461598 0.024053262161360042 -0.002682478009564916 -0.010578058166413837
leaf_weight=7.4871149063110343 3.2276027889456591 7.7603961490094653 549.2067295354791 25.270042682241186 2.67435273900628 12.402425619540734 268.49864344066009 1.668088427279147 3.3309334833174935 14.095855178311465 5.0069705592468408 7.4612963665276757 24.688198425807059 15.901384072378276
leaf_count=40 165 57 13830 22154 39 732 14068 201 102 178 337 103 663 209
internal_value=8.11097e-06 -0.000169737 -0.000331828 -0.00654795 -0.0135538 0.00603937 -2.04288e-05 -0.00194814 0.00951342 0.0144406 0.000901795 0.00758594 0.00279949 0.000449682
internal_weight=948.68 941.193 933.433 43.5744 27.9444 15.63 889.858 287.594 19.0949 15.7639 602.265 37.1565 29.6952 565.108
internal_count=52878 52838 52781 23090 22193 897 29691 14549 481 379 15142 1103 1000 14039
is_linear=0
shrinkage=0.02


Tree=216
num_leaves=15
num_cat=0
split_feature=0 2 23 10 7 6 12 0 1 1 12 12 10 10
split_gain=9.4993 6.49461 6.34158 6.13163 5.84085 18.3093 9.32007 7.38381 5.90155 7.82564 5.77024 10.7093 6.59382 5.75657
threshold=-0.68476620316505421 2.5000000000000004 1.5000000000000002 1.5000000000000002 3.5000000000000004 18.100000000000005 0.42232277989387518 -0.15364513076747974 0.17719449739902216 0.012842862727782007 0.46606335043907171 0.66365009546279918 37.350000000000001 106.87500000000001
decision_type=8 2 2 2 2 2 2 10 10 10 2 2 2 2
left_child=-1 2 3 -2 5 -5 7 -7 9 10 -8 12 -12 -6
right_child=1 -3 -4 4 13 6 8 -9 -10 -11 11 -13 -14 -15
leaf_value=-0.012675135889634231 -0.013945087423702518 0.016828268809075751 0.024214455336566246 -0.0004128647741402263 -0.001923311718654566 0.0079152743681619557 -0.015184685761613808 0.026825809944035637 -0.012150004721251398 0.021959211838597725 0.010012947940973727 -4.0577564854040631e-05 0.036084651872072944 0.0048015746839314795
leaf_weight=21.180284303380176 10.962360331206581 8.7237621396779996 3.4501661099493495 321.30091688688844 410.18865744723007 18.192711447365582 4.814472828176803 16.219278821721673 6.4141046833246937 10.462804910726843 17.558775959652852 44.965444929548539 4.5527680169325313 57.145990833640099
leaf_count=4283 9749 60 22 17531 15267 1395 250 103 99 184 864 1606 135 1398
internal_value=0.000261438 0.000567731 0.000396596 0.000281427 0.000467556 0.00210659 0.00862867 0.0173341 0.00509839 0.00657142 0.0040614 0.00564556 0.0167102 -0.00109249
internal_weight=956.132 934.952 926.228 922.778 911.816 444.481 123.18 34.412 88.7684 82.3543 71.8915 67.077 22.1115 467.335
internal_count=52946 48663 48603 48581 38832 22167 4636 1498 3138 3039 2855 2605 999 16665
is_linear=0
shrinkage=0.02


Tree=217
num_leaves=15
num_cat=0
split_feature=2 23 7 6 31 31 6 31 31 6 6 1 31 16
split_gain=8.07192 4.33508 4.77587 13.7499 10.5869 7.23487 6.16709 6.61828 10.7138 5.52733 5.69297 11.5539 5.27555 5.39029
threshold=2.5000000000000004 1.5000000000000002 3.5000000000000004 11.175000000000002 0.96870285272598278 0.8355957865715028 30.550000000000004 0.40120664238929754 0.42232277989387518 9.9500000000000011 8.0500000000000025 -0.36580764811213418 0.47058823704719549 1.0000000180025095e-35
decision_type=2 2 2 2 10 10 2 10 10 2 2 10 10 2
left_child=1 2 3 4 12 6 7 -5 -9 10 -4 -12 13 -1
right_child=-2 -3 9 5 -6 -7 -8 8 -10 -11 11 -13 -14 -15
leaf_value=-0.0015911660783995915 0.017262987280129739 0.019929825625963453 0.00063046079107385248 0.0012277862868965272 0.021773645004251975 -0.0049771901154024847 0.010952601366153362 0.052777168895447125 0.0079566998106816219 -0.0025168844199740946 -0.01248588612443447 0.028185262022671905 -0.0069050700696132181 0.015981690313646199
leaf_weight=130.33558007271495 9.5955312922596914 3.2225744575262061 38.171126534522045 115.70511800143868 6.0436794398119664 27.934762021177448 62.328465737344231 1.3759158873581352 28.510226627404336 428.68931093357969 3.3489178197924039 8.0875165052711946 88.881980011763517 6.3757156878709784
leaf_count=14824 70 20 1674 4832 70 1140 2590 124 2591 17655 555 128 6681 51
internal_value=-9.70953e-05 -0.000290611 -0.000380485 0.00105596 -0.0024002 0.00444613 0.00572994 0.00343463 0.0116621 -0.00178376 0.0044762 0.0162292 -0.00314105 -0.000661531
internal_weight=958.606 949.011 945.788 467.491 231.637 235.854 207.92 145.591 29.8861 478.297 49.6076 11.4364 225.593 136.711
internal_count=53005 52935 52915 32903 21626 11277 10137 7547 2715 20012 2357 683 21556 14875
is_linear=0
shrinkage=0.02


Tree=218
num_leaves=15
num_cat=0
split_feature=15 2 19 19 9 0 31 10 0 13 9 8 9 30
split_gain=6.82935 9.29572 7.57788 7.33704 5.98402 7.34671 6.91417 11.2705 8.17696 5.54108 6.30305 5.35759 9.3031 8.18623
threshold=2.5000000000000004 1.0000000180025095e-35 1.0000000180025095e-35 58.750000000000007 95.443352000000019 -0.51867368290936189 0.70739066600799572 139.37500000000003 0.16440422832965854 5.5000000000000009 55.550933500000006 3.5000000000000004 28.625000000000004 0.90950226783752453
decision_type=2 2 2 2 2 10 10 2 10 2 2 2 2 8
left_child=1 3 -3 4 5 -1 11 8 -8 10 -2 -7 13 -13
right_child=9 2 -4 -5 -6 6 7 -9 -10 -11 -12 12 -14 -15
leaf_value=-0.0040959667866353154 0.00040917088642259981 0.012401166514178266 -0.0015540338102927804 -0.015641290777361847 0.013892462703991873 0.00028572333330934241 -0.010473073783129616 0.045460256632522206 0.0004996566784958061 -0.012953465326594233 0.013231900669998065 0.018625773328777268 0.031135969191422187 0.00076019997700376557
leaf_weight=226.17012240062468 26.977003732696176 37.621445408789441 25.73335937038064 12.643410459160803 9.8720090538263303 399.54054723517038 55.138757680775598 0.79546128329820831 52.468516025692225 4.7535333000123492 34.729393646121025 11.601404850604011 4.5467651933431616 55.705037745879963
leaf_count=33478 265 286 187 166 133 12509 3665 32 592 72 272 180 46 1055
internal_value=-6.29534e-05 -0.000526499 0.0067968 -0.00109404 -0.00084972 -0.00104728 0.000146968 -0.00438387 -0.00516751 0.00607304 0.00772194 0.00119596 0.00618397 0.00406723
internal_weight=958.297 891.837 63.3548 828.482 815.839 805.967 579.796 108.403 107.607 66.4599 61.7064 471.394 71.8532 67.3064
internal_count=52938 52329 473 51856 51690 51557 18079 4289 4257 609 537 13790 1281 1235
is_linear=0
shrinkage=0.02


Tree=219
num_leaves=15
num_cat=0
split_feature=0 1 22 17 0 12 6 12 12 7 1 15 12 0
split_gain=6.9952 8.1671 9.00202 8.98682 18.5452 8.31985 7.35166 9.95909 7.17268 7.62533 6.23715 7.7279 6.32015 6.34134
threshold=-0.1092857224025537 -0.02710990506693365 1.0000000180025095e-35 1.0000000180025095e-35 0.055280085767890653 0.12368024513125421 12.775000000000002 0.86274510622024547 0.88499245047569286 4.5000000000000009 0.0067873299121856698 3.5000000000000004 0.85671192407608043 -0.34679893437993642
decision_type=10 10 2 2 10 2 2 2 2 2 10 2 2 10
left_child=10 2 3 6 -5 -4 7 -2 9 -8 11 -1 -12 -14
right_child=1 -3 5 4 -6 -7 8 -9 -10 -11 12 -13 13 -15
leaf_value=-0.0027809720107821153 -0.00016295432773818545 -0.0037973409842701551 0.017574573524873009 -0.010567704841549608 0.0058585504116262345 -0.0032862630285379691 0.026322853221837361 0.027834741908384905 -0.0022446771358975901 0.0060033330041360427 0.0018624810201232878 0.010457528264796109 0.028890653100282795 -0.012024604546090197
leaf_weight=391.47109934053151 31.56988079752773 71.671839596703649 7.3374061919748774 32.216309236362576 159.71587907150388 92.246838226914406 24.187751033809036 5.0544372596777967 6.5713755986653259 11.474079825682564 94.687613253481686 17.497677229344845 5.6206777952611446 1.3544965498149384
leaf_count=44407 1636 968 43 452 799 1166 635 249 284 421 1498 114 112 43
internal_value=0.000505375 0.00234467 0.00354025 0.00542575 0.00306088 -0.00158978 0.0110712 0.00433805 0.0166748 0.0201272 -0.00108834 -0.00219044 0.00332331 0.0204339
internal_weight=952.677 442.046 370.374 270.79 191.932 99.5842 78.8575 36.6243 42.2332 35.6618 510.632 408.969 101.663 6.97517
internal_count=52827 6653 5685 4476 1251 1209 3225 1885 1340 1056 46174 44521 1653 155
is_linear=0
shrinkage=0.02


Tree=220
num_leaves=15
num_cat=0
split_feature=0 15 9 1 1 30 2 15 0 7 10 11 10 15
split_gain=6.32614 5.47266 6.01018 5.90372 5.39898 5.25755 4.95648 6.37868 8.22676 5.98387 17.2437 13.7101 7.88486 8.08178
threshold=-0.62304172323204432 2.5000000000000004 55.550933500000006 -0.43891401588916773 -0.64215683937072743 0.24886878579854968 1.0000000180025095e-35 1.5000000000000002 0.0081077459126239638 3.5000000000000004 12.550000000000002 0.89592760801315319 15.050000000000002 1.5000000000000002
decision_type=8 2 2 10 10 8 2 2 8 2 2 2 2 2
left_child=-1 5 -3 4 -4 -2 9 8 -8 10 -7 -12 -13 -14
right_child=1 2 3 -5 -6 6 7 -9 -10 -11 11 12 13 -15
leaf_value=-0.0091782906898818118 0.0082394794613058781 -0.0017144892769581134 0.003345246967629471 0.0044576220474493132 0.029565381389574576 -0.0014574391134814231 -0.01444540158999652 -0.004787687238627633 0.01241016298064899 -0.0029069225630078731 0.017006956408492736 0.018977681119772442 -0.0044816475639809497 0.033144870971081035
leaf_weight=29.057121243327856 27.053067319095135 25.697462223470211 5.0813713148236266 24.550475446507335 8.6248610839247686 333.95346063433681 4.3457494983449578 17.893419185653329 36.53133157058619 353.13808231294388 39.66967248218134 7.2871431187959379 39.120866752113216 1.4256192557513703
leaf_count=5569 134 262 27 243 55 25990 63 141 231 17404 907 241 1538 20
internal_value=-0.000148474 0.000144984 0.00574295 0.0106683 0.0207331 -0.000277291 -0.00056331 0.00498729 0.00927831 -0.000990335 0.00061865 0.00846892 0.00118484 -0.00239276
internal_weight=953.43 924.373 63.9542 38.2567 13.7062 860.418 833.365 58.7705 40.8771 774.595 421.457 87.5033 47.8336 40.5465
internal_count=52825 47256 587 325 82 46669 46535 435 294 46100 28696 2706 1799 1558
is_linear=0
shrinkage=0.02


Tree=221
num_leaves=15
num_cat=0
split_feature=0 2 31 0 10 0 30 12 30 12 0 0 12 6
split_gain=7.2916 6.26124 4.73932 6.33933 6.76071 6.04397 4.98043 7.09292 7.87328 8.66015 8.44039 6.90427 5.59183 5.34862
threshold=-0.62873856088681235 2.5000000000000004 0.63084465265274059 0.015082962810993196 140.90000000000003 0.38143193840389439 0.2443438917398453 0.38612368702888494 0.89592760801315319 0.31372550129890447 -0.12511101628685403 -0.28044838112629439 0.38914027810096746 19.050000000000004
decision_type=8 2 10 8 2 10 8 2 8 2 10 8 2 2
left_child=-1 2 5 4 -4 6 -2 8 9 10 11 -8 -9 -10
right_child=1 -3 3 -5 -6 -7 7 12 13 -11 -12 -13 -14 -15
leaf_value=-0.0097321176586872369 0.010301847498279212 0.017118478273099209 -0.011617567365127262 -0.0006940098780521002 0.032058774566956799 0.010008068930239691 0.0091923861425576552 0.028390424743113884 -0.0093768889902201332 -0.0073344587210873958 0.015804360150011208 -0.0069908727630133638 0.0014553946732973973 -0.0017030818473158303
leaf_weight=28.461922843707725 19.231026969850063 7.8483025282621375 35.876704754773527 118.93199273385108 0.53115983330644567 26.86238831654191 18.827933812746778 2.1067819632007732 70.434680564561859 26.466313881915994 21.954897258430719 21.529697977472097 476.67846465774346 75.043310308130458
leaf_count=5529 97 61 4085 5704 33 134 1511 155 11124 870 146 619 17481 5218
internal_value=6.26348e-05 0.000375103 0.000212865 -0.00295871 -0.0101404 0.000864894 0.000516299 0.000238321 -0.00260669 0.00207288 0.00612124 0.000598772 0.00163284 -0.00545709
internal_weight=950.786 922.324 914.475 155.34 36.4079 759.135 732.273 713.042 234.257 88.7788 62.3125 40.3576 478.785 145.478
internal_count=52767 47238 47177 9822 4118 37355 37221 37124 19488 3146 2276 2130 17636 16342
is_linear=0
shrinkage=0.02


Tree=222
num_leaves=15
num_cat=0
split_feature=0 2 2 1 30 1 30 31 12 1 1 8 6 6
split_gain=7.31823 7.83177 6.32076 5.7001 7.75131 9.23399 7.46215 8.21011 5.94141 7.89147 6.85648 5.3369 6.81427 7.65224
threshold=0.015082962810993196 1.0000000180025095e-35 2.5000000000000004 0.0067873299121856698 0.85671192407608043 -0.003283302063789868 0.89592760801315319 0.54751133918762218 0.84615385532379161 0.075565871381465713 0.033275785873671769 2.5000000000000004 17.050000000000004 8.7250000000000014
decision_type=10 2 2 10 8 8 8 10 2 10 10 2 2 2
left_child=2 -2 3 4 -1 -6 -5 8 9 -8 -10 -11 13 -13
right_child=1 -3 -4 6 5 -7 7 -9 10 11 -12 12 -14 -15
leaf_value=0.001846619985471216 0.0020212668780541275 0.017718345585937278 0.016370391554471543 -0.0025313170050877071 -0.0015701019583649826 -0.0085761772764536386 -0.010431334395076429 -0.0091570136873979184 0.045525350137605988 0.024111556235847268 8.7044742112048803e-05 0.024710155425649697 0.013565010047871723 -0.013261245098674896
leaf_weight=134.73315215436742 332.3152555692941 12.248423065990208 7.2570204511284819 57.013039954006672 238.48476867843419 109.34781754243886 7.0964180752634993 9.2993722725659591 2.8295847661793223 9.1561051690950972 2.0397157855331898 1.7264562472701097 20.362404566258192 9.0086869709193689
leaf_count=6396 3250 78 55 1118 4197 36840 114 325 46 123 33 13 195 131
internal_value=0.000304213 0.00262892 -0.00101462 -0.00125135 -0.00221631 -0.00379087 0.00266285 0.00744007 0.0105123 0.00795961 0.0297493 0.0113761 0.00699196 -0.0055693
internal_weight=952.918 344.564 608.355 601.098 482.566 347.833 118.532 61.5187 52.2194 47.3501 4.8693 40.2537 31.0975 10.7351
internal_count=52914 3328 49586 49531 47433 41037 2098 980 655 576 79 462 339 144
is_linear=0
shrinkage=0.02


Tree=223
num_leaves=15
num_cat=0
split_feature=12 2 6 21 10 21 14 9 9 6 11 6 11 7
split_gain=5.85773 5.01015 4.88779 8.78558 5.68973 5.87022 4.48388 8.07606 7.1059 4.64739 7.63814 4.07332 12.8627 10.2144
threshold=0.061840122565627105 2.5000000000000004 228.27500000000003 1.5000000000000002 106.87500000000001 1.0000000180025095e-35 1.0000000180025095e-35 5.712202500000001 33.329537500000008 309.87500000000006 0.81598794460296642 11.175000000000002 0.96870285272598278 3.5000000000000004
decision_type=2 2 2 2 2 2 2 2 2 2 2 2 2 2
left_child=-1 2 3 4 11 -6 -4 9 -9 -8 -11 12 -2 -13
right_child=1 -3 6 -5 5 -7 7 8 -10 10 -12 13 -14 -15
leaf_value=0.0080771061994988867 -0.0036506949846036025 0.014756537918178806 -0.0085210286255921301 0.0313629381231076 0.016866275451609417 -0.011825107600583711 -0.015893943668248822 0.038575262806369269 -0.001146211346075074 0.034593441993211606 -0.014985232877551317 0.0039698920424001876 0.010787181693198145 -0.001565856799113629
leaf_weight=34.597995296295267 253.06684435746865 7.883392807096242 49.239115159609355 2.5743537591770282 13.140927103813736 2.8107044072821727 6.9680544622242468 2.7959455028176299 3.3221801724284887 1.4348255190998318 1.6976960485335437 225.14761061081663 26.367966686666477 323.93585194059415
leaf_count=4168 20562 61 1438 48 323 63 420 44 42 42 139 10271 2007 13187
internal_value=0.000116518 -0.000191168 -0.000336318 7.33762e-05 -5.8992e-05 0.0114115 -0.00555922 0.00340531 0.0198754 -0.00746271 0.0105997 -0.000293325 -0.0022547 0.000707126
internal_weight=954.983 920.385 912.502 847.044 844.47 15.9516 65.4578 16.2187 6.11813 10.1006 3.13252 828.518 279.435 549.083
internal_count=52815 48647 48586 46461 46413 386 2125 687 86 601 181 46027 22569 23458
is_linear=0
shrinkage=0.02


Tree=224
num_leaves=15
num_cat=0
split_feature=30 13 30 11 12 13 9 12 19 24 12 16 30 11
split_gain=6.46178 6.37874 7.32753 4.63238 4.57676 3.75801 3.73673 7.48802 8.52522 7.20211 3.40743 10.3712 4.88945 4.08592
threshold=0.11613876372575761 1.0000000180025095e-35 0.21266968548297885 0.18702866137027743 0.075414784252643599 5.5000000000000009 91.730588750000024 0.7828054428100587 80.325000000000017 1.0000000180025095e-35 0.80844646692276012 1.0000000180025095e-35 0.90950226783752453 0.69079941511154186
decision_type=8 2 10 2 2 2 2 2 2 2 2 2 8 2
left_child=-1 2 -2 -3 -4 6 10 8 9 -8 13 12 -12 -5
right_child=1 3 4 5 -6 -7 7 -9 -10 -11 11 -13 -14 -15
leaf_value=0.017125687940648483 -0.0139859605250991 0.020538957133295708 0.026384637079368726 0.001813166120841755 -0.0016225961689197046 -0.014032273627982683 0.0036147830715394375 -0.010947644182199231 -0.0041690053100766457 0.031221278652494817 -0.0026242583533469094 -0.0059014887624819334 0.0088576766994562448 -0.0015808227727788272
leaf_weight=7.578099086880683 26.670286012056749 3.3907358907163134 1.8052029951941211 190.59369081631303 13.322826542076653 6.6282007014378896 6.6108566932380262 6.5215236879885188 8.2062755990773422 8.8440401144325715 18.181561227887869 37.400166059844196 71.16779364249669 546.46906716446392
leaf_count=42 20957 37 197 4305 1939 127 59 121 66 69 492 1173 1614 21745
internal_value=-0.000154885 -0.000311284 -0.00785595 4.58494e-05 0.00314819 -5.3999e-05 6.52006e-05 0.00686699 0.0120219 0.0203499 -0.000180128 0.00283589 0.00651805 -0.000701919
internal_weight=953.39 945.812 41.7983 904.014 15.128 900.623 893.995 30.1827 23.6612 15.4549 863.812 126.75 89.3494 737.063
internal_count=52943 52901 23093 29808 2136 29771 29644 315 194 128 29329 3279 2106 26050
is_linear=0
shrinkage=0.02


Tree=225
num_leaves=15
num_cat=0
split_feature=13 30 0 9 1 11 31 30 5 11 31 1 30 13
split_gain=6.77016 6.25144 5.89789 6.57866 11.489 10.9543 9.95826 7.22067 5.28175 5.45296 5.25178 5.19462 4.2902 4.12199
threshold=1.0000000180025095e-35 0.85671192407608043 -0.18061840534210202 1.0000000180025095e-35 0.59321741166686104 0.86274510622024547 0.4177978932857514 0.81598794460296642 1.0000000180025095e-35 0.68325793743133556 0.092006035149097457 -0.1865451621549182 0.90950226783752453 5.5000000000000009
decision_type=2 8 8 2 8 2 8 8 2 2 8 10 8 2
left_child=1 -1 3 5 6 -2 12 -8 -3 -10 -4 -9 -5 -12
right_child=2 8 10 4 -6 -7 7 11 9 -11 13 -13 -14 -15
leaf_value=0.0017888611240072319 0.012148327072605047 -0.016788902634474044 0.025275147916458466 0.030938957602051811 -0.013372037711316547 -0.007246582846067582 -0.012522534888701765 -0.0050170508306506831 -0.013723555433204563 0.028341990883518603 0.00098014570015830913 0.0065948862312672184 0.001454798586124736 -0.013909856814938353
leaf_weight=16.530357846058905 24.901168100303039 23.739478372852322 2.533586796373128 4.1716219931840888 45.296823615673929 20.2724954939913 22.738012108951807 31.446156331337988 1.5640549584059038 1.5081916125491259 726.32486484758556 28.356099799275398 3.359631298109889 6.5166298784315577
leaf_count=895 2759 22108 18 29 8038 4919 592 843 47 53 11855 773 25 124
internal_value=-0.000217781 -0.00785011 0.000151556 -0.0030774 -0.0052738 0.00347607 -0.0010991 -0.00318941 -0.0136435 0.00881557 0.000947399 0.000506825 0.0194985 0.000828965
internal_weight=959.259 43.3421 915.917 180.542 135.368 45.1737 90.0715 82.5403 26.8117 3.07225 735.375 59.8023 7.53125 732.841
internal_count=53078 23103 29975 17978 10300 7678 2262 2208 22208 100 11997 1616 54 11979
is_linear=0
shrinkage=0.02


Tree=226
num_leaves=15
num_cat=0
split_feature=12 2 30 15 18 9 1 10 12 12 12 30 12 15
split_gain=6.14859 5.57489 5.61596 5.11613 6.43781 6.42261 5.07438 8.57571 5.50263 6.01766 8.73214 9.61574 4.99409 4.94622
threshold=0.018099547829478983 2.5000000000000004 0.86274510622024547 2.5000000000000004 1.5000000000000002 99.509046000000012 0.33900782566580501 4.0500000000000007 0.81598794460296642 0.69079941511154186 0.61085975170135509 0.80844646692276012 0.73906487226486217 3.5000000000000004
decision_type=2 2 10 2 2 2 10 2 2 2 2 10 2 2
left_child=-1 2 3 4 5 6 8 -8 9 10 -2 -12 -7 -4
right_child=1 -3 13 -5 -6 12 7 -9 -10 -11 11 -13 -14 -15
leaf_value=0.014868393516446417 -0.0007101882714057381 0.015392391568517877 -0.0039833524913910207 0.0070452064384666536 -0.011652443013111049 0.028145395358828221 0.028861286090033418 0.0032223067718521602 0.0059012333285785095 -0.0048630056529915108 0.005097346589634043 0.037245537300033306 -0.0056461165402811962 0.013451196881032223
leaf_weight=10.454663431097286 424.95613784820307 8.4721152000129205 163.73874717613216 46.716154532507062 16.640056785196066 4.8155194092541924 5.2303097471594802 34.321502272039652 55.754357240046374 108.06952354317764 60.904765988059808 3.0150548847159362 2.0853145495057106 5.8155662938952437
leaf_count=1228 31138 66 10545 396 248 34 36 382 1664 4053 3017 163 34 44
internal_value=0.000303771 0.000126256 -2.88557e-05 0.000704132 0.000281031 0.000581288 0.000376098 0.0072409 -5.03306e-05 -0.000615143 0.000331888 0.00716411 0.018512 -0.00331
internal_weight=950.99 940.535 932.063 762.509 715.793 699.152 692.252 39.5518 652.7 596.945 488.876 63.9198 6.90083 169.554
internal_count=53048 51820 51754 41165 40769 40521 40453 418 40035 38371 34318 3180 68 10589
is_linear=0
shrinkage=0.02


Tree=227
num_leaves=15
num_cat=0
split_feature=12 10 8 25 30 10 10 1 7 10 30 10 13 10
split_gain=5.55703 5.42266 4.74729 3.87077 8.00507 5.93778 6.46019 4.82424 6.8387 8.07831 6.93864 6.28326 7.40273 9.77615
threshold=0.061840122565627105 1.5000000000000002 3.5000000000000004 1.5000000000000002 0.49472096562385565 3.0500000000000003 7.0500000000000007 -0.26469009340656113 3.5000000000000004 12.550000000000002 0.7828054428100587 101.60000000000001 2.5000000000000004 150.12500000000003
decision_type=2 2 2 2 10 2 2 8 2 2 10 2 2 2
left_child=2 -2 -1 7 5 -5 -7 11 9 -9 -11 -3 -13 -14
right_child=1 3 -4 4 -6 6 -8 8 -10 10 -12 12 13 -15
leaf_value=0.0048820222064472384 -0.014696875148411049 0.0011308890157930255 0.026048477777217964 0.0009816368017173966 -0.0044769533656500412 0.031815122633054173 0.0060009277124053809 -0.00063594377281822156 -0.0032671664622081166 0.010605535617744796 -0.0027839464519608366 -0.0060499935228481372 0.023890590077598268 -0.0084615864637219394
leaf_weight=30.415911661460996 8.9476115265861136 175.12787928245962 4.0885983809130257 10.883821807801725 17.592382980510592 7.8984461547806841 7.8884631469845772 303.10363813908771 290.63169215916423 51.977384821744636 21.372480557416566 6.8445372190326479 16.207771413028244 4.217974964529275
leaf_count=3902 8451 2117 244 106 222 79 82 19908 14806 1577 1172 80 153 41
internal_value=0.000288706 -1.00525e-05 0.00805316 0.000149674 0.00585184 0.0125804 0.0200421 -0.000146998 -0.000967889 0.000811165 0.00671917 0.00255004 0.0113013 0.0171267
internal_weight=957.199 922.694 34.5045 913.746 44.2631 26.6707 15.7869 869.483 667.085 376.454 73.3499 202.398 27.2703 20.4257
internal_count=52940 48794 4146 40343 489 267 161 39854 37463 22657 2749 2391 274 194
is_linear=0
shrinkage=0.02


Tree=228
num_leaves=15
num_cat=0
split_feature=4 12 11 31 26 0 31 30 31 11 31 31 31 30
split_gain=5.9569 8.68977 6.62818 5.70655 5.60594 6.32856 9.99631 13.3531 6.40939 9.06364 6.14845 7.28594 5.53253 5.38764
threshold=1.0000000180025095e-35 0.16138763725757602 0.4253393709659577 0.93363499641418468 1.0000000180025095e-35 -0.58220210671424855 0.11161387711763383 0.57164406776428234 0.66817498207092296 0.92609351873397838 0.51131224632263195 0.59125190973281871 0.6591252088546754 0.4177978932857514
decision_type=2 2 2 10 2 10 8 8 10 2 8 10 10 10
left_child=3 -2 -3 4 5 -1 7 -7 9 12 -11 -12 -8 -5
right_child=1 2 -4 13 -6 6 8 -9 -10 10 11 -13 -14 -15
leaf_value=-0.0088105675908683404 0.010336197244111073 0.015739642802515771 0.00023358630379065218 -0.0023065826337854093 0.016642362072534229 -0.00022083707223025055 -0.0024031440375972043 0.050133713573409219 -0.0083705770698491999 -0.0051064828489226456 0.037926779277284849 -0.0055957005624633687 0.032556527492133558 0.021953500145657015
leaf_weight=67.610960284771863 37.000934435171075 10.218924607150255 646.63252514053602 7.0757428914657776 4.586182562634348 5.4883440388366571 100.96793404570781 2.4098626340273768 53.02774185477756 3.0148413104470793 4.8919849819503733 1.7671934603713451 0.84616287890821595 6.226730516529642
leaf_count=26710 544 183 13357 139 26 136 6537 216 3098 909 547 459 37 118
internal_value=7.23654e-05 0.00103712 0.00049838 -0.00251705 -0.00322348 -0.00367053 -0.00161572 0.0190506 -0.00271699 2.25706e-05 0.0175639 0.0271543 -0.00179877 0.00979024
internal_weight=951.766 693.852 656.851 257.914 244.611 240.025 172.414 7.89821 164.516 111.488 9.67402 6.65918 101.814 13.3025
internal_count=53016 14084 13540 38932 38675 38649 11939 352 11587 8489 1915 1006 6574 257
is_linear=0
shrinkage=0.02


Tree=229
num_leaves=15
num_cat=0
split_feature=25 30 11 6 10 30 6 11 13 16 12 27 10 23
split_gain=4.85831 11.0244 15.8024 6.95618 6.80864 4.73786 10.1382 9.54193 6.97771 6.76481 10.7443 7.34208 9.31135 6.60578
threshold=1.5000000000000002 0.98642531037330639 0.93363499641418468 10.050000000000002 1.5000000000000002 0.8355957865715028 10.050000000000002 0.6591252088546754 1.0000000180025095e-35 1.0000000180025095e-35 0.37556561827659612 1.5000000000000002 136.62500000000003 1.0000000180025095e-35
decision_type=2 8 2 2 2 8 2 2 2 2 2 2 2 2
left_child=4 -2 -3 -4 -1 6 -6 -8 -7 10 -10 12 13 -11
right_child=1 2 3 -5 5 8 7 -9 9 11 -12 -13 -14 -15
leaf_value=-0.017783670745222625 -0.0054997185818910005 0.0045968440550274228 0.058191692728254807 0.015277208311024162 -0.003660555437779588 -0.014011281161480491 0.011094559180100952 0.0014125374984564913 -0.0045173370088704952 -0.011932796572818663 0.001976212111269159 0.0044035668274131348 0.015760434054953098 0.0045513737416954707
leaf_weight=7.9631005549454121 19.212618866935372 21.499502724036578 2.8401397727429858 4.1539970710873604 87.179670518264174 15.622969016141722 59.599845930933952 125.17826866032556 141.66297150216997 70.551629095338285 355.92337371502072 23.640258998610079 5.2744814101606599 10.717108242213724
leaf_count=9672 235 244 24 42 3545 12543 896 3146 8272 1641 11980 439 101 53
internal_value=-0.000107409 0.00604575 0.0137531 0.0378031 -0.000438699 -0.000264767 0.00193354 0.00457837 -0.00122535 -0.000874204 0.000122144 -0.00533432 -0.00801425 -0.00973009
internal_weight=951.02 47.7063 28.4936 6.99414 903.314 895.351 271.958 184.778 623.393 607.77 497.586 110.183 86.5432 81.2687
internal_count=52833 545 310 66 52288 42616 7587 4042 35029 22486 20252 2234 1795 1694
is_linear=0
shrinkage=0.02


Tree=230
num_leaves=15
num_cat=0
split_feature=0 9 7 11 9 9 7 9 25 11 6 11 12 12
split_gain=8.64304 6.67075 8.85045 6.54002 6.33175 6.06243 7.83637 6.71989 5.30863 6.84184 4.56796 6.13374 5.24437 4.42747
threshold=-0.21857147460742979 1.0000000180025095e-35 1.0000000180025095e-35 0.8355957865715028 7.2750000000000012 8.7750000000000021 3.5000000000000004 17.501672000000003 1.5000000000000002 0.90346908569335949 4.8750000000000009 0.51131224632263195 0.14027149975299838 0.027149322442710403
decision_type=8 2 2 2 2 2 2 2 2 2 2 2 2 2
left_child=1 2 3 10 8 6 -6 -7 -3 -10 12 -12 -1 -2
right_child=13 4 -4 -5 5 7 -8 -9 9 -11 11 -13 -14 -15
leaf_value=0.031100476918732838 0.013637606873319299 -0.0090724891320444322 -0.0034987178692839857 0.0016002762468452006 0.032906663029310605 -0.015159040013481149 -0.0063313708158527719 0.0083745919964661273 -0.0071369702001990902 0.044074521844398799 -0.0074114693028908621 0.053084403953991721 -0.0084359014200398996 0.0011175719022836672
leaf_weight=1.3376715686172231 10.476625285868066 96.901728875469416 27.405827319715172 7.2976236457470804 3.9996825400739935 8.61878200620413 2.968855238519609 8.8778954539448005 1.9424610771238797 0.79937905818223942 0.55100024444982443 2.5498560979031026 2.4118742924183607 772.73291690961923
leaf_count=121 1094 9058 4559 1999 77 208 84 175 56 17 22 310 294 34911
internal_value=0.000423613 -0.00371312 0.00316685 0.0154572 -0.00602355 0.0029965 0.0174931 -0.00341078 -0.00824599 0.0155823 0.0281345 0.0431487 0.0092473 0.00130222
internal_weight=948.872 165.663 41.5539 14.148 124.109 24.4652 6.96854 17.4967 99.6436 2.74184 6.8504 3.10086 3.74955 783.21
internal_count=52985 16980 7305 2746 9675 544 161 383 9131 73 747 332 415 36005
is_linear=0
shrinkage=0.02


Tree=231
num_leaves=15
num_cat=0
split_feature=0 30 1 30 0 10 11 1 15 0 0 0 1 24
split_gain=5.54378 7.17804 5.91829 8.53263 5.553 6.20331 5.91539 4.70726 10.6849 8.05042 6.11757 11.7571 9.55066 8.14352
threshold=0.024132743477821354 0.27752640843391424 0.33900782566580501 0.51131224632263195 -0.36766282497989805 69.050000000000011 0.82956260442733776 -0.1189359421066738 1.0000000180025095e-35 -0.3709934144549189 -1.0000000180025095e-35 -0.13270110650728417 -0.1590988919662106 1.5000000000000002
decision_type=10 8 10 8 8 2 2 8 2 8 8 10 10 2
left_child=1 -1 7 -4 -5 6 -6 8 -3 -10 11 12 -11 -12
right_child=-2 2 3 4 5 -7 -8 -9 9 10 13 -13 -14 -15
leaf_value=0.010351183353239771 0.0022767942453723326 0.02415533426952763 -0.0070123980558241287 -0.00063113632726926824 0.005534394106155356 -0.0094189257862910877 0.035565267330447417 -0.0033780847816551108 -0.011885141270808036 -0.0056916875242070874 -0.0059250613619092089 0.017303148600284729 0.02688948313998336 0.0031144927234921685
leaf_weight=20.863602951169014 340.11851399671286 6.3004011549055567 10.792987192049624 6.7896617846563458 4.3513563629239815 1.8021694943308819 7.7523412816226482 320.55608541326365 21.158748109824955 27.053571000695232 74.969076193869114 22.316442625597119 3.1313461232930413 82.953134873881936
leaf_count=106 3122 111 129 124 39 15 98 45598 587 647 1104 359 83 834
internal_value=0.000234072 -0.000905279 -0.00132022 0.00698367 0.0142696 0.0210992 0.0260152 -0.0018001 0.00033154 -0.000417677 0.000786173 0.00663283 -0.00155788 -0.00118706
internal_weight=950.909 610.791 589.927 31.4885 20.6955 13.9059 12.1037 558.439 237.883 231.582 210.424 52.5014 30.1849 157.922
internal_count=52956 49834 49728 405 276 152 137 49323 3725 3614 3027 1089 730 1938
is_linear=0
shrinkage=0.02


Tree=232
num_leaves=15
num_cat=0
split_feature=0 27 0 0 11 6 0 0 31 6 4 11 16 31
split_gain=7.91257 4.45708 10.5554 5.90706 6.50662 7.71219 6.83901 5.88953 4.63986 5.8612 3.99661 3.95539 8.57844 8.31336
threshold=0.069381598383188262 1.5000000000000002 -0.3709934144549189 -0.3499245792627334 0.69079941511154186 13.275000000000002 -0.19224066551074812 0.036199107766151435 0.69079941511154186 283.62500000000006 1.0000000180025095e-35 0.89140272140502941 1.0000000180025095e-35 0.58521872758865368
decision_type=10 2 10 10 2 2 10 10 10 2 2 2 2 8
left_child=1 8 10 -4 5 -5 -7 -8 11 -10 -3 -1 13 -13
right_child=-2 2 3 4 -6 6 7 -9 9 -11 -12 12 -14 -15
leaf_value=-0.0026990532876121458 0.0030267131592490908 -0.0081968583485568323 0.036642677374586777 -0.013833961247391967 0.0029631130464356976 -0.0030156910304183905 0.039541699025005178 -0.0051882154650417216 -0.0095004110956725361 0.030270248768559573 0.00074905850185836187 -0.0078854093086166335 -0.0057087570834225198 0.0060396131225993214
leaf_weight=280.37033387547126 301.45268262736499 25.569513901660684 2.1313163321465245 1.7205434660427261 33.850928272586316 2.4318101084791115 7.1127027594484371 1.1258583813905714 39.867775336257182 0.58288974605966259 79.931166276568547 19.450542078819126 51.682367753237486 108.25116690224968
leaf_count=19831 2422 11451 132 107 1693 111 180 13 4326 31 2621 5891 1017 3292
internal_value=0.000351373 -0.00088438 0.0020831 0.00971748 0.00772711 0.0195487 0.0256557 0.0335291 -0.00179958 -0.00821087 -0.00147571 -0.00121889 0.00109668 0.00387387
internal_weight=955.532 654.079 153.874 48.3732 46.2418 12.3909 10.6704 8.23856 500.205 40.4507 105.501 459.754 179.384 127.702
internal_count=53118 50696 16308 2236 2104 411 304 193 34388 4357 14072 30031 10200 9183
is_linear=0
shrinkage=0.02


Tree=233
num_leaves=15
num_cat=0
split_feature=0 8 7 9 10 12 12 25 10 7 10 1 12 10
split_gain=5.98581 8.1826 7.60248 8.88533 6.47174 5.33441 5.01279 4.63559 4.58512 4.80975 5.65636 6.08169 4.26899 11.3577
threshold=-0.20345830033113665 3.5000000000000004 1.0000000180025095e-35 0.49962900000000005 2.2750000000000004 0.87028658390045177 0.092006035149097457 1.5000000000000002 2.2250000000000005 3.5000000000000004 14.550000000000002 -0.02710990506693365 0.76923078298568737 15.050000000000002
decision_type=8 2 2 2 2 2 2 2 2 2 2 10 2 2
left_child=1 2 3 -1 6 8 -2 -4 -3 10 -10 -12 -6 -14
right_child=4 5 7 -5 12 -7 -8 -9 9 -11 11 -13 13 -15
leaf_value=0.014022731997429469 0.012139068685909832 0.039956926798266706 -0.0093033543336898013 -0.004171465336734315 0.0020542455570103351 0.034738953034371092 -0.0073074820371189994 0.012675112916627826 -0.0051345502581749422 -0.0075290060057644293 0.005804244690765693 0.043941807111062985 0.0044022628505116556 -0.0066751296702232199
leaf_weight=14.094162542838601 4.9538173111504866 0.33283273130655899 93.071692205267027 36.23367340490222 564.47092186799273 1.5287567870691408 55.003435022896156 3.1614687191322437 5.2059554643929022 10.946785383392124 4.7730905115604401 1.927138755097985 65.800878043286502 82.18012947391253
leaf_count=2735 2088 51 8235 5062 18642 38 10587 82 333 655 145 21 2215 2078
internal_value=-2.24285e-05 -0.00339381 -0.0051917 0.0010977 0.00072857 0.00705523 -0.00552798 -0.00845838 0.00386904 0.00169036 0.0100934 0.0210555 0.00126211 -0.001753
internal_weight=943.685 171.276 146.561 50.3278 772.409 24.7146 59.9573 96.2332 23.1858 22.853 11.9062 6.70023 712.452 147.981
internal_count=52967 17357 16114 7797 35610 1243 12675 8317 1205 1154 499 166 22935 4293
is_linear=0
shrinkage=0.02


Tree=234
num_leaves=15
num_cat=0
split_feature=12 13 0 27 11 10 13 10 0 1 9 0 17 31
split_gain=6.65771 5.47832 6.30461 8.50962 8.56458 8.59555 7.16388 6.10485 5.98951 5.59088 5.5826 5.09741 5.08036 5.97121
threshold=0.061840122565627105 1.0000000180025095e-35 0.048967037626515449 1.5000000000000002 0.69079941511154186 5.0500000000000007 3.5000000000000004 2.2750000000000004 -0.2706549557195978 0.33900782566580501 8.9901540000000022 -0.41626594602039241 1.0000000180025095e-35 0.63084465265274059
decision_type=2 2 8 2 2 2 2 2 10 10 2 10 2 10
left_child=-1 -2 3 12 5 -5 7 -6 -8 -4 11 -7 13 -3
right_child=1 2 9 4 6 10 8 -9 -10 -11 -12 -13 -14 -15
leaf_value=0.0084166026082750228 -0.007835044336514824 -0.0013139743243791111 0.00090161659258022246 -0.00480655589595447 0.029362870341924953 -0.0084542897824675597 0.051362086886082285 -0.0031948489722472494 -0.0028897140272913947 0.011666149089970289 -0.0082486555175922509 0.038143066280070421 -0.010876998024269943 -0.010593872365184999
leaf_weight=35.489788081787992 35.986305255326442 184.84543393319473 545.84368303511292 4.2476512966677538 1.427419647341593 0.6955428859218945 0.94346169009804759 45.130070837214589 1.2278116950765241 19.020990032702684 1.0877938102930782 7.2013804800808421 34.790118396282196 31.718636505072936
leaf_count=4192 20670 13646 5884 228 290 45 18 3680 28 125 12 247 462 3452
internal_value=3.90953e-05 -0.000294978 2.25613e-05 -0.00224862 0.00434119 0.0179904 0.000347483 -0.00160022 0.0294464 0.00128407 0.02817 0.0335499 -0.00388384 -0.00271558
internal_weight=949.656 914.166 878.18 313.315 61.9611 13.2324 48.7288 46.5575 2.17127 564.865 8.98472 7.89692 251.354 216.564
internal_count=52979 48787 28117 22108 4548 532 4016 3970 46 6009 304 292 17560 17098
is_linear=0
shrinkage=0.02


Tree=235
num_leaves=15
num_cat=0
split_feature=30 25 12 9 9 30 14 21 12 6 10 6 25 21
split_gain=6.43011 5.63722 5.33061 5.00478 4.63481 8.54767 9.06494 8.91136 5.63875 9.5545 7.16397 6.11666 5.4825 4.9123
threshold=0.88499245047569286 2.5000000000000004 0.061840122565627105 2.0000005000000005 25.625000000000004 0.87820512056350719 1.0000000180025095e-35 1.0000000180025095e-35 0.80844646692276012 8.5500000000000025 133.15000000000001 164.62500000000003 2.5000000000000004 1.0000000180025095e-35
decision_type=10 2 2 2 2 8 2 2 2 2 2 2 2 2
left_child=2 3 -1 -2 8 -6 7 -7 11 12 -11 -4 -10 -13
right_child=1 -3 4 -5 5 6 -8 -9 9 10 -12 13 -14 -15
leaf_value=0.0089957243245676003 -0.0093864073141434641 0.021888951341341886 -0.00015416443778154204 -0.0016261146696878212 0.014024429838767482 0.0010359314370505784 0.016415165082519372 -0.019781624340049497 0.034832263671550477 0.001242972805427456 0.039895811865097115 -0.011535751531501118 -0.0013596350563025365 0.0063858778281469172
leaf_weight=29.946028939273674 48.307551736128516 2.422771379351615 558.21464430593187 103.73325941106305 26.597302386537194 49.656745649175718 11.393106142058967 8.8380318004637939 5.2576196581940158 59.1111907378654 0.98568876198260014 31.811169076536316 2.1861286647617817 6.8371777441352597
leaf_count=3461 7886 26 34105 1853 270 434 126 162 301 1654 33 2451 19 101
internal_value=0.000128307 -0.0035906 0.000858291 -0.00413699 0.000526643 0.00459902 0.000864739 -0.00238904 -7.07735e-05 0.00536284 0.00251956 -0.000693579 0.025301 -0.00828418
internal_weight=945.298 154.464 790.835 152.041 760.889 96.4852 69.8879 58.4948 664.404 67.5406 60.0969 596.863 7.44375 38.6483
internal_count=52882 9765 43117 9739 39656 992 722 596 38664 2007 1687 36657 320 2552
is_linear=0
shrinkage=0.02


Tree=236
num_leaves=15
num_cat=0
split_feature=2 0 9 13 10 21 13 9 9 13 30 0 9 30
split_gain=6.06135 4.86108 4.72738 7.08887 9.12885 9.70053 10.8343 8.0021 8.94057 6.9395 6.88528 7.599 6.59004 8.42443
threshold=1.5000000000000002 0.49472098052501684 6.2513487500000009 2.5000000000000004 54.100000000000009 1.0000000180025095e-35 4.5000000000000009 52.509926875000005 97.707951500000021 2.5000000000000004 0.87820512056350719 -0.3709934144549189 91.006972000000005 0.63763198256492626
decision_type=2 10 2 2 2 2 2 2 2 2 10 10 2 10
left_child=1 2 9 7 -5 6 -6 10 -9 -1 -4 -12 -8 -14
right_child=-2 -3 3 4 5 -7 12 8 -10 -11 11 -13 13 -15
leaf_value=-0.00069829236212213153 0.010468022936646202 0.010381013226378227 0.0081099514885613899 -0.0049514181826796075 0.012807713896769265 -0.0060584447237735416 -0.012200744376260593 -0.017782274551565985 0.015870926136034979 -0.011359600730282254 0.0024188746183119048 0.051174394426041499 -0.0099200644189392593 0.0260704250626973
leaf_weight=629.2064739933121 21.608226841315627 16.651427838951349 54.099418390309438 81.198912273161113 50.772720525972545 26.990091576240957 13.433997983112933 8.4281993254553509 3.8356225639581671 24.417483244091272 2.2503814056981355 2.3167617223225525 4.2438470683991891 4.4016981795430183
leaf_count=48994 138 97 650 1179 433 499 173 89 41 446 53 41 46 49
internal_value=0.00023692 -1.38735e-05 -0.000216247 0.00210598 -4.32689e-06 0.0040282 0.00779651 0.00741745 -0.00685391 -0.00111331 0.0104656 0.0319007 -0.00378258 0.00920687
internal_weight=943.855 922.247 905.596 251.972 181.041 99.8424 72.8523 70.9304 12.2638 653.624 58.6666 4.56714 22.0795 8.64555
internal_count=52928 52790 52693 3253 2379 1200 701 874 130 49440 744 94 268 95
is_linear=0
shrinkage=0.02


Tree=237
num_leaves=15
num_cat=0
split_feature=9 1 13 13 30 26 13 10 9 30 10 9 30 10
split_gain=5.59847 8.02639 7.38616 5.09283 8.36092 5.0678 4.05968 8.08404 6.94209 6.4494 7.38758 6.25392 5.90418 5.82429
threshold=91.730588750000024 -0.22758577424155196 5.5000000000000009 1.0000000180025095e-35 0.81598794460296642 1.0000000180025095e-35 2.5000000000000004 20.550000000000004 68.375000000000014 0.9566364884376527 89.550000000000011 8.5250000000000021 0.96191552281379711 147.55000000000004
decision_type=2 10 2 2 8 2 2 2 2 8 2 2 10 2
left_child=3 2 -2 4 -1 -6 8 -8 11 -9 -11 -5 -12 -14
right_child=1 -3 -4 6 5 -7 7 9 -10 10 12 -13 13 -15
leaf_value=0.0050857717247054625 0.018924553913613446 -0.0045067487980212295 -0.010254803443505061 0.00087865916823819004 -0.015438915606343449 0.017727961963721159 -0.0094721239010417558 0.0050932018455724483 -0.019130668577615181 -0.0071358339260178903 0.00086066513413618321 0.0089404081082298144 0.038929782544008439 -0.0068438891327752497
leaf_weight=14.818577961763365 20.840713346377019 13.053022563457487 3.4666404109448186 635.1151402501855 24.809775920177348 1.1667373776435841 44.680758307687938 60.403884173370898 5.6764303259551516 58.248171961866319 16.583147672936324 40.002160100266337 2.6332111107185479 1.2233000323176382
leaf_count=733 164 191 53 26367 22288 5 720 775 51 766 205 441 55 12
internal_value=0.00044608 0.00792974 0.0145223 0.000128853 -0.0066901 -0.0133473 0.000457967 -0.00217229 0.00117012 0.000223529 -0.00353163 0.00136885 0.00659326 0.0259907
internal_weight=942.722 37.3604 24.3074 905.361 40.7951 25.9765 864.566 183.772 680.794 139.092 78.6878 675.117 20.4397 3.85651
internal_count=52826 408 217 52418 23026 22293 29392 2533 26859 1813 1038 26808 272 67
is_linear=0
shrinkage=0.02


Tree=238
num_leaves=15
num_cat=0
split_feature=30 30 30 0 30 0 6 1 0 6 0 1 6 13
split_gain=4.63713 4.05175 5.7923 5.92017 7.50529 6.90093 6.05309 4.83104 4.78417 6.32632 4.59245 13.8169 6.23168 4.50513
threshold=0.061840122565627105 0.85671192407608043 0.79939669370651256 -0.37369337979094069 0.674208164215088 -0.3499245792627334 5.4500000000000011 -0.14022419056314719 -0.45475108921527857 12.775000000000002 -0.61985827358182444 -0.23831070959568021 12.050000000000002 1.0000000180025095e-35
decision_type=8 10 10 8 8 8 2 10 10 2 10 8 2 2
left_child=-1 2 3 4 6 -5 -2 10 9 -8 11 -4 -12 -7
right_child=1 -3 7 5 -6 13 8 -9 -10 -11 12 -13 -14 -15
leaf_value=0.019515064094410246 0.028196667730547444 -0.0023670509284298056 -0.0022514011877763037 0.01731691499689151 -0.009519995212811546 -0.005680933787268542 -0.006013254888293738 -0.001890070570989757 -0.014521088200056599 0.021810009643033382 -0.0072646287351660907 0.045572988817093693 0.015838518802190681 0.0013229942898306637
leaf_weight=4.0982503890991202 2.7181135709397521 173.26831992377993 4.2046298161149025 9.4228299828246218 45.260288228048012 38.056147246272303 6.3689100961200928 12.074482954107223 5.1160554857924554 5.0716197891160846 7.0867501483298865 4.4100095403846371 10.502770914463325 622.03304754244164
leaf_count=24 229 11098 52 542 5458 21642 130 251 165 116 656 532 305 11752
internal_value=0.000491406 0.000388428 0.00100887 0.000607614 -0.005131 0.00116759 0.00513633 0.00849216 -3.99183e-05 0.00708257 0.0131698 0.0244245 0.00664028 0.000911214
internal_weight=949.692 945.594 772.326 734.047 64.535 669.512 19.2747 38.2786 16.5566 11.4405 26.2042 8.61464 17.5895 660.089
internal_count=52952 52928 41830 40034 6098 33936 640 1796 411 246 1545 584 961 33394
is_linear=0
shrinkage=0.02


Tree=239
num_leaves=15
num_cat=0
split_feature=30 13 30 6 5 7 6 31 13 6 15 1 31 1
split_gain=5.07037 4.63955 6.15515 6.20975 5.41205 4.3947 11.4707 8.20971 6.33151 5.5057 5.77502 5.13305 4.76502 4.65641
threshold=0.18702866137027743 1.0000000180025095e-35 0.52337861061096203 42.050000000000004 1.0000000180025095e-35 3.5000000000000004 16.550000000000004 0.56259429454803478 2.5000000000000004 22.550000000000004 1.0000000180025095e-35 0.46040722727775579 0.96870285272598278 -0.010505515212381342
decision_type=8 2 10 2 2 2 2 8 2 2 2 10 10 10
left_child=-1 2 4 -4 -2 6 12 9 -9 -8 11 -11 -3 -10
right_child=1 5 3 -5 -6 -7 7 8 13 10 -12 -13 -14 -15
leaf_value=0.010547624434978599 -0.013984074475261137 -0.0012059993828676518 0.018208358918591624 -0.01456840520301475 0.010922919699025315 -0.001379246223613319 -0.0071416992037620442 0.006896293622817776 -0.006863291190583677 0.029923633470457997 0.00027759712944203384 -0.0023048212895125245 0.013494402874856107 0.014583927980811436
leaf_weight=16.441085889935493 27.384981521056037 288.36576599045657 5.7775154360569996 2.6199777021538466 3.2307043237378812 466.59356581582688 2.8580079120583859 78.062808289658278 26.350701223127547 13.795842139283197 4.5402675550431004 2.1236655302345744 8.1000851122662407 3.7944110771641126
leaf_count=85 20977 15178 1224 817 87 10951 245 1596 501 906 48 15 101 88
internal_value=-0.000136922 -0.000336166 -0.00699909 0.0075201 -0.0110934 -3.81029e-05 0.00142381 0.00631558 0.00391406 0.0168408 0.0203676 0.0257422 -0.000760338 -0.00378212
internal_weight=950.039 933.598 39.0132 8.39749 30.6157 894.585 427.992 131.526 108.208 23.3178 20.4598 15.9195 296.466 30.1451
internal_count=52819 52734 23105 2041 21064 29629 18678 3399 2185 1214 969 921 15279 589
is_linear=0
shrinkage=0.02


Tree=240
num_leaves=15
num_cat=0
split_feature=10 6 15 0 19 9 6 6 30 6 21 31 18 0
split_gain=6.70624 6.34329 5.9018 6.14528 6.03374 6.48709 6.01055 5.13423 4.94774 9.08364 5.76398 5.37746 9.26015 6.55442
threshold=107.55000000000001 350.25000000000006 1.5000000000000002 0.35133960218044241 79.375000000000014 96.078630000000018 341.60000000000008 265.62500000000006 0.82956260442733776 10.050000000000002 1.0000000180025095e-35 0.95022624731063854 1.0000000180025095e-35 0.42220584293755031
decision_type=2 2 2 8 2 2 2 2 8 2 2 8 2 10
left_child=7 2 3 -2 5 -4 -5 8 9 -1 -11 13 -13 -10
right_child=1 -3 4 6 -6 -7 -8 -9 11 10 -12 12 -14 -15
leaf_value=-0.0027888707249726099 0.011089365910404781 -0.0044567256816333825 0.010331125713373343 -0.015873329547016601 -0.0021034854388147098 0.034186188488762335 0.026160115006340245 -0.01230065642258742 -0.0053857758266211151 0.0032579032857099404 0.012969731120654754 0.0016538805018074818 -0.0049044744046808702 0.011321004886724426
leaf_weight=92.103619365021586 11.691890151938425 15.031691205804234 11.596113933250313 7.8924306708504428 5.3143931981176129 8.2333003655076009 0.68076074740383763 12.913793728279414 141.53999062225921 140.06434786319733 28.952821101993322 347.99731027986854 113.32787802163512 9.1313987895846349
leaf_count=3525 494 326 121 496 67 73 22 610 29241 3264 425 12833 1380 61
internal_value=0.000195632 0.00658545 0.010258 0.0020485 0.0165432 0.0214016 -0.0101516 -0.000247182 -5.50373e-05 0.00224477 0.00498805 -0.00103836 3.56496e-05 -0.0043053
internal_weight=946.472 60.4406 45.4089 20.2651 25.1438 19.8294 8.57319 886.031 873.117 261.121 169.017 611.997 461.325 150.671
internal_count=52938 1599 1273 1012 261 194 518 51339 50729 7214 3689 43515 14213 29302
is_linear=0
shrinkage=0.02


Tree=241
num_leaves=15
num_cat=0
split_feature=23 2 1 0 31 10 19 7 6 10 11 10 6 24
split_gain=6.03327 5.27005 5.51608 5.97777 6.83034 5.58735 10.3234 5.38595 8.25855 7.96861 7.93179 5.55136 6.01111 5.14121
threshold=1.5000000000000002 2.5000000000000004 0.070003046055831866 -0.51867368290936189 0.70739066600799572 61.125000000000007 1.0000000180025095e-35 4.5000000000000009 34.550000000000004 24.050000000000004 0.61085975170135509 8.5500000000000025 9.9500000000000011 1.0000000180025095e-35
decision_type=2 2 10 10 10 2 2 2 2 2 2 2 2 2
left_child=1 2 3 13 5 6 -5 8 -4 10 -9 12 -12 -1
right_child=-2 -3 7 4 -6 -7 -8 9 -10 -11 11 -13 -14 -15
leaf_value=-0.0058148822187064587 0.023240207116566922 0.014785422827570218 -0.0028358385019858819 0.0015154119153874964 -0.0045235796234807599 0.0082141002349197419 -0.0098282627324420297 -0.0083893579393606536 0.013691044081495178 -0.00030693763869329478 0.023870426153416165 0.035193416590966281 -0.0035815756904338161 -0.00039202378075205895
leaf_weight=160.51188673725119 3.3397509492933741 8.0591679718345386 62.684060103259981 352.36179743614048 100.98619551840238 40.456160460365936 34.298069656826556 3.5675490479916361 13.930172220803795 19.251843102276325 6.1598821096122283 7.1447696909308425 5.3423704169690609 123.60084833647124
leaf_count=32647 23 65 1106 11647 3986 938 484 28 171 220 47 61 55 1452
internal_value=-0.000287849 -0.00039624 -0.000543494 -0.00113164 0.000128052 0.00123587 0.000486432 0.00347759 0.000306799 0.00919082 0.0170805 0.0221324 0.0118534 -0.00346536
internal_weight=941.695 938.355 930.296 812.215 528.102 427.116 386.66 118.081 76.6142 41.4664 22.2146 18.647 11.5023 284.113
internal_count=52930 52907 52842 51154 17055 13069 12131 1688 1277 411 191 163 102 34099
is_linear=0
shrinkage=0.02


Tree=242
num_leaves=15
num_cat=0
split_feature=12 16 1 17 1 12 12 12 31 1 10 25 1 11
split_gain=4.58326 13.0313 8.12586 6.22122 7.29839 5.46421 4.55082 4.52117 8.45816 8.94124 4.88668 10.0401 11.1299 9.95738
threshold=0.87820512056350719 1.0000000180025095e-35 -0.019519814846503513 1.0000000180025095e-35 0.085972860455513014 0.89140272140502941 0.89140272140502941 0.11613876372575761 0.075414784252643599 -0.24283296084697939 6.4500000000000011 1.0000000180025095e-35 0.34788811297079286 0.92609351873397838
decision_type=2 2 8 2 8 2 2 2 10 8 2 2 8 2
left_child=7 2 5 4 6 -2 -4 8 9 -1 11 12 -9 -13
right_child=1 -3 3 -5 -6 -7 -8 10 -10 -11 -12 13 -14 -15
leaf_value=0.013256761250272392 0.019587203773259766 -0.0054181070262982823 0.0084879686385365399 0.0036207806670580131 0.011507814551621613 -0.0041560270232231782 0.049996217901900786 -0.012178235770532009 0.017306806187520358 -0.0048748730942442357 0.00047196148147640049 0.0016741478746788081 -0.0019136444156941043 0.027745318641667186
leaf_weight=14.668691096827386 4.3191405702382353 26.575454407371581 1.8486820831894872 6.4322044774889937 7.4098259345046262 13.429522257298229 5.0706817898899317 54.333235070109367 15.320329606882295 34.602262340544257 538.08368752180832 29.800269961124286 180.9701064635301 6.340049233287572
leaf_count=94 61 879 41 39 499 184 96 1047 1994 5524 17486 423 24412 68
internal_value=0.000159921 0.00523852 0.0125436 0.0207422 0.0276903 0.00235844 0.0413784 -0.000223778 0.00482705 0.000679509 -0.000632236 -0.00281479 -0.00432532 0.00687168
internal_weight=939.204 65.0855 38.5101 20.7614 14.3292 17.7487 6.91936 874.119 64.5913 49.271 809.527 271.444 235.303 36.1403
internal_count=52847 1799 920 675 636 245 137 51048 7612 5618 43436 25950 25459 491
is_linear=0
shrinkage=0.02


Tree=243
num_leaves=15
num_cat=0
split_feature=12 7 4 7 10 11 10 12 31 12 21 12 12 9
split_gain=3.74596 3.8939 3.6491 2.6896 8.75126 13.9736 7.77205 6.7815 6.73317 5.91205 5.10419 9.52454 5.7704 5.51495
threshold=0.027149322442710403 1.0000000180025095e-35 1.0000000180025095e-35 3.5000000000000004 12.550000000000002 0.89592760801315319 15.050000000000002 0.64856714010238659 0.96870285272598278 0.7828054428100587 1.0000000180025095e-35 0.94117647409439098 0.57164406776428234 0.50029800000000013
decision_type=2 2 2 2 2 2 2 2 10 2 2 2 2 2
left_child=1 -1 -3 4 8 7 -7 -6 -2 -9 11 13 -12 -5
right_child=3 2 -4 10 5 6 -8 9 -10 -11 12 -13 -14 -15
leaf_value=0.021541406957239932 -0.0011900171839639474 -0.0077222935655575928 0.015259047646892494 -0.0052638253977439296 0.018571939569688251 0.017652576705264312 -0.0039924165412115378 -0.012346163039708858 0.015033384843589227 0.015673961064622023 0.0013151012639900637 0.023884873314486445 -0.012823457724685064 0.00014488065375079808
leaf_weight=5.350012110953684 350.76331869035494 6.1742386403493565 3.5026662525488064 96.691675217589363 33.214851040625945 6.7386184163624412 45.644147432351019 5.8333881568396446 9.5415126242442039 4.3861148151336238 18.192110715433955 5.1976953230332574 29.811681316234171 330.35773939936189
leaf_count=786 28582 995 37 12487 679 260 1843 160 146 102 176 88 771 6025
internal_value=-0.000222834 0.00936506 0.00124613 -0.000386528 0.000712601 0.00605136 -0.000929444 0.0143018 -0.000719973 4.95829e-06 -0.00142975 -0.000734439 -0.00754784 -0.00108918
internal_weight=951.4 15.0269 9.6769 936.373 456.122 95.8171 52.3828 43.4344 360.305 10.2195 480.251 432.247 48.0038 427.049
internal_count=53137 1818 1032 51319 31772 3044 2103 941 28728 262 19547 18600 947 18512
is_linear=0
shrinkage=0.02


Tree=244
num_leaves=15
num_cat=0
split_feature=23 30 2 10 7 6 11 6 1 11 1 11 10 25
split_gain=5.24958 4.12582 3.6921 3.7692 4.18208 15.157 10.2121 6.87498 6.50506 5.1402 4.91511 5.44125 4.3104 5.64117
threshold=1.5000000000000002 0.11613876372575761 2.5000000000000004 1.5000000000000002 3.5000000000000004 18.100000000000005 0.90950226783752453 40.225000000000009 0.26131218671798712 0.57164406776428234 -0.16862429271463858 0.76319760084152233 107.55000000000001 1.5000000000000002
decision_type=2 8 2 2 2 2 2 2 8 2 10 2 2 2
left_child=1 -1 3 -3 5 -5 7 9 -9 -7 11 -11 13 -6
right_child=-2 2 -4 4 12 6 -8 8 -10 10 -12 -13 -14 -15
leaf_value=0.014082243252537874 0.022484578378050252 -0.012052850985871826 0.013164199371262023 -0.0011778298543247442 -0.0030765115276916058 0.021354223501494039 0.00057698985452931555 0.02823664383380017 0.0062378166243263365 -0.0035147982241298939 -0.0049936796590955472 0.01589857295151386 0.0035779815384345509 0.0045205092213481662
leaf_weight=7.0752161815762511 3.1155737973749629 9.9576725367805903 7.1068049855530253 322.90854607697111 370.23470509360777 7.4904510595370075 56.232953322469257 14.997966567054389 9.1505147157004121 8.2954190077725816 14.508264636620877 15.91816823882982 56.273956157383509 42.811424220912158
leaf_count=40 21 9754 58 20004 15977 167 2639 143 640 425 204 860 1476 469
internal_value=-5.43817e-05 -0.000152592 -0.000275122 -0.000392004 -0.000252664 0.0011248 0.00696144 0.0119844 0.0204802 0.00720505 0.00399931 0.00937206 -0.00157155 -0.00228008
internal_weight=946.078 942.962 935.887 928.78 918.822 449.502 126.594 70.3608 24.1485 46.2123 38.7219 24.2136 469.32 413.046
internal_count=52877 52856 52816 52758 43004 25082 5078 2439 783 1656 1489 1285 17922 16446
is_linear=0
shrinkage=0.02


Tree=245
num_leaves=15
num_cat=0
split_feature=0 9 12 0 13 9 1 19 0 12 19 9 25 24
split_gain=6.17502 5.56171 5.22337 4.78694 4.56203 5.56704 7.42718 4.56691 4.28249 4.6985 4.34526 9.23114 6.76761 6.36163
threshold=-0.4870678102385419 1.0000000180025095e-35 0.21266968548297885 -0.45475108921527857 5.5000000000000009 91.730588750000024 -0.18868017177884042 57.125000000000007 -0.40357812918788522 0.061840122565627105 2.7750000000000004 6.512210650000001 1.0000000180025095e-35 1.5000000000000002
decision_type=8 2 2 8 2 2 10 2 8 2 2 2 2 2
left_child=1 2 -1 -2 5 8 7 -7 -5 -10 12 -12 13 -11
right_child=3 -3 -4 4 -6 6 -8 -9 9 10 11 -13 -14 -15
leaf_value=0.010352566735205675 0.01598826702955234 -0.010930565728586505 -0.0095651026453418466 -0.0090949811307629164 -0.014904362544337342 0.024083773838917161 -0.0053852764923002141 0.0053872373953869623 0.0091666038573226371 0.00052728299890953052 -0.016503254340971069 -0.00090744158365958089 0.0061141312010829889 -0.012066408242534804
leaf_weight=11.746997729176657 7.1020026046317071 34.587166318204254 8.0087337300647032 17.721184799680486 6.5836838027462354 10.478354841470724 9.5953700169920904 10.962946977466343 23.721999820088968 574.22325579862809 16.650319524109364 109.51689711213112 87.282356935087591 15.504906602203844
leaf_count=2500 787 4499 1989 1510 129 86 145 87 2585 35947 243 1201 1055 201
internal_value=0.000281403 -0.00620121 0.00220636 0.00068404 0.000542879 0.000675889 0.00885955 0.0151903 0.000365049 0.000578526 0.000313793 -0.00307922 0.00094972 0.000176309
internal_weight=943.686 54.3429 19.7557 889.343 882.241 875.658 31.0367 21.4413 844.621 826.9 803.178 126.167 677.011 589.728
internal_count=52964 8988 4489 43976 43189 43060 318 173 42742 41232 38647 1444 37203 36148
is_linear=0
shrinkage=0.02


Tree=246
num_leaves=15
num_cat=0
split_feature=13 9 1 11 8 10 1 11 28 6 9 31 10 10
split_gain=4.99779 6.22249 6.27375 4.16283 3.68682 7.55927 5.26901 4.72463 4.53959 4.11707 8.70844 5.03968 4.52288 4.31227
threshold=5.5000000000000009 99.509046000000012 -0.26469009340656113 0.84012067317962658 3.5000000000000004 6.4500000000000011 -0.018028599268244339 0.18702866137027743 1.0000000180025095e-35 209.05000000000004 46.900000000000006 0.94570136070251476 23.550000000000004 75.050000000000011
decision_type=2 2 8 2 2 2 8 2 2 2 2 8 2 2
left_child=1 4 -3 -4 7 -6 9 -1 -8 10 12 -11 -7 -12
right_child=-2 2 3 -5 5 6 8 -9 -10 11 13 -13 -14 -15
leaf_value=0.016510792680123305 -0.016388584529551119 0.020534687785174251 0.01557072779264731 -0.0092272463396548716 -0.007783583381970949 0.013708648943948066 -0.0011063086936458088 -0.00064982044462806837 0.017829760927680051 0.020805418981246979 0.010972577873667948 -0.004786234918744213 0.0016824549445552922 0.04662977926248342
leaf_weight=5.4734301425633012 6.2024064380675545 11.073665078729389 3.1212059110403079 6.9033908229321241 22.323060975642875 23.989003833383322 62.190814076922834 752.73283398489002 4.5057808719575396 2.7749515343457487 3.359060598537325 15.671294642612336 25.687869812361896 2.8458985351026058
leaf_count=484 121 87 24 104 2136 333 2639 46200 33 59 29 205 323 26
internal_value=0.000208794 0.000335252 0.0108231 -0.000794257 8.36683e-05 0.00279954 0.00451777 -0.000504355 0.000417424 0.00814274 0.0108054 -6.44486e-05 0.00764583 0.0315288
internal_weight=948.855 942.652 21.0983 10.0246 921.554 163.348 141.025 758.206 66.6966 74.3281 55.8818 18.4462 49.6769 6.20496
internal_count=52803 52682 215 128 52467 5783 3647 46684 2672 975 711 264 656 55
is_linear=0
shrinkage=0.02


Tree=247
num_leaves=15
num_cat=0
split_feature=0 12 2 6 12 19 15 10 19 24 16 2 9 6
split_gain=6.40852 6.30291 5.48542 4.77961 16.3964 6.49823 9.72274 9.51369 7.38058 6.41329 7.46541 6.28217 5.00147 4.97453
threshold=0.38143193840389439 0.47812971472740179 2.5000000000000004 11.050000000000002 0.90950226783752453 1.6250000000000002 3.5000000000000004 74.050000000000011 79.375000000000014 1.0000000180025095e-35 1.0000000180025095e-35 1.0000000180025095e-35 86.542040000000014 152.60000000000002
decision_type=10 2 2 2 2 2 2 2 2 2 2 2 2 2
left_child=2 -2 3 4 -1 -5 7 -7 9 11 -11 -9 13 -12
right_child=1 -3 -4 5 -6 6 -8 8 -10 10 12 -13 -14 -15
leaf_value=-0.0033982234805956519 0.011911135782660388 -0.0031197315353297221 0.015992261588757158 0.001880796458090236 0.027458888847852931 -0.0084572128133978183 0.011465254337686052 -0.010268437978954272 -0.011355632905379774 0.023619902725025736 0.011899263317428275 0.017405632136122142 0.0129930289321028 -0.012751501204700495
leaf_weight=256.68769055430312 33.80498856306076 15.908790461719034 7.3178375065326682 452.80509695009096 6.0846133750746949 89.468518473207951 16.504372388124466 14.458461673930289 12.9793678317219 10.057956654578446 3.9832969326525953 3.2072194814681998 10.764258926734326 8.8563705366104823
leaf_count=24454 212 79 62 25832 158 1153 104 208 163 71 45 28 117 124
internal_value=0.000218451 0.00713447 -0.00017404 -0.000325468 -0.00258232 0.000628923 -0.00269158 -0.00427526 0.00158338 0.00500979 0.0100299 -0.00458086 0.00351437 -0.00479679
internal_weight=942.889 49.7138 893.175 885.857 262.772 623.085 170.28 153.775 64.3069 51.3276 33.6619 17.6657 23.6039 12.8397
internal_count=52810 291 52519 52457 24612 27845 2013 1909 756 593 357 236 286 169
is_linear=0
shrinkage=0.02


Tree=248
num_leaves=15
num_cat=0
split_feature=2 0 1 12 6 12 6 0 6 1 9 1 1 9
split_gain=4.2993 4.00955 8.77301 7.79034 7.32996 8.08828 12.3225 12.1681 8.55236 7.73615 7.30613 6.36208 5.9545 7.4575
threshold=2.5000000000000004 -0.11303939962476546 0.18137252330780032 0.36349925398826605 11.175000000000002 0.77526396512985241 21.550000000000004 -0.020298910816755472 16.050000000000004 -0.028467108316058542 37.275000000000006 -0.061444652908067533 0.091324129298876525 54.556731250000013
decision_type=2 10 10 2 2 2 2 10 2 8 2 10 10 2
left_child=1 12 4 -4 -3 7 8 9 -7 -6 -9 -10 13 -1
right_child=-2 2 3 -5 5 6 -8 10 11 -11 -12 -13 -14 -15
leaf_value=-0.0037501426991318216 0.014062385736218463 -0.0015134466787570786 0.0075042993515470856 -0.019758870723938966 0.032500687841451666 0.000249566786166722 -0.0092081416249248718 0.0034943698179296084 0.038838347975747242 0.0041939049483998179 0.025417504978029665 0.0016547884678188227 0.0035618978786735845 0.0029331504819436918
leaf_weight=333.04484968323959 7.4970693551003924 165.28682649740949 5.3207652345299747 13.213518645614384 9.6623577121645194 15.409781914437191 38.636616538045928 172.88647498888895 4.2300532259978345 6.5785598750226226 5.3417628686875096 2.9828174002468586 78.389312801882625 82.676126096397638
leaf_count=43874 61 3249 30 116 131 297 922 1560 78 326 33 40 1258 915
internal_value=-9.99044e-05 -0.000228548 0.00115966 -0.0119487 0.00176368 0.00387945 -0.00242802 0.00586861 0.00905117 0.021943 0.00428959 0.0255352 -0.00146332 -0.00241716
internal_weight=941.157 933.66 439.55 18.5343 421.015 255.728 61.2593 194.469 22.6227 16.2409 178.228 7.21287 494.11 415.721
internal_count=52890 52829 6782 146 6636 3387 1337 2050 415 457 1593 118 46047 44789
is_linear=0
shrinkage=0.02


Tree=249
num_leaves=15
num_cat=0
split_feature=7 6 2 1 2 9 1 10 12 6 12 1 2 6
split_gain=5.06092 14.5402 5.92293 5.70154 8.44086 6.77691 10.8442 6.08267 7.02723 7.92382 6.67938 6.49285 5.83463 5.08411
threshold=3.5000000000000004 16.550000000000004 2.5000000000000004 -0.15357812460291256 1.0000000180025095e-35 55.550933500000006 -0.38007472025360822 7.7750000000000012 0.39366516470909124 30.550000000000004 0.61840122938156139 -0.26469009340656113 1.0000000180025095e-35 7.4000000000000012
decision_type=2 2 2 8 2 2 10 2 2 2 2 10 2 2
left_child=1 -1 3 5 -5 6 -2 10 -9 -10 -8 -12 -7 -6
right_child=2 -3 -4 4 13 12 7 8 9 -11 11 -13 -14 -15
leaf_value=-0.00087661419396896671 -0.0084926643215683679 0.0068758659147774397 0.014519003856720992 -0.0049454549628637065 0.023706718070520463 0.0078972600985648157 0.0016218478991805493 0.014981062163320753 -0.014198584445063658 0.0018151006578084393 0.053289720866676007 0.011864313272987046 -0.010747800044728277 0.0023246124968835471
leaf_weight=321.37978279095842 56.62147347535938 137.35306881810538 8.1063847541809064 238.84914308210136 4.4928397538606104 60.15448809787631 9.7702495772391575 9.6666202172636968 16.050205405801535 44.276215994730592 1.5897682737559069 5.7298864349722862 6.6663312874734393 24.884339923271909
leaf_count=26998 677 5836 65 17348 27 553 133 92 233 669 25 82 58 198
internal_value=-5.11914e-05 0.00145453 -0.00147 -0.00177043 -0.00369865 0.000692151 -0.00175633 0.00267033 -1.55778e-06 -0.00260749 0.0130084 0.0261854 0.0059061 0.00626748
internal_weight=945.591 458.733 486.858 478.752 268.226 210.525 143.704 87.0829 69.993 60.3264 17.0899 7.31965 66.8208 29.3772
internal_count=52994 32834 20160 20095 17573 2522 1911 1234 994 902 240 107 611 225
is_linear=0
shrinkage=0.02


Tree=250
num_leaves=15
num_cat=0
split_feature=10 6 19 6 31 12 11 0 27 10 11 29 0 6
split_gain=4.66053 6.35951 6.88249 6.02125 5.38384 5.61091 4.80225 4.49628 4.17963 5.47225 9.87545 9.5545 8.3967 6.11838
threshold=106.87500000000001 350.25000000000006 80.325000000000017 243.05000000000004 0.94570136070251476 0.91817495226860057 0.76319760084152233 -0.28797146518215738 1.5000000000000002 5.0500000000000007 0.65309202671051036 1.0000000180025095e-35 0.092103255071450882 64.050000000000011
decision_type=2 2 2 2 8 2 2 10 2 2 2 2 8 2
left_child=3 2 4 8 -2 6 -6 -3 -1 11 12 -10 -11 -13
right_child=1 7 -4 -5 5 -7 -8 -9 9 10 -12 13 -14 -15
leaf_value=-0.00079938405706809752 -0.0039733737682437096 -0.0091910484175693301 -0.0094693715893437776 -0.011699561496892448 0.0019551432943697255 -0.010300446193974907 0.021290575003885898 0.022693637181960019 -0.010934483171341505 0.031387890176450627 0.0022860881276746746 0.015504805642314197 0.0050190050336488667 -0.014631442080696515
leaf_weight=689.31272702029673 6.7465209565125397 14.088669462478718 6.3055973984301081 17.276572286209557 6.6890726702986312 2.5751981360372147 24.734155880985782 1.0430694711394597 25.539821407932322 8.3700708672404271 115.80445703421719 11.13882438035216 10.92591813975014 2.6086239338619626
leaf_count=35266 754 299 83 809 89 69 329 22 7308 233 5943 783 787 197
internal_value=3.64067e-05 0.00528355 0.00886864 -0.000339525 0.0118654 0.0150322 0.0173619 -0.00572263 -9.9023e-05 0.00265811 0.00456272 -0.00384212 0.01744 0.00918198
internal_weight=943.159 62.1823 47.0505 880.977 40.7449 33.9984 31.4232 15.1317 863.7 174.388 135.1 39.2873 19.296 13.7474
internal_count=52971 1645 1324 51326 1241 487 418 321 50517 15251 6963 8288 1020 980
is_linear=0
shrinkage=0.02


Tree=251
num_leaves=15
num_cat=0
split_feature=12 7 0 1 6 30 12 12 16 1 7 20 3 30
split_gain=5.02881 6.24163 4.64021 9.64421 7.16417 7.12941 7.11481 7.08795 20.1551 17.2185 7.07881 8.66613 7.36116 6.72896
threshold=0.027149322442710403 1.0000000180025095e-35 -0.21857147460742979 0.091324129298876525 11.175000000000002 0.33634993433952337 0.7828054428100587 0.90950226783752453 1.0000000180025095e-35 -0.014845149618024576 3.5000000000000004 1.0000000180025095e-35 1.0000000180025095e-35 0.99547508358955394
decision_type=2 2 10 10 2 8 2 2 2 10 2 2 2 8
left_child=1 -1 3 5 6 -2 -4 -7 9 -9 11 12 -6 -8
right_child=2 -3 4 -5 10 7 13 8 -10 -11 -12 -13 -14 -15
leaf_value=0.028134895287029237 0.013796442199834636 0.0019953487752968012 -0.0028758669813783006 0.0057245072273569998 0.0063993531498734114 -0.0033221025828485762 0.00096768652660443176 0.0052935307964361335 -0.012591287931556288 0.062053950324317375 0.00067539032248535179 -0.0021884583300426437 0.018261880392493678 0.022972995595650657
leaf_weight=4.8864315912942393 9.7575964592397195 10.081255603290627 157.82513914839365 70.56264947168529 86.449644458480179 356.20253944559954 16.026820664526898 5.1631717933341843 7.609595898538827 2.9189643654972315 153.17146560479887 32.828510403633118 27.592314689652994 7.5866937059909096
leaf_count=795 56 1036 3646 1031 745 40196 711 155 222 43 2469 706 856 284
internal_value=0.000626947 0.0117566 0.000436146 -0.00101757 0.00180078 -0.0022758 -0.00133207 -0.00273337 0.0100293 0.0303686 0.00369339 0.00681501 0.00940327 0.00868379
internal_weight=948.663 14.9677 933.695 452.215 481.481 381.652 181.439 371.894 15.6917 8.08214 300.042 146.87 114.042 23.6135
internal_count=52951 1831 51120 41703 9417 40672 4641 40616 420 198 4776 2307 1601 995
is_linear=0
shrinkage=0.02


Tree=252
num_leaves=15
num_cat=0
split_feature=0 1 30 30 30 9 19 27 21 9 30 1 27 1
split_gain=5.93579 6.13009 7.90897 6.30953 5.82539 6.08172 6.46188 6.32699 5.90818 5.5765 7.32369 5.2194 4.92182 6.98931
threshold=-0.19224066551074812 0.0067873299121856698 0.89592760801315319 0.13273002207279208 0.6591252088546754 89.048671000000013 79.375000000000014 3.5000000000000004 1.0000000180025095e-35 37.275000000000006 0.79185521602630626 0.070003046055831866 1.0000000180025095e-35 0.098039224743843092
decision_type=10 10 10 10 8 2 2 2 2 2 10 10 2 10
left_child=1 4 3 12 -1 7 8 -6 -7 -2 -11 -4 13 -3
right_child=9 2 11 -5 5 6 -8 -9 -10 10 -12 -13 -14 -15
leaf_value=0.003636735481430637 0.0010966887793755855 -0.011489615427516087 0.049689358229789614 -0.004025747964322735 -0.004966921117927672 0.015589573900126802 -0.0078889437479937284 0.031702379912454663 -0.0060564633251752129 0.024537817648228159 -0.011408005544377677 -0.0026824148606251386 0.0033988076363194943 0.028086322383797904
leaf_weight=47.34811025345698 461.27990486519411 1.7187596391886453 1.3216449711471789 40.727147882804275 293.92758809740189 17.38580941781402 11.516742782667277 0.91114639648003404 6.3302846010774365 7.5205054916441423 2.4166325349360704 0.98731128964573134 40.318433854728937 6.6652183011174202
leaf_count=1264 8713 28 34 759 40775 137 133 178 126 60 38 20 529 72
internal_value=-0.000150176 -0.00174079 0.00287401 0.00173064 -0.00286713 -0.00380826 0.00396015 -0.00474682 0.00980055 0.00143382 0.0155523 0.0332523 0.00652853 0.0196132
internal_weight=940.375 469.158 91.7385 89.4296 377.42 330.072 35.2328 294.839 23.7161 471.217 9.93714 2.30896 48.7024 8.38398
internal_count=52866 44055 1442 1388 42613 41349 396 40953 263 8811 98 54 629 100
is_linear=0
shrinkage=0.02


Tree=253
num_leaves=15
num_cat=0
split_feature=0 30 1 15 1 0 2 30 10 25 18 11 1 8
split_gain=6.14116 6.46246 6.41109 6.3797 6.84704 6.00101 5.61547 5.57238 5.22665 5.03893 4.80693 4.4044 6.39094 4.07506
threshold=-0.091969242742316562 0.18702866137027743 0.18137252330780032 3.5000000000000004 0.091324129298876525 0.10171535781291881 2.5000000000000004 0.91440421342849743 105.27500000000002 1.0000000180025095e-35 1.5000000000000002 0.62443441152572643 0.22662138938903811 4.5000000000000009
decision_type=10 8 10 2 10 10 2 10 2 2 2 2 10 2
left_child=1 -1 7 4 6 -4 -3 8 -2 13 -5 -11 -13 -6
right_child=2 3 5 10 9 -7 -8 -9 -10 11 -12 12 -14 -15
leaf_value=0.016233024374708957 0.0028194939246203587 -0.0034323308007501415 0.0015203751574448077 -0.011206330590062232 -0.00023547928153448716 -0.02063750247014395 0.016089521884419377 -0.0041230401074451428 0.017859650324550027 -0.0089311169241453863 0.013827153454069301 0.03406771990572828 0.004121918686373338 0.021898206714529453
leaf_weight=7.2490716949105254 368.88027167320251 392.92166569572873 9.7329962961375731 2.960230953991414 63.318937311880291 8.572344742715357 5.0101591423153868 45.748322968836874 8.5267995316535217 2.1612757947295895 15.826839111745358 4.8218726944178325 6.2083646124228835 2.5106741543859235
leaf_count=35 5387 45096 105 25 1148 39 37 798 110 22 97 63 71 26
internal_value=0.000177078 -0.00133262 0.00189631 -0.00162164 -0.00207933 -0.00938761 -0.00314683 0.00240543 0.0032056 0.00326849 0.00951569 0.01408 0.0189564 0.000923718
internal_weight=944.45 502.989 441.461 495.74 476.953 18.3053 397.932 423.155 377.407 79.0211 18.7871 13.1915 11.0302 65.8296
internal_count=53059 46620 6439 46585 46463 144 45133 6295 5497 1330 122 156 134 1174
is_linear=0
shrinkage=0.02


Tree=254
num_leaves=15
num_cat=0
split_feature=9 1 19 15 30 19 1 10 30 1 10 21 9 10
split_gain=5.86072 10.2693 9.39226 8.4283 5.8189 7.25735 7.9671 5.55828 6.89612 4.91923 4.78607 4.63356 4.45634 4.36045
threshold=54.556731250000013 -0.40952194303362016 2.5500000000000003 1.5000000000000002 0.91817495226860057 39.125000000000007 -0.14573840793352985 2.1000000000000005 0.98190042376518261 -0.054931899939552123 136.62500000000003 1.0000000180025095e-35 61.125000000000007 86.050000000000011
decision_type=2 8 2 2 8 2 10 2 10 10 2 2 2 2
left_child=2 11 7 -3 5 6 -5 8 -1 10 12 13 -6 -2
right_child=1 3 -4 4 9 -7 -8 -9 -10 -11 -12 -13 -14 -15
leaf_value=-0.0074132431204511342 0.0056441453055221255 -0.013284439579737151 -0.006531642046837885 0.045010550082784179 0.012172923871993318 0.0016969454242596904 -0.0016331545963294634 0.0005157920325022684 0.032749960374580722 0.015932447061507437 0.011909302748002186 -0.0030339950166976175 -0.011471852791819077 0.024154838082439314
leaf_weight=51.27206197072519 8.5937968380749279 13.708375283516942 97.066829168237746 3.5135474950075141 2.9251091722399059 8.2129331603646261 2.0679230261594057 704.82503663975513 0.79285851318854739 4.9431483615189782 5.1160771064460269 4.7912556491792193 19.677287163212895 14.938044309616087
leaf_count=13467 54 242 1218 34 31 97 25 37064 165 57 57 46 243 89
internal_value=-0.000198443 0.00467158 -0.000707952 -5.74099e-05 0.00404334 0.0144501 0.0301068 4.65364e-05 -0.00619599 -0.000650582 -0.0040597 0.0143763 -0.00802574 0.0179004
internal_weight=942.444 88.4875 853.957 60.1644 46.456 13.7944 5.58147 756.89 52.0649 32.6616 27.7185 28.3231 22.6024 23.5318
internal_count=52889 975 51914 786 544 156 59 50696 13632 388 331 189 274 143
is_linear=0
shrinkage=0.02


Tree=255
num_leaves=15
num_cat=0
split_feature=25 11 30 11 6 7 31 13 11 12 31 1 6 31
split_gain=5.04812 10.0312 10.3374 4.94788 8.72297 12.947 8.61159 8.03714 6.9658 6.78796 6.15338 6.51507 5.94941 12.5379
threshold=1.5000000000000002 0.93363499641418468 0.98642531037330639 0.93363499641418468 11.550000000000002 1.0000000180025095e-35 0.47058823704719549 1.5000000000000002 0.59879338741302501 0.44645550847053533 0.87820512056350719 0.13913501197229092 7.9500000000000011 0.96870285272598278
decision_type=2 2 8 2 2 2 8 2 2 2 8 10 2 8
left_child=3 -2 -3 4 6 10 9 -7 -8 -1 11 -6 13 -5
right_child=1 2 -4 12 5 7 8 -9 -10 -11 -12 -13 -14 -15
leaf_value=0.0023759871145328771 0.00033909203544381448 -0.0018337248200176719 0.034409918152561593 -0.0070428422924247993 0.021081596475869106 -0.0026817458382680064 -0.014395880549699659 0.0032706005942191203 -0.0032679205454785956 0.033618265299884244 -0.010891855644060875 -0.0052435653839028326 -0.0039233964415733126 0.023868391055468115
leaf_weight=51.907103127276059 34.181328061036766 4.901250854134557 7.3384596742689618 10.650117952493021 23.688086316629786 145.16346453811275 25.777917231607717 238.48372495640069 148.09887935261941 1.9549656794406463 2.8174970609252332 4.0224953331053248 228.78481427405495 8.7333894337643851
leaf_count=8638 406 53 67 2432 1453 14586 3205 2756 9003 353 274 46 9303 222
internal_value=-0.000284894 0.00607397 0.0208543 -0.000622976 0.000305085 0.00203247 -0.00283156 0.00101725 -0.00499057 0.00410206 0.0143538 0.0172107 -0.0030151 0.00737216
internal_weight=936.503 46.421 12.2397 890.082 641.914 414.175 227.739 383.647 173.877 53.8621 30.5281 27.7106 248.168 19.3835
internal_count=52797 526 120 52271 40314 19115 21199 17342 12208 8991 1773 1499 11957 2654
is_linear=0
shrinkage=0.02


Tree=256
num_leaves=15
num_cat=0
split_feature=12 4 13 0 31 30 0 0 8 0 23 6 10 12
split_gain=5.67621 6.2187 3.83576 3.26222 3.11649 4.14476 4.00473 3.10388 3.0137 2.8247 2.70545 2.76612 6.04825 5.1284
threshold=0.061840122565627105 1.0000000180025095e-35 5.5000000000000009 -0.79298642277717579 0.49472096562385565 0.15535445511341098 -0.78695324063301075 0.49472098052501684 2.5000000000000004 -0.7600824641449716 1.5000000000000002 243.05000000000004 65.550000000000011 0.92609351873397838
decision_type=2 2 2 8 8 10 10 10 2 10 2 2 2 2
left_child=1 3 7 -1 5 9 8 10 -7 -5 11 12 -2 -14
right_child=2 -3 -4 4 -6 6 -8 -9 -10 -11 -12 -13 13 -15
leaf_value=-0.015056080775487131 -0.0010969350689673876 0.01959687514157089 -0.01573886838920099 0.0041228159670365057 -0.0046208764567453701 0.029367891211205515 -0.0077295881270290825 0.0081611840605468489 -0.010437937399183767 0.035225916849566101 0.015640736214945581 -0.0051395711782775697 0.0053054650235183423 -0.016441706810563551
leaf_weight=3.006666193716228 732.4607187799993 10.510015307110733 5.6952797221019855 2.2311715891701187 8.234841423458418 1.6117421108065175 5.7349965334869921 15.102402348071335 0.48571124847512681 2.4113162725698238 3.0362948924303046 53.487596937455237 89.232828541076742 3.5991267384961239
leaf_count=1002 43962 146 115 1221 1057 133 404 87 61 131 17 1736 2673 125
internal_value=-0.00034882 0.00752803 -0.000655504 0.0016032 0.00460392 0.0105843 0.00103424 -0.000542306 0.0197561 0.0236577 -0.000700442 -0.000774616 -0.000485844 0.00429608
internal_weight=936.841 34.2265 902.614 23.7164 20.7098 12.4749 7.83245 896.919 2.09745 4.64249 881.817 878.78 825.293 92.832
internal_count=52870 4155 48715 4009 3007 1950 598 48600 194 1352 48513 48496 46760 2798
is_linear=0
shrinkage=0.02


Tree=257
num_leaves=15
num_cat=0
split_feature=25 30 6 9 23 1 1 30 9 9 24 19 7 6
split_gain=3.99398 11.7485 5.4064 7.37673 5.24232 4.38917 5.29161 4.09298 3.94534 3.81307 5.364 8.28007 4.73893 12.4256
threshold=1.5000000000000002 0.98642531037330639 7.4000000000000012 2.7685412500000006 1.5000000000000002 -0.3709934144549189 -0.1092857224025537 0.11613876372575761 5.2572135000000006 90.137032500000018 1.5000000000000002 91.250000000000014 3.5000000000000004 11.175000000000002
decision_type=2 8 2 2 2 10 10 8 2 2 2 2 2 2
left_child=4 8 -3 -4 7 -5 -7 -1 -2 12 -11 -12 13 -9
right_child=1 2 3 5 -6 6 -8 9 -10 10 11 -13 -14 -15
leaf_value=0.014186745999861963 0.00068972087367982977 0.0047544716689048531 0.048200681350697744 -0.0099370597423924355 0.023544007206815955 0.029931136656515728 0.00081533794350611218 -0.0023114996605474109 -0.017997200352729489 -0.00098662543527413215 0.020980203047998327 -0.0098630209221002973 -0.001868902619854035 0.004301705251197452
leaf_weight=7.2244735658168784 12.386757396161558 14.091144087724389 2.5979307293891898 2.0240520983934394 2.8458156120032063 5.4676425307989103 4.1603696271777153 217.82484840636607 6.0526301581412545 19.886334978044033 13.595534790307285 3.9117767866700879 393.92742171412101 235.56604700983735
leaf_count=41 146 165 36 16 19 51 48 21615 74 231 129 52 19171 11257
internal_value=0.000544635 0.00617866 0.0140729 0.0223714 0.000243511 0.013258 0.0186104 0.000142885 -0.00605443 1.23158e-05 0.0061772 0.0139281 -0.000266712 0.0011264
internal_weight=941.563 46.7805 28.3411 14.25 894.782 11.6521 9.62801 891.936 18.4394 884.712 37.3936 17.5073 847.318 453.391
internal_count=53051 536 316 151 52515 115 99 52496 220 52455 412 181 52043 32872
is_linear=0
shrinkage=0.02


Tree=258
num_leaves=15
num_cat=0
split_feature=30 30 0 15 19 9 30 1 16 19 19 11 1 19
split_gain=4.95286 4.39446 5.24889 3.90388 8.83215 8.09966 5.82742 5.31991 4.63594 7.92936 5.85097 3.90832 4.64496 3.8168
threshold=0.94117647409439098 0.11613876372575761 -0.68476620316505421 2.5000000000000004 2.5500000000000003 89.048671000000013 0.91440421342849743 -0.31862744688987726 1.0000000180025095e-35 39.125000000000007 15.050000000000002 0.98190042376518261 -0.28848253649414074 4.0500000000000007
decision_type=10 8 8 2 2 2 8 10 2 2 2 2 8 2
left_child=1 -1 -3 4 -4 11 -7 -8 10 -10 -5 13 -13 -6
right_child=-2 2 3 8 5 6 7 -9 9 -11 -12 12 -14 -15
leaf_value=0.016355314694036355 -0.0042503079515504244 -0.010868311953125279 0.0012925278000956283 -0.0014475555243454294 -0.018788319607243784 0.030715187525743981 0.013975394023249835 -0.010654866439674306 0.012900714671954186 -0.012291838547382907 0.015055797756255878 -0.0099194993666287187 0.02423321928924068 -0.006549452069192524
leaf_weight=6.1836762726306906 85.283900986076333 14.55752309784293 682.64999498194084 12.416958993300794 11.662644390016792 2.5635375250130865 5.8561979774385691 6.1961283851414919 7.4085220489650991 11.363635400310157 25.755896486341953 2.2133703306317329 2.3991117663681498 67.095414189621806
leaf_count=38 5438 2913 42758 116 163 33 52 80 84 124 173 29 28 864
internal_value=0.00031804 0.000776374 0.000644285 0.0008571 0.000484669 -0.00509971 0.00823515 0.00146673 0.00586614 -0.00219985 0.00978763 -0.00750737 0.00899716 -0.00857465
internal_weight=943.607 858.323 852.139 837.581 780.636 97.9864 14.6159 12.0523 56.945 18.7722 38.1729 83.3705 4.61248 78.7581
internal_count=52893 47455 47417 44504 44007 1249 165 132 497 208 289 1084 57 1027
is_linear=0
shrinkage=0.02


Tree=259
num_leaves=15
num_cat=0
split_feature=11 12 12 31 10 11 10 12 12 10 7 10 10 15
split_gain=4.51878 4.4487 8.88036 7.51897 10.1618 10.2123 5.09312 8.60584 6.41881 5.21037 7.54915 7.21453 4.36776 4.98409
threshold=0.18702866137027743 0.38612368702888494 0.4102564156055451 0.97285065054893505 5.7250000000000005 0.94570136070251476 6.9500000000000011 0.81598794460296642 0.76923078298568737 28.625000000000004 4.5000000000000009 10.050000000000002 121.77500000000002 1.0000000180025095e-35
decision_type=2 2 2 8 2 2 2 2 2 2 2 2 2 2
left_child=-1 -2 -3 12 5 -5 7 -6 9 11 -11 -8 -4 -14
right_child=1 2 3 4 6 -7 8 -9 -10 10 -12 -13 13 -15
leaf_value=0.01699384102729716 -0.0023366923464775095 0.013934425018064729 -0.0039478634384435621 0.0038527551372114555 -0.012406627013567153 0.021219641863678026 0.0055715928433920925 0.01130611843963741 -0.002952389757462003 0.016583777261074278 0.0033621259100711609 -0.0039846848811734047 0.030497171159633216 -0.011460526384863315
leaf_weight=5.0519999904208808 302.05712831404526 18.394469056394883 162.02399445348419 51.718275889521465 25.960475770116318 17.657695776899345 54.173243996920064 7.0688586455071336 112.39086124493042 20.88329060311662 85.946195990080014 72.961727095593233 2.1136606094078156 1.118250075727701
leaf_count=487 25222 1489 16607 2389 468 298 920 124 1989 279 1259 1176 239 25
internal_value=-0.000232917 -0.000344116 0.00060978 0.000188598 0.00153172 0.00851172 0.000236301 -0.00714857 0.000959094 0.00284264 0.00607655 9.90259e-05 -0.00344598 0.016702
internal_weight=939.52 934.468 632.411 614.017 448.761 69.376 379.385 33.0293 346.355 233.964 106.829 127.135 165.256 3.23191
internal_count=52971 52484 27262 25773 8902 2687 6215 592 5623 3634 1538 2096 16871 264
is_linear=0
shrinkage=0.02


Tree=260
num_leaves=15
num_cat=0
split_feature=0 1 30 1 7 0 1 11 6 0 30 1 15 0
split_gain=7.46992 4.19252 8.68519 5.01133 6.33631 6.18411 7.24997 8.64913 14.1993 5.9501 5.43812 5.36215 14.1343 7.57533
threshold=-0.68970232930396824 0.33900782566580501 0.51131224632263195 0.18137252330780032 4.5000000000000009 -0.40357812918788522 0.0067873299121856698 0.89140272140502941 209.05000000000004 -0.44337585108732602 0.42232277989387518 -0.041855216026306145 1.0000000180025095e-35 -0.4870678102385419
decision_type=8 10 8 10 2 10 10 2 2 10 8 8 2 10
left_child=-1 3 -3 5 -5 6 9 -8 -9 10 -2 12 -12 -13
right_child=1 2 -4 4 -6 -7 7 8 -10 -11 11 13 -14 -15
leaf_value=-0.011897500062246477 0.010812331251634354 -0.0048077193634105102 0.014150034932163342 -0.013360980372795535 0.0043049368019696058 0.0018348482105885109 -0.0015781731479524647 0.030751197988327428 -0.018630835949121342 -0.016093535637678732 0.030814748937020464 -0.0084197159883021375 -0.0016740917149099463 0.014440725040964671
leaf_weight=18.863877905532718 11.589934350922702 15.181066840887068 23.806784006766975 22.035221371799707 11.934102017432449 528.63832521555014 16.636374097317461 9.2895176447927934 2.2778399214148513 11.658802140038459 4.5272051440551868 78.225546481204219 172.68147015757859 5.3579945992678395
leaf_count=4126 80 151 284 428 140 14530 244 132 35 1116 53 28213 2461 971
internal_value=0.000236519 0.000499725 0.00683265 0.000210019 -0.00720897 0.000517933 -0.00171038 0.00779054 0.0203182 -0.00267779 -0.00204679 -0.00265738 -0.000675833 -0.00680088
internal_weight=932.704 913.84 38.9879 874.852 33.9693 840.883 312.245 28.2037 11.5674 284.041 272.382 260.792 177.209 83.5835
internal_count=52964 48838 435 48403 568 47835 33305 411 167 32894 31778 31698 2514 29184
is_linear=0
shrinkage=0.02


Tree=261
num_leaves=15
num_cat=0
split_feature=0 21 9 31 1 31 10 31 0 12 26 0 12 12
split_gain=6.03362 8.7611 8.55102 8.89124 8.41922 15.7651 6.13523 13.9207 12.5484 12.3442 8.64149 6.05206 5.73982 5.71372
threshold=-0.19613624967013626 1.5000000000000002 1.0000000180025095e-35 0.27300152182579046 0.59321741166686104 0.4177978932857514 6.4500000000000011 0.66817498207092296 0.036199107766151435 0.90950226783752453 1.0000000180025095e-35 -0.029817743232377375 0.89894419908523571 0.61085975170135509
decision_type=8 2 2 8 8 8 2 8 8 2 2 10 2 2
left_child=1 2 3 -1 5 -4 9 8 -8 10 -2 -11 -9 -7
right_child=6 -3 4 -5 -6 13 7 12 -10 11 -12 -13 -14 -15
leaf_value=0.012788549656999817 -0.0035459914923783322 0.040593955254786568 0.023630900647425727 -0.005087441739566427 -0.014106069755497812 -0.011091204720384466 0.033319056527595189 0.001428761645685911 0.0064811891418402505 0.042873233301608089 0.016263775292254576 0.0038273886232033363 -0.0071461735221840499 -0.00028118925782737652
leaf_weight=20.448987351031974 232.90603194147116 0.77956988848745723 7.0601749978959552 22.301460957620293 40.568610234884545 38.722544140182436 8.5650141220539791 445.8688559771399 28.326325441652443 2.5076361658866517 8.174562528729437 3.2984746382571748 32.581138638081029 38.633105354383588
leaf_count=3483 21477 12 51 4073 7784 910 338 8138 4400 72 52 63 914 1243
internal_value=-0.000242278 -0.00365526 -0.00410027 0.00356011 -0.00672794 -0.00305852 0.00051607 0.00175709 0.013427 -0.00207103 -0.00280987 0.0245126 0.000831145 -0.00576494
internal_weight=930.742 168.514 167.735 42.7504 124.984 84.4158 762.228 515.341 36.8913 246.887 241.081 5.80611 478.45 77.3556
internal_count=53010 17556 17544 7556 9988 2204 35454 13790 4738 21664 21529 135 9052 2153
is_linear=0
shrinkage=0.02


Tree=262
num_leaves=15
num_cat=0
split_feature=15 0 1 12 31 9 12 1 11 25 1 1 31 11
split_gain=5.24036 6.73974 7.35918 10.5509 7.25943 6.75747 12.2102 5.90389 7.5184 5.85093 6.90318 8.04867 5.06792 5.74192
threshold=3.5000000000000004 -0.18061840534210202 0.0067873299121856698 0.90950226783752453 0.092006035149097457 8.2947350000000011 0.79185521602630626 -0.063588850174216019 0.55505281686782848 1.5000000000000002 -0.29826542735099787 -0.10369533300399779 0.35746607184410101 0.81598794460296642
decision_type=2 10 10 2 8 2 2 10 2 2 8 10 10 2
left_child=1 2 9 12 -3 7 -7 -6 -9 -1 -11 -12 13 -4
right_child=-2 4 3 -5 5 6 -8 8 -10 10 11 -13 -14 -15
leaf_value=-0.0036005264953990397 0.010960627248241643 0.039846953807403392 -0.0018734010599071307 0.038309003267173396 0.0020557043876340457 0.014144154556760666 -0.0070504462572312868 0.013704843501603366 -0.0058272423139176625 -0.0089810227021515591 0.0211734270479653 -0.0043777031748528502 -0.0061899249299712045 0.0097553659909097833
leaf_weight=327.94293675618246 17.479419272392988 1.0083527443930496 29.174086056649685 2.3573260698467484 327.87936200387776 38.518327485769987 14.293247277848421 7.8299956787377587 76.001316568814218 8.1311001256108266 12.511087948456412 7.3006916437298051 21.222335007973015 38.747710226103663
leaf_count=42450 116 10 367 45 6642 315 276 54 1200 83 162 101 493 546
internal_value=0.000416298 0.000202637 -0.00154855 0.00348412 0.00188528 0.00171746 0.0083835 0.000844144 -0.00386286 -0.00284863 0.00579526 0.0119998 0.00214846 0.00480581
internal_weight=930.397 912.918 447.387 91.5015 465.531 464.522 52.8116 411.711 83.8313 355.886 27.9429 19.8118 89.1441 67.9218
internal_count=52860 52744 44247 1451 8497 8487 591 7896 1254 42796 346 263 1406 913
is_linear=0
shrinkage=0.02


Tree=263
num_leaves=15
num_cat=0
split_feature=2 12 13 11 6 9 6 12 12 12 28 11 13 6
split_gain=6.66234 3.73883 3.66362 3.4728 14.6789 5.56246 3.56422 3.38223 10.923 8.51978 6.1049 5.82412 5.39843 14.2795
threshold=1.5000000000000002 0.018099547829478983 1.0000000180025095e-35 0.57918554544448864 7.9500000000000011 0.17660275 240.05000000000004 0.38612368702888494 0.4102564156055451 0.33634993433952337 1.0000000180025095e-35 0.90950226783752453 2.5000000000000004 40.850000000000001
decision_type=2 2 2 2 2 2 2 2 2 2 2 2 2 2
left_child=1 -1 -3 4 5 -4 -6 9 11 -5 12 -9 -10 -14
right_child=-2 2 3 7 6 -7 -8 8 10 -11 -12 -13 13 -15
leaf_value=0.01194113858317869 0.011355341512882675 -0.0057875997741719479 0.0087057803101844803 0.00011010291396586323 0.0097034746508254787 -0.012061314586093242 -0.0052731960460690574 0.024187931387559935 0.0019184565571674641 -0.009809853396815775 -0.010120950096922588 -0.0058394891208395777 -0.012382632412724415 0.0014067027644870367
leaf_weight=9.9450444512767699 21.434675223659724 38.349318480060901 5.7203479735180762 137.51932182488963 70.428769371006638 24.077594302594662 6.3541277311742297 10.669523873832075 392.75571045000106 45.278149613644928 20.682657349854708 2.8837282357271752 41.274605760350823 103.2060277024284
leaf_count=1212 147 22380 149 7931 1140 824 73 372 14094 1632 259 278 764 1589
internal_value=0.000588247 0.000322196 0.00018057 0.000452848 0.00381448 -0.0079214 0.00841223 -2.65835e-05 0.000731307 -0.00238703 0.000284603 0.0178367 0.000703258 -0.00259061
internal_weight=930.58 909.145 899.2 860.851 106.581 29.7979 76.7829 754.27 571.472 182.797 557.919 13.5533 537.236 144.481
internal_count=52844 52697 51485 29105 2186 973 1213 26919 17356 9563 16706 650 16447 2353
is_linear=0
shrinkage=0.02


Tree=264
num_leaves=15
num_cat=0
split_feature=23 0 2 12 9 19 21 3 9 0 19 16 12 12
split_gain=4.73211 4.22518 5.40862 4.11985 7.88234 8.39839 5.18768 10.9562 5.82793 5.37171 5.00059 4.9501 6.22454 6.09525
threshold=1.5000000000000002 -0.08431214635731929 1.0000000180025095e-35 0.87028658390045177 27.050000000000004 42.125000000000007 1.0000000180025095e-35 1.0000000180025095e-35 89.048671000000013 -0.41314948763357856 90.250000000000014 1.0000000180025095e-35 0.34238311648368841 0.11613876372575761
decision_type=2 10 2 2 2 2 2 2 2 10 2 2 2 2
left_child=1 3 -3 6 -5 -6 8 -8 11 -9 -10 12 13 -1
right_child=-2 2 -4 4 5 -7 7 9 10 -11 -12 -13 -14 -15
leaf_value=0.0010812808871802837 0.021060870066049554 0.0014261244300195633 0.013372726421499172 0.012435043172877228 -0.017041660065471267 0.014670577332787822 -0.0061199296681470781 0.017513402485883327 0.010569312386335886 0.0011687607191144492 -0.0096492418075241875 -0.010734496709680333 -0.00019566774241395972 -0.0086965088427992578
leaf_weight=36.049498047214001 3.4647316485643378 419.44085207441822 14.751595035195349 23.003023221273907 8.8105560210533422 4.1572174169123164 23.347051875665784 20.691933799535036 22.677589252591137 13.023401868529616 5.3283339794725171 28.021916665136814 230.96329024963779 84.507718403183389
leaf_count=7315 23 6056 102 776 207 69 458 206 174 388 53 511 22106 14239
internal_value=0.000518742 0.000420177 0.0018618 -0.000831474 0.00559766 -0.00655286 -0.00134018 0.00425899 -0.00213265 0.0114154 0.00652254 -0.00278676 -0.00212454 -0.00578787
internal_weight=938.239 934.774 434.192 500.582 35.9708 12.9678 464.611 57.0624 407.548 33.7153 28.0059 379.542 351.521 120.557
internal_count=52683 52660 6158 46502 1052 276 45450 1052 44398 594 227 44171 43660 21554
is_linear=0
shrinkage=0.02


Tree=265
num_leaves=15
num_cat=0
split_feature=1 28 10 12 31 31 10 1 7 6 9 16 1 9
split_gain=3.78332 7.48755 4.31664 4.73012 4.4003 4.24694 5.27595 4.04099 4.10349 11.2452 8.72532 6.35162 6.36422 6.54902
threshold=0.33900782566580501 1.0000000180025095e-35 53.775000000000006 0.26546004414558416 0.56259429454803478 0.31372550129890447 4.4500000000000011 0.17719449739902216 3.5000000000000004 16.550000000000004 0.95188300000000214 1.0000000180025095e-35 -0.39459930313588848 55.550933500000006
decision_type=10 2 2 2 10 8 2 10 2 2 2 2 10 2
left_child=7 2 3 -2 -5 -3 -7 8 9 -1 -10 -12 13 -13
right_child=1 5 -4 4 -6 6 -8 -9 10 -11 11 12 -14 -15
leaf_value=-0.00047496875060831133 -0.0017054990885773569 0.010950354644391961 -0.0050099104823854244 0.024391850465642434 -0.0061532879457300276 0.013952507073583007 -0.015023589237815828 -0.0062510386047261307 -0.0061853621794905568 0.006647567456702576 0.0020120794529331983 -0.013303868138264353 -0.008156795236166756 0.011028885816105916
leaf_weight=287.74572114541661 4.4361513722688022 4.8387015238404301 4.0642753113061181 14.903807168826463 1.7372472062706936 2.3333373181521884 11.0467048343271 38.418353479355574 100.78660207526991 127.08038875384955 255.44474687514594 5.1010078061372068 53.974798986688256 15.580427486449478
leaf_count=26465 32 24 36 159 54 15 124 627 13258 5733 5140 63 1055 122
internal_value=0.000294507 0.00599404 0.0128699 0.0163883 0.021035 -0.0036704 -0.0093516 8.53076e-06 0.000299932 0.00171773 -0.00106584 0.000511221 -0.00458285 0.00469049
internal_weight=927.492 43.3602 25.1415 21.0772 16.6411 18.2187 13.38 884.132 845.714 414.826 430.888 330.101 74.6562 20.6814
internal_count=52907 444 281 245 213 163 139 52463 51836 32198 19638 6380 1240 185
is_linear=0
shrinkage=0.02


Tree=266
num_leaves=15
num_cat=0
split_feature=2 0 31 24 10 6 0 19 2 2 10 24 0 19
split_gain=6.04773 3.74695 4.662 3.55404 6.02972 7.98442 16.5566 7.227 6.43302 6.0159 5.00519 4.31448 6.833 4.38673
threshold=1.5000000000000002 -0.64683416631962387 0.11161387711763383 1.5000000000000002 53.775000000000006 10.050000000000002 -0.029817743232377375 73.90000000000002 1.0000000180025095e-35 1.0000000180025095e-35 1.5000000000000002 2.5000000000000004 -0.31459394264272306 4.3250000000000011
decision_type=2 8 8 2 2 2 8 2 2 2 2 2 10 2
left_child=1 -1 -3 10 5 6 -5 9 -8 11 -4 12 -6 -13
right_child=-2 2 3 4 7 -7 8 -9 -10 -11 -12 13 -14 -15
leaf_value=-0.0076510914567262311 0.010327030625455588 0.010193309494491124 -0.017253714439833426 0.036660921027729561 0.026489521780108511 -0.002977854984044374 -0.0023670300332610064 -0.0072691951776341322 0.020545715224207974 -0.0077069472598027509 -0.00054565887305191383 -0.012270015070179123 -0.0005539786825882574 0.010466535005100945
leaf_weight=24.24713086662814 22.015164793469012 17.154574537009466 6.2499744785018256 5.5722988641355187 14.689723301678898 98.849264825694263 26.815774326212708 10.082430673763154 4.9579414352774611 5.5846923049539319 680.71010937704705 3.15667746216059 4.8526799343526354 20.664453022181988
leaf_count=5093 147 2938 8918 191 146 1278 308 106 23 55 33653 34 45 203
internal_value=0.000200175 -5.21224e-05 0.000161024 -4.53798e-05 0.0023289 1.30685e-06 0.00775872 0.00760965 0.00172606 0.0107586 -0.000722528 0.0132568 0.0200741 0.00708063
internal_weight=945.603 923.588 899.341 882.186 195.226 136.195 37.346 59.0307 31.7737 48.9482 686.96 43.3635 19.5424 23.8211
internal_count=53138 52991 47898 44960 2389 1800 522 589 331 483 42571 428 191 237
is_linear=0
shrinkage=0.02


Tree=267
num_leaves=15
num_cat=0
split_feature=2 15 12 9 7 4 11 15 19 18 16 9 12 19
split_gain=7.10036 7.99902 6.15388 5.73541 6.33574 6.17787 4.80032 4.29936 7.22973 5.98404 5.69887 5.65473 8.84674 3.89814
threshold=1.0000000180025095e-35 1.5000000000000002 0.11161387711763383 1.0000000180025095e-35 3.5000000000000004 1.0000000180025095e-35 0.97737553715705883 2.5000000000000004 14.125000000000002 1.5000000000000002 1.0000000180025095e-35 96.589932000000019 0.76319760084152233 38.625000000000007
decision_type=2 2 2 2 2 2 2 2 2 2 2 2 2 2
left_child=2 6 3 4 -1 -5 -2 9 -9 11 -10 13 -13 -4
right_child=1 -3 7 5 -6 -7 -8 8 10 -11 -12 12 -14 -15
leaf_value=0.021419326137099921 0.0090022555061691177 -0.00235266834492862 -0.00084719409843408684 -0.00767966715053539 0.00025760996105759002 0.0086772013552348891 0.030649620801525727 -0.0078385742523177579 0.014166167050897214 -0.012628594515142474 -0.00063697679468959194 0.023938531349160776 -0.011849398322529887 -0.015003912173983794
leaf_weight=14.156525278231131 38.965895922388881 25.610232945531607 718.36266107484698 16.818835006793961 9.0706308248918486 18.186827447731048 3.9189704172313204 13.33301144838333 26.463172862306237 16.457689957693219 16.611829709261656 7.5657133813947421 3.3448809403926134 6.870401792228221
leaf_count=3105 294 220 44049 2244 1782 192 29 149 184 277 192 59 81 89
internal_value=0.000294509 0.00644567 -0.000198176 0.00602507 0.013507 0.000823349 0.0116338 -0.000653014 0.00462443 -0.00105417 0.00857242 -0.000778627 0.0128933 -0.00100178
internal_weight=935.737 68.4951 867.242 58.2328 23.2272 35.0057 42.8849 809.009 56.408 752.601 43.075 736.144 10.9106 725.233
internal_count=52946 543 52403 7323 4887 2436 323 45080 525 44555 376 44278 140 44138
is_linear=0
shrinkage=0.02


Tree=268
num_leaves=15
num_cat=0
split_feature=12 30 16 1 6 11 12 10 11 10 3 11 19 10
split_gain=3.76215 4.56829 4.19333 4.73655 3.88836 7.66126 4.31704 3.87718 3.36036 3.2287 3.82025 3.33204 3.1784 5.21466
threshold=0.16138763725757602 0.7828054428100587 1.0000000180025095e-35 -0.019519814846503513 9.4500000000000011 0.66365009546279918 0.027149322442710403 2.2250000000000005 0.80392158031463634 2.1000000000000005 1.0000000180025095e-35 0.93363499641418468 90.250000000000014 106.87500000000001
decision_type=2 10 2 10 2 2 2 2 2 2 2 2 2 2
left_child=1 2 3 4 6 -6 7 -1 -8 -3 -11 -12 13 -2
right_child=12 9 -4 -5 5 -7 8 -9 -10 10 11 -13 -14 -15
leaf_value=-0.01275550335056257 -0.00096214607168804036 0.037585561760729927 0.014054856238909699 -0.016294168448009218 0.01150471089722478 -0.0062446499446127245 -0.012856512113300423 0.021361569066546137 0.0082022945395607092 0.019099622030102539 0.0093198738827007122 -0.015680857781640328 -0.012323465692130536 0.005477337158616963
leaf_weight=1.1811014892300615 780.04270711506251 1.0755993223283429 8.4746940433979017 5.5801755841821423 26.073803176928777 14.386905129475052 15.373284247471021 3.1135985975852236 2.9951214180327943 6.3473995665553948 3.9940126618603236 2.7317161477403715 8.2741480357944948 52.772713956539519
leaf_count=407 41010 312 72 57 2051 2453 2516 179 496 36 1103 903 104 1364
internal_value=-0.000258414 0.00357453 0.0015817 -0.000136439 0.00152374 0.00519505 -0.00497324 0.0113419 -0.0091765 0.0136231 0.0091209 -0.00154975 -0.000678355 -0.000548018
internal_weight=932.417 91.3274 77.1787 68.704 63.1238 40.4607 22.6631 4.2947 18.3684 14.1487 13.0731 6.72573 841.09 832.815
internal_count=53063 10585 8231 8159 8102 4504 3598 586 3012 2354 2042 2006 42478 42374
is_linear=0
shrinkage=0.02


Tree=269
num_leaves=15
num_cat=0
split_feature=30 30 11 13 30 22 6 30 13 11 19 11 6 24
split_gain=4.52483 3.91795 6.77489 4.03835 6.45992 4.67662 4.50911 4.6002 3.56343 3.78594 5.37676 3.89428 3.5594 3.53275
threshold=0.69079941511154186 0.64856714010238659 0.6591252088546754 1.0000000180025095e-35 0.63084465265274059 1.0000000180025095e-35 3.7250000000000005 0.49472096562385565 4.5000000000000009 0.92609351873397838 35.125000000000007 0.76319760084152233 4.2750000000000012 2.5000000000000004
decision_type=10 10 2 2 8 2 2 8 2 2 2 2 2 2
left_child=1 3 -3 4 -1 8 7 -7 -5 10 -10 -12 -4 -6
right_child=-2 2 12 5 13 6 -8 -9 9 -11 11 -13 -14 -15
leaf_value=0.0044661170252730843 -0.0026102948107579564 0.039024501105459491 0.026256780507239813 0.0015484829897685875 -0.015954686649675177 -0.0057125019216220643 -0.0052417908482025009 0.025138238539110201 0.017677651545905861 -0.019299715193126996 -0.020334366801689381 0.0051152472456429121 0.00054081739229420078 0.0071662820802553106
leaf_weight=12.936175091192124 286.29148007766344 1.6612290800549114 1.521589233540001 496.35314070177265 18.665843567112464 3.0355717316269866 76.311067039147019 3.1765722148120403 3.4292922504246262 5.7802002299576989 4.3234604522585851 3.7938282247632742 15.036059481557457 2.4682780504226676
leaf_count=259 16267 68 115 13581 20919 31 903 44 37 99 45 42 400 39
internal_value=-0.000520739 0.000404341 0.00929995 0.000132877 -0.00646322 0.000520005 -0.0038709 0.0113612 0.00123156 -0.00743633 -0.000432635 -0.00918339 0.00426489 -0.0130526
internal_weight=934.784 648.492 18.2189 630.273 34.0703 596.203 82.5232 6.21214 513.68 17.3268 11.5466 8.11729 16.5576 21.1341
internal_count=52849 36582 583 35999 21217 14782 978 75 13804 223 124 87 515 20958
is_linear=0
shrinkage=0.02


Tree=270
num_leaves=15
num_cat=0
split_feature=0 31 0 31 31 31 1 9 9 30 1 11 31 9
split_gain=9.6893 5.23491 4.83996 8.50015 9.84624 6.62459 5.89286 6.44032 6.0862 6.06371 8.38851 7.98932 15.1521 6.21406
threshold=0.35133960218044241 0.91817495226860057 -0.51867368290936189 0.70739066600799572 0.94570136070251476 0.23529411852359775 0.070003046055831866 6.7750000000000012 22.558599500000003 0.8355957865715028 0.033275785873671769 0.79939669370651256 0.81598794460296642 53.087936375000005
decision_type=10 10 10 10 10 8 10 2 2 8 8 2 8 2
left_child=2 -2 6 5 -5 -4 9 -8 -9 11 -11 13 -13 -1
right_child=1 -3 3 4 -6 -7 7 8 -10 10 -12 12 -14 -15
leaf_value=-0.0064046305599301124 0.0088294417237544161 -0.0097167967733907592 0.012731672366700532 -0.0094340606004359538 0.0065399584426580641 0.0010698215072661495 -6.7925926259525878e-05 0.027425108516089373 -0.0024606367930636829 -0.0031573860469352533 -0.012566700014696439 0.043310098115195636 0.0020338140265960857 0.011993396177476199
leaf_weight=36.033244914840907 62.241892002522945 5.9136793389916411 19.441597962286323 60.127033831784502 19.8540576454252 423.872119423002 43.730621472001076 6.4888169635087234 4.0444255527108908 170.80362546537071 48.141733534575906 3.8185339567717191 14.006534940795971 8.1950171962380391
leaf_count=1769 350 39 810 3596 462 12948 477 50 33 2553 29385 295 252 59
internal_value=-9.92212e-05 0.007103 -0.000678559 0.000523563 -0.00543697 0.00160876 -0.00255087 0.0034368 0.0167316 -0.00371524 -0.00527404 0.00178114 0.0127071 -0.00280587
internal_weight=926.713 68.1556 858.557 523.295 79.9811 443.314 335.263 54.2639 10.5332 280.999 218.945 62.0533 17.8251 44.2283
internal_count=53078 389 52689 17816 4058 13758 34873 560 83 34313 31938 2375 547 1828
is_linear=0
shrinkage=0.02


Tree=271
num_leaves=15
num_cat=0
split_feature=2 23 13 9 1 15 18 1 10 9 15 18 10 2
split_gain=4.89333 3.15375 2.95732 3.75554 5.86134 6.67624 5.1898 2.8879 2.76637 3.52578 2.41091 7.7767 6.70875 6.05
threshold=2.5000000000000004 1.5000000000000002 5.5000000000000009 97.05685800000002 -0.17797362317159646 2.5000000000000004 1.5000000000000002 -0.43891401588916773 1.5000000000000002 0.99802900000000017 2.5000000000000004 1.0000000180025095e-35 102.55000000000001 1.0000000180025095e-35
decision_type=2 2 2 2 8 2 2 10 2 2 2 2 2 2
left_child=1 2 3 8 5 6 -5 -7 9 -1 11 13 -12 -10
right_child=-2 -3 -4 4 -6 7 -8 -9 10 -11 12 -13 -14 -15
leaf_value=-0.017394653364526492 0.015443221459584161 0.018011335373204252 -0.012513121046228435 0.032513288836611413 -0.006618535023308848 0.013068611851563591 -0.0002648742398533696 -0.009030687775059559 1.2176667817432325e-06 0.0087525867778988006 0.0012909407745213609 -0.0054259390736851251 0.022587139621027291 0.0091315587311587964
leaf_weight=6.6296591912978311 7.2586946431547394 2.8641776926815501 6.6074113072827449 6.7412485592067259 7.4681538250297335 2.9640705883502951 2.5533927120268345 4.8648004755377769 705.05440941121196 2.1261573683004826 46.489652466028929 104.64674131013453 5.8050936721265307 29.276238185586408
leaf_count=9722 63 19 132 56 118 18 31 37 40762 48 426 1393 44 222
internal_value=0.000115935 -1.9559e-05 -9.42779e-05 7.89095e-06 0.0075629 0.0137718 0.0243576 -0.000131193 -0.000206701 -0.010799 -9.0656e-05 -0.000352276 0.00403443 0.000377149
internal_weight=941.35 934.091 931.227 924.62 24.5917 17.1235 9.29464 7.82887 900.028 8.75582 891.272 838.977 52.2947 734.331
internal_count=53091 53028 53009 52877 260 142 87 55 52617 9770 42847 42377 470 40984
is_linear=0
shrinkage=0.02


Tree=272
num_leaves=15
num_cat=0
split_feature=12 23 31 25 9 30 30 31 19 12 6 12 9 12
split_gain=5.61564 8.52955 11.6627 6.95316 5.45784 3.11008 9.67786 5.99469 8.15144 4.65212 4.75148 3.77105 3.72014 4.88849
threshold=0.16138763725757602 1.0000000180025095e-35 0.87028658390045177 2.5000000000000004 1.0000000180025095e-35 0.8355957865715028 0.80844646692276012 0.8355957865715028 4.8750000000000009 0.49472096562385565 11.175000000000002 0.19457013905048373 0.071927000000000005 0.92609351873397838
decision_type=2 2 8 2 2 10 10 8 2 2 2 2 2 2
left_child=1 2 4 -4 -1 6 11 9 -9 -8 -11 -2 13 -7
right_child=5 -3 3 -5 -6 12 7 8 -10 10 -12 -13 -14 -15
leaf_value=0.01209804041216208 -0.0077073810852822068 0.014586682536621837 -0.013765154551671875 0.027960932651450145 -0.0024202328806133566 -0.011189056687146979 0.0054723707608637885 -0.008147289205407842 0.02842913091963482 0.0061378042387337517 0.059552306314381978 -1.8415662318246902e-06 -0.0015742775943314354 0.017930096623954863
leaf_weight=27.02539945836179 25.473463936476037 24.073460726067424 20.434905746486042 0.80398674681782623 15.97106099576922 29.011247643036771 2.2422278001904461 6.1692640425171703 2.7286104932427406 1.2221194389276209 1.6951752495951948 629.38430522108683 150.10860536550172 1.610472485073841
leaf_count=5135 1892 156 2788 10 2473 4600 200 100 31 117 71 29985 5392 82
internal_value=-7.82789e-05 0.00469274 0.000818036 -0.0109994 0.00677278 -0.000579094 5.11626e-05 0.0159042 0.00480821 0.0311527 0.0444549 -0.000312876 -0.00289923 -0.00913902
internal_weight=937.954 88.3088 64.2354 21.2389 42.9965 849.645 668.915 14.0574 8.89787 5.15952 2.91729 654.858 180.73 30.6217
internal_count=53032 10562 10406 2798 7608 42470 32396 519 131 388 188 31877 10074 4682
is_linear=0
shrinkage=0.02


Tree=273
num_leaves=15
num_cat=0
split_feature=30 19 7 10 1 7 10 30 30 12 12 10 7 27
split_gain=3.97036 3.58982 2.89629 10.3816 5.99018 5.79135 7.12651 5.70658 6.74201 5.76338 5.42899 5.34249 5.08583 4.78428
threshold=0.11613876372575761 92.40000000000002 3.5000000000000004 12.550000000000002 -0.65761685371398915 4.5000000000000009 53.775000000000006 0.5429864525794984 0.34238311648368841 0.46003016829490667 0.64404225349426281 1.5000000000000002 1.0000000180025095e-35 1.0000000180025095e-35
decision_type=8 2 2 2 10 2 2 8 10 2 2 2 2 2
left_child=-1 2 3 4 11 6 -4 8 -6 -10 -5 -2 -12 -7
right_child=1 -3 5 10 7 13 -8 -9 9 -11 12 -13 -14 -15
leaf_value=0.014620339540483293 -0.016757496720792603 -0.012718895690712216 -0.0062190090557350218 0.011455902562658047 -0.0065817490006632937 0.0038387186385838907 0.010290150784336947 -0.0052183345490874836 0.025011023569054092 -0.0024392016233486698 -0.0087253074393455771 0.0021834064836911949 0.0057421165769493574 -0.0013835564212482888
leaf_weight=6.2217487990856162 5.1464528203359796 8.1693597752600891 119.53654518339317 48.263042811886407 9.3583291992545146 98.108441439631861 10.553821590088772 127.98138963244855 7.4124611504375917 4.5493801925331354 12.231547050760126 199.93290099775186 35.873307204514276 239.33739757258445
leaf_count=37 7710 102 6321 1740 61 1594 294 2361 68 67 616 19465 745 11847
internal_value=-0.000151938 -0.0002668 -0.000142307 0.00100051 -0.000587135 -0.00124387 -0.00481139 -0.00362189 0.00576574 0.0151883 0.00678493 0.00162908 0.00196073 0.000141615
internal_weight=932.676 926.454 918.285 450.749 354.381 467.536 130.09 149.302 21.3202 11.9618 96.3679 205.079 48.1049 337.446
internal_count=53028 52991 52889 32833 29732 20056 6615 2557 196 135 3101 27175 1361 13441
is_linear=0
shrinkage=0.02


Tree=274
num_leaves=15
num_cat=0
split_feature=10 9 15 19 9 16 24 18 19 0 2 9 0 9
split_gain=3.03483 3.19656 2.76541 4.38557 7.81747 6.86697 6.81953 4.01609 3.98033 6.91708 6.62828 5.65493 4.28688 4.25248
threshold=1.5000000000000002 0.99802900000000017 3.5000000000000004 66.050000000000011 97.05685800000002 1.0000000180025095e-35 1.0000000180025095e-35 1.5000000000000002 2.5500000000000003 0.16440422832965854 1.0000000180025095e-35 6.512210650000001 0.12043635105837515 53.581736000000006
decision_type=2 2 2 2 2 2 2 2 2 8 2 2 8 2
left_child=1 -1 3 4 8 -5 -6 -4 10 13 -2 -11 -12 -10
right_child=2 -3 7 5 6 -7 -8 -9 9 11 12 -13 -14 -15
leaf_value=-0.017316189213418355 0.00029543515240210421 0.0080777686055477135 -0.011096124672930871 0.0060167466023322725 -0.0012135723561328348 -0.017191755919892457 0.024552741600723085 0.011596984431444642 0.0027548361684815005 -0.018939435707350575 -0.0062401606368053079 -0.0040270758633949039 0.011736518503230292 0.032502004197025522
leaf_weight=6.4090370557387342 709.02730167272966 2.0334209414431825 2.9726117607206133 7.45447092317045 6.8484002370387307 12.748962590470908 8.9433058854192478 16.267382368445396 29.867115555331115 10.968429545871912 5.6940753543749452 74.922149073332548 31.257871078327298 1.0783691592514504
leaf_count=9706 40925 51 27 53 101 201 82 99 528 141 67 796 224 16
internal_value=0.000289212 -0.0109922 0.000404804 0.000239902 0.000456302 -0.0087486 0.0139718 0.00771586 0.000193045 -0.00322342 0.000731734 -0.00612747 0.00887499 0.00477642
internal_weight=926.493 8.44246 918.05 898.81 878.607 20.2034 15.7917 19.24 862.815 116.836 745.979 85.8906 36.9519 30.9455
internal_count=53017 9757 43260 43134 42880 254 183 126 42697 1481 41216 937 291 544
is_linear=0
shrinkage=0.02


Tree=275
num_leaves=15
num_cat=0
split_feature=15 18 9 30 30 1 8 9 12 1 30 12 1 21
split_gain=3.98029 11.8507 5.2803 8.07414 4.75054 5.57011 5.16157 4.3101 4.85497 4.10727 3.734 3.79444 4.20011 8.46777
threshold=2.5000000000000004 1.5000000000000002 96.589932000000019 0.91440421342849743 0.85067874193191539 -0.1189359421066738 2.5000000000000004 118.06150000000001 0.7828054428100587 -0.25178025431653439 0.11613876372575761 0.87820512056350719 -0.015837103128433224 1.0000000180025095e-35
decision_type=2 2 2 8 8 8 2 2 2 8 8 2 8 2
left_child=1 2 10 -4 5 6 9 8 -5 -2 -1 -12 -13 -14
right_child=4 -3 3 7 -6 -7 -8 -9 -10 -11 11 12 13 -15
leaf_value=0.014231453568174615 0.013310588341264489 -0.014566833488509691 0.037338993735765311 0.019090289198067351 0.0015977327213910824 -0.0075440282772690926 0.0024037122820140108 -0.016586998192389745 -0.013503987172036099 0.043873574492954627 -0.00050740191759108513 -0.00044796176771571308 0.016220596727396685 -0.0092454729428645931
leaf_weight=6.3008290305733672 5.4803433232009411 21.340377388522029 2.8055289927870009 5.2944524101912975 49.130050115287304 3.4201786965131786 5.1457265689969054 2.4040605388581753 1.7561371251940725 3.0844858996570093 764.26157755119493 29.442220786586404 20.997471864975527 6.1256211465224615
leaf_count=37 38 340 26 41 476 34 37 36 46 29 50193 642 686 298
internal_value=0.000175679 -0.000190259 0.000192146 0.0127129 0.00486136 0.0136169 0.0190496 0.00253293 0.0103029 0.0277536 -8.57157e-06 -0.000135065 0.00481706 0.010345
internal_weight=926.989 860.728 839.388 12.2602 66.2608 17.1307 13.7106 9.45465 7.05059 8.56483 827.128 820.827 56.5653 27.1231
internal_count=52959 52345 52005 149 614 138 104 123 87 67 51856 51819 1626 984
is_linear=0
shrinkage=0.02


Tree=276
num_leaves=15
num_cat=0
split_feature=31 6 2 10 6 31 30 0 0 30 7 16 31 1
split_gain=4.39115 4.77757 4.37056 4.50251 4.29932 4.18911 4.02013 5.47949 9.08106 7.5555 4.91172 4.29848 4.26722 3.96872
threshold=0.97285065054893505 9.0500000000000025 2.5000000000000004 1.5000000000000002 157.60000000000002 0.98190042376518261 0.8355957865715028 -0.36766282497989805 -0.36197911482079675 0.81598794460296642 1.0000000180025095e-35 1.5000000000000002 0.15535445511341098 -0.38007472025360822
decision_type=10 2 2 2 2 10 10 8 8 10 2 2 10 8
left_child=2 -2 3 -1 -3 -6 7 9 -9 10 -5 13 -11 -10
right_child=1 4 -4 6 5 -7 -8 8 11 12 -12 -13 -14 -15
leaf_value=-0.013858346774909285 0.028148230640241044 -0.0027340199379512053 0.014865058125878497 0.0011895286598216253 0.042716769049503472 -0.0027463440592884027 -0.0023169343949603878 0.035099979461338984 -0.0029879127165795428 0.04632503061309598 -0.010082226255319814 -0.011971705131283894 -0.0028077452578123001 0.0021514401246498015
leaf_weight=8.0534481364302319 3.5899761403561561 9.544848637247922 7.1754137482494107 24.797566197812557 0.90115664748009239 1.2165745265083385 182.7486760354368 2.2172853732481599 66.437120601534843 0.80385304568335303 39.250822325702757 8.4833578523248416 0.98621153365820646 559.92950674152235
leaf_count=9755 30 256 63 2937 37 43 11896 136 578 74 3402 144 128 23289
internal_value=0.000494346 0.0107979 0.000308121 0.000174762 0.00365597 0.0240957 0.000317854 0.00100519 0.00157461 -0.00444571 -0.00576695 0.0014025 0.0279516 0.00160243
internal_weight=916.136 15.2526 900.883 893.708 11.6626 2.11773 885.654 702.906 637.067 65.8385 64.0484 634.85 1.79006 626.367
internal_count=52768 366 52402 52339 336 80 42584 30688 24147 6541 6339 24011 202 23867
is_linear=0
shrinkage=0.02


Tree=277
num_leaves=15
num_cat=0
split_feature=0 12 7 23 12 10 12 16 0 0 10 7 10 0
split_gain=5.91849 4.83862 3.19239 4.445 5.18449 2.97609 2.90434 14.8669 5.9693 4.27679 3.3652 3.85313 11.0404 5.14628
threshold=-0.60030165314674366 0.061840122565627105 1.0000000180025095e-35 1.0000000180025095e-35 0.045248869806528098 2.1000000000000005 0.87820512056350719 1.0000000180025095e-35 0.15277405521307963 -0.27673545966228891 107.55000000000001 3.5000000000000004 7.2750000000000012 0.23529412597417834
decision_type=8 2 2 2 2 2 2 2 10 8 2 2 2 10
left_child=-1 2 5 4 -4 -2 10 8 -8 -9 11 12 13 -3
right_child=1 6 3 -5 -6 -7 7 9 -10 -11 -12 -13 -14 -15
leaf_value=-0.008361255161102716 -0.0026047705005930433 -0.0036040800036169704 -0.011241395049357202 0.016043491877809919 0.013173809943163113 0.025202597782403569 0.015158878470260422 0.016842963355151716 -0.0048189897551228532 -0.010297318421386724 0.0048212296191898433 -0.0019438743916354144 0.0050293441127744589 0.0032728711491210975
leaf_weight=30.598983994219452 1.7792721286532494 171.32474527298473 8.9101140626007709 6.7769437693059436 4.3905985589371985 5.6065444180858321 32.790696601849049 1.673924211412668 6.7703280448913565 22.69777595624328 50.013267098343931 368.69623183063231 154.51998026977526 57.369560293853283
leaf_count=6168 831 20717 1144 47 497 232 878 49 30 814 1167 15282 4532 410
internal_value=0.000145596 0.000446005 0.00855986 0.00400332 -0.00282425 0.0189919 0.00017907 0.00424743 0.0117054 -0.00784286 -0.000150162 -0.000486798 0.000916487 -0.00187221
internal_weight=923.919 893.32 27.4635 20.0777 13.3007 7.38582 865.857 63.9327 39.561 24.3717 801.924 751.911 383.214 228.694
internal_count=52798 46630 2751 1688 1641 1063 43879 1771 908 863 42108 40941 25659 21127
is_linear=0
shrinkage=0.02


Tree=278
num_leaves=15
num_cat=0
split_feature=0 30 30 9 9 31 31 30 27 25 11 6 0 18
split_gain=4.63041 5.46539 4.71432 10.5448 4.24973 8.58989 7.69182 5.40931 7.25073 5.22861 14.1408 8.30804 7.77469 6.56427
threshold=0.23529412597417834 0.96870285272598278 0.59577679634094249 2.7685412500000006 6.2513487500000009 0.63763198256492626 0.94117647409439098 0.18702866137027743 3.5000000000000004 1.0000000180025095e-35 0.92609351873397838 9.9500000000000011 -0.47780782171642128 1.0000000180025095e-35
decision_type=10 10 10 2 2 8 10 8 2 2 2 2 10 2
left_child=4 2 -2 -4 6 -6 7 -1 9 13 -11 12 -12 -9
right_child=1 -3 3 -5 5 -7 -8 8 -10 10 11 -13 -14 -15
leaf_value=0.011194640836311958 0.0021423281570785943 -0.016150742261787032 0.019302061158492412 -0.0032728060103348056 0.023491383658001311 0.0011787619749830261 0.010667159867595383 -0.0025651021953885106 0.036186614180842298 -0.0020079487134626933 0.013602182320290777 0.0044307289912031049 0.060232055244612254 -0.016102896098657702
leaf_weight=11.501219142228363 103.51861835457385 4.4643928781151763 20.548927273601294 13.023249041289089 6.1185299765784285 232.98785308888182 19.524965462565888 436.45755657483824 0.97128685266943549 47.356643098639324 4.0967369638383389 6.9752209596335888 2.1497313529252988 13.864899145439265
leaf_count=59 663 21 118 68 63 3168 599 46972 175 736 36 108 35 265
internal_value=0.000232278 0.00354742 0.0043012 0.0107035 -0.000371578 0.00184518 -0.00134949 -0.00181728 -0.0021309 -0.00227429 0.00320372 0.0206992 0.0357473 -0.00301667
internal_weight=923.56 141.555 137.091 33.5722 782.005 239.106 542.898 523.373 511.872 510.901 60.5783 13.2217 6.24647 450.322
internal_count=53086 870 849 186 52216 3231 48985 48386 48327 48152 915 179 71 47237
is_linear=0
shrinkage=0.02


Tree=279
num_leaves=15
num_cat=0
split_feature=0 31 1 1 15 29 1 25 30 30 13 0 0 30
split_gain=5.64915 7.03272 7.9963 5.44677 5.71666 6.15348 5.99512 5.84029 5.78319 5.68977 5.48667 5.10323 6.75244 8.41566
threshold=-0.091969242742316562 0.70739066600799572 0.18137252330780032 0.018698660913915748 3.5000000000000004 1.0000000180025095e-35 -0.003283302063789868 1.5000000000000002 0.86274510622024547 0.93363499641418468 1.5000000000000002 -0.020298910816755472 0.092103255071450882 0.9566364884376527
decision_type=10 10 10 10 2 2 8 2 10 8 2 10 10 10
left_child=3 2 11 4 5 6 -1 -8 10 -5 -7 -2 -13 -14
right_child=1 -3 -4 9 -6 8 7 -9 -10 -11 -12 12 13 -15
leaf_value=-0.0028199184470168084 0.012201068788469915 -0.0032076386259662411 -0.009175017532229001 -0.0020316037053671782 0.0081881874630163661 0.0038139241707137454 -0.011317743172293209 0.0096953146620273826 -0.0056435128312654279 0.0075773804462515061 0.031415482533573444 -0.001111364057998897 0.0062255862013790835 -0.011925215584303461
leaf_weight=225.58427890948951 25.462975040078163 91.88904285733588 19.356569342315197 48.789568693377078 18.12168543972075 54.352114445297047 61.906555912399199 5.0237368065863839 27.67903009802103 48.13960805349052 2.0801611486822358 103.28340123966336 180.66371935792267 9.9192856252193433
leaf_count=4033 807 2661 149 936 116 4974 27758 94 7935 660 22 1635 1073 47
internal_value=4.64241e-06 0.00167526 0.00300559 -0.0014588 -0.00250137 -0.00303603 -0.00440355 -0.00962101 0.00171567 0.00276932 0.00536064 0.00377027 0.00300086 0.00522358
internal_weight=922.252 430.575 338.686 491.677 394.748 376.626 292.515 66.9303 84.1113 96.9292 56.4323 319.329 293.866 190.583
internal_count=52900 6372 3711 46528 44932 44816 31885 27852 12931 1596 4996 3562 2755 1120
is_linear=0
shrinkage=0.02


Tree=280
num_leaves=15
num_cat=0
split_feature=0 0 30 7 12 0 2 2 30 11 12 12 13 11
split_gain=5.11091 7.60428 7.46517 4.31661 4.26216 4.13914 3.97438 3.9325 3.85266 4.67094 3.80654 3.83284 3.63688 3.54582
threshold=-0.4870678102385419 -0.45475108921527857 0.57164406776428234 1.0000000180025095e-35 0.91440421342849743 0.35133960218044241 1.0000000180025095e-35 2.5000000000000004 0.98642531037330639 0.90950226783752453 0.12368024513125421 0.17797888815402987 5.5000000000000009 0.84012067317962658
decision_type=8 8 10 2 2 10 2 2 10 2 2 2 2 2
left_child=3 2 -2 8 -5 7 10 12 9 -1 -7 -12 -3 -4
right_child=1 5 13 4 -6 6 -8 -9 -10 -11 11 -13 -14 -15
leaf_value=0.0066496963796607534 -0.0020917736982168427 -0.00016088395636862479 0.005271452826023028 -0.012488719106222053 0.025744286358889489 0.016048527854335484 0.020889412961354475 0.014356204226383115 0.026283400853297275 -0.010461166523935181 -0.016759117372613555 0.0029481197994771892 -0.014529102299374113 0.048370075887409429
leaf_weight=11.736047047656035 3.3490061389748007 779.03021700371755 1.3592292489483955 27.50457976246253 0.30631664209067722 7.3609887100756159 4.7489709332585326 6.4010130520910016 1.087000531842931 11.843884779606013 3.256836235523223 54.543935902416706 6.1113066207617512 2.1932177864946425
leaf_count=2031 317 42535 171 4410 9 40 35 58 301 2187 17 307 128 315
internal_value=7.02309e-05 0.000439308 0.0199705 -0.00593093 -0.0111887 0.000259862 0.00488901 -0.000154648 0.000201906 -0.0020208 0.0034248 0.00157157 -0.000291061 0.03666
internal_weight=920.833 868.355 6.90145 52.4778 27.8109 861.453 69.9107 791.543 24.6669 23.5799 65.1618 57.8008 785.142 3.55245
internal_count=52861 43923 803 8938 4419 43120 399 42721 4519 4218 364 324 42663 486
is_linear=0
shrinkage=0.02


Tree=281
num_leaves=15
num_cat=0
split_feature=23 2 0 1 9 30 31 1 10 6 7 10 9 0
split_gain=4.35218 4.06015 3.80934 6.18829 8.9751 6.30867 6.09389 6.2289 7.28828 6.46152 7.48279 8.65264 11.1704 8.73645
threshold=1.5000000000000002 2.5000000000000004 -0.39743587374687189 0.042232289910316474 54.556731250000013 0.13273002207279208 0.60331827402114879 0.1659125238656998 5.2750000000000012 3.7750000000000004 1.0000000180025095e-35 5.7250000000000005 0.49962900000000005 -0.079905505787108908
decision_type=2 2 10 10 2 10 10 10 2 2 2 2 2 10
left_child=1 2 3 4 -1 -5 7 9 -9 -4 11 12 13 -11
right_child=-2 -3 6 5 -6 -7 -8 8 -10 10 -12 -13 -14 -15
leaf_value=-0.0047611509562222806 0.019870074998729156 0.015781786866824549 -0.012672239737310947 0.0096518160103442208 0.0030771235037558467 -0.0027469902058713377 -0.0024827356847711333 0.018672609331167048 -0.0091733228306076532 0.04203162861588948 0.0026519815311692673 0.033500485253044998 -0.0038330418142124519 0.0031625739649924762
leaf_weight=220.42884845635854 3.529892172664403 5.6563234329223624 9.2045887017156911 35.394239786081016 78.598911523353308 29.257858738303185 138.17839800240472 3.3429779447615138 29.592591164633632 4.0200820667669177 346.73056169366464 5.5879183958750209 14.485659637721255 4.6172902607359028
leaf_count=36205 24 53 551 339 876 410 6520 53 379 348 5862 154 1070 85
internal_value=0.000313862 0.000217866 0.000105076 -0.00148395 -0.00269749 0.00408445 0.00114571 0.00234943 -0.00588 0.0030675 0.00348602 0.0131301 0.00702275 0.0237375
internal_weight=928.626 925.096 919.44 363.68 299.028 64.6521 555.76 417.582 32.9356 384.646 375.442 28.711 23.123 8.63737
internal_count=52929 52905 52852 37830 37081 749 15022 8502 432 8070 7519 1657 1503 433
is_linear=0
shrinkage=0.02


Tree=282
num_leaves=15
num_cat=0
split_feature=9 18 31 25 30 16 12 10 12 0 0 19 30 30
split_gain=4.41938 9.04516 6.80242 5.82499 8.28469 5.6637 7.19069 8.30305 6.5389 7.5247 6.46179 6.27169 6.28505 5.01126
threshold=6.2513487500000009 1.0000000180025095e-35 0.63763198256492626 1.5000000000000002 0.87820512056350719 1.0000000180025095e-35 0.64404225349426281 136.62500000000003 0.87028658390045177 0.092103255071450882 0.061377646743500408 35.125000000000007 0.9215686321258546 0.95022624731063854
decision_type=2 2 8 2 8 2 2 2 2 10 10 2 8 8
left_child=1 3 -2 -1 -5 8 11 -8 9 10 -4 12 -7 -10
right_child=2 -3 5 4 -6 6 7 -9 13 -11 -12 -13 -14 -15
leaf_value=-0.00098317606087813575 0.022673102810286117 -0.012897099866354256 0.0012266336246889529 -0.0087415200302153034 0.013590627913122393 0.02202872400453083 -0.010341015634174167 0.016681123452660668 -0.0043784468536417903 0.012157585664294599 -0.024388180582909084 -0.0043608521832113004 0.0011858698488200622 0.022047434045452358
leaf_weight=611.22070386988344 5.256719763390719 23.621686276048422 122.41733765113167 8.3306015804409999 23.522893247194588 9.5163583625108021 43.74521797336638 4.1618631193414322 3.3634078050963554 25.429494149982929 3.069564349949359 21.032346332445741 13.138135382905601 11.265457960311323
leaf_count=48867 58 385 1371 94 277 105 1042 96 41 129 15 200 173 118
internal_value=-0.000134798 -0.00100008 0.00205917 -0.000543731 0.00766183 0.00155156 -0.00242194 -0.00770043 0.00375138 0.00245831 0.000412205 0.00340924 0.0105024 0.0160803
internal_weight=929.092 666.696 262.396 643.074 31.8535 257.139 91.5939 47.9071 165.545 150.916 125.487 43.6868 22.6545 14.6289
internal_count=52971 49623 3348 49238 371 3290 1616 1138 1674 1515 1386 478 278 159
is_linear=0
shrinkage=0.02


Tree=283
num_leaves=15
num_cat=0
split_feature=12 9 19 31 27 0 30 10 12 10 0 30 12 0
split_gain=3.97316 2.36354 7.64061 6.00748 4.19169 4.4227 6.1742 6.3563 5.0161 7.75394 7.9952 5.58351 4.2204 4.16833
threshold=0.018099547829478983 6.2513487500000009 2.7750000000000004 0.63763198256492626 3.5000000000000004 0.16440422832965854 0.47360482811927801 50.550000000000004 0.91440421342849743 6.0500000000000007 -0.2706549557195978 0.9566364884376527 0.32277527451515203 0.0055615116590726358
decision_type=2 2 2 8 2 10 8 2 2 2 8 8 2 8
left_child=-1 2 4 -3 5 8 12 -8 -2 11 -11 -10 -7 -4
right_child=1 3 13 -5 -6 6 7 -9 9 10 -12 -13 -14 -15
leaf_value=0.012744009251186954 -0.0018421454392621153 0.020322000444024168 0.0047300324638717469 0.001042230047410476 0.028138183653409123 0.0006224080508178306 0.0049540129875489496 -0.013337682042963745 0.049731400893906832 0.037463959419618845 -0.009541982633399719 0.0089100346654886683 -0.01522647805042672 -0.020672718177998189
leaf_weight=8.7830948621267435 458.34767023386667 5.6379874499980351 2.9199308017268759 256.22956360667013 1.0540819027810346 14.857773661613466 134.60687789320946 7.1020979695022097 1.5705717308446754 0.72464118711650372 8.0842928892234305 4.0058098994195461 11.159590456634758 10.39778036996722
leaf_count=1216 46099 67 87 3265 183 83 968 52 43 19 356 95 120 144
internal_value=6.58661e-05 -6.93606e-05 -0.000711527 0.00153305 -0.000388412 -0.000479155 0.00230229 0.00395024 -0.00146879 0.00977359 -0.00225002 0.0262211 -0.0064876 -0.0151618
internal_weight=925.482 916.699 654.831 261.868 641.513 640.459 167.726 141.709 472.733 14.3853 8.80893 5.57638 26.0174 13.3177
internal_count=52797 51581 48249 3332 48018 47835 1223 1020 46612 513 375 138 203 231
is_linear=0
shrinkage=0.02


Tree=284
num_leaves=15
num_cat=0
split_feature=12 13 30 10 10 24 0 0 30 10 24 10 21 0
split_gain=5.02726 4.77905 6.57318 5.67048 6.50767 3.51527 3.37657 3.35344 6.0756 7.24074 5.75148 4.29316 3.74695 4.75272
threshold=0.061840122565627105 1.0000000180025095e-35 0.52337861061096203 4.4500000000000011 2.2750000000000004 2.5000000000000004 -0.81561085581779469 -0.38488340927365311 0.75829562544822704 2.2750000000000004 1.5000000000000002 98.550000000000011 1.0000000180025095e-35 -0.53541211489537088
decision_type=2 2 10 2 2 2 8 8 10 2 2 2 2 10
left_child=6 2 5 4 -4 -2 -1 8 12 -10 11 -11 -3 -14
right_child=1 7 3 -5 -6 -7 -8 -9 9 10 -12 -13 13 -15
leaf_value=-0.010449472042210511 -0.014495944431218233 -0.011419854739463648 -0.010570117567884596 -0.0076966090566751326 0.037932581625517436 0.007644888143897615 0.0098361363647938762 0.00073536772836139313 0.026031547944555339 -0.0069691097560860213 0.023347090564900048 0.019203131031523435 -0.010229419745615967 0.012520714345950409
leaf_weight=2.8463984692934901 22.946465858956802 34.089416549075395 1.1008209309075021 3.8356680276338011 2.4437224010471255 2.6301031708717337 30.486259975121357 779.01943144062534 3.7733545673545477 21.414343439857483 2.4716510772705069 1.8537931389873836 6.3863827381283045 6.3162825815379602
leaf_count=946 18875 4382 243 1183 456 41 3218 17663 1195 4311 70 207 54 105
internal_value=0.000340529 5.02276e-05 -0.0073084 0.00849682 0.0238579 -0.0120172 0.00784997 0.000341969 -0.0036319 0.00340524 -0.000761162 -0.00417858 -0.00804881 0.00117106
internal_weight=921.614 888.281 32.9568 7.38021 3.54454 25.5766 33.3327 855.325 76.3052 29.5131 25.7398 23.2681 46.7921 12.7027
internal_count=52949 48785 20798 1882 699 18916 4164 27987 10324 5783 4588 4518 4541 159
is_linear=0
shrinkage=0.02


Tree=285
num_leaves=15
num_cat=0
split_feature=31 0 12 30 0 31 31 0 0 11 0 0 31 11
split_gain=4.70278 6.40688 4.73835 4.28687 3.99461 3.74882 4.41319 5.76922 6.3374 6.88093 4.04617 7.52919 6.16164 5.81409
threshold=0.11161387711763383 -0.85256409645080555 0.075414784252643599 0.23076923191547397 0.35133960218044241 0.14932127296924594 0.23529411852359775 -0.38213615652640037 -0.32649999376085859 0.56259429454803478 -0.4870678102385419 -0.47340118114621088 0.45399698615074163 0.8431372642517091
decision_type=8 10 2 10 10 8 8 10 10 2 8 8 10 2
left_child=1 -1 3 -3 5 -2 7 -7 9 -9 -8 12 13 -12
right_child=4 2 -4 -5 -6 6 10 8 -10 -11 11 -13 -14 -15
leaf_value=-0.0033284042411969961 -0.013480992184082921 0.026147470486509467 0.030981142429820339 -0.00107046699293237 0.0045698607129850974 0.0011830603800671623 -0.0080834998713407852 0.076478931422235455 0.010249968080642238 -0.0056695806332150381 -0.0068373437237705574 -0.0003398314170377835 -0.009615224974833872 0.056760340402675837
leaf_weight=10.27300497662509 7.6300863776705219 2.3174535238649678 4.9537244385574004 7.4154302768874913 70.13556456938386 14.264592871477364 25.98058774729725 0.44911585701629508 5.5183606920763841 0.38849362591281533 0.50320408074185285 776.31916492298478 0.8430341079365461 1.3292815005406735
leaf_count=3478 1610 281 620 721 403 3667 3853 30 137 35 61 37804 106 126
internal_value=0.000261683 0.00865447 0.0167141 0.00724266 2.04793e-05 -0.000367477 -0.000230121 0.0086874 0.0230789 0.0560264 -0.000469051 -0.00020506 0.0283529 0.043048
internal_weight=928.321 24.9596 14.6866 9.73288 903.361 833.226 825.596 20.6206 6.35597 0.837609 804.975 778.995 2.67552 1.83249
internal_count=52932 5100 1622 1002 47832 47429 45819 3869 202 65 41950 38097 293 187
is_linear=0
shrinkage=0.02


Tree=286
num_leaves=15
num_cat=0
split_feature=23 7 10 24 9 1 9 31 9 13 9 10 8 10
split_gain=3.22674 3.29762 6.53181 5.27524 6.13306 7.75194 6.37165 4.86435 4.82606 4.65032 4.44887 5.13564 9.02535 5.51106
threshold=1.5000000000000002 3.5000000000000004 12.550000000000002 1.0000000180025095e-35 54.556731250000013 0.091324129298876525 60.549502000000004 0.97285065054893505 0.99802900000000017 5.5000000000000009 2.5132220000000003 8.0500000000000025 2.5000000000000004 8.7750000000000021
decision_type=2 2 2 2 2 8 2 10 2 2 2 2 2 2
left_child=1 2 7 -3 5 -5 -6 10 -9 -8 11 -1 -13 -14
right_child=-2 3 -4 4 6 -7 9 8 -10 -11 -12 12 13 -15
leaf_value=-0.00049629733466373404 0.016773208375791489 -0.0029983113964886844 0.0061867925405668699 -0.0024803160403877541 0.025174581619512911 0.0082679393351109808 0.0066833803386195335 -0.0041016069647295149 0.025501293207287813 -0.011273665490033499 -0.0088197819089549708 0.019212582410014608 0.017644357447451839 -0.0043979158006581774
leaf_weight=282.31302764901193 3.7711882553994647 235.04274620884098 93.3517752494663 148.80497461836785 5.8437830712646237 31.703540646703914 43.158215826377273 3.130652250023557 4.8830687421141192 5.7134671173989764 21.008987983223051 14.352362482401075 4.6548696429235887 21.95461887086276
leaf_count=27795 25 17213 3093 1885 51 432 399 46 73 108 368 657 179 629
internal_value=0.000367915 0.000282149 0.00151322 -0.000885215 0.00123001 -0.0005574 0.0070309 0.000260812 0.0147646 0.00440011 -0.000118567 0.000472362 0.00700118 -4.25919e-05
internal_weight=919.687 915.916 445.649 470.267 235.224 180.509 54.7155 352.298 8.01372 48.8717 344.284 323.275 40.9619 26.6095
internal_count=52953 52928 32840 20088 2875 2317 558 29747 119 507 29628 29260 1465 808
is_linear=0
shrinkage=0.02


Tree=287
num_leaves=15
num_cat=0
split_feature=2 23 0 13 19 6 30 15 18 13 31 15 31 7
split_gain=5.29155 3.82972 8.56625 6.76009 5.92427 5.09647 3.80737 3.51401 6.6056 5.52393 5.92039 5.43375 5.00572 4.77952
threshold=2.5000000000000004 1.0000000180025095e-35 -0.13724175940662883 2.5000000000000004 29.625000000000004 80.050000000000011 0.12368024513125421 3.5000000000000004 2.5000000000000004 2.5000000000000004 0.5429864525794984 1.5000000000000002 0.97285065054893505 3.5000000000000004
decision_type=2 2 10 2 2 2 8 2 2 2 8 2 10 2
left_child=1 6 3 -3 5 -5 -1 9 -9 12 -11 -12 -8 -13
right_child=-2 2 -4 4 -6 -7 7 8 -10 10 11 13 -14 -15
leaf_value=0.013312867671262274 0.01670157508408995 -0.011000403378393385 0.011444124923288595 0.0026380762822735527 -0.0041848902662287042 0.02659955932102764 -4.7622844585416814e-05 -0.0088407332023260603 0.020042711741876537 0.026556845454620427 -0.0094012337091646976 0.021992983195521836 0.012256277467827646 -0.0023877440203822538
leaf_weight=7.1399889662861815 6.7503212485462418 17.372903307899833 35.572449985891581 8.2705439291894454 15.025322854518889 5.5686891451477996 649.59794373746263 4.2482786141335946 7.7191141732037067 1.5206176191568364 55.375564560294151 2.3307099137455216 12.501117980806155 96.333099103532732
leaf_count=42 65 205 237 56 75 31 49314 34 52 9 1163 21 276 1350
internal_value=0.000245041 0.000106076 0.004209 -0.00148173 0.00442385 0.0134226 -0.000299608 -0.000432647 0.00989837 -0.00059576 -0.00397429 -0.00444503 0.000202821 -0.00159691
internal_weight=925.327 918.576 81.8099 46.2375 28.8646 13.8392 836.766 829.626 11.9674 817.659 155.56 154.039 662.099 98.6638
internal_count=52930 52865 604 367 162 87 52261 52219 86 52133 2543 2534 49590 1371
is_linear=0
shrinkage=0.02


Tree=288
num_leaves=15
num_cat=0
split_feature=13 30 12 16 30 2 0 0 2 20 13 30 11 11
split_gain=4.42083 4.2918 4.08522 8.35551 8.00554 5.76185 7.61735 5.1978 5.99655 5.64818 5.45945 5.83505 5.42053 7.06682
threshold=5.5000000000000009 0.9566364884376527 0.87820512056350719 1.0000000180025095e-35 0.90346908569335949 1.0000000180025095e-35 -0.10481207566777619 0.15277405521307963 1.0000000180025095e-35 1.0000000180025095e-35 2.5000000000000004 0.59577679634094249 0.84615385532379161 0.87820512056350719
decision_type=2 10 2 2 8 2 10 10 2 2 2 10 2 2
left_child=1 2 7 4 -4 6 -6 9 10 -1 11 12 -9 -14
right_child=-2 -3 3 -5 5 -7 -8 8 -10 -11 -12 -13 13 -15
leaf_value=0.00032753212496213581 -0.015625459899530656 -0.0043647327807824878 -0.013652774541261556 -0.0046630078867300759 0.032282438358222393 -0.0050107102630626496 0.0096813786803696209 -0.00072643040244515405 0.019554979166084702 -0.0091749003852860129 -0.0068290897456051922 0.011907864615362657 0.021641669939419544 0.0032920933491347587
leaf_weight=592.80403877655044 5.5958877541124812 58.99392429809086 3.4946106479037544 16.997554309666157 9.7115489227580891 4.2849666662514201 16.484273712616414 86.081950644031167 8.1196278333663923 25.12136635533534 19.66328646056354 30.088646471500397 10.151663262397049 35.977890942245722
leaf_count=45491 121 3996 88 572 300 29 310 685 58 609 103 233 74 224
internal_value=0.000692694 0.000809063 0.00116906 0.00660533 0.0122149 0.0155201 0.0189392 0.000818369 0.00370121 -7.2983e-05 0.00289076 0.00410297 0.00225068 0.00770377
internal_weight=923.571 917.975 858.981 50.973 33.9754 30.4808 26.1958 808.008 190.083 617.925 181.963 162.3 132.212 46.1296
internal_count=52893 52772 48776 1299 727 639 610 47477 1377 46100 1319 1216 983 298
is_linear=0
shrinkage=0.02


Tree=289
num_leaves=15
num_cat=0
split_feature=10 12 0 0 10 9 23 12 0 0 10 12 0 9
split_gain=4.2711 4.0591 4.80049 5.86904 5.07686 4.76379 7.98622 4.6192 4.3271 4.3182 4.18737 6.96164 5.85745 4.31922
threshold=1.5000000000000002 0.16138763725757602 -0.3709934144549189 -0.3499245792627334 6.9500000000000011 1.0000000180025095e-35 1.0000000180025095e-35 0.75829562544822704 -0.30467571318149561 -0.57834728404428248 2.1000000000000005 0.38914027810096746 -0.45475108921527857 6.7750000000000012
decision_type=2 2 8 8 2 2 2 2 8 10 2 2 10 2
left_child=-1 5 7 4 -4 -2 9 10 -5 -7 11 -3 -13 -12
right_child=1 2 3 8 -6 6 -8 -9 -10 -11 13 12 -14 -15
leaf_value=-0.013457227427221387 0.010555579733564795 -0.0081259657614561557 -0.0059775792658319435 -0.0097203199330964055 0.021993204933116326 -0.014244478359457547 0.0095898190027180683 0.0090196636913907162 0.00016513247367865198 0.00023787896881774848 -0.010819349595416449 0.060699798500946485 -0.0067849379532572479 0.0041215292112161675
leaf_weight=8.3568843957036716 29.788874862133525 2.3502542930655177 3.1756152673624438 17.150447743013501 7.7692741153296083 12.492549809801856 23.103867184370756 7.0764003461226812 732.0487013051752 21.053686769912019 48.305542967980728 0.4865895074326545 0.51039913995191444 8.6340379770845157
leaf_count=9656 4129 644 344 1334 333 2607 149 251 25248 549 7138 152 137 177
internal_value=-1.33545e-05 0.000124147 -0.000308519 0.000147838 0.0140566 0.00422235 0.000766755 -0.00538501 -7.38178e-05 -0.00541154 -0.0071954 0.0121373 0.0400542 -0.00852176
internal_weight=922.303 913.946 827.507 760.144 10.9449 86.439 56.6501 67.3632 749.199 33.5462 60.2868 3.34724 0.996989 56.9396
internal_count=52848 43192 35758 27259 677 7434 3305 8499 26582 3156 8248 933 289 7315
is_linear=0
shrinkage=0.02


Tree=290
num_leaves=15
num_cat=0
split_feature=31 0 10 0 1 10 10 31 10 0 10 12 0 17
split_gain=4.88254 4.91389 6.51917 5.0405 3.94055 3.77649 4.75909 3.91023 7.55256 10.3501 4.26699 3.73404 3.65958 9.79506
threshold=0.70739066600799572 0.036199107766151435 140.90000000000003 0.042950951487536859 -0.27865758538246149 19.550000000000004 10.450000000000001 0.90346908569335949 4.4500000000000011 0.32273848153524959 2.7750000000000004 0.32277527451515203 0.084464564919471755 1.0000000180025095e-35
decision_type=10 8 2 8 8 2 2 10 2 8 2 2 10 2
left_child=12 2 -2 -3 -5 6 7 11 9 -9 -11 -6 13 -1
right_child=1 3 -4 4 5 -7 -8 8 -10 10 -12 -13 -14 -15
leaf_value=0.00098403448472486046 -0.012509551447154892 0.026980414575458491 0.029910126085870181 0.011570285314347686 0.0055585927487393338 -0.011865775383065878 0.012347409831838073 0.025882912181430413 -0.011083222976723171 -0.014829412120623697 0.018133226647432783 -0.009196840904392824 0.0031223276432691535 -0.0073579267939983166
leaf_weight=523.53975763684139 27.152505379170183 1.4859012812376022 0.59491987805813451 7.0413163769990206 7.7554991279612286 15.012360399996394 8.229650015535297 8.037659453228116 7.9115005736239246 4.9884596640476966 1.198853083013091 35.132692525628954 217.42326322197914 62.073129648342729
leaf_count=43771 2897 47 28 75 196 803 348 109 208 170 22 2142 1270 725
internal_value=0.000340576 -0.00332811 -0.0105912 -0.00115901 -0.00187331 -0.00306335 -0.00112393 -0.00299007 0.00372657 0.0121503 -0.00680825 -0.00646275 0.000912977 8.8777e-05
internal_weight=927.577 124.541 27.7474 96.7939 95.308 88.2667 73.2543 65.0247 22.1365 14.225 6.18731 42.8882 803.036 585.613
internal_count=52811 7045 2925 4120 4073 3998 3195 2847 509 301 192 2338 45766 44496
is_linear=0
shrinkage=0.02


Tree=291
num_leaves=15
num_cat=0
split_feature=13 30 10 31 11 31 30 11 30 2 1 17 13 15
split_gain=5.27313 7.357 6.80348 4.3949 5.20031 4.28594 6.23955 3.75701 5.13711 3.51774 6.73156 8.09508 6.12279 4.06945
threshold=1.0000000180025095e-35 0.59125190973281871 13.550000000000002 0.11161387711763383 0.23076923191547397 0.075414784252643599 0.93363499641418468 0.6591252088546754 0.77526396512985241 1.0000000180025095e-35 -0.3467319282153693 1.0000000180025095e-35 3.5000000000000004 2.5000000000000004
decision_type=2 10 2 8 2 10 8 2 10 2 8 2 2 2
left_child=1 -1 7 4 -2 -6 -7 -3 -9 13 11 -11 -12 -5
right_child=3 2 -4 9 5 6 -8 8 -10 10 12 -13 -14 -15
leaf_value=-0.011268813938096823 0.037173447303877012 0.048104216364968581 -0.01393921279775737 -0.00049293516740643605 -0.0011694531827830688 0.031135141729385387 -0.0077561155530585426 -0.01276991375860536 0.025591970764511245 -0.017280951091632534 0.010848313709073935 0.015573172419598932 -0.0083856650562852339 0.0047782954817251078
leaf_weight=30.433777671481948 1.4443828221410537 0.75847291667014261 2.2631292139412835 753.23232957918663 12.717828591470608 3.764608815778046 2.0134797693463042 1.7252207403071227 2.0670878384262323 9.1097849663346988 43.190558847971261 3.3753224089741698 7.0252932943403712 62.516718311235309
leaf_count=21244 12 51 851 26216 1892 399 450 227 802 74 309 25 84 576
internal_value=0.000176817 -0.0070965 0.010596 0.000485927 0.0095413 0.0055874 0.0184379 0.0231106 0.00911711 0.00026976 0.00479626 -0.00790272 0.00804625 -8.36071e-05
internal_weight=935.638 37.2477 6.81391 898.39 19.9403 18.4959 5.77809 4.55078 3.79231 878.45 62.701 12.4851 50.2159 815.749
internal_count=53212 23175 1931 30037 2753 2741 849 1080 1029 27284 492 99 393 26792
is_linear=0
shrinkage=0.02


Tree=292
num_leaves=15
num_cat=0
split_feature=12 12 0 0 31 6 11 23 7 6 10 0 9 6
split_gain=4.3664 4.4942 3.25123 3.17324 3.30344 4.67551 4.95742 2.80884 3.38398 4.37571 2.67404 4.74437 5.17081 5.73863
threshold=0.061840122565627105 0.075414784252643599 -0.68970232930396824 -0.81561085581779469 0.03619909659028054 29.550000000000004 0.61840122938156139 1.0000000180025095e-35 1.0000000180025095e-35 4.7250000000000005 107.55000000000001 0.38143193840389439 66.550000000000011 350.25000000000006
decision_type=2 2 8 8 10 2 2 2 2 2 2 8 2 2
left_child=3 -2 -3 -1 7 6 -6 8 9 -5 -4 -12 -13 -14
right_child=1 2 10 4 5 -7 -8 -9 -10 -11 11 12 13 -15
leaf_value=-0.010526189025568412 -0.015790555401009314 -0.010260248215460071 -0.00041084418369997732 -0.0056789096018161154 0.018293327541869613 0.038621565649948709 -0.014486316348150587 0.01464584148213652 -0.0067615171029805545 0.029241961637788628 0.012650068815413274 -0.01009372243997666 0.010472890415149401 -0.0082574280642282033
leaf_weight=2.8799361863639206 6.5175458400626658 11.81835113011766 816.72939496662002 2.3037352426909008 4.2302582196425629 2.2604346831212752 1.9583892191876655 6.0901295803487292 10.329026593943125 1.9076032314333131 16.731381939025596 12.333567669964394 20.498568732291464 8.5414799544960243
leaf_count=970 809 2645 43692 602 306 242 409 46 1246 348 488 627 239 87
internal_value=-0.000128164 -0.00039154 -0.000260684 0.00702094 0.00905091 0.0189167 0.00734807 0.00432269 -0.0006653 0.012715 -0.000114037 0.00399428 0.000277973 0.0048723
internal_weight=925.13 893.17 886.653 31.9595 29.0796 8.44908 6.18865 20.6305 14.5404 4.21134 874.834 58.105 41.3736 29.04
internal_count=52756 48587 47778 4169 3199 957 715 2242 2196 950 45133 1441 953 326
is_linear=0
shrinkage=0.02


Tree=293
num_leaves=15
num_cat=0
split_feature=2 7 6 12 31 6 10 6 1 15 31 31 31 12
split_gain=4.32027 3.61243 7.30562 14.5996 7.27243 6.65055 6.81883 4.81589 4.72045 6.68206 6.64556 8.62163 5.15736 4.68866
threshold=2.5000000000000004 1.0000000180025095e-35 10.775000000000002 0.69079941511154186 0.90346908569335949 7.9500000000000011 2.2750000000000004 89.050000000000011 0.13913501197229092 1.0000000180025095e-35 0.90346908569335949 0.40120664238929754 0.70739066600799572 0.027149322442710403
decision_type=2 2 2 2 10 2 2 2 10 2 8 10 10 2
left_child=1 2 4 8 13 6 -6 -5 9 10 11 -4 -13 -1
right_child=-2 -3 3 7 5 -7 -8 -9 -10 -11 -12 12 -14 -15
leaf_value=0.015577925149586462 0.014739069193400123 -0.00095798634970575911 0.0086191713630449571 -0.010267301963600275 -0.0013994247185551928 -0.0078616122721842183 0.029479839669266365 0.014086294146603773 0.0015186987033672425 -0.0032477851028857082 -0.0099983731511095117 0.038855589074515209 0.0096055131923302138 -0.0035266766887247754
leaf_weight=4.4255765632260582 6.6783529091626397 734.69167299842229 10.625660989957401 17.375102401885673 4.2147485322202574 4.551462360774166 7.3630616329610348 3.0357790795969768 9.6583212465047819 5.0203025117516509 2.0103075641673049 12.10109072289197 3.9420191270764908 103.12690721190302
leaf_count=674 59 32941 1326 960 84 150 104 156 136 97 335 951 108 15061
internal_value=-0.0002014 -0.000325451 0.00214563 0.00758774 -0.000698595 0.0114191 0.0190211 -0.00615638 0.0140508 0.0174952 0.0211134 0.0237352 0.0326537 -0.0026043
internal_weight=928.82 922.142 187.45 63.7686 123.682 16.1293 11.5778 20.4109 43.3577 33.6994 28.6791 26.6688 16.0431 107.552
internal_count=53142 53083 20142 4069 16073 338 188 1116 2953 2817 2720 2385 1059 15735
is_linear=0
shrinkage=0.02


Tree=294
num_leaves=15
num_cat=0
split_feature=13 9 24 19 2 19 24 9 6 1 7 6 13 21
split_gain=3.67532 3.65152 5.31969 4.8647 3.42914 8.41238 4.36029 3.42144 4.25497 3.00912 2.86459 9.72532 4.64442 7.11021
threshold=5.5000000000000009 91.730588750000024 1.0000000180025095e-35 69.125000000000014 1.0000000180025095e-35 2.9500000000000006 2.5000000000000004 51.875000000000007 69.050000000000011 -0.23227753490209577 3.5000000000000004 18.100000000000005 3.5000000000000004 1.5000000000000002
decision_type=2 2 2 2 2 2 2 2 2 8 2 2 2 2
left_child=1 4 -3 9 10 -6 7 8 -7 -4 11 -1 -13 -14
right_child=-2 2 3 -5 5 6 -8 -9 -10 -11 -12 12 13 -15
leaf_value=-0.0012350404489249239 -0.014421814171883872 -0.0038053238438499836 0.027295762319715911 0.00013194016862256848 0.0098834034892964513 -0.0078225379930207169 -0.015130963578209122 -0.012463561309538277 0.016971548921420641 0.005563036837182087 -0.0017270811381372407 0.0061965925221928852 -0.020046167397169825 0.018212834956957663
leaf_weight=321.74417033576174 5.9967165244743219 11.638983123004438 7.5747287943959236 7.6427214574068776 39.412895175744779 3.6852792575955373 9.098194221034646 3.661303587257863 6.3677106741815805 4.5076611191034335 380.5748233498889 121.60120051942067 5.5063095446676007 1.8789288867264984
leaf_count=27396 125 151 49 69 320 24 78 30 46 47 19180 5334 136 23
internal_value=1.9157e-05 0.000128262 0.00672776 0.0128266 -0.000110651 0.00437982 -0.00514441 0.00205883 0.00799699 0.0202328 -0.000451633 0.000626733 0.00524452 -0.00930124
internal_weight=930.892 924.895 31.3641 19.7251 893.531 62.2254 22.8125 13.7143 10.053 12.0824 831.305 450.731 128.986 7.38524
internal_count=53008 52883 316 165 52567 498 178 100 70 96 52069 32889 5493 159
is_linear=0
shrinkage=0.02


Tree=295
num_leaves=15
num_cat=0
split_feature=6 12 0 7 11 11 6 15 12 11 0 19 6 0
split_gain=4.27317 10.895 8.95487 8.89958 7.62655 7.11835 5.94576 4.74918 4.85713 6.49549 5.10868 5.03428 4.62757 6.22134
threshold=16.550000000000004 0.90950226783752453 -0.029817743232377375 3.5000000000000004 0.90950226783752453 0.93363499641418468 79.100000000000009 2.5000000000000004 0.73906487226486217 0.97737553715705883 -0.19613624967013626 68.250000000000014 56.050000000000004 -0.18821111372570923
decision_type=2 2 10 2 2 2 2 2 2 2 8 2 2 10
left_child=1 -1 -3 4 6 -6 -2 8 10 -10 -5 -12 -7 -14
right_child=3 2 -4 7 5 12 -8 -9 9 -11 11 -13 13 -15
leaf_value=-0.0019195966347466237 0.0070207571936411386 0.037822677972446067 0.0026686965089873431 -0.0068879047119218672 -0.015310526656449804 0.0073348287943086456 0.021824392215299967 0.0045486937338015147 -0.0091510041541380625 0.0050467753615843882 0.0020242957426701434 -0.013918067836748165 0.0072295874217582299 -0.015849426177659574
leaf_weight=415.7840536403819 69.482746410241816 4.0014736768789589 7.29086831724271 34.808375792345032 9.020785737608092 33.62152337806765 12.399915335990952 64.46987527795136 55.015635674993973 16.032254439371172 182.84730578929884 7.2875840980559579 7.9533542072167647 8.9844194531906378
leaf_count=32120 2696 120 148 3640 478 1562 409 591 1788 454 8086 93 590 219
internal_value=9.33942e-05 -0.00137537 0.0171892 0.00134338 0.00557541 0.000115569 0.00949882 -0.000328305 -0.0014023 -0.00592164 4.5009e-05 0.00134363 0.00311146 -0.00521348
internal_weight=929 427.076 11.2923 501.924 141.463 59.5801 81.8827 360.461 295.991 71.0479 224.943 190.135 50.5593 16.9378
internal_count=52994 32388 268 20606 5954 2849 3105 14652 14061 2242 11819 8179 2371 809
is_linear=0
shrinkage=0.02


Tree=296
num_leaves=15
num_cat=0
split_feature=10 30 6 30 10 19 10 0 11 11 3 6 0 7
split_gain=3.23126 4.00611 3.79643 4.73294 4.12036 3.51832 4.83943 8.13819 8.48772 7.20436 13.61 9.55477 7.2853 6.95324
threshold=97.550000000000011 0.96191552281379711 350.25000000000006 0.99095019698143016 166.75000000000003 1.0000000180025095e-35 8.0500000000000025 0.092103255071450882 0.63084465265274059 0.96870285272598278 1.0000000180025095e-35 5.6000000000000005 0.10171535781291881 3.5000000000000004
decision_type=2 10 2 8 2 2 2 8 2 2 2 2 10 2
left_child=1 5 -2 4 -4 6 9 8 -8 -1 12 -12 -11 -10
right_child=2 -3 3 -5 -6 -7 7 -9 13 10 11 -13 -14 -15
leaf_value=-0.0018377866260020656 0.0056270490917057093 -0.0063507120042785945 0.018879755263858791 -0.012597798758648443 -0.012793709660460286 -0.0034685866484907442 0.010622437328663133 0.00538874200707673 0.00082775424140210858 0.046367234265403283 0.019487908528349508 -0.012017921053395518 0.0063672776555785916 -0.0091433350101657335
leaf_weight=369.74643032252789 66.154457998112775 44.90497690171469 3.8679892668733347 10.347154527436942 1.6402198900468645 116.47065313253552 19.086850265739486 152.76892980199773 64.429000185802579 3.7875513663748288 4.795514341269155 10.491919902968219 3.5331374406814575 48.238970023812726
leaf_count=33073 2031 3334 78 244 34 1439 434 5710 2305 212 244 736 15 3021
internal_value=-0.000234084 -0.00060615 0.00353043 -0.00503228 0.00893153 -0.000273411 0.000280689 0.00226231 -0.00137606 -0.00115842 0.00955954 -0.00154515 0.0301477 -0.00348426
internal_weight=920.264 838.254 82.0098 15.8554 5.50821 793.349 676.878 284.524 131.755 392.355 22.6081 15.2874 7.32069 112.668
internal_count=52910 50523 2387 356 112 47189 45750 11470 5760 34280 1207 980 227 5326
is_linear=0
shrinkage=0.02


Tree=297
num_leaves=15
num_cat=0
split_feature=30 1 30 31 1 9 9 10 1 1 10 5 10 6
split_gain=5.09317 4.41415 4.94149 5.45731 4.39046 6.18148 7.10854 8.54547 5.13376 5.82291 4.36601 4.2697 4.03304 7.30646
threshold=0.88499245047569286 0.015612436344143664 0.89592760801315319 0.95022624731063854 -0.23831070959568021 6.4991875000000006 12.625000000000002 22.550000000000004 -0.64215683937072743 -0.49305500832184868 136.62500000000003 1.0000000180025095e-35 15.550000000000002 14.550000000000002
decision_type=10 10 10 8 10 2 2 2 10 8 2 2 2 2
left_child=-1 4 -3 -4 5 11 7 -7 -8 -10 -11 12 13 -2
right_child=1 2 3 -5 -6 6 8 -9 9 10 -12 -13 -14 -15
leaf_value=0.00095133961543333021 -0.0083062144705102689 -0.013509502502209477 -0.0054319036002371188 0.035007902986754338 -0.0082961330290947429 -0.005795203678819881 -0.015358118277089883 0.037649190053134989 0.020511940929387639 -0.0055363522755959458 0.023900300364301942 0.019458491278619896 -0.0154068011995701 0.010207937203126316
leaf_weight=777.12455405172659 27.937297548283823 1.4528089687228192 1.6783280074596403 2.8520847214385867 53.593976663425565 2.4400765737518659 5.1909143100492683 4.1026773361954838 5.8854900803416967 13.726887509226801 1.3386993128806342 1.7429814303759474 13.366136696771717 11.13632506050635
leaf_count=43163 4875 38 86 56 1309 52 33 60 48 199 16 25 1846 1165
internal_value=0.000305838 -0.00310281 0.0124826 0.0217533 -0.00385025 -0.0010441 0.00572046 0.0228266 0.00075589 0.00526613 -0.00159581 -0.00515441 -0.0063213 -0.00290646
internal_weight=923.569 146.445 5.98322 4.53041 140.461 86.8675 32.6847 6.54275 26.142 20.9511 15.0656 54.1827 52.4398 39.0736
internal_count=52971 9808 180 142 9628 8319 408 112 296 263 215 7911 7886 6040
is_linear=0
shrinkage=0.02


Tree=298
num_leaves=15
num_cat=0
split_feature=1 25 1 10 2 7 6 9 10 1 0 10 9 1
split_gain=4.61509 6.52408 7.85021 6.22719 5.42613 5.73621 6.01532 10.1574 4.89039 5.28211 4.46215 7.50449 6.91733 10.084
threshold=-0.072315415566678767 1.5000000000000002 -0.33615940683842083 6.2750000000000012 1.0000000180025095e-35 1.0000000180025095e-35 11.175000000000002 0.49962900000000005 23.550000000000004 -0.052862606884742404 -0.39743587374687189 6.5500000000000007 55.550933500000006 -0.39939353150757151
decision_type=8 2 10 2 2 2 2 2 2 10 10 2 2 10
left_child=1 3 -3 -1 5 6 -2 8 9 -8 11 -5 -13 -14
right_child=4 2 -4 10 -6 -7 7 -9 -10 -11 -12 12 13 -15
leaf_value=-0.006496474465446077 -0.0005733204261558839 -0.0052685862202399058 0.020664534154081125 0.03089693793503601 0.0074842428631812707 -0.0027176856033221935 0.025015813035922735 -0.0016385848129518007 -0.0079652485426600188 -0.0008266548976201681 0.0045664016072538048 -0.0047877961328703705 0.012949749346349515 -0.002569041883083521
leaf_weight=35.024246116168797 117.92015225952491 6.2687027882784632 14.050488682463763 2.0406808219850054 28.654717245139182 359.63817851810018 16.192116002668634 22.109195607539732 2.2379246195778242 3.8004238549619904 162.94187495857477 80.167529609054327 27.472682069987059 40.033595271408558
leaf_count=675 16150 63 154 49 221 27970 1950 1325 175 62 1949 1348 179 486
internal_value=0.000317603 0.00204862 0.012792 0.00138587 -0.000841059 -0.0013116 0.00180246 0.00799409 0.0172324 0.020298 0.00228676 -0.000208134 -0.000842896 0.0038434
internal_weight=918.553 368 20.3192 347.681 550.553 521.898 162.26 44.3397 22.2305 19.9925 312.656 149.714 147.674 67.5063
internal_count=52756 4903 217 4686 47853 47632 19662 3512 2187 2012 4011 2062 2013 665
is_linear=0
shrinkage=0.02


Tree=299
num_leaves=15
num_cat=0
split_feature=0 25 11 1 1 1 23 6 31 11 7 12 0 1
split_gain=4.29766 4.79652 7.51785 4.91612 8.24184 4.56656 3.98275 3.37247 8.67167 7.6781 14.853 6.28842 5.64104 5.75588
threshold=0.35133960218044241 1.5000000000000002 0.95022624731063854 -0.32578790395517376 -0.11440448258077128 0.16025640070438388 1.5000000000000002 11.050000000000002 0.96870285272598278 0.8355957865715028 1.0000000180025095e-35 0.36953243613243109 0.25313745756565936 0.1659125238656998
decision_type=10 2 2 8 10 8 2 2 10 2 2 2 8 10
left_child=1 6 3 -3 -5 -6 7 8 -1 10 12 -12 13 -9
right_child=-2 2 -4 4 5 -7 -8 9 -10 -11 11 -13 -14 -15
leaf_value=-0.0036345452071084197 0.0048440349891091458 -0.013997456036746686 0.02128163308502249 0.015303900999508858 -0.01149838886103381 0.0076927514055248926 0.01888366784143183 0.031537668459281895 0.01927821056742075 -0.0019954092424064145 -0.0030957214696249792 0.0037859401305818316 0.0064831382712514452 -0.004349260130786182
leaf_weight=217.28416865295731 66.428023181855679 5.7251569516956806 8.8609715867787582 14.9551137201488 11.573374979197977 7.307025263085964 3.1061349511146537 10.47610666695982 5.8308647580561219 341.21653710649116 89.023176199116278 128.66937409230741 11.771812908991707 1.8522029928863037
leaf_count=24371 385 61 86 194 153 65 20 330 67 14981 6076 5415 828 16
internal_value=-1.79315e-05 -0.00039971 0.00564992 0.0017103 0.00469365 -0.00405775 -0.000768226 -0.000867251 -0.0029524 -6.55848e-05 0.00265477 0.000970467 0.0172241 0.0262242
internal_weight=924.08 857.652 48.4216 39.5607 33.8355 18.8804 809.23 806.124 223.115 583.009 241.793 217.693 24.1001 12.3283
internal_count=53048 52663 559 473 412 218 52104 52084 24438 27646 12665 11491 1174 346
is_linear=0
shrinkage=0.02


end of trees

feature_importances:
h_fold_edge_max=467
h_open_pct=449
h_call_edge_min=316
h_pre_pct_min=305
h_step_aside_pct=276
h_pre_pct_max=267
h_netflow_bb=226
h_contrib_max_bb=220
h_pot_bb=211
h_fac=203
h_strong_check_partner=196
h_board_n=98
h_call_max=97
h_pre_junk_call_max=86
h_hu_check=81
h_hu_n=75
h_payoff_bb_max=74
h_both_vpip=72
h_squeeze_max=71
h_raise__max=68
h_fold_ahead_max=52
h_weak_open=41
h_payoff_max=36
h_n_vpip=32
h_hu_strong_check=32
h_open_step_aside=29
h_sd_together=22
h_fold_strong_max=21
h_pre_fold_ahead_max=20
h_third_vpip=20
h_fold_max=19
h_step_aside=18

parameters:
[boosting: gbdt]
[objective: binary]
[metric: binary_logloss]
[tree_learner: serial]
[device_type: cpu]
[data_sample_strategy: bagging]
[data: ]
[valid: ]
[num_iterations: 300]
[learning_rate: 0.02]
[num_leaves: 15]
[num_threads: 10]
[seed: 2]
[deterministic: 0]
[force_col_wise: 0]
[force_row_wise: 0]
[histogram_pool_size: -1]
[max_depth: -1]
[min_data_in_leaf: 20]
[min_sum_hessian_in_leaf: 0.001]
[bagging_fraction: 0.8]
[pos_bagging_fraction: 1]
[neg_bagging_fraction: 1]
[bagging_freq: 1]
[bagging_seed: 29216]
[bagging_by_query: 0]
[feature_fraction: 0.6]
[feature_fraction_bynode: 1]
[feature_fraction_seed: 17795]
[extra_trees: 0]
[extra_seed: 19650]
[early_stopping_round: 0]
[early_stopping_min_delta: 0]
[first_metric_only: 0]
[max_delta_step: 0]
[lambda_l1: 0]
[lambda_l2: 1]
[linear_lambda: 0]
[min_gain_to_split: 0]
[drop_rate: 0.1]
[max_drop: 50]
[skip_drop: 0.5]
[xgboost_dart_mode: 0]
[uniform_drop: 0]
[drop_seed: 24198]
[top_rate: 0.2]
[other_rate: 0.1]
[min_data_per_group: 100]
[max_cat_threshold: 32]
[cat_l2: 10]
[cat_smooth: 10]
[max_cat_to_onehot: 4]
[top_k: 20]
[monotone_constraints: ]
[monotone_constraints_method: basic]
[monotone_penalty: 0]
[feature_contri: ]
[forcedsplits_filename: ]
[refit_decay_rate: 0.9]
[cegb_tradeoff: 1]
[cegb_penalty_split: 0]
[cegb_penalty_feature_lazy: ]
[cegb_penalty_feature_coupled: ]
[path_smooth: 0]
[interaction_constraints: ]
[verbosity: -1]
[saved_feature_importance_type: 0]
[use_quantized_grad: 0]
[num_grad_quant_bins: 4]
[quant_train_renew_leaf: 0]
[stochastic_rounding: 1]
[linear_tree: 0]
[max_bin: 255]
[max_bin_by_feature: ]
[min_data_in_bin: 3]
[bin_construct_sample_cnt: 200000]
[data_random_seed: 45]
[is_enable_sparse: 1]
[enable_bundle: 1]
[use_missing: 1]
[zero_as_missing: 0]
[feature_pre_filter: 1]
[pre_partition: 0]
[two_round: 0]
[header: 0]
[label_column: ]
[weight_column: ]
[group_column: ]
[ignore_column: ]
[categorical_feature: ]
[forcedbins_filename: ]
[precise_float_parser: 0]
[parser_config_file: ]
[objective_seed: 29484]
[num_class: 1]
[is_unbalance: 0]
[scale_pos_weight: 1]
[sigmoid: 1]
[boost_from_average: 1]
[reg_sqrt: 0]
[alpha: 0.9]
[fair_c: 1]
[poisson_max_delta_step: 0.7]
[tweedie_variance_power: 1.5]
[lambdarank_truncation_level: 30]
[lambdarank_norm: 1]
[label_gain: ]
[lambdarank_position_bias_regularization: 0]
[eval_at: ]
[multi_error_top_k: 1]
[auc_mu_weights: ]
[num_machines: 1]
[local_listen_port: 12400]
[time_out: 120]
[machine_list_filename: ]
[machines: ]
[gpu_platform_id: -1]
[gpu_device_id: -1]
[gpu_device_id_list: ]
[gpu_use_dp: 0]
[num_gpu: 1]

end of parameters

pandas_categorical:null
