tree
version=v4
num_class=1
num_tree_per_iteration=1
label_index=0
max_feature_idx=87
objective=binary sigmoid:1
feature_names=contested_rate both_contrib_rate conf_rate hu_rate sd_together_rate adjacent_rate netflow_bb100 grossflow_bb100 flow_asym nosd_flow_max_bb100 loss_share_lr_max loss_share_lr_min payoff_bb100_max payoff_bb100_min hu_check_lift hu_strong_check_lift iso_lift iso_opp_rate step_aside_lift_max step_aside_lift_min blk_call_lift_max blk_raise_lift_min blk_fold_ahead_lift_max blk_netflow_max_bb100 blk_call_lift_frac style_dist fold_lift_max fold_lift_min call_lift_max call_lift_min raise_lift_max raise_lift_min fold_ahead_lift_max fold_ahead_lift_min payoff_lift_max payoff_lift_min fold_strong_lift_max fold_strong_lift_min squeeze_lift_max squeeze_lift_min pre_fold_ahead_lift_max pre_fold_ahead_lift_min junk_call_lift_max junk_call_lift_min costly_fold_lift_max costly_fold_lift_min costly_call_lift_max costly_call_lift_min ev_gift_lift_max ev_gift_lift_min vpip_pres_max vpip_pres_min pfr_pres_max pfr_pres_min open_pres_max open_pres_min wopen_pres_max wopen_pres_min wvpip_pres_max wvpip_pres_min vpip_max vpip_min pfr_max pfr_min af_max af_min wtsd_max wtsd_min fold_rate_max fold_rate_min call_rate_max call_rate_min raise_rate_max raise_rate_min bet_unopened_max bet_unopened_min net_bb100_max net_bb100_min tilt_vpip_max tilt_vpip_min n_shared_frac hands_max_frac hands_min_frac hs_max hs_top3 hs_top5 hs_n50 hs_frac
feature_infos=[0:1] [0:1] [0:1.6666666666666667] [0:1] [0:0.33333333333333331] [0:1] [0:1743.9290032608696] [0:2135.8502728260869] [0:0.99757679347451811] [0:1513.8888888888889] [-3.322915645815959:3.6237047328385437] [-4.5150587410472793:2.1507476667297727] [0:1476.086956521739] [0:295.76271186440681] [-0.16980587912882006:0.39729048156214641] [-0.036350072949649218:0.48488429893501833] [-0.2092725871481444:0.18843708962774264] [0:1] [-0.24828460672678165:0.19206490765078577] [-0.35685621848023713:0.12628676689683938] [-0.10534572620863136:0.44462762598469141] [-0.10212153809000336:0.15822405906286305] [-0.033506123641355967:0.16762090812104372] [0:3465] [0:1] [0.017603052736867963:0.93271010269083954] [-0.25789355014945803:0.21957318337012588] [-0.46691662649341004:0.13459760525880743] [-0.10486088626287496:0.53106272086892792] [-0.20186020002680793:0.26310079156746036] [-0.067219878111755338:0.2355293910908606] [-0.13270297173721318:0.14526552384283803] [-0.04842861342127118:0.25297709226251469] [-0.10203658868274589:0.11527377087452469] [-0.09923566841620593:0.36334596629741561] [-0.16702833325424124:0.11636022214148189] [-0.035230275112970756:0.17971006473052276] [-0.072183791000373282:0.0833486847683821] [-0.053996729135881563:0.23943266590771742] [-0.089046209811566426:0.12458605129578122] [-0.033375656308784828:0.20083528746352458] [-0.062714671917013451:0.11898918368114375] [-0.031909013169067656:0.23189024156802163] [-0.049283091881381802:0.073410364331920566] [-0.12626079079057267:0.22446353345120168] [-0.22711636910161831:0.15546742675454167] [-0.053314468276665687:0.34382174462841364] [-0.10378130932005503:0.1028769593936498] [-1.5359652864393183:13.828562324670617] [-2.6374763495463251:6.1420744067126343] [-0.10054257299627672:0.27364071464127931] [-0.21196569242683194:0.18120518125534321] [-0.13023687046835195:0.24326134089675755] [-0.17470823688271608:0.16118385352917172] [-0.085299837144308957:0.20203260123635719] [-0.13879890046296295:0.082585902940411127] [-0.020370846073382683:0.10751091457947497] [-0.039707407471106217:0.070328558801367874] [-0.042423549627213425:0.13939034435933834] [-0.10299631410256407:0.072597184225690156] [0.13692946058091288:0.84713375796178347] [0.092753623188405798:0.79358717434869741] [0.079872204472843447:0.38867924528301889] [0.045454545454545456:0.30890052356020942] [0.94690265486725667:47] [0.44444444444444442:8.25] [0.098039215686274508:0.5714285714285714] [0:0.44444444444444442] [0.37515683814303641:0.90322580645161288] [0.31161473087818697:0.84313725490196079] [0.077720207253886009:0.63043478260869568] [0.034965034965034968:0.56292286874154263] [0.04878048780487805:0.25842696629213485] [0:0.20300751879699247] [0.26806526806526809:0.84482758620689657] [0.17543859649122806:0.75] [-269.7704081632653:511.01190476190476] [-813.36805555555554:275.32808398950135] [-0.29523809523809524:0.88397790055248615] [-0.56382978723404253:0.42843137254901958] [0.00050000000000000001:0.17799999999999999] [0.097500000000000003:0.48399999999999999] [0.043499999999999997:0.35399999999999998] [0.0006401385512720914:0.98746273253885375] [0.0006401385512720914:0.95088374836041323] [0.0006401385512720914:0.91363063412818535] [0:23] [0:0.66666666666666663]
tree_sizes=1701 1742 1740 1753 1751 1747 1751 1756 1756 1755 1757 1759 1764 1752 1744 1754 1755 1751 1761 1759 1761 1755 1746 1757 1755 1762 1756 1753 1758 1749 1761 1753 1755 1759 1751 1760 1756 1756 1751 1759 1764 1754 1763 1759 1764 1763 1748 1760 1761 1773 1769 1751 1759 1762 1762 1753 1770 1756 1755 1766 1761 1767 1759 1763 1763 1774 1756 1768 1771 1766 1765 1770 1768 1763 1763 1767 1780 1775 1765 1762 1769 1760 1758 1774 1781 1777 1771 1772 1770 1762 1763 1764 1766 1774 1776 1772 1770 1777 1768 1777 1759 1776 1767 1776 1770 1777 1765 1783 1769 1767 1777 1778 1781 1777 1781 1775 1776 1772 1773 1771 1777 1764 1764 1767 1775 1782 1772 1779 1780 1778 1765 1774 1776 1778 1791 1772 1781 1772 1780 1776 1770 1777 1775 1782 1776 1777 1789 1783 1770 1783 1783 1779 1774 1773 1775 1778 1774 1780 1784 1779 1780 1770 1768 1778 1781 1782 1764 1782 1788 1780 1783 1783 1788 1778 1777 1775 1774 1780 1784 1771 1776 1778 1772 1795 1784 1777 1769 1767 1780 1778 1784 1769 1788 1772 1781 1775 1774 1761 1783 1785 1779 1773 1782 1781 1781 1779 1791 1782 1785 1786 1782 1779 1792 1778 1783 1780 1779 1793 1789 1779 1780 1774 1784 1763 1781 1786 1782 1795 1785 1797 1794 1785 1786 1789 1793 1779 1773 1779 1780 1787 1793 1793 1788 1793 1788 1780 1778 1787 1769 1783 1796 1783 1789 1788 1770 1771 1788 1783 1796 1790 1784 1788 1788 1787 1794 1784 1785 1789 1778 1770 1780 1777 1786 1775 1796 1787 1789 1790 1792 1790 1792 1783 1786 1790 1780 1775 1800 1777 1790 1788 1773 1789 1800 1789 1790 1780 1791 1773 1789 1780 1781 1798 1777 1787 1790 1790 1786 1781 1790 1796 1785 1786 1785 1786 1787 1784 1779 1802 1802 1791 1789 1792 1797 1786 1787 1777 1781 1786 1777 1774 1777 1780 1784 1793 1801 1789 1797 1789 1793 1791 1790 1790 1786 1792 1792 1790 1790 1787 1788 1796 1789 1788 1779 1791 1790 1783 1789 1803 1796 1796 1776 1790 1793 1780 1801 1782 1787 1791 1800 1798 1797 1797 1805 1794 1801 1795 1785 1793 1797 1784 1798 1803 1791 1789 1788 1794 1789 1792 1789 1792 1792 1785 1786 1808 1790 1796 1797 1805 1793 1800 1793 1801 1798 1791 1797 1787 1793 1794 1779 1793 1792 1798 1786 1785 1799 1788 1800 1795 1803 1797 1795 1800 1798 1798 1791 1798 1794 1798 1812 1801 1793 1788 1801 1795 1802 1802 1811 1804 1792 1816 1808 1800 1800 1792 1796 1800 1812 1804 1809 1809 1809 1814 1803 1810 1805 1804 1796 1800 1800 1799 1803 1802 1800 1804 1796 1798 1809 1802 1802 1794 1793 1806 1795 1811 1801 1807 1802 1807 1810 1811 1805 1813 1812 1796 1817 1821 1817 1802 1807 1801 1806 1801 1805 1801 1795 1810 1809 1804 1792 1808

Tree=0
num_leaves=15
num_cat=0
split_feature=84 84 69 87 19 50 50 87 50 84 50 15 19 69
split_gain=10481.4 600.391 394.937 296.127 185.311 151.069 95.1179 89.6989 99.5504 68.4387 67.0966 36.1407 19.4891 25.8057
threshold=0.55906922781986479 0.44716524226616766 0.5402524670866925 0.03478523895946764 -0.13381317182138161 0.093361142371923514 0.034386659717349534 0.024490203918432631 0.052456524670807504 0.25401061508954553 0.05422142303272328 -0.001882124992530154 -0.087222462070255066 0.43757951653944027
decision_type=10 10 10 10 8 10 10 10 10 10 10 10 10 10
left_child=1 4 12 10 5 -1 -4 -6 -9 -10 -2 -11 13 -3
right_child=3 2 6 -5 7 -7 -8 8 9 11 -12 -13 -14 -15
leaf_value=-2.8494888522325135 -2.8572521504999551 -2.8702603408484473 -2.8256580890855192 -2.510456623978667 -2.8786702585759683 -2.6831996931751649 -2.5994090015293101 -2.8677662762750176 -2.8691932587894557 -2.8479973709362056 -2.6909095811169186 -2.7299011620910432 -2.8651893984906822 -2.7609209280273874
leaf_weight=6.2569888979196531 1.6924642100930207 1.17959626764059 1.2308830618858326 32.669687934219837 758.27525291591883 2.4617661237716675 4.5645246878266335 20.412144109606746 2.8207736834883672 1.538603827357292 1.3334566503763197 4.2055171281099319 5.8466945439577094 1.0257358849048612
leaf_count=122 33 23 24 637 14785 48 89 398 55 30 26 82 114 20
internal_value=-2.859 -2.87397 -2.74788 -2.52839 -2.8763 -2.7893 -2.63551 -2.87735 -2.84323 -2.78993 -2.76045 -2.75524 -2.84448 -2.80473
internal_weight=845.514 809.818 13.8474 35.6956 795.971 8.71876 5.79541 787.252 28.977 8.56489 3.02592 5.74412 8.05203 2.20533
internal_count=16486 15790 270 696 15520 170 113 15350 565 167 59 112 157 43
is_linear=0
shrinkage=1


Tree=1
num_leaves=15
num_cat=0
split_feature=83 51 50 87 19 58 87 50 87 51 1 68 18 38
split_gain=7494.18 537.249 522.749 158.239 143.268 130.312 97.9613 67.9704 45.7351 72.2583 35.0585 31.7201 21.6218 24.9059
threshold=0.73045416186379353 0.064526605458248232 0.04276199507009313 0.047065337763012187 -0.068553816416272215 0.0086503377413029835 0.02062074829931973 0.033553338304983006 0.02339261285909713 0.03284953253341031 0.41686413902053715 0.67483679762906013 -0.068534762203096053 0.0019840596353341571
decision_type=10 10 10 10 10 10 10 10 10 10 10 10 8 8
left_child=1 3 5 8 -3 -2 -4 -5 12 -10 -7 -9 13 -1
right_child=2 4 6 7 -6 10 -8 11 9 -11 -12 -13 -14 -15
leaf_value=0.077563446621665227 -0.0065062408976186885 0.21335439301003389 0.061693045793064311 -0.006943960153101344 0.022673978064259033 0.15998335620832807 0.25054110798129764 0.01214112336321246 -0.0048562188214240666 0.095285520308298802 0.022493552207579058 0.12928631056445661 -0.019890768858813891 -0.014497645045727569
leaf_weight=1.0375284627079961 4.5329595468938333 4.0328961052000523 1.9096928276121605 3.3076046928763372 2.676705226302146 3.7486048825085163 46.337409511208534 1.4327260628342626 23.586467772722248 2.2712076455354682 1.3141568899154661 3.6560291759669781 745.32004794850945 2.1840619072318082
leaf_count=20 87 68 36 65 52 62 686 26 453 41 24 63 14784 43
internal_value=3.92135e-05 -0.0161694 0.217787 -0.0177841 0.150093 0.0732138 0.244471 0.0640232 -0.0187525 0.00716002 0.133891 0.103715 -0.019656 0.026501
internal_weight=847.348 789.505 57.8428 782.796 6.7096 9.59572 48.2471 8.39636 774.399 25.8577 5.06276 5.08876 748.542 3.22159
internal_count=16510 15615 895 15495 120 173 722 154 15341 494 86 89 14847 63
is_linear=0
shrinkage=0.02


Tree=2
num_leaves=15
num_cat=0
split_feature=84 51 60 53 83 50 83 60 51 18 84 50 51 53
split_gain=6660.96 351.664 200.186 135.245 107.466 127.961 84.7257 47.8219 39.1332 33.2107 31.0728 23.2676 16.6928 40.4915
threshold=0.49331293853825026 0.064526605458248232 0.67462750409923722 0.00184808710512982 0.5924378804093442 0.063273756558881344 0.7764904940749584 0.52494224150124957 0.029256839182046846 -0.077258297453415878 0.32362722979581843 0.013808662412919311 0.050147874739320954 -0.02964058006306711
decision_type=10 10 10 10 10 10 10 10 10 8 10 8 10 10
left_child=1 4 11 -3 9 8 -4 10 -6 -1 -7 -2 -11 -14
right_child=2 3 6 -5 5 7 -8 -9 -10 12 -12 -13 13 -15
leaf_value=0.050057082650651279 0.063584330085552504 0.18963903147982586 -0.0068676524907852823 0.015934079609034341 -0.012321650086208287 0.023450646370107235 0.13006472564548646 0.0036423343496366023 0.073302007539679429 -0.019950545763008927 0.1406718113597713 0.20397254661719974 0.087028669723581337 -0.013236920154425687
leaf_weight=1.8230306878685949 1.6046946905553348 3.4574165083467951 3.2434051707386962 3.3339706994593143 24.028052151203159 1.7058517709374417 2.8290992192924023 2.2623291835188866 1.3384661190211762 728.18981537222862 3.5719639323651791 59.102159455418587 1.0439882613718507 6.7548077143728724
leaf_count=34 27 51 58 60 467 28 37 41 23 14691 56 720 20 135
internal_value=6.90637e-05 -0.016487 0.19023 0.117355 -0.017817 0.0171503 0.0662974 0.0841301 -0.00519495 -0.0193976 0.112555 0.201352 -0.0196373 0.00855069
internal_weight=844.289 777.51 66.7794 6.79139 770.718 32.9067 6.0725 7.54014 25.3665 737.812 5.27782 60.7069 735.989 7.7988
internal_count=16448 15606 842 111 15495 615 95 125 490 14880 84 747 14846 155
is_linear=0
shrinkage=0.02


Tree=3
num_leaves=15
num_cat=0
split_feature=87 51 86 53 87 19 17 57 51 42 87 19 28 48
split_gain=4981.7 419.557 290.072 208.321 123.791 101.644 85.3451 47.0848 36.3796 35.939 29.6393 20.1194 19.5879 17.2921
threshold=0.041885964912280707 0.056112563341467088 1.5000000000000002 -0.014119499754401977 0.020101010101010106 -0.12483183079178171 0.082675697508233406 0.0071043884494467599 0.028126417854455441 -0.00087237368749511592 0.016261237440507673 -0.081631905195453033 0.15817642397199355 0.44959848857244861
decision_type=10 10 10 10 10 10 10 10 8 10 10 10 10 8
left_child=1 4 6 11 12 -6 -2 8 -7 -8 -5 -3 -1 -10
right_child=2 3 -4 10 5 7 9 -9 13 -11 -12 -13 -14 -15
leaf_value=-0.019736573412065785 0.0018130362276633396 0.18128283187071842 0.17075555959830685 -0.012009787922251151 0.1122130836573543 -0.0077409149528561054 0.019742109333216476 0.083916480372912564 -0.0026422774692146968 0.13247644901344174 0.074556690177520729 0.04212368205514002 0.022730871943999018 0.086933754631463134
leaf_weight=712.75557256862521 5.9927419200539571 5.3054323866963387 63.393096189945936 5.672868497669695 3.0425330549478522 30.259357400238517 1.9546816088259218 1.8595711141824711 1.2054199874401046 4.1997353583574295 1.0932075157761572 1.2257360778748987 3.5841100998222819 1.5927852615714075
leaf_count=14632 111 65 657 109 43 575 35 30 20 61 15 21 71 23
internal_value=-0.000288607 -0.0156115 0.153584 0.0918181 -0.0176244 0.0172278 0.0577959 0.00605734 -0.000657792 0.104435 0.00977622 0.164227 -0.0194927 0.0578097
internal_weight=843.137 767.597 75.5403 13.2972 754.299 37.9597 12.1472 34.9171 33.0576 6.15442 6.76608 6.53117 716.34 2.79821
internal_count=16468 15604 864 210 15394 691 207 648 618 96 124 86 14703 43
is_linear=0
shrinkage=0.02


Tree=4
num_leaves=15
num_cat=0
split_feature=84 51 87 60 53 87 50 18 62 50 69 17 56 51
split_gain=4767.11 271.767 209.217 188.292 97.6217 90.1959 58.348 46.5988 23.8917 18.4506 17.4563 25.0518 16.8132 13.6748
threshold=0.44716524226616766 0.064526605458248232 0.035401002506265669 0.48921762380841671 0.0029602978154779085 0.027460098026894562 0.060108139864096154 -0.090191467672944323 0.23638069247825347 0.080502658499407645 0.53117743276218066 0.055485586342009521 0.016743920256971207 0.050147874739320954
decision_type=10 10 10 8 10 10 10 8 10 10 10 10 10 10
left_child=1 5 3 -2 -3 7 12 -1 10 -5 -8 -12 -7 -9
right_child=2 4 -4 9 -6 6 8 13 -10 -11 11 -13 -14 -15
leaf_value=0.076765346311952684 0.13888379314905444 0.14798866942293296 0.14761290474926875 -0.010316764035811714 0.0096826960278779389 -0.010401972740791366 0.0052617606693914389 -0.019931221874209547 -0.0056529247834626126 0.055482996237390905 0.0059294560618478754 0.1119566388930941 0.038603271198178919 0.005809249190442102
leaf_weight=1.0519030354917047 6.0965619049966309 4.3008661121129981 77.832954302430153 8.2466837838292104 3.5624248459935188 15.818220552057033 1.29987472295761 707.51704235002398 1.6307810544967649 1.0911139026284224 1.2466884069144724 3.653189092874527 2.3630377538502207 7.9484368711709967
leaf_count=18 77 49 713 151 64 305 21 14784 28 14 21 54 44 158
internal_value=5.43482e-05 -0.016765 0.134118 0.0612268 0.0934918 -0.0180568 0.0180065 -0.0193892 0.0601897 0.00199515 0.0758885 0.0905573 -0.00235221 -0.0196376
internal_weight=843.66 750.392 93.2673 15.4344 7.86329 742.529 26.0118 716.517 7.83053 9.3378 6.19975 4.89988 18.1813 715.465
internal_count=16501 15546 955 242 113 15433 473 14960 124 165 96 75 349 14942
is_linear=0
shrinkage=0.02


Tree=5
num_leaves=15
num_cat=0
split_feature=84 51 87 87 70 18 51 18 53 85 15 19 70 19
split_gain=4294.18 247.771 107.189 103.89 95.1449 71.0898 64.1123 39.1081 38.5933 37.5561 26.2186 24.4691 18.2351 16.7932
threshold=0.46943022722953437 0.064526605458248232 0.027460098026894562 0.035401002506265669 0.36806325449618138 0.0054322073244283406 0.02709637124736099 -0.068534762203096053 -0.042617378701382387 0.2359421298994209 -0.0018577571262259911 -0.0092859050348696997 0.3568420399333263 -0.095395634493822476
decision_type=10 10 10 10 8 10 10 8 8 8 10 10 10 10
left_child=1 2 7 4 -2 -3 9 8 -1 -4 -11 -5 -12 -6
right_child=3 5 6 11 13 -7 -8 -9 -10 10 12 -13 -14 -15
leaf_value=0.10262917482876413 0.11246544381625198 0.11775609631127187 -0.0091252349689532816 0.13253502619332036 0.049794912176211084 -0.008508318631218776 0.08480145447415792 -0.019787706006236121 -0.0096120678727008111 -0.0082742819197289715 0.09717481439723176 0.042489964664133108 0.0051351749223462109 -0.011446936297553986
leaf_weight=1.1077434942126272 6.2888014875352356 6.0140761099755746 17.334082338958986 84.565609030425549 1.5399788841605184 2.2200270406901836 4.0846841298043719 701.28719860687852 2.5650811530649666 2.1599200926721096 2.3769513815641399 2.4165392667055121 1.3125176876783369 5.2144249230623254
leaf_count=19 73 71 333 686 22 39 58 14907 50 38 34 25 22 94
internal_value=2.66283e-05 -0.0166405 -0.0179164 0.122352 0.0623134 0.0864787 0.0204389 -0.0194269 0.0389589 0.0060612 0.0458265 0.130545 0.0725092 0.00713683
internal_weight=840.488 740.462 732.228 100.025 13.0432 8.2341 27.2682 704.96 3.67282 23.1835 5.84939 86.9821 3.68947 6.7544
internal_count=16471 15571 15461 900 189 110 485 14976 69 427 94 711 56 116
is_linear=0
shrinkage=0.02


Tree=6
num_leaves=15
num_cat=0
split_feature=84 51 53 87 70 87 2 84 87 19 19 15 20 42
split_gain=3879.83 240.359 142.235 120.074 92.8575 66.8512 31.7868 30.9937 23.4012 21.3023 17.9647 24.067 18.2172 28.9343
threshold=0.44716524226616766 0.050147874739320954 -0.019447343388988184 0.035401002506265669 0.33356513676402416 0.044944450678936147 0.35424868766404205 0.29644991347246574 0.018350168350168353 -0.097281440276794293 -0.14730850954333657 -1.0000000180025095e-35 0.14893788507570105 0.027775298725344049
decision_type=10 10 8 10 10 10 10 10 10 8 8 10 10 10
left_child=1 5 6 4 -2 10 -3 -7 -4 -6 11 -1 -12 -14
right_child=3 2 8 -5 9 7 -8 -9 -10 -11 12 -13 13 -15
leaf_value=-0.015374292399574448 0.11305595379512623 0.14042659751473296 -0.0086848958923902517 0.11658704025768295 0.059781874413369789 0.0009920174307744055 0.019914247677190869 0.072542636754581752 0.056982565937173213 -0.00052705091298143822 -0.019747595511864783 0.069698378292779972 -0.013593889194416795 0.069850684128347565
leaf_weight=2.6532553806900983 5.5055296793580082 5.2692966535687447 8.6828914023935813 98.286896198987961 2.2031180113554001 5.3420901447534543 1.4458311982452867 3.4727927856147289 1.8135237991809834 8.6578321196138841 689.07568035274744 1.2087275795638559 4.5094171836972228 1.4286053963005541
leaf_count=52 57 54 167 737 29 97 23 50 25 152 14886 20 96 27
internal_value=0.000474341 -0.0166672 0.0552018 0.10806 0.0530843 -0.0184905 0.120424 0.0336998 0.00663049 0.0157153 -0.019196 0.0201108 -0.019443 0.013656
internal_weight=839.555 724.902 17.2115 114.653 16.3665 707.691 6.71513 8.81488 10.4964 10.861 698.876 3.86198 695.014 5.93802
internal_count=16472 15497 269 975 238 15228 77 147 192 181 15081 72 15009 123
is_linear=0
shrinkage=0.02


Tree=7
num_leaves=15
num_cat=0
split_feature=83 51 51 19 28 56 53 83 51 53 56 86 19 61
split_gain=3325.76 173.448 138.828 81.1731 80.1933 79.9683 47.3182 42.4819 19.3719 60.8193 15.4282 15.0098 11.026 10.845
threshold=0.65928022353727811 0.060361246282284335 -0.0013539678112348544 -0.069448410096533339 0.15817642397199355 0.012471489789257219 -0.016063704381223867 0.40593408127695313 0.038166340478421164 -0.029993492612755478 0.024338465342132808 1.0000000180025095e-35 -0.0046940711674722793 0.36927078123437035
decision_type=10 10 10 8 10 10 10 10 10 8 10 10 10 8
left_child=1 4 3 13 8 -5 -3 -6 -1 -10 -11 -8 -7 -2
right_child=2 6 -4 5 7 12 11 -9 9 10 -12 -13 -14 -15
leaf_value=-0.019640780220985424 0.097985807484349013 0.10496166715057062 0.10480119874151911 -0.0063443448217225711 -0.0043388926916435909 0.09247062004236746 -0.002694456937446384 0.10067451832261604 0.077204142314706112 -0.018861161810131814 0.041327995466211312 0.060759627226300635 0.017586171621135373 0.031356196561051888
leaf_weight=672.96251172572374 11.199444636702534 4.3392439968883991 97.376114875078201 12.222436938434845 2.6497998051345339 4.389928761869669 4.4382928162813169 2.4368814490735531 2.4579798318445683 17.493112981319435 0.93742529675364394 1.1872166804969309 1.5661128871142853 2.3930898085236558
leaf_count=14779 101 42 736 210 55 45 79 33 41 367 18 13 22 32
internal_value=-0.00018918 -0.0172278 0.0927516 0.0537492 -0.0184427 0.023967 0.0618944 0.0542447 -0.0190529 -8.0468e-05 -0.0138304 0.0178464 0.078139 0.0892077
internal_weight=838.05 708.902 129.147 31.771 698.938 18.1785 9.96475 5.08668 693.851 20.8885 18.4305 5.62551 5.95604 13.5925
internal_count=16573 15427 1146 410 15293 277 134 88 15205 426 385 92 67 133
is_linear=0
shrinkage=0.02


Tree=8
num_leaves=15
num_cat=0
split_feature=84 18 50 87 87 26 50 87 84 28 43 50 18 38
split_gain=3112.54 158.245 151.243 81.6806 68.0924 55.2307 54.5804 35.0813 28.1993 27.6083 25.9079 17.8892 21.4164 16.175
threshold=0.4278649980729195 -0.063037934170908597 0.040972288666802921 0.027460098026894562 0.051414221517314306 -0.00074797719699154486 0.062598624772731939 0.016001024065540197 0.25401061508954553 0.11368390533614857 -0.023055378859242123 0.10814489495660033 -0.026162945693011471 0.023209889103516259
decision_type=10 8 10 10 8 10 10 10 10 10 10 10 8 10
left_child=1 5 4 11 9 -1 -5 -4 -8 -2 -9 -3 13 -13
right_child=2 3 7 6 -6 -7 8 10 -10 -11 -12 12 -14 -15
leaf_value=0.0020478654928829921 -0.012227995895594257 -0.019787500477143481 0.0023622169519120664 -0.0033898663427600183 0.08014001464626816 0.095270962789662392 -0.0026194926717821145 0.0099311613300360219 0.07779653631848317 0.062971182091102501 0.099672014885738694 0.068117283105065235 -0.010886404495594261 -0.011450649141550123
leaf_weight=4.1974990554153919 9.9834554232656973 650.0158665664494 1.5877800881862629 18.167999092489485 6.148173674941062 5.6251776628196222 2.2819167226552954 1.5383132509887207 5.6204211562871933 1.3755547329783429 111.11344392597675 1.9023554027080538 10.879996754229067 1.1891804337501524
leaf_count=80 172 14541 29 352 47 63 41 19 68 18 744 28 234 25
internal_value=4.64353e-05 -0.0167723 0.0888461 -0.0179395 0.031779 0.0593043 0.0163083 0.09724 0.0568894 0.00123682 0.0985447 -0.0193066 0.00289233 0.0421927
internal_weight=831.627 699.88 131.747 690.058 17.5072 9.82268 26.0703 114.24 7.90234 11.359 112.652 663.987 13.9715 3.09154
internal_count=16461 15432 1029 15289 237 143 461 792 109 190 763 14828 287 53
is_linear=0
shrinkage=0.02


Tree=9
num_leaves=15
num_cat=0
split_feature=84 51 50 18 60 83 50 18 61 18 30 2 58 31
split_gain=2975.39 155.76 108.949 62.8074 58.3571 37.8523 37.6315 23.6351 21.1402 17.0614 31.5967 16.8418 16.4113 16.4038
threshold=0.4278649980729195 0.050147874739320954 0.040972288666802921 0.0043459307265213973 0.48159184498939317 0.7764904940749584 0.084132757650812892 0.020266524215576457 0.48131197186538371 -0.044107889121360981 -0.006640814266882406 0.30828553597432323 0.019420773372247412 -0.0088996587149395689
decision_type=10 10 10 8 10 10 10 10 10 8 10 10 10 10
left_child=1 5 4 6 -2 9 -3 -7 -4 10 11 -1 -6 -8
right_child=2 3 8 -5 12 7 13 -9 -10 -11 -12 -13 -14 -15
leaf_value=0.082617442231439728 0.072606154229720013 0.00083952747897795719 0.091622405123244419 -0.008026414693488677 -0.016247243402803903 0.072999223907575211 0.10028763064071594 -0.0089224891682871139 0.02850465600432403 -0.019480804829784919 -0.01250635970357376 -0.0033238495218329595 0.033577822859563844 0.020288543931965143
leaf_weight=1.5148301459848892 7.3586600981652763 2.6630252785980693 120.62892463058233 6.6512841954827335 6.8270451165735704 1.9657987467944611 6.4707815200090408 2.3161095567047596 3.2944548204541197 643.48617699369788 13.164309065788981 1.3143099285662172 2.9937639497220516 1.8795283064246158
leaf_count=29 68 49 775 128 117 26 62 41 33 14616 283 28 46 27
internal_value=0.000345122 -0.0169922 0.0836026 0.0401461 0.0337647 -0.018571 0.0674853 0.0353874 0.0901861 -0.0189744 0.00134949 0.052251 0.000640802 0.0863766
internal_weight=822.529 681.426 141.103 17.6646 17.1795 663.762 11.0133 4.28191 123.923 659.48 15.9934 2.82914 9.82081 8.35031
internal_count=16328 15289 1039 266 231 15023 138 67 808 14956 340 57 163 89
is_linear=0
shrinkage=0.02


Tree=10
num_leaves=15
num_cat=0
split_feature=85 51 87 53 60 87 19 51 85 58 51 53 38 18
split_gain=2652.33 163.095 137.137 100.148 50.9626 40.3752 31.7614 29.2585 28.1569 20.1223 19.5386 16.8382 15.9735 12.895
threshold=0.29764828562403445 0.050147874739320954 0.016807909604519777 -0.026263931991370098 0.6896911224201302 0.025320512820512824 -0.099004402275474038 -0.046301937314150159 0.53304337667999713 0.020686350961102037 0.085015699248393597 -0.0073320511775613875 0.0067509996300229294 -0.068534762203096053
decision_type=10 10 10 8 10 10 8 10 10 10 10 10 8 8
left_child=1 5 -2 -3 7 13 12 -4 -6 -8 -5 -11 -7 -1
right_child=2 3 4 10 8 6 9 -9 -10 11 -12 -13 -14 -15
leaf_value=0.015763463144668869 0.00059109501484973877 0.095328479225994564 0.018671343511024559 -0.01123714307202256 -0.0003194610708793723 0.081411816212647703 -0.012564289441231039 0.085496104900022074 0.068889148440911957 -0.003237387265394714 0.051635721914997532 0.070382070996542881 0.0018582564997364211 -0.020046791707036236
leaf_weight=3.3586050719022751 9.0913241505622846 6.9228464961051941 3.3281502462923518 9.1071571707725543 5.506275709718464 1.9154619313776491 19.85465635731817 127.61331513524055 3.0920064114034176 2.403046097606421 1.4583680294454087 1.401321206241845 1.6174171566963198 623.48853689432144
leaf_count=64 176 60 33 175 78 24 382 793 20 46 17 19 25 14486
internal_value=-0.000220336 -0.0171643 0.075937 0.0415741 0.0808068 -0.018796 0.00490162 0.083952 0.0291528 -0.00421878 0.00115551 0.0328853 0.0534355 -0.0198301
internal_weight=820.158 671.527 148.631 17.4884 139.54 654.039 27.1919 130.941 8.59828 23.659 10.5655 3.80437 3.53288 626.847
internal_count=16398 15298 1100 252 924 15046 496 826 98 447 192 65 49 14550
is_linear=0
shrinkage=0.02


Tree=11
num_leaves=15
num_cat=0
split_feature=84 51 53 50 87 56 50 27 18 63 87 18 87 15
split_gain=2427.23 196.053 88.8787 71.1348 55.8391 53.283 46.6839 30.2284 19.5988 19.0035 17.8518 15.223 14.1451 13.8474
threshold=0.44716524226616766 0.050147874739320954 -0.012862979755448365 0.043138949172094494 0.025320512820512824 0.0094163809330364123 0.051288080905686158 -0.13138879084133598 -0.077258297453415878 0.17450593987618288 0.016001024065540197 -0.01187897929219933 0.021858576206402299 -0.001882124992530154
decision_type=10 10 8 10 10 10 10 8 8 8 10 8 10 8
left_child=1 4 11 5 8 7 -6 -2 -1 13 -5 -3 -4 -8
right_child=3 2 12 10 6 -7 9 -9 -10 -11 -12 -13 -14 -15
leaf_value=0.032885089731447791 0.06177976968204997 0.093329796685652666 -0.01231437868475823 0.0043042075637345677 -0.010799077349333715 0.068842579564421816 0.0047279140546628764 -0.015280103641707937 -0.019808089167406999 -0.0087878677370202014 0.079811888522030583 0.021822305721510865 0.040776065466499666 0.065394346871237366
leaf_weight=1.9755219072103498 1.6044355444610117 8.2261645756661874 8.1609047465026396 1.3835300877690304 18.483876384794716 8.0786319077014905 2.1001426540315151 8.3414075896143931 625.59928009286523 2.2563239447772512 124.90824886038899 2.2123112343251696 1.5710031390190113 6.3391313031315768
leaf_count=35 13 65 162 23 377 68 34 126 14793 37 716 29 18 82
internal_value=-0.000526267 -0.0164253 0.0436081 0.073649 -0.0183326 0.033807 0.00846837 0.00165942 -0.0195902 0.0398422 0.079025 0.0814074 -0.000743154 0.0523976
internal_weight=821.241 676.925 20.1704 144.316 656.754 18.0245 29.1795 9.94584 627.575 10.6956 126.292 10.4385 9.73191 8.43927
internal_count=16578 15632 274 946 15358 207 530 139 14828 153 739 94 180 116
is_linear=0
shrinkage=0.02


Tree=12
num_leaves=15
num_cat=0
split_feature=84 51 50 19 60 18 84 24 51 60 42 38 15 15
split_gain=2321 156.718 87.2642 67.8739 54.7012 35.7736 23.3685 50.3165 28.5593 18.3241 16.8979 16.6473 10.4796 10.2898
threshold=0.4278649980729195 0.050147874739320954 0.043138949172094494 -0.075144595426892821 0.48159184498939317 -0.10886177711795143 0.27283995003529843 0.55000000000000016 0.029256839182046846 0.69691690423397756 0.023101624087019389 0.029473454050087809 0.049987385044718245 -0.0036353138638338732
decision_type=10 10 10 8 10 8 10 8 10 10 10 10 10 10
left_child=1 5 4 11 10 -1 12 8 -8 -4 -2 -3 -7 -10
right_child=2 3 9 -5 -6 6 7 -9 13 -11 -12 -13 -14 -15
leaf_value=0.065289637957778687 0.016501029075473208 0.079704763795774028 0.076144166961428936 -0.0032791335202131768 -0.0052806741080134358 -0.020022615453586606 -0.014161405894813002 0.088577714643673339 -0.0043529323787187164 0.031737206505640068 0.074381075751223519 0.0078345860752088159 0.026746844175219501 0.056798212199815609
leaf_weight=1.0806206203997133 3.6176871992647666 8.8737618215382081 130.15107079595327 8.9900217205286044 10.014817140996454 585.35478360950947 45.613157276064157 1.1838169135153283 1.444275423884392 5.849513988941907 7.0899633578956127 1.7509869970381249 1.1044384241104115 2.3313301913440219
leaf_count=13 36 83 721 163 165 14069 1008 14 29 53 48 27 21 39
internal_value=-0.000290635 -0.0167908 0.0686237 0.0376322 0.0285313 -0.0185199 -0.0187642 -0.00558623 -0.00955638 0.0744798 0.0579054 0.0695532 -0.0198892 0.0373929
internal_weight=814.45 657.727 156.723 19.6148 20.7225 638.112 637.032 50.5726 49.3888 136.001 10.7077 10.6247 586.459 3.77561
internal_count=16489 15466 1023 273 249 15193 15180 1090 1076 774 84 110 14090 68
is_linear=0
shrinkage=0.02


Tree=13
num_leaves=15
num_cat=0
split_feature=83 51 50 52 87 87 84 18 85 69 50 51 28 6
split_gain=2224.13 150.9 104.874 64.408 55.5309 39.6191 32.7776 26.7244 24.593 17.6389 16.3487 14.6498 13.7999 15.9438
threshold=0.65928022353727811 0.047646438397510683 0.02384592389201164 0.026171033936546299 0.082650273224043724 0.024243314722303854 0.4278649980729195 -0.077258297453415878 0.38419537273268639 0.55942325001730964 0.071170989508299795 0.085015699248393597 0.14710329537329203 185.18761274911279
decision_type=10 10 10 8 10 10 10 8 10 10 10 10 10 10
left_child=1 4 8 -3 7 11 10 -1 -2 -10 -4 -5 -9 -14
right_child=2 3 6 5 -6 -7 -8 12 9 -11 -12 -13 13 -15
leaf_value=0.037833372018465046 -0.01276883574383428 0.082965368163364722 0.0082321772203698303 -0.016053713554781475 0.064588926933513674 0.065923298907343456 0.070493101904833197 -0.019893734757540322 -0.0015621167045756111 0.074563426576343073 0.054284552556788046 0.039556667936215588 -0.012376276360524274 0.050361126837185896
leaf_weight=2.3704204857349396 8.4048544615507108 6.3154142387211323 6.4779724664986116 10.75099376961589 2.2211520783603182 2.8171673417091361 148.07425018772483 613.59141014516354 2.0456349030137058 1.8683095574378965 5.726592943072319 1.2835046797990788 3.7290577515959731 1.5265033207833765
leaf_count=36 157 56 117 213 26 23 810 14945 31 13 56 15 84 29
internal_value=-4.59008e-05 -0.0171343 0.0635057 0.0342962 -0.0189326 0.00967223 0.0678044 -0.0193346 0.00668411 0.0425551 0.0323153 -0.007543 -0.0196142 0.0109837
internal_weight=817.203 644.606 172.598 21.1671 623.439 14.8517 160.279 621.217 12.3188 3.91394 12.2046 12.0345 618.847 5.25556
internal_count=16611 15427 1184 307 15120 251 983 15094 201 44 173 228 15058 113
is_linear=0
shrinkage=0.02


Tree=14
num_leaves=15
num_cat=0
split_feature=83 51 50 85 53 42 24 70 50 83 2 50 83 51
split_gain=2113.73 127.033 89.1129 50.3343 38.5355 28.6492 28.6535 23.353 17.0226 19.8769 12.805 9.29727 24.613 8.42102
threshold=0.65928022353727811 0.056112563341467088 0.038925313959179149 0.38419537273268639 0.011104881852714995 0.049855611265032344 0.29166666666666669 0.41696761159164092 0.12172018833277103 0.37404493207833506 0.35424868766404205 0.071170989508299795 0.7764904940749584 0.0080963869016185287
decision_type=10 10 10 10 8 10 10 8 10 10 8 10 10 10
left_child=1 5 3 -2 10 8 -7 -5 -1 -10 -3 12 13 -4
right_child=2 4 11 7 -6 6 -8 -9 9 -11 -12 -13 -14 -15
leaf_value=-0.01924623230802134 -0.0082230724715032372 0.074848417408024059 -0.0038669429549393459 0.069463511534220673 -0.007123222216359245 -0.011234217390177452 0.074538112063537124 0.00022047730974748069 -0.012905684975201828 0.052790879982715977 0.019434849516452284 0.069297371784070416 0.062980041915031301 0.033892866173850456
leaf_weight=606.1136589050293 11.123210214078428 6.6555973552167371 3.5151104517281073 6.856044135987756 4.6907167062163362 3.1839947178959838 1.6897328682243822 2.5992663912475118 4.1141707487404338 1.9608838744461534 3.2746932320296773 126.70407124236226 19.964663196355104 5.2003114782273769
leaf_count=14981 201 50 52 48 87 73 21 33 100 28 38 660 121 43
internal_value=-1.96618e-05 -0.0171102 0.061083 0.0207063 0.0394053 -0.0185108 0.0261305 0.0522703 -0.0189083 0.012764 0.0600247 0.0662637 0.0509784 0.0198331
internal_weight=807.646 631.683 175.963 20.5785 14.621 617.062 4.87373 9.45531 612.189 6.07505 9.93029 155.384 28.6801 8.71542
internal_count=16536 15378 1158 282 175 15203 94 81 15109 128 88 876 216 95
is_linear=0
shrinkage=0.02


Tree=15
num_leaves=15
num_cat=0
split_feature=84 51 53 87 87 70 84 5 87 18 18 18 28 7
split_gain=1909.09 172.975 65.9035 57.5579 50.5936 54.0108 32.5647 28.6645 22.7451 19.2165 16.4011 12.4291 12.0506 12.3951
threshold=0.44716524226616766 0.047646438397510683 -0.012862979755448365 0.025320512820512824 0.035401002506265669 0.34139541162462278 0.2826143090492253 0.63667496886674979 0.021858576206402299 -0.077258297453415878 -0.03128876662469162 -0.011204867360370184 0.14710329537329203 408.4455031030472
decision_type=10 10 8 10 10 10 10 10 10 8 8 8 10 10
left_child=1 3 11 9 5 -2 -5 10 -4 -1 -8 -3 -11 -14
right_child=4 2 8 6 -6 -7 7 -9 -10 12 -12 -13 13 -15
leaf_value=0.032425304748396534 0.064394907543300461 0.074190578419185818 -0.01210415584439048 -0.012794873911608105 0.064353659638977559 0.0030624068259404481 0.05486991304837395 0.069674092429755669 0.049207059747544725 -0.01984537533272996 -0.0013046669783048632 0.014847615304809301 -0.0083912848737368352 0.052124064776046614
leaf_weight=1.9958034567534921 9.3040856420993823 10.293500393629072 10.179752234369518 13.562765926122667 144.67492797970772 13.214602325111626 1.6178652755916116 3.8124587237834922 2.0896724984049788 573.12234203144908 9.8877271600067598 2.2776429094374171 3.85773792117834 0.92483522370457638
leaf_count=33 63 73 209 286 713 183 21 52 21 14558 169 31 91 18
internal_value=3.30141e-05 -0.0158446 0.0349547 -0.0179713 0.0599415 0.0300638 0.00931742 0.0284802 0.00125945 -0.019344 0.0103503 0.0653251 -0.0195785 0.0103012
internal_weight=800.816 633.622 24.8406 608.782 167.194 22.5187 28.8808 15.3181 12.2694 579.901 11.5056 12.5711 577.905 4.78257
internal_count=16521 15562 334 15228 959 246 528 242 230 14700 190 104 14667 109
is_linear=0
shrinkage=0.02


Tree=16
num_leaves=15
num_cat=0
split_feature=83 19 50 50 84 84 69 50 1 23 84 18 38 4
split_gain=1846.81 118.358 68.9951 45.1833 36.3125 30.094 39.8374 43.7381 18.4218 11.773 11.5315 11.1421 17.3726 7.82294
threshold=0.65928022353727811 -0.12483183079178171 0.040972288666802921 0.080502658499407645 0.52217112818946532 0.3028452976915435 0.53315988198993136 0.05422142303272328 0.37941420855837144 80.866708385481857 0.34931674458752571 -0.053613316721061947 -0.0048319248237891277 0.039538822303282962
decision_type=10 8 10 10 10 10 10 10 8 8 10 8 10 10
left_child=1 3 4 10 -2 11 -7 13 -6 -9 -1 12 -3 -8
right_child=2 5 -4 -5 8 6 7 9 -10 -11 -12 -13 -14 -15
leaf_value=-0.012887317259363784 -0.0035869960221735601 0.042459480885742938 0.060613390670712246 0.063139248670462014 0.061364799231343387 -0.018937035692986843 -0.013841015058021797 0.004135217769104204 0.0049884467858453416 0.072497577177419684 0.038016803582710701 -0.0196283944537964 -0.014882013121422786 0.031435735616840786
leaf_weight=6.5731882229447391 11.330329246819021 2.1365467123687267 157.8109474517405 8.7922579981386644 7.7196271568536732 18.199423830956221 7.531697563827036 1.3687417469918717 3.4153061471879491 4.8697914853692055 1.327669460326433 555.41874363273382 5.5237103179097176 0.88465259596705426
leaf_count=158 207 40 837 79 46 411 178 22 40 58 16 14278 123 13
internal_value=-0.000156801 -0.0167259 0.0559309 0.0344297 0.0218568 -0.0182141 0.000381601 0.0240499 0.0459091 0.0601421 -0.00102322 -0.0192979 0.00416734 -0.00624891
internal_weight=792.903 612.626 180.276 16.6931 22.4653 595.933 32.8543 14.6549 11.1349 6.23853 7.90086 563.079 7.66026 8.41635
internal_count=16506 15376 1130 253 293 15123 682 271 86 80 174 14441 163 191
is_linear=0
shrinkage=0.02


Tree=17
num_leaves=15
num_cat=0
split_feature=83 51 85 52 87 87 51 61 19 83 24 87 82 51
split_gain=1696.81 131.363 62.7865 48.538 46.1432 46.0367 37.9523 23.4364 19.6718 18.6721 15.1026 11.7032 10.5272 8.6882
threshold=0.65928022353727811 0.047646438397510683 0.29764828562403445 0.022501962363490283 0.023904761904761908 0.069136223967224325 0.039576205553387471 0.48131197186538371 -0.13381317182138161 0.37996837318104154 0.29166666666666669 0.012739370334307045 0.13016666666666668 0.077212457388748199
decision_type=10 10 10 8 8 10 10 10 8 10 8 10 8 10
left_child=1 5 6 -3 13 8 10 11 9 -1 12 -4 -2 -5
right_child=2 3 7 4 -6 -7 -8 -9 -10 -11 -12 -13 -14 -15
leaf_value=-0.012477045492175933 0.029787136457918261 0.069594489601941589 0.0023823196333849247 -0.017655202607059158 0.060746082536213247 0.048128069874354903 0.065424984708157011 0.010633944539601412 -0.019161674151212463 0.049662464633392557 0.042408476468145467 0.058921402916559895 -0.013604383048413939 0.022723731883202144
leaf_weight=3.8342297300696373 1.742538422346114 7.0129313506186008 1.5650298334658135 10.750921633094555 3.9432786479592314 3.2200188077986232 4.1001153476536265 4.7310679256916037 570.35343203321099 2.3660204783082008 2.0902826823294172 156.68981790542603 11.726777669042349 1.7047730162739743
leaf_count=91 26 50 26 223 28 37 26 41 14882 36 24 778 206 23
internal_value=-0.000247269 -0.0164291 0.0529914 0.0291636 0.00886733 -0.0183172 0.0180681 0.0570681 -0.018771 0.0148395 0.00239176 0.0583807 -0.0063201 -0.0108506
internal_weight=785.831 603.186 182.646 23.4119 16.399 579.774 19.6597 162.986 576.554 6.20025 15.5596 158.255 13.4693 12.4557
internal_count=16497 15370 1127 324 274 15046 282 845 15009 127 256 804 232 246
is_linear=0
shrinkage=0.02


Tree=18
num_leaves=15
num_cat=0
split_feature=85 51 50 42 18 53 53 41 86 50 36 70 51 5
split_gain=1670.66 130.011 55.1901 39.1829 36.1174 57.7284 31.2283 22.1615 20.1562 24.2286 20.4791 15.935 14.2646 12.8162
threshold=0.29764828562403445 0.060361246282284335 0.043138949172094494 0.023101624087019389 -0.041650180811033714 -0.054263086568537379 0.0010215823859861877 0.011293057267506923 1.0000000180025095e-35 0.052456524670807504 0.0015683952632717347 0.40485019190293431 -0.019543127352298861 0.65206734867860205
decision_type=10 10 10 10 8 8 8 10 10 10 10 8 10 10
left_child=1 4 3 7 5 12 -3 -2 -6 -10 13 -5 -1 -11
right_child=2 6 -4 11 8 -7 -8 -9 9 10 -12 -13 -14 -15
leaf_value=0.01283666689671583 -0.016364900816969622 0.059393493127445407 0.056155082560769093 0.056874135893267341 -0.019727275471321384 -0.0077755078155321376 -0.0027989174391122125 0.046167541215574738 -0.01595053916885511 0.014039452879843381 -0.0069294041600804551 0.0055198481320120332 0.1034478024550306 0.069904001694920587
leaf_weight=1.3647298701107504 9.9373331703245658 9.9826694093644583 163.73464455455542 10.043143328279253 517.54383435472846 15.622541833668949 4.4514838233590135 1.8647442199289788 31.140217058360577 5.0919860713183871 8.6534335091710073 3.3899439759552488 1.7182389497756956 2.0341767892241478
leaf_count=29 165 62 814 63 13877 363 81 14 739 77 159 53 21 19
internal_value=0.000208524 -0.0161911 0.0518833 0.0230824 -0.0176816 0.00925134 0.0412748 -0.0036502 -0.0185889 -0.0058831 0.013751 0.0451948 0.076305 0.0366261
internal_weight=786.573 597.603 188.97 25.2352 583.169 18.7055 14.4342 11.8021 564.464 46.9198 15.7796 13.4331 3.08297 7.12616
internal_count=16536 15427 1109 295 15284 413 143 179 14871 994 255 116 50 96
is_linear=0
shrinkage=0.02


Tree=19
num_leaves=15
num_cat=0
split_feature=83 19 87 28 50 19 57 87 18 30 70 83 64 57
split_gain=1582.32 117.858 51.5979 51.0722 38.1654 35.3483 31.2631 25.4073 16.5419 18.2402 14.2798 14.1329 11.338 9.45653
threshold=0.65928022353727811 -0.1201997872461376 0.035401002506265669 0.20983815738090253 0.080502658499407645 -0.12483183079178171 0.0034817330551407144 0.090615835777126105 -0.063037934170908597 0.0042826638339202036 0.32592494083418383 0.37996837318104154 2.4296703296703299 0.015994050609731095
decision_type=10 8 10 10 10 8 10 10 8 10 10 10 10 10
left_child=1 4 5 7 11 -2 10 8 9 -3 -7 -1 -13 -10
right_child=2 3 -4 -5 -6 6 -8 -9 13 -11 -12 12 -14 -15
leaf_value=-0.017689081081204105 0.060125982104064529 0.050393626565072833 0.05400232268051583 0.061615903305899319 0.056595666407330429 0.021371762972277723 0.053716897532824832 0.043037867928796228 -0.019243092601232629 -0.015714298273402979 -0.013001223198834538 -0.012021844458177911 0.050856600932215876 0.023675889031413887
leaf_weight=5.5992540344595927 7.3176140338182449 2.0351306423544884 162.60911027342081 2.2521316632628432 9.9614720568060857 6.5539795979857542 4.4328441508114329 1.7631362751126278 553.96289875730872 2.942508764564991 12.431246679276226 1.339711554348469 2.0128005482256413 1.2604204118251789
leaf_count=145 44 28 793 14 86 78 42 21 14883 64 188 31 30 31
internal_value=3.52123e-05 -0.0164119 0.0494689 -0.0180734 0.0315735 0.0245389 0.0114118 -0.0185017 -0.0187717 0.015223 -0.000659526 0.000839892 0.0287404 -0.0191033
internal_weight=776.474 583.129 193.345 564.216 18.9132 30.7357 23.4181 561.964 560.201 4.97764 18.9852 8.95177 3.35251 555.223
internal_count=16478 15333 1145 15041 292 352 308 15027 15006 92 266 206 61 14914
is_linear=0
shrinkage=0.02


Tree=20
num_leaves=15
num_cat=0
split_feature=83 50 50 28 0 58 83 69 87 84 50 52 59 52
split_gain=1548.92 79.3827 57.7542 47.1741 35.8311 30.9121 18.5164 17.8718 16.6886 15.201 11.4009 29.024 11.1122 9.17813
threshold=0.65928022353727811 0.10814489495660033 0.032487896936274872 0.15817642397199355 0.11782974059188894 0.015840050259792422 0.34717686644431922 0.50219781281397335 0.090615835777126105 0.16287140622738502 0.079044784533809823 0.0029554764283595551 0.0090544910159062932 0.014948326282646683
decision_type=10 10 10 10 10 10 10 10 10 10 10 10 10 10
left_child=1 3 5 8 -3 -2 -5 -6 10 13 -1 -12 -13 -9
right_child=2 4 -4 6 7 -7 -8 9 -10 -11 11 12 -14 -15
leaf_value=-0.019429989490073601 -0.012021114159178795 -0.017670924556928654 0.051589416557419415 -0.0078351904887424793 -0.013476297742997268 0.041196841004418866 0.061259725653341986 0.043064250765204135 0.034664069159529007 0.065738457928247049 0.041112818911641959 -0.016713122723245658 0.023706555323124889 -0.0062127952692215905
leaf_weight=510.13591960445046 9.3816505074501055 5.5015244148671654 181.24684248492122 2.1301718316972247 1.7473641037940968 6.6597023867070666 3.2197311073541641 1.6553772166371326 1.4794852174818505 6.9061156176030636 3.3863072842359534 31.818091329187155 2.0980510264635077 3.0181711986660957
leaf_count=14000 163 143 914 52 38 68 33 12 20 62 57 806 44 69
internal_value=0.000186442 -0.0164588 0.0483779 -0.0178403 0.0230582 0.0111937 0.0368469 0.0399315 -0.0184394 0.0484213 -0.0186458 -0.00769442 -0.0136054 0.0157552
internal_weight=770.385 573.096 197.288 554.268 18.8286 16.0414 5.3499 13.327 548.918 11.5797 547.438 37.3024 33.9161 4.67355
internal_count=16481 15336 1145 15012 324 231 85 181 14927 143 14907 907 850 81
is_linear=0
shrinkage=0.02


Tree=21
num_leaves=15
num_cat=0
split_feature=83 87 14 28 87 0 2 25 52 59 53 56 85 70
split_gain=1445.7 88.4464 35.9793 45.4872 23.782 20.1527 53.6397 22.3648 18.8356 24.3213 16.8727 15.9495 15.6724 14.5735
threshold=0.5924378804093442 0.040408163265306128 0.012026579706993419 0.13949964572734627 0.071147356580427465 0.15806129247168557 0.31938608776844074 0.42355522371596693 0.0072949760178718384 0.0049794987224110032 -0.025958778331697931 0.017900561474911481 0.22995182721818758 0.26175483616265305
decision_type=10 10 10 10 10 10 10 8 8 10 10 10 10 10
left_child=4 2 3 11 5 -1 7 10 -4 -10 -7 -2 -3 -8
right_child=1 12 8 -5 -6 6 13 -9 9 -11 -12 -13 -14 -15
leaf_value=-0.019280909809429769 -0.015128903484000832 0.015293827109114125 0.052978267839651989 0.058055463042414761 0.041339695226499495 0.054787413755893848 0.022085362791044585 -0.015392448109841132 -0.00069563168377737711 0.053121710655442779 -0.012296561000338062 0.027599285695335842 0.05150578426845269 -0.01742508786947437
leaf_weight=465.7444869838655 19.522431250661619 5.9880592115223399 12.94913414865732 4.0405414141714564 1.8300088196992863 7.5264969095587722 3.133868880569934 2.8419722318649301 9.6419267393648642 4.1339392289519301 1.4273245446383924 3.2618565596640101 161.10156590864062 62.344621408730745
leaf_count=13070 350 90 101 29 23 98 63 78 128 32 37 32 723 1645
internal_value=5.68082e-05 0.0431337 0.0202401 0.00358576 -0.0174345 -0.0177082 -0.00810391 0.0295534 0.0362244 0.0179564 0.0439326 -0.00810862 0.0503067 -0.0152303
internal_weight=765.488 220.639 53.5498 26.8248 544.849 543.019 77.2743 11.7958 26.725 13.7759 8.95382 22.7843 167.09 65.4785
internal_count=16499 1485 672 411 15014 14991 1921 213 261 160 135 382 813 1708
is_linear=0
shrinkage=0.02


Tree=22
num_leaves=15
num_cat=0
split_feature=83 19 28 84 30 87 80 63 83 87 85 60 83 37
split_gain=1410.2 108.104 52.2275 43.2502 21.626 19.7814 19.4805 19.0596 17.7888 17.2165 16.205 12.4628 24.0372 9.36038
threshold=0.65928022353727811 -0.12483183079178171 0.15817642397199355 0.4278649980729195 1.0000000180025095e-35 0.012739370334307045 0.03216666666666667 0.15397251206767587 0.3634623425816636 0.099242424242424257 0.16544373656508446 0.6373603047311206 0.73045416186379353 -0.0099475886630308024
decision_type=10 8 10 10 8 10 10 8 10 10 10 10 10 10
left_child=1 4 9 6 -1 -5 7 13 -6 -3 -4 -7 -13 -2
right_child=3 2 10 5 8 11 -8 -9 -10 -11 -12 12 -14 -15
leaf_value=0.053910113369793129 0.067507474132661921 -0.018654463594902332 -0.007281056903967408 -0.0085812101099153552 -0.014653846199485619 0.050359645815219588 -0.003730738081695262 -0.004086166968761476 0.033478674541077655 0.036443955558844332 0.057120300935417458 -0.017470303770520723 0.040234659934060252 0.016238204445616571
leaf_weight=7.7859944142401218 4.2206444963812828 530.84773245826364 1.9946512542664994 2.1631945744156829 5.2568172328174132 168.92396487668157 9.9586864560842496 3.5036483369767675 5.1907718554139137 1.3909615837037552 3.8914561569690704 3.1009636558592311 11.827301118522881 3.0756826624274263
leaf_count=73 32 14973 48 34 128 754 171 49 61 16 35 33 71 34
internal_value=0.000453556 -0.0161249 -0.0177632 0.0449236 0.0306353 0.0479887 0.0165142 0.0339163 0.0100958 -0.0184424 0.0374082 0.0486971 0.0279037 0.0504578
internal_weight=763.132 556.358 538.125 206.774 18.2336 186.015 20.7587 10.8 10.4476 532.239 5.88611 183.852 14.9283 7.29633
internal_count=16512 15334 15072 1178 262 892 286 115 189 14989 83 858 104 66
is_linear=0
shrinkage=0.02


Tree=23
num_leaves=15
num_cat=0
split_feature=86 86 51 18 28 51 57 59 60 81 0 51 16 86
split_gain=1178.73 145.833 96.767 42.3037 30.612 22.0526 21.6883 15.7755 12.7626 11.9177 9.78212 9.72278 8.32276 8.0204
threshold=1.0000000180025095e-35 1.5000000000000002 0.02709637124736099 -0.090191467672944323 0.15817642397199355 0.070084032427478238 0.008196670219656239 -0.031031608477295362 0.52188279335767185 0.16558333333333336 0.13101017105871479 -0.030123399882235776 -0.033815040911391613 2.5000000000000004
decision_type=10 10 10 8 8 10 8 10 10 10 10 10 10 10
left_child=3 2 4 -1 6 -5 9 -3 10 -2 -4 13 -11 -9
right_child=1 7 8 5 -6 -7 -8 11 -10 12 -12 -13 -14 -15
leaf_value=0.049436530219553319 0.030694531486060668 -0.0052409221566234966 0.016749296630012421 -0.019225036171018114 0.053750129139386982 0.023800771560204603 0.039390750360033547 0.0014593012741253126 0.0088713517050698562 0.0045904928964937922 0.060212374067736531 0.047047847934408749 -0.014604686388092807 0.037100141622169958
leaf_weight=2.7317204847931862 2.0319137051701537 2.2599516846239558 3.478797432035214 485.8512905575335 2.7911874316632739 4.0070097744464865 3.1248883157968512 4.3751985281705839 3.4868628941476336 11.104767102748154 15.122013323009012 159.83591939508915 39.564033001661301 5.2619113400578499
leaf_count=20 28 21 41 14129 17 43 31 40 49 224 88 723 861 24
internal_value=-0.000345817 0.034715 0.0123375 -0.0183474 -0.00130057 -0.0188253 -0.00495045 0.0450989 0.0470193 -0.00826423 0.053353 0.045797 -0.0103904 0.0225777
internal_weight=745.027 252.437 80.7045 492.59 58.6168 489.858 55.8256 171.733 22.0877 52.7007 18.6008 169.473 50.6688 9.63711
internal_count=16339 2147 1339 14192 1161 14172 1144 808 178 1113 129 787 1085 64
is_linear=0
shrinkage=0.02


Tree=24
num_leaves=15
num_cat=0
split_feature=83 51 50 85 28 69 6 50 53 53 83 69 50 51
split_gain=1278.07 89.9475 77.4143 38.8067 19.4697 17.1603 13.7278 13.6579 15.93 13.4918 11.8392 34.5878 10.3173 7.44409
threshold=0.61936312810428651 0.060361246282284335 0.038925313959179149 0.38419537273268639 0.14710329537329203 0.53315988198993136 221.71294535573125 0.12172018833277103 -0.062235359661856136 -0.016063704381223867 0.7764904940749584 0.5402524670866925 0.093361142371923514 0.028126417854455441
decision_type=10 10 10 10 10 10 10 10 8 10 10 10 10 10
left_child=1 4 3 -2 7 -5 -6 13 -9 -3 11 12 -4 -1
right_child=2 9 10 5 6 -7 -8 8 -10 -11 -12 -13 -14 -15
leaf_value=-0.019552450031739586 -0.010965476416947798 0.049422099398412501 -0.010864839140960942 0.0036426151689964619 -0.0055536883754181343 0.050943783135989761 0.051028210241123854 0.057878333292401621 -0.0076382963216099836 0.0070392714662127044 0.047680769380755238 0.044915143369048997 0.025792473813029973 -0.0089755571152255534
leaf_weight=473.45990128070116 16.144280031323436 7.5460034012794495 7.284315247088669 4.9497212432324869 4.1811742670834056 7.8394543752074242 1.7222586981952188 1.0095535516738889 4.9960934072732917 5.2188863903284055 153.78802611678839 26.792615186423063 3.8959257379174232 30.810832690447569
leaf_count=13992 315 42 87 57 99 41 28 13 124 87 668 175 25 822
internal_value=4.44898e-05 -0.0168236 0.0403663 0.00948746 -0.0181402 0.0342289 0.015954 -0.018565 0.0100647 0.0338643 0.044952 0.0329609 0.0029778 -0.0189252
internal_weight=749.639 528.945 220.694 28.9335 516.18 12.7892 5.90343 510.276 6.00565 12.7649 191.761 37.9729 11.1802 504.271
internal_count=16575 15207 1368 413 15078 98 127 14951 137 129 955 287 112 14814
is_linear=0
shrinkage=0.02


Tree=25
num_leaves=15
num_cat=0
split_feature=83 50 18 56 50 27 18 59 87 28 38 84 52 18
split_gain=1253.65 70.9238 57.8838 45.7152 21.6889 20.1465 14.9395 13.6141 13.2608 12.8474 12.3867 9.81226 9.75685 8.36657
threshold=0.61936312810428651 0.040972288666802921 -0.077258297453415878 0.01121752311713981 0.10814489495660033 -0.13138879084133598 0.0054322073244283406 -0.0083433187626805721 0.02062074829931973 0.15817642397199355 -0.0036104432991301244 0.21840263462537815 0.1225030954241102 -0.02165067912541507
decision_type=10 10 8 10 10 8 10 10 10 10 10 10 10 8
left_child=2 3 -1 5 9 -2 10 -5 13 12 -6 -11 -4 -3
right_child=1 8 4 7 6 -7 -8 -9 -10 11 -12 -13 -14 -15
leaf_value=0.041638230422843127 0.037548007421692148 0.042873018791694369 -0.018922743902504428 -0.0006508569650999417 0.046544664776089803 -0.015121640073290485 -0.015495857326163587 0.051006593313157503 0.045387334936826597 -0.013898972186417781 -0.00019858166409181995 0.038777025114467623 0.025667041060928243 -0.00036043764387000057
leaf_weight=5.7284874245524406 2.4738593362271786 1.7193196006119249 493.23870781809092 2.5063284225761882 3.483923003077507 17.401294168084867 6.3959088735282412 9.4254374168813211 182.60366994142532 1.9781084172427648 4.5707762166857702 1.9415389634668825 1.1490000784397114 5.1936834976077071
leaf_count=49 18 13 14719 34 40 325 173 65 834 49 98 27 25 70
internal_value=-2.97955e-05 0.0397137 -0.0170387 0.0116336 -0.017774 -0.00708121 0.00601857 0.0409444 0.0443407 -0.0184746 0.0229269 0.0147717 -0.0187675 0.0144513
internal_weight=739.81 221.324 518.486 31.8069 512.758 19.8752 14.4506 11.9318 189.517 498.307 8.0547 3.91965 494.388 6.913
internal_count=16539 1359 15180 442 15131 343 311 99 917 14820 138 76 14744 83
is_linear=0
shrinkage=0.02


Tree=26
num_leaves=15
num_cat=0
split_feature=83 51 52 50 58 83 18 52 51 60 85 42 51 18
split_gain=1212.35 90.3353 46.9282 39.8024 47.4726 28.6484 22.5195 37.0153 18.2631 15.6098 12.5773 10.1558 10.101 9.49438
threshold=0.65928022353727811 0.039576205553387471 0.010775015876195131 0.060108139864096154 0.0081566602564102555 0.54311090717484722 -0.041650180811033714 -0.014346967722183994 0.070084032427478238 0.6299453394013822 0.35994199563952117 0.055778783027266625 -0.02199422377401122 0.01778481068057414
decision_type=10 10 8 10 10 8 8 8 10 10 10 10 8 10
left_child=1 6 -3 4 -2 8 7 12 -4 10 13 -8 -1 -6
right_child=3 2 5 -5 9 -7 11 -9 -10 -11 -12 -13 -14 -15
leaf_value=0.0020907814073464715 -0.0096555171082749053 0.061847418587368842 -0.019549520099955468 0.044793969474105244 0.037541313269412263 0.038150064095655391 -0.019340224134757208 -0.0090941396738607912 0.025049410318329707 0.001336500795626296 0.049241506451608234 0.015296883178315408 0.087686995192186576 -0.0060874590886295559
leaf_weight=0.78329557552933693 12.635333068668841 6.13645214214921 14.449087940156469 168.20948262140155 2.6763036400079789 5.9225700050592414 474.95034547150135 12.383994169533251 3.8892695195972911 4.6324284225702277 19.512707196176052 2.7186698690056792 1.3742131516337397 3.8515693731606007
leaf_count=22 193 42 375 737 35 49 14464 323 43 50 89 59 18 51
internal_value=5.71449e-05 -0.0162946 0.0167504 0.0403448 0.0224434 0.00334697 -0.0183652 0.00580383 -0.0092846 0.0355534 0.0413658 -0.0191115 0.067115 0.0144104
internal_weight=734.126 522.608 30.3974 211.518 43.3083 24.2609 492.211 14.5415 18.3384 30.673 26.0406 477.669 2.15751 6.52787
internal_count=16550 15395 509 1155 418 467 14886 363 418 225 175 14523 40 86
is_linear=0
shrinkage=0.02


Tree=27
num_leaves=15
num_cat=0
split_feature=83 50 50 56 84 83 60 15 59 0 28 56 28 18
split_gain=1153 81.2356 58.1012 29.7914 28.4585 17.4513 45.4092 14.4265 13.2508 11.479 12.8941 16.9632 10.7252 9.59618
threshold=0.5924378804093442 0.032148644412842993 0.10814489495660033 0.01121752311713981 0.16287140622738502 0.7764904940749584 0.5143357771796716 -0.00098008811250445741 -1.0000000180025095e-35 0.12912287060529179 0.096294665458124859 0.014855424538373999 0.15817642397199355 -0.044107889121360981
decision_type=10 10 10 10 10 10 10 10 10 10 10 10 10 8
left_child=2 3 12 -2 -4 6 9 -6 -5 10 11 -3 13 -1
right_child=1 5 4 8 7 -7 -8 -9 -10 -11 -12 -13 -14 -15
leaf_value=-0.0020791525136761354 -0.013644819857756309 -0.018750449449249959 -0.0049798475142492716 0.0047109093697429404 -0.0017608813099206655 0.043973103145336173 -0.0057286051560000118 0.059389008629538623 0.0528788386301473 0.047474922976434741 0.045350813705503812 0.034650175321120733 0.013049848081891358 -0.019352439789018107
leaf_weight=13.497209534049032 16.147373564541343 4.6975092701613885 9.4712304659187811 4.5903177857398987 1.9504366070032118 160.38760611787438 11.373328007757662 5.4926155507564536 4.017368406057356 24.31430758908391 4.1586170457303524 3.1007179729640484 3.5946983806788912 460.1055540330708
leaf_count=334 321 71 230 57 40 689 140 46 25 137 25 21 71 14313
internal_value=-1.50303e-05 0.036591 -0.0173 0.00223938 0.0183233 0.0406485 0.0287827 0.0450542 0.0303557 0.0394676 0.0207772 0.0040076 -0.0185984 -0.0188656
internal_weight=726.899 232.787 494.112 24.7551 16.9143 208.032 47.6445 7.44305 8.60769 36.2712 11.9568 7.79823 477.197 473.603
internal_count=16520 1486 15034 403 316 1083 394 86 82 254 117 92 14718 14647
is_linear=0
shrinkage=0.02


Tree=28
num_leaves=15
num_cat=0
split_feature=83 19 50 42 50 50 87 85 85 87 83 56 85 80
split_gain=1115.82 80.0737 62.9935 26.2605 22.1203 20.517 18.606 14.3018 12.2023 11.6433 10.6724 8.8751 8.72115 8.34201
threshold=0.61936312810428651 -0.1201997872461376 0.032148644412842993 0.027775298725344049 0.080502658499407645 0.11124360851163824 0.015444245676803818 0.1083664283542322 0.48612350158504336 0.090615835777126105 0.37996837318104154 0.0096712077970972418 0.21079209990582279 0.038583333333333338
decision_type=10 8 10 10 10 10 10 10 10 10 10 10 10 10
left_child=1 4 3 8 10 9 -4 -7 -2 -3 -1 -5 -8 -12
right_child=2 5 6 11 -6 7 12 -9 -10 -11 13 -13 -14 -15
leaf_value=-0.017347614062474228 -0.018378136998135338 -0.018892637021046734 -0.0067100968730557384 0.0027225901440900858 0.042888182468162638 -0.010189316620858426 0.014017063063560653 0.032840706816904652 0.026032550663234462 0.033400763228342345 0.045400661635690051 0.046136554998357816 0.041543208613064771 -0.01126349665287618
leaf_weight=5.0911130700260427 12.744934465736153 463.33756738528609 3.0833596698939791 2.9439851641654959 9.7939955405890924 6.4781885817646963 6.0295094959437838 4.36894865706563 2.1019824780523768 0.83831954002380271 1.6714239530265333 4.9721605777740479 199.34121549502015 1.1673876568675039
leaf_count=149 260 14585 50 42 85 178 74 68 14 12 28 31 901 30
internal_value=0.000484814 -0.0165204 0.0366397 0.00481499 0.0242546 -0.0180895 0.0400754 0.00845119 -0.0108446 -0.0187266 -0.000984804 0.0321072 0.0408069 0.0252349
internal_weight=723.964 492.747 231.217 22.7631 17.7239 475.023 208.454 10.8471 14.8469 464.176 7.92992 7.91615 205.371 2.83881
internal_count=16507 15135 1372 347 292 14843 1025 246 274 14597 207 73 975 58
is_linear=0
shrinkage=0.02


Tree=29
num_leaves=15
num_cat=0
split_feature=83 50 51 85 53 18 50 85 69 28 57 85 28 6
split_gain=1058.7 85.845 67.409 33.3488 26.7003 17.1793 12.9372 14.7004 17.5934 11.6289 9.94869 9.69872 7.20221 9.3383
threshold=0.5924378804093442 0.040972288666802921 0.056112563341467088 0.44386905409445288 -0.014119499754401977 -0.077258297453415878 0.071170989508299795 0.44386905409445288 0.5402524670866925 0.15817642397199355 0.015994050609731095 0.26393749977211955 0.13250880501063098 221.71294535573125
decision_type=10 10 10 10 10 8 10 10 10 8 10 10 10 10
left_child=2 3 5 9 -4 -1 7 8 -3 -2 12 -10 -7 -14
right_child=1 6 4 -5 -6 10 -8 -9 11 -11 -12 -13 13 -15
leaf_value=0.029720652671196338 -0.012847868790556301 -0.010514604882951353 0.045914420313596542 0.035662517895775458 -0.008581156926061392 -0.019129065239726167 0.041898924046606861 0.038721296394472741 0.0060039770810885879 0.030913521595793227 0.026543910051850292 0.042385352096602852 -0.011798079109161412 0.032657571540147159
leaf_weight=2.1022789962589741 21.844749208539728 6.9982071481645134 8.3246691934764367 8.5134316682815534 5.409487832337617 452.83235073834658 164.94109876081347 21.819714855402708 5.4067523293197137 1.7629282996058453 1.112871404737233 6.5628957897424698 5.7756358459591857 1.6216420736163852
leaf_count=30 435 84 49 50 111 14582 720 94 74 10 26 35 167 38
internal_value=0.000123144 0.034509 -0.0170528 0.00396057 0.0253246 -0.0183605 0.0392364 0.0277243 0.0137683 -0.00845649 -0.0186434 0.0276817 -0.01881 0.00067605
internal_weight=715.029 237.85 477.179 32.1211 13.7342 463.445 205.729 40.7876 18.9679 23.6077 461.343 11.9696 460.23 7.39728
internal_count=16505 1502 15003 495 160 14843 1007 287 193 445 14813 109 14787 205
is_linear=0
shrinkage=0.02


Tree=30
num_leaves=15
num_cat=0
split_feature=86 51 86 51 42 60 60 86 53 17 38 0 58 53
split_gain=930.356 100.762 46.6763 45.4228 31.7937 31.4643 17.6144 15.9343 12.1466 18.5121 9.54944 9.03301 11.8919 8.5273
threshold=1.0000000180025095e-35 -0.0013539678112348544 2.5000000000000004 0.070084032427478238 0.027775298725344049 0.6373603047311206 0.4841819158686515 3.5000000000000004 -0.085173446351732129 0.082675697508233406 -0.0039494751782114023 0.096871945259042039 0.01154647156749714 -0.075143891513852895
decision_type=10 10 10 10 10 10 8 10 8 10 8 10 10 10
left_child=3 2 4 8 13 11 -6 -7 9 -1 -11 12 -3 -2
right_child=1 5 -4 -5 6 7 -8 -9 -10 10 -12 -13 -14 -15
leaf_value=-0.017361401724581071 0.017731429153783521 -0.012056560962727369 0.038206660220513194 0.03156076085989562 0.041405401833877441 -0.008932954119844707 -0.0035444871570153138 0.034093388362503287 -0.019034088710942337 0.063248261170191278 0.001084248747659675 0.040607298020338689 0.03266105944426554 -0.011259894398759776
leaf_weight=5.2936634346842748 3.6323357447981826 3.1331779621541482 16.157105829566717 6.4827554486691943 8.7509035132825339 8.722349436953662 5.1988335233181724 4.3877540975809088 426.88992769829929 1.3832908999174831 1.7496690638363364 168.39365011453629 5.3504946026951075 37.920002944767475
leaf_count=176 45 61 70 56 75 123 83 18 14002 36 50 837 45 794
internal_value=-7.04881e-05 0.0297519 0.0093751 -0.0177595 0.000454341 0.0373482 0.0255368 0.00686299 -0.0185646 0.00471574 0.0371938 0.0395565 0.0166161 -0.00836845
internal_weight=703.446 261.647 71.6592 441.799 55.5021 189.987 13.9497 13.1101 435.317 8.42662 3.13296 176.877 8.48367 41.5523
internal_count=16471 2151 1067 14320 997 1084 158 141 14264 262 86 943 106 839
is_linear=0
shrinkage=0.02


Tree=31
num_leaves=15
num_cat=0
split_feature=84 87 51 51 19 19 57 15 28 6 28 41 19 30
split_gain=1003.96 80.2464 57.2891 47.2853 24.8196 23.0835 20.0865 12.091 9.31459 8.0804 6.9293 6.79656 6.53269 6.51501
threshold=0.32362722979581843 0.031754032258064523 0.050147874739320954 0.038166340478421164 -0.12483183079178171 -0.076117277091250365 0.0076280993699605389 0.046052185025204827 0.14710329537329203 283.56313234519104 0.13250880501063098 0.015498068334854769 -0.040848461321618283 0.0095146950931123495
decision_type=10 10 10 10 10 8 10 10 10 10 8 10 10 10
left_child=2 3 7 4 -2 13 10 8 -1 -10 11 -6 -9 -4
right_child=1 -3 5 -5 6 -7 -8 12 9 -11 -12 -13 -14 -15
leaf_value=-0.019066283194788834 0.037816834885952791 0.039197595447171565 0.050022461011622228 0.040163155031522367 -0.019081557282040727 -0.0070162403585382572 0.036244215523099602 0.041429779828600959 -0.0075044346768128106 0.042136932589669211 0.01629141478615655 0.0174333210106947 -0.011083428057533698 0.010529578742580139
leaf_weight=438.77369339391589 4.3819633759558156 188.91093669459224 5.8296439312398416 14.06465641222894 25.301955800503503 7.4177023954689529 2.6383993662893763 1.2239460218697789 3.5030428506433955 0.9011268950998782 2.039425594732168 1.4452714826911677 1.0652561727911223 3.0681269057095051
leaf_count=14561 38 848 36 85 583 160 25 22 89 17 29 18 26 44
internal_value=4.40196e-05 0.0332583 -0.0171655 0.0104323 -0.00201964 0.0187931 -0.00856947 -0.0185216 -0.018773 0.00857021 -0.0137557 -0.0165513 0.021053 0.0388442
internal_weight=700.565 238.783 461.783 49.8717 35.807 16.3155 31.4251 445.467 443.178 4.40417 28.7867 26.7472 2.2892 8.89777
internal_count=16581 1626 14955 778 693 240 655 14715 14667 106 630 601 48 80
is_linear=0
shrinkage=0.02


Tree=32
num_leaves=15
num_cat=0
split_feature=84 50 87 19 50 60 83 58 60 1 24 17 58 30
split_gain=949.939 94.2033 50.298 33.1687 22.1578 13.2939 22.4742 13.0995 18.7019 15.8042 11.1516 13.6829 10.3985 10.3012
threshold=0.3028452976915435 0.05422142303272328 0.044944450678936147 -0.1201997872461376 0.076049392199541266 0.64570970244710535 0.7764904940749584 0.016072647588554947 0.52188279335767185 0.31139808227652338 0.70833333333333337 0.080776711211493837 0.0086503377413029835 0.005444534318039305
decision_type=10 10 10 8 10 10 10 10 8 10 8 10 10 10
left_child=3 2 7 4 -1 -3 -7 -2 9 -9 -5 -12 -4 -13
right_child=1 5 12 10 -6 6 -8 8 -10 -11 11 13 -14 -15
leaf_value=-0.014717168894069238 -0.016220772324738019 0.039494517175267335 -0.0011482103684734941 -0.018682194678001009 0.034616518832626141 -0.010013173586617238 0.037454954086323745 -0.0095949757277188057 -0.015137028455483726 0.05342091636767899 -0.017105085982168779 0.046797167197737667 0.038856141359560947 -0.011821717023220751
leaf_weight=5.7234185840934497 21.812478547915816 179.96120670810342 3.0086609609425095 422.42242913879454 7.2802922818809748 6.2827157862484446 8.5079492256045324 2.0271815322339508 5.5940052773803481 3.6016329471021891 4.8595375642180425 2.5148072745651011 15.780848063528536 1.3102285806089637
leaf_count=169 517 848 26 14190 71 88 38 33 129 37 166 60 77 38
internal_value=0.000200532 0.0316045 0.00746551 -0.0172672 0.0134025 0.0379571 0.0179344 -0.00743557 0.00956932 0.0327023 -0.0182212 0.00381475 0.0327161 0.0284293
internal_weight=690.687 246.577 51.8248 444.111 13.0037 194.752 14.7907 33.0353 11.2228 5.62881 431.107 8.68457 18.7895 3.82504
internal_count=16487 1793 819 14694 240 974 126 716 199 70 14454 264 103 98
is_linear=0
shrinkage=0.02


Tree=33
num_leaves=15
num_cat=0
split_feature=83 50 18 85 30 60 50 60 83 50 22 80 74 50
split_gain=909.108 60.7423 60.2212 41.457 34.5318 17.441 15.8618 11.9507 10.235 9.60189 8.62093 8.13829 7.90111 7.67721
threshold=0.5924378804093442 0.063273756558881344 -0.049806861958348901 0.38419537273268639 -0.0060862658327306201 0.65502903433937931 0.12172018833277103 0.36209297858034778 0.37404493207833506 0.018668947779726639 1.0408340855860844e-17 0.026166666666666668 0.7544076708939067 0.10814489495660033
decision_type=10 10 8 10 10 10 10 10 10 10 10 10 10 8
left_child=2 3 4 7 -1 -5 12 9 -8 -2 -11 -9 -4 -6
right_child=1 -3 6 5 13 -7 8 11 -10 10 -12 -13 -14 -15
leaf_value=0.055964304194922071 -0.015116617663402223 0.037886312919747762 -0.018737927175727226 0.036418337924445057 -0.013343566375669315 -0.005604909123336028 -0.0090553949789962673 0.011887038106855919 0.035847584218333853 0.054384804092073899 0.0092094187293238258 -0.017317419063928696 0.026754474932329395 0.023994531419592766
leaf_weight=5.7768374457955352 2.49701000377536 172.27990495041013 427.92555547878146 25.934108939021829 7.0233992189168921 4.3419147729873648 3.8995569199323645 4.1433669086545732 2.6371534429490566 1.8016459122300146 5.6374423410743475 16.093833841383457 0.70063051953911681 2.0503265280276528
leaf_count=60 60 756 14668 122 188 48 110 58 27 18 74 318 23 17
internal_value=-0.000173499 0.0318387 -0.0167628 0.0142671 0.0217905 0.0304052 -0.0181255 -0.00238187 0.0114129 0.0146881 0.0252982 -0.0110599 -0.0186015 -0.00336217
internal_weight=682.743 232.729 450.013 60.4493 14.8506 30.276 435.163 30.1733 6.53671 9.9361 7.43909 20.2372 428.626 9.07373
internal_count=16547 1454 15093 698 265 170 14828 528 137 152 92 376 14691 205
is_linear=0
shrinkage=0.02


Tree=34
num_leaves=15
num_cat=0
split_feature=84 51 53 87 87 60 84 87 60 19 53 2 51 28
split_gain=885.121 101.112 45.3334 36.288 20.5516 16.9597 23.6184 16.297 15.1838 10.4438 21.3586 12.5532 9.81158 7.91813
threshold=0.39775685758365437 0.041406368752549723 -0.026263931991370098 0.020101010101010106 0.076436222005842283 0.6373603047311206 0.63533142302484602 0.01739261947973382 0.48159184498939317 -0.10375747732449318 -0.058491280185165424 0.27456060144264965 -0.048664828395392414 0.13250880501063098
decision_type=10 10 8 10 10 10 10 8 8 8 8 10 10 10
left_child=1 4 -3 8 9 12 -7 -4 -2 10 11 -1 -5 -11
right_child=3 2 7 5 -6 6 -8 -9 -10 13 -12 -13 -14 -15
leaf_value=0.061490283115323445 0.026447717155593173 0.048832821512414054 -0.012414126635689079 0.0029441238089680873 0.032569894872529918 -0.0076831182550366559 0.035777107492039224 0.028004058373621122 -0.013345508729124954 -0.019373206135055231 -0.013741008965134605 -0.01074442617616342 0.037920052691795519 0.004305018159170261
leaf_weight=1.8440409209579232 5.2574164997786257 11.609291411936281 12.906562684103852 3.444744959473609 2.3098772987723342 8.7406711764633673 9.8400578312575799 4.59700784087181 8.9283005502074957 408.60019992105663 13.176926005631687 1.062536336481571 180.34085036627948 5.393499018624424
leaf_count=27 44 78 341 26 34 94 41 39 186 14206 392 30 784 156
internal_value=-9.80127e-06 -0.0156588 0.01992 0.0332588 -0.0180947 0.0354165 0.0159845 -0.000859234 0.00217284 -0.0184418 -0.0024635 0.0390931 0.037284 -0.0190551
internal_weight=678.052 461.5 29.1129 216.552 432.387 202.366 18.5807 17.5036 14.1857 430.077 16.0835 2.90658 183.786 413.994
internal_count=16478 15303 458 1175 14845 945 135 380 230 14811 449 57 810 14362
is_linear=0
shrinkage=0.02


Tree=35
num_leaves=15
num_cat=0
split_feature=83 50 50 58 42 30 15 83 0 28 16 42 53 16
split_gain=832.542 59.9641 50.9496 37.3522 20.617 19.9412 12.8469 11.6455 11.6049 10.776 10.4322 10.0811 5.66487 14.7038
threshold=0.5924378804093442 0.055450257508235991 0.10536311932786044 0.0086503377413029835 0.019341687678531391 -0.006640814266882406 0.044753158032502412 0.7764904940749584 0.11782974059188894 0.13250880501063098 -0.052071636369282769 0.030724394653477625 -0.082625899674857908 -0.02445838518160506
decision_type=10 10 10 10 10 8 10 10 10 10 8 10 8 10
left_child=2 3 6 -2 7 8 9 -5 -4 12 -8 -11 13 -1
right_child=1 -3 5 4 -6 -7 10 -9 -10 11 -12 -13 -14 -15
leaf_value=0.032436780054132017 -0.012321279014006781 0.03558866054826626 -0.011572555404538075 -0.013081589741127081 0.034470263447610477 -0.0033929799502399696 0.049592646751866143 0.0267275663729192 0.046130159801874876 -0.005184956102729882 -0.012579395243504838 0.048336076290440691 -0.018777162895337693 -0.017834087487026026
leaf_weight=2.3918213844299316 17.667531779035926 185.53257484361529 1.2659750431776027 7.469708230346443 20.857842963188887 10.083261376246812 1.1722426172345874 3.5024764910340309 6.9760015737265348 6.5394226070493451 1.5173937380313867 0.74498445354402054 397.70967691577971 6.4348029494285566
leaf_count=76 337 843 40 122 139 247 13 27 67 178 48 18 14133 228
internal_value=0.00013063 0.0303835 -0.0162534 0.0105546 0.0232406 0.0157362 -0.0176951 0.000797097 0.0369738 -0.0179932 0.0206145 0.00546257 -0.0184259 -0.00229714
internal_weight=669.866 235.03 434.836 49.4976 31.83 18.3252 416.51 10.9722 8.24198 413.821 2.68964 7.28441 406.536 8.82662
internal_count=16516 1468 15048 625 288 354 14694 149 107 14633 61 196 14437 304
is_linear=0
shrinkage=0.02


Tree=36
num_leaves=15
num_cat=0
split_feature=83 18 83 60 30 17 15 14 24 17 62 10 2 26
split_gain=816.831 52.6435 48.8717 40.1633 32.7274 23.3928 14.7306 11.2964 9.38852 12.0027 9.17238 8.31244 6.92639 6.79771
threshold=0.5924378804093442 -0.041650180811033714 0.7764904940749584 0.4841819158686515 0.0078738778617536368 0.068237250554323739 -0.0013967874700892364 0.037316543489479333 0.55000000000000016 0.081421656319057165 0.15599671592775044 1.9713821985959572 0.42471814765426114 0.034605439836980119
decision_type=10 8 10 10 8 10 10 10 8 10 10 8 10 10
left_child=1 4 3 5 6 10 -1 11 -3 -10 -2 -5 -11 -7
right_child=2 8 -4 7 -6 13 -8 -9 9 12 -12 -13 -14 -15
leaf_value=-0.0014069860750129408 0.023104931064908751 -0.018560644546335693 0.035557533915314653 -0.019868928742505773 -0.011625015426429889 0.037942595866233372 0.051137080170232857 0.016317988594690747 -0.016891876596287238 0.048045834292430999 -0.014073915077666279 0.017296421207885677 -0.0018079107635472597 0.012178548406158897
leaf_weight=2.7850628551095724 3.0606321133673173 401.05301661789417 167.68163241073489 14.849999759346247 9.4105269908905047 27.299830328673124 7.4502637255936843 5.4758367221802464 4.5740558337420207 1.6212911009788515 6.673637917265296 2.0452369786798998 1.8181029390543697 6.2229430619627228
leaf_count=65 24 14432 758 250 271 156 75 63 167 46 135 11 46 56
internal_value=-0.000212689 -0.0165923 0.0298275 0.0148733 0.0148104 0.0259294 0.037987 -0.00669966 -0.0181328 0.00296124 -0.00132077 -0.0146548 0.0272216 0.0336512
internal_weight=662.022 428.712 233.31 65.6281 19.6459 43.257 10.2353 22.3711 409.066 8.01345 9.73427 16.8952 3.43939 33.5228
internal_count=16555 15102 1453 695 411 371 140 324 14691 259 159 261 92 212
is_linear=0
shrinkage=0.02


Tree=37
num_leaves=15
num_cat=0
split_feature=84 87 60 50 52 84 82 50 50 68 62 39 46 20
split_gain=802.192 55.4499 37.412 37.0487 26.8146 11.1941 17.1796 9.29384 9.13799 9.1373 8.83156 8.78197 7.48437 5.10799
threshold=0.34931674458752571 0.031009615384615389 0.4773030303030304 0.099254455501078767 0.022501962363490283 0.2826143090492253 0.14416666666666669 0.038925313959179149 0.076049392199541266 0.5273946722085775 0.22689919341230472 -0.020743418884062084 0.047970050710051566 0.14893788507570105
decision_type=10 10 10 10 8 10 10 10 8 10 10 10 10 10
left_child=3 2 10 5 -5 -1 7 -7 -4 -3 -2 12 -6 -8
right_child=1 9 8 4 11 6 13 -9 -10 -11 -12 -13 -14 -15
leaf_value=-0.018715400826171617 0.036914341180070268 0.00024559544618045606 -0.016130239305179869 0.039863727510211222 -0.0071930198151256277 -0.0068503196542349654 -0.015703158673906523 0.043920896343704031 0.011211474608912149 0.035370017056122437 0.0028240467562122206 -0.01589647685917334 0.033868288371560647 0.019732646513892078
leaf_weight=377.72013860009611 13.461254267022015 3.0256300121545783 16.273422272875905 6.3543538562953472 3.1154649090021911 1.9070430193096424 17.87001099251211 2.9123550727963448 6.0056385025382069 181.59458174929023 4.0702427290379992 10.778990393504499 2.4095362536609173 0.93604748696088691
leaf_count=13873 109 18 349 64 87 53 535 42 53 802 58 315 30 15
internal_value=-0.000300056 0.0301974 0.00852881 -0.0164758 0.00810708 -0.0178804 -0.00431243 0.0261058 -0.00859489 0.0347988 0.0295792 -0.0058583 0.0131605 -0.0130321
internal_weight=648.435 224.431 39.8106 424.004 22.6583 401.346 23.6255 4.8194 22.2791 184.62 17.5315 16.304 5.525 18.8061
internal_count=16403 1389 569 15014 496 14518 645 95 402 820 167 432 117 550
is_linear=0
shrinkage=0.02


Tree=38
num_leaves=15
num_cat=0
split_feature=84 18 85 60 53 0 58 15 87 51 10 62 51 60
split_gain=780.168 64.3657 51.5035 55.7531 28.4464 17.8014 16.9131 16.8635 16.3568 12.9364 12.6922 11.0472 11.0453 8.52995
threshold=0.32362722979581843 -0.044107889121360981 0.38419537273268639 0.47268855876287746 -0.054263086568537379 0.1072112753147236 0.011892708258097398 0.040891229199868838 0.052117816823699183 0.056112563341467088 0.64431072055586458 0.21812212539336726 0.077212457388748199 0.64570970244710535
decision_type=10 8 10 10 8 10 10 10 10 10 10 10 10 10
left_child=1 4 3 5 -1 6 -2 -5 12 -6 -10 -7 -3 -4
right_child=2 8 13 7 9 11 -8 -9 10 -11 -12 -13 -14 -15
leaf_value=0.055591641507780745 -0.018584940194271021 -0.018725567963832856 0.035855987740164484 -0.014924154818630965 -0.009170420933771229 0.043385201663546188 0.030357450103170529 0.024385396780741198 -0.011538194920990025 0.033840292746643741 0.041600868940115748 0.010032741185808507 0.021129946489626097 0.017710911418158479
leaf_weight=5.1587030757218599 5.0584070943295938 384.24339285492897 163.17590894177556 23.178185775876049 9.3674209471792 21.687265751883391 4.3205134086310863 4.3872485831379882 3.1355718914419404 2.8372698798775664 2.381575720384717 5.6869576945900908 2.0189107209444037 14.25636927783489
leaf_count=51 103 14351 688 469 282 113 41 42 61 19 27 60 21 99
internal_value=0.000533412 -0.016287 0.0289504 0.0133321 0.0205383 0.0291447 0.0047136 -0.00803309 -0.0179672 0.00263397 0.0142638 0.0370541 -0.0184632 0.0345055
internal_weight=650.894 409.143 241.751 64.3186 17.3634 36.7531 9.37892 27.5654 391.779 12.2047 5.51715 27.3742 386.262 177.432
internal_count=16427 14812 1615 828 352 317 144 511 14460 301 88 173 14372 787
is_linear=0
shrinkage=0.02


Tree=39
num_leaves=15
num_cat=0
split_feature=84 51 53 83 60 50 50 28 33 53 17 15 58 17
split_gain=771.079 63.7281 39.3355 37.149 47.0106 23.3542 14.6502 13.3803 13.24 11.6304 16.0633 9.49625 9.40041 9.50542
threshold=0.36032273953717359 0.043166915935183729 -0.032010770075710342 0.7764904940749584 0.43800562594038256 0.080502658499407645 0.11837027363772754 0.13949964572734627 -0.020996240041518469 -0.087947678985920735 0.082675697508233406 -0.0028161012823276588 0.014474077007227151 0.098126750700280124
decision_type=10 10 8 10 10 10 8 10 10 8 10 10 10 10
left_child=1 7 -3 4 12 -6 -4 9 -9 10 -1 -10 13 -2
right_child=3 2 6 -5 5 -7 -8 8 11 -11 -12 -13 -14 -15
leaf_value=-0.016267488115568909 -0.0074689697080612336 0.046145797652654211 -0.016169546594989863 0.034772483655676471 -0.01272960468464656 0.022578648294571985 0.027853287609660299 -0.01586359454781577 -0.003849715831056518 -0.018962184197385937 0.041892541414966143 0.059564483517722179 0.041530152709321942 0.030465811649285943
leaf_weight=3.7849906533956528 4.0040622651577014 8.9412540178745967 11.083606103435161 163.52139885351062 21.396178776398305 10.262558126822112 3.0584570411592713 3.1726903170347214 1.3465116247534754 379.46362422406673 2.1961208879947662 1.4641825072467316 20.0041678044945 5.2747228126972914
leaf_count=143 56 54 302 708 384 65 34 92 35 14344 68 30 102 28
internal_value=8.90218e-06 -0.0161498 0.0156292 0.0297881 0.0160682 -0.000943122 -0.00543817 -0.0180589 0.0102458 -0.0185237 0.00802936 0.0361468 0.0338836 0.0149618
internal_weight=638.975 414.511 23.0833 224.463 60.9417 31.6587 14.1421 391.428 5.98338 385.445 5.98111 2.81069 29.283 9.27879
internal_count=16445 15102 390 1343 635 449 336 14712 157 14555 211 65 186 84
is_linear=0
shrinkage=0.02


Tree=40
num_leaves=15
num_cat=0
split_feature=84 51 19 70 84 20 84 38 19 55 40 8 51 27
split_gain=742.973 88.3629 19.5757 19.0415 32.0273 16.8476 18.786 11.539 10.7031 11.4088 10.4303 10.1171 8.72952 8.80536
threshold=0.4278649980729195 0.045207726380729903 -0.067713766535859685 0.47050921818002572 0.63533142302484602 0.14188343774398829 0.23831653686178553 0.061286555763721086 -0.12483183079178171 -0.063450855062243336 0.093741361118858238 0.67076919487983089 -0.031254439070687069 -0.033491921720878386
decision_type=10 10 8 10 10 8 10 10 10 8 10 10 10 10
left_child=1 5 -3 12 -5 8 -7 -4 9 -1 -10 -8 13 -2
right_child=3 2 7 4 -6 6 11 -9 10 -11 -12 -13 -14 -15
leaf_value=0.041384521415596058 0.023715658555511263 0.032847639848820671 -0.012696069018708565 -0.013812816503978932 0.033147842630634909 -0.0098385256283314969 -0.0031051515444475387 0.036814508906905734 -0.018719890437338255 -0.008231869234368458 0.029149887608196423 0.063291152417583471 0.034391474859314645 -0.013168162568060766
leaf_weight=1.4547418970614669 9.2015563473105413 16.399774618446827 8.0761227514594811 9.6470595728606003 12.125888366252182 8.3435660917311889 1.2381556015461677 1.3799304701387871 380.37748187407851 6.6805268842726928 0.98021159507334132 1.773777864873409 172.61273755319417 2.7461991775780907
leaf_count=14 57 140 202 137 51 304 31 21 14490 175 25 18 756 31
internal_value=4.53915e-05 -0.0150166 0.0202536 0.0311162 0.0126479 -0.0173363 0.00620605 -0.00264106 -0.0180368 0.00419946 -0.0185209 0.0420261 0.0332151 0.0148756
internal_weight=633.038 426.704 25.8558 206.333 21.7729 400.848 11.3555 9.45605 389.493 8.13527 381.358 3.01193 184.56 11.9478
internal_count=16452 15420 363 1032 188 15057 353 223 14704 189 14515 49 844 88
is_linear=0
shrinkage=0.02


Tree=41
num_leaves=15
num_cat=0
split_feature=87 18 85 69 0 53 85 22 85 56 5 63 15 15
split_gain=713.877 69.3253 37.1751 25.7763 27.2095 24.2334 24.0806 22.1343 12.8932 12.0941 11.6005 10.6128 9.60844 9.12813
threshold=0.024243314722303854 -0.041650180811033714 0.38419537273268639 0.53315988198993136 0.11944992021026941 -0.041871372596552651 0.35994199563952117 0.028390354845139926 0.17563966111905271 0.0094163809330364123 0.39590324384787473 0.16202738817874829 -0.00098008811250445741 0.043640695831458194
decision_type=10 8 10 10 10 8 10 10 10 10 10 10 10 8
left_child=1 5 3 13 7 -1 -3 8 -5 -8 -10 -6 -7 -2
right_child=2 6 -4 4 11 12 9 -9 10 -11 -12 -13 -14 -15
leaf_value=0.04241292575239896 -0.015247093591425141 -0.018273717453734298 0.033761918654832079 -0.009147735213372166 0.04174107360595028 -0.014096602500955662 -0.0094805158166027369 -0.015404682834198647 -0.0010463227586626975 0.031610235467944357 0.057859825357922265 0.012516237529106479 0.016898967076696227 0.026324402883203146
leaf_weight=8.6279587447643262 11.872438831254838 373.00090028531849 165.60719022899866 2.4878311194479483 19.94416127726436 7.1898256149142981 4.796073788776992 10.645618237555025 1.8186868745833633 5.0064812246710062 3.7091420162469149 7.983614368364214 6.8253233712166566 1.5886671878397454
leaf_count=93 199 14538 698 71 109 207 68 216 25 37 33 81 134 9
internal_value=0.00042306 -0.015437 0.0288618 0.0150166 0.0219565 0.0179816 -0.0174555 0.00296105 0.0263558 0.0124893 0.041288 0.0341081 0.00111828 -0.00885978
internal_weight=631.104 405.447 225.657 60.0502 46.5891 22.6431 382.803 18.6613 8.01566 9.80256 5.52783 27.9278 14.0151 13.4611
internal_count=16518 15077 1441 743 535 434 14643 345 129 105 58 190 341 208
is_linear=0
shrinkage=0.02


Tree=42
num_leaves=15
num_cat=0
split_feature=87 51 50 87 54 26 51 87 70 50 83 83 58 69
split_gain=700.286 48.7555 47.7584 23.1149 15.9467 14.2066 12.5446 8.94968 16.1711 9.30757 8.8829 7.66755 7.2928 7.94755
threshold=0.020101010101010106 0.056112563341467088 0.033553338304983006 0.067682088868529569 0.029108327214361178 -0.11878534878611467 -0.05411387177071942 0.040408163265306128 0.36806325449618138 0.080502658499407645 0.71235339665572284 0.34717686644431922 0.011406245545006133 0.56341209877795251
decision_type=10 10 10 10 10 8 10 10 10 10 10 10 8 10
left_child=1 5 3 12 -3 11 -4 8 -8 -10 -7 -1 -2 -14
right_child=2 4 6 -5 -6 10 7 -9 9 -11 -12 -13 13 -15
leaf_value=-0.0098354361871734863 -0.019383774313350005 0.03151716007931181 -0.0031709449153070651 0.030792273043590047 -0.016034343436716881 -0.018301874324504985 0.030553198319754941 0.033534366445719346 -0.012756036806153592 0.018996228009791581 0.0039927419183562593 0.052370789858482987 -0.013565877838034503 0.022208129291962281
leaf_weight=0.90901639126241185 11.110981829464436 10.286067135632036 4.1043049339205018 6.9203024730086318 3.0682004429399958 364.57775944471359 25.084187548607588 165.92529013566673 6.6123897489160282 6.2004952281713486 6.9591712951660147 0.88447175547480583 4.01565827056766 3.9837324563413858
leaf_count=32 307 86 54 53 69 14595 191 747 86 40 99 15 77 56
internal_value=0.000291739 -0.0162209 0.0275367 0.00191505 0.0202361 -0.0175756 0.0307198 0.0314144 0.0215089 0.00287256 -0.0178747 0.0286077 -0.00955323 0.00473783
internal_weight=620.642 386.685 233.957 26.0307 13.3543 373.33 207.927 203.822 37.8971 12.8129 371.537 1.79349 19.1104 7.99939
internal_count=16507 14896 1611 493 155 14741 1118 1064 317 126 14694 47 440 133
is_linear=0
shrinkage=0.02


Tree=43
num_leaves=15
num_cat=0
split_feature=84 50 50 56 28 0 15 62 84 19 20 67 17 53
split_gain=669.835 51.4061 40.5992 28.1011 20.8626 16.3517 16.4426 8.28824 8.20166 7.84969 8.29532 9.77229 8.45908 7.73757
threshold=0.32362722979581843 0.050866355422993816 0.099254455501078767 0.01121752311713981 0.15817642397199355 0.11782974059188894 -0.00021507390242228496 0.22689919341230472 0.63533142302484602 -0.1201997872461376 0.14893788507570105 0.18208556149732621 0.061752228418895092 -0.066368613233642487
decision_type=10 10 10 10 10 10 10 10 10 8 8 8 10 8
left_child=2 3 9 4 -2 -4 -7 -5 -9 13 -11 12 -12 -1
right_child=1 -3 5 7 -6 6 -8 8 -10 10 11 -13 -14 -15
leaf_value=0.036312122561193358 -0.013378187904436938 0.031254544991542579 -0.015037042507468755 0.035504772378149044 0.032999076340223241 -0.0032052666922439701 0.03836150873971983 -0.013385710106251583 0.02542062308418765 -0.018872340952455414 -0.0089536553444423787 -0.0099621149566216875 0.061352941510189142 -0.0077102985763992903
leaf_weight=1.0547495726495979 22.76913023553789 187.06615902669728 6.2695816140621927 11.342554707080128 3.6597356833517543 6.1838197335600862 8.3376618921756709 3.40541012212634 3.418066069483757 343.58432525582612 0.77290479280054281 6.5320391599088916 0.70662100240588188 6.2184532899409533
leaf_count=17 504 941 233 77 19 150 100 58 14 13943 31 239 16 187
internal_value=-6.40688e-05 0.0266708 -0.0164044 0.00717929 -0.00598716 0.0103652 0.0215946 0.0256475 0.006818 -0.0179798 -0.0184044 0.00153105 0.0358263 0.00229124
internal_weight=611.321 231.661 379.66 44.5949 26.4289 20.7911 14.5215 18.166 6.82348 358.869 351.596 8.01156 1.47953 7.2732
internal_count=16529 1613 14916 672 523 483 250 149 72 14433 14229 286 47 204
is_linear=0
shrinkage=0.02


Tree=44
num_leaves=15
num_cat=0
split_feature=87 19 50 58 18 52 26 69 83 52 51 87 60 19
split_gain=657.69 67.9427 38.0293 21.9736 12.7683 12.5025 10.7789 10.7518 10.6917 9.54517 9.0934 7.72147 12.3043 11.9356
threshold=0.022857889237199586 -0.1201997872461376 0.038925313959179149 0.011406245545006133 -0.053613316721061947 0.030321324295031708 -0.0090417088051301647 0.47267036562811215 0.71235339665572284 0.029427269045280955 -0.0065350066398921066 0.034190531852717719 0.49835795944779987 -0.069448410096533339
decision_type=10 8 10 10 8 8 10 10 10 10 8 10 10 8
left_child=1 5 3 -2 6 -1 -3 -5 -6 -10 -8 12 13 -4
right_child=2 4 11 7 8 -7 10 -9 9 -11 -12 -13 -14 -15
leaf_value=0.033058847582996501 -0.014499278008584689 -0.012541037858297506 0.038677914995442021 -0.011906093114182139 -0.018595930447460021 -0.0023680400365732423 -0.010443404747892401 0.027231149659705613 -0.017634993250772626 0.019756498094453605 0.050650036349498197 0.032045408036098469 -0.0043338738368896203 0.0013296534273795719
leaf_weight=11.736972460523246 11.8773246165365 3.8490849826484919 10.356918975710867 2.8751815836876657 349.08047335594893 5.6140824817121056 1.020248034968972 13.45446867495775 4.0015953555703145 5.0456245765089989 1.9390973355621102 173.26533414423466 6.6574923172593108 5.0038326289504793
leaf_count=164 293 111 55 46 14449 125 34 135 70 43 26 814 73 61
internal_value=0.000251741 -0.0156709 0.0274364 0.00550422 -0.0175219 0.0220918 0.00857465 0.0200508 -0.0180405 0.00310905 0.0322698 0.0305602 0.0179883 0.0273365
internal_weight=605.778 382.287 223.491 28.207 364.936 17.3511 6.80843 16.3297 358.128 9.04722 2.95935 195.284 22.0182 15.3608
internal_count=16499 15022 1477 474 14733 289 171 181 14562 113 60 1003 189 116
is_linear=0
shrinkage=0.02


Tree=45
num_leaves=15
num_cat=0
split_feature=87 19 50 83 50 85 51 83 84 78 87 19 69 15
split_gain=619.649 52.3677 39.6936 19.1712 15.5344 14.9569 15.1509 13.2969 12.4332 12.4319 10.499 11.2642 10.5652 8.30694
threshold=0.022857889237199586 -0.1201997872461376 0.033553338304983006 0.73045416186379353 0.080502658499407645 0.41298730758275071 0.03284953253341031 0.21970208867848276 0.24907091407206464 0.10658419792498007 0.031754032258064523 -0.079417847711462361 0.49345263952079382 -0.0036353138638338732
decision_type=10 8 10 10 10 10 10 10 10 10 10 8 10 8
left_child=1 4 3 -2 -1 6 -3 -8 -4 -9 11 12 -10 -11
right_child=2 5 8 -5 -6 -7 7 9 10 13 -12 -13 -14 -15
leaf_value=-0.0051017901789548693 -0.015131194484881655 -0.018867058043294579 -0.0038800621639446071 0.020846821875059943 0.034018523451969644 0.016017515799008196 -0.01393219213822495 -0.0048078477658710659 -0.0071930119194205024 -0.00921222434787544 0.031393283845028187 -0.0033547663559500636 0.035822035576507531 0.051935305813795879
leaf_weight=6.2560090739279977 12.436931448057296 334.0251990891993 4.2598612178117028 9.5973522812128049 9.4624880887567979 4.5735397636890402 13.004744846373798 4.9188072960823757 2.56586262397468 0.8003716915845871 176.00195197761059 8.0053225848823804 9.1306289322674257 2.9521426185965542
leaf_count=190 338 14060 93 78 70 40 446 138 25 27 807 91 45 55
internal_value=-0.000144845 -0.0157766 0.0262823 0.000764265 0.0190747 -0.0173457 -0.0178184 -0.00153921 0.0290764 0.0165658 0.0298099 0.0148315 0.0265625 0.0396991
internal_weight=597.991 375.993 221.998 22.0343 15.7185 360.275 355.701 21.6761 199.964 8.67132 195.704 19.7018 11.6965 3.75251
internal_count=16503 15026 1477 416 260 14766 14726 666 1061 220 968 161 70 82
is_linear=0
shrinkage=0.02


Tree=46
num_leaves=15
num_cat=0
split_feature=83 50 51 56 28 53 51 28 62 83 44 54 56 83
split_gain=600.701 48.3889 46.2568 41.1883 41.2082 38.2014 11.8872 11.1326 7.73888 10.2378 7.34315 7.28267 6.53754 7.699
threshold=0.55742956927955367 0.070306612560543727 0.038166340478421164 0.01121752311713981 0.11368390533614857 -0.026263931991370098 0.022613818440909209 0.15817642397199355 0.22816217694516619 0.7764904940749584 0.026470626830763819 0.036677234489162221 0.013071488115462432 0.22968822570177908
decision_type=10 10 10 10 10 8 10 10 10 10 10 10 10 10
left_child=2 3 7 4 6 -4 -2 -1 -5 -10 -8 -9 -7 -14
right_child=1 -3 5 8 -6 12 10 11 9 -11 -12 -13 13 -15
leaf_value=-0.018739440617857657 -0.01861470704656001 0.03084083834039001 0.042238399819491054 0.035306256780849393 0.031494545106367712 -0.015333662866455782 -0.015063833506859947 -0.0067032999579672934 -0.011742915374486134 0.025790745522432972 0.020183383537292029 0.04718841323857248 -0.012776655006041171 0.038519530879964764
leaf_weight=329.09867152385414 25.583744430914521 159.83721978962421 8.3354408890008909 20.979592768475417 10.591663299128411 11.961086835712196 2.8152053710073215 1.8323146849870675 3.7785242404788715 7.1824443675577641 5.5470147337764502 0.77080277539789666 1.6018122266978019 1.346980834379792
leaf_count=14216 551 747 71 138 67 369 29 48 66 36 43 17 52 28
internal_value=-5.46539e-05 0.0245925 -0.0164872 0.0113042 -0.0012101 0.0104241 -0.0120237 -0.0183987 0.028261 0.0129519 0.0079756 0.0179221 -0.0088988 0.0144759
internal_weight=591.263 236.315 354.947 76.4782 44.5376 23.2453 33.946 331.702 31.9406 10.961 8.36222 2.60312 14.9099 2.94879
internal_count=16478 1677 14801 930 690 520 623 14281 240 102 72 65 449 80
is_linear=0
shrinkage=0.02


Tree=47
num_leaves=15
num_cat=0
split_feature=84 50 18 87 30 34 41 60 84 18 53 50 18 53
split_gain=591.579 51.1671 36.3081 33.1388 20.3334 14.565 13.9342 11.1434 29.9596 18.2756 9.3688 8.82041 11.627 8.57891
threshold=0.3028452976915435 0.050866355422993816 -0.053613316721061947 0.051414221517314306 0.0078738778617536368 0.11551786157142509 0.013985059379163455 0.43800562594038256 0.55906922781986479 -0.02503331246636414 -0.03298890556168791 0.082798403532608728 -0.029869151834900989 -0.026263931991370098
decision_type=10 10 8 10 10 10 10 10 10 8 8 10 10 8
left_child=2 3 4 5 -1 6 -2 -3 9 10 -9 -4 13 -13
right_child=1 7 11 -5 -6 -7 -8 8 -10 -11 -12 12 -14 -15
leaf_value=0.040601678569893995 -0.015400305736496436 0.033097977915390209 -0.018898551681041442 0.027815743543107372 -0.011736506113726515 0.027547371465199186 0.028168351303810648 0.037912335930453706 0.030849106400408277 -0.012641574337511445 -0.0037940203081272038 0.044571288048632786 -0.012079221656218546 -0.0069940731460200849
leaf_weight=5.8713510651141387 26.120130503550175 116.72492745704949 308.45570171810687 16.998963940888643 4.5993270501494408 3.5682461094111195 2.3696893472224465 5.1851019188761711 46.298801049590111 12.775033820420505 3.0478965826332551 1.8447966109961269 22.980340927839279 1.9340366311371355
leaf_count=65 650 540 13476 86 129 45 30 25 198 178 36 21 839 59
internal_value=-0.000196705 0.0243683 -0.0167829 0.00606824 0.0185928 -0.00595608 -0.0109441 0.0291873 0.0220201 0.00204451 0.0237338 -0.0179399 -0.00660641 0.0222388
internal_weight=578.774 233.089 345.686 49.057 10.4707 32.0581 28.4898 184.032 67.3068 21.008 8.233 335.215 26.7592 3.77883
internal_count=16377 1788 14589 811 194 725 680 977 437 239 61 14395 919 80
is_linear=0
shrinkage=0.02


Tree=48
num_leaves=15
num_cat=0
split_feature=87 19 50 85 50 84 15 85 9 59 18 59 26 85
split_gain=585.628 59.5835 28.0317 21.5385 17.2717 12.034 11.797 10.1233 9.61498 9.04072 8.52261 7.76274 7.33825 6.3205
threshold=0.024490203918432631 -0.1201997872461376 0.043138949172094494 0.38419537273268639 0.11124360851163824 0.16287140622738502 -0.0004662256331981794 0.35994199563952117 16.674647807017546 0.004462128232386565 -0.068534762203096053 0.0062334897772873448 -0.0026302207487220171 0.17829003198526902
decision_type=10 8 10 10 10 10 10 10 10 10 8 10 10 10
left_child=1 6 3 11 7 -6 8 10 -1 -9 12 -2 -3 -4
right_child=2 4 13 -5 5 -7 -8 9 -10 -11 -12 -13 -14 -15
leaf_value=0.034669735216599003 -0.012068152056909269 -0.012110692510665837 0.0072223790063782678 0.026637344292096635 -0.011254531148194727 0.030054383458851978 0.032287946479130657 -0.010618372033552082 -0.011594826784452169 0.029809562936731392 -0.018681945129830482 0.022682232881563302 0.042689775461335004 0.029699940099841098
leaf_weight=1.4009587857872272 15.004622960463172 1.3721171598881485 5.915801925584673 12.624720968306063 5.1517506763339025 4.3502914775162935 10.422309599816797 5.1899365708231917 6.1413694005459547 2.4686486143618822 325.4914464764297 2.1145565640181294 0.84934495948255051 181.65011942759156
leaf_count=21 371 37 93 65 178 61 108 76 162 20 14382 32 12 852
internal_value=0.00028267 -0.0152562 0.0261787 0.00782026 -0.0171162 0.00871875 0.01947 -0.0178719 5.12348e-05 0.00435081 -0.0184029 -0.00676085 0.0155892 0.0290331
internal_weight=580.148 362.838 217.31 29.7439 344.874 9.50204 17.9646 335.371 7.54233 7.65859 327.713 17.1192 2.22146 187.566
internal_count=16470 15057 1413 468 14766 239 291 14527 183 96 14431 403 49 945
is_linear=0
shrinkage=0.02


Tree=49
num_leaves=15
num_cat=0
split_feature=84 18 60 84 30 51 51 52 42 42 28 84 84 80
split_gain=576.409 54.429 33.2699 33.0757 19.8148 17.3564 15.9696 24.1217 13.9079 10.5176 22.8427 8.33995 6.81966 6.56391
threshold=0.34931674458752571 -0.041650180811033714 0.60282973003889284 0.63533142302484602 -0.0044299407544818098 -0.034005569245952071 0.038166340478421164 0.010775015876195131 0.049855611265032344 0.029119613225506727 0.1081076872719878 0.16930406032794623 0.25401061508954553 0.012750000000000003
decision_type=10 8 10 10 8 10 10 8 8 10 10 10 10 8
left_child=1 4 5 -4 -1 8 9 -8 -2 13 -11 -6 -9 -3
right_child=2 6 3 -5 11 -7 7 12 -10 10 -12 -13 -14 -15
leaf_value=0.041121297070611754 -0.0091948341206619863 -0.0037557605683210477 -0.012212807536524576 0.029784210953494813 -0.014161065338313433 0.030061770026892875 0.056575552842734772 -0.014805564890469703 0.033519970647889814 -0.012780457944096598 0.045937806411805789 0.017639461991940102 0.015953446007691437 -0.019942201387373296
leaf_weight=7.0604896508157253 8.5529321096837503 10.921390203759072 17.169333796948198 11.821001689881085 6.3613580260425824 180.61624182201922 1.7254899702966211 11.446803089231254 3.5041829571127883 14.415122060105206 2.2034788057208052 4.9774222169071436 2.8611157536506644 286.97252643667161
leaf_count=82 123 475 298 51 202 946 24 373 17 612 48 109 44 12951
internal_value=0.000366589 -0.0156404 0.025522 0.00533388 0.0171476 0.0285163 -0.0175117 0.00185003 0.00483587 -0.0185014 -0.00282948 9.67551e-05 -0.0080144 -0.0193633
internal_weight=570.609 348.945 221.664 28.9903 18.3993 192.673 330.546 16.0334 12.0571 314.513 16.6186 11.3388 14.3079 297.894
internal_count=16355 14920 1435 349 393 1086 14527 441 140 14086 660 311 417 13426
is_linear=0
shrinkage=0.02


Tree=50
num_leaves=15
num_cat=0
split_feature=84 87 51 69 53 50 51 58 28 42 28 53 17 80
split_gain=548.387 48.9917 46.3298 26.4949 15.6719 11.8155 11.3164 15.131 9.28781 9.79462 8.54567 8.25225 11.798 7.19886
threshold=0.3028452976915435 0.031009615384615389 0.047646438397510683 0.53623141564318044 -0.0060297914217534157 0.080502658499407645 0.029256839182046846 0.016072647588554947 0.13949964572734627 0.029119613225506727 0.10363300242329997 -0.085173446351732129 0.082675697508233406 0.012750000000000003
decision_type=10 10 10 10 10 8 10 10 10 10 10 8 10 8
left_child=2 3 8 5 -4 -2 7 10 11 -10 -5 12 -1 -13
right_child=1 -3 4 6 -6 -7 -8 -9 9 -11 -12 13 -14 -15
leaf_value=-0.016374929865820214 -0.016241668679987813 0.028411030192586187 0.032304846481144192 -0.017282887287519696 -0.0061633100624110815 0.014453417217079812 0.03447558490222713 0.028817306605575795 -0.0074333725000086592 0.049047499146233714 0.022880640036594485 -0.0029658369922839502 0.031917627474153845 -0.01939465515054966
leaf_weight=4.0066394358873367 18.683336505666375 184.73626801557839 9.0400668699294311 7.6859273463487678 6.853036690503358 5.8693156167864826 10.904542569071053 6.873631175607442 3.5844442676752797 0.72221854329109181 1.8667631503194568 11.481546668335794 2.410104863345623 292.16396078467369
leaf_count=184 518 896 78 195 186 54 60 68 126 16 21 494 79 13439
internal_value=0.000422101 0.0236064 -0.0162096 0.0062852 0.0163346 -0.00862553 0.0195119 0.00816996 -0.0179015 0.00949611 -0.00800976 -0.0183114 0.00362141 -0.0187852
internal_weight=566.882 236.62 330.262 51.8835 15.8931 24.5527 27.3309 16.4263 314.369 4.30666 9.55269 310.062 6.41674 303.646
internal_count=16414 1812 14602 916 264 572 344 284 14338 142 216 14196 263 13933
is_linear=0
shrinkage=0.02


Tree=51
num_leaves=15
num_cat=0
split_feature=84 87 18 60 30 18 48 15 1 60 84 52 15 58
split_gain=532.913 42.2281 39.8428 31.9579 22.722 17.0139 14.4105 10.6408 8.27125 6.81503 12.637 6.45491 7.56542 6.16524
threshold=0.3028452976915435 0.035401002506265669 -0.041650180811033714 0.48921762380841671 -0.0050985255932005013 0.030734582301411521 5.080246491321855 0.044753158032502412 0.27251387110542041 0.67462750409923722 0.63533142302484602 0.083560656656474386 0.04163088184391632 0.016323815557880938
decision_type=10 10 8 10 8 8 10 10 10 10 10 10 8 10
left_child=2 3 4 5 -1 8 11 -4 -2 -3 -11 12 -5 -7
right_child=1 9 7 6 -6 13 -8 -9 -10 10 -12 -13 -14 -15
leaf_value=0.041825304326805639 -0.0069757652884635717 0.029478037507352707 -0.018215852077787649 -0.017624192533912383 -0.0049730188618241503 -0.011781879732960463 0.036030733532970531 0.023397555875537979 0.035700602701305123 -0.016000333685464239 0.027636318999532287 0.017413700237024515 0.012626860621724273 0.01778646152198278
leaf_weight=5.9102966077625751 1.6663123108446622 160.52496722526848 306.77437887713313 21.723590565845374 9.930221349000929 5.8711752500385064 1.9679446332156647 1.6655644718557585 19.665619648993015 3.6690403856337053 5.4261874109506607 2.1626549661159506 3.1340222377330127 3.7854397427290678
leaf_count=73 41 756 14165 539 299 129 17 50 163 28 23 21 36 38
internal_value=0.000165901 0.0234235 -0.0163223 0.00880765 0.0139348 0.0226123 -0.00621159 -0.0179163 0.0322039 0.0285097 0.0101919 -0.0104643 -0.0134693 0.000390432
internal_weight=553.877 229.597 324.28 59.9768 15.8405 30.9885 28.9882 308.44 21.3319 169.62 9.09523 27.0203 24.8576 9.65661
internal_count=16378 1791 14587 984 372 371 613 14215 204 807 51 596 575 167
is_linear=0
shrinkage=0.02


Tree=52
num_leaves=15
num_cat=0
split_feature=83 18 85 51 30 20 19 56 19 81 70 74 8 57
split_gain=499.025 49.3083 45.6309 36.2213 23.815 16.7468 14.2204 11.0509 10.5109 9.77019 9.5788 9.34448 8.63095 7.81062
threshold=0.55742956927955367 -0.044107889121360981 0.41298730758275071 0.029256839182046846 0.0062807042296203633 0.14188343774398829 -0.13381317182138161 0.016743920256971207 -0.12483183079178171 0.22841666666666668 0.30552503052503061 0.7544076708939067 0.724916113989171 0.015994050609731095
decision_type=10 8 10 10 8 8 8 10 10 8 10 10 10 10
left_child=1 4 3 5 9 7 -3 8 -2 -1 -9 13 -10 -8
right_child=2 6 -4 -5 -6 -7 11 10 12 -11 -12 -13 -14 -15
leaf_value=0.050178858956243098 0.018642522910169983 0.015313584079574371 0.028916741470202935 0.027547757294025265 -0.010806412173789732 0.031965104594128359 -0.018615853985450872 0.037743437737729132 -0.018593864154942418 0.0090175032531285421 -0.0068095004575048235 0.034405369380930681 0.00489737680669362 0.026509432266436716
leaf_weight=5.7388018406927559 3.8827953450381747 4.4290831983089447 153.60269704461098 27.506252093240619 7.0978377163410213 4.5019975062459698 300.72094008885324 3.1546118408441535 25.068991364911199 4.3037268761545429 3.1213144045323133 0.46506931073963542 7.7593786474317303 0.71003698371350665
leaf_count=55 31 98 715 153 239 33 14296 26 543 70 46 19 123 28
internal_value=0.000127031 -0.0158398 0.0226906 0.00972563 0.016453 -0.00095239 -0.0176943 -0.00504813 -0.00930222 0.0349532 0.0176947 -0.0182276 -0.0130608 -0.0184223
internal_weight=552.064 323.465 228.598 74.9953 17.1404 47.4891 306.325 42.9871 36.7112 10.0425 6.27593 301.896 32.8284 301.431
internal_count=16475 14805 1670 955 364 802 14441 769 697 125 72 14343 666 14324
is_linear=0
shrinkage=0.02


Tree=53
num_leaves=15
num_cat=0
split_feature=83 84 60 18 1 20 53 53 26 18 50 52 23 52
split_gain=500.361 42.2926 32.7286 29.1577 23.1008 15.2616 12.3226 10.8609 8.63675 8.00442 7.99574 21.6555 7.6576 6.39105
threshold=0.55742956927955367 0.55906922781986479 0.4841819158686515 -0.063037934170908597 0.29792606920266501 0.13039099064368179 -0.059039455519759511 -0.057291162900626018 -0.11878534878611467 0.025259703943144144 0.081573820389471405 -0.0023423349981763898 147.49402000000003 -0.057845896591437101
decision_type=10 10 10 8 10 8 10 10 8 10 10 8 8 8
left_child=3 2 4 7 5 -2 -4 -1 -5 -6 13 -12 -11 -10
right_child=1 -3 6 8 9 -7 -8 -9 10 12 11 -13 -14 -15
leaf_value=0.041340742471728378 -0.01289921026241185 0.02832366026878369 0.019286592117441159 0.02284684558938339 0.033733300183717667 0.034209027452904509 -0.013923382771905055 -0.0022720296510553299 0.018607083830367983 -0.0091069668123157123 0.045611035769087004 -0.012631939044757772 0.024942381562307804 -0.019144221684009526
leaf_weight=3.4959027953445911 11.135568097233771 151.10662104748189 4.6141341011971262 1.2839876767247913 25.345558434724808 2.5611223857849827 22.230423282831907 4.4429426360875368 1.0595736932009459 4.0193175412714455 1.8404602874070404 25.852857481688265 4.9641327913850555 277.14439965598285
leaf_count=24 228 698 50 39 156 14 393 86 50 58 36 982 40 13532
internal_value=-0.000406571 0.0222494 0.00977835 -0.0166725 0.0195215 -0.00236221 -0.00772749 0.0194094 -0.0176649 0.0280724 -0.0179089 -0.00730649 0.010322 -0.0189343
internal_weight=541.097 225.977 74.8703 315.12 48.0257 13.6967 26.8446 7.93885 307.181 34.329 305.897 27.6933 8.98345 278.204
internal_count=16386 1637 939 14749 496 242 443 110 14639 254 14600 1018 98 13582
is_linear=0
shrinkage=0.02


Tree=54
num_leaves=15
num_cat=0
split_feature=87 83 69 17 52 28 53 58 17 61 34 54 20 52
split_gain=485.879 33.0778 28.3537 25.7954 36.546 26.839 19.3638 18.5786 12.5373 12.533 11.5053 10.5392 10.4751 6.35703
threshold=0.020101010101010106 0.7764904940749584 0.47267036562811215 0.075305641478862886 -0.013706166703535081 0.13250880501063098 -0.053705718224789901 0.020267131155040499 0.082675697508233406 0.31799505948779999 0.01668458757759406 0.01866251128397765 0.14893788507570105 0.032912430280179233
decision_type=10 10 10 10 10 10 10 10 10 8 10 10 10 10
left_child=3 2 -2 -1 6 -6 10 8 12 -10 -5 -7 -4 -9
right_child=1 -3 7 4 5 11 -8 13 9 -11 -12 -13 -14 -15
leaf_value=-0.019377628786435074 -0.015235295189020701 0.028344233639584326 -0.012849618173474893 0.054958652704240961 -0.014335156997993703 -0.0068957049416346217 -0.00060948451661756826 0.012421405447434456 0.025573740557039013 -0.014523566966264679 -0.0042826215103368964 0.050037484376660592 0.03406781704484145 0.036899749711774697
leaf_weight=208.88406049087644 12.292911725118755 153.41193379461765 12.952172094956042 5.343625893816351 92.646673887968063 1.6447738055139769 8.2747914995998126 7.3936345838010338 14.306526795029642 3.2161250654608002 1.4799362514168022 2.8091893196105957 1.2307019382715214 16.863307414576411
leaf_count=10449 209 733 334 105 3897 46 303 70 121 59 65 57 7 87
internal_value=0.000477681 0.0231938 0.0113755 -0.0152283 -0.00740034 -0.0119273 0.0206458 0.0173858 0.00693849 0.0178275 0.0432049 0.0316036 -0.00680273 0.0302258
internal_weight=542.75 221.667 68.2554 321.083 112.199 97.1006 15.0984 55.9625 31.7055 17.5227 6.82356 4.45396 14.1829 24.2569
internal_count=16542 1620 887 14922 4473 4000 473 678 521 180 170 103 341 157
is_linear=0
shrinkage=0.02


Tree=55
num_leaves=15
num_cat=0
split_feature=87 51 84 54 51 51 84 24 60 83 26 85 59 2
split_gain=482.688 33.5581 33.1325 19.263 15.7412 15.2297 12.2356 11.8133 11.542 10.769 10.2759 8.76403 8.186 7.0561
threshold=0.020101010101010106 0.038166340478421164 0.34931674458752571 0.00693285769368203 0.02709637124736099 -0.044108105516966999 0.52217112818946532 0.29166666666666669 0.6373603047311206 0.7764904940749584 -0.096313477552062529 0.14690452781566787 0.010871707204210988 0.34182624688953805
decision_type=10 10 10 8 10 10 10 8 10 10 8 10 10 10
left_child=1 6 4 13 7 -4 10 -2 -7 -10 11 -1 -5 -3
right_child=2 3 5 12 -6 8 -8 -9 9 -11 -12 -13 -14 -15
leaf_value=-0.013351669385615675 -0.014233686779646291 0.039894202036123282 -0.0012307735606241746 -0.012508574602010365 0.023880755808817562 0.028539505579705679 0.017946423837208205 0.025420249144495304 -0.0091529753490458606 0.022995915063831817 -0.018445219301160776 0.038854435322213797 0.025915173243356491 -0.00042943550658056643
leaf_weight=1.8681619539856913 16.522406553849585 5.9949417915195209 7.8812995925545684 12.774456521496178 8.1802056301385146 167.13552091084421 3.077402811497449 2.6798448599874964 6.5185825303196898 8.7836133092641813 285.4472835585475 1.5199038237333296 1.6835154071450222 2.2806414309889078
leaf_count=84 494 53 73 407 59 827 28 39 72 42 14181 28 19 45
internal_value=5.85062e-05 -0.0157642 0.0228947 0.00736905 0.00223252 0.0258403 -0.0175847 -0.00771527 0.0270101 0.00957943 -0.0180239 0.0135856 -0.00664738 0.0299333
internal_weight=532.348 314.646 217.701 22.7336 27.3825 190.319 291.913 19.2023 182.438 15.3022 288.835 3.38807 14.458 8.27558
internal_count=16451 14845 1606 524 592 1014 14321 533 941 114 14293 112 426 98
is_linear=0
shrinkage=0.02


Tree=56
num_leaves=15
num_cat=0
split_feature=87 19 50 87 51 28 85 30 18 87 70 15 41 19
split_gain=462.697 51.2793 29.8194 19.3361 15.3505 12.3172 12.0332 10.6092 10.2594 9.69446 12.8642 10.9408 8.37071 7.81761
threshold=0.022857889237199586 -0.1201997872461376 0.038925313959179149 0.083920187793427234 0.047646438397510683 0.11368390533614857 0.41298730758275071 -0.0032543925914294692 0.0054322073244283406 0.041885964912280707 0.36806325449618138 0.039585615032852461 -0.011604488967991338 -0.034228217141288757
decision_type=10 8 10 8 10 10 10 10 10 10 10 10 10 10
left_child=1 7 3 5 6 -2 -3 -1 12 10 13 -12 -6 -4
right_child=2 4 9 -5 8 -7 -8 -9 -10 -11 11 -13 -14 -15
leaf_value=0.034721503155422016 -0.013441149687533436 -0.018320119084505902 0.027976044029770563 0.032344499335050916 -0.013122576242658246 0.021519876485618764 0.012808108264684856 0.0027329966769121142 -0.01653153635524825 0.028172085212880522 -0.016130307110836534 0.024622945258180172 0.032178638051485742 -0.0012885553789990776
leaf_weight=7.5370457433164111 17.068968124687679 285.10560297034681 20.761398959904909 5.972711566835641 1.6237664595246313 4.2326857186853877 4.3932841606438151 8.4274032488465291 3.9895434398204088 149.81236710771918 7.1656199488788825 2.9029506035149097 4.8842597641050798 4.2845581024885204
leaf_count=68 397 14397 122 36 42 35 39 211 139 728 85 15 66 61
internal_value=0.000250488 -0.0150738 0.0230315 0.00336941 -0.0169437 -0.00584087 -0.0178053 0.0189917 0.00629977 0.0258977 0.0156828 -0.00321738 0.0206335 0.0231125
internal_weight=528.162 315.961 212.201 27.2744 299.996 21.3017 289.499 15.9644 10.4976 184.927 35.1145 10.0686 6.50803 25.046
internal_count=16441 14962 1479 468 14683 432 14436 279 247 1011 283 100 108 183
is_linear=0
shrinkage=0.02


Tree=57
num_leaves=15
num_cat=0
split_feature=84 50 51 69 85 56 23 2 84 51 62 50 84 15
split_gain=426.511 42.0972 40.5255 36.4674 13.5693 12.0354 13.1362 9.75954 9.53476 7.54932 7.21782 7.12012 12.0773 15.8454
threshold=0.3028452976915435 0.063273756558881344 0.047646438397510683 0.53315988198993136 0.35994199563952117 0.012265628336082097 358.1989247311829 0.26157091853294395 0.68861456942433563 0.085015699248393597 0.22271228640063803 0.081573820389471405 0.16930406032794623 -0.0007429244251679171
decision_type=10 10 10 10 10 8 8 8 8 8 10 10 10 10
left_child=2 3 11 8 5 6 -5 -4 -2 -9 -7 -1 -13 -14
right_child=1 -3 7 4 -6 10 -8 9 -10 -11 -12 12 13 -15
leaf_value=-0.018289029891347789 -0.016353262857334936 0.026538227169826706 0.032491447013221153 -0.018297860584830256 0.029234439159224621 0.042139204717476737 0.031180211097528183 -0.0092485895909037597 0.01622044670649038 0.026690810067522955 -0.0033150510703808 -0.015435373196274112 -0.015641874302052799 0.040524976046675348
leaf_weight=260.33855423517525 21.578297000378374 157.29706025309861 6.2374165877699825 8.6257891692221129 21.630194552242756 3.1243667360395184 1.8000333271920688 7.0062652006745347 3.4435270875692359 2.3048195801675311 1.9065567553043363 15.004869405180218 2.9648971129208803 3.3647227175533763
leaf_count=13478 545 830 69 217 103 36 27 180 16 17 33 715 110 76
internal_value=-4.21232e-05 0.0210552 -0.0156343 0.00696836 0.0193483 0.00457784 -0.00777412 0.0150658 -0.0114194 0.00137344 0.0272201 -0.0173763 -0.00591817 0.0156709
internal_weight=516.627 219.406 297.222 62.1088 37.0869 15.4567 10.4258 15.5485 25.0218 9.31108 5.03092 281.673 21.3345 6.32962
internal_count=16452 1807 14645 977 416 313 244 266 561 197 69 14379 901 186
is_linear=0
shrinkage=0.02


Tree=58
num_leaves=15
num_cat=0
split_feature=87 50 83 60 19 18 38 28 18 53 1 10 59 5
split_gain=434.325 38.733 35.5088 29.0299 20.9559 19.3098 19.1598 15.5921 8.81282 24.6054 12.3605 7.37599 6.50156 5.75167
threshold=0.020101010101010106 0.10536311932786044 0.7764904940749584 0.528699026283037 -0.081631905195453033 0.0048812541517938022 0.065685975754860182 0.15817642397199355 -0.02503331246636414 -0.039894549012765665 0.34516423645009925 0.67767438100126876 0.0070585146350801067 0.64451137884872833
decision_type=10 10 10 10 10 8 8 10 8 10 10 10 10 10
left_child=1 7 3 4 -2 -3 11 8 9 10 -1 -6 -5 -13
right_child=2 5 -4 12 6 -7 -8 -9 -10 -11 -12 13 -14 -15
leaf_value=-0.0041661113138727101 0.030146798500803575 0.030893896687645143 0.027533771847877832 -0.019305085102285197 -0.011547167422097946 -0.014648654156313768 0.040421272630257542 0.021224318107194006 -0.018688081580725806 -0.018363049567874191 0.046340602397992557 0.0011580711042534395 0.011736278093633199 0.034371608783737427
leaf_weight=3.1677432823926237 24.072873117402192 9.671749116852876 143.74813767895103 12.868784867227076 14.090288937091836 4.9797729179263124 3.9799926355481139 3.3918917383998624 258.11942910216749 16.493457730859518 3.4447370190173388 7.858655419200657 2.6362479384988537 1.876201946288347
leaf_count=121 152 146 709 236 308 193 26 69 13527 723 64 110 29 16
internal_value=2.47842e-05 -0.015452 0.0219319 0.00975346 0.0168696 0.0154679 0.00472715 -0.0170923 -0.017628 -0.00550174 0.0247762 -0.00262361 -0.013636 0.0101649
internal_weight=510.4 299.269 211.131 67.383 51.878 14.6515 27.8051 284.617 281.225 23.1059 6.61248 23.8251 15.505 9.73486
internal_count=16429 14843 1586 877 612 339 460 14504 14435 908 185 434 265 126
is_linear=0
shrinkage=0.02


Tree=59
num_leaves=15
num_cat=0
split_feature=87 19 87 19 39 18 30 2 17 53 83 57 27 70
split_gain=431.736 54.0569 22.2056 17.2231 14.6569 10.4471 20.5118 10.0421 12.0168 9.99501 8.58541 8.63429 6.7798 6.25743
threshold=0.024243314722303854 -0.1201997872461376 0.043961352657004842 -0.079417847711462361 0.019232541656651177 -0.039576835033714057 -0.0076896719683784412 0.40916083916083923 0.077108881456707565 -0.042249373478503813 0.71235339665572284 0.0034817330551407144 0.012975500430925159 0.40792473793536549
decision_type=10 8 10 8 10 8 10 10 8 8 10 10 10 10
left_child=1 7 3 13 -5 6 9 8 -1 -3 -7 -12 -4 -2
right_child=2 5 12 4 -6 10 -8 -9 -10 -11 11 -13 -14 -15
leaf_value=-0.014230685253921174 0.027369174781637615 0.063670116808252325 0.027140159651669719 -0.0069400062221792024 0.033878572030307579 -0.018536326163940135 -0.014802012704005694 -0.011597709491738243 0.031306334075830208 0.00035909543291452766 -0.010863626999857481 0.027581567186280617 0.0028363117383195706 0.00014094540165979048
leaf_weight=2.1761566139757642 18.851342180743817 1.4851295128464697 147.96172603406012 22.436382394284013 3.1409183517098418 267.39527474716306 8.7849383000284398 3.2409739065915337 12.890853904187679 1.6852328386157762 6.440087176859377 2.4089525956660509 4.9926564302295438 4.0804679486900559
leaf_count=82 116 18 788 405 31 14255 333 86 125 46 103 14 44 46
internal_value=-5.01177e-05 -0.0149818 0.0226288 0.0105369 -0.000841328 -0.0171076 0.00110811 0.0176345 0.024253 0.0381724 -0.0178971 0.00134002 0.0263704 0.0227325
internal_weight=507.971 306.508 201.463 48.5091 25.5773 288.2 11.9553 18.308 15.067 3.17036 276.244 8.84904 152.954 22.9318
internal_count=16492 15062 1430 598 436 14769 397 293 207 64 14372 117 832 162
is_linear=0
shrinkage=0.02


Tree=60
num_leaves=15
num_cat=0
split_feature=83 87 17 60 60 0 20 87 61 14 14 30 23 72
split_gain=412.676 28.2234 24.3869 30.8994 13.5175 12.931 12.0114 11.5208 11.4741 10.633 7.91939 7.59784 7.45585 6.41596
threshold=0.5924378804093442 0.040408163265306128 0.10848043336135239 0.44834652985043949 0.49835795944779987 0.12773956167013281 0.13039099064368179 0.082650273224043724 0.31043715073919503 0.045777331508108053 0.14444404921673429 0.0099025117639606145 1.0000000180025095e-35 0.11824758563190442
decision_type=10 10 10 10 10 10 8 10 10 10 8 8 10 8
left_child=2 4 7 8 5 6 -2 -1 11 13 12 -4 -5 -6
right_child=1 -3 3 10 9 -7 -8 -9 -10 -11 -12 -13 -14 -15
leaf_value=-0.018296286428652879 -0.0086896588335799423 0.026133852369931956 0.037892737595168195 0.023967909261266306 -0.021292900095883423 0.026353375509944432 0.029408368054726363 0.027244947202671784 -0.0077677992498783981 0.016556470184298434 0.028533114514852961 0.00372897268151292 -0.015927220335064055 0.0051040671663185027
leaf_weight=233.49536099657416 10.97446360811591 152.24986885115504 8.4402432776987553 1.104358410462736 9.6048150602728128 21.279347471892834 3.5795583613216868 1.4002757277339686 4.3503421545028678 6.5456786062568417 0.8995650801807632 3.9221106413751849 38.730676354840398 5.1408652886748323
leaf_count=12729 203 794 117 34 167 130 18 18 173 66 13 117 1793 91
internal_value=0.000267715 0.0216435 -0.0150631 -0.00331326 0.00943188 0.0167717 0.00196884 -0.0179105 0.0188854 -0.00311933 -0.0126552 0.0281441 -0.0142613 -0.0123503
internal_weight=501.718 209.375 292.343 57.4473 57.1247 35.8334 14.554 234.896 16.7127 21.2914 40.7346 12.3624 39.835 14.7457
internal_count=16463 1469 14994 2247 675 351 221 12747 407 324 1840 234 1827 258
is_linear=0
shrinkage=0.02


Tree=61
num_leaves=15
num_cat=0
split_feature=83 51 53 85 60 52 53 28 18 52 26 29 18 59
split_gain=397.286 51.9476 32.5588 20.9391 22.3516 15.2233 14.748 12.2212 11.7188 10.7744 10.1598 9.80511 9.60303 9.19415
threshold=0.65928022353727811 0.029256839182046846 -0.029993492612755478 0.44386905409445288 0.4841819158686515 0.087782528019560851 -0.082625899674857908 0.15817642397199355 0.0048812541517938022 0.030033566005159291 0.01685702237171555 -0.054558924102724907 -0.01880087574147046 0.018071507628159154
decision_type=10 10 10 10 10 8 8 10 10 10 10 10 10 10
left_child=1 6 9 4 11 -4 8 13 10 -3 -1 -2 -6 -8
right_child=3 2 5 -5 12 -7 7 -9 -10 -11 -12 -13 -14 -15
leaf_value=-0.0093109672907870332 -0.0047980299029723875 0.046586070045931488 -0.01171574304447854 0.027174377045593522 0.013633763096448422 0.024223890574959661 -0.018811774414322222 0.017689000210755965 -0.0073571325356098618 0.00040104404707455571 0.063092425974216632 0.024305634036491736 -0.014164486310257338 0.018614939840901634
leaf_weight=0.83097930811345611 4.935430919751524 7.8798915240913612 21.12696107104421 128.93091489374638 6.704818835482004 5.011866331100463 256.16975956968963 3.0484408214688292 5.1570175942033529 2.6382235046476126 1.2754105366766451 36.878211513161659 13.219052916392682 1.9003033339977253
leaf_count=37 50 61 760 636 49 81 13944 66 271 42 25 240 182 69
internal_value=-5.75791e-06 -0.0141468 0.00800743 0.0225734 0.0126848 -0.004186 -0.0171912 -0.0179774 0.00982827 0.0360422 0.0407267 0.0208386 -0.00460526 -0.0184654
internal_weight=495.707 305.039 36.6569 190.668 61.7375 26.1388 268.382 261.119 7.26341 10.5181 2.10639 41.8136 19.9239 258.07
internal_count=16513 15356 944 1157 521 841 14412 14079 333 103 62 290 231 14013
is_linear=0
shrinkage=0.02


Tree=62
num_leaves=15
num_cat=0
split_feature=84 51 84 69 63 53 53 50 2 53 50 35 56 19
split_gain=391.787 42.6365 35.2003 40.6587 12.321 11.0948 9.35688 10.6277 8.92453 8.36223 10.3895 8.20282 7.04158 13.116
threshold=0.3028452976915435 0.047646438397510683 0.59583193948271751 0.53315988198993136 0.16202738817874829 -0.014119499754401977 -0.054263086568537379 0.09678900004877776 0.46454152908305824 -0.082625899674857908 0.017961178379245189 -0.018130479970004342 0.014068513825963049 -0.078357566236749762
decision_type=10 10 10 10 10 10 10 8 8 8 10 8 10 10
left_child=1 9 3 6 12 -3 -2 -8 -6 10 -1 -12 13 -5
right_child=2 5 -4 4 8 -7 7 -9 -10 -11 11 -13 -14 -15
leaf_value=-0.016300015429827161 0.015195772700436712 0.030163706473728739 0.026919030794511738 0.029818307948592165 -0.0049188801993412671 -0.0024896552433324132 -0.01808714001294616 0.01503786802738225 0.022795132952335598 -0.018001673322711333 0.044880380407036909 -0.010852301305270592 0.041154355773420907 0.00081986286496273629
leaf_weight=3.9593633506447077 4.9406486935913589 8.4181475881487113 130.69852136448026 17.87394979596138 11.014387285336854 7.2044998276978722 22.023866882547736 3.8666099533438709 6.7085987571626893 253.02252143062651 1.9649268127977846 1.1373658850789072 10.181317694485186 9.405983794480564
leaf_count=207 78 68 652 102 171 200 519 32 49 14064 58 61 67 148
internal_value=0.000324636 -0.0154681 0.0203952 0.0102869 0.0204346 0.0158615 -0.00794756 -0.0127648 0.00622877 -0.0174036 0.00360149 0.026783 0.0268187 0.0202023
internal_weight=492.421 275.707 216.714 86.0154 55.1842 15.6226 30.8311 25.8905 17.723 260.084 7.06166 3.10229 37.4613 27.2799
internal_count=16476 14658 1818 1166 537 268 629 551 220 14390 326 119 317 250
is_linear=0
shrinkage=0.02


Tree=63
num_leaves=15
num_cat=0
split_feature=85 51 53 60 42 24 50 53 1 80 50 85 62 19
split_gain=368.508 56.5882 27.6417 15.9168 15.3695 14.9254 14.5619 11.3077 13.5066 9.67095 9.42473 7.77794 7.06635 6.58494
threshold=0.29764828562403445 0.038166340478421164 -0.025958778331697931 0.6299453394013822 0.029119613225506727 0.29166666666666669 0.09678900004877776 -0.082625899674857908 0.35311729482212056 0.016750000000000004 0.13189325527945919 0.6369910105598604 0.21004260396323796 -0.10375747732449318
decision_type=10 10 10 10 10 8 10 8 10 8 10 10 10 8
left_child=1 4 -3 -2 7 9 11 8 -1 -6 -4 -5 -7 -9
right_child=3 2 10 6 5 12 -8 13 -10 -11 -12 -13 -14 -15
leaf_value=-0.013286270612880487 0.025174279674112135 0.032102507477331746 -0.011512763605875023 -0.013997661132981922 0.027634669128197432 -0.0053248976132328927 0.027048323658513493 -0.0030104194521474821 0.03679168997997001 -0.01409341832585459 0.025460237638276199 0.01960585798492219 0.047156810532531006 -0.018765742262337154
leaf_weight=4.6661843955516815 154.97207787260413 13.886022670194508 14.351421331986787 10.670312950387599 1.6828272435814149 1.1885952912271016 7.2675614021718493 11.540084602311252 2.5165029261261225 13.159943846985698 2.3884810078889123 2.6647376269102088 2.4993309937417507 239.80475550703704
leaf_count=246 849 91 463 191 49 36 38 422 63 615 18 12 39 13335
internal_value=-5.9019e-05 -0.0132407 0.0122499 0.0229852 -0.0160923 0.00143058 0.00611578 -0.017349 0.00661099 -0.00791673 -0.00509956 -0.00638343 0.0327145 -0.0180572
internal_weight=483.259 307.684 30.6259 175.575 277.058 18.5307 20.6026 258.528 7.18269 14.8428 16.7399 13.3351 3.68793 251.345
internal_count=16467 15377 572 1090 14805 739 241 14066 309 664 481 203 75 13757
is_linear=0
shrinkage=0.02


Tree=64
num_leaves=15
num_cat=0
split_feature=83 18 83 69 38 58 0 74 15 87 57 26 26 23
split_gain=375.356 40.3098 35.8675 23.5996 14.4833 14.1403 12.7059 8.83527 8.55791 9.4359 8.52216 5.54944 5.30772 4.87146
threshold=0.55742956927955367 -0.041650180811033714 0.7764904940749584 0.56341209877795251 1.0000000180025095e-35 0.017429733778344152 0.12912287060529179 0.7544076708939067 0.037429581902081198 0.061381475667189961 0.015994050609731095 -0.0090417088051301647 -0.10571016154906822 655.64111777777782
decision_type=10 8 10 10 8 10 10 10 10 10 10 10 8 8
left_child=1 4 3 8 11 6 -5 10 9 -2 13 -1 -6 -3
right_child=2 7 -4 5 12 -7 -8 -9 -10 -11 -12 -13 -14 -15
leaf_value=-0.0037688429831681139 -0.01593085762772356 -0.018714701048391329 0.025460519672738591 -0.0080205109248415139 0.029419842241268097 0.030665149490952209 0.021914217532604283 0.032715989881563393 0.017446686761088216 0.013641511365610291 0.030842560868062207 0.037732295058205953 -0.010389153814651783 -0.0050381653716054789
leaf_weight=1.3367223311215637 20.525281269103296 238.18069556355476 145.18006247468293 11.19471155293286 0.60096156969666481 17.48917131870985 9.7512414380907995 0.5117259044200172 4.4546172618865958 4.5794564224779597 0.56598950736224551 6.8722047656774503 7.6948415003716963 11.811789644882081
leaf_count=44 404 13789 788 237 15 113 66 24 46 27 25 72 275 613
internal_value=0.000118242 -0.0156306 0.0198667 0.00772716 0.0139961 0.0178716 0.00627894 -0.017626 -0.00561658 -0.0102205 -0.0178584 0.0312989 -0.0046507 -0.0180912
internal_weight=480.749 267.575 213.175 67.9945 16.5047 38.4351 20.946 251.07 29.5594 25.1047 250.558 8.20893 8.2958 249.992
internal_count=16538 14857 1681 893 406 416 303 14451 477 431 14427 116 290 14402
is_linear=0
shrinkage=0.02


Tree=65
num_leaves=15
num_cat=0
split_feature=87 19 84 51 22 50 19 18 53 42 15 69 58 18
split_gain=341.859 42.003 33.4109 26.8444 22.8082 14.8433 11.5277 11.0566 9.37233 9.34816 9.17739 8.80411 7.6661 7.55616
threshold=0.019704911667637357 -0.1201997872461376 0.59583193948271751 0.026292705255873936 7.6870175473336979e-05 0.099254455501078767 -0.097281440276794293 0.0048812541517938022 -0.0033134412650812485 0.049855611265032344 -0.001192956805807485 0.46497827167281691 0.01154647156749714 0.0043459307265213973
decision_type=10 8 10 10 10 10 10 10 10 10 10 10 10 10
left_child=1 8 3 4 12 -3 -6 10 13 -8 -7 -5 -2 -1
right_child=2 5 -4 11 6 7 9 -9 -10 -11 -12 -13 -14 -15
leaf_value=0.031577651761392211 0.0028576122943357869 -0.017853619266370309 0.026151406448658689 -0.011340428529467697 0.011194631701819915 -0.0087243168723573766 -0.018581010057443666 -0.013559185729359151 -0.014794800618455251 0.017293843468048378 0.037545695260688745 0.026274237418216561 0.035403179867707191 -0.0043683782228782237
leaf_weight=9.6109028775244933 4.9798653777688724 242.6973478551954 121.31379473954439 2.1684736944735077 8.2633652482181734 2.1595985721796751 24.38016954809428 6.0036062207072973 2.3621463980525723 2.4907524958252898 3.8511206395924074 28.685335084795952 6.6059031803160906 2.7144347950816146
leaf_count=102 119 14162 623 19 74 83 540 270 76 21 80 161 64 102
internal_value=-0.00021442 -0.0148749 0.0196188 0.00919986 -0.000443407 -0.0167817 -0.0085105 0.00458035 0.0171537 -0.0147545 0.0220481 0.0233576 0.0227528 0.0239274
internal_weight=468.287 269.399 198.888 77.5739 46.7201 254.712 35.1343 12.0143 14.6875 26.8709 6.01072 30.8538 11.5858 12.3253
internal_count=16496 14875 1621 998 818 14595 635 433 280 561 163 180 183 204
is_linear=0
shrinkage=0.02


Tree=66
num_leaves=15
num_cat=0
split_feature=87 18 84 30 60 42 0 22 58 19 83 80 51 60
split_gain=345.871 49.1321 25.1928 20.0953 19.569 13.4688 11.5373 12.3736 10.9634 9.91819 8.70923 8.50407 7.84996 7.69657
threshold=0.024490203918432631 -0.029869151834900989 0.59583193948271751 -0.0050985255932005013 0.43800562594038256 0.055778783027266625 0.11872797449236451 2.0816681711721688e-17 0.01154647156749714 -0.084382445983112384 0.34717686644431922 0.012750000000000003 0.077212457388748199 0.52494224150124957
decision_type=10 8 10 8 10 10 10 10 10 8 10 8 10 8
left_child=1 3 4 -1 6 11 7 8 -2 13 -5 -3 -13 -6
right_child=2 5 -4 10 9 -7 -8 -9 -10 -11 -12 12 -14 -15
leaf_value=0.030157146403946792 -0.0064021440237898887 0.0013613254303672638 0.02597492497381659 -0.0136812026054812 0.027020972485142999 0.020362470317841993 0.026425177427740785 -0.010196027455331214 0.04190909149312913 -0.012747965612928 0.013068823336053019 -0.018498579071996361 0.018371529025017815 -0.008120566388149111
leaf_weight=11.104044079780577 2.6924535669386378 9.1159558705985528 125.91169947385788 10.995740039274102 4.937636282294986 3.0311349779367438 26.628713088110089 9.086640138179062 3.8291076049208641 15.838270828127863 7.2266549412161103 236.18554913811386 1.579633343964814 3.664872309193016
leaf_count=173 55 507 649 490 28 62 151 204 32 257 172 13755 19 44
internal_value=0.000157547 -0.0140449 0.0207161 0.01017 0.0105485 -0.0169157 0.0186413 0.00457005 0.0237642 -0.00361995 -0.00294466 -0.0174537 -0.0181777 0.0127633
internal_weight=471.828 279.239 192.589 29.3264 66.6777 249.912 42.2369 15.6082 6.52156 24.4408 18.2224 246.881 237.765 8.60251
internal_count=16598 15178 1420 835 771 14343 442 291 87 329 662 14281 13774 72
is_linear=0
shrinkage=0.02


Tree=67
num_leaves=15
num_cat=0
split_feature=84 51 83 61 18 53 51 18 24 80 56 80 83 56
split_gain=339.508 42.4876 31.839 22.1294 13.6691 19.4559 12.202 10.663 10.2376 8.18232 7.64815 7.53195 9.81742 7.49494
threshold=0.32362722979581843 0.047646438397510683 0.7764904940749584 0.2460387201160488 -0.039576835033714057 -0.054263086568537379 0.064526605458248232 0.0043459307265213973 0.22500000000000003 0.052166666666666674 0.0062165684326527379 0.016750000000000004 0.15950426052294464 -8.5064130205565809e-05
decision_type=10 10 10 10 8 10 10 8 8 10 10 8 10 10
left_child=1 4 3 9 5 -1 8 -3 -5 -2 -10 12 -6 -14
right_child=2 7 -4 6 11 -7 -8 -9 10 -11 -12 -13 13 -15
leaf_value=0.044132989804863965 0.026969748014582188 0.024901145908422385 0.024970598480388077 -0.012811034767916077 -0.011900688185258929 -0.010556406609064302 0.024630064267577627 -0.010286982472998243 -0.014218137525348356 -0.0011278799163487363 0.026714570829737123 -0.018851879458847771 -0.011197535782741004 0.042141364827222763
leaf_weight=2.5432436782866708 20.28617464192212 12.046349927783011 139.21083161607385 25.249438770115379 13.243027711287143 8.8727275896817428 4.6930679231882086 4.0470824968069818 1.9788411688059557 5.0512647982686749 4.4643250424414873 218.75480918772519 1.1413227440789344 1.7992284120991815
leaf_count=48 150 139 760 506 795 369 23 131 49 101 43 13292 51 68
internal_value=0.000178223 -0.0147779 0.0196894 0.00757009 -0.0168429 0.00420051 -0.00247256 0.0159681 -0.00711656 0.0215381 0.013922 -0.0178789 -0.00439466 0.0238509
internal_weight=463.382 262.448 200.934 61.7231 246.354 11.416 36.3857 16.0934 31.6926 25.3374 6.44317 234.938 16.1836 2.94055
internal_count=16525 14893 1632 872 14623 417 621 270 598 251 92 14206 914 119
is_linear=0
shrinkage=0.02


Tree=68
num_leaves=15
num_cat=0
split_feature=87 19 87 50 59 56 20 19 15 17 59 61 69 50
split_gain=320.144 47.9538 19.26 16.0986 13.8195 16.8674 10.9653 10.6279 9.16262 8.70687 8.01967 7.25697 7.03039 6.53713
threshold=0.024490203918432631 -0.1201997872461376 0.051414221517314306 0.051288080905686158 0.0090544910159062932 0.010063425616421576 0.15588761521334663 -0.040848461321618283 -0.0004662256331981794 0.080776711211493837 0.00077319429597057416 0.36390650942994601 0.58339957604663495 0.12648059749937793
decision_type=10 8 10 10 10 10 8 10 10 10 10 10 10 10
left_child=1 8 3 10 6 -6 13 11 -1 -8 -2 -5 -7 -3
right_child=2 4 -4 7 5 12 9 -9 -10 -11 -12 -13 -14 -15
leaf_value=0.00036474388632603378 -0.012821949224972087 -0.018262713434004065 0.024598793092568915 0.025281583642516307 -0.015138310674182299 0.002582641271161883 -0.015441678657618672 -0.0034420331920356814 0.029734265804219215 0.024412589580726864 0.015632637375226001 -0.0038153288046632525 0.051536583848479874 0.0096876289419467847
leaf_weight=7.1171949338167932 13.35584248416126 231.40959134418517 125.4755511879921 29.412616081535816 5.7357601793482882 2.036742159165442 3.1144905053079119 7.7584612108767024 9.6366134304553253 3.8148470493033528 4.5321351923048487 3.591017320752143 2.1767826275900006 2.8165980260819188
leaf_count=181 328 13947 721 170 293 59 175 79 103 102 61 29 46 96
internal_value=-6.58875e-05 -0.0140022 0.0201743 0.0104548 -0.016199 0.00635615 -0.017152 0.0172696 0.0179811 0.00681119 -0.00516667 0.0220965 0.0329074 -0.0178869
internal_weight=451.984 267.859 184.126 58.6501 251.105 9.94928 241.156 40.7621 16.7538 6.92934 17.888 33.0036 4.21352 234.226
internal_count=16390 15002 1388 667 14718 398 14320 278 284 277 389 199 105 14043
is_linear=0
shrinkage=0.02


Tree=69
num_leaves=15
num_cat=0
split_feature=87 18 30 50 42 87 50 50 34 60 86 23 67 41
split_gain=295.709 52.8346 26.8971 25.9924 15.111 14.7645 8.83889 7.51375 7.29919 6.77984 8.8773 5.94372 6.41153 5.28826
threshold=0.024490203918432631 -0.029869151834900989 -0.0076896719683784412 0.038925313959179149 0.055778783027266625 0.079682539682539702 0.072043625920704193 0.10536311932786044 0.1197946300507934 0.60282973003889284 2.5000000000000004 1315.5459465579713 0.18990877589986568 -0.0012676575866056219
decision_type=10 8 8 10 10 10 10 10 10 10 10 8 8 10
left_child=1 2 -1 5 7 8 -4 11 -2 -5 -11 -3 -13 -9
right_child=3 4 6 9 -6 -7 -8 13 -10 10 -12 12 -14 -15
leaf_value=0.033336479637593029 -0.014128903611877981 -0.018187286141104968 -0.015342247568424517 0.024317950008310527 0.021949672628802257 0.023005260280477932 0.012081472651008543 -0.0065722899375883536 0.02279535128911097 -0.0097138494211054787 0.020534003853660367 0.036605054438917914 -0.0089219116995680487 0.027562504987931981
leaf_weight=12.059692367911337 15.30274180322886 221.15688099339604 10.560091981664305 139.11318743601441 3.2209551297128192 7.0335723459720603 6.9916064217686644 6.5707294587045908 1.5513022020459164 5.5566378068178883 9.0427877921611053 0.75822073966264625 3.3001701105386019 1.3924281708896149
leaf_count=163 369 13668 524 836 60 48 140 255 15 52 47 38 158 19
internal_value=2.55936e-05 -0.0132993 0.0115825 0.0199464 -0.0164516 0.000507577 -0.0043558 -0.0170735 -0.00964387 0.0229444 0.00913678 -0.0177461 0.00513879 0.00180565
internal_weight=443.611 266.011 29.6114 177.6 236.399 23.8876 17.5517 233.178 16.854 153.713 14.5994 225.215 4.05839 7.96316
internal_count=16392 15025 827 1367 14198 432 664 14138 384 935 99 13864 196 274
is_linear=0
shrinkage=0.02


Tree=70
num_leaves=15
num_cat=0
split_feature=87 19 84 69 50 52 84 50 28 15 84 29 80 22
split_gain=301.773 41.4239 25.1811 20.984 16.3931 14.3441 13.824 11.1738 10.2463 8.2213 7.31829 6.42661 6.19566 5.63168
threshold=0.022857889237199586 -0.1201997872461376 0.59583193948271751 0.56341209877795251 0.085440221317283765 -0.0076705380279461282 0.27283995003529843 0.093361142371923514 0.14710329537329203 -0.0004662256331981794 0.16287140622738502 0.086958129961944478 0.031416666666666669 0.002993627743020894
decision_type=10 8 10 10 10 8 10 10 10 10 10 10 10 10
left_child=1 9 3 7 8 -6 -5 -2 -3 11 -7 -1 -12 -8
right_child=2 4 -4 6 5 10 13 -9 -10 -11 12 -13 -14 -15
leaf_value=-0.0076855360041448544 -0.012197634370804105 -0.01833841488784535 0.025179159099462299 -0.0060506806099415514 0.046650036605532123 -0.013151083991166568 0.033663495789847439 0.016254720143024919 0.014135666962879637 0.029798055882885845 0.032561787176994691 0.034876261740114434 -0.004151347331425098 0.016136955361661973
leaf_weight=6.2117825280874959 19.114715764299039 217.41201243922114 112.58080760762095 7.6472912337630978 1.449771463871002 12.452060546725994 12.607157273218034 6.6560204420238724 3.2671738453209391 8.0259164627641422 2.2320824144408098 0.76715645007789124 3.8141632042825222 25.290269486606121
leaf_count=180 312 13747 611 216 19 646 75 41 98 93 58 9 120 204
internal_value=-0.000177672 -0.0142119 0.0193025 0.0098054 -0.0162332 0.00108028 0.017832 -0.00451633 -0.017796 0.0171923 -0.00470051 0.000777722 0.0120997 0.022683
internal_weight=439.528 255.632 183.896 71.3155 240.627 19.9481 45.5447 25.7707 220.679 15.0049 18.4983 6.97894 6.04625 37.8974
internal_count=16429 14970 1459 848 14688 843 495 353 13845 282 824 189 178 279
is_linear=0
shrinkage=0.02


Tree=71
num_leaves=15
num_cat=0
split_feature=83 51 50 58 52 53 44 83 16 42 60 35 52 2
split_gain=298.256 37.8347 31.8029 24.7863 20.6956 16.2333 11.8475 10.4785 10.2532 8.92482 8.5419 8.44168 6.97579 5.39226
threshold=0.55742956927955367 0.038166340478421164 0.070306612560543727 0.016072647588554947 0.022501962363490283 -0.082625899674857908 -0.072215740405615902 0.7764904940749584 -0.021943059710673837 0.023908570238820218 0.60282973003889284 -0.014940184164787788 0.099434432439063455 0.28132851758793975
decision_type=10 10 10 10 8 8 8 10 10 10 10 8 10 10
left_child=1 5 3 7 -3 8 9 -2 11 -7 -5 13 -6 -1
right_child=2 4 -4 10 12 6 -8 -9 -10 -11 -12 -13 -14 -15
leaf_value=0.069077339004293734 -0.012654510762638172 0.035236129995935075 0.024061716568470812 0.024337701539655154 -0.010327376449806889 -0.010338755283056379 -0.018386440115228584 0.0088670274460403709 -0.0083817153285372197 0.058196567583804246 -0.0021611086663931331 -0.0092967854892486851 0.026639637014797157 0.0015218577853088819
leaf_weight=1.1673287162557242 21.957534263841808 7.5245961118489504 132.63562988303602 26.227138327434663 11.535157795995476 1.0250554140657184 212.02527766674757 14.040543394163249 3.7947426550090313 0.51690052170306433 5.7362114740535608 0.84203330613672767 1.4595391722396005 0.66318687237799157
leaf_count=33 523 78 759 196 413 60 13875 121 207 12 89 52 27 21
internal_value=0.000426044 -0.0145643 0.0183854 0.00711901 0.0109873 -0.016986 -0.0179405 -0.00424756 0.0127129 0.0264921 0.0196609 0.0367917 -0.00456845 0.0537868
internal_weight=441.151 240.554 200.597 67.9614 20.5193 220.035 213.567 35.9981 6.46729 1.54196 31.9633 2.67255 12.9947 1.83052
internal_count=16466 14778 1688 929 518 14260 13947 644 313 72 285 106 440 54
is_linear=0
shrinkage=0.02


Tree=72
num_leaves=15
num_cat=0
split_feature=87 19 85 51 51 53 87 85 53 18 60 61 85 57
split_gain=301.384 36.0818 22.4151 18.658 14.2352 23.0408 12.1617 11.2793 10.0909 11.01 7.85912 7.08447 6.61667 11.7046
threshold=0.020101010101010106 -0.1201997872461376 0.38419537273268639 0.029256839182046846 0.039576205553387471 -0.031669626727373647 0.083920187793427234 0.41298730758275071 -0.087947678985920735 0.020266524215576457 0.36209297858034778 0.48131197186538371 0.2359421298994209 -0.0094608576982741343
decision_type=10 8 10 8 10 10 8 10 8 10 10 10 10 10
left_child=1 -1 3 6 7 -6 10 8 9 -3 12 -4 13 -2
right_child=2 4 11 -5 5 -7 -8 -9 -10 -11 -12 -13 -14 -15
leaf_value=0.016029964413761061 0.032582272333128263 0.040630224086323406 0.024599191471052242 0.022780184343636625 0.042844495631461935 -0.011681374796507903 0.034152550908526147 0.017861288998655342 -0.018709631889200634 -0.014491823707924206 -0.010095213174941598 -0.0021440353839077084 0.021090705779301635 -0.018071103556702005
leaf_weight=13.919121131300924 1.5174439447000621 1.6013722578063605 125.61013124510646 23.476540675386786 3.247720453888177 10.516834880225359 2.9034311659634104 2.7931048274040213 208.67393516283482 2.448794330470264 22.562451297417283 3.9316032007336608 6.9176230691373348 5.7392476918175799
leaf_count=279 22 67 700 137 33 404 26 22 13917 147 466 25 44 180
internal_value=0.000392206 -0.0143851 0.0190241 0.00904991 -0.0162931 0.00321439 0.000557842 -0.0175481 -0.0180944 0.0110323 -0.00293192 0.0237773 0.00838434 -0.00481568
internal_weight=435.859 243.201 192.658 63.1167 229.282 13.7646 39.6402 215.517 212.724 4.05017 36.7368 129.542 14.1743 7.25669
internal_count=16469 14869 1600 875 14590 437 738 14153 14131 214 712 725 246 202
is_linear=0
shrinkage=0.02


Tree=73
num_leaves=15
num_cat=0
split_feature=83 50 19 59 27 19 56 50 83 74 16 56 49 56
split_gain=287.759 28.22 27.3565 17.0287 13.1222 11.2425 17.0106 9.89152 11.9037 9.59154 8.21973 8.72271 7.60351 7.07875
threshold=0.55742956927955367 0.048225016479334144 -0.1201997872461376 0.004462128232386565 -0.13946799147687386 -0.069448410096533339 0.014855424538373999 0.076049392199541266 0.21970208867848276 0.7544076708939067 -0.055429894455987165 0.013296223180000521 -0.32980756649666282 0.016743920256971207
decision_type=10 10 8 10 10 10 10 10 10 10 8 10 10 8
left_child=2 3 12 4 -2 -3 -7 9 -9 -4 -10 -12 -1 -6
right_child=1 5 7 -5 13 6 -8 8 10 -11 11 -13 -14 -15
leaf_value=-0.0023298359596875128 0.023517487705800439 0.02526640194769417 -0.018071518323776587 0.024528242813123536 -0.01502624775121481 -0.0016926256180375217 0.023825043769525656 -0.014236406695865319 0.040406884460892203 0.036256565702570014 -0.013680833858075971 0.027264542829051601 0.027382653256030287 0.010787642258794014
leaf_weight=6.3174753021448851 4.6004470139741889 115.1325363535434 194.13828267343342 9.9507542178034765 21.013418338261548 18.509676435962319 22.631502548232675 16.382445331662897 2.0711901653558016 0.41652339324355026 4.8286732546985132 2.2383191017434001 6.2141400296241027 4.5004128934815553
leaf_count=161 29 658 13249 88 517 186 131 907 44 20 234 69 98 60
internal_value=0.000427286 0.0182079 -0.0145946 0.00313816 -0.004491 0.0220269 0.0125767 -0.0162384 -0.00432932 -0.0177704 0.0130839 0.0010599 0.0133387 -0.0102378
internal_weight=428.946 196.339 232.607 40.065 30.1143 156.274 41.1412 220.075 25.5206 194.555 9.13818 7.06699 12.5316 25.5138
internal_count=16451 1669 14782 694 606 975 317 14523 1254 13269 347 303 259 577
is_linear=0
shrinkage=0.02


Tree=74
num_leaves=15
num_cat=0
split_feature=87 19 50 87 42 50 34 2 17 52 1 53 50 52
split_gain=272.778 44.0011 21.8636 18.677 15.843 11.1269 10.6219 9.45036 9.36799 8.13157 7.02014 6.7462 7.90999 7.80228
threshold=0.023904761904761908 -0.1201997872461376 0.048225016479334144 0.067682088868529569 0.03985696498982446 0.10536311932786044 0.040248675579515156 0.46454152908305824 0.075305641478862886 0.040674027724704839 0.36596254355400698 -0.082625899674857908 0.017961178379245189 -0.022696188425314259
decision_type=10 8 10 10 10 10 10 10 10 8 10 8 10 8
left_child=1 7 3 9 5 11 -6 8 -1 -2 -7 12 -3 -14
right_child=2 4 -4 -5 6 10 -8 -9 -10 -11 -12 -13 13 -15
leaf_value=-0.013607771148391318 -0.015120706791118115 -0.015403100560442081 0.022530821367648585 0.02520501223547205 -0.010555014634144979 -0.013070004401246574 0.032663041496017696 -0.015138088767475353 0.028413045980452179 0.010423584533891273 0.02091601018533671 -0.01778272022886395 0.060794965252013208 -9.7346407313142849e-05
leaf_weight=1.8826609719544674 14.251177948899569 3.0861177397891879 146.90736971050501 9.8271210119128209 3.7306151883676639 3.4799142358824602 3.6524412808939815 2.4464489277452222 13.169258369132875 6.5627623405307558 4.4625028083100915 209.50897856149822 0.46596763469278812 1.9690685514360668
leaf_count=75 359 191 899 72 165 179 72 70 152 87 109 13945 8 112
internal_value=0.00048075 -0.0130542 0.0193426 0.00382794 -0.0153867 -0.0163494 0.0121711 0.0168227 0.0226369 -0.00695782 0.00622888 -0.0172084 0.00397101 0.0258613
internal_weight=425.402 247.854 177.548 30.6411 230.356 222.973 7.38306 17.4984 15.0519 20.8139 7.94242 215.03 5.52115 2.43504
internal_count=16495 15078 1417 518 14781 14544 237 297 227 446 288 14256 311 120
is_linear=0
shrinkage=0.02


Tree=75
num_leaves=15
num_cat=0
split_feature=84 83 60 18 30 48 28 42 0 52 80 79 18 53
split_gain=283.239 29.519 32.8966 24.9651 17.2498 11.0681 10.9025 12.6099 10.844 11.055 10.0858 9.38311 11.5839 9.19365
threshold=0.3028452976915435 0.7764904940749584 0.48694173143499103 -0.027484496237288322 -0.0044299407544818098 5.080246491321855 0.11067063638378863 0.027775298725344049 0.12773956167013281 0.044656089428336092 0.016750000000000004 0.16185666919707728 -0.001845621673976283 -0.038706292763387606
decision_type=10 10 10 8 8 10 10 10 10 10 8 10 10 10
left_child=3 2 8 4 13 -4 10 -8 9 -2 11 12 -5 -1
right_child=1 -3 5 6 -6 -7 7 -9 -10 -11 -12 -13 -14 -15
leaf_value=0.045295947454159623 -0.0086524283354612493 0.023700384980976756 -0.013936297411918349 0.027578804462641549 -0.0081922108916998599 0.025579115067592952 -0.0092898925442321222 0.041193559553094332 0.027024288999158222 0.02323117245996463 -0.019294094318107916 0.045264174541541753 -0.014492307727630129 0.0048347436717109662
leaf_weight=3.7811087816953659 9.1854728786274773 127.69426887668669 24.47702424693853 2.2809588219970456 15.515385353006424 2.2655417881906024 6.0638537043705574 1.7699847780168054 23.267235783860087 6.6737115178257218 179.17840811982751 0.52630953863263208 12.557155764661726 4.7470411825925094
leaf_count=52 185 759 598 108 694 18 347 36 166 61 12498 26 804 122
internal_value=0.000400912 0.018115 0.00709476 -0.0147557 0.00435453 -0.00978733 -0.0170364 0.00548834 0.0185899 0.00534665 -0.0179668 -0.00225504 -0.00669206 0.0256451
internal_weight=419.983 193.563 65.869 226.42 24.0435 26.7426 202.377 7.83384 39.1264 15.8592 194.543 15.3644 14.8381 8.52815
internal_count=16474 1787 1028 14687 868 616 13819 383 412 246 13436 938 912 174
is_linear=0
shrinkage=0.02


Tree=76
num_leaves=15
num_cat=0
split_feature=85 51 50 56 18 80 58 18 18 14 28 56 58 15
split_gain=245.127 51.5174 23.1915 21.5068 19.2898 15.159 16.264 18.6871 14.2462 12.2941 11.4445 10.0578 9.65869 9.05196
threshold=0.24960156058648117 0.045207726380729903 0.061426131860846063 0.0094163809330364123 -0.044107889121360981 0.018750000000000003 0.0084326926468543967 0.020266524215576457 0.0043459307265213973 0.0039374510408584093 0.15817642397199355 -5.8920934519650227e-05 0.0064237590645786361 -0.0007429244251679171
decision_type=10 10 10 10 8 8 10 10 8 10 10 10 10 10
left_child=1 4 3 10 9 6 -6 11 -3 -1 -2 -8 -5 -11
right_child=2 8 -4 12 5 -7 7 -9 -10 13 -12 -13 -14 -15
leaf_value=-0.0089943198721282158 -0.014558764147509236 0.026050622026842999 0.022978512615567343 -0.009981814074873219 -0.014248905911779446 -0.018461178108606244 0.0063205302608024807 -0.0088333340115574997 -0.010788194869385431 -0.00091325454149388018 0.022062063590675276 0.070419614500317917 0.02502323440679486 0.0528791498555388
leaf_weight=5.1288812933489663 18.069924595765773 15.603488889522849 127.28012772183865 3.2107056267559555 12.046724184416236 189.51015589386225 1.7756110625341537 4.0189659651368856 4.9926753751933601 1.93595674354583 3.2302999533712855 1.9950699163600791 18.141402815468609 2.3735522394999862
leaf_count=188 420 166 791 55 803 13079 90 237 162 70 17 76 138 54
internal_value=0.000414252 -0.0126065 0.0187228 0.00578764 -0.0154617 -0.0167287 -8.54633e-05 0.0209475 0.0170346 0.011552 -0.00826473 0.0478873 0.0195485 0.0330933
internal_weight=409.314 239.381 169.932 42.6523 218.785 209.347 19.8364 7.78965 20.5962 9.43839 21.3002 3.77068 21.3521 4.30951
internal_count=16346 14925 1421 630 14597 14285 1206 403 328 312 437 166 193 124
is_linear=0
shrinkage=0.02


Tree=77
num_leaves=15
num_cat=0
split_feature=86 50 18 58 60 30 50 18 81 18 44 54 55 50
split_gain=235.388 34.7661 33.1421 23.1798 16.144 12.3797 9.82757 10.7588 8.24864 7.90745 7.52045 7.42968 6.94312 7.50831
threshold=1.0000000180025095e-35 0.063273756558881344 -0.039576835033714057 0.0086503377413029835 0.57223070986439029 0.0099025117639606145 0.099254455501078767 0.0048812541517938022 0.14658333333333337 0.024866079188228422 -0.084431667737921684 0.027783818509200652 -0.036864438084975887 0.043138949172094494
decision_type=10 10 8 10 10 10 10 10 8 8 8 10 10 10
left_child=2 3 5 12 9 -1 8 11 -4 -5 -10 -8 13 -2
right_child=1 -3 6 4 -6 -7 7 -9 10 -11 -12 -13 -14 -15
leaf_value=0.02796119645152878 -0.013384975115572241 0.02148842390132448 0.014410742157014645 0.026314626749289829 -0.011270010000300064 -0.0069427543592884867 0.037550775910634861 -0.016936827508214729 0.025835729629420396 0.0049397996261904041 -0.018539447078478689 -0.0071754567152799145 -0.017624401059833678 0.024244833473764507
leaf_weight=8.5826119743287546 3.4033075645566013 136.7390029495582 2.4552757525816551 20.608540618792176 8.0813435679301602 6.4902120865881434 2.9368994077667576 4.7605822244659066 0.71138656511902809 10.988791166804733 180.38030878454447 1.9428907651454208 17.900295921601355 3.16425178386271
leaf_count=158 112 909 164 212 181 276 59 261 30 156 13292 85 546 35
internal_value=0.000415984 0.0158219 -0.014449 0.00359824 0.0129182 0.013435 -0.0166825 0.00273966 -0.0177119 0.0192606 -0.0182242 0.0215513 -0.0114294 0.0055531
internal_weight=409.146 200.886 208.26 64.1465 39.6787 15.0728 193.187 9.64037 183.547 31.5973 181.092 4.87979 24.4679 6.56756
internal_count=16476 2151 14325 1242 549 434 13891 405 13486 368 13322 144 693 147
is_linear=0
shrinkage=0.02


Tree=78
num_leaves=15
num_cat=0
split_feature=84 51 50 53 53 69 84 56 87 20 50 14 50 72
split_gain=267.206 31.3621 25.3473 14.1695 11.83 11.5117 21.4276 10.9452 10.0098 8.34453 8.05428 7.90424 6.91861 6.73044
threshold=0.3028452976915435 0.041406368752549723 0.030631479184293976 -0.026263931991370098 -0.082625899674857908 0.53315988198993136 0.63533142302484602 0.012671581811401192 0.12347560975609757 0.14893788507570105 0.10334313779884126 0.090057866524896044 0.017961178379245189 0.12285363285363286
decision_type=10 10 10 8 8 10 10 10 10 10 10 10 10 10
left_child=1 4 7 -3 12 6 11 -2 9 -6 -5 13 -1 -4
right_child=2 3 5 10 8 -7 -8 -9 -10 -11 -12 -13 -14 -15
leaf_value=-0.010353445972906088 -0.012020362209453921 0.03253201591664056 -0.014853695789777781 -0.015751543017733155 -0.018386892531479345 0.023907210738746066 0.023937204498314296 0.01725808288189027 0.031190588123268879 0.015310146922420666 0.016700684354725714 0.024697126125121642 0.027269639597539027 0.0091799977488275213
leaf_weight=3.0371946608647704 14.581657847389581 6.3099551144987345 13.415403852239256 6.7943053767085093 190.62071529589593 120.09177722781897 25.788318321108818 6.6131644807755938 0.80432436987757583 2.2757091959938398 4.0602230820804834 2.6509007271379224 3.0108013991266489 6.0803638314828268
leaf_count=196 439 52 223 296 13828 789 150 83 9 94 59 23 131 83
internal_value=0.000667044 -0.0144542 0.0179861 0.0109854 -0.0166841 0.0205722 0.0118991 -0.00251899 -0.0175494 -0.0179124 -0.00322772 -0.00254713 0.00958772 -0.00727586
internal_weight=406.135 216.913 189.222 17.1645 199.749 168.027 47.935 21.1948 193.701 192.896 10.8545 22.1467 6.048 19.4958
internal_count=16455 14665 1790 407 14258 1268 479 522 13931 13922 355 329 327 306
is_linear=0
shrinkage=0.02


Tree=79
num_leaves=15
num_cat=0
split_feature=84 87 51 60 54 1 42 51 28 42 48 51 55 19
split_gain=246.469 28.6824 28.1297 23.4647 11.8383 11.2582 10.532 10.9743 10.219 16.8002 8.68561 7.86136 7.04236 6.60527
threshold=0.3028452976915435 0.040408163265306128 0.039576205553387471 0.43800562594038256 0.010321261456408036 0.30931543425053781 0.055778783027266625 0.038166340478421164 0.1081076872719878 0.027775298725344049 0.11901698817167673 0.085015699248393597 -0.030503164296974278 -0.091712553708872255
decision_type=10 10 10 10 8 10 8 8 10 10 8 10 10 10
left_child=2 3 8 5 -4 -2 7 13 -1 -10 -11 -6 -9 -5
right_child=1 -3 4 6 11 -7 -8 12 9 10 -12 -13 -14 -15
leaf_value=-0.017203750633903499 -0.0008080076864780038 0.022874146238855867 0.027437234261531784 0.0027271824617598871 -0.011588152190853256 0.027870611572997955 0.026568980719528793 0.031038143490852717 -0.0111094033974366 0.068343838236855137 -0.0012917753536615972 0.028312574534194824 -0.0038309484833235602 -0.019346135911446124
leaf_weight=186.84181935340166 7.4035878451541093 124.20748312212527 7.3327631670981646 7.1003307206556192 9.1320843864232319 19.437634739093482 3.0927675915881983 3.2115355730056763 7.5170701369643194 0.98676674626767635 1.063640112988651 1.4683844745159138 4.7247782908380023 19.228969147428874
leaf_count=13734 148 756 92 104 341 153 26 18 443 18 36 10 44 566
internal_value=0.000651681 0.0172913 -0.0139869 0.00630503 0.00956531 0.0202153 -0.00395569 -0.00738607 -0.016175 0.00364306 0.0436393 -0.00409689 0.0121736 -0.0135116
internal_weight=402.75 188.407 214.343 64.1996 17.9332 26.8412 37.3584 34.2656 196.409 9.56748 2.05041 10.6005 7.93631 26.3293
internal_count=16489 1815 14674 1059 443 301 758 732 14231 497 54 351 62 670
is_linear=0
shrinkage=0.02


Tree=80
num_leaves=15
num_cat=0
split_feature=87 19 84 69 51 52 0 56 20 52 27 85 50 79
split_gain=242.232 42.5432 20.9704 16.2873 14.1092 22.4979 13.0994 14.5628 11.8432 7.44758 7.17424 6.58255 6.45418 6.28684
threshold=0.024243314722303854 -0.1201997872461376 0.59583193948271751 0.56341209877795251 0.028126417854455441 -0.00083932650117922436 0.1247895622895623 0.016743920256971207 0.14188343774398829 -0.057845896591437101 -0.13138879084133598 0.44386905409445288 0.093361142371923514 0.16185666919707728
decision_type=10 8 10 10 10 8 10 10 10 8 8 10 10 10
left_child=1 -1 3 12 9 -6 7 8 -5 -3 -7 13 -2 -11
right_child=2 4 -4 6 5 10 -8 -9 -10 11 -12 -13 -14 -15
leaf_value=0.01620430092783446 -0.010545351404856356 0.026029634467629952 0.023985900482238091 -0.014915320414653889 0.050855671577100754 0.024994420843285348 0.02545107425933528 0.032761125730068438 0.030508327871906549 -0.018649598252663921 -0.011714209527895755 0.011767359225370616 0.013431842814652253 0.0071025455939573018
leaf_weight=17.431246580556035 16.758328999392692 0.7310481071472168 104.60936515405774 11.879302659071984 2.0127546889707446 1.4612408140674231 24.810833725146949 3.8619015440344802 1.8289121240377415 180.34961083345115 17.507092737592764 2.3521477896720162 5.0746055841445914 3.3891433216631404
leaf_count=293 285 48 639 270 36 32 150 35 9 13460 828 20 32 256
internal_value=0.000425371 -0.0131272 0.0184772 0.00927297 -0.0156534 -9.38539e-05 0.0163759 0.00288032 -0.00719282 -0.017391 -0.00777625 -0.0176998 -0.00462817 -0.0181387
internal_weight=394.058 225.234 168.823 64.2139 207.803 20.9811 42.381 17.5701 13.7082 186.822 18.9683 186.091 21.8329 183.739
internal_count=16393 14973 1420 781 14680 896 464 314 279 13784 860 13736 317 13716
is_linear=0
shrinkage=0.02


Tree=81
num_leaves=15
num_cat=0
split_feature=84 87 50 60 52 87 53 44 0 81 42 39 14 60
split_gain=255.072 23.6491 23.6261 19.7877 11.2434 10.91 10.0378 8.63047 7.66504 7.41036 6.57662 6.10008 6.02875 5.76187
threshold=0.3028452976915435 0.031754032258064523 0.099254455501078767 0.48921762380841671 0.022501962363490283 0.090615835777126105 -0.046912204511976648 -0.072215740405615902 0.096205265322912389 0.14116666666666669 0.023908570238820218 0.026794998860161592 0.056347546280148104 0.67462750409923722
decision_type=10 10 10 10 8 10 10 8 10 8 10 10 10 10
left_child=2 3 5 8 -4 7 12 10 -2 -9 -1 -8 -5 -3
right_child=1 13 4 6 -6 -7 11 9 -10 -11 -12 -13 -14 -15
leaf_value=-0.0096996934583509671 -0.0037096423655870827 0.023026689213770796 0.029715682800705048 -0.0045085583751380753 -0.003869136224990838 0.0280260339776 -0.019140427354922815 0.017361762254298328 0.022940840197244579 -0.017983842297622749 0.051326648042686475 0.016409407230935424 0.03180883424236617 0.0064406947249342822
leaf_weight=0.91004622355103471 5.1491151070222285 123.80977832339704 5.1887643281370384 3.4149721162393716 10.668417353183029 1.298086255788802 15.667324417270722 1.6556906467303623 19.477244552224874 187.87435286398977 0.39243941381573677 1.4154538204893459 2.4689651969820261 9.9892491679638606
leaf_count=62 136 794 59 84 421 17 473 111 198 14030 12 15 20 66
internal_value=0.000277345 0.0175597 -0.014807 0.00530959 0.00823131 -0.0167412 -0.00788364 -0.0171902 0.0174412 -0.0175856 0.0229936 -0.0154503 0.0131376 0.0218454
internal_weight=389.38 181.392 207.988 47.5931 15.8572 192.131 22.9667 190.833 24.6264 189.53 1.30249 17.0828 5.88394 133.799
internal_count=16498 1786 14712 926 480 14232 592 14215 334 14141 74 488 104 860
is_linear=0
shrinkage=0.02


Tree=82
num_leaves=15
num_cat=0
split_feature=84 18 85 69 30 4 56 19 21 84 19 44 52 81
split_gain=226.562 28.9089 27.5994 24.2629 22.968 11.8177 15.2217 13.5181 11.3099 11.1827 7.87282 6.40086 6.23951 6.10326
threshold=0.3028452976915435 -0.027484496237288322 0.44386905409445288 0.53315988198993136 -0.0044299407544818098 0.031331806282722523 0.016743920256971207 -0.084382445983112384 0.027032318680624421 0.11489551311613748 -0.085882889932294024 -0.072215740405615902 0.016120191708312127 0.16558333333333336
decision_type=10 8 10 10 8 10 10 8 8 10 10 10 10 10
left_child=1 4 3 10 -1 6 7 -5 11 -10 12 -3 -2 -12
right_child=2 8 -4 5 -6 -7 -8 -9 9 -11 13 -13 -14 -15
leaf_value=0.031008808751488925 0.0209716303276977 0.020854158002445368 0.023376356561855119 0.01931998941021279 -0.0085489322309783219 0.026489134242725407 0.029347688556789837 -0.011307668481314107 -0.0067213734028182129 0.05214555330378149 0.022479140483972006 -0.017742182072709559 -0.0084081538288836456 -0.018055373715313534
leaf_weight=8.5874079233035427 4.7506776973605174 0.94233994279056688 102.84048550203443 7.6795555474236608 14.344736065715553 21.688945898786187 8.0569530390202981 16.172516723163433 3.436686976812779 0.90324902441352595 0.77982842363417404 176.69765298068523 5.0008404022082686 16.849675423465669
leaf_count=168 52 60 655 60 707 142 63 277 242 22 9 13540 69 488
internal_value=0.000459041 -0.0139705 0.0165329 0.00766282 0.006941 0.015391 0.00727182 -0.001066 -0.0166292 0.0130012 -0.00747431 -0.0174218 0.0065242 -0.015152
internal_weight=388.732 204.912 183.819 80.979 22.9321 53.598 31.909 23.8521 181.98 4.33994 27.381 177.64 9.75152 17.6295
internal_count=16554 14739 1815 1160 875 542 400 337 13864 264 618 13600 121 497
is_linear=0
shrinkage=0.02


Tree=83
num_leaves=15
num_cat=0
split_feature=83 18 85 69 53 17 51 52 59 85 18 80 79 42
split_gain=219.175 28.8154 28.0231 20.3838 14.8396 13.6439 12.3014 18.6363 9.93268 9.42448 8.31443 8.06414 11.003 7.68378
threshold=0.55742956927955367 -0.039576835033714057 0.44386905409445288 0.53482087018672397 -0.041494279515344505 0.082675697508233406 0.03284953253341031 0.010775015876195131 0.010141722070052921 0.22995182721818758 -0.029869151834900989 0.015250000000000001 0.16185666919707728 0.045226870039036637
decision_type=10 8 10 10 10 10 10 8 10 10 10 8 10 10
left_child=1 4 3 10 -1 8 11 -8 -5 -9 -2 12 -3 -13
right_child=2 6 -4 5 -6 -7 7 9 -10 -11 -12 13 -14 -15
leaf_value=0.03481197079632254 0.010538961818882678 -0.0070951181045943871 0.023293238516727498 -0.0062349624962771723 -0.0038855705616941479 0.02078082661748391 0.046473937640961742 -0.014353751900970792 0.03330560335054205 0.031766742846343926 -0.015371301184655732 -0.019280530180718652 0.053302586114575695 0.016992662502816593
leaf_weight=5.6707269120961419 6.045652890577915 9.6059390082955325 100.60139224119484 16.138817908242348 9.3367078797891718 35.870570124126971 1.9720060592517237 12.152752477675675 1.9837242830544699 1.0916719939559687 16.884521416388452 158.89708510693163 0.36139650456607419 1.6461617862805713
leaf_count=89 61 704 648 310 357 255 38 605 13 18 377 12919 20 94
internal_value=0.000242313 -0.0140422 0.0163825 0.00716168 0.011998 0.0137966 -0.0161993 0.000972784 -0.000391431 -0.00858903 -0.008385 -0.0177285 -0.000244766 -0.0188057
internal_weight=378.259 200.734 177.525 76.9233 15.0074 53.9931 185.727 15.2164 18.1225 13.2444 22.9302 170.511 9.96734 160.543
internal_count=16508 14844 1664 1016 446 578 14398 661 323 623 438 13737 724 13013
is_linear=0
shrinkage=0.02


Tree=84
num_leaves=15
num_cat=0
split_feature=84 84 60 18 53 51 18 50 72 53 80 84 51 51
split_gain=210.077 33.7926 28.9568 28.6012 12.7334 12.9474 11.9146 11.6171 8.23143 8.02749 7.4643 7.82839 7.26319 7.09525
threshold=0.27283995003529843 0.59583193948271751 0.43800562594038256 -0.029869151834900989 -0.038706292763387606 -0.0053944872570900739 -0.029869151834900989 0.018668947779726639 0.12794692751543571 -0.014914804589480994 0.016750000000000004 0.24907091407206464 0.060361246282284335 0.085015699248393597
decision_type=10 10 10 8 8 10 10 10 10 10 8 10 10 10
left_child=3 2 7 4 5 -1 9 -2 -8 -4 11 -5 -6 -12
right_child=1 -3 6 10 12 -7 8 -9 -10 -11 13 -13 -14 -15
leaf_value=-0.0099824618013557142 -0.0092698565469649906 0.023207573384857762 0.023390834401474381 -0.0075481764200928227 -0.012082105554354808 0.043361761167530884 -0.018024250207250944 0.020817836301807717 0.0039190765218196505 -0.009395529501590812 -0.019014627851059007 0.039241048792279923 0.019999023028420743 0.021223929510082635
leaf_weight=2.187122548930347 5.2998381638899437 97.268908247351646 6.9848519396036863 13.034258697181937 10.290082880295815 4.7930976077914238 22.695098410360519 39.411721623502672 9.1738306926563364 4.0713555673137289 155.09209500998259 0.59729944914579469 2.7938056830316773 0.99081945419311424
leaf_count=107 170 630 65 911 542 44 665 374 211 71 12664 4 21 10
internal_value=1.38239e-05 0.0151441 0.00603357 -0.0147301 0.00754117 0.0274909 -0.00564802 0.0171267 -0.0117806 0.0115396 -0.0173918 -0.00295617 -0.00429821 -0.0186257
internal_weight=374.684 184.906 87.6367 189.779 20.0641 6.98022 42.9251 44.7116 31.8689 11.0562 169.714 13.6316 13.0839 156.083
internal_count=16489 2186 1556 14303 714 151 1012 544 876 136 13589 915 563 12674
is_linear=0
shrinkage=0.02


Tree=85
num_leaves=15
num_cat=0
split_feature=87 50 18 51 87 20 59 38 26 15 42 52 18 80
split_gain=218.767 33.254 20.9904 20.3946 21.8056 11.5659 11.8308 11.5162 8.72493 8.21956 7.76297 6.43227 6.36215 6.37806
threshold=0.020101010101010106 0.081573820389471405 0.0070192858480439555 0.026292705255873936 0.074350469872857941 0.14188343774398829 0.0070585146350801067 1.0000000180025095e-35 -0.077993513118960398 0.038908012345436054 0.021245285245036803 -0.057845896591437101 -0.068534762203096053 0.012750000000000003
decision_type=10 10 10 10 10 10 10 8 8 10 10 8 8 8
left_child=1 8 7 4 5 6 9 -3 10 -2 -1 -10 -13 -14
right_child=3 2 -4 -5 -6 -7 -8 -9 11 -11 -12 12 13 -15
leaf_value=-0.0072675641762314034 -0.012799144432796066 0.034199189901602631 -0.015453982704937558 0.02345166551529354 0.023992283657944244 0.024074884650271439 0.016630216549196865 0.0017730526859531185 0.021991232169956933 0.010710310914816472 0.040009884223862563 0.014451494494154889 0.0011377426185330184 -0.018955721121084224
leaf_weight=3.5200928254052997 27.234834518283606 9.067811927758159 9.7257292196154577 93.369345305487514 25.361883280798793 6.6856254227459422 9.0856472607701999 7.9597999304533031 0.83864909783005714 6.717041987925767 1.0694849351420996 1.7277004113420842 6.4598527513444415 161.7029125969857
leaf_count=212 610 120 636 615 168 44 84 277 46 67 25 39 462 13131
internal_value=0.000452751 -0.013549 0.00700607 0.0172296 0.00928578 0.00145944 -0.00252065 0.0199803 -0.0167076 -0.00797467 0.00893624 -0.017445 -0.0177672 -0.0181817
internal_weight=370.526 202.072 26.7533 168.454 75.085 49.7231 43.0375 17.0276 175.319 33.9519 4.58958 170.729 169.89 168.163
internal_count=16536 14948 1033 1588 973 805 761 397 13915 677 237 13678 13632 13593
is_linear=0
shrinkage=0.02


Tree=86
num_leaves=15
num_cat=0
split_feature=84 87 18 51 30 51 87 19 18 56 70 19 60 37
split_gain=195.167 29.037 26.0338 21.2986 14.6201 12.1928 10.2722 10.186 9.57191 9.13927 7.96668 7.50032 7.32932 6.6638
threshold=0.3028452976915435 0.040408163265306128 -0.039576835033714057 0.030629445201025316 -0.0044299407544818098 0.039576205553387471 0.090615835777126105 -0.12483183079178171 0.0043459307265213973 0.015095353981656677 0.41410626043240467 -0.12930945415050646 0.4773030303030304 -0.019701486521237183
decision_type=10 10 8 10 10 10 10 10 10 10 10 10 10 10
left_child=2 3 4 7 -1 6 -4 -2 12 -9 -5 -6 -7 -11
right_child=1 -3 5 10 11 8 -8 9 -10 13 -12 -13 -14 -15
leaf_value=0.033767195416177467 0.018921056824141365 0.021424318479340402 -0.017651872283211786 0.027226262671085365 0.020733833051291825 0.029240207644644224 0.025396822572833211 -0.01424904673307527 -0.015234203883689026 0.030248263106985487 -0.0048877728158925752 -0.015342947162214271 -0.013102859836226912 -0.0034887180473200303
leaf_weight=5.6990412697196016 5.5094980150461188 113.84222294762731 164.79264419898391 14.959358887746932 2.3338962178677312 4.9484267923980934 1.4092421382665623 25.678403590805829 5.0702116042375565 2.5991117442026734 3.4911293415352693 6.6430214103311274 1.5911111589521167 6.2041877470910531
leaf_count=77 43 753 13787 94 30 107 19 757 244 26 48 335 43 101
internal_value=0.00016389 0.0155798 -0.0136432 0.00402614 0.0113592 -0.0157588 -0.0171371 -0.00422632 0.00376752 -0.00835384 0.0212109 -0.00482534 0.0185664 0.00854136
internal_weight=364.772 172.284 192.488 58.4417 14.676 177.812 166.202 39.9912 11.6097 34.4817 18.4505 8.97692 6.53954 8.8033
internal_count=16464 1822 14642 1069 442 14200 13806 927 394 884 142 365 150 127
is_linear=0
shrinkage=0.02


Tree=87
num_leaves=15
num_cat=0
split_feature=87 19 84 60 53 19 22 42 34 19 52 60 15 15
split_gain=197.615 25.1997 23.1173 16.3486 11.2097 9.71108 17.4932 9.28935 9.05043 7.78833 7.41853 6.42739 6.22791 6.17279
threshold=0.020101010101010106 -0.1201997872461376 0.63533142302484602 0.53120573654390946 -0.082625899674857908 -0.081631905195453033 0.002993627743020894 0.03985696498982446 0.040248675579515156 -0.015998848097353188 -0.021900505289448018 0.39494275971258069 -0.0004662256331981794 0.044753158032502412
decision_type=10 8 10 8 8 10 10 10 10 10 8 8 10 10
left_child=1 12 3 5 9 -2 11 13 -9 10 -3 -7 -1 -6
right_child=2 4 -4 -5 7 6 -8 8 -10 -11 -12 -13 -14 -15
leaf_value=-0.0013739399008315921 0.02196464741528836 0.055529243395414131 0.023556637311264877 -0.0080104975087567018 -0.017131115928799373 0.028100590615201169 -0.0061123479777892165 -0.014390819933316925 0.033255006091082978 -0.013746379748811806 0.00050356351646914117 -0.0040106585621923633 0.025454759274263074 0.016584224985039302
leaf_weight=6.2502337694168091 27.518509109504521 1.083982979878783 85.328702956438065 17.952644067816436 172.03832717239857 11.632421732880172 20.043956145644188 2.3549874117597929 2.1902126427739859 2.0798395248129964 1.8850397504866125 2.8205660236999401 6.4942894252017123 1.4519622828811396
leaf_count=175 196 44 577 295 14072 109 386 154 59 157 119 50 94 59
internal_value=0.00030099 -0.0132614 0.0163516 0.00846761 -0.0151617 0.0132892 0.00594495 -0.0160073 0.0104251 0.0123723 0.0295223 0.0219799 0.0131546 -0.0167555
internal_weight=361.126 195.829 165.297 79.9681 183.084 62.0155 34.4969 178.035 4.5452 5.04886 2.96902 14.453 12.7445 173.49
internal_count=16546 14933 1613 1036 14664 741 545 14344 213 320 163 159 269 14131
is_linear=0
shrinkage=0.02


Tree=88
num_leaves=15
num_cat=0
split_feature=85 18 83 69 80 53 58 58 28 31 83 53 47 12
split_gain=192.922 35.6146 17.8835 21.7531 16.3618 15.543 9.88872 8.82347 8.56899 9.26803 8.09493 8.03461 7.3988 7.97463
threshold=0.24960156058648117 -0.027484496237288322 0.7764904940749584 0.53826509006808054 0.015750000000000004 -0.037967305055531968 0.008543862749595588 0.015585275459568854 0.11067063638378863 -0.030616951341730616 0.0683810281660749 -0.054263086568537379 -0.012907309646412001 21.209508881922677
decision_type=10 8 10 10 8 8 10 10 10 10 10 10 10 10
left_child=1 5 3 11 6 -1 -3 -5 -6 -10 -8 -2 -12 -14
right_child=2 4 -4 7 8 -7 10 -9 9 -11 12 -13 13 -15
leaf_value=0.02538145904850779 0.017275410181332582 -0.0091631253040412742 0.021956129527413753 0.0038993879182014257 -0.018310186732984655 -0.0039579053743530141 -0.0069894992120124516 0.026576529793966342 0.02374234850735895 -0.016336438214724483 -0.0091256827099491962 -0.013431115905086631 0.069773856292292907 0.0049994365621838519
leaf_weight=11.355619074776767 3.2660189392045167 7.6816963665187341 102.87335494346917 11.430114440619947 157.94477334246039 16.843132904730741 2.0280883777886629 17.794317096471786 3.4921929324045777 3.774734496138989 0.75467868428677354 17.736917511560023 1.6020588558167221 1.3080505542457102
leaf_count=213 53 550 700 143 13005 701 154 123 148 244 42 408 48 29
internal_value=0.000244804 -0.0123315 0.0172008 0.00722264 -0.0156208 0.00832166 0.00531255 0.0181296 -0.0173373 0.00346599 0.023296 -0.00808803 0.0379614 0.0493834
internal_weight=359.886 206.785 153.101 50.2274 178.586 28.1988 13.3746 29.2244 165.212 7.26693 5.69288 21.0029 3.66479 2.91011
internal_count=16561 15134 1427 727 14220 914 823 266 13397 392 273 461 119 77
is_linear=0
shrinkage=0.02


Tree=89
num_leaves=15
num_cat=0
split_feature=83 18 83 70 53 28 53 19 53 54 19 28 81 30
split_gain=183.653 28.7962 24.6123 22.674 18.2383 12.6388 7.73817 7.71675 10.3318 7.58754 7.39512 7.12554 6.99487 6.56236
threshold=0.55742956927955367 -0.029869151834900989 0.7764904940749584 0.34460498960498964 -0.038706292763387606 0.13250880501063098 -0.096812971225652897 -0.066212478438702191 0.028913273235733509 0.02634138049073308 -0.1201997872461376 0.12279256232831437 0.14658333333333337 -0.0057777231728301541
decision_type=10 8 10 10 8 10 8 10 10 10 10 8 8 10
left_child=1 4 3 7 13 6 -3 -2 -9 -7 -6 -5 -8 -1
right_child=2 5 -4 11 10 9 12 8 -10 -11 -12 -13 -14 -15
leaf_value=0.040851750279079592 0.021784069245553955 0.018862759634671031 0.020651494928483723 -0.015193401407120694 0.017121453378550536 -0.008087047093894453 0.01142546617681512 -0.0055122255971202629 0.02609250809824748 0.039881793217128515 -0.015585203498395084 0.012522812878979269 -0.018449488615241243 0.0055190364439494889
leaf_weight=5.1875141374766827 21.569269903004169 1.5543024661019442 108.79308133944869 19.690099695697427 2.8001098353415719 2.1162286140024658 2.5709920991212121 13.142330728471281 4.878400206565856 1.6038724621757863 9.874395024962725 3.7255217442289021 155.87580210156739 3.7233412815257889
leaf_count=54 164 98 770 407 47 111 168 279 28 56 567 36 13631 121
internal_value=7.55758e-05 -0.0136991 0.0149266 0.00487302 0.00772283 -0.0165531 -0.0174241 0.0139709 0.00396549 0.0166619 -0.00763583 -0.0104513 -0.0178961 0.0281347
internal_weight=357.105 185.307 171.799 63.0056 21.5854 163.721 160.001 39.59 18.0207 3.7201 12.6745 23.4156 158.447 8.91086
internal_count=16537 14853 1684 914 789 14064 13897 471 307 167 614 443 13799 175
is_linear=0
shrinkage=0.02


Tree=90
num_leaves=15
num_cat=0
split_feature=85 50 83 70 18 80 83 70 30 26 58 26 53 51
split_gain=177.202 37.4209 20.0635 20.8408 18.3088 12.9939 15.5455 16.8607 10.1906 9.97988 9.6849 8.81637 8.71303 6.95473
threshold=0.24960156058648117 0.081573820389471405 0.7764904940749584 0.32449074481319984 0.0070192858480439555 0.018750000000000003 0.15950426052294464 0.33719254741639304 0.0042826638339202036 -0.11878534878611467 0.0084326926468543967 -0.069850051311627456 -0.054792978306502045 0.064526605458248232
decision_type=10 10 10 10 10 8 10 10 8 8 10 8 8 10
left_child=1 5 3 -2 8 6 -1 10 -3 -7 -8 -5 -13 -10
right_child=2 4 -4 11 -6 9 7 -9 13 -11 -12 12 -14 -15
leaf_value=-0.010609447206660667 0.01939922392684482 0.030910815119780902 0.021902677259603421 0.023225196837007158 -0.012176836213462145 0.028823025905579992 -0.0075416613142597413 -0.013574699190098379 -0.010133745486919674 -0.017650475887159029 0.070306527192705207 0.016180877996114201 -0.015819969447561054 0.022566007027788798
leaf_weight=11.44703486189246 23.223500278778374 11.360985244624318 103.5665082000196 2.5734596587717533 10.678822115994988 1.0099379671737549 0.5837109107524151 1.7882170276716349 5.8014986831694859 150.856315465644 2.011225251480937 3.2496774047613144 19.178698753938086 3.2289109323173761
leaf_count=948 197 147 725 25 664 36 36 90 260 12700 51 56 458 28
internal_value=0.00075826 -0.0116444 0.0169691 0.00614416 0.00830621 -0.0153681 0.00177417 0.0300782 0.0191008 -0.0171549 0.0555684 -0.00644064 -0.0106906 0.00264246
internal_weight=350.559 198.767 151.792 48.2253 31.0702 167.696 15.8302 4.38315 20.3914 151.866 2.59494 25.0018 22.4284 9.03041
internal_count=16421 14960 1461 736 1099 13861 1125 177 435 12736 87 539 514 288
is_linear=0
shrinkage=0.02


Tree=91
num_leaves=15
num_cat=0
split_feature=87 18 28 30 59 84 40 32 50 72 17 42 19 70
split_gain=174.128 45.2596 20.7938 19.9789 14.5063 14.2719 11.4768 10.5426 12.7629 8.61719 7.53704 7.24487 7.00796 6.2028
threshold=0.031754032258064523 -0.029869151834900989 0.13949964572734627 0.010560330860463535 0.010871707204210988 0.59583193948271751 0.022960783166955382 0.010354673965034577 0.093361142371923514 0.12794692751543571 0.075305641478862886 0.030724394653477625 -0.034767475639585481 0.45747032676029703
decision_type=10 8 10 8 10 10 10 10 10 10 10 10 10 10
left_child=1 3 4 10 -3 7 -6 -2 9 -9 -1 -4 -11 -12
right_child=5 2 11 -5 6 -7 -8 8 -10 12 13 -13 -14 -15
leaf_value=-0.0105134722112775 0.022318226154699656 -0.017041895343820123 -0.0059326471158942908 -0.0080542009216375294 -0.013514063930385961 0.023303227176975611 0.031220113662738042 -0.01655739247893916 0.020432886414343831 0.020498789945685464 0.032862195883274818 0.032031342228706614 -0.014769911862220531 -0.0035166695283364996
leaf_weight=1.7132033146917844 14.640372974798082 171.99409864749759 2.8784831017255774 11.861355472356083 3.58170795533806 83.780758015811443 3.7955194087699056 12.642832809127873 9.1454789992421848 5.4617512794211507 14.323408338241281 4.0890700314193964 2.5933767883107048 1.9285207977518428
leaf_count=90 140 14130 126 531 208 596 60 206 58 61 180 29 47 59
internal_value=7.62167e-05 -0.0108636 -0.014521 0.0117155 -0.0158581 0.0184546 0.0104807 0.00901115 0.00197111 -0.00675204 0.0245048 0.0175713 0.00876677 0.0285917
internal_weight=344.43 216.165 186.339 29.8265 179.371 128.265 7.37723 44.4838 29.8434 20.698 17.9651 6.96755 8.05513 16.2519
internal_count=16521 15413 14553 860 14398 1108 268 512 372 314 329 155 108 239
is_linear=0
shrinkage=0.02


Tree=92
num_leaves=15
num_cat=0
split_feature=85 85 60 50 50 55 15 81 15 53 16 52 59 42
split_gain=171.655 32.0379 26.1875 18.48 14.1831 10.7519 9.18944 9.14549 9.32072 8.04098 10.5909 7.83091 7.23828 7.85361
threshold=0.17563966111905271 0.44386905409445288 0.43800562594038256 0.10536311932786044 0.020581216478665901 -0.043075617664470066 -0.0007429244251679171 0.1501666666666667 0.044753158032502412 -0.082625899674857908 -0.02421887615073692 0.019065199879395676 0.009572462689167234 0.035483765194588221
decision_type=10 10 10 10 10 10 10 8 10 8 10 8 10 10
left_child=3 2 4 7 -2 -4 -5 11 9 10 -9 -1 13 -7
right_child=1 -3 5 6 -6 12 -8 8 -10 -11 -12 -13 -14 -15
leaf_value=0.039049876029683732 -0.013352631330741783 0.022427454816588893 0.011757045696669653 -0.015798266363064854 0.020298294999369963 -0.018748828221490706 0.021718698889180828 0.036675962425331818 0.026845633808106967 -0.018303917216991056 -0.015106585936054753 -0.012565418012749961 0.012745601661606066 0.0071957524967621788
leaf_weight=1.356601827777921 5.0413546133786431 88.336167024448514 10.123462210409341 2.946010259911418 38.262467486783862 24.83448518160731 7.3986523132771236 1.7087499639019368 1.0732400445267547 142.74545155651867 2.8883154550567269 1.6247606081888082 3.7823602864518753 5.1351235117763272
leaf_count=95 215 642 220 140 417 869 172 75 42 12997 219 133 62 89
internal_value=0.000341931 0.014001 0.00530518 -0.0144753 0.0161678 -0.00553725 0.0105836 -0.0162457 -0.016965 -0.017463 0.00725502 0.01483 -0.0109135 -0.0142146
internal_weight=337.257 175.515 87.1793 161.742 43.3038 43.8754 10.3447 151.397 148.416 147.343 4.59707 2.98136 33.752 29.9696
internal_count=16387 2514 1872 13873 632 1240 312 13561 13333 13291 294 228 1020 958
is_linear=0
shrinkage=0.02


Tree=93
num_leaves=15
num_cat=0
split_feature=87 50 85 19 32 83 11 53 60 59 19 15 52 76
split_gain=173.434 33.2637 20.4311 15.1303 18.4033 12.5713 10.9785 10.9619 9.46441 8.52947 7.7543 7.03353 6.89403 6.81048
threshold=0.022857889237199586 0.081573820389471405 0.44386905409445288 -0.079417847711462361 1.6966266522276677e-05 0.22968822570177908 0.80039844550167538 -0.082625899674857908 0.53434374422913111 0.011672125095392425 -0.045310317168520513 -0.001192956805807485 -1.0000000180025095e-35 171.20293574536009
decision_type=10 10 10 10 10 10 10 8 10 10 10 10 10 10
left_child=1 6 3 8 -5 12 7 10 -2 13 -1 -7 -3 -6
right_child=2 5 -4 4 9 11 -8 -9 -10 -11 -12 -13 -14 -15
leaf_value=0.032740483441786615 0.022766123978473121 0.021428553932459661 0.022332007932034378 0.01985295874484351 -0.018104218061513459 0.0020884806504115395 0.014486209198683311 -0.018040504000749583 -0.0086446117215123429 0.018192835689672886 -0.010104754372640443 0.03169252610275896 -0.012264035818117627 0.011829599364132614
leaf_weight=2.1185457343235612 24.185890498571101 2.0799028333276519 87.085324686020613 10.796241824515162 20.555559523403652 5.2361384946852922 3.8234640639275304 148.86401176266372 3.9843743266537777 2.8920330144464961 2.932685973122716 7.9580691847950202 11.154161189682782 2.8334939712658516
leaf_count=76 179 28 639 145 408 166 190 13413 46 26 227 143 710 41
internal_value=0.000296299 -0.0127318 0.0160273 0.00740248 -0.00104788 0.00779731 -0.0161989 -0.0170497 0.0181794 -0.0100469 0.010306 0.0209189 -0.00583538 -0.0141415
internal_weight=336.5 184.167 152.333 65.2476 37.0773 26.4283 157.739 153.915 28.1703 26.2811 5.05123 13.1942 13.2341 23.3891
internal_count=16437 14953 1484 845 620 1047 13906 13716 225 475 303 309 738 449
is_linear=0
shrinkage=0.02


Tree=94
num_leaves=15
num_cat=0
split_feature=83 50 56 58 50 52 24 52 19 57 59 19 52 53
split_gain=157.966 43.723 22.8504 12.0228 11.93 14.7672 11.2326 12.1605 8.97765 12.8907 6.77917 6.05149 5.22778 4.98092
threshold=0.34717686644431922 0.061426131860846063 0.012265628336082097 0.0064237590645786361 0.077190977312929912 0.0022832039994195451 0.29166666666666669 -0.037624665345029687 -0.039468938512842382 0.0031326355344449223 0.0090544910159062932 -0.043001225034822226 0.030033566005159291 0.040730442123184669
decision_type=10 10 10 10 10 8 10 10 10 10 10 10 10 10
left_child=4 2 6 -4 -1 -6 7 -2 -3 -10 -7 -8 -5 -9
right_child=1 8 3 12 5 10 11 13 9 -11 -12 -13 -14 -15
leaf_value=-0.018047317051052197 0.028461156759962837 0.02116066889492859 -0.011805262115494675 0.0053630726870642024 0.03588921839823702 -0.012558054852097718 0.019566543609889436 -0.01657689448246541 -0.010930557001993919 0.023331650542956956 0.0266175539280296 -0.015722530927338628 0.028655228645991696 0.017036421322694419
leaf_weight=118.57691243477166 1.8193839453160752 110.37675588298589 4.6062930077314403 6.0092539032921222 2.6266685221344233 14.918650967068972 6.9164265003055334 37.085274185054004 8.8255910445004684 7.0021127006039015 1.0449115466326464 1.7497616773471216 13.338223762810228 1.0701042842119921
leaf_count=11612 44 962 181 125 57 945 117 1938 224 62 36 70 145 14
internal_value=0.000714789 0.0120832 -0.000297428 0.0153192 -0.0157299 -0.000781943 -0.0081417 -0.0125889 0.0191511 0.00471266 -0.00857584 0.011552 0.0220399 -0.0152232
internal_weight=335.966 198.799 72.5947 23.9538 137.167 18.5902 48.641 39.9748 126.204 15.8277 15.9636 8.66619 19.3475 38.1554
internal_count=16532 3882 2634 451 12650 1038 2183 1996 1248 286 981 187 270 1952
is_linear=0
shrinkage=0.02


Tree=95
num_leaves=15
num_cat=0
split_feature=84 18 50 28 53 57 53 28 51 48 31 81 87 41
split_gain=161.87 26.3771 20.9309 15.9037 12.9073 10.9438 11.188 9.56897 9.20972 9.14204 8.69854 8.29036 7.52813 7.47921
threshold=0.3028452976915435 -0.03128876662469162 0.070306612560543727 0.13250880501063098 -0.038706292763387606 0.0076280993699605389 -0.047800934829181851 0.11067063638378863 -0.0053944872570900739 0.29072371827218962 -0.030616951341730616 0.16158333333333336 0.076436222005842283 0.011293057267506923
decision_type=10 8 10 10 8 10 10 10 10 10 10 8 10 10
left_child=1 4 3 5 8 6 -2 11 -1 10 -9 -3 -13 -8
right_child=2 7 -4 -5 -6 -7 13 9 -10 -11 -12 12 -14 -15
leaf_value=-0.0038944126649614313 0.014885806639878787 0.0046016590808961692 0.020421046215337583 0.023112093676261766 -0.0033884310360784388 0.02053138442173574 -0.014363586108749804 0.047895511154817633 0.043513595662103652 -0.01243490247411853 -0.010669972205755773 -0.018367048183695202 0.014811400093229581 0.013370492451851852
leaf_weight=2.1260248832404613 7.9489746559411243 6.5746470531448713 102.18580996152014 14.134190539829431 12.095121884718539 7.1328317942097774 26.154880612157292 1.8297644946724179 4.4398040324449539 3.886157319881022 1.1035159938037384 136.43339602090418 2.0879810713231555 3.7328453073278061
leaf_count=100 138 506 776 109 541 58 679 63 45 257 89 13070 27 40
internal_value=0.000658558 -0.0128873 0.0149756 0.00537758 0.00916331 -0.000577991 -0.00498364 -0.0156382 0.029677 0.00669225 0.0287517 -0.0167263 -0.0177644 -0.010579
internal_weight=331.866 170.576 161.29 59.1037 18.661 44.9695 37.8367 151.915 6.56583 6.81944 2.93328 145.096 138.521 29.8877
internal_count=16498 14698 1800 1024 686 915 857 14012 145 409 152 13603 13097 719
is_linear=0
shrinkage=0.02


Tree=96
num_leaves=15
num_cat=0
split_feature=83 51 84 52 28 18 60 52 56 20 59 62 1 51
split_gain=150.498 42.8353 18.6559 17.4792 14.8469 12.2821 12.2604 8.67585 8.44873 8.57561 7.40024 7.39166 7.32277 5.96455
threshold=0.65928022353727811 0.029256839182046846 0.59583193948271751 -1.0000000180025095e-35 0.13250880501063098 -0.044107889121360981 0.4841819158686515 -0.022696188425314259 0.021998190042743063 0.14893788507570105 0.018071507628159154 0.20081144249127661 0.36596254355400698 0.056112563341467088
decision_type=10 10 10 8 10 8 10 10 10 8 10 10 10 8
left_child=1 4 6 -3 5 7 12 -1 9 13 -7 -6 -2 -5
right_child=2 3 -4 8 11 10 -8 -9 -10 -11 -12 -13 -14 -15
leaf_value=0.039939234103508921 0.0059835964305190786 0.037736296615306024 0.022006284011929788 -0.016060609672686622 -0.011607589601917904 -0.018446133449164629 -0.0067463249068020464 -0.0046738056065594724 0.026273711314794893 0.028021791416524128 0.020006793794204603 0.029948411563380968 0.025452888339438994 0.0060406320607796354
leaf_weight=1.4089714186266062 21.387970102950931 6.0377942910417914 82.928409196436405 11.964203053154042 2.1054841307923189 145.40165397338569 17.631663989275694 5.7044922038912773 3.6918924590572706 2.0735691888257959 1.253345239907502 3.4018137250095606 11.924345044419168 7.1550925634801485
leaf_count=22 192 55 631 678 108 13903 230 259 56 25 61 94 80 133
internal_value=1.66243e-05 -0.0113954 0.0161944 0.00989988 -0.0155657 -0.0167385 0.00649213 0.00799621 0.00194899 -0.00328142 -0.0179842 0.0147189 0.0134914 -0.00790043
internal_weight=324.071 190.198 133.872 30.9226 159.276 153.768 50.944 7.11346 24.8848 21.1929 146.655 5.5073 33.3123 19.1193
internal_count=16527 15394 1133 947 14447 14245 502 281 892 836 13964 202 272 811
is_linear=0
shrinkage=0.02


Tree=97
num_leaves=15
num_cat=0
split_feature=85 87 51 39 51 19 53 52 56 28 19 52 69 20
split_gain=158.363 28.9182 16.6021 16.3251 14.9366 11.9349 10.9386 8.68114 7.16568 7.13578 6.91813 7.15679 6.85862 6.43427
threshold=0.17563966111905271 0.043961352657004842 0.030629445201025316 0.019232541656651177 0.041406368752549723 -0.12483183079178171 -0.082625899674857908 0.022501962363490283 0.014855424538373999 0.11368390533614857 -0.045310317168520513 -0.021900505289448018 0.49345263952079382 0.019306053280387207
decision_type=10 10 10 10 10 10 8 10 10 10 10 8 10 8
left_child=4 2 3 5 6 -2 10 -6 -5 13 11 -1 -4 -7
right_child=1 -3 12 8 7 9 -8 -9 -10 -11 -12 -13 -14 -15
leaf_value=0.053393412148433662 0.017722714457575214 0.020749566571162018 -0.0052830179171893298 -0.0027730418067130262 0.0255483424579224 0.0074980512254531053 -0.017446037923424477 -0.0062993240015027582 0.046778014595075711 0.0094314114317809034 -0.0094093303223217357 -0.0052481624697663324 0.023407470356696086 -0.016662408558442615
leaf_weight=1.0983487609773872 6.3888623788952819 96.225306742824614 3.6676132651045945 1.5598090710118402 4.455823451280593 4.546953096054497 133.96834356151521 8.4153875513002259 2.6488551842048764 5.7538648815825573 2.7066883379593492 1.1098407190293076 17.50571277923882 30.079724924638864
leaf_count=23 60 730 62 58 53 143 13274 317 22 108 223 57 147 1205
internal_value=0.000309414 0.0136256 0.00397092 -0.00227086 -0.0144578 -0.00589546 -0.0163606 0.00577287 0.0314069 -0.00997022 0.0111731 0.0314711 0.0184236 -0.0133684
internal_weight=320.131 168.377 72.1514 50.9781 151.754 46.7694 138.883 12.8712 4.20866 40.3805 4.91488 2.20819 21.1733 34.6267
internal_count=16482 2535 1805 1596 13947 1516 13577 370 80 1456 303 80 209 1348
is_linear=0
shrinkage=0.02


Tree=98
num_leaves=15
num_cat=0
split_feature=87 17 60 38 84 60 19 19 58 76 20 41 26 54
split_gain=149.446 23.698 19.361 19.9043 17.834 16.2303 13.98 10.0987 8.0641 7.71574 7.69951 7.69341 7.06465 6.63685
threshold=0.024490203918432631 0.075305641478862886 0.43529831307367906 1.0000000180025095e-35 0.59583193948271751 0.52494224150124957 -0.066212478438702191 -0.041982546348783643 0.0086503377413029835 95.930481035003382 0.14893788507570105 0.02745761017524374 0.041402118278353613 -0.021516814459668267
decision_type=10 10 10 8 10 10 10 10 10 10 8 10 10 10
left_child=1 11 3 7 5 6 -2 9 -8 -3 13 -1 -10 -4
right_child=4 2 10 -5 -6 -7 8 -9 12 -11 -12 -13 -14 -15
leaf_value=-0.018598034684102389 0.022152966616532131 0.023507858674112227 0.0087057051266116944 -0.0057126805333765776 0.021964251948427202 -0.015064783788082655 -0.013356911570012587 -0.0029378354550222796 0.018207715226674463 0.070561720735097394 0.018234250961816589 0.02025764604438559 -0.012261907476757964 -0.015243021151120339
leaf_weight=100.91312236804515 24.716132774017748 7.9993165973573905 4.5556989880278698 14.698543578386309 81.051351256668568 9.8711291886866075 8.9572456767782622 3.1633693231269708 9.9068365124985558 1.501003631390631 2.5934826768934718 1.2995324432849873 3.4213464846834531 40.81025127787143
leaf_count=10438 194 173 273 933 634 179 197 256 108 47 74 86 67 2819
internal_value=0.000421489 -0.0116846 -0.00310929 0.010088 0.0159763 0.00721055 0.0121051 0.0275034 0.000488562 0.0369541 -0.010691 -0.0179125 0.0100763 -0.0127022
internal_weight=315.458 177.534 75.3217 27.3622 137.924 56.8727 47.0016 12.6637 22.2854 9.50032 47.9594 102.213 13.3282 45.366
internal_count=16478 15099 4575 1409 1379 745 566 476 372 220 3166 10524 175 3092
is_linear=0
shrinkage=0.02


Tree=99
num_leaves=15
num_cat=0
split_feature=84 50 18 58 15 32 80 84 70 58 84 60 2 10
split_gain=142.946 25.1394 24.2251 17.4567 12.6784 11.0139 10.1934 11.5626 11.8101 9.29808 7.7893 8.98945 8.90437 7.56408
threshold=0.28631241099972343 0.05422142303272328 -0.027484496237288322 0.0086503377413029835 -0.0007429244251679171 1.0000000180025095e-35 0.019583333333333338 0.081415560900700526 0.33719254741639304 0.0084326926468543967 0.52217112818946532 0.43800562594038256 0.35597657289910378 1.0462917197751311
decision_type=10 10 8 10 10 8 8 10 10 10 10 10 10 10
left_child=2 3 4 -2 -1 -5 7 -4 9 -9 11 -3 -13 -7
right_child=1 10 6 5 -6 13 -8 8 -10 -11 -12 12 -14 -15
leaf_value=-0.0088461650002945088 -0.015977336203118014 0.019375190664603466 -0.011415359761046155 0.028935104973657835 0.021169190635093892 -0.010136282455255146 -0.017939381957969312 -0.0089682705594559403 -0.013246012006031902 0.058629147696005579 0.022296908857420378 0.018318030918225005 -0.010739341463557608 0.013785715244322044
leaf_weight=9.9555968027561921 14.982086523436008 19.747083391994238 12.605724360793831 7.6855065859854221 10.801941770128904 9.7770101921632939 119.31207946594805 0.7805196270346636 1.8428149651736019 2.1104711601510644 79.837967528030276 5.5518174739554551 10.846238864585755 9.3973852880299074
leaf_count=496 539 154 1195 78 329 271 12223 54 135 62 628 49 175 114
internal_value=0.000617569 0.0140234 -0.0128274 0.000701682 0.00702849 0.0102446 -0.0158727 -0.00144901 0.0224528 0.0427645 0.0187823 0.0106279 -0.000414093 0.00169009
internal_weight=315.234 157.825 157.409 41.842 20.7575 26.8599 136.652 17.3395 4.73381 2.89099 115.983 36.1451 16.3981 19.1744
internal_count=16502 2008 14494 1002 825 463 13669 1446 251 116 1006 378 224 385
is_linear=0
shrinkage=0.02


Tree=100
num_leaves=15
num_cat=0
split_feature=84 84 60 51 53 53 1 51 28 74 51 1 28 66
split_gain=140.72 27.0702 29.3121 21.3474 11.2808 10.743 9.38353 9.17995 8.92388 8.78165 7.74583 7.59523 7.42923 5.88398
threshold=0.27283995003529843 0.63533142302484602 0.43800562594038256 0.047646438397510683 -0.085173446351732129 -0.046912204511976648 0.30931543425053781 -0.01352769302206122 0.14710329537329203 0.7544076708939067 0.064526605458248232 0.31595925297113753 0.11643638640302964 0.42204861111111119
decision_type=10 10 10 10 8 10 10 10 8 10 10 10 10 10
left_child=3 2 6 4 11 7 12 -4 10 13 -7 -1 -2 -6
right_child=1 -3 5 -5 9 8 -8 -9 -10 -11 -12 -13 -14 -15
leaf_value=-0.013233046298326048 -0.0029860842045044212 0.022160839071395145 -0.0083152962496440084 0.011363780031832547 -0.017864906530184452 -0.016619505816199542 0.023476769567609287 0.02564284651822251 0.019368425116555399 0.03364693556753371 0.021076986014153674 0.031754854459058353 0.022872655778912648 0.011602198616627771
leaf_weight=1.8827802231535313 13.574503906071188 72.177135854959488 5.1074908226728439 11.886825300753115 131.15923962555826 30.042644977569587 29.254831857047975 6.0676070889458043 2.6349472161382392 0.47769801504909892 1.5057142283767451 2.481419668532908 5.474291884340345 2.1253595417365423
leaf_count=162 285 587 153 253 13517 824 265 50 21 26 9 90 44 186
internal_value=0.000372673 0.0130321 0.00583761 -0.0136159 -0.0158318 -0.005657 0.0165272 0.0107143 -0.0111615 -0.0168818 -0.0142281 0.0134976 0.00521545 -0.0173121
internal_weight=315.852 165.839 93.662 150.013 138.126 45.3584 48.3036 11.1751 34.1833 133.762 31.5484 4.3642 19.0488 133.285
internal_count=16472 2238 1651 14234 13981 1057 594 203 854 13729 833 252 329 13703
is_linear=0
shrinkage=0.02


Tree=101
num_leaves=15
num_cat=0
split_feature=84 50 18 87 38 80 32 28 71 71 79 83 58 52
split_gain=134.963 31.3884 17.0661 16.0894 12.137 12.0505 8.34083 7.87379 11.6322 7.33039 7.12517 6.37982 5.92963 5.35829
threshold=0.25401061508954553 0.050866355422993816 -0.044107889121360981 0.067682088868529569 -0.0053279323796718838 0.016750000000000004 1.0408340855860844e-17 0.11067063638378863 0.1391406890894176 0.3349112624927173 0.16185666919707728 0.15950426052294464 0.011702937775391636 0.042016732981213827
decision_type=10 10 8 10 10 8 10 10 10 10 10 10 10 10
left_child=2 3 4 6 -1 10 12 -7 -9 -3 11 -4 -2 -8
right_child=1 9 5 -5 -6 7 13 8 -10 -11 -12 -13 -14 -15
leaf_value=0.032894679220938569 -0.0079148750238935434 0.019296673873396113 -0.0097867074535211412 0.019133626864379551 -0.0082652122334065034 -0.018527856699170616 -0.018260284230529843 0.038900960263563947 -0.013077087825231631 -0.0041334690438462451 0.043945673185893 0.022796876275352575 0.025037886858404565 0.0024825065895921336
leaf_weight=4.2621620399877429 3.4479064885526887 114.75189029891044 8.5676668789237684 10.388107845559714 5.6101386016234738 114.00666367448866 19.994717855937783 1.5753650432452548 4.2610709955915809 5.2640547528862944 0.55406735092401582 2.2147304564714441 3.6181276245042682 6.2424489790573707
leaf_count=74 148 1094 786 73 240 12295 808 79 314 71 27 121 62 183
internal_value=0.000679059 0.0129968 -0.013608 -0.00150076 0.0108958 -0.0155205 -0.00830729 -0.0173733 0.0045908 0.0182433 0.0038864 -0.00172716 0.00997064 -0.0134151
internal_weight=304.759 163.707 141.052 43.6913 9.8723 131.18 33.3032 119.843 5.83644 120.016 11.3365 10.7824 7.06603 26.2372
internal_count=16375 2439 13936 1274 314 13622 1201 12688 393 1165 934 907 210 991
is_linear=0
shrinkage=0.02


Tree=102
num_leaves=15
num_cat=0
split_feature=85 51 53 53 61 17 42 15 85 63 51 56 6 58
split_gain=130.39 33.6639 23.0131 21.7574 14.3326 10.5416 10.3764 10.2807 8.5466 8.10092 6.52106 6.60197 6.18672 4.91624
threshold=0.29764828562403445 0.03284953253341031 -0.031669626727373647 -0.082625899674857908 0.40043847655781512 0.082675697508233406 0.029119613225506727 0.046052185025204827 0.66975120191510407 0.11044476413115149 0.085015699248393597 0.021248295238572659 283.56313234519104 0.0050245909493706453
decision_type=10 10 8 8 10 10 10 10 10 8 10 10 10 10
left_child=1 3 -3 5 13 -1 7 -5 -6 -8 11 -4 -11 -2
right_child=4 2 10 6 8 -7 9 -9 -10 12 -12 -13 -14 -15
leaf_value=-0.0091204970977096216 0.0090946951479943371 0.030936471842942383 -0.014900668856043445 -0.017399920517367662 -0.012050174610733291 0.037896853606992069 0.032957333824267257 0.020805115536226482 0.019206700193596164 -0.010782151597064187 0.020237169610907373 0.019544521759180745 0.029336693417238165 0.021432360006680286
leaf_weight=2.6124262250959873 17.66580727789551 11.152859803289173 13.205308351665741 135.64177786838263 9.7575415531173331 3.8506470872089267 1.7738052560016484 2.074216390028595 4.1944391801953307 9.4306289087980968 2.5365957040339699 1.7492809519171704 0.82490947097539979 86.34004155639559
leaf_count=231 193 92 636 13444 140 108 61 51 33 606 21 46 29 741
internal_value=0.00056342 -0.00990371 0.00976932 -0.0135504 0.0169119 0.0202165 -0.0151322 -0.0166787 -0.00199721 0.00249356 -0.00467058 -0.00989905 -0.00523545 0.0194433
internal_weight=302.81 184.852 28.644 156.208 117.958 6.46307 149.745 137.716 13.952 12.0293 17.4912 14.9546 10.2555 104.006
internal_count=16432 15325 795 14530 1107 339 14191 13495 173 696 703 682 635 934
is_linear=0
shrinkage=0.02


Tree=103
num_leaves=15
num_cat=0
split_feature=87 18 53 85 17 22 51 42 51 28 54 59 25 60
split_gain=123.495 23.5846 25.1591 18.8023 12.3684 11.5892 11.3431 10.6637 9.69313 7.53121 7.51424 6.85747 6.15072 5.49381
threshold=0.020101010101010106 0.0048812541517938022 -0.046912204511976648 0.38419537273268639 0.075305641478862886 7.6870175473336979e-05 0.029256839182046846 0.055778783027266625 0.038166340478421164 0.13250880501063098 0.012839338577768278 -0.00741071765577007 0.42355522371596693 0.60282973003889284
decision_type=10 8 10 10 10 10 10 8 10 10 10 10 8 10
left_child=1 2 4 5 -1 11 -7 8 -4 -3 -10 -2 -6 -5
right_child=3 9 7 13 12 6 -8 -9 10 -11 -12 -13 -14 -15
leaf_value=-0.01020893613532755 -0.0054821740856964112 -0.017498350617137153 -0.016270964822853777 0.022031966850452816 0.038209492805393167 -0.00878525394103131 0.013992240544770636 0.037281621155647739 0.025636538058048691 0.015230820433121508 -0.0083504560527521161 0.02548441922913976 -0.0050865117422302635 0.0071047910166218376
leaf_weight=3.0115699460729948 3.269263836555182 103.82138416077942 27.886685347184539 75.228986341506243 8.7498650979250634 25.448890469036996 12.072567731142042 0.98695480544119973 3.6821518028154951 2.1626519076526156 5.0628681657835841 11.966607120819388 1.2647733381018049 12.728338954970239
leaf_count=300 60 11310 2573 624 205 587 92 18 52 93 176 134 67 100
internal_value=0.00081151 -0.0113716 -0.000125224 0.0143571 0.022819 0.00479183 -0.00128359 -0.00845526 -0.0106455 -0.0166944 0.00712225 0.0189113 0.0327762 0.019976
internal_weight=297.344 156.629 50.6449 140.715 13.0262 52.7573 37.5215 37.6187 36.6317 105.984 8.74502 15.2359 10.0146 87.9573
internal_count=16391 14794 3391 1597 572 873 679 2819 2801 11403 228 194 272 724
is_linear=0
shrinkage=0.02


Tree=104
num_leaves=15
num_cat=0
split_feature=85 51 60 52 84 80 51 69 52 50 28 42 10 50
split_gain=119.707 31.4188 20.1722 12.8525 12.3501 12.1292 11.0774 10.3189 9.93521 16.2157 8.45853 7.45326 6.94836 6.16806
threshold=0.24960156058648117 0.029256839182046846 0.64570970244710535 0.010775015876195131 0.63533142302484602 0.016750000000000004 -0.015321770637943153 0.70819347306263136 -0.032788569778870034 0.020231604806298546 0.085510776542895031 0.023101624087019389 0.573223734701099 0.017961178379245189
decision_type=10 10 10 8 10 8 10 10 8 10 10 10 8 10
left_child=1 5 6 -3 -4 7 11 12 9 -7 -5 -2 -1 -9
right_child=2 3 4 10 -6 8 -8 13 -10 -11 -12 -13 -14 -15
leaf_value=-0.015078848598929774 -0.0084923111531315151 0.030941563154925435 -0.016764270810940163 -0.0072277237228854417 0.0177742358059703 -0.012026126565141022 0.020426501211890203 -0.0072791273059881209 -0.017394507691392013 0.053929457572209349 0.01991298462834569 0.015973697548848462 0.01798062708276724 0.056602952057547222
leaf_weight=6.5173202706500879 9.6187397744506615 6.6093877553939819 11.420583738014104 15.181258345954125 5.2661802768707267 3.9040269944816828 96.71021538041532 0.56348642334341903 122.45396689046174 1.1804992835968731 5.4143974073231211 8.4373354865238053 2.8768116468563667 1.0766863850876687
leaf_count=578 178 80 266 703 38 415 876 59 12692 42 113 84 164 86
internal_value=0.000602026 -0.0106732 0.0147947 0.00872973 -0.00547559 -0.0145178 0.0177638 0.00519521 -0.0162504 0.00963373 0.000498995 0.00317859 -0.00419901 0.0402117
internal_weight=297.231 165.778 131.453 27.205 16.6868 138.573 114.766 11.0343 127.538 5.08453 20.5957 18.0561 9.39413 1.64017
internal_count=16374 14932 1442 896 304 14036 1138 887 13149 457 816 262 742 145
is_linear=0
shrinkage=0.02


Tree=105
num_leaves=15
num_cat=0
split_feature=87 51 84 26 18 18 26 59 57 54 32 19 84 60
split_gain=117.428 38.1154 13.3283 12.2952 10.1769 9.41491 10.1237 9.20475 8.73572 7.22651 7.21384 8.26499 6.1505 5.28639
threshold=0.031754032258064523 0.028126417854455441 0.59583193948271751 -0.096313477552062529 0.0043459307265213973 -0.039576835033714057 0.017739747755150252 -0.00741071765577007 0.011506536208351931 0.0056449756335730178 0.00722079575322468 -0.037976662940936205 0.31637577525166211 0.47268855876287746
decision_type=10 10 10 8 10 8 10 10 10 8 10 10 10 10
left_child=1 3 7 -1 9 6 -5 -2 -7 -3 -9 -12 -6 -11
right_child=2 4 -4 5 12 8 -8 10 -10 13 11 -13 -14 -15
leaf_value=0.022134688187825872 -0.0078384266203572577 0.028398973171404891 0.021600132566239407 -0.010746898686502623 -0.017635354739890016 -0.016849121539394506 0.028945563541861001 0.024651225527899397 0.018379206753499099 0.014389959498432426 0.012177657249108497 -0.015871599361051262 0.012560958798678816 -0.010774713336208748
leaf_weight=2.837928525172174 11.218633419834076 10.283780547790228 70.734068982303143 5.9120870269834978 6.3847417226061207 132.22196034342051 3.1214310582727194 11.453403792344035 2.0949778817594042 8.5441943323239702 14.662962764501573 4.7955329352989784 3.374723682180047 4.2561974367126814
leaf_count=107 170 104 614 280 524 13701 80 105 100 238 139 98 38 104
internal_value=0.000435252 -0.00962025 0.0163302 -0.0139809 0.00962877 -0.0148443 0.00448633 0.0071868 -0.0161679 0.0166563 0.0127146 0.00482703 -0.0069968 0.00584813
internal_weight=291.897 179.032 112.865 146.188 32.8436 143.35 9.03352 42.1305 134.317 23.0842 30.9119 19.4585 9.75947 12.8004
internal_count=16402 15276 1126 14268 1008 14161 360 512 13801 446 342 237 562 342
is_linear=0
shrinkage=0.02


Tree=106
num_leaves=15
num_cat=0
split_feature=84 19 30 81 71 38 58 4 53 2 84 64 44 19
split_gain=117.407 25.375 17.8485 13.7712 12.4743 11.06 14.7714 10.4771 7.08892 7.04993 6.699 6.69288 6.16384 6.02492
threshold=0.44716524226616766 -0.066212478438702191 -0.0025775215679193805 0.16158333333333336 0.31555847038643936 0.061286555763721086 0.012092003034542826 0.053631351869606908 -0.046912204511976648 0.27147587511825927 0.63533142302484602 2.8760964912280707 0.029447116659681919 -0.02769995846036782
decision_type=10 8 10 8 10 10 10 8 10 10 8 10 10 10
left_child=1 2 9 8 13 -5 -7 -4 12 -1 -6 -9 -3 -2
right_child=4 3 7 5 10 6 -8 11 -10 -11 -12 -13 -14 -15
leaf_value=0.027734761257859931 0.020649363135260963 0.056763137376169913 -0.012180474285256022 -0.016856783562549039 -0.017639348338390162 -0.016698945130270117 0.032540554823466579 0.0011620290575237884 -0.0014824342233916454 0.0037751858075812301 0.012324106593961189 0.043716153119425109 -0.0073024069744592199 0.005184497317517296
leaf_weight=10.299456941895189 87.220746820792556 1.0558145726099608 25.609948607627306 119.12799450941384 5.5064606806263301 4.2794373775832346 3.587503497954458 4.3201989047229281 4.1227667694911352 9.3319390476681274 4.5744756311178216 1.2935727741569278 0.55889042280614365 12.279037734493611
leaf_count=238 760 63 1584 12193 72 434 129 128 376 316 35 22 53 120
internal_value=0.000384342 -0.00937992 0.002598 -0.0139543 0.0166799 -0.0153432 0.00689289 -0.00675507 0.0145035 0.0170804 -0.00415753 0.016095 0.0402764 0.0188115
internal_weight=293.168 183.588 50.8551 132.732 109.581 126.995 7.86694 31.2237 5.73747 19.6314 10.0809 5.61377 1.6147 99.4998
internal_count=16523 15536 2288 13248 987 12756 563 1734 492 554 107 150 116 880
is_linear=0
shrinkage=0.02


Tree=107
num_leaves=15
num_cat=0
split_feature=86 50 50 28 56 52 11 81 28 54 62 52 50 52
split_gain=98.4069 25.0778 17.3903 16.0834 14.2591 10.7558 8.96338 8.23314 7.15571 8.89147 6.66968 6.34028 7.44714 6.22411
threshold=1.0000000180025095e-35 0.071170989508299795 0.081573820389471405 0.13949964572734627 0.012265628336082097 0.0022832039994195451 0.80039844550167538 0.1541666666666667 0.13250880501063098 0.031038368482464527 0.22816217694516619 0.019065199879395676 0.0093207521394544929 -0.034215589220447644
decision_type=10 10 10 10 10 8 10 8 10 10 10 10 10 10
left_child=2 3 6 4 13 -4 7 11 -9 -10 -6 12 -1 -2
right_child=1 -3 5 -5 10 -7 -8 8 9 -11 -12 -13 -14 -15
leaf_value=-0.0089048374087170937 0.017194440760138756 0.018189012604412289 0.032021512025835294 0.021254438721395159 0.019503871685809512 -0.0023396617514313345 0.017490312730184379 -0.017443399129408742 -0.013171272499435465 0.044170881590149078 -0.0049648485791652496 -0.012418428828817329 0.055426030397288266 -0.013062113146624881
leaf_weight=0.78750294446945124 2.1127244969829908 90.509579468518496 3.6826316369697452 12.550493504852055 11.413736814167352 15.909010744653644 2.5674765929579726 106.68385070795193 1.8067548386752599 0.85763098578900088 6.4206743836402884 1.5851460276171563 0.84730488061904907 31.646345243789256
leaf_count=79 32 813 60 100 136 957 178 12692 112 41 108 163 59 970
internal_value=0.000615405 0.0114668 -0.0118336 0.0018478 -0.00318738 0.0053606 -0.0147803 -0.0156639 -0.0166137 0.0123035 0.0108988 0.0128835 0.0328188 -0.0107284
internal_weight=289.381 154.654 134.727 64.144 51.5935 19.5916 115.136 112.568 109.348 2.66439 17.8344 3.21995 1.63481 33.7591
internal_count=16500 2159 14341 1346 1246 1017 13324 13146 12845 153 244 301 138 1002
is_linear=0
shrinkage=0.02


Tree=108
num_leaves=15
num_cat=0
split_feature=85 19 80 87 60 28 48 30 80 4 4 83 53 30
split_gain=117.923 26.6405 19.5788 14.6748 11.6863 10.8693 14.309 10.6819 8.61238 8.26391 8.15005 6.7509 7.57059 6.66425
threshold=0.24960156058648117 -0.099004402275474038 0.015250000000000001 0.040408163265306128 0.43800562594038256 0.1081076872719878 0.12540317408328019 -0.0044299407544818098 0.035583333333333335 0.029895433014567884 0.058195981034093479 0.087409029203592545 -0.058491280185165424 0.016189402929419113
decision_type=10 8 8 10 10 10 10 8 10 10 10 10 10 8
left_child=1 7 11 4 -2 -4 8 -1 -7 -6 -9 12 -3 -11
right_child=3 2 5 -5 9 6 -8 10 -10 13 -12 -13 -14 -15
leaf_value=0.025003359591455984 0.018012817224921158 0.032156863291885475 -0.017670204715375872 0.020027837964515766 -0.016123539022196987 0.053282577025292918 -0.014156264532705763 -0.011583367249672001 -0.0094697446792571128 0.017463058960101769 0.024771923094119574 0.02736094909452922 -0.013579109298892925 -0.0059191559432242016
leaf_weight=9.1305601145140809 17.516460395418108 0.91232966259121884 118.42895354470238 81.829717963933945 9.9977322611957806 1.8866811078041785 4.7580550024285913 9.174312408082189 0.8760968311689793 8.5955188665539008 2.2665838059037915 4.5309438146650791 5.0189985092729312 9.1513703651726264
leaf_count=134 176 85 13174 712 237 69 326 459 79 143 35 185 496 167
internal_value=0.000751546 -0.0108134 -0.0140068 0.0150096 0.00570006 -0.0161938 0.00639974 0.0100301 0.0361551 -0.00242977 -0.0029687 0.011437 -0.0029198 0.00573319
internal_weight=284.074 156.984 136.412 127.091 45.2611 125.95 7.52083 20.5715 2.76278 27.7446 11.4409 10.4623 5.93133 17.7469
internal_count=16477 15042 14414 1435 723 13648 474 628 148 547 494 766 581 310
is_linear=0
shrinkage=0.02


Tree=109
num_leaves=15
num_cat=0
split_feature=84 87 60 80 19 19 0 59 83 28 48 42 28 59
split_gain=107.987 25.5871 17.4005 10.7329 12.5419 8.93727 7.66195 11.1846 7.50793 7.38429 10.6136 7.06812 6.67096 6.3918
threshold=0.25401061508954553 0.043961352657004842 0.43800562594038256 0.016750000000000004 -0.095395634493822476 -0.12483183079178171 0.12773956167013281 0.010141722070052921 0.3634623425816636 0.10363300242329997 -0.041560702674585441 0.055778783027266625 0.11643638640302964 -0.018655174019002258
decision_type=10 10 10 8 8 10 10 10 10 10 10 10 10 10
left_child=3 2 6 -1 8 -4 7 12 -5 -6 -11 -7 -2 -3
right_child=1 13 5 4 9 11 -8 -9 -10 10 -12 -13 -14 -15
leaf_value=0.0045548413710457718 -0.010789218019115261 -0.0032919966845061121 0.013384590082416671 -0.0064446266029018666 -0.018595934299039656 -0.014172543093417795 0.023883279532931886 0.037590718495065713 0.024664676802275326 0.033813118168642332 -0.01362403455061437 0.016360442454456448 0.018782846097383211 0.020167054587057427
leaf_weight=11.962799312546847 11.17980658775196 4.6508044507354489 6.3786446107551447 8.6864554355852288 97.550883169751614 28.168857616838071 13.785916110966353 2.2048272294923654 3.5964924702420822 1.8932611858472226 4.4556420613080254 2.5479606343433252 3.0955707468092433 80.66204051207751
leaf_count=979 381 38 63 525 11978 1041 139 20 79 124 356 35 28 715
internal_value=0.00032524 0.0116533 0.00237755 -0.0131569 -0.0150039 -0.00673546 0.013405 0.00377499 0.0038354 -0.0172464 0.00319807 -0.0112039 -0.00356679 0.0188649
internal_weight=280.82 152.674 67.3616 128.146 116.183 37.0955 30.2661 16.4802 12.2829 103.9 6.3489 30.7168 14.2754 85.3128
internal_count=16501 2460 1707 14041 13062 1139 568 429 604 12458 480 1076 409 753
is_linear=0
shrinkage=0.02


Tree=110
num_leaves=15
num_cat=0
split_feature=86 51 58 19 52 52 19 53 1 53 22 16 26 52
split_gain=97.8607 21.5352 20.2267 20.7299 18.2606 8.25634 9.17325 7.05128 9.68657 6.62734 6.35203 6.33939 5.63335 5.53934
threshold=1.0000000180025095e-35 0.028126417854455441 0.016072647588554947 -0.10956522995439998 0.010775015876195131 0.057439404139072676 -0.078357566236749762 -0.082625899674857908 0.34516423645009925 0.0066856802313583772 0.032508020148825763 -0.031752359094505377 -0.083615548810517457 -0.015564304083127921
decision_type=10 10 10 10 8 10 10 8 10 8 10 10 8 10
left_child=1 7 3 9 -3 6 -4 8 -1 -2 -8 -5 -6 -10
right_child=2 4 5 11 12 -7 10 -9 13 -11 -12 -13 -14 -15
leaf_value=-0.014569634011145137 0.021202821552880585 0.036556781351474769 0.018623530501921472 0.006765882418821925 0.02696224585528852 0.023315993326970916 0.012672341223979446 -0.016559133787549328 0.052550956104781985 -0.0095481970784876344 -0.011843811344560645 -0.010421529646495424 -0.0089691200696077073 -0.0073821584223276761
leaf_weight=2.5656555662862957 20.977001003921032 4.9482716559432447 20.617526937276125 11.163876308593897 1.0092963809147475 48.464420091360807 6.3560792123898855 105.95794573193416 1.0309771718457339 2.6302135437727001 8.9589945748448354 29.419105286709964 13.346390168182554 0.57077391073107708
leaf_count=244 197 71 193 238 24 429 95 13034 25 27 182 793 821 43
internal_value=0.000511706 -0.0121522 0.0115503 0.00301576 0.00704051 0.0179301 0.0102311 -0.0155495 0.00835696 0.0175279 -0.001516 -0.00564448 -0.00485158 0.0365654
internal_weight=278.017 129.429 148.587 64.1902 19.304 84.397 35.9326 110.125 4.16741 23.6072 15.3151 40.583 14.3557 1.60175
internal_count=16416 14262 2154 1255 916 899 470 13346 312 224 277 1031 845 68
is_linear=0
shrinkage=0.02


Tree=111
num_leaves=15
num_cat=0
split_feature=84 18 80 84 15 56 19 8 37 21 47 19 81 54
split_gain=104.843 23.5517 18.1325 17.3008 15.2071 13.878 17.1075 10.2151 9.82213 6.89671 6.67508 6.56177 6.35838 6.06292
threshold=0.3093159150229946 -0.027484496237288322 0.015750000000000004 0.63533142302484602 -0.0004662256331981794 0.016743920256971207 -0.081631905195453033 0.81323365288046168 -0.0086282765652211119 -0.013940231332895096 -0.0086558485776588607 -0.1201997872461376 0.25416666666666671 -0.016536496674142188
decision_type=10 8 8 10 10 10 10 10 10 10 10 8 8 10
left_child=1 4 8 5 -1 6 -2 -8 10 12 -3 -4 -6 -10
right_child=3 2 11 -5 9 -7 7 -9 13 -11 -12 -13 -14 -15
leaf_value=-0.0087816110205492827 0.014081880115024098 0.00056477338900316667 0.0071372942275686503 0.021096555897330296 0.042131221539044368 0.022474348632373534 -0.012374300198871802 0.016438503011442382 0.024728739890711719 -0.0062416320022064022 0.052010170404201674 -0.017892231365371183 0.0027245896384281393 -0.013928917386121733
leaf_weight=9.8157271868549305 25.018574747256935 1.6051302114501598 3.8564630635082722 62.096762016415596 5.7292986488901052 16.171435672789812 27.449343915563077 5.0490799760445944 1.2011847905814645 1.9835988166742016 1.8206321047618983 105.21933732926846 2.3569135288707921 5.3540616342797858
leaf_count=546 267 91 167 589 128 159 663 63 82 99 98 12917 90 523
internal_value=0.000936242 -0.0112381 -0.0145909 0.0133847 0.00857329 0.00669052 0.00194452 -0.00754074 0.0103907 0.0247554 0.0334796 -0.0169505 0.0322092 -0.0045098
internal_weight=274.728 138.942 119.057 135.785 19.8855 73.6884 57.517 32.4984 9.98101 10.0698 3.42576 109.076 8.08621 6.55525
internal_count=16482 14741 13878 1741 863 1152 993 726 794 317 189 13084 218 605
is_linear=0
shrinkage=0.02


Tree=112
num_leaves=15
num_cat=0
split_feature=50 28 56 85 18 58 18 30 60 85 61 55 85 31
split_gain=93.6327 34.1828 18.0899 16.4679 11.9395 11.7203 7.94004 7.61894 6.28301 7.57341 7.59199 6.1067 5.14389 5.00292
threshold=0.072043625920704193 0.13949964572734627 0.016743920256971207 0.1083664283542322 -0.049806861958348901 0.011892708258097398 0.0070192858480439555 0.00020754274246385931 0.50100402011265999 0.48612350158504336 0.30851934510396356 -0.037560588444240144 0.44386905409445288 -0.020886585908898601
decision_type=10 10 10 10 8 10 10 10 10 10 10 10 10 10
left_child=1 2 4 6 11 -4 7 -2 -5 10 -10 -1 -6 -7
right_child=3 -3 5 8 12 13 -8 -9 9 -11 -12 -13 -14 -15
leaf_value=0.025681135716512093 0.0241421944867805 0.019286179442867986 -0.01195264143294148 0.021246249188875292 -0.016949023863028403 -0.0048094000080001163 -0.017808712579169432 -0.0096407004761366131 0.0090755627373649769 0.019663401707405121 -0.020688596071754047 -0.0083138015913245562 0.0038787708410419936 0.026044352034786424
leaf_weight=3.4264191268011928 4.6846169456839579 14.421279651112853 7.3708691522479084 66.766521473880857 117.59612355241552 2.3680908647365859 7.3349111699499181 4.2550685163587332 8.4891704120673257 12.108829163014887 4.3749704328365615 3.335870873183012 4.5905829500406972 8.1437427280470711
leaf_count=50 101 232 648 764 12807 121 788 283 153 111 95 142 42 185
internal_value=0.000440831 -0.00919224 -0.0121008 0.0147743 -0.014704 0.00645513 -0.00358083 0.00871019 0.018034 0.00895867 -0.00180906 0.0100006 -0.0161414 0.0192797
internal_weight=269.267 161.253 146.832 108.014 128.949 17.8827 16.2746 8.93969 91.7395 24.973 12.8641 6.76229 122.187 10.5118
internal_count=16522 14227 13995 2295 13041 954 1172 384 1123 359 248 192 12849 306
is_linear=0
shrinkage=0.02


Tree=113
num_leaves=15
num_cat=0
split_feature=84 50 58 52 50 53 51 84 53 53 20 34 50 80
split_gain=104.577 24.5524 14.8347 12.9273 30.8454 10.7619 9.82463 9.04808 7.99571 8.91776 7.01398 6.76771 6.75358 6.63818
threshold=0.25401061508954553 0.050866355422993816 0.0086503377413029835 -0.014346967722183994 0.017961178379245189 -0.040259675451597247 0.050147874739320954 0.55906922781986479 -0.042617378701382387 0.028913273235733509 0.13039099064368179 0.015799168780119405 0.10536311932786044 0.018750000000000003
decision_type=10 10 10 8 10 10 10 10 10 10 8 8 8 8
left_child=3 2 -2 4 -1 11 13 8 -3 10 12 -6 -10 -5
right_child=1 7 -4 6 5 -7 -8 -9 9 -11 -12 -13 -14 -15
leaf_value=-0.015203967189960109 -0.016566998635967101 0.02203905168351443 0.0080242354173189825 -0.0027322311026225627 0.065717309593435552 -0.006720138018347757 0.0043760298429829604 0.021538653131620917 -0.014724877096158951 0.02160979176760525 0.017087940739829374 7.5519174931907603e-05 0.010380544180971252 -0.019527487662140342
leaf_weight=11.09009676473215 15.46558295516297 12.869597365148364 23.32218507444486 10.942596910987048 2.8503856202587485 1.2329482454806555 8.4025464570149762 61.53829275816679 14.17165822861716 7.2549833720549932 4.8149177553132203 0.75351495342329178 5.1560572786256733 86.737677036784589
leaf_count=1428 727 111 541 1062 105 122 207 597 294 64 42 49 42 11128
internal_value=0.000160187 0.0116304 -0.00195081 -0.0134171 0.00321064 0.0408035 -0.0159202 0.0165808 0.00936503 0.00365014 -0.00239166 0.0549902 -0.00784631 -0.0176928
internal_weight=266.603 144.593 38.7878 122.01 15.9269 4.83685 106.083 105.806 44.2672 31.3976 24.1426 3.6039 19.3277 97.6803
internal_count=16519 2418 1268 14101 1704 276 12397 1150 553 442 378 154 336 12190
is_linear=0
shrinkage=0.02


Tree=114
num_leaves=15
num_cat=0
split_feature=85 18 80 30 28 71 58 85 4 18 40 29 70 59
split_gain=92.0013 29.1455 21.0995 17.5594 14.3175 11.9927 7.89993 7.7611 7.19947 6.92817 10.701 6.30747 5.93005 5.89417
threshold=0.29764828562403445 -0.029869151834900989 0.015750000000000004 -0.0048493747950004431 0.13949964572734627 0.30590484759869535 -0.00025079810990842052 0.66975120191510407 0.039011769480519487 0.020266524215576457 -0.00080023381691322708 -0.0023064029126012016 0.47050921818002572 0.009572462689167234
decision_type=10 8 8 8 10 10 10 10 10 10 10 8 10 10
left_child=1 3 6 -1 8 12 -3 -7 13 10 -8 -12 -2 -4
right_child=5 2 4 -5 -6 7 9 -9 -10 -11 11 -13 -14 -15
leaf_value=0.028267779523922374 0.019486987031949468 -0.0093263241661006198 -0.018564807792938013 -0.0043599951502492776 0.017684139893607988 -0.013144065026616854 0.0019788242406328575 0.018468909896725835 0.00025338122546431449 0.0014159787468832963 0.075356909327172553 0.0041002315059267712 0.0018648977079320137 0.0031735089311533786
leaf_weight=11.277347099035977 82.372334943152964 4.2242113403044632 105.42303487658501 13.769292284734549 4.4344315892085424 8.5488176085054857 2.2448092740960419 3.6231473088264456 9.8380267359316331 3.9696253053843975 1.4771959600038824 0.77263983944430803 8.6555860787630063 4.9518782682716838
leaf_count=183 792 390 12585 661 133 129 107 32 671 249 70 34 156 285
internal_value=0.000697374 -0.00867075 -0.0122839 0.010852 -0.0147873 0.0153796 0.011592 -0.0030463 -0.0161211 0.021914 0.0364651 0.0596775 0.0178498 -0.0175698
internal_weight=265.582 162.382 137.336 25.0466 124.647 103.2 12.6885 12.172 120.213 8.46427 4.49465 2.24984 91.0279 110.375
internal_count=16477 15368 14524 844 13674 1109 850 161 13541 460 211 104 948 12870
is_linear=0
shrinkage=0.02


Tree=115
num_leaves=15
num_cat=0
split_feature=87 18 28 30 85 59 18 80 15 40 67 79 55 67
split_gain=99.7386 32.5575 18.1948 12.1643 12.0669 10.421 9.82006 9.29681 9.03027 8.79052 7.67683 8.10749 5.96622 5.84984
threshold=0.031754032258064523 -0.029869151834900989 0.15817642397199355 0.010560330860463535 0.44386905409445288 0.010871707204210988 0.018261510705665899 0.015250000000000001 -0.0013575734203262883 0.018775542603800655 0.16287683031869082 0.16185666919707728 0.0078743553633153582 0.13804446460980038
decision_type=10 8 10 8 10 10 10 8 10 10 10 10 10 10
left_child=1 3 5 8 6 7 -2 10 -1 -7 13 -12 -8 -3
right_child=4 2 -4 -5 -6 9 12 -9 -10 -11 11 -13 -14 -15
leaf_value=-0.0083423210305937044 0.014098068005096965 -0.0079080105036352516 0.024771566472247392 -0.0052309083766509095 0.021307580918324933 -0.015675342268923774 -0.012961760037960656 -0.017410568512910365 0.028390796075502277 0.025505432824025075 -0.014419561487035878 0.039820523365781263 0.015104679705969048 0.051913970538276122
leaf_weight=2.8495818856172255 26.168556024320424 0.63812845386564621 3.9674390358850351 11.029222530312838 61.723975595086813 2.7217443049885324 10.975831958465276 116.22382454806939 12.60622548079118 3.8884129719808698 5.8942123600281775 0.32964762765914191 3.1363268289715043 0.92866030614823103
leaf_count=145 283 63 61 530 619 182 194 13456 185 83 588 18 28 67
internal_value=0.000405893 -0.00937567 -0.013355 0.0105968 0.0157932 -0.0146924 0.00703171 -0.016 0.0215229 0.00871749 0.00463058 -0.00643205 -0.00613744 0.0339608
internal_weight=263.082 161.077 134.592 26.485 102.005 130.625 40.2807 124.014 15.4558 6.61016 7.79065 6.22386 14.1122 1.56679
internal_count=16502 15378 14518 860 1124 14457 505 14192 330 265 736 606 222 130
is_linear=0
shrinkage=0.02


Tree=116
num_leaves=15
num_cat=0
split_feature=85 51 53 53 84 22 52 42 5 50 50 53 38 71
split_gain=93.7491 36.4291 17.4248 12.5032 8.99587 12.3113 8.97536 7.63015 7.07309 7.01301 6.91931 5.76442 5.03134 4.42299
threshold=0.38419537273268639 0.03284953253341031 -0.029993492612755478 -0.087947678985920735 0.16065295708174115 7.6870175473336979e-05 -0.035830318307150381 0.021245285245036803 0.62908566545609923 0.11837027363772754 0.017961178379245189 0.040730442123184669 0.061286555763721086 0.3548003072196621
decision_type=10 10 10 8 10 10 10 10 10 10 10 10 10 10
left_child=1 3 -3 10 -5 8 -7 9 -6 12 -1 -8 -4 -2
right_child=13 2 7 4 5 6 11 -9 -10 -11 -12 -13 -14 -15
leaf_value=-0.012419720360125897 0.019376326806597666 0.026765707791697704 -0.020557409503602148 -0.01746655659937351 -0.0017789052040313783 0.023399177593051563 -0.015094586348291876 0.018113908044315591 0.026304099482370273 0.012476138178575732 0.031191153029585861 0.023070470130624576 0.013313354369480251 -0.0056222669166934103
leaf_weight=1.5489135365933178 75.419657367281616 14.240810598712413 10.264342235866936 80.445196066051722 9.1953126122243685 1.8437331034801889 43.81971643678844 4.9528753999620667 4.7635322134010485 3.9967976696789256 3.2270530345849693 0.78156666830181976 1.3681889851577569 2.5277829738333812
leaf_count=129 753 128 525 11140 514 50 2738 94 149 45 89 21 42 30
internal_value=0.000312885 -0.00760403 0.0105537 -0.0119884 -0.0130984 -0.00709116 -0.0119906 -0.00138385 0.00892235 -0.00828034 0.017346 -0.0139346 -0.0158351 0.0185047
internal_weight=258.395 180.448 34.823 145.625 140.849 60.4039 46.445 20.5822 13.9588 15.6293 4.77597 44.6013 11.6325 77.9474
internal_count=16447 15664 834 14830 14612 3472 2809 706 663 612 218 2759 567 783
is_linear=0
shrinkage=0.02


Tree=117
num_leaves=15
num_cat=0
split_feature=87 18 28 59 71 17 50 58 2 19 28 81 50 2
split_gain=87.0368 37.7617 17.1088 11.4077 9.88202 9.33547 9.13529 9.30233 8.09736 7.44463 5.34474 5.33384 5.54105 4.3326
threshold=0.031754032258064523 -0.029869151834900989 0.15817642397199355 0.0090544910159062932 0.15643639198270876 0.075305641478862886 0.067873960370720604 0.01974099690502587 0.30828553597432323 -0.085882889932294024 0.13250880501063098 0.14116666666666669 0.12648059749937793 0.31594071385359956
decision_type=10 8 10 10 10 10 10 10 10 10 10 8 10 10
left_child=1 5 3 11 13 -1 7 10 -7 -10 -2 -3 -13 -5
right_child=6 2 -4 4 -6 8 -8 -9 9 -11 -12 12 -14 -15
leaf_value=-0.014888382288704368 -0.0083074710408155717 0.013737767768828622 0.022385517504718181 -0.0065247650330247133 -0.0066811013632682194 0.029919362722049203 0.019075555288884081 0.018354536234041395 0.015920621291997082 -0.013393550367035279 0.016569918788441308 -0.017377982814868929 0.0085296937342401024 0.047956928556130179
leaf_weight=3.5307676745578673 15.357149912044411 1.6420304402708996 4.3280977671965948 0.47416865313425605 5.4244295489042997 9.8635917245410401 67.466807072982192 12.703083096072076 9.0647077080793697 4.3799524246714965 3.4043610254302612 114.92686152923852 2.8364464817568651 1.5802362151443956
leaf_count=280 296 115 71 56 314 142 669 130 168 246 30 13897 95 28
internal_value=0.000330724 -0.00886084 -0.0132747 -0.0146567 0.0083973 0.0124198 0.0149568 0.00580962 0.0169988 0.00610466 -0.00318329 -0.0161584 -0.0166874 0.037363
internal_weight=256.983 158.051 131.212 126.884 7.47883 26.839 98.9314 31.4646 23.3083 13.4447 18.7615 119.405 117.763 2.0544
internal_count=16537 15412 14576 14505 398 836 1125 456 556 414 326 14107 13992 84
is_linear=0
shrinkage=0.02


Tree=118
num_leaves=15
num_cat=0
split_feature=83 83 69 0 18 53 28 38 27 43 1 61 4 87
split_gain=85.8893 24.9467 19.4188 14.6793 10.1338 10.7259 8.93263 9.23566 6.58153 6.39082 10.4945 5.65866 5.99448 5.59241
threshold=0.34717686644431922 0.7764904940749584 0.53826509006808054 0.12773956167013281 0.0070192858480439555 -0.082625899674857908 0.10363300242329997 0.053513828676821237 -0.13138879084133598 -0.0020414370569537253 0.28136574074074078 0.32059480096803811 0.038567785805354873 0.03478523895946764
decision_type=10 10 10 10 8 8 10 10 10 8 10 10 10 10
left_child=4 2 8 6 5 -1 7 -4 -2 -7 -11 -5 -13 -3
right_child=1 13 3 11 -6 9 -8 -9 -10 10 -12 12 -14 -15
leaf_value=0.03656819788040265 0.01426154564221545 0.0052796310170368033 -0.01344422231780848 0.023214365670460025 -0.018674392755499623 -0.016773324759148025 0.01998661125027552 0.018131406908188132 -0.014650552922124057 -0.014015942305843604 0.017744823155447259 -0.014226374424913859 0.023108190308833387 0.020174489367264799
leaf_weight=1.3761940598487852 2.7710049659945097 13.025047830305992 17.913807329721756 21.758676554542038 66.814966998528689 14.208930013701318 4.9949357961304477 3.6915796250104895 25.435339777264744 7.5055491132661754 7.1572914514690638 3.4675662829540661 1.7974231755360959 62.150149006396532
leaf_count=55 55 124 1227 267 9716 1446 90 117 1191 933 426 139 42 631
internal_value=0.000335186 0.00945899 0.00176873 0.00878765 -0.0143691 -0.00456589 -0.00178976 -0.00748567 -0.0114192 -0.00768511 0.00163038 0.0188917 0.000173363 0.017697
internal_weight=254.068 157.006 81.8303 53.624 97.0629 30.248 26.6003 21.6054 28.2063 28.8718 14.6628 27.0237 5.26499 75.1752
internal_count=16459 3883 3128 1882 12576 2860 1434 1344 1246 2805 1359 448 181 755
is_linear=0
shrinkage=0.02


Tree=119
num_leaves=15
num_cat=0
split_feature=83 19 56 60 52 51 83 53 2 24 78 17 52 63
split_gain=82.8338 28.942 33.1713 11.7921 11.7732 11.3847 7.96284 7.51576 7.40995 7.30591 6.86458 5.79975 5.2997 4.76556
threshold=0.34717686644431922 -0.069448410096533339 0.014855424538373999 0.6299453394013822 0.041580101323167078 0.041406368752549723 0.83283295175689331 -0.082625899674857908 0.25588316722037657 0.55000000000000016 0.14657948229982465 0.061752228418895092 -0.015564304083127921 0.12956507505395642
decision_type=10 10 10 10 10 10 10 8 8 8 10 10 10 10
left_child=5 3 9 11 -4 7 13 10 -7 -3 -1 -2 -12 -5
right_child=1 2 4 6 -6 8 -8 -9 -10 -11 12 -13 -14 -15
leaf_value=-0.013137178560038881 -0.0042902442244031015 -0.012819722859201462 -0.0072318511287410847 0.012455241709006254 0.024238941105281447 0.024457209050755959 0.019170385780772629 -0.017539630206066314 -0.0094153523568263949 0.022759927830525731 0.04967752111419127 0.020808066580921644 -0.0077075180303722507 -0.01996725562966243
leaf_weight=1.8500335775315764 3.546450573951005 41.520281134173274 5.6533961887471404 1.6527374796569327 19.862826242111623 3.9483832288533423 3.8401670567691317 83.071731322910637 4.5860549951903531 1.5468186591751862 0.92794470535591245 73.841653034090996 0.61290072510018923 6.3642487130127847
leaf_count=189 112 2172 185 29 243 77 32 11959 235 23 32 933 58 160
internal_value=0.000499467 0.0093625 -0.000424762 0.0168052 0.0172565 -0.0141698 -0.00165009 -0.0163348 0.00717703 -0.0110543 0.0104541 0.0196178 0.0328017 -0.0126432
internal_weight=252.826 157.829 68.5833 89.2453 25.5162 94.997 11.8572 86.4626 8.53444 43.0671 3.39088 77.3881 1.54085 8.01699
internal_count=16439 3889 2623 1266 428 12550 221 12238 312 2195 279 1045 90 189
is_linear=0
shrinkage=0.02


Tree=120
num_leaves=15
num_cat=0
split_feature=84 17 60 84 43 53 60 52 38 38 28 39 42 81
split_gain=79.6561 18.3505 18.0438 18.1269 13.327 12.9833 11.0781 9.75195 9.62349 9.16326 7.78711 6.90852 6.59422 7.52847
threshold=0.3028452976915435 0.075305641478862886 0.43800562594038256 0.63533142302484602 -0.002482893302428154 -0.037309959761778193 0.46468603286384985 -0.0076705380279461282 -0.0067648146905966737 0.015764114513431574 0.14710329537329203 0.026794998860161592 0.023908570238820218 0.22883333333333336
decision_type=10 10 10 10 10 10 10 10 10 8 10 8 10 10
left_child=1 12 -2 5 7 -4 9 8 -3 -6 11 -7 -1 -14
right_child=2 4 3 -5 6 10 -8 -9 -10 -11 -12 -13 13 -15
leaf_value=-0.01849168746413454 0.019025740498507138 0.034277242690833161 0.012015642466437357 0.018075170581633871 0.030473637184525844 -0.019298738531280411 -0.011153471278596233 -0.015492871997495208 -0.012219651463573091 -0.0023124234057039081 0.017294295692130323 0.0158821473726172 0.024664838256891818 -0.015361893017477922
leaf_weight=68.939044255763292 66.154299694113433 2.6851033926941454 11.839544979855416 21.239446848630905 9.5972013222053647 21.44792959140614 5.6970478552393606 22.487133085727692 2.6956989862956133 4.8308877521194526 2.3272636514157048 1.7305340496823216 2.4925992256030431 3.1013109819032252
leaf_count=9909 779 138 208 213 362 563 550 2379 285 362 18 15 250 386
internal_value=0.000739081 -0.0106708 0.0119423 0.00375851 -0.000979152 -0.00464286 0.0111127 -0.00979385 0.0127186 0.0200577 -0.0125372 -0.0161239 -0.0168158 0.00350937
internal_weight=247.265 122.526 124.739 58.5847 47.9931 37.3453 20.1251 27.8679 5.3808 14.4281 25.5057 23.1785 74.533 5.59391
internal_count=16417 14621 1796 1017 4076 804 1274 2802 423 724 596 578 10545 636
is_linear=0
shrinkage=0.02


Tree=121
num_leaves=15
num_cat=0
split_feature=83 19 53 42 51 53 69 83 72 20 2 82 83 82
split_gain=83.0607 26.5562 26.4154 13.2666 9.48303 7.39499 6.99825 6.97341 6.44664 7.61902 6.01165 5.79963 5.6005 4.6341
threshold=0.34717686644431922 -0.075144595426892821 0.025570413999070261 0.02649822893293638 0.041406368752549723 -0.082625899674857908 0.47267036562811215 0.7764904940749584 0.13085680235840183 0.11501976422958331 0.25048262548262551 0.14016666666666669 0.42868399448860722 0.095166666666666691
decision_type=10 10 10 10 10 8 10 10 10 8 8 10 10 8
left_child=4 6 3 11 5 -1 7 -2 9 -5 -6 -3 -8 -7
right_child=1 2 -4 8 10 13 12 -9 -10 -11 -12 -13 -14 -15
leaf_value=0.010921489626112883 -0.010252713085163328 0.0034484411511028789 0.021147985978342405 -0.015717531861380144 0.023453816131315662 0.0066469742015541414 0.040464348417665594 0.016053246568066164 0.024133583472935542 0.018980798522030277 -0.0075784239834031574 -0.015935514894120012 0.018028216501507016 -0.017900916877537407
leaf_weight=3.3230478065088391 6.4132431978359801 7.2447810084559014 18.053094133269042 5.2194013730622819 3.3230694006197128 2.7161323935724786 4.689804201014339 7.962492898106575 5.8553455402143291 3.2751551037654272 5.0956787704490134 31.256101478356868 65.314405081793666 78.671875203493983
leaf_count=287 169 302 240 216 67 330 131 73 95 36 259 1852 796 11693
internal_value=0.00104538 0.00998069 0.000920464 -0.00625338 -0.013801 -0.0158006 0.017494 0.00441418 0.00969624 -0.00174919 0.00586032 -0.012293 0.02008 -0.017011
internal_weight=248.414 155.284 70.9039 52.8508 93.1298 84.7111 84.3799 14.3757 14.3499 8.49456 8.41875 38.5009 70.0042 81.388
internal_count=16546 3910 2741 2501 12636 12310 1169 242 347 252 326 2154 927 12023
is_linear=0
shrinkage=0.02


Tree=122
num_leaves=15
num_cat=0
split_feature=84 84 60 18 30 59 71 7 59 19 48 58 51 61
split_gain=82.1739 19.4066 20.0295 15.0919 8.62693 7.36717 10.8004 7.23888 7.9231 8.07222 7.10537 6.58414 6.49606 5.98116
threshold=0.2826143090492253 0.63533142302484602 0.48694173143499103 -0.039576835033714057 0.0099025117639606145 0.0090544910159062932 0.16274299869840872 237.08770522402111 0.0090544910159062932 -0.10655983493743675 5.080246491321855 0.012661822690226927 0.050147874739320954 0.24124871910627657
decision_type=10 10 10 8 10 10 10 10 8 10 10 10 10 8
left_child=3 2 7 4 -1 12 -7 8 9 -2 -4 -11 -5 -13
right_child=1 -3 10 5 -6 6 -8 -9 -10 11 -12 13 -14 -15
leaf_value=0.021849969623511833 0.018768543803504473 0.020472178607555774 -0.01104631569841261 -0.016991069569123073 -0.010491071361417652 0.040340981188339391 -0.014623958201137349 0.024602340078369332 0.028222043725099871 -0.013882118726039177 0.019133178444784078 0.022755905294836922 0.0041535269158752622 -0.0064095290974585497
leaf_weight=6.90179829392582 7.886953600216656 51.288481883704662 27.631875790189955 92.699724275618792 4.8650162247940898 1.5079309693537646 2.4822808033786714 13.483165101148186 4.9966633073054245 11.024193525314336 2.5867270515300325 4.3753719362430248 5.8214114429429165 5.1955596613697717
leaf_count=146 73 572 811 13444 285 95 262 122 44 306 20 44 175 76
internal_value=0.000116909 0.0110517 0.00460973 -0.012165 0.00870411 -0.0146214 0.0100692 0.0126776 0.00730081 0.00279779 -0.00793281 -0.00390414 -0.0157125 0.00781491
internal_weight=242.747 128.469 77.1805 114.278 11.7668 102.511 3.99021 46.9619 33.4787 28.4821 30.2186 20.5951 98.5211 9.57093
internal_count=16475 2068 1496 14407 431 13976 357 665 543 499 831 426 13619 120
is_linear=0
shrinkage=0.02


Tree=123
num_leaves=15
num_cat=0
split_feature=83 84 56 18 81 24 62 51 30 18 11 63 83 51
split_gain=75.4883 23.8242 18.081 16.4742 11.553 11.2614 10.4587 7.50891 7.30477 6.73893 5.70496 5.50989 4.71745 4.45725
threshold=0.34717686644431922 0.63533142302484602 0.014855424538373999 -0.029869151834900989 0.15958333333333338 0.29166666666666669 0.22271228640063803 0.047646438397510683 0.010560330860463535 -0.011204867360370184 0.94917302976722573 0.16760696002758549 0.56729521197136434 0.050147874739320954
decision_type=10 10 10 10 8 8 10 10 8 10 10 8 8 10
left_child=4 2 3 8 9 13 11 10 -2 -1 -6 12 -4 -5
right_child=1 -3 6 5 7 -7 -8 -9 -10 -11 -12 -13 -14 -15
leaf_value=0.037559295755365374 0.021242559871106889 0.020390762420197356 0.056295075141395819 -0.013005059761485912 -0.017692463448124807 0.012280242709728204 0.0010449527186978367 0.0049222872924996816 -0.0030727274904078926 -0.0048096152258358177 0.017702485145272135 0.0030888618239654731 0.022809282561715293 0.0060400064084251996
leaf_weight=1.7238543382845817 14.300886331126092 50.951800331473351 2.666865693870931 41.161556811537594 78.095747462008148 9.3592436378821713 8.6479160618036968 6.3605887112207702 6.9623947748914388 2.9104090752080074 1.1034235153347243 2.9745588479563603 8.7706233439967036 4.9761306336149564
leaf_count=62 172 577 79 2302 11853 205 217 200 168 365 108 60 69 49
internal_value=0.000760889 0.00939925 0.00364219 -0.0010859 -0.0136241 -0.00681459 0.0187717 -0.0153181 0.0135004 0.0148198 -0.0169847 0.0286506 0.0345156 -0.0108664
internal_weight=240.966 150.772 99.8202 76.7602 90.194 55.4969 23.06 85.5598 21.2633 4.63426 79.1992 14.412 11.4375 46.1377
internal_count=16486 3898 3321 2896 12588 2556 425 12161 340 427 11961 208 148 2351
is_linear=0
shrinkage=0.02


Tree=124
num_leaves=15
num_cat=0
split_feature=83 50 28 83 70 18 53 53 85 4 85 53 58 80
split_gain=82.6496 27.0893 18.8316 11.0928 9.81266 9.55019 9.5629 8.41264 6.82021 6.3335 6.16758 4.86808 5.27855 4.65874
threshold=0.7764904940749584 0.071170989508299795 0.14710329537329203 0.21353660901714708 0.41696761159164092 -0.044107889121360981 0.027570328075379891 -0.037967305055531968 0.41298730758275071 0.020707521886725037 0.15404321525133105 -0.038706292763387606 0.014747473236803364 0.016750000000000004
decision_type=10 10 10 10 10 8 10 10 10 10 10 8 10 8
left_child=1 2 5 -3 11 7 13 -1 9 -2 -8 -5 -13 -7
right_child=8 3 -4 4 -6 6 10 -9 -10 -11 -12 12 -14 -15
leaf_value=0.02695865528606433 -0.010040333355313942 -0.0098424218787909867 0.020733451416722334 0.028122389432507729 -0.011283169966583932 -0.0016551657712425341 -0.013762066449917447 -0.011273812474472509 0.021145040634122862 0.01449500305149716 0.023718644778938973 -0.0025755852607720281 0.018412928092339582 -0.018381143249735214
leaf_weight=3.2868751473724842 5.6098331604152945 12.645985546987502 5.620519964490085 8.8171402462758106 5.4766983743757001 7.3852889011614016 2.1569133228622368 4.1102301822975278 56.250593170523643 11.042318824678658 3.2121540498919785 7.8912811782211127 10.403285184875129 94.405940083786845
leaf_count=61 72 1106 118 132 144 789 328 205 624 94 63 238 144 12390
internal_value=0.000245078 -0.00757218 -0.0125094 0.00553185 0.0116133 -0.0143057 -0.0158199 0.00690198 0.0178445 0.00612891 0.00886487 0.0164753 0.00969535 -0.0171955
internal_weight=238.315 165.412 120.178 45.2344 32.5884 114.557 107.16 7.39711 72.9027 16.6522 5.36907 27.1117 18.2946 101.791
internal_count=16508 15718 13954 1764 658 13836 13570 266 790 166 391 514 382 13179
is_linear=0
shrinkage=0.02


Tree=125
num_leaves=15
num_cat=0
split_feature=87 51 53 52 42 56 53 40 27 38 18 19 18 84
split_gain=76.5842 25.7884 16.1161 14.4905 12.3962 8.16455 7.63325 7.13675 6.56979 7.01943 7.55982 6.36776 5.90031 5.83685
threshold=0.040408163265306128 0.02709637124736099 -0.082625899674857908 0.0032924527832535609 0.055778783027266625 0.014855424538373999 0.014583730016429189 0.020281683372910319 -0.12823483490116142 0.061286555763721086 -0.053613316721061947 -0.015998848097353188 -0.039576835033714057 0.55906922781986479
decision_type=10 10 8 10 10 10 10 10 10 10 10 10 8 10
left_child=1 2 11 -3 5 -4 12 -8 -5 10 -10 -1 -7 -2
right_child=13 3 4 8 -6 6 7 -9 9 -11 -12 -13 -14 -15
leaf_value=0.030468149439560444 0.0077726398229110072 0.028820860921322626 -0.016496107225961749 0.02175475249649142 0.023372056104182356 0.027937673521452513 -0.010650092834031486 0.036690738711409557 0.012790462206524491 0.019527485987669721 -0.016187603805041036 -0.011715208161896778 -0.013040822925065743 0.020353836069909009
leaf_weight=4.036238357424736 22.64822599850595 8.5677379630506021 99.281127681490034 3.5364199560135594 2.7180594345554701 0.6396662606857717 1.4513030061498278 2.4196590958163142 3.9054347490891876 3.0510261929593971 14.135906669776888 1.382533013820648 11.497507196385413 53.624454133212566
leaf_count=162 278 98 12822 54 70 30 101 65 49 72 841 169 1093 622
internal_value=0.000458658 -0.0075392 -0.0117308 0.0079328 -0.0133198 -0.0143784 -0.00104692 0.0203991 -0.000174656 -0.00466971 -0.0095724 0.0195572 -0.00891891 0.0167669
internal_weight=232.895 156.623 123.426 33.1965 118.007 115.289 16.0081 3.87096 24.6288 21.0924 18.0413 5.41877 12.1372 76.2727
internal_count=16526 15626 14512 1114 14181 14111 1289 166 1016 962 890 331 1123 900
is_linear=0
shrinkage=0.02


Tree=126
num_leaves=15
num_cat=0
split_feature=87 51 53 53 28 50 85 22 52 50 57 53 56 28
split_gain=72.9943 30.845 18.6601 14.8655 11.8084 9.52694 7.88751 9.60313 6.69084 13.8837 7.3757 8.20076 6.61045 7.28787
threshold=0.040408163265306128 0.03284953253341031 -0.082625899674857908 -0.027146279824939373 0.14710329537329203 0.017961178379245189 0.44386905409445288 0.014685912789778531 -0.029791159574004685 0.01947331816231879 0.0071043884494467599 0.014583730016429189 0.024338465342132808 0.092952525161984156
decision_type=10 10 8 8 10 10 10 10 8 10 10 10 8 10
left_child=1 2 5 -3 8 -1 7 -2 9 -4 -10 -12 13 -5
right_child=6 3 4 12 -6 -7 -8 -9 10 -11 11 -13 -14 -15
leaf_value=-0.013085131474644227 0.022492011601774446 0.026279790127222886 -0.015695788017499303 -0.015177643756881874 0.013512766148269606 0.034931250495569222 0.021110494268941529 -0.0015416090675643608 -0.017133521430946923 0.0429125955867165 -0.013555622172250441 0.029157810933590322 0.027592817520612826 0.01446586143645005
leaf_weight=1.8037208868190644 9.5293414993211645 12.714811833109705 3.4720993041992188 10.519187530502679 5.4180330289527765 4.1308728782460093 49.164645150303841 17.733762014657259 102.89033127715811 1.5587364560924468 3.1437103161588302 2.2290114089846611 1.5991352391429234 3.7611973104067138
leaf_count=190 94 131 514 599 126 134 584 224 13357 60 259 58 28 73
internal_value=0.000520119 -0.00743624 -0.0117246 0.0110217 -0.0134965 0.020555 0.016363 0.00735751 -0.0148951 0.00656773 -0.0159434 0.00595983 -0.0020286 -0.00693433
internal_weight=229.669 153.241 124.647 28.5943 118.712 5.93459 76.4277 27.2631 113.294 5.03084 108.263 5.37272 15.8795 14.2804
internal_count=16431 15529 14698 831 14374 324 902 318 14248 574 13674 317 700 672
is_linear=0
shrinkage=0.02


Tree=127
num_leaves=15
num_cat=0
split_feature=85 51 87 80 83 56 19 62 51 14 53 2 24 81
split_gain=74.6944 20.6238 16.2261 11.1444 10.3432 10.0787 12.3219 8.94228 8.33463 7.51302 7.32331 7.01222 5.3889 5.22544
threshold=0.16544373656508446 0.030629445201025316 0.080322580645161304 0.019583333333333338 0.13458028922440135 0.014855424538373999 -0.1201997872461376 0.22271228640063803 0.043166915935183729 -1.0000000180025095e-35 -0.0063604121174772729 0.39146966440734016 0.45000000000000007 0.16358333333333336
decision_type=10 10 10 8 10 10 10 8 10 10 10 10 10 10
left_child=3 2 5 4 -1 6 -2 -7 -5 -6 -10 -11 13 -8
right_child=1 -3 -4 8 9 7 12 -9 10 11 -12 -13 -14 -15
leaf_value=-0.0085416287357942995 0.01424461590828106 0.020329214469285005 0.021487397213038509 -0.016854040051574919 -0.0067674241247607167 0.025247850381864161 0.022155901029280715 -0.0037814948245915056 0.020558967752230237 0.048969395911798767 -0.015529457994137092 -0.0088497773435537389 0.011027429552838879 -0.01437610749775088
leaf_weight=10.120704313274471 9.3581498088315112 53.297563987784088 16.064859380945563 76.154327890835702 1.9001711150631306 8.7370935808867181 0.7765222298912694 7.1180306542664775 4.0989049337804317 2.7740229931659992 3.0810895934700957 0.72916425159201015 3.4577170643024138 32.682451711501926
leaf_count=1219 111 646 168 11974 149 131 17 156 69 108 199 43 81 1482
internal_value=0.00100918 0.0108496 0.00421321 -0.0120573 0.00332202 -0.000522964 -0.00524924 0.0127642 -0.0149276 0.0234068 0.00506738 0.037642 -0.0104362 -0.0129099
internal_weight=230.351 131.492 78.1948 98.8584 15.5241 62.13 46.2748 15.8551 83.3343 5.40336 7.17999 3.50319 36.9167 33.459
internal_count=16553 2792 2146 13761 1519 1978 1691 287 12242 300 268 151 1580 1499
is_linear=0
shrinkage=0.02


Tree=128
num_leaves=15
num_cat=0
split_feature=87 18 59 85 69 4 60 42 15 63 85 4 80 60
split_gain=67.2344 26.9885 15.318 10.9575 10.6986 9.42226 10.2144 9.91727 9.19909 8.75221 7.09656 6.45433 5.5476 5.22958
threshold=0.031754032258064523 -0.029869151834900989 0.0090544910159062932 0.44386905409445288 0.58339957604663495 0.028490259740259743 0.48694173143499103 0.023908570238820218 -0.0005861443329497816 0.16306020066889634 0.096457168452582412 0.06102215602308695 0.0087500000000000026 0.58974150808599091
decision_type=10 8 10 10 10 10 10 10 10 10 10 10 8 10
left_child=1 8 5 9 -4 12 7 11 -1 13 -6 -7 -3 -2
right_child=3 2 4 -5 10 6 -8 -9 -10 -11 -12 -13 -14 -15
leaf_value=-0.0031467175080291294 0.015493627527651084 0.011003845759684348 -0.0066450587085270952 0.020682180203625018 -0.0089451820055676153 -0.010245340464173891 -0.012396183234379431 0.042888041354068339 0.021244298067860781 -0.0076980694697413908 0.047684408255725813 0.032598658207081736 -0.017654354019795097 -0.010826459663614738
leaf_weight=10.249593563377859 23.601615400519226 2.1559865293093017 4.5929018715396506 48.844836000353098 0.79801503987982902 5.1672898959368485 13.390782766044138 2.2211939403787255 13.766223902814088 11.758735680952666 2.6856982647441328 0.82221747329458583 83.318260754924268 2.7264092140831044
leaf_count=520 299 210 250 599 119 529 1033 57 335 171 55 27 12185 46
internal_value=0.000776867 -0.00782689 -0.0118412 0.0144829 0.0134964 -0.0138595 -0.00194785 0.0145881 0.0111249 0.00620688 0.0356104 -0.000541403 -0.0168126 0.0124716
internal_weight=226.1 139.168 115.152 86.9316 8.07662 107.076 21.6015 8.2107 24.0158 38.0868 3.48371 5.98951 85.4742 26.328
internal_count=16435 15320 14465 1115 424 14041 1646 613 855 516 174 556 12395 345
is_linear=0
shrinkage=0.02


Tree=129
num_leaves=15
num_cat=0
split_feature=86 58 19 18 26 30 66 61 11 19 53 50 21 51
split_gain=61.9932 18.0452 16.0668 15.25 12.675 9.36458 6.46088 5.76198 5.02104 4.87763 4.52526 4.49855 4.31991 8.28896
threshold=1.0000000180025095e-35 0.016072647588554947 -0.10956522995439998 -0.039576835033714057 -0.073861281233838103 0.0099025117639606145 0.32325409265064448 0.48131197186538371 -1.178444951518292 0.01602388751368156 0.0057125738657382236 0.084132757650812892 -0.0085774466329688933 -0.018450094191937463
decision_type=10 10 10 8 8 10 10 10 10 10 10 10 8 10
left_child=3 2 10 5 6 -1 -5 9 -4 -3 -2 -10 -6 -14
right_child=1 7 8 4 12 -7 -8 -9 11 -11 -12 -13 13 -15
leaf_value=0.024085186885049886 0.019425330919776725 0.019020086597977385 0.0038031616169084425 -0.010747577436152149 -0.017066944977852772 -0.011500391248671929 0.038455428090568164 -0.0080254934541446714 -0.016419084372327152 -0.011076002663269273 -0.0092807130760311617 0.0034446702830645244 -0.017434708251703516 0.014137426971430906
leaf_weight=6.6173619991168362 16.433064784854654 63.541074892971665 12.123243611771612 1.1383797386661174 73.90351049695164 4.0634877001866698 1.8633880452252922 3.0113836908712974 17.746842558495704 1.6127198943868268 1.9130701441317786 5.6219764584675422 6.443628367036581 5.0514480499550682
leaf_count=151 195 792 389 151 11927 275 79 56 577 32 23 67 1005 623
internal_value=0.000597661 0.0101051 0.00139541 -0.0110933 -0.0138195 0.0107213 0.021773 0.0168646 -0.0064421 0.018119 0.016107 -0.0116951 -0.0153081 -0.00353944
internal_weight=221.085 122.003 53.8382 99.0812 88.4004 10.6808 3.00177 68.1652 35.4921 65.1538 18.3461 23.3688 85.3986 11.4951
internal_count=16342 2131 1251 14211 13785 426 230 880 1033 824 218 644 13555 1628
is_linear=0
shrinkage=0.02


Tree=130
num_leaves=15
num_cat=0
split_feature=84 84 63 28 81 4 15 56 22 52 28 76 52 16
split_gain=70.7714 16.4811 12.5862 10.405 10.3033 9.35675 11.1766 7.42933 6.95186 6.46815 7.38837 6.2982 6.14581 5.51725
threshold=0.25401061508954553 0.63533142302484602 0.16306020066889634 0.13949964572734627 0.1501666666666667 0.051899951899951911 -0.00098008811250445741 0.014068513825963049 0.02653806280863075 -0.014911306068255031 0.10363300242329997 90.859985975421338 0.019065199879395676 -0.048387035139499789
decision_type=10 10 10 10 8 10 10 10 10 10 10 10 8 8
left_child=4 2 7 8 12 13 -7 9 -4 -2 -11 -8 -1 -6
right_child=1 -3 3 -5 5 6 11 -9 -10 10 -12 -13 -14 -15
leaf_value=0.036471979560944605 0.022960894063445671 0.02026454190101715 0.0065118777166791241 0.021213070774194667 -0.0022875298763371361 -0.014744761553805805 0.0015161789724888585 0.023010047584008046 -0.015789960865593606 -0.0040521690372712707 0.017138809493206026 0.059170634991428529 -0.010951934233461871 -0.016844396660837421
leaf_weight=1.848817404359578 6.3313081357628098 44.073929563164711 7.0863792398013237 4.1925809830427161 12.432540175039319 2.5821724249981344 1.3052025157958262 14.064207034185527 19.212581010069698 22.439666052814577 8.166537778452037 1.0056066163815556 1.1767942793667319 76.322445285040885
leaf_count=108 97 556 204 36 1501 234 66 164 597 674 102 26 141 11970
internal_value=0.00067359 0.0105409 0.00510024 -0.00496475 -0.0121196 -0.0133529 0.0117682 0.0110974 -0.00976222 0.00607461 0.0019655 0.0368998 0.0198881 -0.0148535
internal_weight=222.241 125.567 81.4933 30.4915 96.6736 93.648 4.89298 51.0017 26.299 36.9375 30.6062 2.31081 3.02561 88.755
internal_count=16476 2430 1874 837 14046 13797 326 1037 801 873 776 92 249 13471
is_linear=0
shrinkage=0.02


Tree=131
num_leaves=15
num_cat=0
split_feature=87 51 53 42 53 28 85 22 17 79 70 39 56 82
split_gain=57.7003 22.0775 21.3751 14.9956 14.6106 8.75051 8.72688 7.32542 7.20347 6.92291 6.26595 6.1185 5.76951 5.49065
threshold=0.040408163265306128 0.03284953253341031 -0.082625899674857908 0.023101624087019389 -0.027425651962060812 0.081032197085380259 0.44386905409445288 0.002993627743020894 0.082675697508233406 0.19019036519036522 0.35858367571085714 0.019232541656651177 0.013071488115462432 0.11416666666666668
decision_type=10 10 8 10 8 10 10 10 10 10 10 10 10 8
left_child=1 2 8 9 -3 11 7 -2 -1 -4 -7 -5 -6 -11
right_child=6 4 3 5 12 10 -8 -9 -10 13 -12 -13 -14 -15
leaf_value=-0.0062286642182056672 0.020311150507528752 0.024083526387765751 -0.016603666311241671 -0.012379996328449064 -0.011485089594676654 0.034748011933014217 0.020499269080097575 -0.0016298253721002637 0.037109636510123875 0.046667881350354296 -0.0018481952187965702 0.021162850525492587 0.012665752135898128 -0.0094213941587702552
leaf_weight=1.8644732213579116 8.0837486712262052 12.460736211389301 92.523686349391937 10.730166617315264 11.334344103932386 3.6804366046562782 43.54395218193531 18.04952968750149 3.8890671222470701 0.36558498255908367 2.957785424310714 1.7234673243947316 4.879128736909478 0.87806966155767452
leaf_count=223 87 144 12947 968 577 108 562 223 106 18 98 47 136 144
internal_value=0.000220603 -0.00686837 -0.0106634 -0.012639 0.0086602 0.00337142 0.0150908 0.00565556 0.0242228 -0.0159 0.0203347 -0.00650999 -0.00390377 0.0205178
internal_weight=216.964 147.287 118.613 112.859 28.6742 19.0919 69.6772 26.1333 5.75354 93.7673 6.63822 12.4536 16.2135 1.24365
internal_count=16388 15516 14659 14330 857 1221 872 310 329 13109 206 1015 713 162
is_linear=0
shrinkage=0.02


Tree=132
num_leaves=15
num_cat=0
split_feature=83 51 52 80 52 84 22 67 27 38 1 18 40 47
split_gain=57.8488 27.0236 11.7258 11.593 9.67425 8.29978 10.0288 7.9856 7.7561 8.47358 7.72809 5.5569 7.07557 5.37835
threshold=0.7764904940749584 0.026292705255873936 -0.042316132795677218 0.018750000000000003 0.0032924527832535609 0.16930406032794623 2.0816681711721688e-17 0.22028853914447136 -0.12823483490116142 0.061286555763721086 0.31595925297113753 0.024504593044513915 -0.0010138037585384577 0.055389810785982839
decision_type=10 10 8 8 10 10 10 8 8 10 10 10 10 8
left_child=1 2 10 7 -3 -5 -7 11 -6 -10 -1 12 -4 -8
right_child=-2 4 3 5 8 6 13 -9 9 -11 -12 -13 -14 -15
leaf_value=-0.010922334366832024 0.016601884910561658 0.028924463550047776 0.00010030157380858862 -0.019075418788314549 0.023068379255569781 0.011091067564661191 -0.013238634858252421 -0.0072562598976638453 -0.0071562041532755106 0.022520635316138748 0.043279620021428045 -0.0028535314900581298 0.057413593493442959 0.024758614629392058
leaf_weight=1.18327849265188 63.979023250751197 6.7619707575067869 1.3032963653095064 55.46613787766546 5.4250318924896419 8.6978475516661984 35.455803940072656 6.3717836821451792 19.634443023707725 3.7355125616304568 1.7026390531100331 1.8147401525638995 1.5627145045436894 0.6576387551613142
leaf_count=183 774 80 149 10064 84 500 2498 604 947 84 41 239 130 15
internal_value=0.000830295 -0.00597234 -0.0106945 -0.0117983 0.00907374 -0.0139334 -0.00729132 0.00712233 0.00359784 -0.00168312 0.0239641 0.0245273 0.0381183 -0.0118982
internal_weight=213.752 149.773 114.216 111.33 35.557 100.277 44.8113 11.0525 28.795 23.37 2.88592 4.68075 2.86601 36.1134
internal_count=16392 15618 14423 14199 1195 13077 3013 1122 1115 1031 224 518 279 2513
is_linear=0
shrinkage=0.02


Tree=133
num_leaves=15
num_cat=0
split_feature=85 18 15 59 83 15 71 58 85 20 6 70 58 42
split_gain=63.0384 22.2183 13.9056 13.6293 12.3304 10.653 9.98884 8.59654 6.37942 5.94548 5.63264 4.88913 4.58281 4.05595
threshold=0.24960156058648117 -0.027484496237288322 -0.0007429244251679171 0.0090544910159062932 0.7764904940749584 -0.0021299085913948509 0.17386128364389236 0.016072647588554947 0.096457168452582412 0.10591360477185958 221.71294535573125 0.21468158929010075 -0.0042756916695281281 0.021245285245036803
decision_type=10 8 10 10 10 10 10 10 10 8 10 10 10 10
left_child=1 2 -1 10 5 9 8 -7 -5 -2 -3 -4 -6 -12
right_child=4 3 11 6 12 7 -8 -9 -10 -11 13 -13 -14 -15
leaf_value=-0.0092362259811706593 -0.014684316964473493 -0.015619071476906983 -0.0055757553109173691 -0.0071433351323783451 -0.0049027557093725728 -0.0025660860701920934 -0.007277967523092314 0.023554333076944253 0.057527955488156438 0.0097223828778159656 -0.0074265961669674396 0.027078546131628231 0.019502064055954435 0.027101665211076962
leaf_weight=8.8493382912129182 12.430613084696231 88.471926395781338 1.8142144004814316 0.54618802294134994 2.8692103270441285 8.0515268514864164 2.785469280090183 11.714453709777443 1.4320789491757748 4.8719354248605695 2.541119303554296 10.655528008006511 57.802167849615216 1.3154565733857451
leaf_count=548 323 13333 101 80 31 184 247 133 35 74 340 251 698 46
internal_value=0.000981679 -0.00879937 0.00936206 -0.012842 0.0128005 0.00357574 0.0175784 0.0133032 0.0432693 -0.00765632 -0.014583 0.0222665 0.0182872 0.00750617
internal_weight=216.151 118.411 21.3191 97.0922 97.7399 37.0685 4.76374 19.766 1.97827 17.3025 92.3285 12.4697 60.6714 3.85658
internal_count=16424 14981 900 14081 1443 714 362 317 115 397 13719 352 729 386
is_linear=0
shrinkage=0.02


Tree=134
num_leaves=15
num_cat=0
split_feature=83 19 56 80 60 52 70 23 51 27 2 51 35 47
split_gain=55.6996 19.3259 24.0164 13.0792 9.60712 8.04895 6.58588 8.80113 5.95441 5.39496 5.82986 6.88756 7.80908 6.68327
threshold=0.34717686644431922 -0.069448410096533339 0.015095353981656677 0.016750000000000004 0.64570970244710535 0.050113782181389142 0.36806325449618138 105.62886340068161 0.047646438397510683 0.0022208066371928186 0.45273088381330689 -0.018450094191937463 -0.011545191686051772 -0.002742102010368955
decision_type=10 10 10 8 10 10 10 8 10 10 10 10 10 10
left_child=3 4 6 9 -2 -4 7 -3 -5 10 11 -1 -13 -14
right_child=1 2 5 8 -6 -7 -8 -9 -10 -11 -12 12 13 -15
leaf_value=0.0018897897897486478 0.017534190712537482 -0.014506297665831161 -0.0025498979968334064 -0.017476298046192988 -0.0046445527527443032 0.024274330481148701 -0.019725518456502146 0.0080857953289503078 0.0036668759189274424 -0.013798064488378283 -0.012056921986817537 -0.0063124657671280206 0.074955407513136119 -0.0030562870833906876
leaf_weight=2.6300794575363398 65.887736730277538 12.384383890312167 5.9962553041987148 63.799078566487879 8.4278633836656791 14.793378332629798 14.111465372610835 13.300981786102055 5.4633518606424323 2.1409817412495613 1.3995066210627554 0.68841615784913335 1.2902133706957102 0.44966721814125565
leaf_count=335 1059 804 202 11515 191 194 828 590 190 281 117 57 104 30
internal_value=0.000469589 0.00822624 -0.000179757 -0.0129034 0.0149907 0.0167756 -0.00923122 -0.00294255 -0.0157801 0.00949749 0.0180352 0.0269767 0.0456714 0.0610367
internal_weight=212.763 134.902 60.5865 77.8613 74.3156 20.7896 39.7968 25.6854 69.2624 8.59886 6.45788 5.05838 2.4283 1.73988
internal_count=16497 3868 2618 12629 1250 396 2222 1394 11705 924 643 526 191 134
is_linear=0
shrinkage=0.02


Tree=135
num_leaves=15
num_cat=0
split_feature=84 85 80 69 17 83 62 12 42 58 80 11 61 33
split_gain=59.0938 23.2655 19.1181 14.2409 8.36776 8.17025 7.92019 6.9712 6.52728 6.08965 5.53891 8.41062 5.37985 5.34488
threshold=0.16065295708174115 0.44386905409445288 0.047583333333333346 0.53315988198993136 0.062640134529148003 0.45342419389032246 0.12263153695799595 59.898903008210418 -0.00057314172521880492 0.01154647156749714 0.018750000000000003 -0.17813706105212154 0.31799505948779999 -0.0052713374954902739
decision_type=10 10 10 10 10 10 8 10 10 10 8 10 10 10
left_child=6 2 3 -2 9 7 -1 8 -6 -5 11 -8 -7 -11
right_child=1 -3 -4 4 5 12 10 -9 -10 13 -12 -13 -14 -15
leaf_value=0.018426133824737859 -0.0057975741078956323 0.019425944459963731 -0.013193930412309141 -0.01506347001756958 0.01049868445595048 0.016755026723926005 -0.0089223958223744754 0.0043058355828384251 0.063161993821576223 0.025379476986733391 -0.017401418104195453 0.034421401397294035 -0.0049654461717996371 -0.010427636440262922
leaf_weight=2.1282360912300637 20.895177636761218 48.998388105072081 22.558699324261397 5.459535926114766 1.8468864555470643 23.265439017675821 9.1875346833839995 2.2040532575920224 2.9650613553822032 3.3623681450262666 58.57311045518145 1.1740899560973037 5.1348114428110412 1.9877203209325669
leaf_count=232 939 648 1664 431 93 315 1072 112 138 87 10412 77 102 63
internal_value=0.000905881 0.00849083 0.00236787 0.00771494 0.0138163 0.0184047 -0.0138084 0.0366923 0.0482334 -0.00150244 -0.0150529 -0.00141371 0.0127926 0.0125289
internal_weight=209.741 138.678 89.6798 67.1211 46.2259 35.4163 71.063 7.016 4.81195 10.8096 68.9347 10.3616 28.4003 5.35009
internal_count=16385 4592 3944 2280 1341 760 11793 343 231 581 11561 1149 417 150
is_linear=0
shrinkage=0.02


Tree=136
num_leaves=15
num_cat=0
split_feature=83 28 56 52 50 80 50 52 79 72 0 54 52 30
split_gain=54.9705 17.6912 17.0157 21.251 11.8203 9.98421 7.11972 7.39224 6.95806 6.43666 5.42086 6.82287 5.29298 5.13517
threshold=0.34717686644431922 0.10363300242329997 0.016743920256971207 -0.015564304083127921 0.093361142371923514 0.016750000000000004 0.077190977312929912 0.0022832039994195451 0.16185666919707728 0.12937534163949263 0.086453119786453134 0.0023288976987182988 0.021837290163669937 0.026700109581289568
decision_type=10 10 10 10 10 8 10 8 8 10 10 10 10 10
left_child=5 2 3 -2 9 8 -7 -8 10 -5 -1 12 -12 -4
right_child=1 -3 13 4 -6 6 7 -9 -10 -11 11 -13 -14 -15
leaf_value=-0.015883205080660334 0.020944512359366986 0.019149005298994996 0.0020559187548192027 -0.01757048585365403 0.0082731668681648406 -0.017703749102232314 0.025027917531220429 -0.009254456124866077 0.046933303521980316 -0.00059292276772225465 0.052672139821151119 -0.0052045292422028969 -0.0071352418497025762 0.022704471278022331
leaf_weight=3.7218506415374559 12.656019734684376 43.747663295362145 6.6853732028976109 27.820310723036528 14.45342035172507 56.413057736121118 2.4508764585480076 8.2859343211166543 0.48299229377880593 13.048206497449426 1.0306375846266744 3.1234758021309972 0.53390785166993726 18.463713655248284
leaf_count=532 329 657 179 1625 209 10746 53 872 29 667 71 260 46 245
internal_value=0.00124768 0.0088032 0.00379131 -0.00146205 -0.00686886 -0.0122898 -0.0149082 3.68055e-05 0.0069905 -0.0122936 -4.73598e-05 0.0131069 0.0374387 0.017504
internal_weight=212.917 136.875 93.127 67.978 55.3219 76.0427 67.1499 10.7368 8.89286 40.8685 8.40987 4.68802 1.56455 25.1491
internal_count=16520 3911 3254 2830 2501 12609 11671 925 938 2292 909 377 117 424
is_linear=0
shrinkage=0.02


Tree=137
num_leaves=15
num_cat=0
split_feature=84 50 80 87 26 69 84 70 17 67 54 82 6 63
split_gain=57.4938 18.3125 14.2143 13.1188 13.3724 9.89342 8.37198 8.37251 7.46866 6.77368 6.71997 5.55102 5.15614 4.59088
threshold=0.16065295708174115 0.080502658499407645 0.018750000000000003 0.074350469872857941 -0.077993513118960398 0.54711944939384416 0.081415560900700526 0.33719254741639304 0.081421656319057165 0.20848321342925663 0.032709612633216714 0.13516666666666668 39.511946588734766 0.16982413863822807
decision_type=10 10 8 10 10 10 10 10 10 8 10 10 10 10
left_child=2 3 6 4 -2 -6 9 -8 10 11 -7 -1 -12 -3
right_child=1 13 -4 -5 5 8 7 -9 -10 -11 12 -13 -14 -15
leaf_value=0.03250785761931143 0.027903817354573503 0.020195315380067802 -0.016772750387713503 0.020560355880329128 -0.013854661316875454 -0.015429275569709544 0.055866912041134906 -0.0092139285138407283 0.01275691312967272 -0.016100737759836451 -0.0085765144104355019 -0.0099754206314482362 0.0198206205730754 0.007631467266412964
leaf_weight=2.0248472704552092 4.697977715637534 46.762486729305238 58.763208321295679 12.160655878484247 23.683846930041909 10.725556694902481 1.3062518201768392 0.82700043497607101 15.155002393759785 4.9395208195783207 3.893190336879341 1.4503061450086532 4.6284676226787269 17.663846774958074
leaf_count=218 100 651 10723 152 1530 992 58 80 517 641 234 189 134 268
internal_value=0.00179913 0.00918546 -0.0129727 0.00240124 -0.00138321 -0.0041841 0.00781674 0.0357486 0.00267679 -0.00230939 -0.00549822 0.0165108 0.00730894 0.01692
internal_weight=208.682 139.371 69.3111 74.9447 62.784 58.0861 10.5479 2.13325 34.4022 8.41467 19.2472 3.47515 8.52166 64.4263
internal_count=16487 4578 11909 3659 3507 3407 1186 138 1877 1048 1360 407 368 919
is_linear=0
shrinkage=0.02


Tree=138
num_leaves=15
num_cat=0
split_feature=84 84 63 25 17 71 58 17 38 82 43 59 54 83
split_gain=54.6883 19.5498 15.6893 9.85828 13.6727 9.2608 8.62507 7.63203 9.34943 9.08954 7.40747 7.394 6.68463 5.62221
threshold=0.16065295708174115 0.63533142302484602 0.16202738817874829 0.38330031785984459 0.062640134529148003 0.24091919376446233 0.01154647156749714 0.075305641478862886 1.0000000180025095e-35 0.14316666666666669 -0.0042285270469832647 0.010141722070052921 -0.034069693828644422 0.40140161470413832
decision_type=10 10 10 10 10 10 10 10 10 10 10 10 10 10
left_child=7 2 3 4 6 13 -2 -1 9 10 -9 12 -4 -6
right_child=1 -3 11 -5 5 -7 -8 8 -10 -11 -12 -13 -14 -15
leaf_value=-0.018433890938411999 -0.018215895756869691 0.019373250487263748 0.022838181067349091 -0.0032776893361202908 0.048878243346726878 -0.0023554821610999089 0.014135964326408786 -0.011186558690346243 -0.015433939747851936 -0.0088932448162838545 0.037541688801539852 0.01204911029740678 -0.013662046244231049 0.020464649196009498
leaf_weight=46.690528485924006 6.5190274049527925 40.173048079013824 1.2617169735021914 18.001816916279495 3.2194418925792041 5.5078600826673201 4.9209655532613397 1.1593087748624382 11.716720171272753 4.9006456998176873 3.9089600923471171 5.6202953117899588 28.817836741451174 22.444174329284579
leaf_count=9288 614 570 41 839 152 244 171 121 1715 642 208 104 1544 313
internal_value=0.000530019 0.00783237 0.00286895 0.00901002 0.0141573 0.0208472 -0.00428194 -0.013949 -0.00390598 0.00981497 0.026389 -0.00751912 -0.0114454 0.0257285
internal_weight=204.862 136.486 96.3131 60.6133 42.6115 31.1715 11.44 68.3762 21.6856 9.96891 5.06827 35.6998 30.0796 25.6636
internal_count=16566 4592 4022 2333 1494 709 785 11974 2686 971 329 1689 1585 465
is_linear=0
shrinkage=0.02


Tree=139
num_leaves=15
num_cat=0
split_feature=50 42 52 84 18 52 80 9 58 49 84 63 69 54
split_gain=50.5193 25.4246 12.2806 11.8788 11.5504 7.69122 7.62786 8.0853 7.57173 6.1873 5.138 9.05977 5.97771 4.86322
threshold=0.071170989508299795 0.03985696498982446 0.069188659110083497 0.11355819632890639 -0.044107889121360981 -0.013706166703535081 0.019583333333333338 60.282193958664557 0.011892708258097398 -0.23159310691034715 0.55906922781986479 0.17029776596417953 0.47267036562811215 -0.0058700067874808961
decision_type=10 10 10 10 8 10 8 10 10 10 10 10 10 10
left_child=1 2 4 -2 5 -1 7 -6 -4 -9 11 12 -5 -13
right_child=3 -3 8 10 6 -7 -8 9 -10 -11 -12 13 -14 -15
leaf_value=0.030367281279008985 -0.0073095750737151187 0.01801017802791283 -0.0083748619481787932 -0.011003226414244418 -0.0060739591159388387 -0.0055726580752737502 -0.016763475109881659 -0.0073745472164172664 0.025202411463543257 0.05931236459119571 0.020381594521813432 0.015748168194370901 0.018343189802649932 -0.014205692485832446
leaf_weight=2.9335412909276783 9.9774111784063262 13.04173119086772 4.1693029408343119 2.4612691411748555 8.5890688789077085 5.4116893392056209 81.04538067849353 0.57100974023342133 5.0022927601821721 0.50824641622602829 38.716075122356415 2.0126854931004345 23.884919259231538 7.3857625308446568
leaf_count=44 1031 324 424 99 1063 241 11804 69 141 40 552 26 445 206
internal_value=0.000797236 -0.00745175 -0.0106567 0.0125932 -0.0127127 0.00895867 -0.0147823 0.00183989 0.0106158 0.0374519 0.0153216 0.00943546 0.0152995 -0.00689346
internal_weight=205.71 121.272 108.231 84.4381 99.0589 8.34523 90.7137 9.66833 9.1716 1.07926 74.4607 35.7446 26.3462 9.39845
internal_count=16509 14150 13826 2359 13261 285 12976 1172 565 109 1328 776 544 232
is_linear=0
shrinkage=0.02


Tree=140
num_leaves=15
num_cat=0
split_feature=83 50 32 10 19 53 56 60 34 18 30 18 61 83
split_gain=51.2316 23.7995 15.4721 10.6813 8.365 8.3532 7.49845 6.50969 6.77019 5.6001 7.28033 5.32444 5.102 9.06858
threshold=0.21353660901714708 0.061426131860846063 2.0816681711721688e-17 1.4418402506565591 -0.043601531555715133 0.028913273235733509 0.022623448196291539 0.48694173143499103 0.030747676198137303 -0.044107889121360981 -0.011988835914464613 -0.063037934170908597 0.33770062655566052 0.75631674416086081
decision_type=10 10 10 10 10 10 10 10 10 8 10 10 10 10
left_child=9 2 7 6 12 -6 11 8 -2 10 -1 -4 -3 -14
right_child=1 4 3 -5 5 -7 -8 -9 -10 -11 -12 -13 13 -15
leaf_value=0.02986249773722157 0.0025214967720839816 0.019182551165609869 0.011759381699647886 0.012567837348281437 -0.011165147994905304 0.018805874720426462 0.011249195723465933 -0.005610602888151993 0.032693083095071455 -0.016906509177678095 -0.013732047744428395 -0.017711179285888091 -0.019153099172087788 0.016031573589814559
leaf_weight=1.6816371800377963 5.103578475769611 56.476212393958122 1.9735577991232265 7.229063792154192 9.1191017525270563 4.881903064902871 3.9511659289710215 4.6719873831607392 6.7892911387607455 54.28743955725804 2.6521115270443261 32.170037468895316 3.5655665751546604 7.2649396322667599
leaf_count=27 418 894 27 211 373 89 105 397 300 10454 168 2828 96 89
internal_value=0.000420418 0.00686603 -0.00246741 -0.00849228 0.013914 -0.000157785 -0.012708 0.0135625 0.0209454 -0.0151756 0.00561133 -0.0157216 0.0168006 0.00380839
internal_weight=201.818 143.196 61.8887 45.3238 81.3077 14.001 38.0948 16.5649 11.8929 58.6212 4.33375 34.1436 67.3067 10.8305
internal_count=16476 5827 4286 3171 1541 462 2960 1115 718 10649 195 2855 1079 185
is_linear=0
shrinkage=0.02


Tree=141
num_leaves=15
num_cat=0
split_feature=50 28 38 58 18 83 72 84 18 2 19 21 30 83
split_gain=49.1203 31.1509 12.0044 11.3691 8.8638 7.24133 7.50964 6.92826 9.12033 7.61087 6.22682 5.83735 5.6264 5.4894
threshold=0.082798403532608728 0.11067063638378863 0.053513828676821237 0.0092887415954236736 -0.037566317916350116 0.7764904940749584 0.12866157115889801 0.49331293853825026 0.0079312057598791025 0.46454152908305824 -0.085882889932294024 0.038629735232412449 -0.0055482384229454873 0.26150631786038331
decision_type=10 10 10 10 8 10 10 10 8 10 10 8 10 10
left_child=1 2 4 -4 12 11 -7 8 9 -2 -10 -6 -1 -3
right_child=7 13 3 -5 5 6 -8 -9 10 -11 -12 -13 -14 -15
leaf_value=0.02065039966667449 0.021287840770781989 -0.0089687697025157883 -0.01603553920216361 0.019698774967035433 -0.017383726719955632 -0.015035242941868554 0.015810018781994804 0.020708912351455819 0.012975758312684611 -0.0039087864275346561 -0.018605516347339753 0.012978020980335972 -0.0080978166424421263 0.019969078423781143
leaf_weight=4.129788198042661 16.00213477853686 2.4593203919939723 4.676180033478885 8.8271904112771136 78.295115999877453 5.1213265061378461 5.5238009039312601 35.522014737129211 2.9154538703151065 6.2946984386071554 6.4145033345557749 1.9291146742179979 4.9694786258041841 17.783371817320585
leaf_count=69 365 275 712 345 12492 73 43 517 77 115 557 193 276 344
internal_value=0.000879324 -0.00612486 -0.0102136 0.00707167 -0.0125953 -0.0144697 0.000953685 0.0147121 0.00754842 0.014312 -0.00843611 -0.0165028 0.00570264 0.0161967
internal_weight=200.863 133.715 113.472 13.5034 99.9686 90.8694 10.6451 67.1488 31.6268 22.2968 9.32996 80.2242 9.09927 20.2427
internal_count=16453 14822 14203 1057 13146 12801 116 1631 1114 480 634 12685 345 619
is_linear=0
shrinkage=0.02


Tree=142
num_leaves=15
num_cat=0
split_feature=83 85 80 81 20 53 53 19 40 19 80 31 81 70
split_gain=47.8595 18.6368 14.9599 11.2262 10.1328 10.8179 10.4089 7.90749 6.54388 6.485 5.79195 8.1976 5.20806 4.729
threshold=0.34717686644431922 0.44386905409445288 0.046583333333333345 0.16158333333333336 0.11685201857608232 -0.058491280185165424 0.027570328075379891 -0.13381317182138161 0.015054552651924395 -0.027204211065703861 0.012750000000000003 -0.012789021812994914 0.21383333333333335 0.32017468217207062
decision_type=10 10 10 8 8 8 10 10 10 10 8 10 10 10
left_child=3 2 4 -1 5 9 7 -7 -8 -2 11 12 -5 -9
right_child=1 -3 -4 10 -6 6 8 13 -10 -11 -12 -13 -14 -15
leaf_value=0.015339824804564016 0.027465579584407623 0.018336386937260009 -0.011622048767062035 -0.007514520339320898 0.023978991777471582 0.016966492530297972 -0.0063105240327247869 -0.0019933489949574895 0.028890892218011437 -0.012703093038678632 -0.015864874835761517 -0.013514688653774752 0.050023714699774201 -0.017672253706575065
leaf_weight=4.7190769715234628 8.5274365264922363 45.686041237786412 21.230964112561196 0.58926355093717553 11.045097553636877 4.3443650798872033 2.66156646190211 16.531142221298079 5.5556393540464342 1.3227727855555702 61.562769446521997 2.6068288828246287 0.94897375581786036 13.883137771859763
leaf_count=497 132 655 1369 70 159 52 61 634 58 84 11667 285 58 700
internal_value=0.00103688 0.00817741 0.00257407 -0.0121525 0.00739932 0.00355168 -0.000932268 -0.0057969 0.0180415 0.0213978 -0.0143273 0.00715388 0.0337054 -0.00948499
internal_weight=201.215 130.788 85.1021 70.4269 63.8712 52.8261 42.9759 34.7586 8.21721 9.85021 65.7078 4.14507 1.53824 30.4143
internal_count=16481 3904 3249 12577 1880 1721 1505 1386 119 216 12080 413 128 1334
is_linear=0
shrinkage=0.02


Tree=143
num_leaves=15
num_cat=0
split_feature=84 85 63 56 55 28 17 38 18 2 52 51 26 62
split_gain=47.6282 19.469 13.1432 10.3552 9.72206 9.44626 8.22488 9.27502 9.09165 7.51232 6.81574 6.67899 6.29913 6.072
threshold=0.16065295708174115 0.44386905409445288 0.16111821540210289 0.012265628336082097 -0.043989820571147455 0.14710329537329203 0.079678081313325641 1.0000000180025095e-35 0.023297797386698463 0.38480769230769235 -0.042316132795677218 0.022613818440909209 -0.069850051311627456 0.2416910331384016
decision_type=10 10 10 10 10 10 10 10 10 10 10 8 10 8
left_child=6 2 3 4 -2 11 -1 8 9 -8 -4 -6 -12 -5
right_child=1 -3 10 13 5 -7 7 -9 -10 -11 12 -13 -14 -15
leaf_value=-0.017922139222071188 0.020967810328985283 0.018048457374703987 0.025104234247375908 0.027823832544685154 -0.014953617011682191 0.02136461662441896 0.034723977842706734 -0.014418471434171035 -0.014750450736503969 -0.011581103509840632 0.016995726748365424 0.0048265782922460266 -0.012029629069453275 -0.0056938596911729035
leaf_weight=44.662965326569974 8.1164976921863801 45.426539222709835 1.4883851236663748 11.688430937472727 16.058230592869229 4.5958645557984701 4.7862218734808284 10.312657872680573 2.7178089851513505 1.3047137339599428 2.4250940768979481 10.739788126200439 31.099725353065878 2.2400961783714601
leaf_count=9503 214 660 22 249 1396 54 256 1567 469 138 59 235 1645 91
internal_value=0.000791495 0.00755746 0.00202804 0.00820882 0.00277181 -0.00243459 -0.0133072 -0.00217286 0.0121718 0.0245707 -0.00737137 -0.00713789 -0.00949855 0.0224129
internal_weight=197.663 133.879 88.4521 53.4389 39.5104 31.3939 63.7844 19.1214 8.80874 6.09094 35.0132 26.798 33.5248 13.9285
internal_count=16558 4625 3965 2239 1899 1685 11933 2430 863 394 1726 1631 1704 340
is_linear=0
shrinkage=0.02


Tree=144
num_leaves=15
num_cat=0
split_feature=83 50 22 53 19 58 80 57 80 84 53 61 83 53
split_gain=47.0576 20.7756 14.9856 10.7053 8.85228 7.95837 7.38312 6.53749 5.82277 5.29285 8.78978 5.56235 5.48522 5.18476
threshold=0.21353660901714708 0.071170989508299795 0.02220523828706357 0.030565564001323809 -0.093391065770585216 0.0084326926468543967 0.012750000000000003 -0.0093458256006701962 0.018750000000000003 0.52217112818946532 -0.038706292763387606 0.22009058193268724 0.42868399448860722 -0.043103857103421329
decision_type=10 10 10 10 10 10 8 10 8 10 8 10 8 10
left_child=6 2 5 4 13 7 -1 -2 -7 10 12 -12 -3 -4
right_child=1 9 3 -5 -6 8 -8 -9 -10 -11 11 -13 -14 -15
leaf_value=0.008569594240255593 0.022960660482614609 0.040925121555874057 0.02143422293086187 0.023106162833685658 -0.014279128855986922 0.048898954945150806 -0.016457014368789363 -0.012127876321208073 0.014292520811141929 0.020386519852364168 0.015315890555017459 -0.0059683956997737906 0.010502489340354032 -0.0046056700935986749
leaf_weight=4.5765299834311 1.9898853562772272 3.3306094473227832 4.0292661660350859 3.5344972941093138 33.628655842505395 1.8391390005126567 50.829115932341665 6.3767022648826259 11.773947927169502 36.304496485739946 6.2058203718625071 14.438811089377849 7.5463662482798108 7.1110228653997165
leaf_count=489 113 69 78 83 2816 38 10147 683 554 545 127 358 96 209
internal_value=0.00114074 0.00738308 -0.000261796 -0.00647522 -0.00926448 0.0130806 -0.0142745 -0.00222215 0.0219942 0.0151936 0.00876978 0.000841716 0.0224795 0.00580231
internal_weight=193.515 138.109 70.2831 48.3034 44.7689 21.9797 55.4056 8.36659 13.6131 67.8261 31.5216 20.6446 10.877 11.1403
internal_count=16405 5769 4574 3186 3103 1388 10636 796 592 1195 650 485 165 287
is_linear=0
shrinkage=0.02


Tree=145
num_leaves=15
num_cat=0
split_feature=87 19 56 59 23 43 33 15 18 74 69 85 42 14
split_gain=44.992 17.9872 13.0729 13.0708 10.1211 6.37631 7.56096 6.06471 5.41537 5.32302 5.13202 4.98365 4.84572 4.95181
threshold=0.043961352657004842 -0.1201997872461376 0.01121752311713981 0.0090544910159062932 764.08730158730179 -0.0020414370569537253 -0.0076040572878109452 -0.0020856907780038253 -0.03128876662469162 0.7544076708939067 0.59097275273745875 0.44386905409445288 0.03985696498982446 0.12289962699820305
decision_type=10 8 10 10 8 10 8 10 8 8 10 10 10 10
left_child=1 7 4 8 9 -6 -7 -1 -4 12 -5 -2 13 -3
right_child=11 2 3 10 5 6 -8 -9 -10 -11 -12 -13 -14 -15
leaf_value=-0.0050985377128024761 0.007620412885795189 -0.016194788203827356 0.016600076953657256 0.0057630757465837066 -0.011888481455315434 0.05138002571231641 -0.0043236758523948031 0.020162821968379544 -0.0078723918247778739 0.030038309498157001 0.045608149772849375 0.020151442147532027 0.006346918360309272 0.011024055708267514
leaf_weight=4.8762979139573899 22.696055762004107 77.86261651199311 3.4604903040453792 2.5894107865169635 1.7054200051352379 1.397401337046176 1.4011850738897913 12.060141678433864 18.683348800521351 0.1961083160713305 2.4710483537055552 34.281259670853615 3.8167584217153481 2.1053696405142537
leaf_count=160 270 12205 102 57 214 64 146 206 2229 19 43 549 185 105
internal_value=0.000667349 -0.00572004 -0.00855017 0.00347761 -0.0122456 0.0146499 0.0296944 0.0130109 -0.00349599 -0.0138435 0.0295347 0.0153774 -0.0142992 -0.0153509
internal_weight=189.603 132.626 115.689 27.2043 88.4849 4.50401 2.79859 16.9364 22.1438 83.9809 5.06046 56.9773 83.7847 79.968
internal_count=16554 15735 15369 2431 12938 424 210 366 2331 12514 100 819 12495 12310
is_linear=0
shrinkage=0.02


Tree=146
num_leaves=15
num_cat=0
split_feature=83 50 28 52 51 82 47 52 50 39 51 68 51 42
split_gain=44.1984 17.4362 10.6181 8.48818 8.46005 7.79054 8.05824 6.07458 7.78456 6.09813 5.81852 6.02997 5.78369 5.50622
threshold=0.73045416186379353 0.080502658499407645 0.13250880501063098 0.0026757946660536662 -0.032140254922406207 0.13416666666666668 -0.0086558485776588607 -0.017710132835875022 0.0093207521394544929 0.019232541656651177 -0.018450094191937463 0.75173213857108578 0.064526605458248232 0.049855611265032344
decision_type=10 10 10 8 10 8 10 8 10 10 10 10 10 10
left_child=1 2 5 -3 13 6 -1 8 -7 -9 -8 -12 -5 -2
right_child=4 3 -4 12 -6 7 10 9 -10 -11 11 -13 -14 -15
leaf_value=-0.011680600304116578 -0.015025080622609996 0.026750082608980069 0.012622740236027287 -0.0044266385256191525 0.016348309705282515 -0.013501430454774359 -0.0042972753496848953 -0.018899298193652818 0.022354866844456575 0.0041505301850733763 0.002069989903929083 0.048138482920918428 0.01671191999990617 0.017764816410574445
leaf_weight=9.4564687183592486 5.6664706114679566 5.6430931487120688 6.5556230801157644 18.560102250427015 57.697519664652646 5.0087474421597999 3.3544858179520816 59.691951168235391 3.059531981125474 4.6155945654027155 2.0815219036303456 1.7801401433534918 6.0470884675160042 2.0078801531344652
leaf_count=1481 87 90 213 1066 793 973 532 10083 242 623 167 137 77 19
internal_value=0.000532666 -0.00638908 -0.0105521 0.00668436 0.013754 -0.0123794 -3.62034e-05 -0.0151835 0.00106124 -0.0172067 0.0147877 0.02884 0.00121782 -0.00538713
internal_weight=191.226 125.854 95.6041 30.2503 65.3719 89.0484 16.6726 72.3758 8.06828 64.3075 7.21615 3.86166 24.6072 7.67435
internal_count=16583 15684 14451 1233 899 14238 2317 11921 1215 10706 836 304 1143 106
is_linear=0
shrinkage=0.02


Tree=147
num_leaves=15
num_cat=0
split_feature=85 42 60 19 1 1 52 82 22 14 19 61 60 85
split_gain=43.4705 16.202 16.6139 14.5388 10.7641 10.437 13.1856 9.76191 7.31077 6.85076 5.83555 5.63829 5.56303 5.20212
threshold=0.12887691962611467 0.055778783027266625 0.43800562594038256 -0.081631905195453033 0.30931543425053781 0.35493414773811799 -0.013706166703535081 0.095166666666666691 2.0816681711721688e-17 -0.00063174711839303333 -0.044726165980613956 0.21009730906580645 0.46468603286384985 0.53304337667999713
decision_type=10 10 10 10 10 10 8 8 8 10 10 8 10 10
left_child=5 2 4 9 8 7 10 11 -2 -4 -7 -1 -8 -5
right_child=1 -3 3 13 -6 6 12 -9 -10 -11 -12 -13 -14 -15
leaf_value=0.041903476881486372 0.017831996095493081 0.022774953918487679 -0.0067494501994250543 -0.016419974898585748 0.018778763571816813 0.046945803390315587 0.0067150938467560439 -0.017822006888870492 -0.0076441710544666551 0.016375054067716346 -0.0081024561255477953 -0.0098442159786198743 -0.017872299051813412 0.01030749225091049
leaf_weight=0.91795688867568848 5.4832845362834632 23.444169644732028 7.2405606787651804 24.150526898214597 33.786098540294915 2.1551635428331797 6.0896381917409581 49.461671874159947 13.770891240099447 13.459775847848503 0.67349350708536793 0.9535042210482062 6.9653780905064195 2.6144969984889022
leaf_count=115 171 367 174 1584 643 62 577 10478 748 245 123 160 1055 31
internal_value=0.00114338 0.00814807 0.00454541 -0.0040143 0.012138 -0.0117036 0.00235791 -0.0160164 0.000133241 0.00834827 0.0351461 0.0212917 -0.00674151 -0.0135319
internal_weight=191.167 123.95 100.506 47.4654 53.0403 67.2168 15.8837 51.3331 19.2542 20.7003 2.82866 1.87146 13.055 26.765
internal_count=16533 3963 3596 2034 1562 12570 1817 10753 919 419 185 275 1632 1615
is_linear=0
shrinkage=0.02


Tree=148
num_leaves=15
num_cat=0
split_feature=87 53 57 17 24 85 63 70 26 71 23 38 74 2
split_gain=42.1314 16.8284 12.5778 12.3803 9.48423 8.76085 9.48642 8.75109 6.4908 6.25722 4.98882 4.35362 4.3188 4.14213
threshold=0.031754032258064523 -0.062235359661856136 0.0071043884494467599 0.082675697508233406 0.55000000000000016 0.44386905409445288 0.16111821540210289 0.32449074481319984 -0.077993513118960398 0.16050521616327276 655.64111777777782 -0.0032820674479776333 0.49526795044036426 0.085236118318630011
decision_type=10 8 10 10 8 10 10 8 10 10 10 8 10 10
left_child=1 3 4 13 8 6 12 -5 10 -4 -3 -6 -2 -1
right_child=5 2 9 7 11 -7 -8 -9 -10 -11 -12 -13 -14 -15
leaf_value=0.022868210314969013 0.00044009337176707032 -0.0055811774535108995 0.03455370986552489 0.043710282585254785 0.032396621004319566 0.01915944746836681 -0.008729314531186725 0.0031879148811542876 -0.014480628227625145 -0.0012885275658658078 0.033679496926727108 -0.001601134385080325 0.018637027569876907 -0.016627171794441099
leaf_weight=0.39839418372139235 7.9319469793699708 2.8216936879325654 2.5377110913395873 4.4032419042196098 1.6384677337482569 35.914622221142054 12.259587911423294 3.7999484403990218 86.23973338259384 4.1834841212257743 1.0825706454925237 3.3062570916954419 14.524399300571529 4.6099699810147285
leaf_count=73 123 178 116 93 65 584 182 254 13208 252 36 210 196 865
internal_value=0.000292656 -0.00715515 -0.00992444 0.0133821 -0.0118213 0.0123519 0.00497012 0.0273252 -0.0133248 0.0149669 0.00995264 0.0132189 0.0125024 -0.0102023
internal_weight=185.652 115.021 101.81 13.2116 95.0887 70.6306 34.7159 8.20319 90.144 6.7212 3.90426 4.94472 22.4563 5.00836
internal_count=16435 15350 14065 1285 13697 1085 501 347 13422 368 214 275 319 938
is_linear=0
shrinkage=0.02


Tree=149
num_leaves=15
num_cat=0
split_feature=17 60 59 83 53 42 61 38 53 85 53 49 42 6
split_gain=39.9989 19.6923 16.9887 11.8348 7.49087 10.8434 9.21228 7.08705 7.43551 6.42513 6.20445 5.91695 5.67127 5.05373
threshold=0.075305641478862886 0.50100402011265999 0.0062334897772873448 0.83283295175689331 -0.040259675451597247 0.045226870039036637 0.24124871910627657 0.058484249047649726 -0.046912204511976648 0.30852157981546147 -0.018556780390918206 -0.53396561534601805 0.065803263979472545 185.18761274911279
decision_type=10 10 10 10 10 10 10 8 10 10 10 10 10 10
left_child=2 4 13 7 11 6 -6 8 -3 -8 -4 -2 -10 -1
right_child=1 3 10 -5 5 -7 9 -9 12 -11 -12 -13 -14 -15
leaf_value=-0.016724807938815922 0.007261659850336737 0.0053027472131867669 -0.0090336948103363086 0.016431161542155463 0.01646943187527837 0.023475471833438791 -0.011083510201166604 0.019653444058802438 -0.017885735039938143 0.0094788241048015739 0.027705186140915276 0.029263586252771687 0.01535408317561654 0.0075851154898843708
leaf_weight=53.050988256698474 7.8270975579507676 8.7700049884151614 2.1329133920371532 9.489102956838904 12.889567422913386 14.436289444565771 15.934017437277364 2.5873344442807129 24.049542800989009 8.562640870921312 4.666523106629028 17.087449673563242 1.4856330431066442 3.0973336475435636
leaf_count=10088 292 469 236 135 524 247 1324 132 1912 113 195 469 30 304
internal_value=0.00121912 0.00783347 -0.011638 -0.00243144 0.0139893 0.00935362 0.00343111 -0.00758866 -0.0101418 -0.00380622 0.0164999 0.0228985 -0.0154461 -0.0152745
internal_weight=186.066 123.119 62.9478 46.3816 76.7371 51.8225 37.3862 36.8925 34.3052 24.4967 6.79944 24.9145 25.5352 56.1483
internal_count=16470 5647 10823 2678 2969 2208 1961 2543 2411 1437 431 761 1942 10392
is_linear=0
shrinkage=0.02


Tree=150
num_leaves=15
num_cat=0
split_feature=50 87 52 56 52 81 42 27 50 17 59 81 2 83
split_gain=36.6623 19.2516 12.9794 12.6925 9.41327 9.39458 8.87019 8.38131 8.3635 7.50459 9.21865 5.71974 5.26423 6.33725
threshold=0.080502658499407645 0.085960591133004943 -0.037624665345029687 0.014855424538373999 0.030033566005159291 0.14658333333333337 0.022586943803311835 -0.10313903451956431 -0.011025593043763283 0.090713166144200649 0.0058805061585961741 0.20016666666666669 0.28598691384950931 0.71235339665572284
decision_type=10 10 8 10 10 8 10 10 10 10 10 10 10 10
left_child=1 2 8 5 -5 -4 -7 -8 -1 10 -2 -6 -11 -14
right_child=9 -3 3 4 11 6 7 -9 -10 12 -12 -13 13 -15
leaf_value=-0.011497835235530973 -0.014915889153532057 0.021225955997393704 0.026362734438737771 -0.01322980594776578 -0.011790580889756876 -0.016625569350134307 0.017161733160362479 -0.010882564173073135 0.040704279137012675 0.026100482312156673 0.0223612083925885 0.021052895131692759 0.0015473430999164079 0.017913107341312958
leaf_weight=1.3261413932777943 6.9748994191177172 8.8379463590681535 1.5254409327171732 6.2135819420218494 1.9318256827536959 69.630534718045965 5.9132582510355887 10.118108212249352 2.5491917943581939 14.49051353195682 2.9879274386912584 10.189511822070925 15.671455128584055 23.707173941656947
leaf_count=255 596 124 144 683 148 11497 139 1007 98 224 80 461 460 373
internal_value=0.000901177 -0.00568567 -0.00803237 -0.00942973 0.00546004 -0.0125874 -0.0135772 -0.000137983 0.0241464 0.0130015 -0.00271626 0.0153188 0.0159049 0.0115997
internal_weight=182.068 118.236 109.398 105.522 18.3349 87.1873 85.6619 16.0314 3.87533 63.832 9.96283 12.1213 53.8691 39.3786
internal_count=16289 14556 14432 14079 1292 12787 12643 1146 353 1733 676 609 1057 833
is_linear=0
shrinkage=0.02


Tree=151
num_leaves=15
num_cat=0
split_feature=84 60 80 19 4 59 53 72 51 60 83 40 62 83
split_gain=40.9256 14.8954 12.0482 11.4471 10.6492 10.7547 7.52494 6.99567 6.71077 5.64411 5.35552 5.05034 4.6725 4.43243
threshold=0.17168351821652669 0.47268855876287746 0.012750000000000003 -0.084382445983112384 0.026007846320346324 0.0028345469880392492 -0.042249373478503813 0.12751066612877596 0.077212457388748199 0.6299453394013822 0.51720347833918956 -0.0011071384165191797 0.12263153695799595 0.83283295175689331
decision_type=10 10 8 10 10 10 10 10 10 10 10 10 8 10
left_child=2 4 6 9 5 -2 11 -5 12 -3 -6 -1 -4 -11
right_child=1 3 8 7 10 -7 -8 -9 -10 13 -12 -13 -14 -15
leaf_value=-0.0066566483983850865 -0.0025223023161158589 0.016953914375100104 0.011947086448879785 -0.016687548093089047 0.040916644150767283 0.018043689758715765 -0.0032949520355321461 0.005352061047493333 0.016060683520301836 -0.014061333767300595 0.017273485812359074 0.053188733896296539 -0.01736972864391291 0.015612982860813834
leaf_weight=0.48598091024905432 23.767983709694818 13.448252119356768 1.5997215455863614 17.422911752248186 4.4436315223574629 16.509744626702741 3.6395713784731916 7.8018737635575226 1.9227630095556367 4.9343429664149872 29.930796733591706 1.215630763210356 51.771740943193436 2.0920260474085808
leaf_count=48 1360 266 236 1162 148 323 366 353 24 131 465 95 11437 25
internal_value=0.00117582 0.00791046 -0.0121028 -0.00108223 0.013357 0.00614055 0.0146136 -0.00992668 -0.0148973 0.00976899 0.0214001 0.0399595 -0.0162874 -0.00438169
internal_weight=180.987 120.352 60.6354 45.6994 74.6522 40.2777 5.34118 25.2248 55.2942 20.4746 34.3744 1.70161 53.3715 7.02637
internal_count=16439 4233 12206 1937 2296 1683 509 1515 11697 422 613 143 11673 156
is_linear=0
shrinkage=0.02


Tree=152
num_leaves=15
num_cat=0
split_feature=84 18 80 1 60 60 80 20 9 79 53 53 61 35
split_gain=40.9434 19.4035 13.3686 8.77014 13.0704 6.81138 6.4522 6.43368 5.9295 4.85012 4.33955 4.32241 7.60833 5.74875
threshold=0.52217112818946532 0.024504593044513915 0.04158333333333334 0.27925002925002929 0.51974350978404937 0.6373603047311206 0.018750000000000003 0.13311785969927722 32.087480102487199 0.099274227880544089 -0.064030078326181794 -0.037309959761778193 0.22685605296766823 -0.0060415038471481599
decision_type=10 8 10 10 10 10 10 8 10 10 10 10 10 10
left_child=1 2 3 6 11 -2 8 -3 -1 -4 -6 -5 -13 -14
right_child=5 7 9 4 10 -7 -8 -9 -10 -11 -12 12 13 -15
leaf_value=-0.0072937962536092507 0.018442726432774729 -0.016585751251551185 -0.015786262068378229 0.02610125458655595 0.014163930310270483 -0.001378890216378418 -0.014392883143636601 0.0093729553767038041 0.036161565798202844 0.017748247105553738 -0.013791467059823053 0.024512510071919884 -0.0074648344407033445 0.022118069706749087
leaf_weight=2.1141615244559939 42.997422188520432 49.973498087376356 18.173967848997567 11.7237931874115 1.9827798220794637 8.0737632540985924 11.209655425511299 3.5010803590994319 1.3532539268489925 1.0736517172772426 8.9749067439697665 7.6133765927515986 9.5412974853534234 2.4999831633176646
leaf_count=308 682 9038 2195 381 63 93 1723 168 60 126 649 361 585 127
internal_value=0.00034702 -0.00562839 0.000872565 0.00574519 0.0103065 0.0153429 -0.00723023 -0.0147453 0.0139641 -0.0131315 -0.0079715 0.0167385 0.0101604 -9.78561e-05
internal_weight=180.807 129.735 76.2608 57.0132 42.3361 51.0712 14.6771 53.4746 3.46742 19.2476 10.9577 31.3785 19.6547 12.0413
internal_count=16559 15784 6578 4257 2166 775 2091 9206 368 2321 712 1454 1073 712
is_linear=0
shrinkage=0.02


Tree=153
num_leaves=15
num_cat=0
split_feature=84 87 50 28 53 53 63 81 41 50 79 16 6 6
split_gain=36.3484 16.3384 13.7503 12.4522 10.2825 11.0425 7.57608 7.3961 6.26237 5.11502 4.7888 4.5634 4.50399 4.45317
threshold=0.16065295708174115 0.083920187793427234 0.081573820389471405 0.11368390533614857 0.028913273235733509 -0.058491280185165424 0.16982413863822807 0.15958333333333338 0.015498068334854769 0.085440221317283765 0.21265381961034133 -0.0071262583158853412 456.15207228116719 25.889690982776091
decision_type=10 10 10 10 8 10 10 8 10 10 10 10 10 10
left_child=7 2 3 4 5 11 -4 -1 -7 10 12 -2 -9 -5
right_child=1 -3 6 13 -6 8 -8 9 -10 -11 -12 -13 -14 -15
leaf_value=0.013326121399449969 0.023524816141336655 0.020305925839451514 0.017867243849181508 -0.010512045491012098 0.017036625307246599 -0.016759458744889547 -0.0031237820570414404 -0.018669405886454875 0.010856832003897457 0.0005649291960684548 0.022019968575360573 -0.0069507649945779425 0.019717103026695357 0.020006099793669956
leaf_weight=3.3320301088970146 4.0053539271466434 25.861044406890869 25.777464224025607 1.6688630674034346 5.2810590155422679 35.894979770062491 8.8948957449756545 44.979216690175235 2.9300893002655348 7.6340850871056309 0.42596724512986739 2.632744727889075 0.48045354499481518 9.7433280698023719
leaf_count=401 137 430 413 49 139 2760 154 10648 120 669 92 164 28 217
internal_value=0.000379268 0.00649755 0.00263974 -0.00299711 -0.00726968 -0.010399 0.0125456 -0.0127085 -0.014455 -0.014544 -0.0170162 0.0121103 -0.017848 0.0150559
internal_weight=179.542 122.69 96.8288 62.1564 50.7442 45.4632 34.6724 56.8518 38.8251 53.5197 45.8856 6.6381 45.4597 11.4122
internal_count=16421 4583 4153 3586 3320 3181 567 11838 2880 11437 10768 301 10676 266
is_linear=0
shrinkage=0.02


Tree=154
num_leaves=15
num_cat=0
split_feature=83 60 42 15 0 80 80 35 53 48 2 84 14 0
split_gain=36.974 15.7403 13.9786 12.0833 9.84411 8.97271 7.99776 6.47832 6.01159 6.42539 5.73613 5.37052 5.59257 5.25508
threshold=0.21353660901714708 0.41658480681074012 0.045226870039036637 0.046052185025204827 0.095328971283169764 0.012750000000000003 0.018750000000000003 -1.0000000180025095e-35 0.025570413999070261 2.7726296842653215 0.39840574186991878 0.41143348814715919 -0.050327068177272442 0.086453119786453134
decision_type=10 10 10 10 10 8 10 10 10 10 10 10 10 10
left_child=5 4 3 8 6 7 -2 10 9 -3 13 12 -8 -1
right_child=1 2 -4 -5 -6 -7 11 -9 -10 -11 -12 -13 -14 -15
leaf_value=-0.0066764836139731609 0.037770309792630526 -0.015824833425651809 0.019011091443028982 0.016503829602194545 0.018469407441890368 -0.016022822041598935 0.019136563064668825 -0.013270351339622146 0.0072524583278572429 0.0057179317903734133 -0.009382610426049362 0.013605809829781804 -0.015424166479065566 0.053609451806317002
leaf_weight=0.49473379552364383 1.0918120010755981 30.215506115462631 11.321874659508465 8.0768538494594377 47.383830646984279 44.491975259501487 1.3507687859237218 1.9130349634215225 7.0468195450957856 6.1925183320417991 0.84559383243322361 4.2881115349009624 10.661844708491115 1.424324747174978
leaf_count=73 32 2289 224 122 1083 10095 87 265 160 197 75 48 1585 74
internal_value=0.00131808 0.00699099 -0.000163491 -0.00465798 0.01383 -0.013253 0.00087366 0.0112746 -0.00887405 -0.0121058 0.0272723 -0.00363797 -0.010366 0.0411047
internal_weight=176.8 127.63 62.8536 51.5317 64.7764 49.1697 17.3925 4.67769 43.4548 36.408 2.76465 16.3007 12.0126 1.91906
internal_count=16409 5827 2992 2768 2835 10582 1752 487 2646 2486 222 1720 1672 147
is_linear=0
shrinkage=0.02


Tree=155
num_leaves=15
num_cat=0
split_feature=84 60 19 17 56 42 60 84 20 78 8 51 84 52
split_gain=41.5508 17.3245 14.9603 14.3945 9.80014 7.15356 7.10691 6.6958 6.43202 5.23045 4.56933 4.45997 4.08581 3.27788
threshold=0.16065295708174115 0.43800562594038256 -0.081631905195453033 0.061752228418895092 0.01713341890952132 0.055778783027266625 0.6299453394013822 0.68861456942433563 0.15588761521334663 0.025421059008845257 0.95937595434832212 0.060361246282284335 0.0032249590147310964 -0.021900505289448018
decision_type=10 10 10 10 8 10 10 10 8 8 10 10 10 10
left_child=8 3 6 4 10 7 -3 -4 11 -10 -2 12 -1 -14
right_child=1 2 5 -5 -6 -7 -8 -9 9 -11 -12 -13 13 -15
leaf_value=0.017071279488990915 -0.017871529403332514 0.015311145661114521 -0.017948612420737243 0.018461434396861476 0.020738617525161433 0.014320893748390118 -0.0068435577100175284 0.012869026238657771 0.031990238428521882 -0.011733829813886222 0.017830435312242439 0.0054647399429899593 -0.0008210498603040703 -0.019677876334554981
leaf_weight=0.60765875387005408 9.6877943235449457 19.079152488615367 23.860690239118419 50.004075995413586 3.6509106110315761 3.0724958986975244 7.4619319089688352 2.4629828296601763 1.2975134640000749 1.3425819312687965 0.84017527615651566 3.2243667030706993 4.1090947536285958 44.564152699196711
leaf_count=94 943 381 1737 1159 82 53 175 31 70 154 11 73 886 10706
internal_value=-0.000103237 0.00648994 -0.00164748 0.0134984 -0.00406767 -0.0112951 0.0090601 -0.0146997 -0.0143246 0.0126399 -0.0137228 -0.0158913 -0.0173695 -0.0181345
internal_weight=175.266 120.12 55.9373 64.183 14.1789 29.3962 26.5411 26.3237 55.1454 2.6401 10.528 52.5053 49.2809 48.6732
internal_count=16555 4572 2377 2195 1036 1821 556 1768 11983 224 954 11759 11686 11592
is_linear=0
shrinkage=0.02


Tree=156
num_leaves=15
num_cat=0
split_feature=83 19 30 28 60 39 59 54 83 87 21 58 79 49
split_gain=33.6708 17.8094 12.8855 12.4253 9.51814 9.50826 9.26976 6.7641 6.40876 5.9239 5.8798 5.12531 4.84392 4.59893
threshold=0.7764904940749584 -0.041393998613579501 -0.0029020071466049516 0.13949964572734627 0.50100402011265999 0.019232541656651177 0.0090544910159062932 -0.022321956025100814 0.31129972147782975 0.035401002506265669 1.0000000180025095e-35 0.0018843289843813729 0.21265381961034133 -0.32980756649666282
decision_type=10 8 10 8 10 10 10 10 10 10 8 10 10 10
left_child=1 2 4 6 13 10 7 -4 -7 -2 12 -12 -3 -1
right_child=9 5 3 -5 -6 8 -8 -9 -10 -11 11 -13 -14 -15
leaf_value=0.010181136418387979 0.001565986554522607 -0.017475516352520853 0.013440632164828896 0.018709847807197179 -0.0071477167744200543 -0.012876826379596596 0.014927024353673863 -0.016017627231796016 0.028051345745318139 0.018208593846954176 -0.01249249015900843 0.028347372861300468 0.022816496630842967 0.032356092204701759
leaf_weight=9.0590878492221272 11.249544440302996 51.223450969439 2.7342165310401496 6.8806718550622454 5.7011936048511407 1.785119890468194 4.7059600066859266 28.005259570665658 2.83112090267241 37.579945920035243 1.5970715489238494 1.4896049892995504 0.39932275703176756 7.596492597600446
leaf_count=525 127 9897 170 137 360 444 146 3170 87 633 215 110 81 344
internal_value=0.00058432 -0.0049604 0.00229706 -0.00419576 0.0142427 -0.0127801 -0.00903356 -0.0130565 0.0127496 0.0144828 -0.0151244 0.00933029 -0.0167362 0.0215548
internal_weight=172.838 124.009 64.6829 42.3261 22.3568 59.3257 35.4454 30.7395 4.61624 48.8295 54.7095 3.08668 51.6228 16.6556
internal_count=16446 15686 4852 3623 1229 10834 3486 3340 531 760 10303 325 9978 869
is_linear=0
shrinkage=0.02


Tree=157
num_leaves=15
num_cat=0
split_feature=50 20 56 53 51 59 18 85 74 81 39 26 39 19
split_gain=35.299 19.4626 12.9411 14.8825 10.567 8.43897 6.2082 7.17985 5.54612 4.75406 4.74901 4.40634 4.28463 4.05497
threshold=0.082798403532608728 0.14893788507570105 0.014855424538373999 -0.064030078326181794 -0.030868066051745326 0.004462128232386565 0.0097150480089826536 0.33933776801843468 0.7544076708939067 0.34358333333333341 -0.030703952382787239 -0.077993513118960398 0.02007964937335999 -0.099004402275474038
decision_type=10 8 10 10 10 10 10 10 10 10 8 10 10 10
left_child=1 2 3 4 -1 12 -2 13 9 11 -11 -5 -4 -8
right_child=6 -3 5 8 -6 -7 7 -9 -10 10 -12 -13 -14 -15
leaf_value=-0.0077573634462112942 0.017103579448576184 0.017502762385711201 -0.0091016190881310789 0.0048010462092853909 0.030575941273159071 0.022325620639202612 0.011419957774995691 0.014359339820789258 0.029876957307487764 0.025844047970344321 -0.012960611098561264 -0.017758531469846 0.017703765824411664 -0.018409840512513806
leaf_weight=5.6050263019278646 41.236544986953959 11.721924504730849 10.844692946411671 3.2473002993501714 4.3011722306255233 6.686089538736268 1.7203766412567336 8.2416219851002079 0.19888887787237663 1.4354437035508452 1.7213874803856009 68.553410060936585 2.0180428870953611 5.8414895830210298
leaf_count=893 891 395 1118 191 163 174 45 127 19 64 312 11516 75 574
internal_value=0.000342207 -0.00597054 -0.0087416 -0.0120893 0.010164 0.00570454 0.0130981 0.00225069 -0.0151174 -0.0156285 0.00665672 -0.0166863 -0.0039224 -0.0110822
internal_weight=173.373 116.333 104.611 85.0626 9.9062 19.5488 57.04 15.8035 75.1564 74.9575 3.15683 71.8007 12.8627 7.56187
internal_count=16557 14920 14525 13158 1056 1367 1637 746 12102 12083 376 11707 1193 619
is_linear=0
shrinkage=0.02


Tree=158
num_leaves=15
num_cat=0
split_feature=83 87 51 81 32 19 23 52 81 43 47 45 53 52
split_gain=34.0084 13.6736 11.8402 9.10829 7.58889 8.04973 6.59681 5.96216 5.81703 6.42936 5.46443 5.87483 5.44175 4.71124
threshold=0.34717686644431922 0.083920187793427234 0.03284953253341031 0.15958333333333338 1.0408340855860844e-17 -0.12483183079178171 655.64111777777782 0.049552977143234665 0.22541666666666668 -0.0022272511516887739 -0.0084277703914020993 -0.01349148158255682 -0.027146279824939373 0.057439404139072676
decision_type=10 10 8 8 10 10 8 10 10 10 10 10 8 10
left_child=3 2 4 10 -2 -6 -5 -7 -8 -10 -1 -12 -4 -14
right_child=1 -3 12 6 5 7 8 -9 9 -11 11 -13 13 -15
leaf_value=-0.0051902015433932646 0.010353683334749255 0.019920997118831968 0.023257370824844706 -0.015708618893843361 0.012819460438220683 -0.014342664252815098 -0.012832872170039549 0.0024552455330952546 -0.0090402857421090482 0.048891937813422541 0.054250714976260765 -0.0063071829499367809 -0.0069124277947170418 0.014213746213494406
leaf_weight=2.2726303334347908 14.602579820668323 24.535709235817194 12.300703579094259 50.600075246300548 6.9524966767057768 27.066981991520151 1.7070167362689965 11.719797808211295 0.81034532864578057 1.0042462171986697 0.8728698194026947 0.68877060920931288 6.577451060293245 8.8480863296426815
leaf_count=302 593 437 172 11715 94 1908 235 391 153 101 77 79 147 131
internal_value=0.000630042 0.00702267 0.00324589 -0.0116988 -0.00175792 -0.00576343 -0.0138544 -0.00933288 0.0103695 0.0290008 0.0153007 0.0355058 0.013818 0.00533314
internal_weight=170.56 112.604 88.0681 57.956 60.3419 45.7393 54.1217 38.7868 3.52161 1.81459 3.83427 1.56164 27.7262 15.4255
internal_count=16535 3873 3436 12662 2986 2393 12204 2299 489 254 458 156 450 278
is_linear=0
shrinkage=0.02


Tree=159
num_leaves=15
num_cat=0
split_feature=85 18 82 59 20 51 20 41 19 76 31 54 69 40
split_gain=32.5924 21.5351 11.0165 12.1558 10.3894 8.21136 8.09987 5.88877 5.82191 5.72385 4.9721 4.36781 4.1325 3.84722
threshold=0.41298730758275071 0.024504593044513915 0.14516666666666669 0.0062334897772873448 0.12787298379089199 0.035256437724895263 0.0485680191802366 -0.0096717894311123091 -0.11624801733142202 36.032786885245905 -0.02234450918387967 0.032999444849963061 0.49345263952079382 0.0041619729094780084
decision_type=10 8 10 8 8 10 10 10 8 10 10 8 10 10
left_child=1 2 6 5 -3 8 7 -1 -4 -5 -7 -8 -9 -11
right_child=-2 4 3 9 -6 10 11 12 -10 13 -12 -13 -14 -15
leaf_value=0.00043509222358469572 0.016228131240796712 -0.016874632536390845 0.0073580296671559844 -0.0054671743831835361 0.014673070795050522 0.018126735891792981 -0.0073272321769240877 -0.0065272607545928405 -0.015360786155845801 0.0055748069320967052 -0.0062242814964121752 0.015753936565594661 0.032718652121870945 0.044612901979330023
leaf_weight=3.7812730602454385 40.598378187511116 46.251043764874339 4.7301484949421138 2.0012603537179521 3.8214592505246392 6.2062150868587196 8.6182940602302534 0.85821475717239337 27.827958281384781 1.8852553258184341 5.5512968627735955 3.9775940133258691 9.8075484405271691 2.4462949424050748
leaf_count=343 706 8867 131 105 201 120 485 82 4228 79 198 194 615 72
internal_value=0.000841879 -0.00413533 0.00246681 -0.00304722 -0.0142268 -0.00685877 0.0125344 0.0222411 -0.0119392 0.0209232 0.00704276 0.00058409 0.0292719 0.0318545
internal_weight=168.362 127.764 77.6914 50.6484 50.0725 44.3156 27.0429 14.447 32.5581 6.33281 11.7575 12.5959 10.6658 4.33155
internal_count=16426 15720 6652 4933 9068 4677 1719 1040 4359 256 318 679 697 151
is_linear=0
shrinkage=0.02


Tree=160
num_leaves=15
num_cat=0
split_feature=84 85 39 28 52 51 58 54 66 42 0 17 59 28
split_gain=32.2318 14.4946 10.1458 10.9219 12.6742 9.64881 6.27359 5.94702 5.88356 5.83382 4.79546 4.26805 4.00833 3.98346
threshold=0.16065295708174115 0.48612350158504336 0.02007964937335999 0.13949964572734627 -0.021900505289448018 0.029256839182046846 0.0092887415954236736 -0.022321956025100814 0.3252803601951057 0.055778783027266625 0.12912287060529179 0.082675697508233406 0.009572462689167234 0.11368390533614857
decision_type=10 10 10 10 10 10 10 8 10 10 10 10 10 10
left_child=7 2 3 4 11 9 -4 8 -1 12 -7 -2 13 -6
right_child=1 -3 6 -5 5 10 -8 -9 -10 -11 -12 -13 -14 -15
leaf_value=-0.010223195968344532 -0.0099575269821338356 0.017912812336237264 -0.0070002944934024428 0.018081024254497462 -0.01709238076174089 -0.015950866566571967 0.03585829446660576 -0.014253792393629058 0.032354834032756317 0.014159716766425218 0.010582378215743015 0.02766653235491812 0.0041536258658116674 0.0046883514624645383
leaf_weight=2.0414051047991966 0.94122052239254017 30.648713573813438 1.4555660386104126 10.399145275820045 33.07633503805846 2.3586958346422788 4.2748924721963704 48.759172350168228 1.4235755694098768 2.6436863238923243 15.085608857916666 5.5365406014025211 4.4963033110834649 3.3063011527992776
leaf_count=415 107 591 106 155 2808 85 89 11323 182 46 245 135 133 109
internal_value=0.000438226 0.00638167 0.00199112 -4.51693e-05 -0.00306334 -0.00599002 0.0255494 -0.0124367 0.0105984 -0.010957 0.00632444 0.0215992 -0.0128806 -0.0150406
internal_weight=166.447 114.223 83.5743 77.8438 67.4447 60.9669 5.73046 52.2242 3.46498 43.5226 17.4443 6.47776 40.8789 36.3826
internal_count=16529 4609 4018 3823 3668 3426 195 11920 597 3096 330 242 3050 2917
is_linear=0
shrinkage=0.02


Tree=161
num_leaves=15
num_cat=0
split_feature=19 53 42 59 59 51 1 15 80 56 37 22 83 83
split_gain=27.2376 14.66 18.4832 12.3608 11.1132 9.75969 9.2761 9.22994 8.98002 8.0401 7.61861 6.88882 6.86875 6.0775
threshold=-0.036983899414161796 -0.039516343617130273 0.045226870039036637 0.0090544910159062932 0.0062334897772873448 0.056112563341467088 0.27251387110542041 -0.0015089043107293068 0.018750000000000003 0.010859038236280151 -0.0086282765652211119 -0.007524833179008635 0.0683810281660749 0.4767009746777871
decision_type=8 10 10 10 10 10 10 10 8 10 10 10 10 10
left_child=1 6 3 5 8 11 -1 -8 10 -5 12 -3 -2 -9
right_child=4 2 -4 9 -6 -7 7 13 -10 -11 -12 -13 -14 -15
leaf_value=-0.0090254196766810946 -0.0092631757088419125 0.02028038928454064 0.01995189999183232 -0.0086554287067208482 0.011102656681894908 0.01214357509855116 0.0030457030158085549 0.044673167280748348 -0.016244233884552178 0.030240606995744799 -0.0085337661449039672 -0.01338466142892061 0.047723263347303341 0.019079612249185376
leaf_weight=3.9044342976994804 0.8541317728813741 1.7204000989440817 16.336166856111959 2.6335593014955503 8.0247309606056643 7.5671537136659017 7.8875306672416654 6.3347986731678274 45.746719801332802 5.396385773550719 4.1262969335075459 38.471458564512432 1.5153871178627012 13.948059512302278
leaf_count=582 176 105 324 118 519 128 393 285 9012 95 626 3762 80 229
internal_value=0.000812217 0.00698138 0.00189763 -0.00364727 -0.0097939 -0.00756999 0.01801 0.021938 -0.013152 0.0179382 0.00788716 -0.0114863 0.0305288 0.0287965
internal_weight=164.467 104.2 72.1251 55.789 60.2673 47.759 32.0748 28.1704 52.2425 8.02995 6.49582 40.1919 2.36952 20.2829
internal_count=16434 6021 4532 4208 10413 3995 1489 907 9894 213 882 3867 256 514
is_linear=0
shrinkage=0.02


Tree=162
num_leaves=15
num_cat=0
split_feature=19 52 28 50 57 59 1 2 80 83 38 10 69 59
split_gain=28.7237 15.555 21.1574 16.0078 12.5945 12.5092 8.27339 9.56125 7.49801 5.97092 5.47483 4.24892 5.00897 3.99535
threshold=-0.036983899414161796 -0.013706166703535081 0.11067063638378863 0.09678900004877776 0.0089432098659389062 0.009572462689167234 0.28136574074074078 0.17288591849995361 0.016750000000000004 0.7764904940749584 0.065685975754860182 0.54958808654612501 0.70935878027681676 0.004462128232386565
decision_type=8 10 10 10 10 8 10 8 8 10 8 10 10 10
left_child=1 6 3 5 8 10 -1 -8 11 -10 -3 12 -2 -11
right_child=4 2 -4 -5 -6 -7 7 -9 9 13 -12 -13 -14 -15
leaf_value=-0.012512913808234391 -0.015803419888145164 -0.017169736948427952 0.017732858073729357 0.011316007427327263 0.018635064132177862 0.014662285048861155 0.06233471615350631 0.019317467591650983 -0.018065122976046798 -0.0096467662781797199 0.0072345563919799048 0.025745960481202892 0.023963315848873745 0.019599023893202474
leaf_weight=1.6089338234160084 3.3429736720863721 31.875420806929473 27.747810571221635 20.058267055079341 4.6465600579977027 6.1382654868066302 2.0755919774528566 12.315328066702932 43.421482765581459 3.4235022696666411 3.5852902282495007 1.904930861899629 0.81407345854677249 2.2660305891185999
leaf_count=267 478 3750 695 466 195 175 29 364 9483 58 274 120 116 21
internal_value=0.000670477 0.00693332 0.00355566 -0.00300573 -0.0102975 -0.0100149 0.0244878 0.0291688 -0.0130225 -0.0155882 -0.0145716 0.00702744 -0.00487927 0.00318984
internal_weight=165.224 105.405 89.4051 61.6572 59.8196 41.599 15.9999 14.3909 55.173 49.111 35.4607 6.06198 4.15705 5.68953
internal_count=16491 6020 5360 4665 10471 4199 660 393 10276 9562 4024 714 594 79
is_linear=0
shrinkage=0.02


Tree=163
num_leaves=15
num_cat=0
split_feature=84 60 42 19 80 10 76 51 35 63 62 36 63 84
split_gain=30.9605 15.2277 13.2349 11.4666 11.1806 8.0756 7.82014 7.22029 7.45779 5.39275 6.10597 5.26559 5.26346 4.98158
threshold=0.16930406032794623 0.43800562594038256 0.045226870039036637 -0.081631905195453033 0.018750000000000003 -0.29448168129397784 33.7425921496718 -0.018450094191937463 -0.013360736566383561 0.15724043082533651 0.19121852040857656 0.022108377833644152 0.16046406002052274 0.68861456942433563
decision_type=10 10 10 8 8 10 10 10 10 10 10 8 8 10
left_child=4 5 3 9 6 -2 -1 -8 -9 10 -3 12 -10 -5
right_child=1 2 -4 13 -6 -7 7 8 11 -11 -12 -13 -14 -15
leaf_value=-0.011146986517128419 -0.0026627336699932141 -0.0035914525241179103 0.018946543946250807 -0.017617669508065766 -0.01586616992368544 0.016800171118777737 -0.0027254305218795301 -0.0082403912375358431 0.075499078413483314 -0.0055642268938741269 0.026674919925554201 -0.0051619921957591205 -0.0043044991009182363 0.011412136893043625
leaf_weight=4.1479572358075512 9.8961781077086908 4.0140048079192656 9.672085826052351 21.782547420356426 42.403364709578454 51.101248835213482 2.4347887355834246 0.67889728606678579 1.2787407343275836 8.5748054487630707 5.857080593239516 0.34068637294694815 0.26579635706730198 1.9558407999575127
leaf_count=523 539 115 197 1615 10985 1532 395 77 109 203 105 44 32 28
internal_value=0.00110595 0.00696051 -0.00101815 -0.00592843 -0.0115994 0.0136505 0.00779485 0.0227504 0.0409186 0.00574045 0.0151691 0.0553418 0.0654713 -0.0148612
internal_weight=164.404 112.854 51.8564 42.1843 51.5502 60.9974 9.14687 4.99891 2.56412 18.4459 9.87109 1.88522 1.54454 23.7384
internal_count=16499 4334 2263 2066 12165 2071 1180 657 262 423 220 185 141 1643
is_linear=0
shrinkage=0.02


Tree=164
num_leaves=15
num_cat=0
split_feature=50 42 56 53 19 58 18 85 2 81 54 18 82 74
split_gain=29.976 17.6435 9.28529 10.828 9.39386 9.24347 7.74766 9.42974 7.69978 6.4474 5.56103 4.68702 4.4721 4.25642
threshold=0.082798403532608728 0.03985696498982446 0.014855424538373999 -0.040259675451597247 -0.036983899414161796 0.013078455319763708 0.0097150480089826536 0.44386905409445288 0.15722311396468702 0.15958333333333338 0.025807607399487262 -0.026162945693011471 0.11416666666666668 0.60617990932951582
decision_type=10 10 10 8 10 10 10 10 8 8 10 10 8 10
left_child=1 2 3 4 8 -4 -2 -8 -1 -6 -7 -10 13 -5
right_child=6 -3 5 12 9 10 7 -9 11 -11 -12 -13 -14 -15
leaf_value=0.045617636364449404 0.017421648896696795 0.015914836535533473 -0.010736078639177566 -0.0088961354732794966 0.025296337391606066 -0.0035734873566494181 -0.011981497507614713 0.018740356952825679 0.01684794907258802 -0.016890469489116849 0.027161502385318618 -0.0071074031978249196 -0.017681153916326162 0.025887853039394084
leaf_weight=1.2388088982552297 38.479090806795284 12.763399290153755 7.6313909194432226 3.4349837496411046 0.75442710169590732 3.1895221471786481 8.9653317716438305 5.6723744869232169 5.2125734419096252 10.885679783998057 6.1811315841041505 6.0349489331711093 50.546943892724812 1.0710887068416921
leaf_count=126 861 358 941 452 88 175 634 111 151 2370 213 771 9138 109
internal_value=0.000632057 -0.00536969 -0.00832887 -0.0111852 1.68723e-05 0.00485566 0.0128137 0.000360864 0.0116264 -0.0123713 0.0173643 0.00446367 -0.0160071 0.00257204
internal_weight=162.062 108.945 96.1815 79.1795 24.1264 17.002 53.1168 14.6377 12.4863 11.6401 9.37065 11.2475 55.053 4.50607
internal_count=16498 14892 14534 13205 3506 1329 1606 745 1048 2458 388 922 9699 561
is_linear=0
shrinkage=0.02


Tree=165
num_leaves=15
num_cat=0
split_feature=83 59 19 8 30 20 15 78 22 80 54 42 80 5
split_gain=29.8946 16.5674 12.9855 12.708 9.65128 8.34447 5.59337 5.22392 5.65591 4.93813 4.66123 4.35685 4.20477 4.10648
threshold=0.21353660901714708 0.0090544910159062932 -0.069448410096533339 0.90837680638004448 -0.0025775215679193805 0.14188343774398829 -0.0024427644186598772 0.11112438920756322 0.027877330333835198 0.012750000000000003 0.017494238860949515 0.055778783027266625 0.031416666666666669 0.12376043200785471
decision_type=10 10 10 10 10 10 10 10 8 8 10 8 10 10
left_child=9 2 4 7 6 -6 -2 11 -9 13 -3 -4 -5 -1
right_child=1 10 3 12 5 -7 -8 8 -10 -11 -12 -13 -14 -15
leaf_value=0.022318567100043835 -0.0049711626276392855 0.0035082506095068561 -0.016466784316757865 0.033619734398765373 -0.0052386512886326373 0.018802829826532114 0.02354824695393018 0.013949235311847977 -0.0092802425506713221 -0.015642243955603787 0.024406442462131864 0.011692400519445154 -0.0067146280330189359 -0.0099351432978668896
leaf_weight=1.9256580863147963 2.8807834025938091 5.8784277115482864 24.911205317126591 3.0937118243891737 20.532777342246849 6.8959792677778742 16.941190120298415 6.0931911151856166 9.253266195766626 39.130955592729151 19.307606254471466 1.7021404476836313 0.99282281356863666 2.5479507930576801
leaf_count=172 105 170 2447 78 763 135 327 518 866 10154 375 38 77 297
internal_value=0.000575719 0.00578813 0.00182207 -0.0056761 0.00909532 0.00125451 0.0193638 -0.00910823 0.000231964 -0.0133998 0.019849 -0.0143076 0.0244269 0.00548945
internal_weight=162.088 118.483 93.2971 46.0463 47.2507 27.4288 19.822 41.9598 15.3465 43.6046 25.186 26.6133 4.08653 4.47361
internal_count=16522 5899 5354 4024 1330 898 432 3869 1384 10623 545 2485 155 469
is_linear=0
shrinkage=0.02


Tree=166
num_leaves=15
num_cat=0
split_feature=84 80 52 19 83 60 1 2 80 22 0 84 68 73
split_gain=27.1556 15.6804 12.2373 17.1808 10.6313 10.4978 8.07452 6.50599 6.46434 5.40337 5.75037 4.82166 4.30729 3.85419
threshold=0.49331293853825026 0.04158333333333334 -0.013706166703535081 -0.036983899414161796 0.23388122669663378 0.51686852473369338 0.28136574074074078 0.24803100775193801 0.011750000000000002 0.013758778089882075 0.15708382526564349 0.22176507084079092 0.57381706408345756 0.077682069250796904
decision_type=10 8 10 10 10 10 10 10 10 10 8 10 10 10
left_child=1 2 3 6 8 9 -1 11 -4 -6 13 -8 -2 -11
right_child=12 -3 4 -5 5 -7 7 -9 -10 10 -12 -13 -14 -15
leaf_value=-0.010176864631266755 -0.0023565912752653013 -0.015728052058487013 0.011424466341972382 -0.012946756281065161 0.020282600385141555 -0.013740923057723727 0.081922325575965557 0.018346022711173877 -0.015595192349735181 0.0080677094160877139 0.016583503284182108 0.016319134868624387 0.016101559653229677 -0.013364071237576412
leaf_weight=1.0059466566890476 5.498078975826501 32.648675251519307 3.3761566448956755 4.0037198232021165 10.855712489224972 9.243939880281685 1.335275507764891 4.0137606631033123 24.418247370282188 4.6510985407512653 6.6366515920963129 1.322943049483001 40.032439027447253 7.6113475395832211
leaf_count=175 80 6074 338 857 432 645 35 135 6019 259 145 13 737 512
internal_value=0.00103136 -0.00430574 0.000584506 0.01861 -0.00279604 0.00392149 0.0346613 0.0418669 -0.0120304 0.00967705 0.00287205 0.0626588 0.0138699 -0.0052397
internal_weight=156.654 111.123 78.4748 11.6816 66.7932 38.9988 7.67793 6.67198 27.7944 29.7548 18.8991 2.65822 45.5305 12.2624
internal_count=16456 15639 9565 1215 8350 1993 358 183 6357 1348 916 48 817 771
is_linear=0
shrinkage=0.02


Tree=167
num_leaves=15
num_cat=0
split_feature=83 60 17 83 42 82 18 61 38 38 42 32 17 71
split_gain=27.1773 13.9591 12.024 11.3528 8.48006 7.79562 8.1218 6.5951 6.1764 5.97746 5.78094 5.48556 4.06152 4.005
threshold=0.21353660901714708 0.51974350978404937 0.079678081313325641 0.83283295175689331 0.021245285245036803 0.14316666666666669 -0.0055920474328775551 0.34385345817088331 1.0000000180025095e-35 0.054815554501620789 0.065803263979472545 0.024868145987092537 0.17783119658119662 0.087114613029247195
decision_type=10 10 10 10 10 8 10 10 10 8 10 10 10 8
left_child=5 2 4 10 9 6 8 -4 -1 -2 -3 -6 -9 -8
right_child=1 3 7 -5 11 -7 13 12 -10 -11 -12 -13 -14 -15
leaf_value=0.031661932001529662 -0.013338052299922918 -0.014638029124824306 0.018510259217700383 0.016111665216989465 0.024566684884056299 -0.018319893652747263 0.022936202362276399 -0.012030750622862749 -0.0094354599856460285 0.014249983439813749 0.015994429951448445 -0.0063366907382451055 0.013615920435160281 -0.014369483114377862
leaf_weight=3.2380779657978573 15.12269894522615 22.000515724299483 47.344855733215809 6.7952557029202572 5.8579996216576529 28.120873985346407 0.39603839092887483 4.6629816822241974 1.6635682587511835 3.0329335911665138 1.9347320324741293 2.9379313241224736 3.3842853563837707 9.1846703188493848
leaf_count=140 1916 1559 1239 110 231 7956 84 285 230 166 37 169 67 2223
internal_value=0.00108169 0.00620861 0.0104674 -0.0051732 -0.000502702 -0.0123561 -0.000340703 0.0157193 0.0184785 -0.0082261 -0.0116198 0.0146515 -0.000932198 -0.0108054
internal_weight=155.677 113.074 82.3437 30.7305 26.9516 42.6032 14.4824 55.3921 4.90165 18.1556 23.9352 8.79593 8.04727 9.58071
internal_count=16412 5779 4073 1706 2482 10633 2677 1591 370 2082 1596 400 352 2307
is_linear=0
shrinkage=0.02


Tree=168
num_leaves=15
num_cat=0
split_feature=84 42 39 52 70 0 28 63 21 32 19 62 79 58
split_gain=29.8864 13.1819 12.7559 15.7784 9.90004 6.5778 7.14553 6.41047 6.05794 4.68085 4.42541 4.42164 4.40693 4.08559
threshold=0.16065295708174115 0.049855611265032344 0.019232541656651177 -0.016317934915348688 0.32807984964024611 0.11653463577342309 0.11643638640302964 0.16433487129297356 0.027032318680624421 0.081653460560391383 -0.045310317168520513 0.12263153695799595 0.21265381961034133 0.0092887415954236736
decision_type=10 10 10 10 10 10 10 10 8 10 10 10 10 10
left_child=8 2 3 10 5 6 -5 -7 11 -6 -2 -1 -13 -4
right_child=1 -3 13 4 9 7 -8 -9 -10 -11 -12 12 -14 -15
leaf_value=0.014270516133711839 0.024903178545027275 0.020569696049107203 -0.0046881238009050443 -0.011696173016900638 -0.015058151119688621 0.017853260684514705 0.022131948634436079 -0.0061393406696167822 0.013064595365989804 0.0094998549060992948 -0.0049583569411109918 -0.016512094490716885 0.021233272623732785 0.026946805354110676
leaf_weight=1.3235493290703733 10.165339209605007 20.20080856140703 1.6225145740900178 13.800310026854275 26.467618463793773 13.488657449837776 2.0517476252280167 5.8320903228595844 2.6913601080887011 2.8200746292714021 2.0531990788877001 42.084338488988578 0.45230926387011905 9.2556884882505965
leaf_count=227 243 409 116 1180 1651 238 51 227 274 106 209 11282 101 186
internal_value=0.000629183 0.00640789 0.00294516 -4.18186e-05 -0.00406599 0.00307301 -0.00626427 0.0106652 -0.0126009 -0.0124579 0.0198898 -0.0144319 -0.0156322 0.0222309
internal_weight=154.31 107.758 87.5572 76.679 64.4605 35.1728 15.8521 19.3207 46.5516 29.2877 12.2185 43.8602 42.5366 10.8782
internal_count=16500 4616 4207 3905 3453 1696 1231 465 11884 1757 452 11610 11383 302
is_linear=0
shrinkage=0.02


Tree=169
num_leaves=15
num_cat=0
split_feature=83 50 10 52 84 82 18 67 41 61 41 81 80 69
split_gain=27.0245 14.7164 9.64462 7.24468 8.03373 6.46142 6.9546 7.91247 8.17348 6.43502 4.90946 5.60316 4.85662 4.66626
threshold=0.21353660901714708 0.063273756558881344 1.3553849932866986 -0.005876057333042777 0.63533142302484602 0.14316666666666669 0.024504593044513915 0.20848321342925663 -0.006952992173091096 0.22586696767024639 0.013985059379163455 0.16158333333333336 0.038166666666666675 0.49345263952079382
decision_type=10 10 10 10 10 8 8 8 10 10 10 10 10 10
left_child=5 2 10 -3 9 6 7 8 -1 -5 11 -2 -11 -4
right_child=1 3 13 4 -6 -7 -8 -9 -10 12 -12 -13 -14 -15
leaf_value=-0.010045322234311897 0.023031354468562013 0.026091836640347279 -0.0061280622046903221 0.016382196819557684 0.019773321826555494 -0.018418551214041522 -0.017044554146071696 -0.0077429654040587726 0.044089017576405924 0.0035758350122628243 0.012273392439095593 -0.010490920108454347 -0.014706405594541391 0.021239651846312851
leaf_weight=1.1762032760307195 1.1855471574235696 11.69714730652049 2.9319417637307179 9.141364084556697 16.530433803796768 26.944597540656105 5.6057664309628299 4.4074575174599895 2.4917659405618879 16.871905204607177 4.1154712194111189 35.461027011740953 7.6522360707167527 7.9583192269783467
leaf_count=220 68 191 139 229 402 7900 1581 674 202 334 196 3693 311 266
internal_value=0.000905078 0.00591482 -0.00196028 0.0124136 0.00877875 -0.0129024 -0.00152401 0.00994092 0.0282966 0.00296553 -0.00645058 -0.00882348 -0.00248143 0.0139758
internal_weight=154.171 113.545 51.6523 61.8931 50.1959 40.6258 13.6812 8.07543 3.66797 33.6655 40.762 36.6466 24.5241 10.8903
internal_count=16406 5829 4362 1467 1276 10577 2677 1096 422 874 3957 3761 645 405
is_linear=0
shrinkage=0.02


Tree=170
num_leaves=15
num_cat=0
split_feature=83 56 19 32 82 53 70 12 53 51 53 24 12 55
split_gain=22.43 13.3709 17.9327 12.44 6.99049 6.92148 6.58208 6.44425 6.42512 8.22986 6.37862 7.45991 6.3522 5.67615
threshold=0.21353660901714708 0.016743920256971207 -0.078357566236749762 0.002278154587793541 0.14316666666666669 0.0010215823859861877 0.36806325449618138 15.528890959925445 -0.041871372596552651 -0.033669837505721299 -0.037589130003142901 0.29166666666666669 1.0000000180025095e-35 0.0052591339615136118
decision_type=10 10 10 10 8 8 8 10 10 10 10 10 8 10
left_child=4 2 10 5 8 6 7 -4 9 -1 -2 -12 -11 -3
right_child=1 13 3 -5 -6 -7 -8 -9 -10 12 11 -13 -14 -15
leaf_value=-0.0048202699163174987 0.020375498095390715 0.0088112265575396274 -0.00037956780571439796 -0.012820458090966463 -0.016841750322429239 -0.0093586082061546706 -0.011385328482903389 0.039900861405207863 -0.0087182958889101912 0.062429533849445315 -0.0049279944086693872 0.018079913653382459 -0.0015143879865104641 0.026879508312294142
leaf_weight=2.8090508161112666 17.365149902878329 16.862025708891455 2.2326171756721989 33.379822169896215 26.951140794437379 4.2353601532522598 1.5866369935683913 4.353013995103538 9.8168784989975375 0.92158156633376953 13.650642441585662 8.2445097251329553 0.85005359887145471 12.977043247316031
leaf_count=582 391 509 289 2915 7959 262 227 270 1955 95 473 158 82 281
internal_value=0.00145721 0.00600047 0.00188608 -0.00655833 -0.0110098 0.00998816 0.019942 0.0279954 0.000292016 0.0177041 0.0116527 0.0041468 0.0422717 0.0172859
internal_weight=156.236 114.887 85.0478 45.7875 41.3487 12.4076 8.17227 6.58563 14.3976 4.58069 39.2603 21.8952 1.77164 29.8391
internal_count=16448 5775 4985 3963 10673 1048 786 559 2714 759 1022 631 177 790
is_linear=0
shrinkage=0.02


Tree=171
num_leaves=15
num_cat=0
split_feature=85 80 71 52 50 85 58 56 76 25 50 33 9 50
split_gain=22.7102 16.7444 11.6759 10.6696 13.079 6.42708 6.19587 6.22811 5.1519 5.01763 4.7039 4.63519 4.50474 4.34671
threshold=0.29764828562403445 0.018750000000000003 0.31039629439011845 -0.016317934915348688 0.0093207521394544929 0.15404321525133105 -0.00033880660466138404 -0.0015270561170331121 171.20293574536009 0.17297969667310273 0.070306612560543727 2.0816681711721688e-17 11.472999035679846 0.11124360851163824
decision_type=10 8 10 8 10 10 10 8 10 10 10 10 10 10
left_child=1 6 10 4 -3 13 -1 -8 12 -9 11 -2 -7 -5
right_child=2 3 -4 5 -6 8 7 9 -10 -11 -12 -13 -14 -15
leaf_value=-0.0062027222688301768 0.011273691493756819 -0.012913679654154488 -0.011222637975762262 -0.018432386742439404 0.030313150638034334 0.011945712776480349 -0.0057178911845126683 -0.00049534368629628898 0.017541421073028942 0.034791982442361903 0.019680747781606344 -0.01134132445437405 -0.010298123568081978 0.0052508179874643044
leaf_weight=4.3149525579065093 15.207331961020829 4.5165098055731487 7.4481722428463391 37.57267724070698 4.904757141135633 3.4164012325927677 2.5010076840408146 1.9898413857445065 2.8852014681324354 6.9035073695704341 28.212221138644964 3.7976038337219498 23.478284374577925 2.9474752116948357
leaf_count=525 240 1140 153 10694 334 170 213 127 119 421 587 94 1512 182
internal_value=0.000762747 -0.00511419 0.0109298 -0.00884125 0.0103398 -0.0115208 0.013197 0.0204512 -0.00426159 0.0276446 0.0145845 0.00641368 -0.00714557 -0.0166247
internal_weight=150.096 95.4306 54.6653 79.7213 9.42127 70.3 15.7093 11.3944 29.7799 8.89335 47.2172 19.0049 26.8947 40.5202
internal_count=16511 15437 1074 14151 1474 12677 1286 761 1801 548 921 334 1682 10876
is_linear=0
shrinkage=0.02


Tree=172
num_leaves=15
num_cat=0
split_feature=84 60 80 19 72 17 59 18 84 22 18 67 17 52
split_gain=25.4783 13.8435 11.9585 11.7283 7.64931 7.36215 6.44462 6.13987 5.73559 5.59828 5.25588 5.08247 4.89426 4.27516
threshold=0.16065295708174115 0.43800562594038256 0.018750000000000003 -0.081631905195453033 0.1343979769645969 0.058195981034093479 0.0090544910159062932 0.0004379409288214065 0.081415560900700526 1.0000000180025095e-35 -0.029869151834900989 0.20848321342925663 0.043036476822554931 -0.013706166703535081
decision_type=10 10 8 10 10 10 8 10 10 8 8 10 10 10
left_child=2 5 8 7 -5 6 -2 -3 11 -10 13 12 -1 -4
right_child=1 3 10 4 -6 -7 -8 -9 9 -11 -12 -13 -14 -15
leaf_value=-0.011180323388791049 -0.0077537662891371643 0.01580849159423011 0.025351790031476404 -0.016049136777017796 0.0069299109922360078 0.017076570133202913 0.023254395696319152 -0.0062441980267006203 0.047849564897617762 -0.0074801395866077982 -0.01918510241845281 -0.015322971117903211 0.029651401244558732 -0.0084395689149662431
leaf_weight=1.2506886573974028 10.023143642581998 15.858322269050406 1.1769829390104858 19.811504584504295 7.3712869321461758 43.825086454860866 2.5427999927196643 6.5671633200254282 1.2713798312470315 0.7275731018744408 31.204343483783305 3.6701836993452162 1.9817468191031364 3.8429232416674495
leaf_count=248 927 306 40 1473 382 1244 46 225 79 58 10226 620 168 415
internal_value=0.00124607 0.00659474 -0.0111884 -0.00112117 -0.00979301 0.0132838 -0.000227423 0.00935963 0.00883198 0.0319318 -0.0162132 -0.00105175 0.014944 0.00237848
internal_weight=151.125 105.999 45.1258 49.6083 27.1828 56.391 12.5659 22.4255 8.90157 1.99895 36.2242 6.90262 3.23244 5.01991
internal_count=16457 4603 11854 2386 1855 2217 973 531 1173 137 10681 1036 416 455
is_linear=0
shrinkage=0.02


Tree=173
num_leaves=15
num_cat=0
split_feature=85 17 60 59 15 14 18 39 48 28 23 82 65 81
split_gain=22.9966 14.9153 17.0535 10.7095 7.29624 6.90205 6.74131 6.17298 4.49323 4.185 4.17001 4.03701 3.73069 3.637
threshold=0.44386905409445288 0.080776711211493837 0.41658480681074012 0.0090544910159062932 -0.001311262117585178 -0.050327068177272442 -0.029869151834900989 -0.0079977334299663246 1.8216400824909946 0.085510776542895031 4.5581712727272743 0.13216666666666668 2.0592625109745395 0.2705833333333334
decision_type=10 10 10 10 10 8 8 8 10 10 8 10 10 10
left_child=1 3 7 5 -4 9 -6 13 -8 -1 11 12 -7 -3
right_child=-2 2 4 -5 6 10 8 -9 -10 -11 -12 -13 -14 -15
leaf_value=-0.012379449403949092 0.015769301407012184 0.024252344407204873 -0.012894534879560745 0.019668187008434194 0.017810783897917334 -0.007734016645286456 -0.010253380753842405 -0.0019295181243584581 0.015750172967523648 0.021986824219827016 -0.018226121614294589 -0.010535485046954984 0.040440522418490908 0.0019846687672695098
leaf_weight=1.5359005185309795 30.068476828746498 15.961684594862165 22.227412825450301 3.222576027037575 7.1072427011094987 0.62273988802917235 11.387710409704598 6.372486426029357 2.4385235237423322 2.5336521649733186 40.038912571268156 2.7378345632459968 0.60791461868211627 3.7754565922077736
leaf_count=335 647 570 2048 200 145 156 1063 428 153 131 9601 716 83 167
internal_value=0.000415712 -0.00351148 0.00254223 -0.0115782 -0.00516224 -0.0140307 0.00326158 0.0149988 -0.00491417 0.0091331 -0.0163281 0.00263555 0.0235243 0.0202939
internal_weight=150.639 120.57 69.2705 51.2995 43.1609 48.077 20.9335 26.1096 13.8262 4.06955 44.0074 3.96849 1.23065 19.7371
internal_count=16443 15796 4574 11222 3409 11022 1361 1165 1216 466 10556 955 239 737
is_linear=0
shrinkage=0.02


Tree=174
num_leaves=15
num_cat=0
split_feature=83 56 52 28 80 82 19 50 60 2 52 63 15 35
split_gain=22.7524 12.1604 16.6064 13.2416 7.86087 7.17848 6.58321 6.35693 6.02906 4.95012 4.85543 6.51751 4.31295 4.00128
threshold=0.21353660901714708 0.014855424538373999 -0.016317934915348688 0.08675374817103601 0.012750000000000003 0.13341666666666671 -0.019685490497488436 0.017961178379245189 0.4626264277294026 0.39840574186991878 0.053613293172461149 0.16046406002052274 0.080933255673877436 -1.0000000180025095e-35
decision_type=10 10 10 10 8 10 10 10 10 10 10 8 10 8
left_child=4 2 7 5 6 -4 9 -2 -5 13 11 -3 -7 -1
right_child=1 10 3 8 -6 12 -8 -9 -10 -11 -12 -13 -14 -15
leaf_value=0.04952266508808794 -0.0043246667367823387 0.015971736999913229 0.0073798992423328106 0.017163278408759634 -0.014902641207833441 -0.015768821044639808 -0.013393751734964687 0.027656821855945701 -0.004121469228486439 -0.0088545759160408768 0.021421209982574806 -0.012030150850433484 0.0087567670217879867 -0.0046747927583724001
leaf_weight=1.5215917532332239 2.8610343444161108 7.3842069194652113 7.3751710331998757 13.508141656173395 33.983592537930235 29.919258213369176 1.9820207087323058 10.45393220707774 7.8921081852167836 0.76147211855277408 21.618571313330904 4.5958473086357126 2.5308151948265722 0.49011410656385201
leaf_count=76 343 261 415 370 10091 3104 312 219 295 65 473 224 51 49
internal_value=0.00141833 0.00612718 0.00155687 -0.00293248 -0.0115498 -0.00967132 0.0108376 0.0209628 0.00948019 0.0271158 0.0159286 0.00513029 -0.0136514 0.0391506
internal_weight=146.878 108.139 74.5405 61.2255 38.7388 39.8252 4.7552 13.315 21.4002 2.77318 33.5986 11.9801 32.4501 2.01171
internal_count=16348 5755 4797 4235 10593 3570 502 562 665 190 958 485 3155 125
is_linear=0
shrinkage=0.02


Tree=175
num_leaves=15
num_cat=0
split_feature=59 19 18 30 82 10 42 72 61 60 16 70 42 85
split_gain=21.9554 18.6391 9.26471 9.68796 11.846 6.99906 5.67487 5.51319 5.107 4.97524 4.69823 4.56058 4.48883 3.97965
threshold=0.0090544910159062932 -0.11624801733142202 0.022488659646269619 0.0027154311298354249 0.15658333333333338 1.2994901871750464 0.027775298725344049 0.13191398093141463 0.31799505948779999 0.51686852473369338 0.0033340033200126022 0.27282196969696976 0.032247561303114763 0.41298730758275071
decision_type=10 8 8 10 10 10 10 10 10 10 10 10 8 10
left_child=1 9 3 4 10 -5 -4 -6 -2 -1 -3 -8 -7 -10
right_child=8 2 6 5 7 12 11 -9 13 -11 -12 -13 -14 -15
leaf_value=0.017315402865153057 0.023641987103551698 0.032128169174143892 -0.015961661606495453 -0.01359190354078601 -0.012825782224844635 -0.0027414125363939509 0.019812496692521255 0.014356402611210368 -0.013962637242411679 -0.003722768015724554 0.0036022384913623464 -0.0097950755475847313 0.02304517704553747 0.014954304008469282
leaf_weight=20.037510883295912 17.888530682772402 7.0759507310576755 35.975337401032448 22.390101682161912 8.4181820512749237 8.2501663460861874 2.770600354531779 3.4230796550400546 2.5764265470206729 5.3202327995095393 3.6232656498905271 3.7173483578953892 2.8917153349611899 3.0836077146232128
leaf_count=497 557 523 8648 3132 983 712 208 278 144 137 317 272 51 55
internal_value=0.00136068 -0.00204743 -0.00599237 -0.00060915 0.00929563 -0.00734361 -0.0129233 -0.00446187 0.0186444 0.0129277 0.0236015 0.00380588 0.00529792 0.00167134
internal_weight=147.442 123.893 98.5357 56.0725 22.5405 33.532 42.4633 11.8413 23.5486 25.3577 10.6992 6.48795 11.1419 5.66003
internal_count=16514 15758 15124 5996 2101 3895 9128 1261 756 634 840 480 763 199
is_linear=0
shrinkage=0.02


Tree=176
num_leaves=15
num_cat=0
split_feature=17 60 52 59 87 83 82 6 26 64 51 30 26 81
split_gain=22.6052 15.1826 9.89565 9.34069 8.73341 6.9761 5.79578 5.5004 5.30809 4.51419 4.42378 4.28729 4.13838 3.74212
threshold=0.062640134529148003 0.41658480681074012 -0.016317934915348688 0.0090544910159062932 0.087129054520358878 0.23865890136818399 0.14016666666666669 185.18761274911279 -0.069850051311627456 2.8105778191985094 0.064526605458248232 0.0078738778617536368 0.015982966100498767 0.34783333333333338
decision_type=10 10 10 10 10 10 10 10 10 10 10 10 10 10
left_child=3 5 11 7 8 6 12 -1 9 -4 13 -3 -2 -10
right_child=1 2 4 -5 -6 -7 -8 -9 10 -11 -12 -13 -14 -15
leaf_value=-0.01695541342814311 -0.0071101827601392862 0.024190839820305805 -0.00773286831390467 0.017441835647311787 0.017509818162914654 0.017579375111491709 -0.013924543816808455 0.010598578960623386 -0.012269536511023346 0.025685844963792396 0.012681405500235682 -0.0098352297453468979 0.030926452957129601 0.013913972161931026
leaf_weight=33.603302357252687 1.4206264645326867 6.8235762568656337 2.30695223994553 3.1387090322095892 5.6364079397171727 38.753772483440116 5.371075015515089 2.5009880247525862 38.71403256081976 2.55379115534015 2.6013465430587521 1.2466952372342346 1.7787555172108112 1.5033763656392682
leaf_count=9059 183 248 105 152 125 1086 1177 241 3496 50 46 189 177 107
internal_value=0.000965004 0.00566183 -0.000924827 -0.0118635 -0.00413983 0.014048 -0.00208855 -0.0148125 -0.00700625 0.0112119 -0.00928303 0.0184297 0.0163657 -0.0109769
internal_weight=147.953 108.71 61.3862 39.243 53.3159 47.3242 8.57046 36.1043 47.6795 4.86074 42.8188 8.07027 3.19938 40.2174
internal_count=16441 6989 4366 9452 3929 2623 1537 9300 3804 155 3649 437 360 3603
is_linear=0
shrinkage=0.02


Tree=177
num_leaves=15
num_cat=0
split_feature=83 19 52 20 39 80 53 50 83 50 30 20 47 87
split_gain=22.6265 11.8716 12.9021 10.1782 8.86349 8.32132 7.301 7.17048 6.66567 6.64037 4.65294 4.1545 4.06119 3.69035
threshold=0.7764904940749584 -0.036983899414161796 -0.010808841467000478 0.14188343774398829 0.032250157895132657 0.016750000000000004 0.028913273235733509 0.0093207521394544929 0.0683810281660749 0.086732944820734362 -0.0042027552538700308 0.028635491925785263 -0.0086558485776588607 0.03478523895946764
decision_type=10 8 10 8 8 8 10 10 10 10 10 10 10 10
left_child=1 2 7 4 9 8 -7 -1 -3 -4 -11 12 -10 -2
right_child=13 5 3 -5 -6 6 -8 -9 11 10 -12 -13 -14 -15
leaf_value=-0.0059237918069862819 0.0031407939871713102 -0.01031161488027604 -0.013187109460076155 0.019083397185248926 0.026982970882676191 -0.017530489668273707 0.0089291601958344461 0.031767978875684631 0.00066661963572839605 0.016624886624433382 -0.0057521598700800971 -0.0086439564500222221 0.04954924443271707 0.017594862880851499
leaf_weight=2.333880063146351 9.9387187948450428 3.0723057207651427 28.37952790944837 6.8819368400145313 2.1672278961632392 35.26298780972138 4.0976401150692245 6.9294840386137366 0.98016787413507755 5.2819732276257119 8.2437722617760283 0.67707774741575111 1.4433610697742552 28.581398443318903
leaf_count=396 136 538 3969 168 156 9205 315 275 77 114 355 67 65 631
internal_value=0.00111797 -0.00367609 0.00215402 -0.00193035 -0.00556225 -0.011267 -0.0146229 0.0226197 0.00918707 -0.00783507 0.00352928 0.0263108 0.0357487 0.0140394
internal_weight=144.271 105.751 60.2178 50.9544 44.0725 45.5335 39.3606 9.26336 6.17291 41.9053 13.5257 3.10061 2.42353 38.5201
internal_count=16467 15700 5433 4762 4594 10267 9520 671 747 4438 469 209 142 767
is_linear=0
shrinkage=0.02


Tree=178
num_leaves=15
num_cat=0
split_feature=83 18 80 50 15 47 1 58 64 70 65 16 57 28
split_gain=22.513 13.4476 8.25322 8.44159 8.44241 6.11332 5.80269 4.35716 4.14656 4.00838 4.44547 3.97873 4.94104 4.74962
threshold=0.7764904940749584 0.024504593044513915 0.04158333333333334 0.011182032396804003 -0.00038517996684910531 -0.0092905515166285309 0.30447276361819098 0.030767868537833937 2.5459830866807613 0.40485019190293431 1.8239268680445153 -0.039362595213754313 -0.01035001071043693 0.10363300242329997
decision_type=10 8 10 10 10 10 10 10 10 8 10 8 10 10
left_child=1 2 3 -1 9 6 -6 -4 -7 10 -5 12 -3 -14
right_child=-2 11 7 4 5 8 -8 -9 -10 -11 -12 -13 13 -15
leaf_value=-0.014128439775138751 0.014180591496656238 0.02756705765768324 -0.012340862231242705 0.013286148037499923 -0.012593334698403281 0.0067394959044430837 0.015507231215691709 0.016337177010228025 0.039128489636224353 -0.013912394293377728 -0.0078893988064847216 -0.015574103622789378 -0.015060733656136258 0.018858641008693854
leaf_weight=6.0744414853397748 37.906848599202931 1.0796712215524165 16.559534299653027 9.2883345664013195 3.1455910138320204 2.7060124853160215 10.178087865700943 1.5366817596368481 5.6702197464182973 4.9623494336847207 5.6113311352673909 32.310897540766746 5.5509699555113912 1.2781029490288345
leaf_count=1281 760 200 2291 598 518 160 416 82 341 343 581 7407 1457 43
internal_value=0.00116006 -0.00358737 0.00200023 0.00634789 0.00960222 0.0179343 0.00845693 -0.00917761 0.0304997 7.58485e-05 0.00531665 -0.0125464 0.000182958 -0.00711457
internal_weight=143.859 105.952 65.7326 47.6364 41.5619 21.6999 13.3237 18.0962 8.37623 19.862 14.8997 40.2196 7.90874 6.82907
internal_count=16478 15718 6611 4238 2957 1435 934 2373 501 1522 1179 9107 1700 1500
is_linear=0
shrinkage=0.02


Tree=179
num_leaves=15
num_cat=0
split_feature=17 60 42 56 39 15 83 82 58 60 84 22 0 62
split_gain=23.2626 15.2072 10.4867 8.03194 7.83177 9.53651 7.17608 6.01552 5.37206 5.07724 4.66719 4.08974 4.72033 4.78404
threshold=0.061752228418895092 0.41658480681074012 0.055778783027266625 0.01713341890952132 0.028277308816355005 0.046052185025204827 0.23865890136818399 0.14016666666666669 0.025094357238705955 0.58974150808599091 0.24907091407206464 7.6870175473336979e-05 0.12773956167013281 0.16924405473628276
decision_type=10 10 10 10 8 8 10 10 10 10 10 8 10 8
left_child=3 6 4 -1 5 8 7 -2 -3 -10 -5 -8 13 -13
right_child=1 2 -4 10 -6 -7 11 -9 9 -11 -12 12 -14 -15
leaf_value=-0.016807443340443047 0.015787631350052254 -0.014304733540395078 0.019342862989953448 -0.013161002053757682 0.021038003993729341 0.015935442025042327 0.028541618585751105 -0.014976829032322374 0.011372247192407739 -0.013155237112261749 0.019880593066734977 0.01930712659565605 0.018166412636952227 -0.0086664892611964511
leaf_weight=30.838061859598383 3.3386331317014974 31.038311018841341 7.5024318534415206 1.868077689083292 3.4361800230108193 5.5778445405885568 9.7009512430522573 5.1762176994234324 7.1631475887261313 4.7641317006200552 3.5843410065863281 2.6666838435921827 19.43197728251107 6.3475559337530294
leaf_count=8705 368 3349 168 509 147 111 257 1239 358 290 58 57 451 354
internal_value=0.00069232 0.00542285 -0.00130095 -0.0129181 -0.00458942 -0.00679149 0.0138414 -0.00252273 -0.0100373 0.00131542 0.00827483 0.0174652 0.0128469 0.00071055
internal_weight=142.435 106.144 59.482 36.2905 51.9796 48.5434 46.662 8.51485 42.9656 11.9273 5.45242 38.1472 28.4462 9.01424
internal_count=16421 7149 4423 9272 4255 4108 2726 1607 3997 648 567 1119 862 411
is_linear=0
shrinkage=0.02


Tree=180
num_leaves=15
num_cat=0
split_feature=83 19 56 16 81 70 80 53 52 77 52 80 59 56
split_gain=19.4303 10.9843 13.0323 11.393 9.03016 7.00633 6.72728 7.10839 5.66993 4.03653 4.02262 4.41041 3.8799 3.77844
threshold=0.21353660901714708 -0.1201997872461376 0.015095353981656677 -0.037007331109407925 0.16358333333333336 0.40156594078786401 0.012750000000000003 -0.042617378701382387 0.052358572655486955 -78.331266557691222 0.031630597022014137 0.046416666666666669 0.0058805061585961741 0.005922357621300371
decision_type=10 10 10 10 10 8 8 10 10 10 10 10 10 10
left_child=6 -2 3 5 -5 10 7 9 -4 -1 11 -3 -6 -14
right_child=1 2 8 4 12 -7 -8 -9 -10 -11 -12 -13 13 -15
leaf_value=-0.0054184813198920965 0.01659399039822609 0.033474610072530137 0.00056982988091112139 0.024887193115095629 -0.013982874836007735 -0.014706958690221636 -0.014338234001682961 -0.0088500400393364924 0.020620903344183508 0.048431852356275056 0.0003136818445957918 -0.00083311731817065874 -0.011640387887679318 0.013655475867903397
leaf_weight=0.51694051548838604 25.893800123594701 5.6525477690156514 8.6675131428055483 2.0697623002342871 32.229761572089046 2.4363112978171566 32.150914925616235 2.766422549262642 15.472055285470558 1.0043028173968194 3.5114806569181383 1.8731395478826014 3.5347590292803934 3.9481014986522496
leaf_count=51 597 209 415 90 3203 290 10171 363 338 81 224 239 173 107
internal_value=0.00118656 0.005543 0.00177728 -0.00359593 -0.00872947 0.0118268 -0.0112132 0.0104998 0.0137304 0.0352416 0.018419 0.0258393 -0.0110498 0.00174261
internal_weight=141.728 105.289 79.3954 55.2559 41.7824 13.4735 36.4386 4.28767 24.1396 1.52124 11.0372 7.52569 39.7126 7.48286
internal_count=16551 5885 5288 4535 3573 962 10666 495 753 132 672 448 3483 280
is_linear=0
shrinkage=0.02


Tree=181
num_leaves=15
num_cat=0
split_feature=85 17 52 61 24 42 22 51 52 60 50 58 76 60
split_gain=20.8548 13.1632 15.3004 12.6809 7.91677 7.09702 6.9239 5.34999 4.52304 4.45729 4.14552 4.12976 3.72586 3.60111
threshold=0.44386905409445288 0.081421656319057165 -0.013706166703535081 0.22685605296766823 0.45000000000000007 0.021245285245036803 0.024912399669046629 0.064526605458248232 0.021159885739241383 0.34456187191752891 0.017961178379245189 0.012092003034542826 182.65258927894459 0.6373603047311206
decision_type=10 10 10 10 8 10 10 10 10 10 10 10 10 10
left_child=1 5 10 11 7 -1 8 9 -7 -5 -3 -4 -11 -2
right_child=13 2 3 4 -6 6 -8 -9 -10 12 -12 -13 -14 -15
leaf_value=-0.015145973709342743 0.018495086646545929 -0.0022188399400285925 -0.00035356500958982901 0.003842047834649778 0.015665599598275452 -0.0057465187779904107 -0.014735458159119325 0.010129826738027748 0.029105396637988612 -0.017861059651746593 0.028387145212263726 0.02329287987518474 0.0049587187380422323 6.4785556798142461e-05
leaf_weight=39.372618385823444 22.860399160534147 2.0001142104156306 4.47555541875772 5.1200762954540542 4.4243227147962889 1.8368986712302993 3.5987770112697035 3.8537835064344099 3.3280134771484882 27.086049342295158 8.6213664996903372 7.5259743041824549 2.7623942280188194 5.1657811589539042
leaf_count=10568 590 270 388 289 181 275 347 60 235 2689 203 234 204 73
internal_value=6.9285e-05 -0.0037545 0.0020606 -0.00228762 -0.00735272 -0.0115919 0.00429153 -0.0103035 0.0177888 -0.0127744 0.0229288 0.0151258 -0.0156569 0.0152173
internal_weight=142.032 114.006 65.8696 55.2482 43.2466 48.1363 8.76369 38.8223 5.16491 34.9685 10.6215 12.0015 29.8484 28.0262
internal_count=16606 15943 4518 4045 3423 11425 857 3242 510 3182 473 622 2893 663
is_linear=0
shrinkage=0.02


Tree=182
num_leaves=15
num_cat=0
split_feature=85 18 53 79 82 50 24 50 41 38 5 16 84 9
split_gain=19.0116 15.2128 12.5237 9.2598 8.18603 6.97388 7.41429 6.42538 4.98173 4.53603 4.36784 4.29144 6.24178 4.65257
threshold=0.44386905409445288 0.024504593044513915 -0.039894549012765665 0.090975871319929916 0.15916666666666671 0.10814489495660033 0.45000000000000007 0.0093207521394544929 0.020419786940869111 0.058484249047649726 0.386051763071044 -0.026751428700507836 0.20495869297711919 12.663046560426475
decision_type=10 8 10 8 10 10 8 10 10 10 10 8 10 8
left_child=1 2 4 5 7 6 8 -1 9 -4 -5 12 -3 -14
right_child=-2 11 3 10 -6 -7 -8 -9 -10 -11 -12 -13 13 -15
leaf_value=-0.0048430003678134525 0.015840946371150286 -0.016729462715699771 -0.017976167211838263 -0.0028907314017355768 0.00055982415392057019 0.010029539025969966 0.010848433511592497 0.030193393000136879 0.017734211093729 0.0044552524495679677 0.039781619422252695 -0.01624481271745774 0.031587242091818846 -0.0011463714148248546
leaf_weight=2.236959935398775 25.54346811491996 5.0094703093636763 25.686385436914868 1.265896602533757 9.9939369163475913 8.2001309650950116 5.2798325594048938 10.846373262116684 1.1550327742006619 3.7638160188216707 1.8011539035942403 30.214654329931363 1.7114067380316553 4.647980788256973
leaf_count=312 620 1808 3802 153 920 169 294 420 64 370 146 6894 81 288
internal_value=0.000615803 -0.00297194 0.00271189 -0.00321882 0.0144601 -0.00576415 -0.00954725 0.0242844 -0.0132977 -0.0150572 0.0257888 -0.0124095 -0.00172724 0.0107578
internal_weight=137.356 111.813 70.2295 47.1522 23.0773 44.0852 35.8851 13.0833 30.6052 29.4502 3.06705 41.5835 11.3689 6.35939
internal_count=16341 15721 6650 4998 1652 4699 4530 732 4236 4172 299 9071 2177 369
is_linear=0
shrinkage=0.02


Tree=183
num_leaves=15
num_cat=0
split_feature=19 58 82 57 21 16 47 77 51 43 20 85 15 27
split_gain=18.5074 13.1223 11.1856 7.66692 7.04299 6.68417 6.07642 8.63142 5.02913 4.95354 4.72987 3.92325 4.37203 3.90064
threshold=-0.1201997872461376 0.016072647588554947 0.14416666666666669 0.0031326355344449223 0.027032318680624421 -0.038596816013791439 -0.0084277703914020993 -7.8571893383309943 0.0056512628389603229 -0.0010067008262368061 0.091677026346192278 0.16544373656508446 -1.0000000180025095e-35 1.0000000180025095e-35
decision_type=8 10 8 10 8 8 10 10 8 10 10 8 10 8
left_child=-1 2 6 4 8 10 11 9 -3 -8 -4 -2 -13 -11
right_child=1 3 5 -5 -6 -7 7 -9 -10 13 -12 12 -14 -15
leaf_value=0.015026871458900736 -0.013515060365842388 -0.011287196309946446 -0.0075211122224465299 0.018121601432615021 0.028743581528044321 -0.016968150852202813 0.0030931511544181624 -0.014409779130939843 0.0055077216708150079 0.045423441050358795 0.019041552808191631 -0.014348113699103632 0.017860993105822481 -0.006060509894529326
leaf_weight=27.856017505051568 7.2832483008969584 13.643557914299889 7.5134553662501258 12.854951505083589 2.0713227142114219 39.020575426984578 2.4901723582297564 2.0404158798046392 13.034737036097797 3.243795481743291 2.9166418632958084 1.6913308510556815 3.8491133237257609 0.43160873185843263
leaf_count=737 1871 1624 1614 353 54 8311 314 334 594 205 191 76 65 118
internal_value=0.000734914 -0.00291848 -0.00813378 0.00590006 9.93382e-06 -0.0132511 0.00395472 0.0164106 -0.00317886 0.0271977 0.000922852 -0.00462642 0.0073381 0.0393745
internal_weight=139.941 112.085 70.4804 41.6046 28.7496 49.4507 21.0297 8.20599 26.6783 6.16558 10.4301 12.8237 5.54044 3.6754
internal_count=16461 15724 13099 2625 2272 10116 2983 971 2218 637 1805 2012 141 323
is_linear=0
shrinkage=0.02


Tree=184
num_leaves=15
num_cat=0
split_feature=17 61 19 41 53 57 2 24 50 11 20 87 21 3
split_gain=17.9798 11.1044 9.42766 8.52917 6.97633 6.29072 5.68843 5.31587 5.56423 5.18733 4.46869 4.41684 4.21322 4.83839
threshold=0.075305641478862886 0.33770062655566052 -0.039468938512842382 -0.0012676575866056219 -0.048216335653304687 0.0071043884494467599 0.15260706430327342 0.29166666666666669 0.081573820389471405 0.80039844550167538 0.14188343774398829 0.022857889237199586 -0.0074979801012386603 0.11080417434008595
decision_type=10 10 10 10 10 10 10 8 8 8 10 8 10 10
left_child=3 2 6 10 -3 -4 -2 8 9 11 12 -8 -1 -14
right_child=1 4 5 -5 -6 -7 7 -9 -10 -11 -12 -13 13 -15
leaf_value=-0.017010473014148948 0.041238330474662112 0.011203645286676405 -0.010601581640289131 0.011447259293920913 -0.012710392950560631 0.017518312665162312 -0.016476533879392085 0.020319613448384257 0.013741866293237473 0.025618548245171784 0.011102861472977163 0.004302306551883771 -0.008078174353488711 0.031787431154541988
leaf_weight=32.662157371174544 1.9406205522827793 5.8515664304140982 12.266330905491484 5.8763541500084093 16.790377633646131 3.2203104810323557 6.9600019122008279 17.734763180837035 19.486893484368917 1.4045074128080148 2.1853200551122418 7.7537708389572808 3.3608682742342344 0.70374431763775636
leaf_count=9015 30 344 1630 843 1149 85 1188 491 494 40 104 147 844 45
internal_value=0.000689066 0.00567227 0.009543 -0.00960063 -0.00631759 -0.00404639 0.0133543 0.0115996 0.0068197 -0.00186303 -0.0129864 -0.00594967 -0.014676 0.00373766
internal_weight=138.198 93.4091 70.7672 44.7884 22.6419 15.4866 55.2806 53.3399 35.6052 16.1183 38.9121 14.7138 36.7268 4.06461
internal_count=16449 5598 4105 10851 1493 1715 2390 2360 1869 1375 10008 1335 9904 889
is_linear=0
shrinkage=0.02


Tree=185
num_leaves=15
num_cat=0
split_feature=84 18 1 68 70 62 80 61 41 42 52 72 9 17
split_gain=20.9985 11.1903 10.104 10.6456 9.47281 7.29448 6.01546 5.92832 5.45146 4.75268 5.48041 4.03919 4.02655 3.95863
threshold=0.52217112818946532 0.024504593044513915 0.28444321417273022 0.70681223227034751 0.41099033816425129 0.2140521653648477 0.018750000000000003 0.40936282923876621 -0.01464256151304073 0.027775298725344049 -0.032788569778870034 0.12377530189488235 9.8955018939393948 0.082675697508233406
decision_type=10 8 10 10 10 10 10 10 10 10 8 10 10 10
left_child=1 2 6 11 5 8 -1 -2 -5 10 13 -4 -11 -3
right_child=7 9 3 4 -6 -7 -8 -9 -10 12 -12 -13 -14 -15
leaf_value=0.010692518807675815 0.017143215617083964 -0.0089969503094243213 -0.011326956728264904 -0.003536463431634581 -0.015269588235537122 -0.00075870278305266068 -0.01750286491017956 -0.0054203279262148608 0.032289699315283221 0.025843142963788077 -0.017780921512635474 0.005021243631440726 -0.0062454603014034625 0.039111424966571905
leaf_weight=3.0917592642363187 28.076834405772388 0.79392698407173135 11.760508951731028 1.7423901394940937 2.6711141951382151 4.6665122907143077 13.633956573903559 5.0571334143169215 11.921731589129196 1.1858267441857595 30.26576223992743 10.663175023160873 4.6062189920339733 0.35005678213201463
leaf_count=353 663 245 1007 184 361 420 3049 78 519 105 8300 709 365 43
internal_value=0.00012677 -0.00456489 0.000798445 0.00587976 0.0157799 0.0208602 -0.0119817 0.0136415 0.0277917 -0.0130307 -0.0160221 -0.00367039 0.00316182 0.0171003
internal_weight=130.487 97.3529 60.1511 43.4254 21.0017 18.3306 16.7257 33.134 13.6641 37.2018 31.4097 22.4237 5.79205 1.14398
internal_count=16401 15660 6602 3200 1484 1123 3402 741 703 9058 8588 1716 470 288
is_linear=0
shrinkage=0.02


Tree=186
num_leaves=15
num_cat=0
split_feature=83 28 81 51 52 39 16 52 1 15 79 83 9 2
split_gain=20.7291 11.4957 10.0514 7.80323 7.61157 6.41159 5.87103 5.63357 5.33672 5.30981 4.63831 3.73796 3.54939 3.39522
threshold=0.7764904940749584 0.10363300242329997 0.1571666666666667 0.056112563341467088 -0.032788569778870034 0.019232541656651177 0.02454670672341697 0.019065199879395676 0.31595925297113753 -0.0028161012823276588 0.21265381961034133 0.22968822570177908 36.443479478918618 0.46042188805346701
decision_type=10 10 8 10 8 10 10 10 10 10 10 10 10 10
left_child=1 2 7 4 8 10 -7 -1 -4 -3 -6 -11 -13 -5
right_child=-2 9 3 13 5 6 -8 -9 -10 11 -12 12 -14 -15
leaf_value=0.033800489012520245 0.013384393242230223 -0.002888082000820811 -0.011116909867435519 0.015894824345062571 -0.015478819530453287 -0.011050698735550122 0.023049689969185598 -0.005738204074351637 0.032457740335623278 -0.010274993998189161 0.020549824363396547 0.029866253120462885 0.0025304310861334113 -0.0097191586699476376
leaf_weight=2.6145472030621013 35.417284457478672 7.2478633744176504 1.2344032353721561 5.8811191911809129 59.425002553267404 3.3191504220012567 2.8838463409338146 1.978694536257535 1.761052187066525 1.0134404569398601 0.63778321794234116 6.4194136469159258 2.8203382515348494 2.1762250484898686
leaf_count=161 759 410 365 129 12856 572 249 228 113 183 110 137 70 44
internal_value=0.000461422 -0.00423002 -0.00737527 -0.00914953 -0.0113161 -0.012783 0.00580201 0.0187872 0.0162129 0.0100939 -0.014766 0.0187119 0.0225843 0.00866744
internal_weight=134.83 99.4129 81.9118 77.3186 69.2612 66.2658 6.203 4.59324 2.99546 17.5011 60.0628 10.2532 9.23975 8.05734
internal_count=16386 15627 14827 14438 14265 13787 821 389 478 800 12966 390 207 173
is_linear=0
shrinkage=0.02


Tree=187
num_leaves=15
num_cat=0
split_feature=85 18 52 50 56 51 23 55 20 60 19 22 48 83
split_gain=19.661 14.3924 8.31762 8.5183 7.08199 8.18507 8.94503 6.41494 5.10596 5.06843 4.11984 3.69261 3.57235 3.81407
threshold=0.38419537273268639 0.023297797386698463 -0.021900505289448018 0.0093207521394544929 0.014855424538373999 0.050147874739320954 655.64111777777782 0.0052591339615136118 0.12787298379089199 0.6373603047311206 -0.1201997872461376 0.03837546926599205 0.94184508787734367 0.5103768113218955
decision_type=10 8 10 10 10 10 8 10 8 10 10 8 10 8
left_child=1 2 3 -1 5 6 12 -6 10 -2 -3 -9 -4 -14
right_child=9 8 4 -5 7 -7 -8 11 -10 -11 -12 -13 13 -15
leaf_value=-0.012346086622269015 0.017962580519736732 0.0090674160246546915 -0.01646645557314565 0.034178958945971283 0.0018846939899326742 0.011811492373830073 0.01690868724664343 0.040854261685721024 0.010135235217113892 -0.0018683439978804098 -0.016463601252587178 -0.0020299961299984769 -0.014911770081527633 0.0079842710245900637
leaf_weight=1.5642983247525979 27.296329486649483 2.1118670040741554 20.364166370825846 4.8669608591590077 7.32057041605003 9.9183990980964136 4.1224576709792009 2.7783394260331988 2.941365545615553 6.0868385708890846 33.140743706608191 0.9040130514185879 4.024525478947905 5.9471739779692152
leaf_count=306 675 106 3775 145 456 179 316 111 210 103 8973 31 913 157
internal_value=0.00134306 -0.00311413 0.00285577 0.022724 0.000186343 -0.00343066 -0.0080273 0.0138448 -0.0126018 0.0143976 -0.0147262 0.0321411 -0.0118474 -0.00177333
internal_weight=133.388 100.005 61.8109 6.43126 55.3796 44.3767 34.4583 11.0029 38.194 33.3832 35.2526 3.68235 30.3359 9.9717
internal_count=16456 15678 6389 451 5938 5340 5161 598 9289 778 9079 142 4845 1070
is_linear=0
shrinkage=0.02


Tree=188
num_leaves=15
num_cat=0
split_feature=84 60 42 39 55 17 56 80 79 18 25 84 8 20
split_gain=16.0034 9.56021 9.25205 7.01202 8.73429 6.94386 7.2031 6.46778 5.75716 5.68759 4.54065 4.20518 3.82894 3.77901
threshold=0.16065295708174115 0.43800562594038256 0.055778783027266625 0.026794998860161592 -0.038614057738887646 0.061752228418895092 0.01713341890952132 0.018750000000000003 0.16185666919707728 -0.029869151834900989 0.3270755500469405 0.68861456942433563 0.95937595434832212 0.047228509936673664
decision_type=10 10 10 10 10 10 10 8 10 8 10 8 10 10
left_child=7 5 3 4 10 6 12 8 -1 13 -3 -6 -2 -9
right_child=1 2 -4 -5 11 -7 -8 9 -10 -11 -12 -13 -14 -15
leaf_value=-0.0014943590581871194 -0.016590907322897065 -0.008711348178429992 0.018427879425378893 0.019831368512857623 -0.017138917739198848 0.015822007837553755 0.018862641393796047 0.01820074571577562 0.03970754432506822 -0.017511187046789597 0.015000194960479976 0.010044437553856421 0.016039499927369215 -0.010955625772105678
leaf_weight=7.7911182376556081 7.3597520685289037 4.4738908165600098 7.0681841433979562 3.1315781709272406 21.568299482576556 36.454532113857567 3.6462162842508397 2.6855330169200897 0.62632727692835022 25.503491505282003 7.2414989969693124 1.8810297679156054 0.90844075195491303 2.5169172228779644
leaf_count=1137 921 196 151 87 1578 1162 87 154 32 10256 329 36 13 283
internal_value=0.00102153 0.00549812 -0.00110655 -0.00508913 -0.00779541 0.0115895 -0.00158316 -0.00957341 0.00546224 -0.0137374 0.00597222 -0.0146367 -0.011662 0.00460293
internal_weight=132.857 93.7334 45.3645 38.2963 35.1647 48.3689 11.9144 39.1234 8.41745 30.7059 11.7154 23.4493 8.26819 5.20245
internal_count=16422 4560 2377 2226 2139 2183 1021 11862 1169 10693 525 1614 934 437
is_linear=0
shrinkage=0.02


Tree=189
num_leaves=15
num_cat=0
split_feature=83 19 52 1 79 51 28 39 38 53 69 15 76 0
split_gain=17.3417 12.2389 14.9415 8.89813 7.33621 7.17471 6.15733 6.29415 6.19688 5.53175 4.77611 4.06619 4.02416 3.58008
threshold=0.7764904940749584 -0.039468938512842382 -0.010808841467000478 0.27794214332675876 0.19019036519036522 0.056112563341467088 0.10363300242329997 0.035128409727237478 -0.0024172423352849556 0.027570328075379891 0.54354170936667356 -0.0028161012823276588 173.85397707315519 0.13010914355718903
decision_type=10 8 10 10 10 10 10 8 10 10 10 10 10 10
left_child=1 2 3 -1 9 6 7 12 10 -3 -8 -5 -4 -13
right_child=-2 4 5 11 -6 -7 8 -9 -10 -11 -12 13 -14 -15
leaf_value=-0.012504045211151537 0.012727025319426296 -0.015756268770138981 -0.015714539803693531 0.0016952308373579415 0.02762571700596551 0.013145586950832762 -0.010356437520887735 0.020244892521743406 -0.0084528412746665647 0.0072304093690852816 0.028296041302511826 0.063462765507427993 0.0086399626851593227 0.02255980915532799
leaf_weight=1.5976438156794737 35.065453908871859 35.776687884121202 23.921144008287239 1.4927548912819473 0.92225543572567303 8.8839808390475792 1.1113274162635205 1.5630278680473519 5.0644994669128192 4.1430914168013251 4.3009022623300552 1.3341838272754101 2.4097598402295253 4.7587767792865634
leaf_count=324 749 10071 3545 119 134 147 52 114 285 374 113 78 226 121
internal_value=0.000871043 -0.00348857 0.00254739 0.0245298 -0.0116909 -0.00214443 -0.00592851 -0.0107384 0.00669759 -0.0132522 0.0199819 0.0328775 -0.0132511 0.0392009
internal_weight=132.345 97.28 56.438 9.18336 40.842 47.2546 38.3707 27.8939 10.4767 39.9198 5.41223 7.58572 26.3309 6.09296
internal_count=16452 15703 5124 642 10579 4482 4335 3885 450 10445 165 318 3771 199
is_linear=0
shrinkage=0.02


Tree=190
num_leaves=15
num_cat=0
split_feature=17 60 42 14 41 38 6 53 83 82 41 63 59 83
split_gain=18.5826 14.6782 8.53601 8.78194 7.06778 6.9043 6.41071 5.4997 5.28648 6.67505 4.29846 3.99985 3.90202 3.01085
threshold=0.061752228418895092 0.41658480681074012 0.045226870039036637 0.090057866524896044 0.015498068334854769 0.065685975754860182 185.18761274911279 -0.064030078326181794 0.23865890136818399 0.14016666666666669 -0.006952992173091096 0.19017399175299207 -0.00015960058159509053 0.50195955021895278
decision_type=10 10 10 10 10 10 10 10 10 10 10 10 10 10
left_child=4 8 3 5 6 7 -1 -3 9 10 -2 13 -9 -10
right_child=1 2 -4 -5 -6 -7 -8 12 11 -11 -12 -13 -14 -15
leaf_value=-0.017599482847770319 -0.0085570790941748402 0.0098326663887384532 0.016023937394818107 0.016592106611134656 0.016285711666639457 0.016897901318494869 0.011963054529635543 -0.017866055373873459 0.031714574440484956 -0.015219929692110596 0.030948782167856747 -0.00078873736990372892 -0.0030444600504150026 0.015234769195978453
leaf_weight=27.328302993089896 1.1636643777601423 3.9126461884006849 8.2581954312045109 5.6212071658810592 2.4217875187750897 3.094782519619911 2.5760626990813753 22.915525882039216 6.6488970450591323 4.529174012481235 2.0861462245229623 4.2233135392889372 10.781839289935307 23.498912800569087
leaf_count=8838 211 294 233 233 258 188 227 2814 392 1251 163 160 683 566
internal_value=0.00089996 0.00529094 -0.00157302 -0.00498221 -0.0120043 -0.00828796 -0.0147482 -0.0107444 0.0140102 -0.000815108 0.0181179 0.0172937 -0.0133481 0.0197708
internal_weight=129.06 96.7343 54.5842 46.326 32.3262 40.7048 29.9044 37.61 42.1501 7.77898 3.24981 34.3711 33.6974 30.1478
internal_count=16511 7188 4445 4212 9323 3979 9065 3791 2743 1625 374 1118 3497 958
is_linear=0
shrinkage=0.02


Tree=191
num_leaves=15
num_cat=0
split_feature=18 53 56 50 83 50 43 23 56 20 42 82 17 2
split_gain=17.3027 11.2739 11.752 9.52419 8.94753 8.4831 6.48652 6.34811 5.00848 6.17165 4.54384 4.4964 4.66759 4.36292
threshold=0.024504593044513915 -0.039894549012765665 0.014855424538373999 0.10536311932786044 0.63095571263682437 0.0093207521394544929 -0.0007888230977960599 539.81633620689661 0.017900561474911481 0.13039099064368179 0.049855611265032344 0.15916666666666671 0.087956043956043964 0.48522131624927206
decision_type=8 10 10 10 10 10 10 8 10 10 10 10 10 8
left_child=1 5 3 6 -2 -1 10 -8 9 -6 -3 13 -13 -7
right_child=4 2 -4 -5 8 11 7 -9 -10 -11 -12 12 -14 -15
leaf_value=-0.008847536863597542 -0.016061462284117936 -0.018062309215334253 0.013940878908076175 0.012092222783136935 -0.012235148581485633 0.033225534939731821 -0.0074461696612027929 0.025309441764795038 0.015523368023599713 0.01871574868263319 0.012973975737496311 -0.014066631525390456 0.015960102350822264 -0.0032886246930708602
leaf_weight=3.9351410256931585 26.348356808885001 20.773145530722108 18.804777657729574 9.2476704344153386 10.112470144173132 10.731075301184319 5.8754513759631672 2.6455068634822974 5.9879461647942653 2.4023274760693303 1.3626178242266167 1.7228961259825144 10.27040126826614 1.2814674682449556
leaf_count=719 8902 3353 757 229 253 411 866 115 114 31 41 296 326 46
internal_value=0.00117416 0.00637354 0.00131408 -0.0048316 -0.00879071 0.0165917 -0.0101574 0.00431364 0.00185568 -0.00534863 -0.0156736 0.0209488 0.010896 0.0293769
internal_weight=131.501 86.6502 58.7092 39.9044 44.8511 27.941 30.6567 8.52096 18.5027 12.5148 22.1358 24.0058 11.9933 12.0125
internal_count=16459 7159 5361 4604 9300 1798 4375 981 398 284 3394 1079 622 457
is_linear=0
shrinkage=0.02


Tree=192
num_leaves=15
num_cat=0
split_feature=59 51 52 6 53 79 27 56 28 28 53 53 81 39
split_gain=16.5317 15.0009 12.0405 11.317 6.27777 6.09372 5.09134 4.27897 4.23882 4.0243 4.03079 3.78158 3.846 4.32457
threshold=0.0090544910159062932 0.030629445201025316 -0.032788569778870034 221.71294535573125 -0.026263931991370098 0.19019036519036522 -0.12491705942388258 0.0051199250325211073 0.10363300242329997 0.12759919229727484 -0.037309959761778193 -0.096812971225652897 0.16358333333333336 0.02007964937335999
decision_type=10 10 8 10 8 10 10 10 10 10 10 8 8 10
left_child=1 2 -1 5 -3 8 -6 -2 11 10 -5 -4 -13 -14
right_child=7 4 3 9 6 -7 -8 -9 -10 -11 -12 12 13 -15
leaf_value=0.022065506406917342 -0.00080371363821554081 0.020189974055840096 0.015690518180260592 0.017339062691400963 0.017825410558935498 0.025986061454908331 -0.0054637357088007056 0.022475210699001484 -9.2856356918342415e-06 0.022697209625534336 -0.016116841869158679 0.0053402332535807499 -0.017591536984951625 0.0032914706120596555
leaf_weight=4.7658978933468461 3.8204937956761595 13.246043267427011 0.91482331370934844 1.4666977290762591 4.4112393644172689 0.84800529258791257 11.322422772529537 15.539830924943088 10.479995772824621 4.9209304903633893 2.494623057311399 3.1703838835237539 47.463903274736367 4.0066958246752611
leaf_count=517 293 287 75 103 118 159 743 455 590 101 303 472 11571 659
internal_value=0.00151565 -0.00154754 -0.00598268 -0.00801145 0.0105658 -0.0108398 0.00174087 0.0180676 -0.0116932 0.0122276 -0.00273154 -0.0138582 -0.014626 -0.0159342
internal_weight=128.872 109.512 80.532 75.7661 28.9797 66.8838 15.7337 19.3603 66.0358 8.88225 3.96132 55.5558 54.641 51.4706
internal_count=16446 15698 14550 14033 1148 13526 861 748 13367 507 406 12777 12702 12230
is_linear=0
shrinkage=0.02


Tree=193
num_leaves=15
num_cat=0
split_feature=59 52 28 1 52 39 64 15 58 81 15 23 87 32
split_gain=15.4628 14.6934 14.1411 12.1073 6.83813 5.71545 5.32649 5.32643 4.30585 4.06759 3.41045 2.974 2.69288 2.51073
threshold=0.0090544910159062932 -0.017710132835875022 0.1081076872719878 0.29792606920266501 0.043171938764465047 0.021220317561729117 2.4216374269005851 0.080933255673877436 0.01154647156749714 0.1501666666666667 -0.00032210283604128378 4.9650349358974362 0.077350427350427367 -0.00944647308786308
decision_type=10 8 10 10 10 10 10 10 10 8 10 10 10 8
left_child=1 3 5 -1 13 7 12 9 -7 11 -5 -3 -4 -2
right_child=4 2 6 10 -6 8 -8 -9 -10 -11 -12 -13 -14 -15
leaf_value=-0.014896433734935426 0.016889257134868413 0.031295037243367137 -0.0099796797831406322 0.003623978972641083 0.02303799928648587 -0.011347158831851776 0.017240540292060406 0.010506342033439749 0.017249492799100388 -0.013890497915755426 0.030332234794219419 -0.0072522360033767551 0.013583382372501968 -0.0075708282638428043
leaf_weight=3.4202951265033326 1.2887183558195827 0.54788390872999926 5.8702888430561897 2.7711855686502522 13.920101120835168 2.5835500622633836 11.331285875989122 3.3674514116719356 4.3931503328494728 61.99705657386221 8.4361017494229582 1.0492896309588102 1.744953967630863 5.3274431019090143
leaf_count=1027 65 52 277 276 373 555 418 82 177 12393 306 158 47 326
internal_value=5.12153e-05 -0.0030215 -0.00598508 0.014976 0.015531 -0.00991787 0.00909033 -0.0117065 0.00656487 -0.0130272 0.024566 0.0129291 -0.00363049 -0.00121442
internal_weight=128.049 107.512 92.8849 14.6276 20.5363 73.9384 18.9465 66.9617 6.9767 63.5942 11.2073 1.59717 7.61524 6.61616
internal_count=16532 15768 14159 1609 764 13417 742 12685 732 12603 582 210 324 391
is_linear=0
shrinkage=0.02


Tree=194
num_leaves=15
num_cat=0
split_feature=59 19 30 80 85 56 56 30 50 79 61 10 76 83
split_gain=18.6915 12.9735 8.08962 7.54439 7.37241 7.11658 6.94731 4.53102 3.95621 3.9282 3.79441 3.74534 3.34071 3.0894
threshold=0.0090544910159062932 -0.069448410096533339 -0.0029020071466049516 0.016750000000000004 0.29764828562403445 0.016743920256971207 0.007255458495607766 0.035977222023676807 0.030631479184293976 0.19019036519036522 0.35046023096253215 1.8124281277477809 148.7476780185759 0.047655720296097194
decision_type=10 8 10 8 10 10 10 10 10 10 8 8 10 10
left_child=1 2 8 9 11 12 -2 -7 -1 13 -6 -4 -5 -3
right_child=6 3 4 5 10 7 -8 -9 -10 -11 -12 -13 -14 -15
leaf_value=-0.011761143910502607 -0.0017677477365958399 -0.01067928692013116 -0.015185619014542967 -0.016253973132782977 0.015864870681981499 -0.0082914736655857676 0.023694211114493907 0.018911503317581558 0.017983051391343843 0.041159057912741492 -0.0084132524103928824 0.0090607237909236908 0.00039859465037760285 0.012644067788302179
leaf_weight=1.306273808004337 5.5682544421870288 3.0075343444477758 12.235353831201794 40.294518394512124 8.7125824918039108 4.0849571657599872 15.879516124958171 3.8675698868464679 16.737481996184215 0.30185669078491617 2.78796693799086 2.4484073949279255 5.4019272797740987 4.3209327689837664
leaf_count=184 353 526 1384 10646 199 644 438 192 490 17 53 94 1021 372
internal_value=0.000718768 -0.00278258 0.00540212 -0.00868175 -0.00174815 -0.0113224 0.0172995 0.00557287 0.0153252 0.00904529 0.00977715 -0.0108228 -0.014319 0.00293939
internal_weight=126.955 105.507 44.2281 61.2793 26.1843 53.649 21.4478 7.95253 18.0438 7.63032 11.5005 14.6838 45.6964 7.32847
internal_count=16613 15822 2404 13418 1730 12503 791 836 674 915 252 1478 11667 898
is_linear=0
shrinkage=0.02


Tree=195
num_leaves=15
num_cat=0
split_feature=17 60 42 18 68 22 84 54 22 28 53 39 74 84
split_gain=18.4968 14.103 8.1589 7.52435 6.35102 5.87528 5.33276 3.95502 6.09298 3.92499 3.67987 3.57071 3.53241 3.68934
threshold=0.075305641478862886 0.48694173143499103 0.020644057503513145 1.0000000180025095e-35 0.6854175000786592 0.024912399669046629 0.46943022722953437 -0.021516814459668267 0.057894724727635648 0.066465199054945148 -0.032010770075710342 0.028277308816355005 0.7544076708939067 0.39775685758365437
decision_type=10 10 10 10 10 10 10 8 8 10 8 10 10 10
left_child=2 4 12 7 6 9 -2 -3 11 -4 -6 -9 13 -1
right_child=1 3 5 -5 10 -7 -8 8 -10 -11 -12 -13 -14 -15
leaf_value=-0.018229457860618442 -0.0048045239024071089 0.021354547483740566 -3.4310253650226062e-05 -0.01298188488527652 0.027308517215666843 -0.010344193874225163 0.015616346544560842 -0.010930159778374551 0.016896702736484134 0.034615507860932933 0.011885645123329982 0.01712271535401828 0.019343164214394973 0.003335150624824017
leaf_weight=27.644842370296836 11.573661283589901 3.5015023734886199 2.2036887843860296 16.400395401753485 11.618275354034266 3.6956469051074237 7.7141010630875817 11.340676628635263 5.1114158327691319 2.2090046209050342 18.097419151687067 1.211717361351474 0.36568562989123066 3.2518075164407483
leaf_count=9915 1000 85 379 1976 427 351 191 666 154 111 1035 34 23 58
internal_value=0.000823578 0.00598075 -0.0103834 -0.0032027 0.012944 0.00685072 0.00372993 0.00461872 0.000334756 0.0205021 0.0186085 -0.00715851 -0.0149271 -0.0159264
internal_weight=125.94 86.5692 39.3707 37.5657 49.0035 8.10834 19.2878 21.1653 17.6638 4.41269 29.7157 12.5524 31.2623 30.8966
internal_count=16405 5568 10837 2915 2653 841 1191 939 854 490 1462 700 9996 9973
is_linear=0
shrinkage=0.02


Tree=196
num_leaves=15
num_cat=0
split_feature=85 52 50 51 28 59 64 80 72 52 68 60 39 70
split_gain=14.3339 10.9435 11.8238 9.00159 7.6293 6.81189 5.99738 5.33983 5.81289 4.63552 4.53402 4.50792 4.14872 3.98296
threshold=0.44386905409445288 -0.021900505289448018 0.0093207521394544929 0.026292705255873936 0.10363300242329997 0.0062334897772873448 2.858803986710964 0.015250000000000001 0.13650322641420568 0.00037437116837032996 0.71574473263333582 0.6373603047311206 0.019232541656651177 0.22477725193665235
decision_type=10 8 10 10 10 10 10 8 10 8 10 10 10 10
left_child=1 2 -1 4 5 7 13 8 -3 -5 -10 -2 -7 -6
right_child=11 3 -4 9 6 12 -8 -9 10 -11 -12 -13 -14 -15
leaf_value=-0.011094230350799402 0.018321498072515766 -0.010486675113037204 0.031945890141566215 0.02354625750972961 0.01745204408429241 -0.0031495066100108117 0.021712514801948388 -0.017004109235080479 -0.0077266842633764822 0.0011264271826197587 0.045498295662306662 -0.0026826650052606455 0.026940655004993798 -0.014412890202793648
leaf_weight=3.3943810169585031 19.068651892244819 3.0275197948794803 5.9424327436136082 3.4587016450241208 1.2120214839233066 6.7785659478977305 4.41322988178581 41.787348422221839 0.60347535018809118 22.037345273420218 0.80666347336955369 4.8381564533337942 1.431766884634271 4.8517575942678377
leaf_count=931 594 449 256 58 57 580 230 11599 84 1141 79 71 44 349
internal_value=0.00055209 -0.00281112 0.0167392 -0.00499119 -0.00890838 -0.0118872 0.00625585 -0.0148223 0.00507117 0.0049417 0.0289654 0.0141337 0.00445312 -0.00647478
internal_weight=123.652 99.7452 9.33681 90.4084 64.9123 54.4353 10.477 46.225 4.43766 25.496 1.41014 23.9068 8.21033 6.06378
internal_count=16522 15857 1187 14670 13471 12835 636 12211 612 1199 163 665 624 406
is_linear=0
shrinkage=0.02


Tree=197
num_leaves=15
num_cat=0
split_feature=83 18 60 23 82 59 28 80 8 18 2 85 48 51
split_gain=13.1037 9.52852 7.27236 7.56352 8.01246 7.55929 5.70653 4.46164 4.23231 3.71348 5.10126 3.64712 3.61989 3.49483
threshold=0.7764904940749584 0.024504593044513915 0.52188279335767185 594.49264202898564 0.14558333333333337 0.0070585146350801067 0.10363300242329997 0.030166666666666671 0.1424807418890861 0.015419637455145187 0.25048262548262551 0.24960156058648117 5.080246491321855 0.035256437724895263
decision_type=10 8 10 10 10 8 10 10 10 8 8 10 8 10
left_child=1 2 3 4 7 11 -3 8 -1 10 -10 -6 -4 -2
right_child=13 6 12 -5 5 -7 -8 -9 9 -11 -12 -13 -14 -15
leaf_value=-0.0098971992562826468 0.0064054880186896306 -0.013754302411463946 -0.013925344856941317 0.027465173698601509 -0.01310108466709162 0.019417684713502172 0.011500729931523511 -0.0021968571022451889 0.028523756769502185 0.044291737224716708 -0.00091948302468324462 0.005756766374792258 0.012373466796045092 0.020144311125747411
leaf_weight=1.1665338358143369 20.011058474890888 29.685629310668446 12.020661926828323 4.8073285550344727 16.541947558522232 3.5914432555437079 3.2878217531833789 4.9802278104471034 3.9334793216548833 1.9951405996689562 4.3858902204083288 4.7188340597786 1.6916864807717491 12.33635727316141
leaf_count=142 368 8917 1214 252 3562 138 205 463 255 191 293 116 21 400
internal_value=0.00133239 -0.00250677 0.00226184 0.00606116 0.00298031 -0.00416759 -0.0109717 0.0133924 0.0197889 0.0237243 0.0145685 -0.008845 -0.0100604 0.012092
internal_weight=125.154 92.8066 59.8332 46.1208 41.3135 24.8522 32.9735 16.4613 11.481 10.3145 8.31937 21.2608 13.7123 32.3474
internal_count=16537 15769 6647 5412 5160 3816 9122 1344 881 739 548 3678 1235 768
is_linear=0
shrinkage=0.02


Tree=198
num_leaves=15
num_cat=0
split_feature=83 60 42 53 57 14 59 53 85 80 81 81 0 53
split_gain=18.5667 11.2329 8.59648 7.27682 5.81133 5.4006 5.18519 5.20183 5.78469 6.28084 4.9972 4.71204 4.14008 3.38495
threshold=0.21353660901714708 0.41181603531464944 0.045226870039036637 -0.064030078326181794 0.0031326355344449223 0.08760690004121395 0.0062334897772873448 -0.037589130003142901 0.26393749977211955 0.019166666666666669 0.21283333333333335 0.14658333333333337 0.073844569859670542 -0.082625899674857908
decision_type=10 10 10 10 10 10 10 10 10 8 10 8 10 8
left_child=11 6 3 -3 5 -5 7 12 9 -9 -6 -1 -2 -13
right_child=1 2 -4 4 10 -7 -8 8 -10 -11 -12 13 -14 -15
leaf_value=0.015627335608357461 -0.007017345760991698 0.014656254173757795 0.015847492067921812 -0.01586171725534247 -0.014846529011522129 0.0086464424764812892 0.023592811010909751 0.021388156588798744 0.015185435000004844 -0.011489840050336826 0.015511628104918214 0.0097627596940865133 0.023058937821032674 -0.015938971738787139
leaf_weight=1.4567853373009736 1.7316588776884589 5.4919088695896781 8.6376989933196437 24.534241732908416 2.2921527618309474 3.5354498883243641 11.562716394895686 1.8838977501727647 7.1843462979886672 11.794568279059604 5.6791737888706848 1.5582831517094744 9.5985240064328519 27.733100703684617
leaf_count=156 313 238 231 2187 61 156 362 41 154 1565 182 240 342 10262
internal_value=0.000817729 0.00523959 -0.00123495 -0.00507669 -0.00839808 -0.0125836 0.0125251 0.00795886 0.00178186 -0.00581302 0.0061003 -0.0124293 0.0182659 -0.0142945
internal_weight=124.675 93.9263 50.1706 41.5329 36.041 28.0697 43.7557 32.193 20.8628 13.6785 7.97133 30.7482 11.3302 29.2914
internal_count=16490 5832 3055 2824 2586 2343 2777 2415 1760 1606 243 10658 655 10502
is_linear=0
shrinkage=0.02


Tree=199
num_leaves=15
num_cat=0
split_feature=58 53 1 28 56 18 64 60 49 51 87 52 52 60
split_gain=16.4307 11.7255 9.68209 8.88185 6.7425 6.17352 5.1645 4.79568 4.77016 4.39138 4.12331 3.86025 3.19603 2.51089
threshold=0.016072647588554947 -0.046912204511976648 0.29041268697062544 0.10363300242329997 0.014855424538373999 0.021770803473100234 2.9104278074866312 0.60282973003889284 -0.43266800028296276 0.052385065182401443 0.068337484433374854 0.032574742129196747 0.0036482181261266598 0.40752358490566043
decision_type=10 8 10 10 10 10 10 10 10 10 10 10 10 10
left_child=1 2 -1 9 5 7 13 -2 -4 10 -3 -6 -10 -5
right_child=4 3 8 6 11 -7 -8 -9 12 -11 -12 -13 -14 -15
leaf_value=-0.013462208066267897 0.01400373212913226 -0.0173534761026817 0.00072099457829007574 0.0085754199407025774 -0.0034176915503278706 -0.010068645188166017 0.024032020397773232 -0.0091649786805365133 0.031212385251570014 0.0031148555308714164 0.0054390330149607811 0.021504325404757687 0.0032505435087349004 -0.013071995531947234
leaf_weight=5.1988323809346211 15.846065612509852 37.550193542730995 5.1280257480684659 2.9898795170010981 2.581107338890436 8.7129543788032588 3.2960641105892137 3.7866677617421365 6.4131846110103634 5.3795992045197627 3.0081844399683169 17.498145802062936 2.4214016561163589 3.7465357531327754
leaf_count=1650 864 10118 508 171 198 1225 191 205 226 160 37 499 230 193
internal_value=0.000733555 -0.00510198 0.00810819 -0.00968741 0.0097075 0.00321144 0.00683539 0.00930745 0.0165027 -0.0133646 -0.0155728 0.0182905 0.0246583 -0.00359751
internal_weight=123.557 75.1319 19.1614 55.9705 48.4249 28.3457 10.0325 19.6327 13.9626 45.938 40.5584 20.0793 8.83459 6.73642
internal_count=16475 13484 2614 10870 2991 2294 555 1069 964 10315 10155 697 456 364
is_linear=0
shrinkage=0.02


Tree=200
num_leaves=15
num_cat=0
split_feature=84 18 55 69 28 0 18 22 63 64 50 41 61 83
split_gain=13.0034 11.2528 6.4868 7.94036 6.24195 6.07926 7.52483 7.02796 5.47292 5.41312 5.41194 4.05649 4.01981 3.30618
threshold=0.63533142302484602 0.024504593044513915 -0.043989820571147455 0.49345263952079382 0.10363300242329997 0.06648250460405157 0.01991039434015646 0.028390354845139926 0.16111821540210289 2.7791327913279136 0.013808662412919311 0.013985059379163455 0.38540821421883781 0.15072815490398139
decision_type=10 8 10 10 10 10 8 10 10 10 10 10 8 10
left_child=1 2 10 -4 11 -5 8 9 13 -8 -1 -3 -12 -7
right_child=-2 4 3 5 -6 6 7 -9 -10 -11 12 -13 -14 -15
leaf_value=-0.012671779273379083 0.016328815162161638 -0.015308257675093362 -0.016115816577783555 -0.015172018777332926 0.010902387411092241 -0.0053633120727090405 0.003683381205898225 -0.0047666831091247577 -0.0078145719681343984 0.067931492288027487 0.024011093619617733 0.0066120923705370992 -0.0089154838276090023 0.011747933450847292
leaf_weight=1.6837040641112242 18.340192552655935 30.055449400213547 8.8290639762999472 5.0549251484917468 4.2147351076127952 5.0484651396982398 0.87878977460786634 1.194035147083923 11.186726631480267 0.97698171518277377 10.342314338078719 3.2279713022289789 1.1837934183422483 21.064403651282191
leaf_count=372 605 8649 762 1778 238 1014 104 114 1043 78 455 332 66 981
internal_value=0.00125602 -0.00150745 0.00337352 0.000217799 -0.0101458 0.00367279 0.00634347 0.0322883 0.00343443 0.0494506 0.0154023 -0.0130515 0.0201876 0.00836397
internal_weight=123.282 104.941 67.4432 54.2334 37.4982 45.4043 40.3494 3.04981 37.2996 1.85577 13.2098 33.2834 11.5261 26.1129
internal_count=16591 15986 6767 5874 9219 5112 3334 296 3038 182 893 8981 521 1995
is_linear=0
shrinkage=0.02


Tree=201
num_leaves=15
num_cat=0
split_feature=56 53 20 51 83 18 30 52 59 15 60 70 54 36
split_gain=16.47 13.7757 8.88784 7.47152 6.59982 6.05958 4.66402 4.43615 3.99187 4.25182 3.92786 3.90254 3.51491 3.15823
threshold=0.014855424538373999 -0.058491280185165424 0.11685201857608232 0.056112563341467088 0.21970208867848276 0.02139475624147447 1.0000000180025095e-35 0.056833753195153422 0.0090544910159062932 0.040891229199868838 0.52494224150124957 0.26649359198258959 0.02354205587989992 0.035953254244124495
decision_type=10 8 8 10 10 8 10 10 10 10 8 10 10 8
left_child=1 5 3 8 -2 6 -1 10 9 -3 -6 -10 -5 -7
right_child=4 2 -4 12 7 13 -8 -9 11 -11 -12 -13 -14 -15
leaf_value=0.026499120861555127 -0.011367211422391678 -0.016981352707450298 0.0068103368118267033 0.015118289132835626 0.01212940978332514 -0.014745507903709595 -0.0019191391721617363 0.022618532433492763 0.023443786995941782 0.003195107540680607 -0.0123725470248362 -0.0091731728139031968 -0.010651818523194119 0.017736281713466626
leaf_weight=8.542717891046772 3.2697488036938038 43.337879990809597 13.406738163903354 5.3140411959029725 8.6965507083805278 3.4438168448396045 2.8781603398965681 16.068581985775381 1.4335848530754436 4.2937119879061347 2.6831607251660907 2.7881019173655659 2.3341225464828312 0.70920921082142641
leaf_count=328 913 11445 776 110 357 853 313 443 117 211 145 222 78 117
internal_value=0.000533711 -0.00386024 -0.007518 -0.0108056 0.012913 0.0126838 0.0197595 0.0161032 -0.0135034 -0.0151343 0.00581947 0.00427133 0.0069313 -0.00683313
internal_weight=119.2 88.4821 72.9082 59.5014 30.718 15.5739 11.4209 27.4483 51.8533 47.6316 11.3797 4.22169 7.64816 4.15303
internal_count=16428 14570 12959 12183 1858 1611 641 945 11995 11656 502 339 188 970
is_linear=0
shrinkage=0.02


Tree=202
num_leaves=15
num_cat=0
split_feature=83 59 53 42 19 54 50 53 19 16 53 83 78 57
split_gain=15.0829 7.93403 8.43165 9.18801 6.00356 5.69642 3.57115 4.10982 3.35538 3.30416 3.25212 3.3974 3.76817 3.07088
threshold=0.21353660901714708 0.004462128232386565 -0.040259675451597247 0.035483765194588221 -0.04418946607079343 -0.022321956025100814 0.10814489495660033 0.0010215823859861877 -0.039993092048839211 -0.0030454373841704015 0.018399397787287702 0.73045416186379353 0.29951811579108173 0.0062118265387333983
decision_type=10 10 10 10 8 8 10 10 8 10 10 10 10 10
left_child=5 2 4 6 9 8 13 -8 -1 -2 11 12 -3 -4
right_child=1 10 3 -5 -6 -7 7 -9 -10 -11 -12 -13 -14 -15
leaf_value=0.027439716997957834 0.025359239557754869 -0.00648860920423184 -0.013787021872077714 0.012999947905899908 -0.004558938799440769 -0.013814223290076635 0.016784982035242372 -0.012165827654817392 -0.0097382392744626116 0.0040740514359642235 0.023313867237423985 0.015745397245825257 0.029230167867929015 0.005850751874222189
leaf_weight=1.4619433330371974 8.8594552197027934 7.3785274570109385 24.79813618503977 9.2971024771686626 5.8924230328993898 27.07354645780288 3.5526493475772432 2.5194685792084783 0.94100288231857154 4.7691762258764347 9.2347517239395511 9.2514975364319962 0.37779439787846048 3.0713302617659783
leaf_count=138 268 447 3124 289 674 10171 77 46 367 287 236 219 23 148
internal_value=0.00104189 0.00515148 0.00121882 -0.00371617 0.0117981 -0.0111286 -0.00853597 0.00475089 0.0142973 0.0186984 0.0141666 0.00818101 -0.00160933 -0.0114952
internal_weight=118.479 89.0023 62.7597 43.2387 19.5211 29.4765 33.9416 6.07212 2.40295 13.6286 26.2426 17.0078 7.75632 27.8695
internal_count=16514 5838 4913 3684 1229 10676 3395 123 505 555 925 689 470 3272
is_linear=0
shrinkage=0.02


Tree=203
num_leaves=15
num_cat=0
split_feature=83 59 52 28 61 54 66 50 79 19 15 21 3 54
split_gain=14.0684 7.57511 9.23928 10.0696 6.16472 5.7789 4.61004 3.72757 3.66525 3.27645 3.12696 2.89157 2.80871 2.69263
threshold=0.21353660901714708 0.0062334897772873448 -0.016317934915348688 0.1081076872719878 0.34385345817088331 -0.022321956025100814 0.34798711755233497 0.017961178379245189 0.19019036519036522 -0.039993092048839211 0.080933255673877436 -0.014434672755801644 0.033403068340306839 0.036677234489162221
decision_type=10 10 10 10 10 8 10 10 10 8 8 8 10 10
left_child=5 2 7 6 -3 9 10 -2 -7 -1 12 -8 -4 -5
right_child=1 4 3 13 -6 8 11 -9 -10 -11 -12 -13 -14 -15
leaf_value=0.026519633104065847 -0.0021539051334417934 0.019756770490412568 0.00068614062496968322 0.0043382356740976642 -0.0062669931137610503 -0.014371645888443392 -0.0020611474563610828 0.026035534427608385 0.019247285542265537 -0.0097076294847880506 0.010597600307722926 0.021351112884348784 -0.013600249706493988 0.02101288096303602
leaf_weight=1.6763135930523274 2.2626193824689818 19.102459998684939 6.8081452344777054 9.2183245583437365 3.9465589745668685 26.021118169068366 4.8542509522521868 6.997147241840139 0.52352262614294787 0.93544518202543292 2.218388632638379 2.5325640405062577 25.83223437552806 6.6525824265554538
leaf_count=142 338 584 939 283 150 10030 497 203 130 368 48 122 2492 161
internal_value=0.00168802 0.00558239 0.0021091 -0.000963697 0.0152256 -0.0101746 -0.0060608 0.0196089 -0.0130339 0.014449 -0.00907617 0.00755444 -0.0106886 0.0121589
internal_weight=119.582 90.4253 67.3763 58.1165 23.049 29.1564 42.2456 9.25977 26.5446 2.61176 34.8588 7.38681 32.6404 15.8709
internal_count=16487 5817 5083 4542 734 10670 4098 541 10160 510 3479 619 3431 444
is_linear=0
shrinkage=0.02


Tree=204
num_leaves=15
num_cat=0
split_feature=17 70 19 87 63 14 42 83 58 85 2 53 28 71
split_gain=14.8004 11.0147 8.59728 5.56622 5.00069 4.87582 6.74074 4.60215 4.29221 4.03034 5.95204 3.77789 3.2257 2.94656
threshold=0.061752228418895092 0.32449074481319984 -0.061367627685785346 0.077350427350427367 0.16202738817874829 0.057520274017386123 0.045226870039036637 0.10045328179940426 0.016869731381845377 0.35994199563952117 0.28012738853503188 0.03392480918853568 0.11067063638378863 0.25993498277597693
decision_type=10 10 10 10 10 10 10 10 8 10 10 10 10 10
left_child=3 4 5 12 7 6 8 -2 -3 10 -6 -4 -1 -10
right_child=1 2 11 -5 9 -7 -8 -9 13 -11 -12 -13 -14 -15
leaf_value=-0.016278624823715171 -0.0066507692988173007 -0.015739973660128387 -0.015439404388598584 0.016245086361954823 0.016702708680411151 0.017800303761087127 0.018847375127210044 0.018846194016429771 0.013295362048075177 0.015131889027523103 -0.013497599218109096 0.0098183211549101382 0.0071976077712185083 -0.0093768182370457739
leaf_weight=24.644464471261024 2.6698294645175364 8.4168196733808163 17.004922912106853 1.787244964390992 2.7521641983184946 7.1471367127960539 4.4672857234254471 25.763813680154271 4.4695859029889133 5.1830275263637295 7.8445852355798706 2.0357184071326619 2.0171611752593881 3.0355495159747079
leaf_count=9122 668 656 2552 34 283 234 125 1195 185 156 910 97 192 116
internal_value=0.000440156 0.00439463 -0.00238466 -0.0119007 0.0114311 0.00472115 -0.00048141 0.0163075 -0.00669787 0.00219619 -0.00489011 -0.0123838 -0.0143065 0.00410099
internal_weight=119.239 90.7904 46.577 28.4489 44.2134 27.5364 20.3892 28.4336 15.922 15.7798 10.5967 19.0406 26.6616 7.50514
internal_count=16525 7177 3965 9348 3212 1316 1082 1863 957 1349 1193 2649 9314 301
is_linear=0
shrinkage=0.02


Tree=205
num_leaves=15
num_cat=0
split_feature=83 60 4 83 82 53 59 53 1 62 70 53 87 63
split_gain=10.7603 8.53787 7.66732 7.10026 6.08793 5.91236 5.86718 6.65965 5.43203 4.89135 4.77128 4.35234 4.03014 3.7781
threshold=0.21353660901714708 0.52494224150124957 0.036730976794387492 0.83283295175689331 0.14316666666666669 -0.046912204511976648 0.009572462689167234 -0.031028577182194091 0.27251387110542041 0.19300046831658205 0.3568420399333263 0.048317019154833905 0.066946778711484606 0.18754844961240313
decision_type=10 10 10 10 8 10 10 10 10 10 8 10 8 10
left_child=4 2 6 11 5 9 7 8 -2 -1 13 -3 -9 -10
right_child=1 3 -4 -5 -6 -7 -8 12 10 -11 -12 -13 -14 -15
leaf_value=0.036374699571655865 -0.0094212921695642996 -0.014375093998039101 0.018071939390371345 0.013375595338271264 -0.016467644090128439 -0.0076028768763968585 0.017614645629715268 -0.010650747118381172 0.025862911781578273 -0.0049262303447369579 -0.01159904958861604 0.019159319983031588 0.011081658135133047 -0.0076735310328074503
leaf_weight=1.8634025789797308 3.6606394072296089 16.925832587410703 19.780915176030248 4.9466955815441898 17.861968603683636 7.9278384869685414 8.1317591066472215 18.83600327081513 8.3181345200864545 1.5605176935205234 1.4244704063748947 0.83766844496130843 3.272525312844663 1.1104003116488463
leaf_count=266 564 1498 583 111 7988 2112 230 2094 372 334 137 14 61 126
internal_value=0.000811923 0.00433243 0.00801484 -0.00602848 -0.00949726 0.00191588 0.00327185 -0.000296435 0.0098474 0.0206924 0.0165931 -0.0118569 -0.00709355 0.0215562
internal_weight=116.459 87.245 64.5348 22.7102 29.2137 11.3518 44.7539 36.6222 14.5136 3.42392 10.853 17.7635 22.1085 9.42853
internal_count=16490 5790 4167 1623 10700 2712 3584 3354 1199 600 635 1512 2155 498
is_linear=0
shrinkage=0.02


Tree=206
num_leaves=15
num_cat=0
split_feature=83 80 26 69 51 78 25 40 83 48 1 46 80 51
split_gain=11.6356 7.41407 8.2471 6.58284 5.74355 5.36157 5.3013 5.17141 5.29117 4.91623 7.49437 6.16337 4.47884 4.17771
threshold=0.7764904940749584 0.018750000000000003 -0.073861281233838103 0.57596296296296312 0.056112563341467088 0.15401978065021546 0.17297969667310273 -0.0034221735106685536 0.040438080514570783 0.13288646910533133 0.27794214332675876 -0.0044469711252735078 0.046166666666666668 -0.019543127352298861
decision_type=10 8 8 10 10 10 10 10 10 10 10 10 10 10
left_child=1 3 -3 -1 5 -4 -5 -8 -9 10 -7 -12 -13 -2
right_child=13 2 4 6 -6 9 7 8 -10 -11 11 12 -14 -15
leaf_value=-0.0084952423496379506 -0.0024459578151898565 0.014806898894428768 -0.013078291489081177 -0.0051646177741716927 0.0087765843917814775 -0.011001726001004212 -0.0083788073799646763 0.0018352979247716512 0.043515376454749594 -0.010294214436441067 -0.0015268268463055443 0.049444292724801997 -0.0063644673115996024 0.015525733398984646
leaf_weight=4.5385301660280666 6.3435621298849609 6.3383881935151294 44.353564024087973 2.3847250958206114 6.865309656597673 3.1510608702665177 1.0093871055869374 1.7130949470447383 4.1689187181182206 7.5887916422216222 2.1118427905021235 2.1689215700607751 0.44724744104314584 22.155225318856537
leaf_count=401 119 329 10334 290 180 1375 105 291 201 1484 400 264 95 634
internal_value=0.000715668 -0.00294035 -0.00549568 0.0100265 -0.00761563 -0.00961023 0.0190334 0.0270003 0.0334069 0.000524609 0.0109307 0.0249167 0.0407819 0.0115781
internal_weight=115.339 86.8398 73.0251 13.8147 66.6867 59.8214 9.27613 6.8914 5.88201 15.4679 7.87907 4.72801 2.61617 28.4988
internal_count=16502 15749 14461 1288 14132 13952 887 597 492 3618 2134 759 359 753
is_linear=0
shrinkage=0.02


Tree=207
num_leaves=15
num_cat=0
split_feature=56 52 20 19 2 87 41 26 54 62 79 58 31 1
split_gain=12.9758 12.3445 11.1105 10.2585 6.40096 5.05661 4.55633 4.80157 4.49326 4.1499 3.91649 3.68831 3.43451 3.22077
threshold=0.021998190042743063 -0.014346967722183994 0.12176976745203409 -0.036983899414161796 0.15260706430327342 0.087129054520358878 0.0099147803218626197 -0.077993513118960398 0.029723808955792689 0.1364001167371954 0.084628544522631716 0.016323815557880938 -0.012789021812994914 0.30447276361819098
decision_type=10 8 8 10 8 10 10 10 10 10 10 10 8 10
left_child=1 3 5 4 -1 6 7 -3 -2 -9 -11 -8 -4 -6
right_child=8 2 12 -5 13 -7 11 9 -10 10 -12 -13 -14 -15
leaf_value=0.05492203891032918 -0.0016271062759624002 0.011478650802308286 0.015215362875748466 -0.011106805995290585 -0.010079678845366225 0.013932973000888338 -0.010538939934966889 0.0084228551553951116 0.021879320388700805 -0.015807798309234827 0.0035510095123181345 0.020846794782011267 -0.0056781545938776011 0.018541484907483849
leaf_weight=1.2382381070638047 4.1656871043378514 2.6221793789882133 10.478040025220251 4.257106532691977 1.2326865091454244 2.7514444682747117 1.8141927188262332 2.7794840029673713 11.970200491603462 50.928925279877149 4.1874636678257948 2.4666148733813316 3.7306666596559799 8.2194742208812368
leaf_count=82 305 194 432 1280 245 67 500 595 522 10715 790 104 313 321
internal_value=1.72217e-05 -0.00279831 -0.00587719 0.0133549 0.0232128 -0.00925118 -0.0104324 -0.011851 0.01607 -0.0130846 -0.0142999 0.00806869 0.00971687 0.0142017
internal_weight=112.842 96.7065 81.759 14.9475 10.6904 67.5503 64.7989 60.5181 16.1359 57.8959 55.1164 4.28081 14.2087 9.45216
internal_count=16465 15638 13710 1928 648 12965 12898 12294 827 12100 11505 604 745 566
is_linear=0
shrinkage=0.02


Tree=208
num_leaves=15
num_cat=0
split_feature=83 19 32 51 18 30 70 56 53 51 42 26 57 74
split_gain=13.1879 7.95368 9.39769 8.81166 6.23873 7.61482 5.77241 4.72517 6.75498 4.11774 3.37725 3.42083 2.91596 2.8895
threshold=0.21353660901714708 -0.1201997872461376 0.002278154587793541 -0.00085133900125365636 -0.0088538817847301204 1.0000000180025095e-35 0.38215423111919933 0.023451680792376191 -0.031321282367276014 0.064526605458248232 0.055778783027266625 -0.077993513118960398 0.0089432098659389062 0.6631006864988559
decision_type=10 10 10 10 8 10 10 10 8 10 10 10 8 10
left_child=4 12 6 10 5 -1 -3 8 -5 -10 11 -4 -2 -6
right_child=1 2 3 7 13 -7 -8 -9 9 -11 -12 -13 -14 -15
leaf_value=0.019885413436312595 0.017492223870102405 0.017119466807239622 0.013660797026352423 0.017798059759110186 -0.0183068896136401 -0.014807241050636601 -0.0085914118091759747 0.02089119263616384 -0.010790248091180121 0.015641529704615659 0.011095425843947029 -0.017229655228699972 -0.0061488493539491084 0.009327439999819262
leaf_weight=4.3001677327556518 18.574667962500826 16.41374413412996 0.82281218725257232 5.0987793478416279 19.43346488184762 3.8792178834555671 3.7107364535331717 4.3365891672438002 13.6786630115239 1.8982554906979192 1.4255868294276286 18.765677239163779 1.8404246615245963 1.0408495261799533
leaf_count=294 553 1061 22 144 9067 941 366 116 921 32 37 2518 38 410
internal_value=0.000679157 0.00457735 0.00113001 -0.00386509 -0.0108549 0.00361116 0.0121964 0.00411271 -0.000207921 -0.00681992 -0.0131162 -0.0153316 0.0151734 -0.0165331
internal_weight=115.22 86.5659 66.1508 46.0264 28.6537 8.17939 20.1245 25.0123 20.6757 15.5769 21.0141 19.5885 20.4151 20.4743
internal_count=16520 5808 5217 3790 10712 1235 1427 1213 1097 953 2577 2540 591 9477
is_linear=0
shrinkage=0.02


Tree=209
num_leaves=15
num_cat=0
split_feature=17 61 41 25 72 20 56 15 84 87 62 87 27 52
split_gain=14.4838 9.02955 8.67494 7.17523 5.2782 5.27203 3.55364 3.12146 4.85342 2.9294 3.07119 2.81559 2.71082 2.65461
threshold=0.082675697508233406 0.33770062655566052 -0.0012676575866056219 0.55765223058334612 0.13478656846440171 0.13690220491771105 0.010859038236280151 -0.0004662256331981794 0.28631241099972343 0.12347560975609757 0.12263153695799595 0.10186786579038397 0.014821757767981671 -0.057845896591437101
decision_type=10 8 10 10 10 10 10 10 10 10 8 10 8 10
left_child=2 3 5 7 11 9 -4 8 -2 10 -1 13 -9 -3
right_child=1 4 6 -5 -6 -7 -8 12 -10 -11 -12 -13 -14 -15
leaf_value=0.012279767378904141 -0.0056325970173995692 0.012167517359582998 -0.0057752877006553398 -0.0087312586794120982 0.0086383028778007648 0.010798751449286478 0.02163160405119029 0.019099073044071182 0.013154293236511322 0.013896095218470185 -0.017219840490690225 0.011596334162192414 -0.0041935278312124355 -0.018358163101542441
leaf_weight=0.79912879795302316 7.6989469549153027 0.57872980507090765 2.5428025063592932 6.4572677316609761 5.9262158954516044 2.7827184522757298 3.8366184710757807 24.071252006338909 14.925292087602427 0.62832152098417182 29.824049167102203 0.96529586426913816 1.8196358971763427 10.744938307092523
leaf_count=230 1091 6 679 680 421 144 226 1090 449 10 10243 21 200 1001
internal_value=0.00076397 0.0060469 -0.00871822 0.0100476 -0.00592164 -0.012708 0.0114051 0.0126729 0.00679337 -0.0150711 -0.0160861 -0.0130647 0.017367 -0.0159373
internal_weight=113.601 73.1876 40.4136 54.9724 18.2152 34.0342 6.37942 48.5151 22.6242 31.2515 30.6232 12.289 25.8909 11.3237
internal_count=16491 4959 11532 3510 1449 10627 905 2830 1540 10483 10473 1028 1290 1007
is_linear=0
shrinkage=0.02


Tree=210
num_leaves=15
num_cat=0
split_feature=84 18 53 20 58 80 60 16 52 8 48 52 1 51
split_gain=12.5781 10.6233 7.11338 5.23204 4.98504 5.54664 5.27409 5.90371 5.12683 5.00142 5.91838 4.84845 4.56656 4.26421
threshold=0.63533142302484602 0.024504593044513915 -0.058491280185165424 0.12787298379089199 0.012850428557040916 0.034166666666666672 0.51686852473369338 0.025228365254717142 0.062891087382671684 0.73956010083434831 -0.053231072688012963 -0.032788569778870034 0.37406669985067204 -0.058981118012566246
decision_type=10 8 10 10 10 8 10 10 10 8 10 8 10 10
left_child=1 2 13 11 5 9 7 12 -8 -4 -11 -3 -6 -1
right_child=-2 3 4 -5 6 -7 8 -9 -10 10 -12 -13 -14 -15
leaf_value=-0.0071232976410824343 0.017544426737197957 0.018108285870641328 -0.0055718432662686113 0.012769122909071231 -0.0099281763972085321 -0.015101944662104731 -0.015646791484012788 0.026638735240107701 0.016799730307975661 -0.015054236075748257 0.025088877571269663 -0.014726580251464351 0.016019974043299478 0.022731045941300029
leaf_weight=1.8842662706738327 14.510484900325535 1.0829502311535177 11.875972037785692 2.6818097267532712 4.9450618709670398 12.364201013580894 5.52858232485596 6.2907946625491595 1.8492210174445061 1.2415809851372612 4.6013391613960257 30.120266248122793 4.0108625424327329 8.6474904401693475
leaf_count=300 555 306 1490 144 522 2545 388 276 45 183 460 8768 109 378
internal_value=0.000814241 -0.00183859 0.00300676 -0.0107084 -0.000104263 -0.00536569 0.00682268 0.0132622 -0.00647965 0.00187207 0.0156053 -0.0130601 0.00213443 0.0172352
internal_weight=111.635 97.1244 63.2394 33.885 52.7076 30.0831 22.6245 15.2467 7.3778 17.7189 5.84292 31.2032 8.95592 10.5318
internal_count=16469 15914 6696 9218 6018 4678 1340 907 433 2133 643 9074 631 678
is_linear=0
shrinkage=0.02


Tree=211
num_leaves=15
num_cat=0
split_feature=42 53 59 18 53 74 84 60 57 80 14 42 57 29
split_gain=12.2932 9.6443 10.165 9.66448 5.2466 4.23685 3.9311 4.1828 4.23513 3.8909 4.7001 3.05538 3.04891 2.56288
threshold=0.03985696498982446 -0.039894549012765665 0.0062334897772873448 0.022129178974451328 -0.002675172768092308 0.7544076708939067 0.46943022722953437 0.43800562594038256 0.0031326355344449223 0.013750000000000002 0.0068462570221907168 0.019341687678531391 -0.01035001071043693 -0.014853055277435035
decision_type=10 8 10 8 10 10 10 8 10 10 10 8 10 10
left_child=1 3 5 9 -4 6 -3 -8 -9 -1 -11 -12 -5 -6
right_child=-2 2 4 12 13 -7 7 8 -10 10 11 -13 -14 -15
leaf_value=0.035663972888771156 0.016589435917590035 -0.013411596615603883 -0.0069805556943571137 0.010845088131693515 0.024378097791290219 0.027797805207209359 0.01630362457437735 -0.016191984088042902 0.013514172851545167 -0.0037421654849713638 0.019633266092817497 -0.009550140288248533 -0.015049401468879404 -0.0025397589542083794
leaf_weight=2.1217821759637472 15.279731850605456 43.045401862822473 4.1984513902571052 1.5567979253828541 5.8817693938035518 0.23364849761128326 3.2407595301046941 5.5609145890921363 1.8470559576526282 6.1823542650090557 11.654031526530158 1.0204193994868553 7.1959177879616618 1.5588312507607023
leaf_count=116 619 10755 361 364 210 11 68 128 25 908 518 51 2208 77
internal_value=0.000519737 -0.00220233 -0.00646069 0.00709333 0.00988821 -0.010105 -0.0107752 0.000118565 -0.00805886 0.0142685 0.0101863 0.0167571 -0.00980393 0.0191059
internal_weight=110.578 95.2981 65.5668 29.7313 11.6391 53.9278 53.6941 10.6487 7.40797 20.9786 18.8568 12.6745 8.75272 7.4406
internal_count=16419 15800 11635 4165 648 10987 10976 221 153 1593 1477 569 2572 287
is_linear=0
shrinkage=0.02


Tree=212
num_leaves=15
num_cat=0
split_feature=59 51 53 87 53 51 74 66 61 57 53 17 85 26
split_gain=12.1126 9.99852 7.97154 6.0538 5.52027 5.98775 5.47432 5.29557 5.26497 4.96589 4.33934 4.11109 3.64883 3.56872
threshold=0.0062334897772873448 0.03284953253341031 -0.027425651962060812 0.085960591133004943 -0.058491280185165424 -0.033669837505721299 0.63423734983618507 0.29936046274797351 0.34385345817088331 0.015994050609731095 -0.096812971225652897 0.065272012235088508 0.096457168452582412 -0.069850051311627456
decision_type=10 10 8 10 8 10 10 10 10 10 10 10 10 8
left_child=1 3 -3 4 5 10 9 -8 12 13 -1 -9 -2 -6
right_child=8 2 -4 -5 6 -7 7 11 -10 -11 -12 -13 -14 -15
leaf_value=0.019547236744330589 -0.0091943193366796922 0.02122408373867949 -0.0012703413169800495 0.016382665692477059 0.00384813713712495 0.021902428523477454 -0.010522606401561914 -0.0077161715576376114 -0.0054514805619607348 0.019898103824208868 -0.015213608595320723 0.040189116480519448 0.020759696927980936 -0.014811098402526377
leaf_weight=0.98637825471814711 1.2272516776574836 10.299952979665248 14.007809204747902 3.5869818255305281 4.1184705017367378 4.0239036031998676 2.0107493507675818 0.62457830447237972 4.0773428976535788 1.0328015044797201 4.7070672108093277 1.3978599822148678 17.347357233986259 43.036046660272405
leaf_count=90 382 238 757 89 286 284 596 295 196 27 1152 138 571 11298
internal_value=0.00132842 -0.00200339 0.00872326 -0.00605397 -0.00759299 0.00578863 -0.0101451 0.0103615 0.0140677 -0.0120372 -0.00717073 0.0277367 0.018412 -0.0131353
internal_weight=112.485 89.8326 24.3078 65.5248 61.9379 9.71735 52.2205 4.03319 22.652 48.1873 5.69345 2.02244 18.5746 47.1545
internal_count=16399 15250 995 14255 14166 1526 12640 1029 1149 11611 1242 433 953 11584
is_linear=0
shrinkage=0.02


Tree=213
num_leaves=15
num_cat=0
split_feature=50 53 59 20 78 54 19 66 53 6 57 82 83 64
split_gain=10.0352 9.24074 8.7244 6.30699 7.20721 5.53712 5.31411 4.94969 5.34885 3.63958 3.55335 2.92649 3.96942 2.73859
threshold=0.0080953393902406124 -0.062235359661856136 0.0090544910159062932 0.12787298379089199 0.15401978065021546 0.019133675568202457 -0.13381317182138161 0.34215529317590559 -0.014397871144082931 400.52631882246379 0.0062118265387333983 0.12916666666666668 0.71235339665572284 2.0275875190258756
decision_type=10 10 10 8 10 10 8 10 8 10 10 10 10 10
left_child=-1 -2 3 4 6 -4 -3 8 -6 10 11 12 -8 -9
right_child=1 2 5 -5 7 -7 9 13 -10 -11 -12 -13 -14 -15
leaf_value=-0.013627044942266273 0.019316969805211571 0.0087466675273065956 -0.0073062833046524528 0.010503863254432175 0.010865592593598421 0.020719011240925702 -0.013506815537455332 -0.0057578689069792011 -0.014486411620799847 0.019009392524803249 0.0046842847476596611 -0.018059107709823882 0.015341106749004107 0.028406941777355272
leaf_weight=15.103035877458749 11.718271226505747 4.9766651375684887 3.1003820167388758 12.109286808990865 6.1308514267439023 11.293498326209372 3.7380468312185355 0.80784501531161268 5.249095121631397 0.6213288054568683 3.5917227433528742 25.308375371154398 2.2074811486527324 3.5473477263003588
leaf_count=5264 767 141 206 524 934 401 786 127 1095 40 257 5631 24 312
internal_value=0.000987493 0.003444 0.000990411 -0.00204755 -0.00488939 0.0146 -0.00929673 0.0063173 -0.0010538 -0.011999 -0.0130668 -0.0151887 -0.00212937 0.0221779
internal_weight=109.503 94.4002 82.6819 68.288 56.1788 14.3939 40.4436 15.7351 11.3799 35.467 34.8456 31.2539 5.94553 4.35519
internal_count=16509 11245 10478 9871 9347 607 6879 2468 2029 6738 6698 6441 810 439
is_linear=0
shrinkage=0.02


Tree=214
num_leaves=15
num_cat=0
split_feature=59 17 60 30 21 51 78 61 7 83 28 59 27 31
split_gain=10.7584 9.3465 8.65044 6.20536 5.82583 6.10382 5.22572 4.72625 4.69839 4.69519 3.90526 3.23302 2.99611 2.99266
threshold=0.0090544910159062932 0.075305641478862886 0.50100402011265999 1.0000000180025095e-35 -0.0085774466329688933 -0.012072851329899574 0.13111895592640141 0.29985640974930422 315.30738127177705 0.7764904940749584 0.08675374817103601 -0.0014071891998865742 0.014821757767981671 0.0026411698016715825
decision_type=10 10 10 10 10 10 10 10 10 10 10 10 8 10
left_child=1 4 3 12 10 -6 -7 -2 -5 -4 -1 -12 -3 -8
right_child=7 2 9 8 5 6 13 -9 -10 -11 11 -13 -14 -15
leaf_value=-0.017045517166038523 0.021906239751284261 0.020322596620301864 -0.011847902217504749 -0.0043077455613877904 -0.00823382734655532 -0.0025240932452390238 0.065293822680997343 -0.00034796099558917563 0.015551956388322187 0.0077924807800919885 -0.010560383683682013 0.017080424795952655 -0.0051842458807996048 -0.0033260654009907055
leaf_weight=21.383116633980542 12.248733728076333 15.38859898271039 16.068459285423163 15.231614128337243 2.690491751418449 0.91972384986001887 0.40254419716075063 5.3188408291898659 5.757567217340692 6.0122451162897041 2.7464231951162219 2.1075563555350518 1.671484299586157 0.19742265914101154
leaf_count=8809 514 718 2297 1416 891 211 60 251 263 130 475 155 196 59
internal_value=0.00164162 -0.00118868 0.00338293 0.00907523 -0.0100376 0.01005 0.032841 0.0155126 0.0015995 -0.0063942 -0.0135116 0.00230864 0.0176748 0.0547479
internal_weight=108.145 90.5772 60.13 38.0493 30.4473 4.21018 1.51969 17.5676 20.9892 22.0807 26.2371 4.85398 17.0601 0.599967
internal_count=16445 15680 5020 2593 10660 1221 330 765 1679 2427 9439 630 914 119
is_linear=0
shrinkage=0.02


Tree=215
num_leaves=15
num_cat=0
split_feature=59 53 87 20 11 56 16 76 78 50 79 38 2 0
split_gain=10.9558 9.311 8.15372 5.83417 5.81473 5.39534 5.32165 5.72452 4.42035 4.12791 3.99479 3.61054 4.06703 3.54609
threshold=0.0090544910159062932 -0.064030078326181794 0.025320512820512824 0.13690220491771105 0.94917302976722573 0.0051199250325211073 -0.044189059673892049 173.85397707315519 0.054747979527277647 0.034825209506679326 0.21265381961034133 0.069461053929362263 0.38964087555636856 0.12773956167013281
decision_type=10 8 10 8 10 10 8 8 10 10 10 10 10 10
left_child=1 8 4 11 6 -2 7 -3 -1 -6 -8 12 13 -4
right_child=5 2 3 -5 9 -7 10 -9 -10 -11 -12 -13 -14 -15
leaf_value=-0.0031111032749269007 -0.0049590839801249634 -0.0048027382310518348 -0.0053727502484109289 0.019354265649099988 0.038808427387848329 0.020287315570290558 -0.015304446128518402 0.031252861526481934 0.021817155675779146 -0.0060227967871674228 0.020295388915081626 0.017716167071248238 -0.012069877690831376 0.013994948169242247
leaf_weight=3.8102081639226517 3.8956787447677952 8.1068950972985458 7.2590218777768367 6.2844017720781258 0.7328897217521434 14.485448371386154 35.465087204123847 1.1899495049146924 8.1051699782256019 1.1276817843317983 0.47523193957749654 2.6871106340549877 10.813118318794293 6.1002772669307888
leaf_count=526 306 1774 284 167 47 471 11487 116 724 81 96 46 198 160
internal_value=0.00128462 -0.00157365 -0.0040654 0.00347696 -0.0093351 0.0149568 -0.0108881 0.0023992 0.0142221 0.0190298 -0.014297 -0.000799262 -0.00347954 0.00382988
internal_weight=110.538 92.157 80.2417 33.1439 47.0977 18.3811 45.2372 9.29684 11.9154 1.86057 35.9403 26.8595 24.1724 13.3593
internal_count=16483 15706 14456 855 13601 777 13473 1890 1250 128 11583 688 642 444
is_linear=0
shrinkage=0.02


Tree=216
num_leaves=15
num_cat=0
split_feature=17 60 21 68 76 51 85 68 55 53 63 35 85 85
split_gain=10.7192 9.78957 7.38575 5.7502 5.10635 3.55389 3.53619 3.42853 3.3887 3.18777 4.07344 3.10216 3.00555 2.90585
threshold=0.062640134529148003 0.50100402011265999 -0.0085774466329688933 0.6870366302377946 99.90634670720452 -0.010586742401611253 0.44386905409445288 0.64821490646444635 -0.045920587799671585 -0.031669626727373647 0.16234530175706649 -0.053952489869251767 0.6369910105598604 0.24960156058648117
decision_type=10 10 10 10 8 10 8 10 10 10 10 10 8 10
left_child=2 3 13 6 8 -4 7 11 -3 -5 -11 -2 -10 -1
right_child=1 4 5 9 -6 -7 -8 -9 12 10 -12 -13 -14 -15
leaf_value=-0.016722060344253178 -0.012655216767873448 0.0049875856917142363 -0.002187490432848104 0.023073900239517081 0.0080966316886955953 0.030266997430631975 0.015961201302090788 -0.011522788632216485 -0.015841164585259609 0.014020954598023999 -0.0065091703244877569 0.012229727110031464 0.011122558078576752 0.0029863527578049059
leaf_weight=18.696734460419982 1.8404718327801672 4.6628049602732089 2.6823465015040711 12.569821258541195 9.0163423364283535 1.4859644180396561 4.302617327310144 7.8525316789746276 14.948684201342987 16.637828115723099 4.3062753388658157 6.4307598822051713 1.1397256404161442 3.2040572853293261
leaf_count=8395 126 374 813 706 716 256 161 839 1731 1287 498 553 42 83
internal_value=0.00175394 0.00524065 -0.00922186 0.0102553 -0.0038841 0.0129999 0.00175296 -0.00274919 -0.0092226 0.0152364 0.00969553 0.00592471 -0.0133919 -0.0138342
internal_weight=109.777 83.7079 26.0691 53.9403 29.7676 4.16831 20.4264 16.1238 20.7512 33.5139 20.9441 8.27123 16.0884 21.9008
internal_count=16580 7033 9547 4170 2863 1069 1679 1518 2147 2491 1785 679 1773 8478
is_linear=0
shrinkage=0.02


Tree=217
num_leaves=15
num_cat=0
split_feature=59 53 51 53 87 56 82 61 51 15 63 54 72 61
split_gain=12.7715 8.36909 9.00591 7.50438 6.51768 5.68192 3.84521 3.74076 3.66691 3.57202 3.20501 2.8484 4.74216 2.84226
threshold=0.0090544910159062932 -0.042617378701382387 -0.033669837505721299 -0.087947678985920735 0.031754032258064523 0.0051199250325211073 0.095166666666666691 0.29985640974930422 0.070084032427478238 -0.0019933001952729692 0.15511915458007106 0.047927044685026982 0.15495016884935345 0.20040635693603584
decision_type=10 8 10 10 10 10 8 8 10 10 10 10 10 8
left_child=1 2 3 -1 6 -2 13 -7 11 -4 -6 -8 -13 -3
right_child=5 4 9 -5 10 7 8 -9 -10 -11 -12 12 -14 -15
leaf_value=0.019460545384694328 -0.0055231153077305289 0.0272140472294265 -0.0023577044192913503 -0.016086672189278135 0.0081092965666736874 0.026917769735463632 -0.016782083344075546 0.0033189453897908088 0.0082685298125148611 0.020443285647463609 -0.0064395073786526246 -0.0097122627453051762 0.026557405249144121 -0.0088307928834710954
leaf_weight=2.2717954749241462 3.7207654723897603 0.90917321387678263 3.2252919361926606 8.2231254182988796 12.904558754060419 9.9394678454846108 30.750984449754469 3.9725692849606284 2.4680288233794263 12.236369243124498 9.7787464119028282 5.3801008639857164 0.86626141401939083 0.93398019042797398
leaf_count=200 293 72 345 2405 309 340 9745 130 42 750 216 1325 140 184
internal_value=0.00020704 -0.00288533 0.00652658 -0.00736834 -0.0067447 0.01529 -0.0113853 0.0208536 -0.0127658 0.0158327 0.00183025 -0.0143497 -0.0017115 0.0122673
internal_weight=107.581 89.9484 25.9566 10.4949 63.9918 17.6328 41.3085 13.912 39.4654 15.4617 22.6833 36.9973 6.24636 1.84315
internal_count=16496 15733 3700 2605 12033 763 11508 470 11252 1095 525 11210 1465 256
is_linear=0
shrinkage=0.02


Tree=218
num_leaves=15
num_cat=0
split_feature=85 80 78 50 50 21 73 14 29 85 16 48 74 61
split_gain=9.62357 8.09928 7.62013 7.86358 7.66475 6.07575 5.21421 4.99337 4.86399 5.24855 7.81682 4.26324 3.64434 3.16845
threshold=0.44386905409445288 0.052583333333333336 0.098168473041569476 0.0080953393902406124 0.0209155722531052 -0.015802680456654655 0.080029112081513851 -0.0036515343684781483 -0.046461017808831363 0.17829003198526902 -0.044189059673892049 -0.053231072688012963 0.46881483402489632 0.21337836529670545
decision_type=10 8 10 10 8 10 8 10 8 10 10 10 10 10
left_child=1 2 6 -4 5 -5 8 13 -1 10 -10 -7 -11 -6
right_child=-2 -3 3 4 7 11 -8 -9 9 12 -12 -13 -14 -15
leaf_value=-0.016574185980984871 0.014287112460180473 -0.015229614603060887 -0.014244447055521879 0.0028012934129557081 0.011208262534891164 -0.0042781585324534804 -0.010633215371402872 0.014294538976456583 0.022038737132783402 -0.0085766993389037992 -0.016218583216831992 0.066050881436183845 0.023449598653219161 -0.0094315255180651182
leaf_weight=3.0439060410717502 18.561252385377884 12.911517546395769 4.6156840089242896 1.410468520363793 3.5543274112278613 0.27043942245654751 22.923606729716994 16.822770509170368 2.2233002466382468 1.1931077995104695 5.4139534917194414 1.2448354245861999 6.8595704170875251 7.6959911750163883
leaf_count=698 659 3411 1696 410 411 116 4126 1521 239 67 1801 160 169 950
internal_value=0.00156819 -0.00117756 0.001335 0.00801311 0.0116688 0.038105 -0.00442837 0.00769777 0.00331826 0.0079393 -0.00381924 0.0567883 0.0182812 -0.00252813
internal_weight=108.745 90.1835 77.272 35.6145 30.9988 2.92574 41.6574 28.0731 18.7338 15.6899 7.63725 1.51527 8.05268 11.2503
internal_count=16434 15775 12364 5264 3568 686 7100 2882 2974 2276 2040 276 236 1361
is_linear=0
shrinkage=0.02


Tree=219
num_leaves=15
num_cat=0
split_feature=59 52 20 56 19 19 80 39 44 54 27 81 38 80
split_gain=10.8443 9.0638 11.1272 6.46288 5.77144 5.71333 4.4136 5.33658 4.22786 3.71836 3.6119 3.48089 3.21823 2.79514
threshold=0.0090544910159062932 -0.016317934915348688 0.13690220491771105 0.014855424538373999 -0.1201997872461376 -0.036983899414161796 0.015250000000000001 -0.0055069592824414084 -0.072215740405615902 0.019133675568202457 -0.030030888243092187 0.19516666666666668 0.029075934064854311 0.025583333333333336
decision_type=10 8 8 10 8 10 10 10 10 10 10 8 10 8
left_child=1 5 3 4 12 10 7 -6 -8 -2 -1 -5 -3 -13
right_child=9 2 -4 11 6 -7 8 -9 -10 -11 -12 13 -14 -15
leaf_value=0.0063087397388460901 0.001120279187604496 0.011338386536139049 0.013029566312614519 -0.012645474881535257 -0.012577328092106712 -0.006748621972159038 0.02159895018516703 0.029825717656969716 -0.015839229928904453 0.021181860832506349 0.032850176862386692 0.02068370773281418 -0.0142297759364871 0.0013278061062013758
leaf_weight=4.2210468900157139 5.3214426913764354 6.2072913186857477 12.047078146948477 2.8526939346920672 1.6905707751866432 3.3475163625553241 0.40876579575705463 1.2246375075774256 40.460757782333538 12.027463820879346 4.4643384425435197 4.086523239966481 1.7677124280016867 7.5831217982340613
leaf_count=347 316 205 552 253 269 1161 61 145 11259 449 228 286 84 788
internal_value=0.00140356 -0.00142779 -0.0039525 -0.00718686 -0.0104518 0.0140493 -0.0132583 0.00830383 -0.0149579 0.0154248 0.0219344 0.00437342 0.004717 0.00920348
internal_weight=107.711 90.3621 78.3292 66.2821 51.7597 12.0329 43.7847 2.91521 40.8695 17.3489 8.68539 14.5223 7.975 11.6696
internal_count=16403 15638 13902 13350 12023 1736 11734 414 11320 765 575 1327 289 1074
is_linear=0
shrinkage=0.02


Tree=220
num_leaves=15
num_cat=0
split_feature=17 52 20 79 84 32 63 6 67 42 15 50 52 28
split_gain=10.4256 8.27046 9.74259 6.17046 5.85415 4.88152 4.30684 4.21984 3.78231 5.04157 3.68941 3.17348 2.93521 2.75672
threshold=0.061752228418895092 -0.021900505289448018 0.12176976745203409 0.087521786497437692 0.63533142302484602 0.009605467847029316 0.16306020066889634 185.18761274911279 0.1924501424501425 0.030724394653477625 -0.00098008811250445741 0.082798403532608728 0.02032641371184896 0.11067063638378863
decision_type=10 10 8 8 10 8 10 10 10 10 10 10 10 8
left_child=7 10 3 4 6 -5 11 -1 -4 -10 -2 13 -13 -3
right_child=1 2 8 5 -6 -7 -8 -9 9 -11 -12 12 -14 -15
leaf_value=-0.013186628018754096 -0.0026180099455816049 -0.0098941113677412738 0.032927048751096824 0.034951242045623922 0.012599071699461463 -0.0038705530836201396 -0.013940880185309099 0.011961105847388321 -0.0051271216055018285 0.018445325676821476 0.027873779059755997 0.019001216616071456 -0.0011738963620814115 0.011284375627416703
leaf_weight=22.194841082324277 1.8000267895404247 14.902104595326824 2.8596192398108569 2.0642119710100806 6.378636638633906 1.9328670054674151 18.148683826089837 2.2324389562709248 5.4986529875313845 7.9776175913866609 6.6312262356514093 3.6004083576844987 7.4470260934904218 2.0476921434747046
leaf_count=9075 191 2559 61 193 231 153 2335 227 282 279 302 73 345 107
internal_value=0.000692081 0.0041446 0.00183697 -0.00215028 -0.00409969 0.0191604 -0.00662619 -0.0105083 0.014961 0.00913742 0.0217766 -0.00156734 0.00643269 -0.00684943
internal_weight=105.716 81.2888 72.8575 56.5216 52.5246 3.99708 46.1459 24.4273 16.3359 13.4763 8.43125 27.9972 11.0474 16.9498
internal_count=16413 7111 6618 5996 5650 346 5419 9302 622 561 493 3084 418 2666
is_linear=0
shrinkage=0.02


Tree=221
num_leaves=15
num_cat=0
split_feature=50 52 42 56 51 7 24 62 71 58 40 15 63 52
split_gain=10.386 11.4868 8.08967 6.0089 6.75468 5.96648 5.18731 5.05023 4.4316 3.28585 3.05263 3.16492 3.00826 2.7754
threshold=0.017961178379245189 -0.014346967722183994 0.045226870039036637 0.014855424538373999 0.050147874739320954 391.4505195454546 0.45000000000000007 0.22458144727006329 0.087114613029247195 0.010706922300611659 0.0421251505834958 0.089296846043597222 0.16202738817874829 0.03518592710584615
decision_type=10 10 10 10 10 10 8 10 10 10 10 10 8 10
left_child=5 -2 3 4 6 -1 8 9 -3 -5 11 -10 -11 -6
right_child=1 2 -4 7 13 -7 -8 -9 10 12 -12 -13 -14 -15
leaf_value=-0.015763971324749267 0.023510085997090441 0.026199893397441637 0.016087712941586785 -0.003266056742569033 0.017654627227010878 0.015103771657833475 0.0091895651743394303 -0.0059915237681512166 -0.01613834014773894 0.027038659341154979 0.0055665874042199305 0.0097532515015149156 0.00074759995952027134 -0.0017529880611453026
leaf_weight=17.575135123217482 9.4687592287082207 0.2958588320761909 11.276259345933793 2.6116492203436819 5.148517831694333 2.0867574944859362 4.701498369453474 6.0333895697258404 29.051368767395619 6.5021620850311566 2.7715488635003558 1.3745453599840392 2.3424328661058107 5.3461245673242956
leaf_count=6711 447 105 425 334 105 129 281 434 6518 190 398 27 96 176
internal_value=0.000853071 0.00384394 0.00117077 -0.00157257 -0.00517321 -0.0119155 -0.00904404 0.00818895 -0.0117957 0.0155385 -0.0128906 -0.0146955 0.0208589 0.0084757
internal_weight=106.586 86.9241 77.4554 66.1791 48.6895 19.6619 38.1948 17.4896 33.4933 11.4562 33.1975 30.4259 8.84459 10.4946
internal_count=16376 9536 9089 8664 7610 6840 7329 1054 7048 620 6943 6545 286 281
is_linear=0
shrinkage=0.02


Tree=222
num_leaves=15
num_cat=0
split_feature=50 52 28 40 58 79 51 53 42 54 53 51 66 1
split_gain=10.1497 10.9379 10.0679 8.26824 6.01275 5.18599 5.24519 4.72154 4.10376 3.15738 3.11985 4.8564 2.86625 2.68872
threshold=0.0080953393902406124 -0.016317934915348688 0.1081076872719878 0.027219116041564854 0.012092003034542826 0.084628544522631716 0.070084032427478238 -0.017194367394490272 0.027167474311598855 0.0088938856781056886 -0.03298890556168791 0.022613818440909209 0.29936046274797351 0.28136574074074078
decision_type=10 10 10 10 10 10 10 8 10 10 8 8 10 10
left_child=-1 13 3 5 -5 6 10 12 -4 -10 11 -3 -7 -2
right_child=1 2 8 4 -6 7 -8 -9 9 -11 -12 -13 -14 -15
leaf_value=-0.01505204448579218 -0.0078215557847325593 -0.010954284002380299 0.00055775318103282677 -0.0088424487830020652 0.015905996226389951 -0.0022989178477507894 0.010557883737348337 -0.0093956983936871984 -0.0043896071139204323 0.023743463194230627 -0.015739919644934749 0.014846138011677897 0.042921272780964338 0.025467650843083868
leaf_weight=13.72164419479668 0.63075919728726049 8.3140853759832662 6.890424043522219 4.9768722230801385 11.404371250537222 0.64854357007425256 3.8092823494225732 1.4543959513539442 1.5400966014713038 9.8542761881835741 26.573687699041329 3.2774284054758018 0.96766118134837598 8.3669252214021963
leaf_count=5249 169 1739 417 1243 593 142 88 306 37 310 5546 86 107 364
internal_value=0.000343 0.00286558 0.000387418 -0.00351935 0.0083109 -0.00790863 -0.00981414 0.0141512 0.0130138 0.0198936 -0.0120651 -0.00305967 0.0308327 0.0225851
internal_weight=102.43 88.7088 79.7111 61.4263 16.3812 45.0451 41.9745 3.0706 18.2848 11.3944 38.1652 11.5915 1.6162 8.99768
internal_count=16396 11147 10614 9850 1836 8014 7459 555 764 347 7371 1825 249 533
is_linear=0
shrinkage=0.02


Tree=223
num_leaves=15
num_cat=0
split_feature=18 28 70 1 82 41 14 76 78 59 74 66 22 58
split_gain=10.96 7.295 6.07439 7.98636 5.48348 5.35242 4.86382 5.24387 4.71552 4.27936 4.55551 3.37984 3.32854 3.12573
threshold=0.025259703943144144 0.10363300242329997 0.32449074481319984 0.27925002925002929 0.11416666666666668 0.013985059379163455 0.09279157320579319 100.89692866861985 0.054747979527277647 -0.00013149631884931687 0.63423734983618507 0.31585493584708041 0.041788644091943099 0.01154647156749714
decision_type=8 10 10 10 8 10 10 8 10 10 10 10 8 10
left_child=2 5 3 4 -1 -2 7 -4 -5 10 -9 -10 -13 -6
right_child=1 -3 6 8 13 -7 -8 9 11 -11 -12 12 -14 -15
leaf_value=0.023601767130999384 -0.015092603351090899 0.013103145641183212 -0.0097961869693893363 0.004911810551852103 -0.016036746706590093 0.0091289935560859344 0.017105875489131232 -0.012775039834969233 0.012838018735492705 0.021716554331687888 0.024429876546368582 0.037720647963001057 0.0026696904075739409 0.00517288635839914
leaf_weight=1.6116998264333204 24.940650102100339 4.71026068762876 18.959559874958359 10.25051348062698 6.6278249565511942 3.5638678345130748 4.1409020060673347 4.2874298971146345 10.290157860028559 3.7944125345675328 0.77055475476663549 6.2243652174947774 1.463336238870397 3.7571683661080897
leaf_count=218 8476 263 1649 805 2380 389 172 376 683 138 30 299 86 464
internal_value=0.00131985 -0.00803822 0.00567724 0.010751 -0.00277582 -0.0118575 -0.000842492 -0.00401577 0.016398 0.00810213 -0.00401003 0.0223433 0.032124 -0.00858298
internal_weight=105.393 33.2148 72.1779 40.2251 11.9967 28.5045 31.9529 27.812 28.2284 8.8524 5.05798 17.9779 7.6877 10.385
internal_count=16428 9128 7300 4935 3062 8865 2365 2193 1873 544 406 1068 385 2844
is_linear=0
shrinkage=0.02


Tree=224
num_leaves=15
num_cat=0
split_feature=50 85 82 2 69 50 11 18 36 42 82 42 69 83
split_gain=11.7666 6.32679 9.29622 7.91425 5.45661 5.1135 5.15358 4.77932 4.15139 3.77837 3.67718 4.22094 3.47781 3.41081
threshold=0.010882417031544593 0.24960156058648117 0.14516666666666669 0.27247474747474748 0.5402524670866925 0.032487896936274872 -1.9554604379211555 -0.03128876662469162 0.01311474097967018 0.029119613225506727 0.12616666666666668 -7.6949045382065088e-05 0.65598833819241997 0.83283295175689331
decision_type=10 10 10 10 10 10 10 10 8 8 8 8 10 10
left_child=-1 2 3 5 13 6 -2 -4 -8 -9 -5 -12 -11 -3
right_child=1 4 7 10 -6 -7 8 9 -10 12 11 -13 -14 -15
leaf_value=-0.015113762307749112 -0.0063535244140205376 -0.0044017153838838618 0.0059954705211766393 -0.012633702357382717 0.015506084905011264 0.010002407464777034 0.063030016138913084 -0.016536814425275183 -0.0044372986215562979 -0.010417520893868307 -0.0092839353843991029 0.022091958130518192 0.024341527538828567 0.013045418728585785
leaf_weight=14.593267109128645 0.46189359843265299 13.352377174305731 6.0735084193293032 5.6972485096193823 23.254206282319501 6.3580361591884866 1.4290522681549203 18.020737148122862 0.28227286122273687 1.6258132328512176 2.316919336328283 2.8550088185584181 1.1421325940173117 5.5252293553203335
leaf_count=5698 204 404 409 645 677 742 155 6364 114 228 388 204 93 155
internal_value=0.000928013 0.00371583 -0.00139354 0.00889603 0.00922839 0.0222136 0.0435284 -0.00887745 0.0543695 -0.0132984 -0.00254781 0.00880934 0.00657873 0.00110422
internal_weight=102.988 88.3944 46.2626 19.4004 42.1318 8.53125 2.17322 26.8622 1.71133 20.7887 10.8692 5.17193 2.76795 18.8776
internal_count=16480 10782 9546 2452 1236 1215 473 7094 269 6685 1237 592 321 559
is_linear=0
shrinkage=0.02


Tree=225
num_leaves=15
num_cat=0
split_feature=18 84 50 52 42 39 58 60 76 56 79 50 56 14
split_gain=10.0894 6.10795 5.69458 7.63387 6.26225 6.45175 5.98729 5.98526 4.75929 4.34549 4.25269 5.36565 5.84072 3.8924
threshold=0.024504593044513915 0.16065295708174115 0.0026480677716757832 -0.0030428290805277407 0.045226870039036637 0.014322037828622238 0.0092887415954236736 0.43529831307367906 146.76379556295711 0.017502060170135291 0.19019036519036522 0.085440221317283765 0.01713341890952132 -0.014921312735795387
decision_type=8 10 10 10 10 10 10 10 10 10 8 10 8 10
left_child=2 -2 -1 13 5 7 -7 10 9 -3 11 12 -5 -4
right_child=1 8 3 4 -6 6 -8 -9 -10 -11 -12 -13 -14 -15
leaf_value=-0.012254676675595537 -0.018432095276579828 -0.010332892058930959 -0.0067785238673390728 -0.014326158504541515 0.01934463414681678 -0.009255812547455335 0.025767154624070022 -0.012088299661440798 0.018992192090756352 0.010154284284632742 0.036586913254180876 0.012938351012351156 0.016246499699305503 0.024620868199544434
leaf_weight=5.3693443633383131 11.417992465314454 13.976774468203081 1.3789842954138301 9.0359020065516358 7.8964828923344603 2.1556826189625999 5.6915459918091074 14.912329375511034 3.041377378627657 4.8255408570403224 0.50447514175902597 8.4047038666903955 2.4173417766578451 11.374081211397421
leaf_count=1485 7253 1636 229 2157 306 376 238 1362 226 212 34 363 130 550
internal_value=0.00168444 -0.00723065 0.00601518 0.00771888 0.0040645 0.000891394 0.0161874 -0.0028638 -0.000824936 -0.00482768 0.00414136 0.00160252 -0.007087 0.0209797
internal_weight=102.403 33.2617 69.1409 63.7715 51.0185 43.122 7.84723 35.2748 21.8437 18.8023 20.3624 19.8579 11.4532 12.7531
internal_count=16557 9327 7230 5745 4966 4660 614 4046 2074 1848 2684 2650 2287 779
is_linear=0
shrinkage=0.02


Tree=226
num_leaves=15
num_cat=0
split_feature=59 17 69 53 21 84 71 19 62 37 22 66 25 0
split_gain=8.60743 8.63949 7.8876 8.53739 6.68995 5.18238 4.39207 3.79832 3.79808 4.16169 3.87792 3.65092 3.26307 2.91177
threshold=0.0062334897772873448 0.065272012235088508 0.5296331400535238 -0.014397871144082931 -0.0085774466329688933 0.34931674458752571 0.17386128364389236 -0.087222462070255066 0.22271228640063803 -0.0091073732347016195 0.035403643875370434 0.29498201438848926 0.26238366001312768 0.11089152393500221
decision_type=10 10 10 10 10 8 10 10 10 10 10 10 10 10
left_child=1 4 7 8 -1 -5 -2 -3 9 13 -11 -6 -13 -4
right_child=6 2 3 5 11 -7 -8 -9 -10 10 -12 12 -14 -15
leaf_value=-0.016119568741852292 0.024091799813345784 0.0032619681887797037 -0.0092468836532127799 -0.013545714776303334 -0.0086540302707102668 0.0088614882178705296 0.0049274195108930862 -0.013538152917703035 0.0027184188578212778 0.042088807834168088 0.0052300002847895785 0.036325127769080277 -0.007280303572766671 0.015450468857524473
leaf_weight=18.365474129328508 8.0092085445066932 8.5922049240907672 1.6397293615154946 8.147095254156735 1.535915837157517 6.6059069024631762 11.633020192035472 12.094433296821078 7.2261081356555215 4.0880579762160805 1.8786417465889824 1.3508236919296903 0.563475896953605 9.3312605263199639
leaf_count=8360 464 354 256 1485 577 164 701 2023 834 271 124 288 198 413
internal_value=0.00199381 -0.000919759 0.00304095 0.00827413 -0.0113999 -0.00358689 0.0135303 -0.00673156 0.0153705 0.0203158 0.0329002 0.0116995 0.0253959 0.0112951
internal_weight=101.061 81.4191 59.6034 38.9168 21.8157 14.753 19.6422 20.6866 24.1638 16.9377 5.9667 3.45022 1.9143 10.971
internal_count=16512 15347 5924 3547 9423 1649 1165 2377 1898 1064 395 1063 486 669
is_linear=0
shrinkage=0.02


Tree=227
num_leaves=15
num_cat=0
split_feature=50 28 53 38 51 40 59 53 21 39 40 87 87 64
split_gain=9.16369 7.84619 8.91851 10.6919 4.43369 4.22783 3.78567 3.68543 3.56332 3.35233 3.70451 3.27118 2.94713 2.7909
threshold=0.0093207521394544929 0.11067063638378863 -0.040259675451597247 0.065685975754860182 -0.010586742401611253 0.036963535259548985 -0.00011163418405016872 -0.087947678985920735 -0.015994682686344453 -0.030140652077739961 -0.0023147031540457258 0.084926072845293923 0.067682088868529569 2.3354166666666671
decision_type=10 10 10 10 10 10 10 10 10 10 10 10 10 10
left_child=12 2 4 5 7 9 -7 -2 13 10 -4 -11 -1 -3
right_child=1 8 3 -5 -6 6 -8 -9 -10 11 -12 -13 -14 -15
leaf_value=-0.016637148027465416 0.020666455255305336 0.0037772352255318548 0.019310705047734779 0.016829521272503561 0.020089107541205117 -0.011851110079053762 0.016730037887625511 -0.0062989711638829354 -0.0084704255595750861 -0.014802325737249955 -0.010246552270704257 0.0074560008867321581 0.0098815829325278517 0.022261714933839941
leaf_weight=12.693725104560142 1.7341839015716685 5.0368435765849489 2.1882465037051588 7.1097887885989612 9.7724269717000407 2.0936926121357828 3.9179015754489219 6.8526123992633092 1.8531029660953198 29.731569492723793 2.697333369171246 2.2923532463610163 1.2450830223970104 11.667110023670828
leaf_count=5408 99 251 304 517 428 532 147 1481 89 6235 404 30 26 447
internal_value=0.000724996 0.00317812 -1.61513e-05 -0.0044007 0.0115424 -0.00822055 0.00650537 0.000734605 0.0143492 -0.0107274 0.0040238 -0.0130315 -0.0137655 0.0172162
internal_weight=100.886 86.9472 68.3901 50.0309 18.3592 42.9211 6.01159 8.5868 18.5571 36.9095 4.88558 32.0239 13.9388 16.704
internal_count=16398 10964 10177 8169 2008 7652 679 1580 787 6973 708 6265 5434 698
is_linear=0
shrinkage=0.02


Tree=228
num_leaves=15
num_cat=0
split_feature=50 53 83 51 40 28 53 53 7 50 21 63 83 17
split_gain=9.59468 9.52791 8.10975 6.26415 6.18798 9.54237 5.24808 3.80343 3.41329 3.19401 3.22736 3.03644 2.6844 2.53583
threshold=0.0080953393902406124 -0.039894549012765665 0.23388122669663378 -0.01352769302206122 0.022626533679237611 0.085510776542895031 -0.087947678985920735 0.016397053326194806 85.348557812500019 0.020581216478665901 -0.015802680456654655 0.15761571733513091 0.81459352053955747 0.18052168021680218
decision_type=10 10 10 10 10 10 10 10 8 10 10 10 10 10
left_child=13 3 -3 6 5 -4 -2 8 -6 10 -8 -7 -13 -1
right_child=1 2 4 -5 7 11 9 -9 -10 -11 -12 12 -14 -15
leaf_value=-0.016874413467256197 0.023525680070784163 -0.014008245656765624 -0.011511469562057204 0.021755206712158973 0.013838097192083728 0.015509339307340067 -0.010037216267376652 0.021970050749096855 -0.0088780096525915963 -0.012545535204818279 0.028803639489933065 -0.0087663539876594327 0.014201499091084577 0.0075439039105703511
leaf_weight=11.751739896484649 2.2059304955182588 12.81049823691137 17.894703096011654 14.982152984826824 4.4393329635495329 9.8593409636523592 0.85983360919635743 8.0275452652713266 4.2122863406548285 6.4021635241806507 0.89347848168108768 5.0430022259242824 2.0743872243911028 1.3807571786455799
leaf_count=5146 99 5731 1768 654 278 342 243 266 307 1200 125 163 89 107
internal_value=0.00139042 0.00376602 -0.00037528 0.0138981 0.00321466 -0.001628 0.00162208 0.0128587 0.00300419 -0.00622497 0.0130285 0.00885072 -0.00114744 -0.0139549
internal_weight=102.837 89.7047 64.3611 25.3436 51.5506 34.8714 10.3614 16.6792 8.65162 8.15548 1.75331 16.9767 7.11739 13.1325
internal_count=16518 11265 8944 2321 3213 2362 1667 851 585 1568 368 594 252 5253
is_linear=0
shrinkage=0.02


Tree=229
num_leaves=15
num_cat=0
split_feature=42 52 50 38 20 26 50 41 33 82 0 75 11 85
split_gain=9.42331 9.93754 7.75144 6.36638 5.82572 4.95663 5.03263 4.53402 4.39961 4.14595 4.03855 4.82541 3.97281 2.84242
threshold=0.055778783027266625 -0.016317934915348688 0.017961178379245189 0.065685975754860182 0.12787298379089199 -0.077993513118960398 0.13189325527945919 0.013985059379163455 -0.014551113324296134 0.13341666666666671 0.080084388185654026 0.45350998530301728 -1.5253902624319018 0.26393749977211955
decision_type=10 8 10 10 8 10 10 10 10 10 10 10 10 10
left_child=1 2 -1 4 5 -3 7 9 -6 10 11 -7 -13 -9
right_child=-2 3 -4 -5 8 6 -8 13 -10 -11 -12 12 -14 -15
leaf_value=-0.005850702420851922 0.019026432923113738 0.016488210511804342 0.025941019983595184 0.013059170032144199 -0.0067786626841734457 -0.0088685020905715437 0.0095441597128747141 -0.0099858014038029155 0.018143878573229657 -0.015112823719112128 -0.0086622725212249351 -0.00047383257486670576 0.050541100896629727 0.017781167784433505
leaf_weight=4.201396535499951 9.6216442772420105 2.3582030617399061 7.9004482323070988 7.4276700206100932 4.1008733768248931 1.4191741647664584 4.7070199999725437 1.5992277880432073 5.9039539727382273 40.060530245304108 7.6238410206278786 0.92821523023303598 0.68684891646262236 2.7711501496378332
leaf_count=1382 379 167 380 686 281 603 149 424 268 10301 863 319 149 36
internal_value=0.00119125 -0.000865428 0.0152997 -0.00348283 -0.00534081 -0.00762286 -0.00882931 -0.0105414 0.00824069 -0.0122268 -0.00101346 0.0155883 0.0322522 0.00765311
internal_weight=101.31 91.6886 12.1018 79.5867 72.159 62.1542 59.796 55.089 10.0048 50.7186 10.6581 3.03424 1.61506 4.37038
internal_count=16387 16008 1762 14246 13560 13011 12844 12695 549 12235 1934 1071 468 460
is_linear=0
shrinkage=0.02


Tree=230
num_leaves=15
num_cat=0
split_feature=42 52 56 1 24 51 15 26 39 60 26 53 15 81
split_gain=9.85789 7.97674 8.53225 7.43522 6.95476 6.88391 4.4348 3.7266 3.67794 3.72855 3.29652 3.291 3.39533 2.63731
threshold=0.055778783027266625 -0.016317934915348688 0.014855424538373999 0.28136574074074078 0.55000000000000016 0.056112563341467088 -0.0007429244251679171 -0.077993513118960398 0.019232541656651177 0.41658480681074012 0.029667710263244832 0.040730442123184669 0.080933255673877436 0.1501666666666667
decision_type=10 8 10 10 8 10 10 8 10 10 10 10 10 10
left_child=1 3 4 -1 5 7 -5 -3 9 -4 -6 12 13 -9
right_child=-2 2 8 6 10 -7 -8 11 -10 -11 -12 -13 -14 -15
leaf_value=-0.014353683138379631 0.018618074008370861 0.0079080481151265775 0.010033749073732957 -0.0019018456191905312 0.0013150944161571482 0.0078686951234616682 0.027325183986203837 0.0085735103171407472 0.020408231674514742 -0.0089158194504160831 0.035126417121434078 0.0073825801374276124 0.0077119654168933136 -0.017305266607702589
leaf_weight=2.456480936263687 9.8041806092951429 2.7341193290194497 8.2996496270643565 2.6057875107508153 2.9232657254906367 6.9962140903808168 7.2843587348470447 1.0700990440091107 4.9408289793645954 6.5288501873146734 0.99801657197531302 2.1787367039360097 1.9099502163007844 39.067539756186306
leaf_count=1050 388 219 754 340 213 199 416 166 189 576 35 143 45 11800
internal_value=0.000561016 -0.00158916 -0.00399892 0.0127299 -0.00784557 -0.00977631 0.0201571 -0.0125143 0.00709827 0.00165426 0.0153096 -0.0139238 -0.0151737 -0.0164237
internal_weight=99.7981 89.9939 77.6473 12.3466 57.8779 53.9567 9.89015 46.9604 19.7693 14.8285 3.92128 44.2263 42.0476 40.1376
internal_count=16533 16145 14339 1806 12820 12572 756 12373 1519 1330 248 12154 12011 11966
is_linear=0
shrinkage=0.02


Tree=231
num_leaves=15
num_cat=0
split_feature=42 53 19 15 41 1 60 4 1 32 87 83 21 74
split_gain=7.38972 7.40222 8.99874 7.89365 6.67514 4.17672 4.09849 6.67107 4.60074 4.16076 4.09244 3.66118 3.55844 3.51013
threshold=0.055778783027266625 -0.039894549012765665 -0.036983899414161796 -1.0000000180025095e-35 0.020419786940869111 0.27251387110542041 0.43800562594038256 0.03234524847428074 0.36596254355400698 0.084826426224696674 0.027973395931142415 0.47159531294335566 -0.0083737949577102778 0.6631006864988559
decision_type=10 8 10 10 10 10 8 8 8 10 10 8 8 10
left_child=1 2 3 -1 6 -5 7 8 10 -8 13 -7 -4 -3
right_child=-2 4 12 5 -6 11 9 -9 -10 -11 -12 -13 -14 -15
leaf_value=-0.00063504263278940285 0.017972326463372681 -0.017302731985626821 -0.013741184439947094 -0.0068137982612445566 0.018402740062735859 0.041004569938035536 -0.01427295027213314 0.015801710353871231 0.011229901121433428 0.012971817926782692 0.0021708115741606027 0.014674030073751025 0.011356715358235523 0.014860605313212283
leaf_weight=7.4359208740061176 9.2280724743613955 14.417170225468002 7.2272130572819151 1.1127994923153917 4.0278867965098462 4.7824849085882279 22.068399923969995 6.4147944195428854 4.5795418549096203 1.7093748371116806 8.2340848296880704 6.181200241902844 2.2618359347106871 0.73543453647289503
leaf_count=734 380 6950 2455 286 282 203 3281 356 344 85 196 211 388 323
internal_value=0.00185241 4.38507e-05 0.00822374 0.0157335 -0.00384071 0.02509 -0.00566625 -0.00116164 -0.00546382 -0.0118699 -0.00905921 0.0286271 -0.00724641 -0.0149183
internal_weight=100.416 91.1881 29.0015 19.5124 62.1867 12.0765 58.1588 34.381 27.9662 23.7778 23.3867 10.9637 9.48905 15.1526
internal_count=16474 16094 4277 1434 11817 700 11535 8169 7813 3366 7469 414 2843 7273
is_linear=0
shrinkage=0.02


Tree=232
num_leaves=15
num_cat=0
split_feature=56 52 76 19 21 50 50 31 62 42 82 84 28 82
split_gain=7.97533 9.54347 7.11469 6.23841 6.56857 4.19182 3.77108 3.59864 3.58779 3.53033 3.49095 3.36682 3.34928 4.52048
threshold=0.014855424538373999 -0.032788569778870034 167.452608217814 -0.079417847711462361 -0.0085774466329688933 -0.011025593043763283 0.029790039057954496 -0.025474976069355452 0.22615624485830468 0.03985696498982446 0.15858333333333338 0.10334741422046415 0.081032197085380259 0.20316666666666669
decision_type=10 8 10 8 10 10 10 10 10 10 10 10 10 10
left_child=1 5 3 7 12 -1 -4 -3 11 -10 -6 -2 -5 -14
right_child=8 2 6 4 10 -7 -8 -9 9 -11 -12 -13 13 -15
leaf_value=-0.0094170561993153629 -0.010149171581292677 0.0093516194020286086 -0.011737876607087874 -0.017688942859267615 0.021091352520511138 0.029934834476765558 0.018799792460267369 -0.0061298272957158659 -0.008065764896228891 0.016596480695540358 -0.01036741096574656 0.018326550852072569 -0.012569724972094205 0.016731101689862516
leaf_weight=0.87861110258381803 1.21991882123985 10.862027800001671 1.3453228825237591 26.940963100001682 2.7238087496953076 3.8753824204904959 6.2324669560766779 11.205554548534563 6.1799737878609431 2.4312803302891552 1.502956803771667 14.932740168878807 4.7144175994326352 2.3455190408858471
leaf_count=333 519 568 472 9600 607 236 437 869 655 97 585 600 682 232
internal_value=0.000851615 -0.00250867 -0.00454399 -0.00687489 -0.0116629 0.0222894 0.0126419 0.00156545 0.0104214 -0.000100383 0.0100619 0.0157096 -0.0145739 -0.00196707
internal_weight=97.3909 72.627 67.873 60.2952 38.2277 4.75399 7.57779 22.0676 24.7639 8.61125 4.22677 16.1527 34.0009 7.05994
internal_count=16492 14621 14052 13143 11706 569 909 1437 1871 752 1192 1119 10514 914
is_linear=0
shrinkage=0.02


Tree=233
num_leaves=15
num_cat=0
split_feature=18 79 53 42 19 56 19 31 0 49 18 55 42 60
split_gain=8.51291 5.24634 4.89985 4.86142 4.28906 4.18197 4.8069 3.84599 3.67305 3.20916 3.16802 3.01298 3.14095 3.00746
threshold=0.024504593044513915 0.090975871319929916 -0.040259675451597247 0.027775298725344049 -0.071120782909484329 0.01121752311713981 -0.057124672917723988 -0.0088996587149395689 0.073844569859670542 -0.54129244674931198 -0.0055920474328775551 0.0052591339615136118 0.015282543067828456 0.4773030303030304
decision_type=8 8 8 10 8 10 10 10 10 10 10 10 10 10
left_child=1 2 8 4 -2 6 7 -4 -1 -10 -3 12 -7 -5
right_child=3 10 5 13 -6 11 -8 -9 9 -11 -12 -13 -14 -15
leaf_value=-0.01239827782327025 0.0060181439345176656 0.0015871884719638608 0.0076356285635931654 0.013549451855426962 -0.015530868519974263 -0.010705071260292149 -0.015803502001781919 -0.012414144269543657 2.9711747227103395e-05 0.018730889088205218 0.035497170257180029 0.016384898354339546 0.010552650896076239 -0.01085035285445912
leaf_weight=1.5790106863714779 3.9691643370897509 1.7441660017939282 11.422851147304753 5.3314490913180625 18.93324701505481 4.7149615258676949 9.4974919158848934 4.5422382420510994 4.8957498358795464 13.702864755643528 2.5292114203330121 6.9766363441012791 4.4154830131446943 2.093870994518511
leaf_count=581 675 186 769 376 8055 456 2773 519 426 660 249 317 221 198
internal_value=0.00136206 0.00537226 0.00367218 -0.00726058 -0.0117007 -0.000309563 -0.00528456 0.00153575 0.0115026 0.0140608 0.0245824 0.00740424 -0.000397946 0.00619776
internal_weight=96.3484 66.0207 61.7473 30.3277 22.9024 41.5697 25.4626 15.9651 20.1776 18.5986 4.27338 16.1071 9.13044 7.42532
internal_count=16461 7157 6722 9304 8730 5055 4061 1288 1667 1086 435 994 677 574
is_linear=0
shrinkage=0.02


Tree=234
num_leaves=15
num_cat=0
split_feature=50 52 28 39 82 50 58 60 21 21 83 81 56 58
split_gain=9.75626 9.39751 9.68504 9.22707 7.20723 5.6901 4.53482 4.15486 4.05025 2.75437 3.37298 2.64819 2.57366 2.46229
threshold=0.0080953393902406124 -0.017710132835875022 0.10363300242329997 0.019232541656651177 0.14358333333333337 0.11124360851163824 0.0092887415954236736 0.51686852473369338 -0.015891969905663213 -0.0085774466329688933 0.54311090717484722 0.34783333333333338 0.014855424538373999 -0.00025079810990842052
decision_type=10 10 10 10 10 10 10 10 10 8 10 8 10 10
left_child=-1 -2 3 4 9 11 -5 8 -4 10 -3 12 -6 -11
right_child=1 2 7 6 5 -7 -8 -9 -10 13 -12 -13 -14 -15
leaf_value=-0.014595894047498732 0.022658021940504418 -0.0096533939616357065 0.02177391841312978 -0.0088511993243881662 -0.018950134110591134 0.0076675262834635088 0.022069594902862161 -0.0030466296255548847 -0.0092043539633440627 -0.0080418734270271738 0.0094602070796002101 0.010281755173794401 -0.0036640362070919775 0.024993614155773041
leaf_weight=12.04776589211542 8.5713820921955612 6.2442851196392422 13.246005067834631 1.8833390627987663 21.103822281176697 4.8523583421483627 6.991481042583473 4.3195730207953593 1.3577596197137616 0.65582392935175482 6.5338211118942127 0.99715016694972192 6.1963304161326951 2.8132515433244434
leaf_count=5300 497 1630 577 442 5973 186 338 205 88 134 127 175 653 222
internal_value=0.00154892 0.0039589 0.00161942 -0.00245737 -0.00588331 -0.0111225 0.015276 0.0136665 0.0184885 0.00483155 9.72245e-05 -0.0144963 -0.0157327 0.0183463
internal_weight=97.8141 85.7664 77.195 58.2717 49.3968 33.1497 8.87482 18.9233 14.6038 16.2472 12.7781 28.2973 27.3002 3.46908
internal_count=16547 11247 10750 9880 9100 6987 780 870 665 2113 1757 6801 6626 356
is_linear=0
shrinkage=0.02


Tree=235
num_leaves=15
num_cat=0
split_feature=20 14 38 16 49 69 82 53 4 74 39 32 8 40
split_gain=7.27605 8.44573 7.10698 5.3826 5.08937 3.85722 3.8132 3.76922 3.09577 2.96952 2.84537 2.76393 2.751 2.34563
threshold=0.14188343774398829 0.055294306856720273 0.065685975754860182 -0.04924528437921407 -0.50764379477018962 0.54711944939384416 0.11658333333333336 -0.075143891513852895 0.013015245623941277 0.59635790869901639 0.022646705665259444 0.08986093109787259 0.50001612534669515 0.0041619729094780084
decision_type=8 10 10 10 10 10 10 8 10 10 10 10 10 10
left_child=1 2 3 5 -3 -1 9 -8 -7 -5 11 -9 -2 -12
right_child=12 4 -4 6 -6 8 7 10 -10 -11 13 -13 -14 -15
leaf_value=-0.010162743756556512 0.001079358064416405 -0.0020622362929541651 0.014402794768334053 -0.0039853495637862217 0.020124465500534993 -0.003404966154432509 0.0075463024425749241 -0.015574668526341753 0.02243581654474204 0.022224736311174515 -0.011777840800195132 0.0083686405645477108 0.020272420394185947 0.017544128317018706
leaf_weight=3.1111159697175008 4.4954218590864903 6.6066658335039383 6.2357790240785098 4.677442288491874 9.3417090685688873 2.4524495981750078 3.2367753332364373 36.03775862173643 4.4585922122350894 1.5450219924678092 1.0313571307924569 1.4343344903900277 8.6553332442417723 1.4965833428432231
leaf_count=503 309 756 654 756 756 765 409 10155 297 226 182 107 362 164
internal_value=0.00100771 -0.00127155 -0.00445984 -0.00664275 0.0113542 0.00625397 -0.00932823 -0.0114075 0.0139947 0.00469865 -0.0130879 -0.0144645 0.0142514 0.00563371
internal_weight=94.8163 81.6656 65.7172 59.4814 15.9484 10.0222 49.4593 43.2368 6.91104 6.22246 40 37.4721 13.1508 2.52794
internal_count=16401 15730 14218 13564 1512 1565 11999 11017 1062 982 10608 10262 671 346
is_linear=0
shrinkage=0.02


Tree=236
num_leaves=15
num_cat=0
split_feature=56 50 80 52 26 9 81 53 55 84 81 20 17 42
split_gain=7.51471 7.76413 6.7911 6.63337 7.45591 5.8814 4.1928 3.73135 3.727 4.03254 3.65328 3.61293 3.38745 3.2127
threshold=0.021998190042743063 0.082798403532608728 0.015250000000000001 -0.032788569778870034 -0.077993513118960398 60.282193958664557 0.1501666666666667 -0.014397871144082931 -0.0085178205933240051 0.46943022722953437 0.34358333333333341 0.14893788507570105 0.082675697508233406 0.015282543067828456
decision_type=10 10 8 8 8 10 10 8 10 10 10 10 10 10
left_child=1 2 5 12 13 6 -1 -3 9 -2 11 -6 -4 -5
right_child=8 7 3 4 10 -7 -8 -9 -10 -11 -12 -13 -14 -15
leaf_value=0.02171559555211736 -0.015556424971960478 0.014076128201393963 -0.0095306389563845767 -0.0060239401720934716 -0.015220701662675811 0.039012846102981218 -0.014251769689271051 -0.0014519997427381985 0.02167738875341543 0.014894122714803339 0.011171254798242911 0.0053882289143686191 0.026824931264921092 0.022792009680589892
leaf_weight=1.0602328195236617 2.3717946024844414 14.065316611435263 0.88368762133177403 2.0024937149137259 38.75032362237107 1.4099643458612261 2.5028093711007386 10.215503727202305 8.2973728744545934 2.5937895686365664 1.8061415108968493 3.2319645315874359 2.2962438459508121 2.8953593914629892
leaf_count=57 275 692 366 199 12354 67 511 650 446 91 408 130 108 80
internal_value=0.000812703 -0.00152335 -0.0055477 -0.00774998 -0.00966425 0.0148732 -0.00113566 0.00774407 0.0142058 0.000179911 -0.0122995 -0.0135457 0.0168588 0.0119868
internal_weight=94.383 81.12 56.8392 51.8662 48.6863 4.97301 3.56304 24.2808 13.263 4.96558 43.7884 41.9823 3.17993 4.89785
internal_count=16434 15622 14280 13645 13171 635 568 1342 812 366 12892 12484 474 279
is_linear=0
shrinkage=0.02


Tree=237
num_leaves=15
num_cat=0
split_feature=18 69 50 80 85 73 20 35 87 84 2 8 18 51
split_gain=8.22911 5.63342 5.16273 4.98126 7.09676 3.97968 3.91437 3.50955 2.97688 2.90767 3.96865 2.62573 3.69601 2.52303
threshold=0.024504593044513915 0.47267036562811215 0.0026480677716757832 0.030166666666666671 0.24960156058648117 0.10360903071746447 0.13311785969927722 -0.054695026929167855 0.090615835777126105 0.16065295708174115 0.25268941584731064 0.29889809733461442 0.015419637455145187 0.022613818440909209
decision_type=8 10 10 10 10 10 10 10 10 10 10 10 10 10
left_child=1 8 -3 7 -5 6 -2 -4 -1 -7 -11 13 -13 -9
right_child=5 2 3 4 -6 9 -8 11 -10 10 -12 12 -14 -15
leaf_value=-0.011781435390616792 -0.014565687365982381 -0.012727341063868403 -0.0076192506417314164 -0.0081887439777793922 0.012056923369673813 -0.012881827988182009 0.01045885919158261 -0.010934962592118418 0.013459642492997508 0.035935221440994321 0.0011062757564467467 0.015239238991543122 0.040192250376255283 0.013628994533309831
leaf_weight=9.6384692866704409 20.12038919079351 3.8192821589764199 1.8486166681395868 11.733407155319584 14.283504040911792 1.7989377955673251 2.1152500935131675 1.897117539600006 1.3961744615808118 0.90635974775068451 4.3887333471793681 14.300114164070694 2.8388229667325495 3.0877152211032808
leaf_count=816 7495 1302 97 2630 534 1291 113 369 41 50 375 998 264 109
internal_value=0.000827134 0.00478956 0.00745221 0.00921334 0.00296116 -0.00780225 -0.0118375 0.0156085 -0.00773474 0.00474565 0.0118294 0.0177949 0.0213603 0.00401541
internal_weight=94.1729 64.8432 53.8086 49.9893 26.0169 29.3297 22.2356 23.9724 11.0346 7.09403 5.29509 22.1238 17.1389 4.98483
internal_count=16484 7160 6303 5001 3164 9324 7608 1837 857 1716 425 1740 1262 478
is_linear=0
shrinkage=0.02


Tree=238
num_leaves=15
num_cat=0
split_feature=19 82 42 34 40 51 23 74 75 57 35 69 50 50
split_gain=7.10568 6.83714 6.9398 6.04649 4.36988 4.02332 4.88941 3.626 3.32571 3.26787 3.21814 3.2053 3.14643 2.59354
threshold=-0.12483183079178171 0.14516666666666669 0.023101624087019389 0.021943522376490405 0.032679194303678188 -0.012072851329899574 4.4236242884250485 0.51651990393712255 0.50064599483204153 0.0062118265387333983 -0.0053009285438161058 0.47267036562811215 0.12172018833277103 0.06549236745688243
decision_type=8 8 10 8 10 10 10 10 10 10 8 10 10 10
left_child=-1 5 4 9 12 6 10 -5 11 -4 -2 -7 -3 -13
right_child=1 2 3 7 -6 8 -8 -9 -10 -11 -12 13 -14 -15
leaf_value=0.013163158607723836 0.029549920073199454 -0.014542798495626076 -0.016667628147060194 0.00032596464562535113 0.0047230601084054949 -0.0073754263314390698 -0.011232359951396622 0.025672865385385601 -0.0055403174792266561 0.01189311773631325 -0.0088100807998169311 0.028101494757941194 0.0088004756995696039 0.0082448433754966563
leaf_weight=15.038067602436056 1.4905600161291657 29.809417571348607 4.3979043277795409 3.7085741503396985 6.2127036351012057 1.4970687536988432 7.3148183337762021 4.8753008100902662 2.8846002057543947 1.4532587794819845 0.77980837697396266 6.1520685320137982 1.8496288174064819 6.0164421548834071
leaf_count=655 126 9423 605 260 1351 132 2036 289 259 72 248 684 68 319
internal_value=0.00102871 -0.00143398 -0.00557778 0.00593308 -0.010005 0.00675926 -0.0033518 0.0158986 0.0124725 -0.00887344 0.0177092 0.0163932 -0.0129513 0.0196555
internal_weight=93.4802 78.4422 52.3068 14.435 37.8718 26.1354 9.58519 8.58387 16.5502 5.85116 2.27037 13.6656 31.659 12.1685
internal_count=16527 15872 12068 1226 10842 3804 2410 549 1394 677 374 1135 9491 1003
is_linear=0
shrinkage=0.02


Tree=239
num_leaves=15
num_cat=0
split_feature=59 52 51 28 56 50 53 53 39 82 60 81 10 42
split_gain=8.95402 7.87848 9.00354 6.26329 5.54058 4.00366 3.87167 3.77578 3.40421 3.10073 3.79966 3.52573 2.94279 2.67637
threshold=0.0090544910159062932 -0.029791159574004685 0.030629445201025316 0.1081076872719878 0.0051199250325211073 -0.011025593043763283 -0.027425651962060812 -0.096812971225652897 0.02007964937335999 0.11416666666666668 0.28051196842224335 0.34358333333333341 1.4418402506565591 0.019341687678531391
decision_type=10 8 10 10 10 10 8 8 10 8 10 10 10 10
left_child=1 5 3 7 -2 -1 -4 -3 9 10 -9 -11 -5 -8
right_child=4 2 6 12 -6 -7 13 8 -10 11 -12 -13 -14 -15
leaf_value=-0.0098097292856679438 -0.008109144251710762 0.014566119157042666 0.017505223728252858 -0.0048537876371290188 0.021001560413204112 0.027107435462294702 -0.0057788507146943977 0.023260324839039784 0.0042438548893588323 -0.017415000381169343 -0.01130135407594827 0.010899658426685076 0.014141039832282881 0.011894415654384911
leaf_weight=0.95258979388745491 2.7508508532773694 1.3585141726071013 7.9101133770309389 5.6404207380255666 11.168033820576964 4.2743169362074696 8.861936979810709 1.1449567098170512 3.9526083516539066 32.55980248603737 2.1715798680088483 1.2105884176562529 5.6704383846372366 4.2542304592789142
leaf_count=429 285 80 202 404 469 280 705 262 697 11341 556 343 196 178
internal_value=0.000859998 -0.00177286 -0.0035301 -0.00783843 0.0150904 0.0198845 0.00733119 -0.0113122 -0.012495 -0.0143435 0.00325475 -0.0161157 0.00504398 0.000390002
internal_weight=93.881 79.9621 74.7352 53.7089 13.9189 5.22691 21.0263 42.3981 41.0395 37.0869 3.31654 33.7704 11.3109 13.1162
internal_count=16427 15673 14964 13879 754 709 1085 13279 13199 12502 818 11684 600 883
is_linear=0
shrinkage=0.02


Tree=240
num_leaves=15
num_cat=0
split_feature=50 52 42 38 14 17 2 41 57 20 58 57 53 38
split_gain=7.03372 8.60904 7.91251 5.76227 4.92038 5.33037 4.89598 4.09756 3.75769 4.1689 3.29664 2.90827 2.9031 2.36923
threshold=0.0026480677716757832 -0.016317934915348688 0.021245285245036803 0.065685975754860182 -0.02139083376860838 0.10452638766949567 0.38964087555636856 -0.0012676575866056219 -0.004885229862868927 0.11023794388376505 0.011892708258097398 -0.0088797958839238536 -0.040259675451597247 0.014489981294099926
decision_type=10 10 10 10 10 10 10 10 10 8 10 8 10 10
left_child=-1 12 3 4 -3 7 13 11 9 -4 -5 -6 -2 -7
right_child=1 2 8 10 5 6 -8 -9 -10 -11 -12 -13 -14 -15
leaf_value=-0.013621029470671229 0.0262398636466145 -0.017045827182837373 -0.010840742034239206 -0.009022881409422541 0.0083477839347193983 0.018444238838104726 -0.0063020830885428961 0.011137601010208806 0.015634359903934122 0.014730645002426322 0.023848324292755029 -0.016408161230021003 -0.0032754508405501027 -0.0048082753183581479
leaf_weight=9.7623890849063155 7.0185754259000532 10.408873543376101 5.2832539653754811 1.0713008669554245 1.5690672412165438 8.2830691313138249 7.0808491413481525 2.4999880664981964 16.234521739650518 3.2933348794467747 3.5092866412596777 13.12154252105392 1.3516663920017871 1.7190834828070354
leaf_count=4341 368 2533 440 323 565 396 647 428 1019 113 145 4654 240 197
internal_value=0.00162007 0.00356641 0.00126399 -0.00337596 -0.00565941 -0.00181615 0.00592926 -0.00941591 0.0102506 -0.000508693 0.0159212 -0.0134005 0.0216327 0.014374
internal_weight=92.2068 82.4444 74.0742 49.2631 44.6825 34.2736 17.083 17.1906 24.8111 8.57659 4.58059 14.6906 8.37024 10.0022
internal_count=16409 12068 11460 9888 9420 6887 1240 5647 1572 553 468 5219 608 593
is_linear=0
shrinkage=0.02


Tree=241
num_leaves=15
num_cat=0
split_feature=50 52 56 28 82 76 84 19 51 14 49 51 42 53
split_gain=7.86959 8.56566 7.72786 5.47678 8.29334 3.778 3.65258 3.38241 3.46439 3.26515 2.95242 2.81857 2.81776 2.6244
threshold=0.0080953393902406124 -0.016317934915348688 0.014855424538373999 0.08675374817103601 0.13341666666666671 73.970751519401617 0.11814898674309536 -0.062853020128811651 -0.012072851329899574 -0.050327068177272442 1.0000000180025095e-35 0.041406368752549723 0.022586943803311835 -0.016910446032355971
decision_type=10 10 10 10 10 10 10 10 10 10 8 10 10 10
left_child=-1 -2 3 4 5 -3 -4 -7 -9 12 -8 -6 -5 -13
right_child=1 2 6 9 11 7 10 8 -10 -11 -12 13 -14 -15
leaf_value=-0.012443613706872698 0.022369356048997018 -0.002763844445753524 -0.011948406947783635 -0.0045890338231285846 -0.015777741223131483 -0.0068095740045759677 0.017359310023039799 -0.0072102638310078864 0.036096463488340551 0.00037889871922578219 -0.0010585211131455515 0.012022328596079053 0.025754482005812988 -0.010678659270948229
leaf_weight=11.806363217416218 8.4312929143779893 5.1826945134671387 1.6801619434263582 1.2695771307335224 19.843938049976718 0.98446604271884997 16.924864789238196 0.55547372234286774 2.7220212474348955 10.194572545238769 4.1832631258294048 2.7459018998779356 3.9411901148268953 3.4664260388817629
leaf_count=5225 536 810 607 129 6658 77 705 185 180 786 161 70 104 226
internal_value=0.00218425 0.00441154 0.00208504 -0.00227163 -0.00654768 0.00885956 0.0115037 0.0208331 0.028787 0.00738078 0.0138264 -0.0122534 0.0188129 -0.000368949
internal_weight=93.9322 82.1258 73.6946 50.9063 35.5009 9.44466 22.7883 4.26196 3.27749 15.4053 21.1081 26.0563 5.21077 6.21233
internal_count=16459 11234 10698 9225 8206 1252 1473 442 365 1019 866 6954 233 296
is_linear=0
shrinkage=0.02


Tree=242
num_leaves=15
num_cat=0
split_feature=59 52 24 81 51 39 42 61 1 53 85 48 16 1
split_gain=6.59115 7.59202 5.28984 5.35938 5.79597 4.30046 4.14901 4.07605 4.04574 3.27354 3.19099 2.81408 2.71745 2.33448
threshold=0.0062334897772873448 -0.029791159574004685 0.55000000000000016 0.1501666666666667 0.030629445201025316 0.02007964937335999 0.042235755503659274 0.29877295995182179 0.28136574074074078 -0.031669626727373647 0.096457168452582412 1.0000000180025095e-35 0.025743156509804192 0.29041268697062544
decision_type=10 8 8 10 10 10 10 10 10 10 10 8 10 10
left_child=1 8 3 -3 5 6 -5 10 -1 -6 -2 -10 -7 -12
right_child=7 2 -4 4 9 12 -8 -9 11 -11 13 -13 -14 -15
leaf_value=-0.0095217580860810034 -0.0098583492136251911 0.020945476049520292 0.012822645160895816 -0.013600944700363795 0.016391197457128335 -0.0070653048144830094 0.0077709574586212618 -0.0035852262830806283 0.04142444721673666 -0.0021248000371457709 0.0004907862055732121 0.005992593936091483 0.021696961248374613 0.024397075101824473
leaf_weight=0.8977423021569847 0.9475000470411058 2.1088095357408738 6.6021739298012099 36.973368210077751 4.7421400382881975 1.7419943740824231 3.3767791700083754 4.4405043590813866 1.9055323025677351 10.840460968203841 1.9811879949411366 1.8682471348438414 1.8571922351256942 9.5895398576976714
leaf_count=403 352 211 350 12189 132 466 179 317 114 787 111 159 207 350
internal_value=0.00145594 -0.00120148 -0.00300804 -0.00488125 -0.00612702 -0.0097853 -0.0116677 0.0123122 0.0210664 0.00415869 0.0177995 0.0288133 0.00926672 0.0206684
internal_weight=89.8732 72.9144 68.2429 61.6407 59.5319 43.9493 40.3501 16.9587 4.67152 15.5826 12.5182 3.77378 3.59919 11.5707
internal_count=16327 15197 14521 14171 13960 13041 12368 1130 676 919 813 273 673 461
is_linear=0
shrinkage=0.02


Tree=243
num_leaves=15
num_cat=0
split_feature=83 42 39 2 82 17 79 21 67 43 62 57 19 70
split_gain=7.60971 5.33424 5.10635 5.45781 4.55091 4.12796 3.93534 3.53899 4.61486 3.90967 3.1684 2.95349 4.61922 2.61484
threshold=0.21353660901714708 0.055778783027266625 0.019232541656651177 0.27054001928640314 0.14316666666666669 0.082675697508233406 0.075127229484274763 -0.0074979801012386603 0.20848321342925663 -0.00044388785897756547 0.13507940467281951 0.0031326355344449223 -0.1201997872461376 0.24088613547608828
decision_type=10 10 10 10 8 10 8 8 10 10 10 10 8 10
left_child=4 2 3 5 7 10 11 -1 9 -9 -2 12 -5 -14
right_child=1 -3 -4 6 -6 -7 -8 8 -10 -11 -12 -13 13 -15
leaf_value=-0.0073350047295988553 0.021533314462290138 0.018380004438697937 0.016381372282772845 0.0066244839134483539 -0.016755459661798349 0.019477139844850246 0.014463140419364237 0.045076339939693462 -0.0068774610683445675 -0.0066739327972850119 -0.0073871480010032353 0.0051798054590222065 0.0012131561461091547 -0.015113156008491111
leaf_weight=6.1631061296793632 0.9396737096249107 8.2544073541648668 7.6367765335016875 5.9024654401000589 12.101408250513485 7.4286677506752312 3.3082451481022863 1.1004920414416117 1.6362147406325673 0.49094189738389316 5.9583777210209519 7.2484570670640087 4.6416037711896996 20.197568580275401
leaf_count=2165 77 370 403 198 8014 297 230 108 337 88 1403 304 357 2213
internal_value=0.00104132 0.00418324 0.00207366 -0.000145257 -0.00913474 0.0100825 -0.00384782 0.00135314 0.0157538 0.032697 -0.00121992 -0.00577242 -0.00843664 -0.0121334
internal_weight=93.0084 71.5162 63.2618 55.6251 21.4922 14.3267 41.2983 9.39075 3.22765 1.59143 6.89805 37.9901 30.7416 24.8392
internal_count=16564 5852 5482 5079 10712 1777 3302 2698 533 196 1480 3072 2768 2570
is_linear=0
shrinkage=0.02


Tree=244
num_leaves=15
num_cat=0
split_feature=52 84 39 28 50 63 3 14 14 19 39 39 79 63
split_gain=7.16433 8.13358 7.71796 8.15549 5.39804 4.11655 4.06656 4.58978 3.42862 3.24253 2.64208 2.66276 2.59788 2.58191
threshold=-0.02452980045433539 0.11355819632890639 0.02007964937335999 0.1081076872719878 -0.011025593043763283 0.10693626585923134 0.039708819510144024 0.026958393485874688 -0.011072545902366933 -0.078357566236749762 -0.012796286169220511 -0.0057112854593238281 -0.17131845059241615 0.17615878231321175
decision_type=8 10 10 10 10 8 10 10 10 10 10 10 10 10
left_child=4 5 3 6 -1 12 -3 -8 -6 -9 -10 -12 -2 -5
right_child=1 2 -4 13 8 -7 7 9 10 -11 11 -13 -14 -15
leaf_value=-0.011447116288078213 0.021719555256539819 0.0065017545533084687 0.020168425168758539 0.015787920759404477 -0.0073151228948006531 -0.01621464874503303 -0.014283336195527151 0.010343292725150492 0.014249690192655359 -0.0076321250549235414 0.056126240580563133 0.00089967527557398806 -0.010116494819005704 -0.0016869736589590482
leaf_weight=1.303952998074237 1.3660267952946017 9.3656446003587899 7.8352460984606287 12.511614698567429 0.68711655429797236 14.695880106068214 18.265571081254166 6.4278809916577302 3.4836788612883538 7.7401208707015012 1.3335327086388131 0.44949712837114919 1.0179468434071193 4.2708783290581769
leaf_count=591 284 1436 417 509 137 8381 2353 286 219 790 60 50 720 170
internal_value=0.0012957 -0.000456419 0.00274356 0.000113622 0.0190672 -0.0123634 -0.00461828 -0.00792777 0.0264352 0.000667395 0.0313031 0.0475297 0.00915329 0.0114961
internal_weight=90.7546 83.4968 66.417 58.5817 7.25778 17.0799 41.7992 32.4336 5.95383 14.168 5.26671 1.78303 2.38397 16.7825
internal_count=16403 15346 5961 5544 1057 9385 4865 3429 466 1076 329 110 1004 679
is_linear=0
shrinkage=0.02


Tree=245
num_leaves=15
num_cat=0
split_feature=87 17 60 59 63 14 74 21 70 32 37 84 82 32
split_gain=7.25632 6.38098 8.67174 6.32772 3.81842 3.30018 5.24008 4.27701 3.12673 2.77799 2.73412 1.97269 3.6275 2.04972
threshold=0.08842144452717797 0.062640134529148003 0.41658480681074012 0.0090544910159062932 0.18856537530266346 0.056347546280148104 0.63423734983618507 0.027032318680624421 0.12907309105757456 0.084826426224696674 -0.032870783822168549 0.16065295708174115 0.14016666666666669 1.0000000180025095e-35
decision_type=10 10 10 10 8 10 8 8 8 8 10 10 10 8
left_child=1 3 4 8 11 6 7 9 -1 10 -4 12 13 -3
right_child=-2 2 5 -5 -6 -7 -8 -9 -10 -11 -12 -13 -14 -15
leaf_value=0.015324955692645343 0.017405128585075192 0.022928330311379547 0.0099977789608100155 0.019777546663749701 -0.0071864128732547407 0.0072566060612349907 0.016323291401472168 0.017990242928024359 -0.016684319923153491 0.0075831132485511222 -0.015414165886461008 0.017529965069770292 -0.0095129002764112475 -0.0077163528108972895
leaf_weight=0.55118532601046055 8.3613869631662947 2.598304048762663 1.159784011484599 1.5172313965158526 3.4669024709146461 7.0851303098024792 2.5066871384624383 1.1938940193504155 16.480337684683036 2.0656235013739268 22.383831711602387 15.248205513227729 3.3433351641870104 0.60896795755252275
leaf_count=125 394 233 77 149 331 545 187 54 9146 97 3235 613 1083 84
internal_value=0.000738213 -0.00119215 0.00193546 -0.0111563 0.0107174 -0.0042846 -0.00722185 -0.00993174 -0.014856 -0.0118606 -0.013806 0.0137551 0.00381029 0.0166587
internal_weight=88.5708 80.2094 61.6607 18.5488 25.2657 36.395 29.3098 26.8031 17.0315 25.6092 23.5436 21.7988 6.55061 3.20727
internal_count=16353 15959 6539 9420 2344 4195 3650 3463 9271 3409 3312 2013 1400 317
is_linear=0
shrinkage=0.02


Tree=246
num_leaves=15
num_cat=0
split_feature=17 60 83 41 52 62 23 79 29 66 23 85 12 85
split_gain=8.54442 6.77863 4.64439 4.62435 3.82627 3.89222 3.5053 3.69808 2.81749 2.71488 2.67808 2.63517 2.54974 3.27788
threshold=0.061752228418895092 0.51974350978404937 0.7764904940749584 0.015498068334854769 -0.023600061015205741 0.23474139283193476 447.77601270903011 0.084628544522631716 -0.053051254658596524 0.24788120376355674 4.4236242884250485 0.35994199563952117 21.209508881922677 0.30852157981546147
decision_type=10 10 10 10 10 10 8 8 10 10 8 10 10 10
left_child=3 4 9 10 -2 6 7 12 -8 -3 -1 -7 -6 -14
right_child=1 2 -4 -5 5 11 8 -9 -10 -11 -12 -13 13 -15
leaf_value=0.0071914841481151614 0.025814091657289904 0.0075243156827959267 0.0083601960747503676 0.015674399294300083 0.0085823727143062249 -0.0089270067270774325 -0.010295709542489663 0.024460955377830808 0.023764945811534492 -0.013916531520022824 -0.015418876718702797 0.010152047086605061 -0.011795839241251452 0.0092513215142572564
leaf_weight=1.7949335444136583 3.8847143062157548 2.1886735870502916 6.8950651844497761 1.714631083945277 13.366276125016162 8.2251575299305824 0.53303115867311124 2.7998168403864829 7.798532276065087 12.731225527648347 16.245762599166483 3.2732346407137802 6.8193076052702946 3.8518459750339389
leaf_count=865 266 232 182 268 1360 1351 29 163 439 2082 8210 130 822 111
internal_value=0.00155684 0.00474651 -0.00443105 -0.00979317 0.00871609 0.00678111 0.0100144 0.00606722 0.020716 -0.0104962 -0.0129097 -0.00311808 0.00303336 -0.00405695
internal_weight=92.1222 72.3669 21.815 19.7553 50.5519 46.6672 35.1688 26.8372 8.33156 14.9199 18.0407 11.4984 24.0374 10.6712
internal_count=16510 7167 2496 9343 4671 4405 2924 2456 468 2314 9075 1481 2293 933
is_linear=0
shrinkage=0.02


Tree=247
num_leaves=15
num_cat=0
split_feature=42 14 40 53 41 50 74 39 16 50 24 67 49 19
split_gain=7.10625 7.32143 5.74183 5.60537 5.42778 3.84589 3.82075 3.57302 4.38623 3.47813 3.45384 3.29753 3.01235 2.30207
threshold=0.037977109616981621 0.090057866524896044 0.032222295259945181 -0.062235359661856136 -0.0038781883228302823 0.017961178379245189 0.7544076708939067 0.02007964937335999 0.02454670672341697 0.10536311932786044 0.45000000000000007 0.1924501424501425 -0.37592927263983583 -0.01140418561138906
decision_type=10 10 10 8 10 10 10 10 10 10 8 8 10 10
left_child=1 2 3 5 -4 -1 7 9 -9 10 -5 -12 -7 -6
right_child=-2 -3 4 6 13 12 -8 8 -10 -11 11 -13 -14 -15
leaf_value=-0.012947489824870335 0.01405353277127556 0.015915665134603605 -0.0098418614843214444 -0.015422959383164592 0.024898654253107125 -0.003591367180681163 0.023816154995545062 -0.012045864174776251 0.022463330220400441 0.0018126045695054281 0.019032791006691668 -0.008326356965403077 0.02280693956214401 0.00065992200216563439
leaf_weight=1.7738551505026388 13.389472879935054 7.8720296465908168 3.2418976478511468 33.15562510030577 5.0588037554989569 2.1446834091329947 0.51806390564888616 1.8520835452945892 2.2207450002897531 7.2878253493690854 1.6540203195763741 4.2537538522738032 4.628455855185166 2.189229454379527
leaf_count=664 709 666 1090 10564 406 239 21 474 214 303 85 391 232 379
internal_value=0.00113786 -0.00123354 -0.00335972 -0.00578092 0.00967913 0.00850107 -0.00829466 -0.00908129 0.00748948 -0.0106648 -0.0129797 0.000979879 0.0150614 0.0185451
internal_weight=91.2405 77.8511 69.979 59.4891 10.4899 8.54699 50.9421 50.4241 4.07283 46.3512 39.0634 5.90777 6.77314 7.24803
internal_count=16437 15728 15062 13187 1875 1135 12052 12031 688 11343 11040 476 471 785
is_linear=0
shrinkage=0.02


Tree=248
num_leaves=15
num_cat=0
split_feature=50 52 58 60 52 51 53 50 57 66 81 87 18 6
split_gain=7.46609 9.41359 6.14252 6.16919 5.9914 4.96754 4.38812 4.26199 3.9986 3.73697 3.59084 2.70953 2.56637 2.46729
threshold=0.0093207521394544929 -0.023600061015205741 0.01154647156749714 0.52188279335767185 0.059648601805391589 0.022613818440909209 -0.027425651962060812 0.024960736813733789 -0.0087819210986504071 0.36118382780686448 0.2201666666666667 0.067682088868529569 0.024504593044513915 283.56313234519104
decision_type=10 10 10 10 8 10 10 8 8 10 10 10 8 10
left_child=11 -2 5 7 -5 8 -7 -4 -3 -8 -9 -1 -12 -10
right_child=1 2 3 4 -6 6 9 10 13 -11 12 -13 -14 -15
leaf_value=-0.0158327584716326 0.027399580026894178 0.0054378695680494934 0.030597182313545659 -0.016388804387365171 0.011346685745268592 0.019026337164982535 -0.010514711637350644 -0.0021324167072647253 -0.016801663466227672 0.01670966185837279 0.018560147973912824 0.010793470868110585 0.0012128447241746988 0.007368426016055583
leaf_weight=10.382509973773265 5.3173615994164711 4.6369480623397976 3.4157733247848245 6.5023517365916614 4.4216666109277867 4.5895285128499372 6.5622623343369906 8.2862648774171266 15.026183637848595 1.7787944233859887 11.281115726858841 1.0534593509510148 4.9268562815850627 1.3258361430489447
leaf_count=5370 294 871 402 667 179 139 741 695 5579 110 642 23 539 84
internal_value=0.00172174 0.00396963 0.00190891 0.00725508 -0.00515234 -0.00424432 0.00525936 0.0121216 -0.0100721 -0.0035416 0.00844605 -0.0127093 0.0136639 -0.0145302
internal_weight=89.5069 78.0709 72.7536 38.834 10.924 33.9196 12.9306 27.91 20.989 8.34106 24.4942 11.436 16.208 16.352
internal_count=16335 10942 10648 3124 846 7524 990 2278 6534 851 1876 5393 1181 5663
is_linear=0
shrinkage=0.02


Tree=249
num_leaves=15
num_cat=0
split_feature=51 11 56 54 30 20 80 2 60 1 75 21 50 41
split_gain=6.58065 4.77313 4.4673 6.57483 5.60288 4.44079 4.3368 4.06749 2.63935 5.16937 2.50828 2.48715 2.52846 2.31794
threshold=-0.019206153931211428 0.94917302976722573 0.021248295238572659 0.026630238572358109 1.0000000180025095e-35 0.13039099064368179 0.019583333333333338 0.40916083916083923 0.57696479225763397 0.357520910462087 0.44461486025903207 -0.011570140354934149 0.023429632085112135 -0.0038044731045285174
decision_type=10 10 10 10 8 10 8 10 8 10 10 8 8 10
left_child=1 6 3 4 7 -5 10 11 9 -6 -1 12 -2 -8
right_child=2 -3 -4 5 8 -7 13 -9 -10 -11 -12 -13 -14 -15
leaf_value=0.014195768361979916 -0.010093108728362173 0.020822821313947269 0.015186983794424685 -0.011950546815096247 -0.0095825592972665526 0.01190164700984761 -0.017414648190753178 -0.0073162467466709718 -0.014818950872555388 0.014187778520225059 -0.0089568584344804619 0.037648792200855027 0.016479682965384514 -0.0010936064617288034
leaf_weight=3.4851900401990923 0.96585474454332165 1.3056215831311409 11.063607193704227 15.422930734755939 5.9864719043253007 3.0053221202106206 15.29497876996175 2.1717808470712052 3.3065007551340377 6.7568614883930422 2.3319587931619026 1.8632636385736976 10.194606425531671 4.604245732654813
leaf_count=501 519 73 588 2754 1826 154 6551 162 365 458 417 175 778 1220
internal_value=0.000620492 -0.00742502 0.00426223 0.00157732 0.00708696 -0.0076483 -0.00958488 0.0153891 -0.00121488 0.00313638 0.00496202 0.0194271 0.0135391 -0.0138713
internal_weight=87.7592 27.022 60.7372 49.6736 31.2453 18.4283 25.7164 15.1955 16.0498 12.7433 5.81715 13.0237 11.1605 19.8992
internal_count=16541 8762 7779 7191 4283 2908 8689 1634 2649 2284 918 1472 1297 7771
is_linear=0
shrinkage=0.02


Tree=250
num_leaves=15
num_cat=0
split_feature=87 16 58 61 39 82 70 19 69 41 39 39 38 19
split_gain=6.83717 4.92358 6.29219 7.01603 4.39532 4.15455 3.68301 3.66739 3.59301 3.53846 3.25116 3.24607 3.91895 3.6827
threshold=0.077350427350427367 -0.039362595213754313 0.014151995460780803 0.21411746448741611 -0.007823861819575029 0.14358333333333337 0.30988165414210506 -0.10655983493743675 0.53315988198993136 -0.010842294414371725 0.010084577469384638 -0.015172035147221846 0.018276098751201151 -0.041982546348783643
decision_type=10 8 10 10 8 8 10 8 10 10 10 10 10 10
left_child=1 4 5 6 8 11 -4 -7 -1 -10 -5 -3 13 -13
right_child=-2 2 3 10 -6 7 -8 -9 9 -11 -12 12 -14 -15
leaf_value=-0.0048205281831023685 0.016752188626559743 -0.010783822004346138 0.033139962503820453 -0.0055088918185526147 -0.0082567683141350733 0.0034201568320070563 -0.00025318767044979181 -0.016306322846410055 0.0015982215375456227 0.025217166541548059 0.013704642952732838 0.028524346604042575 -0.010258051936321302 -0.0028104742649383103
leaf_weight=3.0148230919148764 9.5839333091862482 4.4753045982215554 3.3625213137711425 15.131204223318493 4.2057091409224112 4.2110698551405221 1.8734100695583036 20.150464614562228 3.786310738301836 7.6805182053358276 3.5149815495242356 3.1306500394712202 2.2252334242803045 2.0963969732401875
leaf_count=525 474 987 331 1615 732 288 219 7989 700 877 209 173 574 736
internal_value=0.00165807 -0.000363167 -0.00315857 0.00469644 0.00834097 -0.00831533 0.0230673 -0.0128961 0.0133832 0.018172 -0.00137374 0.00131443 0.00899605 0.0175238
internal_weight=88.4425 78.8586 60.1712 23.8821 18.6874 36.2891 5.23593 24.3615 14.4817 11.4668 18.6462 11.9276 7.45228 5.22705
internal_count=16429 15955 13121 2374 2834 10747 550 8277 2102 1577 1824 2470 1483 909
is_linear=0
shrinkage=0.02


Tree=251
num_leaves=15
num_cat=0
split_feature=28 18 41 30 38 15 18 29 8 51 65 79 85 18
split_gain=7.08313 6.38989 4.25096 4.13248 7.45845 5.443 3.21741 4.25503 2.93037 2.61108 2.585 2.34941 2.14675 2.13319
threshold=0.13949964572734627 0.022488659646269619 0.013985059379163455 1.0000000180025095e-35 0.065685975754860182 -0.00032210283604128378 0.090668035204890543 -0.015221427063261369 0.27276958814888402 0.052385065182401443 1.0479059093516927 0.090975871319929916 0.29764828562403445 0.016990250344253225
decision_type=10 8 10 10 10 10 10 10 10 10 10 8 10 8
left_child=1 3 6 5 9 10 -3 -8 -7 11 -1 13 -4 -5
right_child=-2 2 12 4 -6 8 7 -9 -10 -11 -12 -13 -14 -15
leaf_value=0.019167778798373218 0.014581671809200931 -0.014537870929315163 -0.010063794912164057 -0.013462250723905254 0.018123418419574717 0.0011567796728876518 -0.0094061749867780011 0.032654011549283338 0.021513061147464829 0.0091462898940637589 -0.010377621098059477 0.0097710548823372254 0.017127921997584377 0.0058451404619609794
leaf_weight=0.49540853244252758 12.378044976852832 20.603534633584793 0.92440467176493202 16.947373261442401 5.0597726630512616 3.9485592957353211 1.6899915199610407 0.56465916044544329 10.151907486200797 2.8168801625724873 5.4857023077784106 1.6267030290328062 2.6507422113791108 2.0525175822549597
leaf_count=24 520 8163 339 3142 423 472 797 112 839 88 784 231 63 453
internal_value=0.00117178 -0.00120357 -0.008935 0.0030982 -0.00180895 0.00981869 -0.012083 0.007924 0.0162668 -0.00667637 -0.00553529 -0.0091602 0.00943419 -0.0111885
internal_weight=87.3962 75.0182 26.4333 48.5848 28.5032 20.0816 22.8582 2.25465 14.1005 23.4435 5.98111 20.6266 3.57515 18.9999
internal_count=16450 15930 9474 6456 4337 2119 9072 909 1311 3914 808 3826 402 3595
is_linear=0
shrinkage=0.02


Tree=252
num_leaves=15
num_cat=0
split_feature=53 59 24 63 83 47 5 53 66 50 21 51 51 38
split_gain=6.31264 7.82462 5.4322 4.47495 4.3063 5.65083 5.21905 3.92645 3.59309 3.22612 3.01307 2.99798 2.66727 2.64356
threshold=-0.064030078326181794 0.0090544910159062932 0.45000000000000007 0.15417112776588154 0.6938143021207529 -0.008803598688851097 0.59683670917729448 -0.002675172768092308 0.29498201438848926 0.017961178379245189 -0.017262600168515167 0.060361246282284335 0.070084032427478238 0.0043578136146223247
decision_type=8 10 8 10 10 10 10 10 10 10 10 10 8 10
left_child=9 2 3 4 5 11 -7 -3 -8 -1 -4 -2 -5 -11
right_child=1 7 10 12 -6 6 8 -9 -10 13 -12 -13 -14 -15
leaf_value=-0.0050347879760385848 -0.017160722877910713 -0.00029397257249171125 0.013275782314701343 -0.01418745260405283 0.0097265650549509548 -0.003925088855680982 -0.0043393028812258958 0.021717223429428962 0.039070500362659986 0.024634170863083487 -0.013143522823440222 0.006326628550602318 0.01157712684558897 -0.0022569302022159435
leaf_weight=2.146297132887411 11.483091331378089 5.2135429347399622 9.2059683666448091 21.247242397454102 9.4202238667057809 5.8702430597040856 0.83537546748993952 7.4577972652623412 1.4960308872396124 7.2478845099685696 1.244171931000891 2.0894448913168153 1.0009335526265228 1.5846171953598966
leaf_count=727 5998 375 548 5122 251 1815 294 319 234 394 104 55 18 206
internal_value=0.00165071 -0.000455713 -0.00334707 -0.00593646 -0.000954498 -0.00579966 0.00680211 0.0133018 0.0268826 0.0151522 0.00925717 -0.0133589 -0.0125802 0.0200708
internal_weight=87.5429 76.5641 63.8927 53.4426 31.1944 21.7742 8.20165 12.6713 2.33141 10.9788 10.4501 13.5725 22.2482 8.8325
internal_count=16460 15133 14439 13787 8647 8396 2343 694 528 1327 652 6053 5140 600
is_linear=0
shrinkage=0.02


Tree=253
num_leaves=15
num_cat=0
split_feature=51 52 56 7 42 42 54 71 50 5 87 15 52 75
split_gain=7.19277 5.2877 7.28545 4.54276 4.34829 3.66861 3.34028 3.12785 3.61647 2.94675 2.76408 2.73633 2.68753 2.50698
threshold=-0.022665705859990001 -0.00083932650117922436 0.016347132679774969 237.08770522402111 0.03985696498982446 0.015282543067828456 0.015106908563429952 0.087114613029247195 0.082798403532608728 1.0000000180025095e-35 0.033195592286501381 -0.0020856907780038253 -0.057845896591437101 0.31357916300848704
decision_type=10 10 10 10 8 10 10 10 10 10 10 10 8 8
left_child=3 11 4 12 7 -5 -4 -3 10 -8 -9 -2 -1 -14
right_child=1 2 6 5 -6 -7 9 8 -10 -11 -12 -13 13 -15
leaf_value=0.012933817985597909 -0.003910990291755366 0.023592228753054882 -0.0071834923146030403 -0.0090670066755139077 0.012176630014550865 0.017195788408574997 -0.0065656885786611338 -0.017353251779306359 0.0016368194349195217 0.019636508732681291 -0.0010012234611767022 0.021175106470530985 0.0087921321580308222 -0.016843795384598823
leaf_weight=0.74989614577498287 1.7918554924544867 0.39526485069655493 2.3059958670637561 3.1205180968972845 5.0854060167912349 3.5581851433962584 1.4953669583192084 13.140486419317318 10.921063501387833 11.558610066771505 6.0247315109008914 8.3627978988224623 1.0639087234740241 16.545905525737908
leaf_count=49 296 104 141 589 226 149 57 5263 655 741 136 780 162 7099
internal_value=0.000621986 0.00431573 0.00155195 -0.00820863 -0.00344264 0.00534215 0.0126207 -0.00635251 -0.00749218 0.0163814 -0.0125174 0.0167947 -0.0131593 -0.0149058
internal_weight=86.12 61.0816 50.9269 25.0384 35.567 6.6787 15.36 30.4815 30.0863 13.054 19.1652 10.1547 18.3597 17.6098
internal_count=16447 8399 7323 8048 6384 738 939 6158 6054 798 5399 1076 7310 7261
is_linear=0
shrinkage=0.02


Tree=254
num_leaves=15
num_cat=0
split_feature=19 2 31 56 81 40 40 14 72 0 26 49 6 71
split_gain=6.54674 5.86284 6.98085 4.55946 4.78809 4.39291 3.9685 3.07401 3.55056 3.0091 2.5646 2.39926 2.21081 2.16941
threshold=-0.036983899414161796 0.13352713178294576 -0.029971920178723601 0.01713341890952132 0.15958333333333338 0.036283160635710694 0.015054552651924395 0.09279157320579319 0.12794692751543571 0.15403750478377345 -0.10571016154906822 -0.54129244674931198 18.483922101449277 0.32120563234053606
decision_type=8 10 10 10 8 10 10 10 10 8 10 10 10 10
left_child=1 -1 12 4 -2 7 -5 8 10 -10 -4 -11 -3 -14
right_child=3 2 5 6 -6 -7 -8 -9 9 11 -12 -13 13 -15
leaf_value=0.036876453847259988 0.015628780123256972 -0.00044142667332955273 0.010272220129465992 -0.012831151564169214 -0.013580952617619546 0.014463436032817757 0.016663287294140586 0.0123739942921469 -0.010756884548431638 -0.0069318553236745262 -0.014332933419380998 0.018188894751901625 0.016789924533821915 -0.0065916539061327941
leaf_weight=1.2318785183015268 1.6720873186131999 4.565441413375086 1.1690996990073497 1.8566518760635506 20.397091110120527 4.4282372743473379 4.5122315296903253 2.683083636511582 3.1106969199608985 1.5595503586228003 16.431981951522182 3.9887242421973506 16.911978169635407 1.2209779470576894
leaf_count=152 295 586 48 385 9327 393 376 175 741 124 2488 159 1124 82
internal_value=0.0011253 0.00499543 0.0036611 -0.00657766 -0.0107863 -0.00217349 0.00749066 -0.00511693 -0.0072924 0.00297947 -0.0122342 0.0111475 0.0119689 0.0149533
internal_weight=85.7397 57.3017 56.0698 28.4381 22.0692 33.3714 6.36888 28.9431 26.2601 8.65897 17.6011 5.54827 22.6984 18.133
internal_count=16455 6072 5920 10383 9622 4128 761 3735 3560 1024 2536 283 1792 1206
is_linear=0
shrinkage=0.02


Tree=255
num_leaves=15
num_cat=0
split_feature=50 52 59 4 60 6 83 71 52 79 87 3 52 50
split_gain=6.88301 8.0315 7.03959 4.37171 4.2661 3.57111 3.28675 2.83662 2.65311 2.54474 3.11918 3.45891 2.63895 2.72863
threshold=0.0080953393902406124 -0.017710132835875022 0.0090544910159062932 0.03234524847428074 0.51686852473369338 107.74649033101048 0.7764904940749584 0.17386128364389236 0.050645717473429296 0.21265381961034133 0.027973395931142415 0.04933924534863502 0.0026757946660536662 0.051881462644518074
decision_type=10 10 10 10 10 10 10 8 10 8 10 10 8 10
left_child=-1 -2 3 9 5 -5 -6 -4 -9 10 12 -12 13 -3
right_child=1 2 7 4 6 -7 -8 8 -10 -11 11 -13 -14 -15
leaf_value=-0.01331962141098858 0.02173866932438771 -0.012698066962355526 0.025148876216697636 0.00038630194165947498 -0.012362118807960629 0.021825323989527287 0.011698552626889751 -0.0079760362451296116 0.014485285138515987 0.020502906521907002 0.011389800977145483 -0.0081496974944553907 -0.014515837358616217 0.014649585697830054
leaf_weight=10.179471297073176 7.5659765279269768 1.6659665103652588 4.7672679427778322 5.4577962780604157 6.1677110415766929 6.3321320753311738 2.4115119003690779 2.8860257873311648 3.8007368185790256 0.44846696802414854 5.7191340726567415 6.876101141795516 17.994624819781162 2.2686708464752883
leaf_count=5234 475 841 237 318 633 372 62 188 186 68 141 191 7253 121
internal_value=0.00134511 0.00350268 0.00114692 -0.00187833 0.00532649 0.0127069 -0.00508375 0.014741 0.00501446 -0.00610601 -0.00701907 0.0009078 -0.011413 0.00284358
internal_weight=84.5416 74.3621 66.7961 55.3421 20.3692 11.7899 8.57922 11.454 6.68676 34.973 34.5245 12.5952 21.9293 3.93464
internal_count=16320 11086 10611 10000 1385 690 695 611 374 8615 8547 332 8215 962
is_linear=0
shrinkage=0.02


Tree=256
num_leaves=15
num_cat=0
split_feature=18 8 79 15 14 59 42 53 53 50 5 82 11 56
split_gain=6.64447 4.94638 4.80548 4.45549 4.42721 4.18219 4.07559 3.62128 3.31214 2.57872 2.54282 2.34286 2.09181 2.0805
threshold=0.024504593044513915 0.23079939465938407 0.090975871319929916 -0.0004662256331981794 -0.026957293323653233 -0.00020281480825046669 0.021245285245036803 -0.0011971580170957034 -0.042249373478503813 0.085440221317283765 0.8441209328306104 0.15916666666666671 -1.4892364906819298 0.016347132679774969
decision_type=8 10 8 8 10 10 10 10 8 10 10 8 10 8
left_child=1 9 3 4 6 10 -3 -7 11 -1 -2 -5 -4 -10
right_child=5 2 12 8 -6 7 -8 -9 13 -11 -12 -13 -14 -15
leaf_value=-0.011128067370502179 -0.015258718634308372 -0.0049700831827532085 -0.0045909526339215955 0.028659230626416423 -0.009275580833857244 -0.008914296468308474 0.019409118075377554 0.014155231956974837 -0.00051143311644951338 0.0056308594617288992 0.0085509342131861957 0.0057669865841811253 0.033450946969053 0.01587083194217662
leaf_weight=9.4766186294145864 15.678644420462666 4.468034267483743 0.42264232609886709 4.9404134953510921 11.133401161001531 4.2654335415572859 4.9688592994352803 4.7195878928177972 9.465771649207456 4.8917991384514599 1.3706791153526854 3.4378839055425496 2.7194727018359108 3.5689831291674627
leaf_count=1508 7205 830 110 295 1655 1226 273 437 1530 239 377 345 232 201
internal_value=0.000848423 0.00452296 0.00774019 0.00556335 -0.00110664 -0.00740535 0.00849618 0.00340755 0.0117343 -0.00542727 -0.0129768 0.0208824 0.028461 0.00478534
internal_weight=85.5282 59.4939 45.1255 41.9833 20.5703 26.0343 9.43689 8.98502 21.4131 14.3684 17.0493 8.3783 3.14212 13.0348
internal_count=16463 7218 5471 5129 2758 9245 1103 1663 2371 1747 7582 640 342 1731
is_linear=0
shrinkage=0.02


Tree=257
num_leaves=15
num_cat=0
split_feature=17 61 62 72 53 28 14 41 83 29 69 50 12 53
split_gain=6.50164 7.59764 5.18558 4.92955 4.20326 4.38608 4.17826 3.61677 3.60683 3.48928 3.2681 2.87177 3.38728 2.83312
threshold=0.061752228418895092 0.22685605296766823 0.12760774339409356 0.12794692751543571 -0.09175512022277206 0.057455106631628942 0.017728169443527998 -0.0012676575866056219 0.71235339665572284 -0.0095980363057566864 0.62414464967656469 0.10334313779884126 1.6792623089504259 -0.054792978306502045
decision_type=10 10 8 10 8 8 10 10 10 10 10 10 10 10
left_child=2 9 -1 4 -3 -6 8 -4 13 -2 11 12 -7 -5
right_child=1 3 7 6 5 10 -8 -9 -10 -11 -12 -13 -14 -15
leaf_value=0.020626109980368925 0.023095072292182675 0.021169945137944325 -0.016106841880998538 0.0095512688091749075 -0.013714915708749435 0.017140746413720584 0.017246805163415806 0.0069130725568295462 0.01273445711920421 0.003295041752821329 0.015843230014911544 0.010756945284128157 -0.015021469467614647 -0.013731798511887135
leaf_weight=1.2474887300049911 9.4382002786733192 1.3838955485261974 14.135494218324315 2.1128000052412963 15.066715791472236 0.70721675234381276 8.9689378504408506 2.7352704317891012 4.616703860461711 5.9780796195263965 3.5168271041475228 2.7523287821095437 6.87377160374308 6.3249118140665841
leaf_count=361 864 52 8279 175 2437 27 561 699 170 577 270 112 736 1182
internal_value=0.00135955 0.00421433 -0.00897602 0.000480652 -0.00469556 -0.00659968 0.00749695 -0.0121966 4.78605e-05 0.0160855 0.00154289 -0.00429257 -0.0103732 -0.00750744
internal_weight=85.8586 67.7404 18.1183 52.3241 30.3008 28.9169 22.0234 16.8708 13.0544 15.4163 13.8501 10.3333 7.58099 8.43771
internal_count=16502 7163 9339 5722 3634 3582 2088 8978 1527 1441 1145 875 763 1357
is_linear=0
shrinkage=0.02


Tree=258
num_leaves=15
num_cat=0
split_feature=28 78 87 18 14 22 33 67 16 15 6 34 52 40
split_gain=6.01007 5.745 6.30439 4.56343 4.00187 2.96086 3.08228 2.90543 2.77092 2.66657 2.66135 2.28966 2.11674 2.0491
threshold=0.13949964572734627 0.14657948229982465 0.087129054520358878 -0.037566317916350116 -1.0000000180025095e-35 0.11670392050979739 -0.0076040572878109452 0.29794279272932228 -0.064337871541386163 -0.0004662256331981794 55.052485858585875 0.049362332248226427 0.085568833469718247 0.016925755488338901
decision_type=10 10 10 8 10 8 8 10 10 10 10 10 10 8
left_child=1 2 3 9 7 12 -7 8 -3 -1 -6 -12 -5 -14
right_child=-2 4 -4 5 10 6 -8 -9 -10 -11 11 -13 13 -15
leaf_value=-0.0073323316006858033 0.013281609302716536 0.014401889181340961 0.015361936409500928 -0.013788058070867327 0.0038440751406808586 0.028761959337984352 -0.0099069462172612748 0.018226177708445972 -0.013404249634278217 0.01296347388406603 0.026956576526734329 -0.0020287318179370985 -0.012736577788235476 0.011299579264017139
leaf_weight=3.6510637452593073 10.608453627908601 0.89790423930389796 4.1763687427155665 32.688643816625699 7.5311404924723302 0.64747812075074762 0.90849723014980444 0.97472385159926478 6.7425345689407568 5.0841034601326083 4.7094855479663238 1.1827300635632125 1.4434804401244026 2.4014112389413644
leaf_count=269 479 118 143 10385 1850 16 126 147 1836 223 406 144 200 143
internal_value=-9.95675e-05 -0.00219622 -0.00585418 -0.00802813 0.00615563 -0.0109674 0.0111415 -0.00420771 -0.00884787 0.00459858 0.0126374 0.0216882 -0.0121808 0.00150941
internal_weight=83.648 73.0396 51.001 46.8247 22.0385 38.0895 1.55598 8.61516 7.64044 8.73517 13.4234 5.89222 36.5335 3.84489
internal_count=16485 16006 11505 11362 4501 10870 142 2101 1954 492 2400 550 10728 343
is_linear=0
shrinkage=0.02


Tree=259
num_leaves=15
num_cat=0
split_feature=50 53 58 61 2 2 79 20 16 51 54 51 53 27
split_gain=5.19871 6.14654 6.8136 5.64239 4.01096 3.88318 3.52276 3.64939 4.22299 2.71377 2.69349 2.57027 4.45891 2.29717
threshold=0.0080953393902406124 -0.039894549012765665 0.014151995460780803 0.24124871910627657 0.49557383470426958 0.13060200668896324 0.075127229484274763 0.12461551496736688 -0.064337871541386163 -0.033669837505721299 0.014667580837064176 -0.01352769302206122 -0.087947678985920735 0.01047991260331377
decision_type=10 10 10 10 8 10 10 10 10 10 10 10 8 10
left_child=-1 5 6 13 -5 9 7 8 -3 -2 -6 12 -7 -4
right_child=1 2 3 4 10 11 -8 -9 -10 -11 -12 -13 -14 -15
leaf_value=-0.011408858570067657 -0.0046026646165870022 0.0099511235132890771 0.019407908063922209 -0.011778303633128723 -0.0097641783240856907 0.020674352593206779 0.011294696518685102 0.007197560480624309 -0.015492061490099757 0.04765442448814617 0.013076251927180958 0.014972765125942387 -0.0079170800761585152 -0.009037496731692022
leaf_weight=9.7381154728936945 0.29705630650278181 2.302965460054117 10.631974410091061 6.6600519509520355 1.9794843176496213 2.0950106020318344 2.9466698440955943 3.8651711707934728 19.178700137126729 0.88591036264552048 6.8987151397159323 11.182020177715454 6.3987049554707518 0.68234008812578473
leaf_count=5311 160 404 739 778 135 89 542 215 5607 36 306 636 1432 174
internal_value=0.00165516 0.00345541 -0.000100248 0.00698388 -0.00096921 0.0124304 -0.00683249 -0.00928856 -0.0124431 0.0384349 0.00751082 0.00908358 0.000569977 0.0170978
internal_weight=85.7429 76.0048 55.1461 26.8526 15.5383 20.8587 28.2935 25.3468 21.4817 1.18297 8.8782 19.6757 8.49372 11.3143
internal_count=16564 11253 8900 2132 1219 2353 6768 6226 6011 196 441 2157 1521 913
is_linear=0
shrinkage=0.02


Tree=260
num_leaves=15
num_cat=0
split_feature=59 52 50 20 61 79 50 52 57 62 84 32 19 82
split_gain=7.00251 6.09609 6.76437 6.43756 4.07088 3.86704 4.4603 3.35219 3.33351 2.57156 2.496 2.64912 2.3733 2.31366
threshold=0.0062334897772873448 -0.014346967722183994 0.01947331816231879 0.14893788507570105 0.31799505948779999 0.19019036519036522 0.09678900004877776 0.062064973739127401 0.0076280993699605389 0.12263153695799595 0.12577287024988099 0.015239506326553199 -0.035638835837596188 0.11416666666666668
decision_type=10 8 10 8 10 8 10 10 10 10 10 10 10 8
left_child=1 2 -1 5 10 6 8 -8 9 -3 -2 -12 -4 -7
right_child=4 3 12 -5 -6 13 7 -9 -10 -11 11 -13 -14 -15
leaf_value=-0.0089530688939067297 -0.0079264731497546755 0.012921641412217079 0.026760039861980358 0.011087247210193088 -0.0043677876540935134 0.033802014046558533 0.010871866627409757 -0.010138095278517922 0.0065216645929852945 -0.014112854845649087 0.029470073385170992 0.0088074956137574358 -0.0066819572306629571 -0.005151883600563437
leaf_weight=3.44619558600243 0.89712088397937151 0.72009368170983989 5.6211291005602106 8.1056932276114804 4.091454912966582 0.49525447410996881 6.7996519398875517 4.0215566189144738 3.1931321694282806 34.012810412910767 5.3197769026737642 6.1274962043389678 0.57195673289243121 0.64536301139742147
leaf_count=1442 345 219 248 414 268 18 292 288 258 11833 222 310 133 135
internal_value=0.000834235 -0.00205115 0.0119248 -0.00453689 0.0121442 -0.00724346 -0.00825514 0.00286669 -0.0114206 -0.0132064 0.0175341 0.020006 0.023172 0.0196513
internal_weight=84.0687 67.6328 9.63928 57.9936 16.4358 49.8879 48.7472 10.8212 37.926 34.7329 12.3444 11.4473 6.19309 1.14062
internal_count=16425 15280 1823 13457 1145 13043 12890 580 12310 12052 877 532 381 153
is_linear=0
shrinkage=0.02


Tree=261
num_leaves=15
num_cat=0
split_feature=52 59 26 81 83 1 61 38 19 38 39 70 72 19
split_gain=6.58809 7.32883 5.56903 5.45892 5.02659 4.11619 3.1742 2.73351 3.85217 3.29861 2.68054 2.52472 2.34624 2.89607
threshold=-0.029791159574004685 0.0090544910159062932 -0.077993513118960398 0.1501666666666667 0.73045416186379353 0.28136574074074078 0.29985640974930422 -0.0037875126564472917 -0.04418946607079343 0.065685975754860182 -0.012796286169220511 0.40792473793536549 0.12937534163949263 -0.069448410096533339
decision_type=8 10 8 8 10 10 8 8 10 10 10 10 10 8
left_child=5 2 -2 -4 7 -1 -3 8 11 -9 -7 -5 13 -6
right_child=1 6 3 4 12 10 -8 9 -10 -11 -12 -13 -14 -15
leaf_value=-0.0095459908318123454 0.012969681545175853 0.018849167802653694 0.019064301046560855 0.0091371971595423842 0.0074545899722189583 0.0097083113388072191 -0.0015905353368402145 -0.016581361588954027 -0.014589711020727581 0.0062531917280242658 0.04489828241366469 -0.013244473636397342 0.012212778466084744 -0.012482864858058789
leaf_weight=0.89989904972026113 6.4732913302141242 8.7157603944651747 2.5123488990939213 7.9390635296585952 4.7107014989014715 2.4959124488523234 4.2095176819711932 22.98509839974577 6.2774005320388815 2.3120828891405827 1.4218833324848672 1.6616654606768859 5.5221211394527918 5.041600529686546
leaf_count=433 375 505 236 845 177 227 234 8514 3817 523 83 236 124 123
internal_value=0.000871243 -0.000645176 -0.00340255 -0.00538634 -0.00678744 0.0214073 0.0125562 -0.0103554 -0.00354006 -0.0143359 0.0290126 0.00437948 0.00287615 -0.00305475
internal_weight=83.1783 78.3607 65.4354 58.9621 56.4497 4.81769 12.9253 41.1753 15.8781 25.2972 3.9178 9.60073 15.2744 9.7523
internal_count=16452 15709 14970 14595 14359 743 739 13935 4898 9037 310 1081 424 300
is_linear=0
shrinkage=0.02


Tree=262
num_leaves=15
num_cat=0
split_feature=59 53 19 15 21 8 69 50 72 61 1 57 36 85
split_gain=5.36349 7.76653 6.33913 4.9009 4.71739 4.58538 3.84493 3.82953 3.71092 3.20444 2.97969 2.6598 2.60763 2.58689
threshold=0.0058805061585961741 -0.037589130003142901 -0.036983899414161796 -0.001882124992530154 -0.0068503140738672723 0.78204347126668272 0.5296331400535238 0.11837027363772754 0.15495016884935345 0.34385345817088331 0.24110309017223913 0.0062118265387333983 0.0094561012830849372 0.096457168452582412
decision_type=10 8 8 10 8 10 10 10 10 10 10 10 10 10
left_child=1 2 3 -1 -4 7 -5 11 12 13 -8 -3 -7 -2
right_child=9 5 4 6 -6 8 10 -9 -10 -11 -12 -13 -14 -15
leaf_value=-0.0050034639655498802 -0.008949135538296191 -0.014337061473731995 -0.016450821891707476 -0.0013043526317417858 0.014706685096365177 0.0077053009790319172 -0.0076560033151502199 0.0070010711778736422 0.027280213215046145 -0.0063138775453036216 0.028157574815356634 0.0027121296894492574 -0.013076834220419647 0.017314133539122149
leaf_weight=3.5621715332963495 1.0670353245222965 25.886624337814286 5.1520206201239489 2.5682914220960802 1.9429659519228177 4.9522567380918172 0.61015932518057425 4.2012311316793776 1.4356438554823387 2.939803320739883 9.2080176653689687 3.9033063498209222 3.0678404859500006 12.91813640372129
leaf_count=517 409 8452 2617 157 310 959 278 176 195 208 487 303 821 593
internal_value=0.00131088 -0.0012883 0.00788983 0.0146103 -0.0071556 -0.00622424 0.0202033 -0.00959564 0.00565377 0.0110241 0.0254299 -0.0120876 -0.00081269 0.0148468
internal_weight=83.4155 66.4905 23.0436 15.9486 7.09499 43.4469 12.3865 33.9912 9.45574 16.925 9.81818 29.7899 8.0201 13.9852
internal_count=16482 15272 4366 1439 2927 10906 922 8931 1975 1210 765 8755 1780 1002
is_linear=0
shrinkage=0.02


Tree=263
num_leaves=15
num_cat=0
split_feature=70 42 1 2 32 52 48 50 39 39 87 20 87 52
split_gain=5.50746 5.63478 7.79712 4.9479 4.11078 4.48298 3.82995 3.44191 3.38955 4.02623 3.5317 2.9144 2.71675 2.70849
threshold=0.36806325449618138 -2.0709926781083102e-05 0.35097051138484514 0.42733160134041198 1.0000000180025095e-35 0.052358572655486955 1.7316673116851491 1.0000000180025095e-35 -0.010128131671760425 -0.0088686807078366091 0.027460098026894562 0.14893788507570105 0.083920187793427234 0.024278630477127163
decision_type=8 10 10 8 8 8 10 10 10 10 10 10 10 10
left_child=1 2 8 13 7 11 12 -3 -1 -10 -11 -6 -2 -4
right_child=6 4 3 -5 5 -7 -8 -9 9 10 -12 -13 -14 -15
leaf_value=-0.013534033118393914 -0.013404171481988277 -0.0079400780311660434 0.025777233075143267 -0.0080965951062082504 -0.010817054133630403 0.016491380968577562 0.0053594070248577964 0.025195498944913814 0.02686491254289744 -0.013085179271706342 0.011445764426724082 0.013776216457232269 0.011625375334270464 0.0032792765316784467
leaf_weight=12.757289725122972 15.649597200215799 0.96373100770870124 6.0073036609101074 3.1467413753853188 6.4490501143736783 6.1233038842910892 7.5503110290155737 9.0366172980866377 1.0899881968507541 5.1247673294856231 2.8694441670086235 1.6634970097802577 1.1716135903261591 3.5519717765273526
leaf_count=6248 2629 409 490 312 800 325 570 1009 382 2729 74 50 43 377
internal_value=0.00184009 0.00513446 -0.000110208 0.0118183 0.0123186 0.00483001 -0.00599505 0.0215707 -0.00726306 0.0020123 -0.00398645 -0.00481576 -0.0111063 0.0185198
internal_weight=83.1552 58.7837 34.5475 12.706 24.2362 14.2359 24.3715 10.0003 21.8415 9.0842 7.99421 8.11255 16.8212 9.55928
internal_count=16447 13205 10612 1179 2593 1175 3242 1418 9433 3185 2803 850 2672 867
is_linear=0
shrinkage=0.02


Tree=264
num_leaves=15
num_cat=0
split_feature=42 52 59 29 17 53 60 62 1 57 52 87 19 52
split_gain=5.33629 4.79531 4.71788 5.0032 4.39454 5.99316 4.72481 3.23415 3.08521 3.04187 3.03487 2.91238 2.86087 2.71636
threshold=0.055778783027266625 -0.032788569778870034 0.0090544910159062932 -0.044538800407170773 0.061752228418895092 -0.014397871144082931 0.33213427705101167 0.12760774339409356 0.36056042699199392 0.0066558836703151823 0.045993510168260004 0.082650273224043724 -0.015571722690257193 0.024278630477127163
decision_type=10 8 10 10 10 10 10 10 10 10 10 10 10 10
left_child=1 12 3 -3 7 6 -6 -5 -8 -7 -4 -9 -1 -10
right_child=-2 2 10 4 5 9 8 11 13 -11 -12 -13 -14 -15
leaf_value=0.025013965860391504 0.016796831877312728 -0.014486774576760819 -0.0016150488702481539 0.014131755239168032 0.022546955609706668 -0.010704996689714171 -0.0081133589869625492 -0.017911795292070314 0.015129403137686615 0.0099641609297864073 0.018740624232778984 0.011225636217819553 -0.0087067411871867822 -0.0048436230006612393
leaf_weight=3.5700087259174325 7.7628339871298513 11.599060701380948 4.708814585930666 1.0241742877988134 6.3828628782066543 12.457305527990682 5.597382664622276 9.1259960221941547 7.5078139243414608 2.767005560337565 6.1612059131730348 0.8998440336436041 0.74652564118150611 3.4243617042666301
leaf_count=299 396 4254 374 307 458 1868 1000 5848 622 99 221 12 309 355
internal_value=0.00201823 0.000309559 -0.00103612 -0.00324129 -0.000353593 0.00290512 0.00920954 -0.0109081 0.00306689 -0.00656579 0.0105295 -0.0145157 0.0186414 0.0089915
internal_weight=83.7352 75.9724 71.6558 60.7858 49.1867 38.1367 22.9124 11.05 16.5296 15.2243 10.87 10.0258 4.31653 10.9322
internal_count=16422 16026 15418 14823 10569 4402 2435 6167 1977 1967 595 5860 608 977
is_linear=0
shrinkage=0.02


Tree=265
num_leaves=15
num_cat=0
split_feature=53 28 38 63 80 41 4 52 37 1 50 87 6 14
split_gain=5.45993 5.14654 6.08662 4.54267 4.38913 3.99922 4.90169 4.9618 3.93649 2.56974 2.44596 2.13171 1.94253 1.92631
threshold=-0.064030078326181794 0.15817642397199355 0.065685975754860182 0.15606415174015556 0.018750000000000003 0.015498068334854769 0.031331806282722523 0.024927757586983252 -0.0086282765652211119 0.30447276361819098 -0.011025593043763283 0.034190531852717719 67.437235788113711 -0.028614709054784759
decision_type=8 10 10 8 10 8 10 10 10 10 10 10 10 8
left_child=10 2 3 4 8 6 11 -8 9 -2 -1 -6 -10 -12
right_child=1 -3 -4 -5 5 -7 7 -9 12 -11 13 -13 -14 -15
leaf_value=-0.0098897964057254283 0.036707707277745222 0.013542957551506377 0.014031640269661028 -0.01172271515346242 -0.01587156198312277 0.017199203124690289 0.018506785493815854 -0.011112443387153533 -0.01345646620064761 0.0024287061174182835 -0.0063282459932498796 -0.00085706170234047657 0.013350829337774641 0.019083798196513728
leaf_weight=0.95267901802435595 1.8595343562192286 7.3439376854803404 6.4026425030897363 23.975401749950834 12.883747032610708 2.2736510171089312 4.466919428727123 2.9949237953987904 1.8663799174828448 1.4779725141124798 0.87445277225924656 5.3621224104426792 0.78273931174771849 8.8851343449205107
leaf_count=407 152 353 742 4926 7360 218 331 292 423 100 145 158 71 773
internal_value=0.000780039 -0.00127136 -0.00314353 -0.00524721 -0.000472107 -0.00388952 -0.0063288 0.00671033 0.0137713 0.0255873 0.0134451 -0.0117329 -0.00404763 0.0164304
internal_weight=82.4022 71.69 64.346 57.9434 33.968 27.9814 25.7077 7.46184 5.98663 3.33751 10.7123 18.2459 2.64912 9.75959
internal_count=16451 15126 14773 14031 9105 8359 8141 623 746 252 1325 7518 494 918
is_linear=0
shrinkage=0.02


Tree=266
num_leaves=15
num_cat=0
split_feature=83 60 72 5 42 1 18 67 42 42 18 30 79 73
split_gain=5.27896 5.2686 5.09514 4.25322 5.27337 3.88295 3.43032 2.99315 2.60298 2.44047 2.25532 2.79567 2.26297 2.15125
threshold=0.21353660901714708 0.43800562594038256 0.12794692751543571 1.0000000180025095e-35 -2.0709926781083102e-05 0.28136574074074078 -0.03128876662469162 0.20051546391752581 0.029119613225506727 0.012391125862850743 -0.0055920474328775551 1.0000000180025095e-35 0.24406337745687928 0.086924505346737541
decision_type=10 10 10 8 10 10 10 8 8 10 8 10 10 10
left_child=3 5 6 4 -1 8 -3 -6 -2 -4 11 -5 -12 -11
right_child=1 2 9 10 7 -7 -8 -9 -10 13 12 -13 -14 -15
leaf_value=-0.011735985370526001 -0.0088613298893803968 0.0054863645076478427 -0.0033684913156949953 0.01148129134340189 0.04353590259221661 0.014102594676019682 -0.011498939419839063 -0.0053007342658323879 0.011336550069653378 0.02425136431358263 -0.018248877758297869 -0.013337791930170002 0.015334094053980014 0.0011797281346501742
leaf_weight=1.3275733527843843 5.6569376637926325 5.9981387963052883 3.2952470027958025 2.7759175273822621 0.87218572321580956 23.887481805693824 15.402286438446026 0.41758057597326126 3.1478845244855602 3.8781740194535814 10.062367227859792 2.4978839374380186 0.12847142393002364 2.5775305583956651
leaf_count=541 1449 277 436 311 66 1456 1784 111 178 124 8607 982 32 165
internal_value=0.00187704 0.00457795 -0.0013113 -0.00739947 0.0129036 0.010062 -0.00670588 0.0323147 -0.00122048 0.0100507 -0.0114107 -0.000526258 -0.0164931 0.0164334
internal_weight=81.9257 63.8437 31.1514 18.082 2.61734 32.6923 21.4004 1.28977 8.80482 9.75095 15.4646 5.2738 10.1908 6.4557
internal_count=16519 5869 2786 10650 718 3083 2061 177 1627 725 9932 1293 8639 289
is_linear=0
shrinkage=0.02


Tree=267
num_leaves=15
num_cat=0
split_feature=58 16 78 40 5 9 43 37 77 50 8 54 54 19
split_gain=4.57451 6.62129 4.96955 4.11827 3.55615 3.52069 3.31699 2.90361 3.28148 2.84491 2.62451 2.61001 2.55464 2.63555
threshold=0.016072647588554947 -0.021943059710673837 0.052392299616837897 0.0421251505834958 0.62908566545609923 30.394581062951499 -0.0017010498700050533 -0.017595903881807262 -12.064882734950706 0.093361142371923514 0.88236368513565522 0.029723808955792689 0.049792925753530982 -0.066212478438702191
decision_type=10 8 10 10 10 8 10 10 8 10 10 10 10 10
left_child=1 2 -1 12 9 7 -6 -4 -9 10 -3 -11 13 -2
right_child=3 4 5 -5 6 -7 -8 8 -10 11 -12 -13 -14 -15
leaf_value=-0.0067908059812129178 0.0065827385540054833 -0.016851239778786137 -0.00047051750091225926 0.022006113699574028 -0.010414316420725859 -0.0015571669289475326 0.015144606544049767 0.032598755186845081 -0.0041828411752346485 0.012483253039275758 0.0052999835568549834 -0.012554104496973828 0.014796241462168349 -0.0066910023822997593
leaf_weight=5.8856527750031118 12.29789963719668 17.232128800184011 1.8748656728421345 5.3447233972256063 2.5755557853844948 3.6320887905312711 3.8807143163867286 5.1381959200371057 0.90234107110881812 2.9500047594192429 1.9571811576024618 1.8993972588796166 5.6525343191460697 9.8850063275313023
leaf_count=1846 616 6760 578 301 923 440 825 839 402 148 574 163 399 1615
internal_value=0.00179767 -0.0021492 0.00742226 0.00739494 -0.00768287 0.0146304 0.00491929 0.0213998 0.0272906 -0.0111288 -0.0144414 0.00220699 0.00392356 0.000634303
internal_weight=81.1083 47.9281 17.4331 33.1802 30.495 11.5475 6.45627 7.9154 6.04054 24.0387 19.1893 4.8494 27.8354 22.1829
internal_count=16429 13498 4105 2931 9393 2259 1748 1819 1241 7645 7334 311 2630 2231
is_linear=0
shrinkage=0.02


Tree=268
num_leaves=15
num_cat=0
split_feature=42 15 17 2 78 65 84 82 51 56 26 39 70 30
split_gain=5.64865 4.82601 4.80601 6.17991 4.55116 4.26103 4.28554 3.41711 3.12635 3.08884 3.03795 2.78745 2.6067 2.58294
threshold=0.055778783027266625 -0.00038517996684910531 0.079678081313325641 0.3940285204991088 0.256181365334541 1.288675213675214 0.2826143090492253 0.13341666666666671 0.017439228980930119 0.01713341890952132 -0.069850051311627456 0.019232541656651177 0.3568420399333263 0.067634823606569236
decision_type=10 10 10 10 8 8 10 10 10 10 10 10 10 10
left_child=1 5 4 12 9 8 -7 -6 -1 -3 -8 -12 -4 -5
right_child=-2 2 3 13 7 6 10 -9 -10 -11 11 -13 -14 -15
leaf_value=-0.0055660660585946289 0.016731481867078426 -0.017038556589534171 0.019370145710315947 -0.0098203045373224732 0.033338137583423147 -0.018116206479615173 0.016862463077299522 -0.004463599928471936 0.017676061798832556 0.0057991792460410242 -0.0098081036028980356 0.012078442325376542 0.00089285268023735892 0.01153149983148884
leaf_weight=3.8554953141137949 7.1721437189262351 8.0025167643907462 13.453123208542825 7.160362901457118 0.8875713323941431 12.137764551676812 1.8121982642915089 1.5265458820504134 3.6907276444253512 2.6486274750786842 11.288428515661506 1.9766260328469787 3.9987998341093762 2.2045418900088407
leaf_count=809 377 5446 893 427 222 5612 45 741 171 375 641 71 491 115
internal_value=0.000943285 -0.000774866 0.00392979 0.00867238 -0.00572902 -0.00613154 -0.00975222 0.0151285 0.00653945 -0.0113492 -0.00231088 -0.0059287 0.0154142 -0.00416637
internal_weight=81.8155 74.6433 39.8821 26.8168 13.0653 34.7612 27.215 2.41412 7.54622 10.6511 15.0773 13.2651 17.4519 9.3649
internal_count=16436 16059 8710 1926 6784 7349 6369 963 980 5821 757 712 1384 542
is_linear=0
shrinkage=0.02


Tree=269
num_leaves=15
num_cat=0
split_feature=16 59 80 75 17 63 60 70 1 31 55 84 70 59
split_gain=4.40517 4.2225 3.62186 3.6026 3.31853 3.78382 3.09135 2.9392 2.7546 2.66706 2.34526 2.31092 2.25281 2.17221
threshold=-0.02445838518160506 0.0062334897772873448 0.030166666666666671 0.45441137034057394 0.10174566121993303 0.12956507505395642 0.32280731552302272 0.39439573728365213 0.29792606920266501 -0.02120702901059816 0.011056745486840451 0.17168351821652669 0.12907309105757456 -0.0061965860978994694
decision_type=8 10 10 8 10 10 8 8 10 10 8 10 8 10
left_child=2 4 3 7 12 -6 -3 8 -1 11 -8 -4 -2 -13
right_child=1 6 9 -5 5 -7 10 -9 -10 -11 -12 13 -14 -15
leaf_value=0.001087533398710103 0.014981143334510406 0.02293536596297769 -0.011490545395238373 -0.0029093562561238028 0.017935702257605612 -0.0029735696374168386 -0.0041341015257478665 -0.0034607308101134333 0.032578027672088596 -0.0091512539869635853 0.01753663687780006 -0.0032164324299898159 -0.011217666013631332 0.01760813905052042
leaf_weight=1.4329954256536428 0.54912102973321708 2.9539733631536338 1.3337813839316348 2.7560198208666415 3.2288312184973647 18.136330682435073 7.006482382013929 1.2718747120234191 5.3395098299370147 5.319476483273319 1.6685102194896888 2.507453634578269 22.194647444353905 5.4742225626832806
leaf_count=325 92 278 1079 507 215 1788 469 191 263 1422 73 223 9232 304
internal_value=0.00115365 -0.00200317 0.00788546 0.0161338 -0.0048336 0.000847025 0.00826536 0.0222583 0.0269121 0.00115574 0.00141572 0.007358 -0.00998082 0.0114363
internal_weight=81.1732 55.7379 25.4353 10.8004 44.1089 21.3652 11.629 8.04438 6.77251 14.6349 8.67499 9.31546 22.7438 7.98168
internal_count=16461 12147 4314 1286 11327 2003 820 779 588 3028 542 1606 9324 527
is_linear=0
shrinkage=0.02


Tree=270
num_leaves=15
num_cat=0
split_feature=50 52 79 24 38 21 51 41 19 58 72 15 76 70
split_gain=6.55104 4.44599 4.02731 5.23753 4.28548 2.82849 2.79137 3.7817 2.86218 2.76657 2.50588 2.5097 2.32485 2.15887
threshold=0.0093207521394544929 -0.016317934915348688 0.084628544522631716 0.45000000000000007 0.065685975754860182 -0.017365920562543487 0.056112563341467088 -0.0016034175591199057 -0.074227762343792067 0.011892708258097398 0.16109246830723342 0.080933255673877436 92.980830543599566 0.2424567564052543
decision_type=10 10 8 8 8 10 10 10 10 10 10 10 10 10
left_child=-1 -2 3 4 6 -5 7 10 -8 -6 11 13 -12 -3
right_child=1 2 -4 5 9 -7 8 -9 -10 -11 12 -13 -14 -15
leaf_value=-0.01320336387712104 0.017406498730697724 -0.0031226575965984981 0.017084531362693056 0.015721302933771913 -0.010047598771803199 -0.011473809723515128 0.014231760583688724 0.0074157042498300199 -0.011665037745186549 0.019713060207900011 -0.00834208573646621 0.0085060876165238761 0.021875224373763328 -0.01596365791857143
leaf_weight=9.2831461283494701 7.5697976087685666 7.8067484235507463 5.4093124763458027 9.7679180245031585 0.96847250399877438 1.046490728505886 4.6647488758899271 5.6476393507328018 1.576520206988788 4.1179484917083755 1.22582241956843 1.7831912978435855 1.0753935903194358 19.455484454869293
leaf_count=5409 533 3302 741 524 320 79 123 761 78 234 313 48 157 3902
internal_value=0.00177353 0.00385567 0.00202513 0.000386433 -0.00248502 0.0123413 -0.0046044 -0.00669159 0.00698277 0.0133267 -0.00938394 -0.0109957 0.00812782 -0.0125271
internal_weight=81.3986 72.1155 64.5457 59.1364 48.322 10.8144 43.2355 36.9943 6.24127 5.08642 31.3466 29.0454 2.30122 27.2622
internal_count=16524 11115 10582 9841 9238 603 8684 8483 201 554 7722 7252 470 7204
is_linear=0
shrinkage=0.02


Tree=271
num_leaves=15
num_cat=0
split_feature=83 15 42 26 80 53 87 5 32 10 11 6 18 85
split_gain=6.7854 4.76085 6.43224 4.33141 4.04912 3.51045 3.06132 2.9515 2.89074 3.66149 2.52128 2.40247 2.26771 2.92632
threshold=0.21353660901714708 -0.0022327575462425362 0.019341687678531391 -0.054498415363001394 0.052833333333333336 -0.064030078326181794 0.037855266300453792 0.38832369345176621 0.0031108801704748811 0.74403208387744135 -1.5253902624319018 7.117353958333335 -0.029869151834900989 0.24960156058648117
decision_type=10 10 10 10 10 8 10 10 8 10 10 8 10 8
left_child=5 2 -2 -4 7 11 -6 12 9 10 -9 -1 -3 -14
right_child=1 4 3 -5 6 -7 -8 8 -10 -11 -12 -13 13 -15
leaf_value=0.020461216364637408 -0.013821446724257256 0.01290415273516704 0.0209766667260597 -0.0031815612363522115 -0.013422663088783524 -0.013584465168616113 0.012403022585497327 -0.0022389053724062554 0.0090405244087438177 0.0053424274329816881 0.041962416923762264 -0.0074730057009484265 -0.011117606395153239 0.0090071576517945454
leaf_weight=1.5358196749584752 10.555686896026602 5.8946613038424376 4.1718246187083423 6.449802110961171 4.7197181374649508 14.49709907238139 1.7949757755268363 0.47597477736417237 11.756163854675835 2.6625178740359843 3.2628836982185021 1.6380041019292546 5.2466863846057086 4.4083814320620158
leaf_count=339 1691 211 203 481 838 9870 115 93 858 145 125 518 919 141
internal_value=0.00104053 0.00419336 -0.00337871 0.00729551 0.00816539 -0.00955216 -0.00560338 0.0109113 0.0162059 0.0263658 0.0370503 0.00770807 0.00412307 -0.00194593
internal_weight=79.0702 61.3993 21.1773 10.6216 40.222 17.6709 6.51469 33.7073 18.1575 6.40138 3.73886 3.17382 15.5497 9.65507
internal_count=16547 5820 2375 684 3445 10727 953 2492 1221 363 218 857 1271 1060
is_linear=0
shrinkage=0.02


Tree=272
num_leaves=15
num_cat=0
split_feature=60 83 41 85 18 6 15 67 45 85 31 1 2 62
split_gain=4.63767 4.64631 3.98341 3.89497 3.74291 3.73084 3.74071 2.75493 2.6001 2.68443 2.39458 2.18042 3.37944 2.99176
threshold=0.51974350978404937 0.15072815490398139 -0.0075285021021395835 0.29764828562403445 0.024504593044513915 214.37969924812032 -0.0020354165812272126 0.20848321342925663 -0.082110234433852541 0.30852157981546147 -0.006667418209655814 0.29690911572052409 0.28997041420118347 0.22961049233043324
decision_type=8 10 10 10 10 10 10 10 10 10 8 10 10 8
left_child=1 2 -1 -2 7 6 8 10 -3 -10 -4 -8 -13 -14
right_child=3 5 4 -5 -6 -7 11 -9 9 -11 -12 12 13 -15
leaf_value=-0.016826842687950316 -0.016134011941451063 0.011772435157171286 0.030909609530490836 0.0012998844918933414 -0.013904846249304341 0.020013904050223647 0.00035425570724161839 -0.0026584004751835188 -0.01616656145840159 0.0038812559534879354 -0.0060762713994222126 0.022076876914843481 0.011996748717879053 -0.0073119514758982138
leaf_weight=5.9866239492548612 8.6165012636338378 2.2064875640789969 2.1070868446840905 10.684260394307783 2.2661289368988946 6.6096989832003592 9.2253943581017683 2.4428940175566822 6.1380780015606415 3.7506761216791347 0.53174643072998184 7.2163816724205416 7.3411918974015835 4.3696931025478998
leaf_count=5236 2374 239 280 417 2103 331 1869 686 1333 103 142 479 381 462
internal_value=0.0014106 0.00414283 -0.00595759 -0.00689455 0.00385296 0.00708157 0.00452404 0.0127561 -0.0045216 -0.00890456 0.023835 0.00843212 0.012154 0.00478364
internal_weight=79.4928 60.1921 13.3345 19.3008 7.34786 46.8576 40.2479 5.08173 12.0952 9.88875 2.63883 28.1527 18.9273 11.7109
internal_count=16435 13644 8447 2791 3211 5197 4866 1108 1675 1436 422 3191 1322 843
is_linear=0
shrinkage=0.02


Tree=273
num_leaves=15
num_cat=0
split_feature=17 60 62 42 81 50 56 84 8 23 84 26 15 70
split_gain=5.05224 5.51372 4.31743 4.29452 2.96583 4.19495 3.41825 2.64807 2.54251 2.50925 2.5082 2.49639 2.33137 2.05654
threshold=0.061752228418895092 0.48921762380841671 0.12263153695799595 -0.00089295990901754128 0.16358333333333336 0.12648059749937793 0.021998190042743063 0.34931674458752571 0.37043451885989814 4.5581712727272743 0.37268520541762912 0.011788313098190064 0.049987385044718245 0.20128832828513343
decision_type=10 8 8 10 10 10 8 10 10 8 10 10 8 10
left_child=2 3 -1 7 -3 6 12 -2 -5 11 -11 -4 -6 -10
right_child=1 4 9 8 5 -7 -8 -9 13 10 -12 -13 -14 -15
leaf_value=0.021583256863793955 -0.011484498350750523 0.012792854964539298 0.023623825339165468 0.0028462647520465403 -0.015264877887069596 0.014138397530365884 0.0083017926950172231 0.0095994481173270873 -0.002548504593151456 -0.01866144417556161 0.0032850111270502063 -0.01005130923499464 0.0073400450230333512 0.01781591040606503
leaf_weight=0.79194540757452792 5.4547292700735834 2.8685264856321764 0.70885575673309975 9.3320072354399617 15.090789010631843 2.6064316064584991 2.9352121564443285 2.8587201712653041 1.9578306674375223 10.513006925757507 2.212633917457425 0.98205084225628525 1.4631078281672767 17.815184803621378
leaf_count=231 1289 136 107 938 2675 92 185 148 224 8136 83 775 53 1427
internal_value=0.0010233 0.00355926 -0.00895656 0.0083291 -0.00363566 -0.00623004 -0.00951116 -0.00398217 0.0118611 -0.0119254 -0.0148842 0.00759874 -0.0129626 0.0157739
internal_weight=77.591 62.3825 15.2085 37.4185 24.9641 22.0955 19.4891 8.31345 29.105 14.4165 12.7256 1.69091 16.5539 19.773
internal_count=16499 7167 9332 4026 3141 3005 2913 1437 2589 9101 8219 882 2728 1651
is_linear=0
shrinkage=0.02


Tree=274
num_leaves=15
num_cat=0
split_feature=87 40 16 41 39 26 2 53 50 50 11 29 42 20
split_gain=4.64832 5.31248 4.57966 3.72599 3.55328 3.54179 4.17107 3.91293 2.82686 2.67314 2.46407 2.3829 2.30523 2.58704
threshold=0.10042016806722691 0.032222295259945181 -0.048387035139499789 -0.0038781883228302823 -0.007823861819575029 -0.066927341965198353 0.13060200668896324 -0.058491280185165424 0.030631479184293976 0.13189325527945919 -1.681350558736145 -0.044538800407170773 0.055778783027266625 -0.0036843146626206742
decision_type=10 10 8 10 10 8 8 8 10 10 10 10 10 10
left_child=1 2 4 -3 8 -4 7 -7 -1 12 -5 -10 13 -8
right_child=-2 3 5 10 -6 6 9 -9 11 -11 -12 -13 -14 -15
leaf_value=-0.010866988922800896 0.017460390214266291 -0.0031640416942559499 0.0080686040370687717 -0.0052135794495500268 -0.011304666903983381 0.030653137341944161 0.0054423622591665789 -0.010046411130635908 -0.0038688391890360514 0.0070043716566763692 0.023733202593365782 0.020126677307082216 0.0073436026307101936 -0.013796339710978734
leaf_weight=1.1557156888884481 5.1841196836903682 4.2111720450338908 5.5308114920626394 1.030062503647059 2.4859904255135907 1.180365180771332 2.5355388745083394 1.0025867526419454 1.6940285846358145 2.9335712381289332 6.0362888786476088 7.5779549684375525 1.9345689981710155 31.69817860756303
leaf_count=599 338 1154 436 337 458 207 955 814 166 127 479 524 84 9782
internal_value=0.000828169 -0.000611747 -0.00302937 0.0113966 0.00714324 -0.0059261 -0.00794741 0.014677 0.0121456 -0.00954497 0.0193904 0.0157928 -0.0110396 -0.0122574
internal_weight=76.191 71.0068 59.7293 11.2775 12.9137 46.8156 41.2848 2.18295 10.4277 39.1019 7.06635 9.27198 36.1683 34.2337
internal_count=16460 16122 14152 1970 1747 12405 11969 1021 1289 10948 816 690 10821 10737
is_linear=0
shrinkage=0.02


Tree=275
num_leaves=15
num_cat=0
split_feature=51 53 84 20 26 7 53 53 52 20 42 51 15 72
split_gain=5.09344 6.27757 4.2948 4.24172 4.38223 3.64037 4.99204 3.17461 2.76548 2.67331 2.63756 2.49521 2.27856 2.10952
threshold=-0.022665705859990001 -0.037967305055531968 0.63533142302484602 0.0046565755493462738 -0.069850051311627456 237.08770522402111 -0.096812971225652897 0.048317019154833905 0.021837290163669937 0.11166799021042358 0.035483765194588221 -0.0099392196870048254 -0.0019933001952729692 0.17877941425427463
decision_type=10 10 10 10 10 10 8 8 10 10 10 10 10 10
left_child=5 8 3 11 -5 6 -1 9 12 13 -7 -3 -2 -6
right_child=1 2 -4 4 7 10 -8 -9 -10 -11 -12 -13 -14 -15
leaf_value=0.019019742508926293 -0.0018798025676204585 0.029990311252320195 0.016454943834734059 0.012958204206538244 -0.013725536635346343 -0.0041392505236199648 -0.015162990490226515 0.01179640778850201 0.0014968830499904101 0.0035158219648896826 0.020401800508045315 0.0026881824994299743 0.024691617120024045 0.010085141432572782
leaf_weight=1.0602880775113588 1.3511196193867352 1.26271890749922 4.6628166758455327 3.8823514294344887 21.360922612075242 3.795396731409709 14.847320741391743 2.2395032787462688 4.2730038246954782 4.7108084875508203 1.8841671737609429 3.8367271295282981 7.9264684445224693 0.89542486862046544
leaf_count=93 169 390 363 240 4905 690 7216 95 426 354 43 840 462 152
internal_value=0.000880764 0.00403618 0.000177923 -0.00217868 -0.00487667 -0.00717725 -0.0118944 -0.00759791 0.0153865 -0.00957272 0.00583763 0.0132572 0.0210156 -0.0123751
internal_weight=77.989 56.4019 42.8513 38.1885 33.089 21.5872 15.9076 29.2067 13.5506 26.9672 5.67956 5.09945 9.27759 22.2563
internal_count=16438 8396 7339 6976 5746 8042 7309 5506 1057 5411 733 1230 631 5057
is_linear=0
shrinkage=0.02


Tree=276
num_leaves=15
num_cat=0
split_feature=59 81 19 30 15 78 66 71 42 42 59 14 82 53
split_gain=5.2552 4.14793 3.95589 6.89417 3.85796 3.24385 3.46805 2.91928 2.81083 2.73888 2.37534 2.22067 2.19594 2.15412
threshold=0.0058805061585961741 0.1501666666666667 -0.06453459359499629 -0.0029020071466049516 -0.001882124992530154 0.15401978065021546 0.3252803601951057 0.19418882791613903 0.035483765194588221 0.036254976621037958 -0.00024981571334327759 0.070583795448537323 0.10958333333333335 -0.017420881281894899
decision_type=10 8 8 8 10 10 10 8 10 10 10 8 8 8
left_child=1 -1 3 4 -3 8 -7 13 12 11 -6 -5 -4 -2
right_child=7 2 5 9 10 6 -8 -9 -10 -11 -12 -13 -14 -15
leaf_value=0.018630335465457191 0.00082460513136286412 -0.0059274157787547743 0.0039492752251671943 -0.013190927643302586 0.02438255606408014 -0.0076006496417484731 0.014497886931747181 0.0011088272712662574 0.0054044400293880813 0.0088845572155207882 -0.0010194479985688976 0.0068317683701205334 -0.016266438150820687 0.023485232229471381
leaf_weight=2.7987241549999444 2.2789005416561849 2.5508952073869287 2.0340712082688759 10.820984343183229 7.0184501676121718 5.6452568377135304 3.9855917883687653 7.1692101079970607 2.896211788756772 3.2488856213167301 1.7080248295678746 2.0673550753272165 17.911943154496839 6.2667931171017663
leaf_count=254 299 236 419 1597 382 2505 865 563 229 161 96 151 8372 379
internal_value=0.000942738 -0.00168905 -0.00292902 0.00262109 0.0139852 -0.00755289 0.00204803 0.0109139 -0.011517 -0.00567331 0.019817 -0.00971853 -0.0141147 0.0181617
internal_weight=78.4013 62.6864 59.8877 27.4146 11.2774 32.4731 9.63085 15.7149 22.8422 16.1372 8.72647 12.8883 19.946 8.54569
internal_count=16508 15267 15013 2623 714 12390 3370 1241 9020 1909 478 1748 8791 678
is_linear=0
shrinkage=0.02


Tree=277
num_leaves=15
num_cat=0
split_feature=42 52 38 28 80 51 33 39 5 75 75 53 58 3
split_gain=5.05033 4.45601 4.63603 4.37124 3.5018 3.49669 3.14864 2.8956 3.0821 2.86748 2.65457 2.45105 2.40266 2.04922
threshold=0.055778783027266625 -0.016317934915348688 0.065685975754860182 0.085510776542895031 0.013750000000000002 -0.043223827277756616 -0.022832394541550321 -0.032088046429725382 0.46546302320537852 0.31357916300848704 0.41335359675785216 -0.042249373478503813 0.011892708258097398 0.073869273416982809
decision_type=10 8 10 10 8 10 10 8 10 8 10 10 10 8
left_child=1 5 3 4 10 -1 -5 8 -6 -9 -3 -7 -4 -8
right_child=-2 2 12 6 7 11 13 9 -10 -11 -12 -13 -14 -15
leaf_value=-0.0064318170354677427 0.016035538085646388 -0.012080470500742525 -0.0086809141989758927 -0.0062284812956279537 -0.010266964971030468 0.022855850751933315 0.023177025556953366 0.0089500527623378682 0.0187519379074573 -0.013921547733483084 0.014010304838579891 -0.0045535677509057427 0.018714798463685164 0.0038107836577251216
leaf_weight=2.7224216199829243 6.9574780063703647 1.4064928399166081 1.0180148552171875 6.2590323282638556 2.0300591876439289 5.7254003345151432 2.6760298040462631 1.7016418233979518 1.9180624463187994 28.924622732680291 3.8536810129298829 1.2526570871705169 4.5614781324402429 6.6552321831695744
leaf_count=1032 372 209 427 593 591 405 271 254 341 10590 324 352 256 414
internal_value=0.000927548 -0.000762004 -0.00280875 -0.00462063 -0.00807839 0.0111691 0.00416865 -0.0103672 0.00477147 -0.012408 0.00621867 0.0179815 0.0131566 0.0110705
internal_weight=77.6623 70.7048 61.0043 55.4249 39.8346 9.70048 15.5903 34.5744 3.94812 30.6263 5.26017 6.97806 5.57949 9.33126
internal_count=16431 16059 14270 13587 12309 1789 1278 11776 932 10844 533 757 683 685
is_linear=0
shrinkage=0.02


Tree=278
num_leaves=15
num_cat=0
split_feature=52 42 39 51 53 41 24 19 72 78 81 19 68 9
split_gain=4.04213 4.47342 5.03428 4.31462 3.83637 3.65339 4.78599 2.60959 2.39822 2.27513 2.22062 2.05363 2.05017 1.91514
threshold=-0.032788569778870034 0.055778783027266625 0.02007964937335999 0.03284953253341031 -0.027146279824939373 -0.0012676575866056219 0.45000000000000007 -0.015571722690257193 0.13478656846440171 0.1434707520748616 0.22083333333333335 -0.14033575413320701 0.650088339222615 5.1748507060755342
decision_type=8 10 10 10 8 10 8 10 10 10 10 10 10 10
left_child=7 2 3 5 -5 6 11 -1 -8 -7 -4 -2 -6 -13
right_child=1 -3 10 4 12 9 8 -9 -10 -11 -12 13 -14 -15
leaf_value=0.02389474450122649 0.0048543747169404903 0.015238531461502934 -0.0033305315345832486 0.014961045410766443 0.0095439140697538612 -0.0037181569430719281 -0.0037040084918618715 -0.0085068927215787189 0.019064509529733539 0.017989891552394874 0.019191863248842877 0.0051885452070297797 -0.0085883177124904675 -0.014929811374366497
leaf_weight=3.6378133029211313 2.1039950543781734 5.9637084926944217 2.0779855579603455 7.167656839825213 2.6416908755200001 3.6032055239775209 3.7117282421095288 0.71742485783761356 2.2372876507579349 2.5731212343089283 5.1685444245231338 1.5532055671210461 7.2314574195770547 27.313317378750071
leaf_count=284 96 379 345 197 93 826 329 324 132 305 603 1038 616 10891
internal_value=0.00119122 -3.30605e-05 -0.00158774 -0.00354467 0.00478129 -0.00687066 -0.00923355 0.0179655 0.00636997 0.00657225 0.0131127 -0.0123363 -0.00330524 -0.0137098
internal_weight=77.7021 73.3469 67.3832 60.1367 17.0408 43.0959 36.9195 4.35524 5.94902 6.17633 7.24653 30.9705 9.87315 28.8665
internal_count=16458 15850 15471 14523 906 13617 12486 608 461 1131 948 12025 709 11929
is_linear=0
shrinkage=0.02


Tree=279
num_leaves=15
num_cat=0
split_feature=50 52 59 29 28 21 19 50 76 71 56 16 15 15
split_gain=4.97208 6.12849 4.52189 3.64925 3.27795 4.47955 4.83869 4.21167 3.11808 2.27183 2.06573 1.98889 2.07465 1.97384
threshold=0.0093207521394544929 -0.016317934915348688 0.0090544910159062932 -0.046876305387196289 0.11368390533614857 -0.0085774466329688933 -0.043001225034822226 0.11837027363772754 73.970751519401617 0.17386128364389236 0.015783842133210112 -0.04924528437921407 0.080933255673877436 -1.0000000180025095e-35
decision_type=10 10 10 10 8 8 10 10 10 8 10 10 10 10
left_child=-1 13 3 -3 5 7 -7 10 -8 -4 11 -5 -13 -2
right_child=1 2 9 4 -6 6 8 -9 -10 -11 -12 12 -14 -15
leaf_value=-0.011365129265457708 0.00060085510584294017 -0.011637694087474244 0.02264933058261696 0.0045040996915761819 0.011062933469236565 -0.0079411926115686236 0.0022394014586939281 0.011258142051736118 0.03553112570998157 0.0037425326914980392 0.0032357817126557188 -0.016833295049656399 0.0072893471783006068 0.025338903013051847
leaf_weight=8.8428765669814293 1.6797085434081962 9.1659346998785605 4.3532378996023882 2.0254858427215394 10.081958634778848 2.5855601640068926 1.9620282482355929 4.0094564787577829 2.1839552725432441 5.763862544146833 3.8395740122068664 13.379694220144307 1.0278928355546657 5.3711345857009283
leaf_count=5411 206 2468 245 634 486 263 419 164 206 391 503 4681 22 317
internal_value=0.0019636 0.0038521 0.00163819 -0.000897584 0.00171744 -0.00157128 0.0118074 -0.00560047 0.023273 0.0131834 -0.0093072 -0.0122554 -0.0147509 0.0202522
internal_weight=76.2724 67.4295 60.3786 50.2615 41.0956 31.0136 6.73154 24.2821 4.14598 10.1171 20.2726 16.4331 14.4076 7.05084
internal_count=16416 11005 10482 9846 7378 6892 888 6004 625 636 5840 5337 4703 523
is_linear=0
shrinkage=0.02


Tree=280
num_leaves=15
num_cat=0
split_feature=52 20 39 16 41 60 20 4 48 16 9 38 31 49
split_gain=4.36531 4.15538 5.31822 5.44932 4.11035 3.44235 3.30635 3.2352 3.08251 2.9939 2.73758 2.41778 2.33222 2.34851
threshold=-0.029791159574004685 0.14893788507570105 0.02007964937335999 -0.038596816013791439 -0.0016034175591199057 0.49603171825899517 0.027174908517771757 0.028490259740259743 0.068101905719107916 0.02454670672341697 65.691974464204307 0.053513828676821237 -0.0088996587149395689 -0.40243803864781208
decision_type=8 8 10 10 10 8 10 10 10 10 10 10 10 10
left_child=8 2 3 5 7 -2 -6 10 -1 -4 -5 -11 13 -9
right_child=1 -3 9 4 6 -7 -8 12 -10 11 -12 -13 -14 -15
leaf_value=0.029550637588969662 0.012875918192632318 0.012487108923851652 -0.00045073445629587944 -0.017009634993160813 0.019988853628384231 -0.007422778456689272 -0.0053870021193744792 -0.0072424649289348497 -0.002136004536933165 -0.0037331347444616203 0.0031193567817535718 0.031106821080937874 -0.014206635193344757 0.0099746307098544321
leaf_weight=2.771846970601473 10.447959635406729 9.661214684660079 3.137027728080283 18.008948135422539 2.9093831824138823 3.9572149707237267 3.6403057327261195 4.6040807979006777 1.63241803238634 0.75248103821650181 2.8228489233588325 2.9082347707008012 3.4433529345551497 6.4223715798580079
leaf_count=425 1937 604 634 8638 442 702 567 508 323 138 505 177 558 396
internal_value=0.00223756 0.000935483 -0.00100178 -0.00309719 -0.00671953 0.00717984 0.00703959 -0.00939593 0.0195841 0.0145126 -0.0142641 0.0246809 -0.00191838 0.00278121
internal_weight=77.1197 72.7154 63.0542 56.2565 41.8513 14.4052 6.54969 35.3016 4.40427 6.79774 20.8318 3.66072 14.4698 11.0265
internal_count=16554 15806 15202 14253 11614 2639 1009 10605 748 949 9143 315 1462 904
is_linear=0
shrinkage=0.02


Tree=281
num_leaves=15
num_cat=0
split_feature=87 16 69 18 63 8 36 64 85 1 84 1 43 43
split_gain=4.42485 4.77532 3.88454 3.86493 3.9766 3.49909 3.75805 4.7991 3.01318 2.87376 2.77332 2.74645 2.67949 2.51933
threshold=0.10042016806722691 -0.038596816013791439 0.5296331400535238 0.024504593044513915 0.16202738817874829 0.26321160042964559 0.0075235124404419646 2.4216374269005851 0.41298730758275071 0.36596254355400698 0.52217112818946532 0.37046437300244411 -0.0034378311716588162 -0.00093236737473354999
decision_type=10 8 10 8 10 10 8 10 10 10 10 10 10 10
left_child=1 2 -1 4 5 -3 7 -7 -6 12 -5 -8 -4 -11
right_child=-2 3 9 10 8 6 11 -9 -10 13 -12 -13 -14 -15
leaf_value=-0.0082770591457008158 0.0171707212572954 -0.0070772231140181843 -0.011367635470318943 -0.015620037334577945 -0.014205499031599952 -0.0046821610924180071 -0.011124850354674707 0.023151064912115746 0.0076289581903010856 0.028136964644748352 0.0031421396401809386 0.01164445409295505 0.011256126528209487 -0.0063111766252515805
leaf_weight=3.6971348571823937 4.898649552371352 6.7673099378298529 2.1279325522482404 12.879874566686341 9.2624263460456842 3.0145652324426901 4.4089202547329505 7.977136767905904 2.6468434338457874 4.4715214967145585 3.6921982250642023 2.5113701588707045 5.6707834907574552 0.62300513632362697
leaf_count=699 334 1126 575 7279 1477 552 1350 993 100 261 84 183 1370 28
internal_value=0.000534036 -0.000860545 0.00820679 -0.00378956 -8.47136e-05 0.00446963 0.00897568 0.0157637 -0.00913772 0.0131891 -0.011499 -0.00243494 0.0044927 0.02358
internal_weight=74.6497 69.751 16.5904 53.1606 36.5886 24.6793 17.912 10.9917 11.9093 12.8932 16.5721 6.92029 7.79872 5.09453
internal_count=16411 16077 2933 13144 5781 4204 3078 1545 1577 2234 7363 1533 1945 289
is_linear=0
shrinkage=0.02


Tree=282
num_leaves=15
num_cat=0
split_feature=50 52 56 55 24 82 50 31 33 65 23 51 76 25
split_gain=5.07239 4.64937 4.33715 4.04367 4.01129 3.61367 4.41856 2.99821 2.61984 2.59048 2.37747 2.30162 2.15458 2.07083
threshold=0.0093207521394544929 -0.017710132835875022 0.016743920256971207 0.0052591339615136118 0.29166666666666669 0.13341666666666671 0.028542748071900496 -0.034940449835580152 -0.013926014732110427 1.9478221415607988 858.11804916666676 0.056112563341467088 151.53789841198338 0.21108870105534996
decision_type=10 10 10 10 8 10 8 8 10 10 8 10 10 10
left_child=10 -2 4 -4 5 6 9 8 13 -3 -1 -9 -8 -7
right_child=1 2 3 -5 -6 7 12 11 -10 -11 -12 -13 -14 -15
leaf_value=-0.015290319875433871 0.018816478561380481 -0.0048212120442294422 0.0012126108854781672 0.021238659792129525 0.0088757857705594762 0.024623091502404163 -0.0069625461582445295 -0.014978335751006294 -0.0077465889639769681 0.040138723692433799 0.0091446338594208167 0.0038240249432270296 0.013257170584873197 -0.0041031746595363424
leaf_weight=7.9379778900474749 6.3124308866099446 0.43509464664384523 8.697660625970455 6.7349564830074078 10.851257563161196 1.7005559008684943 6.2985778395668586 16.234588242630714 3.5070734174514655 0.90940150863025337 1.24050201807404 2.6475732284598044 1.9707591402693649 1.2019118191383311
leaf_count=5319 465 203 752 424 729 264 831 5719 875 146 164 114 138 323
internal_value=0.00179307 0.00372927 0.0018953 0.0107128 -0.00124414 -0.00454975 0.00549182 -0.00843043 0.00304294 0.0297386 -0.0114139 -0.0122822 -0.0012334 0.0147243
internal_weight=76.6803 67.5018 61.1894 15.4326 45.7568 34.9055 9.61383 25.2917 6.40954 1.3445 9.17848 18.8822 8.26934 2.90247
internal_count=16466 10983 10518 1176 9342 8613 1318 7295 1462 349 5483 5833 969 587
is_linear=0
shrinkage=0.02


Tree=283
num_leaves=15
num_cat=0
split_feature=87 15 53 16 63 50 84 56 52 75 5 72 11 44
split_gain=4.35475 4.41306 3.93771 3.86652 4.69594 3.69535 3.602 2.82745 2.79056 2.60423 2.97801 2.49714 2.33507 2.07082
threshold=0.087129054520358878 -0.0022327575462425362 -0.037589130003142901 0.026339464870408644 0.10693626585923134 0.0093207521394544929 0.46943022722953437 0.012867360429912751 0.032912430280179233 0.4981322219589368 0.62908566545609923 0.12489316239316241 -2.1918936177764863 -0.084431667737921684
decision_type=10 10 10 10 10 10 10 10 10 10 10 10 10 8
left_child=1 6 5 4 -4 -3 13 -5 12 -6 -11 -8 -7 -1
right_child=-2 2 3 7 9 8 11 -9 -10 10 -12 -13 -14 -15
leaf_value=0.015651364255631791 0.015276642102991095 -0.0089268524912105886 0.014306311083599782 -0.0017307766779355277 -0.014301863577887377 -0.0050045216919019113 -0.0065950797933763605 0.019101418915179233 -1.1081900590855518e-05 -0.010417160829885299 0.01916031554968306 0.015510217069473366 0.021327097465671355 -0.014654642328424209
leaf_weight=0.16580088459886611 6.6707172286696723 2.8578254404710632 2.7332793094974539 5.1280689136183337 13.7892151013657 1.1509963426506136 3.5105231377528971 4.0000262314279098 4.4982510046393136 1.993111740186577 1.5459131440438794 2.8384973714128137 10.01082061161287 14.297021940961713
leaf_count=19 416 1740 725 1491 4245 240 124 260 633 901 236 78 813 4456
internal_value=0.000984493 -0.000606654 0.00275036 -0.00184175 -0.00667108 0.00971237 -0.00807531 0.00838275 0.0134455 -0.01058 0.00387766 0.00405342 0.0184236 -0.0133175
internal_weight=75.1901 68.5194 47.7075 29.1896 20.0615 18.5179 20.8118 9.1281 15.6601 17.3282 3.53902 6.34902 11.1618 14.4628
internal_count=16377 15961 11284 7858 6107 3426 4677 1751 1686 5382 1137 202 1053 4475
is_linear=0
shrinkage=0.02


Tree=284
num_leaves=15
num_cat=0
split_feature=51 53 84 60 79 63 53 36 30 4 52 52 72 70
split_gain=4.63239 4.23889 3.58612 3.81162 3.30771 3.97631 3.14082 3.03456 2.60464 2.51498 2.27981 2.01278 1.91235 1.90728
threshold=-0.02847080179149147 -0.037589130003142901 0.4278649980729195 0.5464199200045069 0.099274227880544089 0.11044476413115149 -0.087947678985920735 0.00098335657957223711 -0.007423574947654262 0.031782106782106787 0.054803551550460121 0.0032924527832535609 0.12826914228152866 0.31584452763708443
decision_type=10 10 10 8 8 10 8 8 8 10 10 10 10 10
left_child=6 11 4 -4 5 8 -1 -6 -3 -8 -5 -2 -11 -13
right_child=1 2 3 10 7 -7 9 -9 -10 12 -12 13 -14 -15
leaf_value=0.013452745136237327 0.019645729732454327 0.029293302413695814 0.014919625213041606 -0.01562021963719409 0.026952792400254087 -0.0087461506475083068 -0.015590541874022928 -0.008968440949372684 -0.0032528949350466704 -0.0090927208791968632 0.0083988456597284024 0.011978164710685718 0.012149798595854499 -0.0073558266200429035
leaf_weight=1.6255752029828725 7.3329465441056509 1.0136224433372261 9.8352499743923509 2.6694525792845534 1.5357948099845078 22.450800907361554 10.785716041718844 0.87399169802665744 1.576517838519073 2.5303243777889284 1.9349083770066497 3.7411470704537351 2.2732894530054182 2.7000246059906203
leaf_count=203 525 254 460 100 155 6246 6173 267 592 449 63 457 190 311
internal_value=0.0010633 0.00387034 0.000606903 0.00835449 -0.00361888 -0.00593295 -0.00772746 0.0151153 0.0140954 -0.0106138 -0.005829 0.0130824 0.00132151 0.00397431
internal_weight=72.8794 55.6645 41.8903 14.4396 27.4507 25.0409 17.2149 2.40979 2.59014 15.5893 4.60436 13.7741 4.80361 6.44117
internal_count=16445 9430 8137 623 7514 7092 7015 422 846 6812 163 1293 639 768
is_linear=0
shrinkage=0.02


Tree=285
num_leaves=15
num_cat=0
split_feature=17 60 4 60 73 83 38 8 84 5 18 20 81 39
split_gain=6.62616 5.5963 3.71961 3.16285 3.60807 2.93054 2.69749 2.64103 2.27351 2.90642 2.10778 2.09123 1.9775 1.95253
threshold=0.061752228418895092 0.51974350978404937 0.040733366517338644 0.32280731552302272 0.10182569222344791 0.83283295175689331 0.071693072557481433 0.21878676470588238 0.28631241099972343 0.64451137884872833 -0.049806861958348901 0.038973123923989238 0.16558333333333336 -0.0079977334299663246
decision_type=10 10 10 10 10 10 8 10 10 10 10 8 10 10
left_child=8 2 3 13 10 6 12 -4 -1 -10 -5 -6 -3 -2
right_child=1 5 7 4 11 -7 -8 -9 9 -11 -12 -13 -14 -15
leaf_value=-0.016450185429408844 0.017210571040468886 0.0052582986791460578 -4.5303238744573229e-06 0.0075088767491413716 0.019426156279471026 0.0099701549927724929 0.013080898911035397 0.02209992911038074 -0.010345557591964238 0.017169414048559383 -0.010033057948713064 -0.0013134346020393071 -0.014766866885660018 -0.0017298928470744746
leaf_weight=9.9741906980343611 6.9924404316116124 1.7988738955464221 2.8570364514598605 2.6881697837961847 3.319590643135597 2.96508446172811 1.1054917679284706 7.8833808561321348 2.9590027290396383 1.5091079229023305 11.944889759412035 3.3214903717744164 12.240708407509372 2.757924281642774
leaf_count=9061 599 119 140 95 361 117 55 473 193 56 2028 537 2213 432
internal_value=0.000149695 0.00311589 0.00709489 0.00334456 -0.00107505 -0.0059514 -0.00949297 0.0167204 -0.011553 0.000388036 -0.00653633 0.010239 -0.012022 0.0121906
internal_weight=74.3174 59.8751 41.7649 31.0245 21.2741 18.1102 15.1451 10.7404 14.4423 4.46811 14.6331 6.64108 14.0396 9.75036
internal_count=16479 7169 4665 4052 3021 2504 2387 613 9310 249 2123 898 2332 1031
is_linear=0
shrinkage=0.02


Tree=286
num_leaves=15
num_cat=0
split_feature=42 40 51 26 67 40 76 41 41 20 58 60 17 14
split_gain=3.93451 4.03222 3.98922 3.88106 3.31574 4.31009 2.89002 2.84109 2.69824 2.68052 2.43252 2.26601 2.35655 2.25458
threshold=0.055778783027266625 0.037673363639975949 0.064526605458248232 -0.077993513118960398 0.17784594410361285 -0.0012056473480552175 146.76379556295711 -0.0038781883228302823 -0.0012676575866056219 0.028635491925785263 0.0018843289843813729 0.48694173143499103 0.073223296888141304 0.11490945244580462
decision_type=10 10 10 8 8 10 10 8 10 8 10 10 10 10
left_child=1 2 3 10 5 -5 8 -7 13 -3 -1 12 -8 -6
right_child=-2 9 -4 4 6 7 11 -9 -10 -11 -12 -13 -14 -15
leaf_value=-0.0067130420101850566 0.015121469295080365 0.021948955333617667 0.011777352710402545 -0.0099072251882089089 -0.013776448687243276 0.026153968760741737 -0.0095892636015545291 -0.0074077482797234419 0.0037949025117503575 0.00026939895626983725 0.020273609163991315 -0.010893571717921073 0.018946650014586161 0.0063690915483286337
leaf_weight=1.4134859145269727 6.074311082949861 3.8619985340046679 5.9871006744215256 3.0154647101298906 28.625003190594722 2.8943493515835144 0.90772967791417514 0.86311340687097926 4.2704277673037785 4.345277258718852 2.9717296264716424 1.7714671839785294 3.0937276110635139 1.8371354833943758
leaf_count=120 378 658 239 1253 9925 586 679 273 749 738 168 325 220 158
internal_value=0.000946478 -0.000567548 -0.00249103 -0.00433678 -0.00606296 0.0062099 -0.00821528 0.018508 -0.0103563 0.0117468 0.0119437 0.0042932 0.0118503 -0.0123977
internal_weight=71.9323 65.858 57.6507 51.6636 47.2784 6.77293 40.5055 3.75746 34.7326 8.20728 4.38522 5.77292 4.00146 30.4621
internal_count=16469 16091 14695 14456 14168 2112 12056 859 10832 1396 288 1224 899 10083
is_linear=0
shrinkage=0.02


Tree=287
num_leaves=15
num_cat=0
split_feature=42 15 8 1 82 84 54 49 63 80 44 64 49 12
split_gain=3.80411 5.0487 4.67426 3.71254 4.8192 3.05111 3.49434 2.97533 2.7685 2.17625 2.07043 1.91488 1.81886 1.78542
threshold=0.03985696498982446 -0.0004662256331981794 0.26865870373869499 0.26648550724637687 0.095166666666666691 0.27283995003529843 0.032709612633216714 -0.51867895170356559 0.1926175440114192 0.013750000000000002 0.064193831553787009 1.9395764877692592 -0.27917720551102693 15.528890959925445
decision_type=10 10 10 10 10 10 10 10 10 8 10 10 10 10
left_child=1 5 -3 4 -4 9 -7 -5 10 -1 11 -9 -8 -2
right_child=13 2 3 7 -6 6 12 8 -10 -11 -12 -13 -14 -15
leaf_value=0.0069215200967278484 -0.004758796509850725 -0.0065201916732168423 0.022913328741728359 0.0013376930244964377 -0.013099188773902528 -0.0081723144306152379 0.01629790010754973 -0.00035734417782178562 -0.0094226210599829482 -0.01618686716209275 0.00077361417586999906 0.02501638610295339 -0.0031891916393614024 0.016267590715512273
leaf_weight=1.3190589782898321 1.48889967764262 9.9762265020690375 1.0099533169996018 6.8205559231282704 4.9162193438678514 8.9900993402698059 4.3606094095739536 1.2929938081942918 0.86905602083425115 10.896506558900001 2.1190610679041137 10.721320906508479 2.5412772568524806 8.2109494680771586
leaf_count=94 159 2855 93 1037 3186 690 157 163 119 6066 361 901 102 498
internal_value=0.00183672 3.85075e-05 0.00476841 0.00891246 -0.00453973 -0.0062556 -0.000329705 0.0126043 0.0173228 -0.0133567 0.0194814 0.022468 0.00962718 0.012897
internal_weight=75.5328 65.8329 37.7254 27.7492 5.92617 28.1076 15.892 21.823 15.0024 12.2156 14.1334 12.0143 6.90189 9.69985
internal_count=16481 15824 8715 5860 3279 7109 949 2581 1544 6160 1425 1064 259 657
is_linear=0
shrinkage=0.02


Tree=288
num_leaves=15
num_cat=0
split_feature=83 32 19 69 26 67 52 41 65 83 18 55 18 31
split_gain=4.46455 4.7452 5.06056 4.29408 4.03478 3.99884 4.70395 3.08692 2.51503 2.59063 3.18175 2.39573 3.6166 2.67301
threshold=0.15072815490398139 1.6966266522276677e-05 -0.1201997872461376 0.54711944939384416 -0.073861281233838103 0.17661913250148548 -0.00083932650117922436 -0.011749384342403685 2.0647255969836622 0.51720347833918956 -0.0055920474328775551 0.0097346435136408619 -0.029869151834900989 -0.020730140946554201
decision_type=10 10 10 10 10 8 8 10 10 10 10 10 10 10
left_child=5 3 -3 -2 -4 6 -1 -5 9 10 -9 12 13 -6
right_child=1 2 4 7 11 -7 -8 8 -10 -11 -12 -13 -14 -15
leaf_value=0.028332196556522925 -0.003708199876488585 0.011543814337679368 0.015647285058839503 -0.00041122078349036618 0.012535559397435258 -0.014714987735850726 -0.012001089770210098 0.0039977248961677089 0.0024439722912775698 0.009932914318074134 0.044865937316021405 0.0048670842980680987 -0.012995029564145224 -0.011567768303917392
leaf_weight=1.3443165623466482 4.6944469727750429 10.464699522126464 2.8675593255902632 2.9179486229259064 4.0650779535062611 9.8276305844483431 1.4670496468315808 1.1883427866268901 2.2278766481322236 3.3721606704639271 3.1895701740577316 5.7616647416434708 18.458817860955609 1.9559643464745047
leaf_count=367 718 536 128 540 151 7641 1141 93 327 106 448 518 3568 167
internal_value=0.00140363 0.00365986 4.94578e-05 0.0121196 -0.00381546 -0.00898278 0.00965857 0.0177335 0.0225939 0.027445 0.0365788 -0.00610273 -0.00877431 0.00417312
internal_weight=73.8031 61.1641 43.5738 17.5903 33.1091 12.639 2.81137 12.8959 9.97795 7.75007 4.37791 30.2415 24.4799 6.02104
internal_count=16449 7300 5068 2232 4532 9149 1508 1514 974 647 541 4404 3886 318
is_linear=0
shrinkage=0.02


Tree=289
num_leaves=15
num_cat=0
split_feature=83 70 22 80 51 83 39 51 46 4 65 36 58 49
split_gain=3.65131 3.86499 3.77953 3.69724 3.09038 2.88327 2.67 2.61093 2.54336 2.40491 2.36497 2.36426 2.00153 1.93842
threshold=0.21353660901714708 0.34139541162462278 1.0000000180025095e-35 0.015250000000000001 0.022613818440909209 0.83283295175689331 -0.0087330579580601701 0.0087234545627623162 1.0000000180025095e-35 0.0083507670850767098 0.98675438596491238 0.024044878601017467 0.013480287682332316 -0.10239894163796602
decision_type=10 10 8 8 10 8 10 10 10 10 8 8 10 10
left_child=3 2 7 6 12 11 8 -2 -1 -6 -5 -3 -4 -11
right_child=1 5 4 10 9 -7 -8 -9 -10 13 -12 -13 -14 -15
leaf_value=0.030178705318491122 0.025658505473252359 -0.0094454251968653317 -0.0099696070896674056 0.013340323314259659 -0.0069042917727406769 0.011021165421439962 -0.0059354035211074477 0.0033149393183497804 -0.0073960755387238565 0.019710699126533206 -0.014957280042794294 0.006076091556167099 0.0050683925074097571 -0.0007196315346018967
leaf_weight=1.3962036914308553 5.6670347207400464 14.885385287576353 6.8150751749053615 0.54382310304208559 1.9237119681201864 4.1669929721392682 2.4319751765578959 3.534781247319188 0.55891853128559876 6.6588231035857453 10.865057906223228 4.4472583503811682 5.6237412539194338 2.3618068949435829
leaf_count=161 588 1770 1655 184 136 200 467 207 80 310 9704 454 399 131
internal_value=0.00128502 0.00368072 0.00804266 -0.00693378 0.00344557 -0.00244901 0.00750205 0.0182417 0.0205692 0.0107461 -0.0126421 -0.00575165 -0.00329951 0.0148236
internal_weight=71.8806 56.0846 32.585 15.796 23.3832 23.4996 4.3871 9.20182 1.95512 10.9443 11.4089 19.3326 12.4388 9.02063
internal_count=16446 5850 3426 10596 2631 2424 708 795 241 577 9888 2224 2054 441
is_linear=0
shrinkage=0.02


Tree=290
num_leaves=15
num_cat=0
split_feature=51 44 53 84 40 28 58 2 57 60 1 84 78 68
split_gain=3.78308 4.9774 4.29892 3.26343 3.00209 3.56607 3.45605 2.82664 3.49181 2.61807 2.29977 2.23204 2.10912 2.08016
threshold=-0.022665705859990001 0.0089066034885545448 -0.037967305055531968 0.17870556276045854 0.027219116041564854 0.13949964572734627 0.012092003034542826 0.28997041420118347 -0.004326997465899784 0.51686852473369338 0.25337899543379 0.34931674458752571 0.13111895592640141 0.72629658086822901
decision_type=10 8 8 10 10 8 10 10 8 10 10 10 10 10
left_child=1 3 -2 -1 5 7 -6 8 12 11 -9 13 -4 -5
right_child=2 -3 4 9 6 -7 -8 10 -10 -11 -12 -13 -14 -15
leaf_value=-0.008946297903065302 0.014687456076184477 -0.013597959646307643 0.00045731770650696632 0.032193809339055732 -0.0069986495958151975 0.012549872459949617 0.016887784515942663 0.008624079006738063 -0.0057892281239370832 -0.008423750936899772 -0.0117259916088664 0.00049681894602709705 0.03148613349008253 -0.0055988880082363211
leaf_weight=3.2878288414212857 12.656798429525223 10.96178807175602 1.4666321989789142 2.7090021579642785 2.7473012594855373 4.7528367015765971 7.4630988724529743 1.8355148867121922 4.4204698549292578 1.1689938486088065 15.25471130304504 1.8306410076329482 1.2930702750745693 0.37529837817419309
leaf_count=2128 1039 5512 626 145 865 280 486 219 2134 210 2356 49 332 65
internal_value=0.00217282 -0.00497686 0.00501559 0.00544573 0.00160793 -0.00173212 0.0104097 -0.00491489 0.00512796 0.0133883 -0.00918446 0.0191233 0.0195037 0.0273503
internal_weight=72.224 20.3336 51.8904 9.37176 39.2336 29.0232 10.2104 24.2704 7.18017 6.08394 17.0902 4.91494 2.7597 3.0843
internal_count=16446 8109 8337 2597 7298 5947 1351 5667 3092 469 2575 259 958 210
is_linear=0
shrinkage=0.02


Tree=291
num_leaves=15
num_cat=0
split_feature=78 87 50 71 19 56 58 85 66 0 75 16 43 16
split_gain=4.67996 4.88646 4.0808 4.10172 3.78734 4.07941 2.90487 2.77209 2.46697 3.04586 2.57977 2.42667 2.1764 1.97901
threshold=0.10847994006561783 0.087129054520358878 0.0080953393902406124 0.17386128364389236 -0.061367627685785346 0.014599820725477875 -0.00016477518846853327 0.29764828562403445 0.29401222854733294 0.099136326409053691 0.43305329021372335 -0.020056005238451659 -0.0042285270469832647 0.034840797792583929
decision_type=10 10 10 10 8 10 8 10 10 10 10 10 10 10
left_child=1 4 -2 8 6 -6 12 -8 -4 10 -10 -5 -1 -13
right_child=2 -3 3 11 5 -7 7 -9 9 -11 -12 13 -14 -15
leaf_value=-0.0055602450309223507 -0.012098321488085807 0.016451482303337549 0.0058360630371119453 0.011320306030500415 -0.016193249274452384 0.0041435787208419506 -0.012115369912210306 0.0054534944338173446 0.0036135543019645529 0.0084616004149867599 0.043838541158683526 -0.011195852713785551 0.018291796268211855 0.0057737824722148686
leaf_weight=1.611287934676511 2.9990479087864541 3.7689974489621809 5.3304364933283086 6.2389945960603646 14.219089284481017 4.8536355140095102 6.6497234503331146 5.9492191416211426 1.0064537164580545 3.7266871923056897 2.6363313056644984 5.1674191928177589 4.2892571476404555 4.113754211255582
leaf_count=237 2021 242 1356 682 7237 780 1075 239 334 274 369 852 344 469
internal_value=0.00164978 -0.00274639 0.00737587 0.00978868 -0.00504878 -0.0110693 0.00140767 -0.00402838 0.0177813 0.0246918 0.035897 0.002568 0.0119165 -0.00384429
internal_weight=72.5603 41.3412 31.2191 28.2201 37.5722 19.0727 18.4995 12.5989 12.6999 7.36947 3.64279 15.5202 5.90055 9.28117
internal_count=16511 10154 6357 4336 9912 8017 1895 1314 2333 977 703 2003 581 1321
is_linear=0
shrinkage=0.02


Tree=292
num_leaves=15
num_cat=0
split_feature=51 53 53 71 26 41 29 28 49 15 55 15 55 85
split_gain=3.36485 4.66237 3.43395 3.31345 3.2844 2.77848 2.72476 2.31749 2.24319 2.18362 1.86976 1.89967 1.72981 1.68943
threshold=-0.030868066051745326 -0.087947678985920735 -0.037589130003142901 0.19418882791613903 -0.066927341965198353 -0.011749384342403685 -0.013363725953975432 0.092952525161984156 -1.0458535838663552 -0.0020354165812272126 -0.021609289704157597 5.2041704279304221e-18 -0.010291723573374678 0.6369910105598604
decision_type=10 8 10 10 10 10 10 10 8 10 10 10 10 10
left_child=1 -1 9 5 -5 7 10 -4 -3 -2 -7 -12 -8 -6
right_child=2 8 3 4 13 6 12 -9 -10 -11 11 -13 -14 -15
leaf_value=0.016454003294995537 -0.0037509403542414351 0.010679993879017248 -0.011547406677026391 0.011972671519821343 -0.011364070330358342 -0.0053998658121093956 0.008246613623543439 0.0079304130723709173 -0.013434330061075413 0.015997516310667308 0.021780574199686212 -0.0037419309797703517 -0.0095265832225424184 0.0086563574470782858
leaf_weight=2.0739018695894629 2.3593322372471439 0.99942119579645805 4.9072149872663413 2.6556696140905869 13.502845200448062 1.0208950901578635 3.7232380124914926 3.2651333310932387 12.247244801488701 10.660811533860395 8.0391481401456968 1.0329195933591098 3.0847485065751306 1.1724874791689206
leaf_count=205 421 305 2122 182 2381 509 482 280 6098 950 1740 79 544 62
internal_value=0.0015287 -0.00649708 0.00382303 0.000962327 -0.00557729 0.00552314 0.00996569 -0.00374918 -0.010993 0.0124067 0.0160785 0.0187917 4.7416e-06 -0.00931435
internal_weight=70.745 15.3206 55.4244 42.4043 17.331 25.0733 16.9009 8.17235 13.2467 13.0201 10.093 9.07207 6.80799 14.6753
internal_count=16360 6608 9752 8381 2625 5756 3354 2402 6403 1371 2328 1819 1026 2443
is_linear=0
shrinkage=0.02


Tree=293
num_leaves=15
num_cat=0
split_feature=60 85 4 21 18 73 65 18 44 42 27 7 9 54
split_gain=3.50605 4.87868 4.17381 4.47686 4.89685 3.04117 2.73815 2.60707 2.42821 2.32812 1.8099 1.65684 1.64083 1.6259
threshold=0.60847322419533867 0.38419537273268639 0.053631351869606908 -0.0094948999104714962 -0.012762770471827332 0.087846567497730302 1.1344718714121702 -0.044107889121360981 -0.007360312297850057 0.07569169988431669 0.010946334155005013 111.01677006504526 2.9010308310688413 0.046349108389971451
decision_type=8 10 10 8 10 10 10 10 10 8 10 10 10 10
left_child=1 2 3 6 -5 -4 -1 11 -6 13 12 -8 -10 -9
right_child=-2 -3 5 4 8 -7 7 9 10 -11 -12 -13 -14 -15
leaf_value=0.01072764389242277 -0.0090480395911835144 0.01591048225406529 0.023418339573411547 -0.013152284518399749 -0.0087868696377899867 -0.0038220222625153367 0.013414647410356251 -0.012039151214418443 -0.0055769555019217279 0.014192038291767226 -0.0059609942681435012 -0.006565942060223642 0.025881695307635812 -0.00026219819745739478
leaf_weight=3.4226129708404178 9.4711982505395991 9.5059043363435176 4.1553905504988498 1.9940119846432933 0.72868964899680566 2.0381410435657017 3.2434868582058618 21.936093559197634 0.38243252219399249 0.87836705567314766 0.53974473138805468 1.9478277788148259 6.0124664018221665 5.9508582533162544
leaf_count=507 1379 639 141 236 314 119 129 9957 119 10 326 134 963 1507
internal_value=0.00171138 0.0034522 0.000975019 -0.00117085 0.0103251 0.015169 -0.0043326 -0.00611404 0.017247 -0.00844257 0.0207453 0.00606812 0.0235006 -0.00962212
internal_weight=72.2072 62.736 53.2301 47.0366 9.65735 6.19353 37.3792 33.9566 7.66333 28.7653 6.93464 5.19131 6.3949 27.887
internal_count=16480 15101 14462 14202 1958 260 12244 11737 1722 11474 1408 263 1082 11464
is_linear=0
shrinkage=0.02


Tree=294
num_leaves=15
num_cat=0
split_feature=42 52 40 58 16 16 28 20 31 78 69 32 70 85
split_gain=3.64605 4.29525 3.20281 4.06859 3.43088 2.92698 2.59304 2.7522 2.8617 2.23599 2.05902 1.9859 2.66211 1.98053
threshold=0.055778783027266625 -0.029791159574004685 0.032222295259945181 0.009048361141348351 -0.048387035139499789 -0.02421887615073692 0.11368390533614857 0.0046565755493462738 -0.014273392179818606 0.055966401549913343 0.56631201660064157 0.044733834541548355 0.24592816595044834 0.1729140288605622
decision_type=10 8 10 10 8 10 10 8 10 8 10 10 10 10
left_child=1 5 4 -4 9 -1 7 8 -6 -3 -5 12 -8 -11
right_child=-2 2 3 10 6 -7 11 -9 -10 13 -12 -13 -14 -15
leaf_value=0.028552890575772098 0.015209186738408802 -0.0054943025020200674 -0.010025467320917969 -0.00052856438739386463 -0.011336306962897573 -0.0016207076822846542 0.011129559790312644 -0.01079013690197959 0.015458760443751177 -0.00019435172213926231 0.021118374626160827 0.016135949925295941 -0.012991213702150629 0.020676877053544342
leaf_weight=2.3769512485596351 6.0046962936175978 3.5050784644554351 2.825327958154956 2.3650573593913577 1.8026458156236911 1.9119969645980743 2.2381508421385652 28.408337552595178 2.8557334220677202 2.9321091930905823 5.3429932953440584 2.3323495775694028 3.2811727988882922 3.7108569319825619
leaf_count=217 383 750 1252 237 1352 509 138 8881 1108 703 466 65 256 171
internal_value=0.00149063 3.17142e-05 -0.00143101 0.00813503 -0.00352252 0.0173385 -0.00609028 -0.00849764 0.00491894 0.0064486 0.0151785 0.00386279 -0.00300314 0.0126445
internal_weight=71.8935 65.8888 61.5998 10.5334 51.0664 4.28895 40.9184 33.0667 4.65838 10.148 7.70805 7.85167 5.51932 6.64297
internal_count=16488 16105 15379 1955 13424 726 11800 11341 2460 1624 703 459 394 874
is_linear=0
shrinkage=0.02


Tree=295
num_leaves=15
num_cat=0
split_feature=80 83 15 1 49 20 33 80 44 80 51 47 16 8
split_gain=4.69931 5.46757 3.843 3.62192 3.3512 3.17155 3.1664 3.50377 2.69175 2.69545 3.04481 2.77245 2.34815 1.94836
threshold=0.04158333333333334 0.73045416186379353 -0.00038517996684910531 0.26648550724637687 -0.43266800028296276 0.12461551496736688 -0.0071134419478746788 0.018750000000000003 0.064879518036283376 0.010750000000000001 0.0070289716461180438 -0.018100986626978479 -0.052071636369282769 0.23079939465938407
decision_type=8 10 10 10 10 8 10 10 8 10 10 8 10 10
left_child=2 -2 5 6 -5 12 7 -4 9 -6 11 -11 -1 -3
right_child=1 13 3 4 8 -7 -8 -9 -10 10 -12 -13 -14 -15
leaf_value=0.0081982525002658353 -0.013774568645728074 -0.0056688084937203667 0.027854484868884165 0.0028546354640406448 -0.001147351635078158 0.01165070378980182 -0.013139393765177818 -0.0083551133719383438 -0.0022565987143854079 -0.0021208721754401175 0.010230485086271992 0.038119878038679195 -0.0094103212934115738 0.012064449448813198
leaf_weight=3.0905331708490875 12.167642966232963 3.1275607016868872 1.2342915375484182 7.8733855834580053 1.6141836246242718 4.8072689854889203 3.7791433017409872 1.3752129220229106 1.8358023093605886 0.65034680615644902 4.6488809123984538 5.6041034407680836 12.212806631490816 5.8885670946910977
leaf_count=376 6113 102 68 1276 138 277 2292 898 366 187 281 508 3298 326
internal_value=0.00221058 -0.00548465 0.00559913 0.0101827 0.0138621 -0.00109626 -0.00276169 0.011744 0.0193209 0.0224182 0.0257103 0.03422 -0.0055695 0.00596123
internal_weight=69.9097 21.1838 48.726 28.6154 22.2267 20.1106 6.38865 2.6095 14.3533 12.5175 10.9033 6.25445 15.3033 9.01613
internal_count=16506 6541 9965 6014 2756 3951 3258 966 1480 1114 976 695 3674 428
is_linear=0
shrinkage=0.02


Tree=296
num_leaves=15
num_cat=0
split_feature=72 53 14 14 53 70 17 41 76 51 56 63 82 52
split_gain=3.93509 3.64043 3.52131 3.58675 4.42303 4.21448 2.54232 2.84315 2.4977 2.19487 2.38266 2.13754 2.13543 1.94026
threshold=0.12510296540362439 0.037664599588704946 0.09279157320579319 -0.043245374259684409 -0.09175512022277206 0.32807984964024611 0.084680573663624525 -0.0086759195623208919 32.987523466833544 0.050147874739320954 0.012265628336082097 0.20099349028879152 0.13341666666666671 0.024278630477127163
decision_type=10 10 10 8 8 10 10 8 10 10 10 8 10 10
left_child=1 2 3 5 -5 -1 7 -2 -8 10 -6 -10 -9 -11
right_child=6 -3 -4 4 9 -7 8 12 11 13 -12 -13 -14 -15
leaf_value=0.020450836787471879 -0.01373534194546509 0.014402117238921064 0.010235522600553257 0.017519214803034734 -0.017823419379695116 -0.0082492663080235111 -0.00083875063413956213 0.018178301154883444 0.018263714335788109 0.012252674219968967 -0.0029024237449017279 -0.0022646845274966599 -0.0036076172496950693 -0.0098640657708244893
leaf_weight=2.9320401971635874 3.6624110658303834 3.4179270290478589 4.5948088426375753 1.3484431647812014 17.063155302254028 3.4360162884113379 5.4106973979796775 2.3061734006623755 11.123307176341765 2.09067538101226 6.1896473227825473 2.1901898630312653 3.362325320194941 2.2684550940175541
leaf_count=494 2028 248 449 87 7933 542 619 400 779 55 1099 276 1416 112
internal_value=0.000798495 -0.00296181 -0.00476398 -0.00694286 -0.00988115 0.00594724 0.00650963 -0.00190465 0.0105867 -0.0117848 -0.0141351 0.0149643 0.00665262 0.00105032
internal_weight=71.3963 43.3412 39.9232 35.3284 28.9604 6.36806 28.0551 9.33091 18.7242 27.6119 23.2528 13.3135 5.6685 4.35913
internal_count=16537 11019 10771 10322 9286 1036 5518 3844 1674 9199 9032 1055 1816 167
is_linear=0
shrinkage=0.02


Tree=297
num_leaves=15
num_cat=0
split_feature=16 2 1 85 63 85 42 17 82 59 63 5 73 2
split_gain=3.34036 3.85683 4.22158 3.57038 3.30792 3.37121 2.82232 3.13503 2.89133 3.6031 2.53302 2.00378 1.73403 1.53256
threshold=-0.02445838518160506 0.25838014981273416 0.29792606920266501 0.24960156058648117 0.16760696002758549 0.59132825525816168 0.023101624087019389 0.10174566121993303 0.11416666666666668 0.009572462689167234 0.12956507505395642 0.386051763071044 0.097771570453134712 0.37173814386203774
decision_type=8 10 10 10 8 10 10 10 10 10 8 10 10 10
left_child=1 2 -1 -3 6 -6 7 8 -2 -10 -9 13 -12 -8
right_child=4 3 -4 -5 5 -7 11 10 9 -11 12 -13 -14 -15
leaf_value=-0.0019564686802685618 0.010169761897934093 -0.0074100930157487907 0.027428587169848959 0.011439946175512901 -0.012137932542972183 0.012504496607345823 -0.011412094353733349 0.019492346710603382 -0.015470622233855695 0.011057676321091144 -0.0068141467528078674 0.018453860786402425 0.011338358501238226 0.0085925687579905558
leaf_weight=2.6412361106486077 2.3972136749362134 7.4238292017544136 5.3625519307388458 6.7152091619209386 12.841067549423313 1.8050449397414912 1.5638563338434304 3.0904656961210977 10.091421905148307 1.7552964011556458 4.7863196070538843 5.2448086733056698 2.3089099355856888 2.8111054127512034
leaf_count=1620 547 1831 450 336 2710 139 274 189 6772 105 660 457 144 149
internal_value=0.00209194 0.00834954 0.0185913 0.00170686 -0.00086428 -0.0084958 0.0025671 -0.00113071 -0.00699132 -0.0109852 0.00695724 0.01118 -0.000236093 0.000648975
internal_weight=70.8383 22.1428 8.00379 14.139 48.6955 14.6461 34.0494 24.4296 14.2439 11.8467 10.1857 9.61977 7.09523 4.37496
internal_count=16383 4237 2070 2167 12146 2849 9297 8417 7424 6877 993 880 804 423
is_linear=0
shrinkage=0.02


Tree=298
num_leaves=15
num_cat=0
split_feature=52 38 28 81 72 77 58 38 84 18 39 52 25 48
split_gain=4.56374 3.90564 4.97474 4.67594 4.1755 3.20085 2.93181 2.77496 2.86573 2.52532 2.30601 2.26034 2.25413 2.21233
threshold=-0.029791159574004685 0.065685975754860182 0.10363300242329997 0.1501666666666667 0.12866157115889801 -89.836647727272705 0.011892708258097398 -0.0018789073641330039 0.37268520541762912 -0.068534762203096053 0.022646705665259444 0.019065199879395676 0.12379724447554193 0.068101905719107916
decision_type=8 10 10 8 10 10 10 10 10 8 10 8 8 10
left_child=13 2 3 11 9 -6 -3 -4 -9 -5 -11 -2 -7 -1
right_child=1 6 7 4 5 12 -8 8 -10 10 -12 -13 -14 -15
leaf_value=0.027661089597462971 0.024303475944307984 -0.0091956462546061851 0.015807487793048063 0.0066252630915299097 0.013112990634103507 0.015001863667930437 0.020287907342106445 -0.012842582484236073 0.0097639118520627295 -0.01503022704743491 0.0061508315278276824 -0.0072934987798762441 -0.0089066224339270812 1.866483523935864e-05
leaf_weight=2.7735991539375391 2.1175813588197334 1.1143705593713082 7.5803529336117208 2.2260257982416078 5.1313193897658484 0.96383454618625997 4.8569423863664269 3.2515684947720711 3.7559001485351473 22.210132359556162 1.7219791288080148 0.74279208248481188 8.2600026658910792 1.6729000485211143
leaf_count=403 91 453 480 101 974 235 279 385 173 9308 303 143 2651 329
internal_value=0.00159972 0.000100965 -0.00157435 -0.00496455 -0.00682557 0.00178349 0.0142559 0.00817747 -0.00101966 -0.0114418 -0.0133206 0.0163344 -0.00518535 0.0191741
internal_weight=68.3793 63.9328 57.9615 43.3737 40.5133 14.3552 5.97131 14.5878 7.00747 26.1581 23.9321 2.86037 9.22384 4.4465
internal_count=16308 15576 14844 13806 13572 3860 732 1038 558 9712 9611 234 2886 732
is_linear=0
shrinkage=0.02


Tree=299
num_leaves=15
num_cat=0
split_feature=50 52 84 20 79 8 76 63 85 78 11 50 51 36
split_gain=3.87013 4.16251 3.70641 3.21888 3.46949 2.98856 2.3248 3.06315 2.04018 1.98711 1.84726 1.83879 1.74281 1.56573
threshold=0.0026480677716757832 -0.022696188425314259 0.16287140622738502 0.12461551496736688 0.21265381961034133 0.23582440989400394 92.980830543599566 0.16676528599605525 0.44386905409445288 0.062281513066106499 -0.75764428649015148 0.10128413594273951 -0.043223827277756616 0.059817890586057139
decision_type=10 10 10 8 8 10 8 10 10 8 10 8 10 10
left_child=-1 12 3 4 -3 11 7 10 -9 -5 -7 -4 -2 -8
right_child=1 2 5 9 -6 6 13 8 -10 -11 -12 -13 -14 -15
leaf_value=-0.013301975579846668 -0.0056781501920769688 -0.015332773258424444 -0.0088346205073237833 0.01726703570960297 0.01903036039190344 0.013151756966840582 0.015628709340871995 -0.012375965984696667 0.010180982646730093 -0.0097266650308494278 -0.0006281895477617688 0.0073633673719691508 0.022975974052361892 -0.0083346526252866971
leaf_weight=5.9875065525120581 0.60805055976379652 10.777163171063881 9.2122014199558162 2.0679841207456731 0.45805027853929914 8.6529243557597475 10.453243270341765 5.769592584896599 1.2755783004686234 0.90068404513294842 6.3727738916641181 3.007422625552862 3.9927008407539679 0.58885279158130366
leaf_count=4360 131 7898 864 129 74 707 709 508 84 160 498 112 266 22
internal_value=0.00085828 0.00236413 0.000799703 -0.00778365 -0.0124909 0.00359904 0.00666801 0.00267475 -0.00753404 0.00868999 0.00763283 -0.00459263 0.0188513 0.0137648
internal_weight=70.1247 64.1372 59.5365 14.2039 11.2352 45.3326 33.113 22.0709 7.04517 2.96867 15.0257 12.2196 4.60075 11.0421
internal_count=16522 12162 11765 8261 7972 3504 2528 1797 592 289 1205 976 397 731
is_linear=0
shrinkage=0.02


Tree=300
num_leaves=15
num_cat=0
split_feature=80 84 39 16 69 85 30 18 52 25 63 55 40 50
split_gain=4.28102 4.71416 3.19078 3.98307 3.38309 3.25091 2.82298 2.8213 2.51879 2.29897 1.9626 2.08729 2.72668 1.97297
threshold=0.015250000000000001 0.16930406032794623 0.019232541656651177 -0.037007331109407925 0.53315988198993136 0.44386905409445288 -0.012559692758745139 0.0070192858480439555 0.07133178245604975 0.1740907805258016 0.16760696002758549 -0.043989820571147455 0.025087140952434635 0.081573820389471405
decision_type=8 10 8 10 10 10 8 10 10 10 10 8 8 8
left_child=9 6 3 4 -3 10 7 -2 -6 -1 11 -5 13 -13
right_child=1 2 -4 5 8 -7 -8 -9 -10 -11 -12 12 -14 -15
leaf_value=-0.0047155312212130629 0.015526948458345211 -0.0066819580021894934 0.016455131004584199 0.010580961796691149 0.020343756075980907 0.0090984366434226256 -0.015043115883065568 -0.012398408545708058 -0.0066931839112693925 0.018572006744237146 -0.014552821062810748 -0.016892712201324524 0.0071106491696916567 0.0014583059725560964
leaf_weight=1.705278258130418 2.3068918660283093 2.8677112048608242 5.0303540555178179 3.0347475644666702 7.290987837535793 6.0147728545125565 10.3176984746824 1.6228027105971703 1.1518359727342611 7.0373499202542007 7.0036037010431746 6.3535681986541022 3.9194139716273684 3.2209593547740987
leaf_count=200 311 376 303 193 462 395 8977 2158 57 619 939 1137 317 114
internal_value=0.0017129 -0.000275104 0.00287083 0.000845181 0.010432 -0.00304599 -0.00993128 0.00381917 0.016337 0.0140119 -0.00639441 -0.00230448 -0.00573247 -0.0111652
internal_weight=68.878 60.1353 45.888 40.8576 11.3105 29.5471 14.2474 3.92969 8.44282 8.74263 23.5323 16.5287 13.4939 9.57453
internal_count=16558 15739 4293 3990 895 3095 11446 2469 519 819 2700 1761 1568 1251
is_linear=0
shrinkage=0.02


Tree=301
num_leaves=15
num_cat=0
split_feature=42 39 51 81 31 16 38 1 19 52 59 47 2 16
split_gain=3.83183 4.10588 4.00519 4.3594 2.92205 2.87239 2.32616 2.1698 1.92424 1.87235 2.77903 2.16261 1.98236 1.79565
threshold=0.055778783027266625 0.021220317561729117 0.064526605458248232 0.15958333333333338 -0.048276429875573214 -0.00085459330021361846 0.052288367920679812 0.35097051138484514 -0.1201997872461376 0.044656089428336092 0.0090544910159062932 0.055389810785982839 0.14330357142857145 -0.024736074522764603
decision_type=10 10 10 8 8 10 8 10 8 10 10 10 8 8
left_child=1 2 3 -1 7 -3 -7 -5 -6 11 -11 12 13 -10
right_child=-2 5 -4 4 8 6 -8 -9 9 10 -12 -13 -14 -15
leaf_value=0.013552111321572096 0.015053516394594402 -0.0065596884407007521 0.012462408816857545 -0.00886078732801511 0.0023468098983880415 -0.0055603122825728483 0.026332774118801812 0.014877171090198938 0.016058368819274523 -0.007300997641842534 0.014677292513446105 0.0093823246124717184 -0.016271846100065775 -0.010599647274607047
leaf_weight=3.9827477116195942 5.7311247707111752 1.5895133288577197 5.3424382340162984 1.5565369175164958 5.8144651581533253 0.75740559774567306 3.6370454771677028 3.4164802498416975 0.96466884951223619 10.724044639093334 1.8932883333764028 0.97644056574790639 19.733884709450649 1.1208545943955024
leaf_count=464 385 366 231 672 298 216 274 307 283 2649 95 36 8932 1183
internal_value=0.000723768 -0.000830853 -0.00260562 -0.00442188 -0.00622562 0.0136524 0.0208241 0.00720771 -0.00797831 -0.00969148 -0.0031674 -0.0130176 -0.0143873 0.00293923
internal_weight=67.2409 61.5098 55.5258 50.1834 46.2007 5.98396 4.39445 4.97302 41.2276 35.4132 12.6173 22.7958 21.8194 2.08552
internal_count=16391 16006 15150 14919 14455 856 490 979 13476 13178 2744 10434 10398 1466
is_linear=0
shrinkage=0.02


Tree=302
num_leaves=15
num_cat=0
split_feature=76 85 82 18 30 51 26 79 73 18 71 69 38 32
split_gain=3.38388 3.79829 3.45788 2.76294 2.4949 2.3583 2.25572 2.17412 3.08618 2.15605 2.15564 2.14887 2.47692 1.9409
threshold=72.300326150088623 0.29764828562403445 0.14516666666666669 0.02139475624147447 -0.026346580550646044 0.085015699248393597 0.057205197872552689 0.075127229484274763 0.076880246702072996 0.08157511418310405 0.30590484759869535 0.5281195947615519 0.01206856022324298 0.00722079575322468
decision_type=10 10 8 8 8 10 10 10 10 10 8 10 10 8
left_child=1 2 3 11 -4 -6 7 8 -2 -10 -3 -1 -13 -9
right_child=6 10 4 -5 5 -7 -8 13 9 -11 -12 12 -14 -15
leaf_value=-0.011551328361455131 0.015706801030542113 0.010629331721868243 0.0088859310384953941 -0.013275915762137902 -0.016058553273007387 0.011279111962395809 -0.0078047433178399621 0.03282661708809316 -0.0020816789524845136 0.022913268868373207 -0.0084812868285971538 0.01786502788588544 -0.0038413419319716746 -0.0015083396285974671
leaf_weight=1.2177205113694096 7.5809218194917873 10.086843166849572 1.4454122330935204 2.5564815531542981 14.289889647334348 0.68234033510088998 2.8887671079428392 1.5543626535218198 13.159403479425233 0.52981601830106306 2.1943406531354421 5.3756992111739219 2.6832383614673745 0.77333806539536487
leaf_count=203 1276 535 446 1385 7297 11 1396 219 2671 121 107 407 358 162
internal_value=0.0015294 -0.00209849 -0.00608217 0.00209772 -0.0117598 -0.0141845 0.00695546 0.00900619 0.00630246 0.000379717 0.00683325 0.007214 0.0110116 0.0243941
internal_weight=67.0186 40.532 28.2508 11.8331 16.4176 14.9722 26.4866 23.5978 21.2701 13.6892 12.2812 9.27666 8.05894 2.3277
internal_count=16594 10749 10107 2353 7754 7308 5845 4449 4068 2792 642 968 765 381
is_linear=0
shrinkage=0.02


Tree=303
num_leaves=15
num_cat=0
split_feature=78 87 50 52 28 40 20 50 50 72 40 61 63 48
split_gain=3.93571 4.61283 3.3953 3.18579 3.47702 4.02081 2.67362 2.63498 3.52683 3.42725 2.35071 2.17548 2.11518 1.9577
threshold=0.15401978065021546 0.087129054520358878 0.12172018833277103 -0.032788569778870034 0.11368390533614857 0.022626533679237611 0.039265186689005617 0.0080953393902406124 0.037323954173353414 0.10283232146438405 0.016308802935240879 0.21177295602673049 0.17450593987618288 0.51648780380576986
decision_type=10 10 10 8 10 10 10 10 8 10 8 8 10 10
left_child=1 2 3 -1 5 -5 13 -2 9 -9 -11 -10 -6 -7
right_child=7 -3 -4 4 12 6 -8 8 11 10 -12 -13 -14 -15
leaf_value=0.012739485495019971 -0.010357646320121322 0.015595528115566436 0.011807247715937157 -0.014871395171613446 0.010400313093115522 -0.0027735266497665081 -0.009964463896899492 -0.004970944898237478 0.017034408426943932 0.038011429002244253 -0.0004917276627918164 0.000126156915315102 -0.010227528095607639 0.018465554440513336
leaf_weight=2.712949503242271 1.7362776459776821 4.7703209854662409 4.3021592810982829 19.896329696668548 5.7651703398732925 2.7866477760835533 4.3927172348776367 0.9688766503822962 3.3990384209901121 2.9702787899586838 0.72472737825592082 9.9292213389126118 1.9095536338281816 2.7858426074380986
leaf_count=403 1376 316 219 8291 325 1193 1022 434 516 585 277 1136 98 287
internal_value=0.00176536 -0.00128353 -0.00339354 -0.00526518 -0.00686329 -0.0098857 0.00051707 0.00908188 0.0114044 0.0247676 0.0319633 0.0053261 0.00468053 0.00903848
internal_weight=69.0501 49.3217 44.5514 40.2492 37.5363 29.8615 9.96521 19.7284 17.9921 4.66388 3.69501 13.3283 7.67472 5.57249
internal_count=16478 12154 11838 11619 11216 10793 2502 4324 2948 1296 862 1652 423 1480
is_linear=0
shrinkage=0.02


Tree=304
num_leaves=15
num_cat=0
split_feature=87 15 53 74 23 39 20 16 56 77 51 51 53 63
split_gain=3.60063 3.51922 3.44307 3.56955 3.38685 2.94418 2.82096 2.80112 2.38208 2.61986 2.25967 1.83715 1.86313 1.7835
threshold=0.087129054520358878 -0.0019933001952729692 -0.042617378701382387 0.61710438829787251 68.267963085036271 0.019232541656651177 0.14893788507570105 -0.02445838518160506 0.01121752311713981 -79.295224282390237 -0.010586742401611253 0.050147874739320954 0.013937049810869901 0.10167733314579086
decision_type=10 10 10 10 8 10 10 10 10 10 10 8 10 10
left_child=1 8 7 5 -5 6 11 -3 -1 -10 -9 13 -13 -4
right_child=-2 2 3 4 -6 -7 -8 10 9 -11 -12 12 -14 -15
leaf_value=-0.012255324642691821 0.014518631028692636 0.020134853846376612 0.0082001194515688471 -0.0097671837534963266 0.023033021124086547 0.010517086218619401 0.012700873467370054 -0.0059077103637714722 0.014155132038702063 -0.0081893332632518284 0.012936592860053275 0.011314536407790086 -0.011895137664442492 -0.014179825123121135
leaf_weight=13.134174000326313 5.7633786217775187 5.4628076828666954 0.92445775269880393 1.1712573190743558 2.980252003762871 3.4841465451754621 1.6734386344905932 5.0170055239868807 2.8208856689743698 3.6952009080268899 3.4532094901078372 2.459301615483136 1.3298361269407903 14.963105634698875
leaf_count=4209 422 744 482 703 404 504 55 1783 309 527 186 99 67 5974
internal_value=0.000652504 -0.000833035 0.00238233 -0.00158613 0.0136795 -0.00456879 -0.00739108 0.0101915 -0.00763111 0.00208015 0.00232969 -0.00963145 0.00238596 -0.0124691
internal_weight=68.3325 62.5691 42.9188 28.9858 4.15151 24.8343 21.3501 13.933 19.6503 6.51609 8.47022 19.6767 3.78914 15.8876
internal_count=16468 16046 11001 8288 1107 7181 6677 2713 5045 836 1969 6622 166 6456
is_linear=0
shrinkage=0.02


Tree=305
num_leaves=15
num_cat=0
split_feature=42 78 1 87 52 19 52 12 22 2 27 17 47 36
split_gain=3.35448 3.45118 3.55942 3.5584 3.31104 3.05906 3.47737 2.45932 2.45952 2.31922 2.22094 1.97553 1.97547 1.89476
threshold=0.055778783027266625 0.15401978065021546 0.24596669268800417 0.087129054520358878 0.077290889273465321 -0.06453459359499629 0.099434432439063455 56.369737644905435 0.040505634999773464 0.26478537360890309 0.012975500430925159 0.30117059145673614 -0.0073476404781964702 0.029305484476066988
decision_type=10 10 10 10 8 8 10 10 8 10 8 10 10 8
left_child=1 3 -3 5 7 9 11 8 10 -1 13 -7 -11 -4
right_child=-2 2 4 -5 -6 6 -8 -9 -10 12 -12 -13 -14 -15
leaf_value=0.012023626051083354 0.014647847343327776 -0.013789205361438961 0.029026409180828584 0.014692082729973337 -0.0093469698878167994 -0.013964474404412857 0.011393358656609894 -3.4987178058382426e-05 -0.00086876102577024023 -0.0088207767236565624 -0.0033446084194456369 0.010075823553823124 0.00519140430880876 -0.0032418893158139297
leaf_weight=4.3703207265643895 5.4411411988548926 2.105130044801629 6.4439928798528721 2.9828197003807864 2.3463720626896292 19.305030339077355 1.9452784028253507 4.0042493176297294 2.09275221594726 8.8161360326048452 0.92216435231967153 0.77203885978087683 5.9630096129840213 0.59764859688584948
leaf_count=609 370 1728 779 133 184 9471 127 571 398 965 389 53 438 229
internal_value=0.000902443 -0.000502345 0.00653467 -0.00353207 0.00978468 -0.00516945 -0.0100831 0.0133859 0.0182496 0.000701387 0.02281 -0.0126058 -0.00319651 0.0262251
internal_weight=68.1081 62.6669 18.5123 44.1546 16.4072 41.1718 22.0223 14.0608 10.0566 19.1495 7.96381 20.0771 14.7791 7.04164
internal_count=16444 16074 4278 11796 2550 11663 9651 2366 1795 2012 1397 9524 1403 1008
is_linear=0
shrinkage=0.02


Tree=306
num_leaves=15
num_cat=0
split_feature=52 61 58 82 84 1 76 29 34 2 53 15 2 53
split_gain=4.26843 4.31236 5.20846 4.03751 3.50601 2.58953 2.21785 2.17321 2.04494 2.3476 2.39634 1.85195 1.56046 1.47658
threshold=-0.029791159574004685 0.22685605296766823 0.014747473236803364 0.11416666666666668 0.28631241099972343 0.28136574074074078 167.452608217814 -0.009229232573939981 0.11551786157142509 0.27054001928640314 0.043700259160284922 -0.00032210283604128378 0.21220585745725415 -0.062235359661856136
decision_type=8 8 10 8 10 10 10 10 10 10 10 10 10 10
left_child=5 2 3 -2 -3 -1 8 12 9 -6 13 -7 -4 -11
right_child=1 4 7 -5 6 11 -8 -9 -10 10 -12 -13 -14 -15
leaf_value=-0.0082929275133611109 0.017773955578685458 -0.010840382290828355 -0.0026865426833064979 -0.0084161503528947575 0.012365793399061976 -0.0032338521094456541 0.014796546580339905 0.00045374012041487366 0.01245661534932835 0.0079038318638006248 0.011199766272969572 0.029556400748076684 0.025942351954098317 -0.010479653368688968
leaf_weight=0.70037332069477987 2.1253879271680498 16.542875665880274 0.65870021982118476 8.6517119181226008 2.1974346103961677 0.61347522353753481 2.8372357955086036 2.2595218139467743 2.6129885004193047 1.2276169665274341 1.9091612690826867 2.9130037523573264 5.791220106446417 15.501506930391761
leaf_count=429 403 7715 217 5174 141 115 137 328 141 83 105 186 409 852
internal_value=0.00106997 -0.000380119 0.00720098 -0.00218048 -0.00391502 0.0184309 0.000680967 0.0178386 -0.00156233 -0.00381039 -0.00625011 0.0243979 0.0230505 -0.00876092
internal_weight=66.5422 62.3154 19.4865 10.7771 42.8288 4.22685 26.2859 8.70944 23.4487 20.8357 18.6383 3.52648 6.44992 16.7291
internal_count=16435 15705 6531 5577 9174 730 1459 954 1322 1181 1040 301 626 935
is_linear=0
shrinkage=0.02


Tree=307
num_leaves=15
num_cat=0
split_feature=63 36 56 39 54 78 0 60 87 48 23 36 14 22
split_gain=4.34095 4.96393 2.97653 2.76239 2.63818 2.41246 2.82474 2.67792 2.283 2.51099 2.20449 2.60299 2.41681 2.13883
threshold=0.15606415174015556 0.0015683952632717347 0.021998190042743063 0.023953160377406562 0.029723808955792689 0.12221118435660093 0.12050882099827885 0.43800562594038256 0.056873315363881412 2.5566692083506299 340.32680195048766 0.0091765106709468681 0.09279157320579319 0.040505634999773464
decision_type=8 10 10 10 10 10 10 8 10 10 8 10 8 8
left_child=1 5 10 8 -4 6 -1 13 9 -3 12 -12 -2 -7
right_child=2 3 4 -5 -6 7 -8 -9 -10 -11 11 -13 -14 -15
leaf_value=-0.0074964389186943856 -0.013971797109907962 -0.012507446117490079 -0.01167110257570834 0.014420922618438617 0.014914943484470302 0.027893651024872929 0.011833766361183714 -0.0009070238569509687 0.0088774974372370311 0.0086645806121313715 -0.01054450117944454 0.011920997135400142 0.0082631471913389796 -0.0029977778537945972
leaf_weight=3.863290882669391 14.768741027306534 10.902804547513371 1.2654203379061062 2.4332110465620636 4.0815450246736873 6.2759304104547455 7.4755881737510208 2.0176251538505321 2.8227598989615208 2.0105057966138693 2.7779849624494082 3.5788236026419327 1.5670312482107025 0.81457027586293396
leaf_count=2349 4373 4966 169 297 288 1189 593 367 157 278 652 442 174 184
internal_value=0.00124551 0.00553495 -0.0046491 -0.00205236 0.00777553 0.0120584 0.00517395 0.0192692 -0.00530903 -0.00882528 -0.00778128 0.00200456 -0.0114853 0.0244129
internal_weight=66.6558 38.6163 28.0395 18.1693 5.34697 20.447 11.3389 9.10813 15.7361 12.9133 22.6926 6.35681 16.3358 7.0905
internal_count=16478 10380 6098 5698 457 4682 2942 1740 5401 5244 5641 1094 4547 1373
is_linear=0
shrinkage=0.02


Tree=308
num_leaves=15
num_cat=0
split_feature=50 52 28 38 30 26 41 28 60 64 17 12 15 51
split_gain=3.92048 4.21859 2.95179 3.7194 4.19992 3.41733 4.42323 2.90766 2.61941 2.9557 2.50964 2.30816 2.12894 1.95862
threshold=0.0026480677716757832 -0.02843048538222279 0.13949964572734627 0.065685975754860182 0.0038844526772666079 -0.077993513118960398 -0.0016034175591199057 -1.0000000180025095e-35 0.36209297858034778 2.4787137681159424 0.10748244912467787 84.152378652499408 -0.0020856907780038253 0.056112563341467088
decision_type=10 10 10 8 10 10 10 8 10 10 8 10 10 8
left_child=-1 -2 3 4 7 -6 13 -3 9 -9 -10 -8 -12 -7
right_child=1 2 -4 -5 5 6 11 8 10 -11 12 -13 -14 -15
leaf_value=-0.012587549115379706 0.021807836955035968 -0.012557480308763894 0.012073598196849668 0.014234128822566592 0.01415355586190723 -0.0162075666350209 0.014078710203212923 -0.0046150414577232892 -0.013068651816180131 0.021070946277187131 -0.0081478613593732648 -0.012305495096749107 0.011934059089786593 0.0039224986247931764
leaf_weight=5.8106273895828044 3.6258467244915655 2.5912954312807415 8.659504385548642 5.4708680821349835 1.7717330124869466 16.102385491016321 3.4263899257639485 1.970034994010353 2.8560066192876521 6.1784416567534208 2.2173318812856451 1.0137302340881431 5.925311482133111 1.7902173949987652
leaf_count=4283 238 1570 483 615 165 5264 395 534 829 1199 310 98 363 81
internal_value=0.00188751 0.00338438 0.00193115 2.14768e-05 -0.00194232 -0.00754749 -0.00980192 0.00433152 0.00712705 0.0150353 0.000503381 0.0069002 0.00617247 -0.0140925
internal_weight=69.4097 63.5991 59.9733 51.3137 45.8429 24.1045 22.3327 21.7384 19.1471 8.14848 10.9986 4.44012 8.14264 17.8926
internal_count=16427 12144 11906 11423 10808 6003 5838 4805 3235 1733 1502 493 673 5345
is_linear=0
shrinkage=0.02


Tree=309
num_leaves=15
num_cat=0
split_feature=19 20 21 18 39 72 85 10 44 72 76 31 75 33
split_gain=4.40294 3.80039 4.10024 3.7518 4.39532 2.78421 2.34433 2.25314 1.98176 1.76462 1.76177 1.68269 1.39603 1.36079
threshold=-0.1201997872461376 0.12176976745203409 -0.0094948999104714962 -0.029869151834900989 0.011440477978185296 0.17877941425427463 0.24960156058648117 0.048821521297723221 -0.0032302784639851863 0.11314426661309405 -15.726921264625565 -0.0086034130393432707 0.45862267132800155 -0.029511760937566803
decision_type=8 8 10 10 10 10 10 10 10 10 10 8 10 10
left_child=10 2 3 7 5 -5 -6 -2 -4 -10 -1 13 -11 -3
right_child=1 11 8 4 6 -7 -8 -9 9 12 -12 -13 -14 -15
leaf_value=-0.0055985400378038563 0.014400569111549973 -0.0026587763418928659 -0.0093828713570373486 -0.015274874014819811 -0.0094974848859552229 0.0098388513950635487 0.015356337843714362 -0.0045868225945007134 0.00033732707148161658 0.026215001621495787 0.014590915708096092 -0.0047187875399527417 -0.0021354015620753497 0.016565883650840097
leaf_weight=1.5143210318638018 3.698282617027866 1.5317651490040587 1.2047703894495496 22.712471105041917 1.6049049254215777 1.2427962160436425 2.9949654983356595 4.5829061127733439 2.6494749505363933 2.6192342960275714 9.6831417887005919 2.2871373206435219 0.68367448862409208 6.2814988575410098
leaf_count=104 163 121 497 11024 924 346 110 501 861 366 616 263 285 350
internal_value=0.000762221 -0.00165666 -0.00421513 -0.00691083 -0.01027 -0.0136299 0.00653729 0.00453069 0.00880539 0.0133068 0.0116254 0.0088629 0.0212142 0.0129229
internal_weight=65.2913 54.0939 43.9935 36.8363 28.5551 23.9553 4.59987 8.28119 7.15715 5.95238 11.1975 10.1004 3.30291 7.81326
internal_count=16531 15811 15077 13068 12404 11370 1034 664 2009 1512 720 734 651 471
is_linear=0
shrinkage=0.02


Tree=310
num_leaves=15
num_cat=0
split_feature=52 27 72 60 85 30 48 14 84 80 43 38 19 63
split_gain=3.5939 3.22217 2.72735 3.44108 3.08502 2.93353 2.71724 2.42656 2.20258 3.58688 2.67869 1.9611 1.80264 1.79403
threshold=-0.029791159574004685 0.012975500430925159 0.12510296540362439 0.4626264277294026 0.14278118806100457 -0.0076896719683784412 2.5566692083506299 -0.010694138032184343 0.31637577525166211 0.018750000000000003 -0.00066791622845721545 0.058484249047649726 -0.015998848097353188 0.18188330294347491
decision_type=8 8 10 10 10 8 10 10 10 8 8 8 10 10
left_child=7 2 3 4 5 -2 11 -1 9 10 13 -5 -9 -4
right_child=1 -3 8 6 -6 -7 -8 12 -10 -11 -12 -13 -14 -15
leaf_value=-0.0084626744208984479 0.0093645928197055323 -0.012708076675630935 0.027553534577943423 -0.015794671990070223 0.0097684093454200212 -0.013686780325695969 0.0061605486031673252 0.026747516028165032 0.013425414482689 -0.0064825265688711955 -0.0090424127852058341 0.0068336660133444388 -0.005952367827880908 -0.0061179313651385349
leaf_weight=0.71123029137379479 2.5925494014809374 5.9814050608547396 2.4901917340757795 10.377456579910357 11.719920032366643 5.123779666406338 3.1655721091083242 3.3410261084791273 10.113709178927818 8.0896196770190727 0.85305048033478792 1.198143225716193 0.41939600720070336 0.38560505321947847
leaf_count=226 921 3791 147 2042 775 3698 217 238 514 3237 125 139 260 58
internal_value=0.00149105 0.000119795 0.00168585 -0.00184602 0.003625 -0.0057561 -0.00883159 0.0170298 0.00703014 0.000936956 0.0150003 -0.0130953 0.0226163 0.022625
internal_weight=66.5627 62.091 56.1096 34.1774 19.4362 7.71633 14.7412 4.47165 21.9322 11.8185 3.72885 11.5756 3.76042 2.8758
internal_count=16388 15664 11873 7792 5394 4619 2398 724 4081 3567 330 2181 498 205
is_linear=0
shrinkage=0.02


Tree=311
num_leaves=15
num_cat=0
split_feature=53 56 49 11 16 50 52 81 50 9 82 50 34 53
split_gain=3.51811 4.22604 3.7931 3.23474 3.36103 2.7379 2.41979 2.36766 1.92117 2.6493 2.66575 1.88466 1.71013 1.64897
threshold=-0.058491280185165424 0.016347132679774969 -0.43266800028296276 0.94917302976722573 -0.039362595213754313 0.023429632085112135 0.0042425057550278681 0.2131666666666667 0.10814489495660033 68.778624145299162 0.14016666666666669 0.02459655494517821 0.019893357235982668 0.0066856802313583772
decision_type=8 10 10 10 8 8 10 10 10 10 10 10 10 8
left_child=2 3 -1 4 6 -5 11 -3 9 -6 -11 -2 -4 -9
right_child=1 7 12 5 8 -7 -8 13 -10 10 -12 -13 -14 -15
leaf_value=-0.0050389011415566832 -0.0080944406431254189 -0.0037759991397431866 0.023344308828605321 0.029056552072636244 -0.013630413227062273 -0.0057829145966686165 -0.0045778878917423112 0.0034307327302603493 0.0033586254546199672 0.016819259148840828 -0.0098740652285201954 0.019580472375775242 0.001246063637747145 0.019949240040233015
leaf_weight=3.5331390972714871 0.66355447989189809 4.2038916092424179 5.5527486132050381 1.1158870794170059 20.953351823060082 1.0897546333144421 4.9012341249035671 4.7500715792994006 3.9694128276314578 1.8588713484059542 2.1959629692719318 3.4514704979374073 1.9309444843966046 5.2586882128089192
leaf_count=794 481 444 659 43 9857 105 1624 632 248 162 485 201 334 344
internal_value=0.00133637 -0.000812206 0.0111327 -0.00412479 -0.00562485 0.0154089 0.00466054 0.00821245 -0.00887382 -0.0108699 0.00326953 0.0144078 0.0184615 0.0131335
internal_weight=65.429 54.4122 11.0168 40.1995 37.9939 2.20564 9.01626 14.2127 28.9776 25.0082 4.05483 4.11502 7.48369 10.0088
internal_count=16413 14626 1787 13206 13058 148 2306 1420 10752 10504 647 682 993 976
is_linear=0
shrinkage=0.02


Tree=312
num_leaves=15
num_cat=0
split_feature=59 30 19 56 16 84 67 17 28 61 41 41 56 32
split_gain=4.08645 4.33427 3.88641 3.48574 3.00871 2.6844 2.1925 3.45949 2.17448 1.86335 1.98211 1.75429 1.75198 1.6601
threshold=0.0062334897772873448 1.0000000180025095e-35 -0.0066039975457083946 0.0051199250325211073 0.0033340033200126022 0.3028452976915435 0.17784594410361285 0.078168645251396662 0.06305375660171729 0.29877295995182179 -0.013008173650048345 0.0023599471512790638 1.0000000180025095e-35 0.022207360332620652
decision_type=10 8 10 10 8 10 8 10 10 8 8 10 8 10
left_child=1 2 4 -2 6 -3 12 -8 11 10 -5 -7 -1 -10
right_child=3 5 -4 9 -6 8 7 -9 13 -11 -12 -13 -14 -15
leaf_value=0.033205505863852 -0.0053616555069356834 -0.012002987118305469 -0.011759076143417667 -0.0011736165618469634 -0.0019489876022746907 -0.011377237943235047 -0.012405051912923246 0.013746334174080175 -0.0031481685034616602 0.00059035290400851425 0.025027670551015398 0.0082870567953055013 -0.0022357425105734774 0.013334089842943661
leaf_weight=2.2878259569697521 3.4486731599899931 14.396290318254616 3.5263602424238334 1.2744856339704709 6.4956923864083427 6.8167544584721345 1.7759957121743353 7.8564301985315979 3.7580594430910406 2.3737961319275209 6.1267860840889599 1.5731238017906433 0.52701122747384976 4.6408157042460516
leaf_count=175 526 8136 3029 137 1368 408 925 679 153 171 333 61 93 177
internal_value=0.00128015 -0.00122484 0.005336 0.0108155 0.00894842 -0.00597094 0.0143573 0.0082114 -0.000414502 0.0164908 0.0209132 -0.00720025 0.0277233 0.00640885
internal_weight=66.8781 53.6544 22.4693 13.2237 18.943 31.185 12.4473 9.63243 16.7888 9.77507 7.40127 8.38988 2.81484 8.39888
internal_count=16371 15204 6269 1167 3240 8935 1872 1604 799 641 470 469 268 330
is_linear=0
shrinkage=0.02


Tree=313
num_leaves=15
num_cat=0
split_feature=28 52 39 72 19 16 66 62 46 63 81 43 53 19
split_gain=3.88843 4.40135 3.99376 3.38262 3.2526 3.07777 2.62578 2.49699 2.54716 2.03007 1.96393 2.21341 1.74644 1.62327
threshold=0.11067063638378863 -0.014346967722183994 0.019232541656651177 0.12866157115889801 -0.036983899414161796 0.02454670672341697 0.29936046274797351 0.2408047638318784 0.027380207329150207 0.1050949254339085 0.2715833333333334 -0.0085336083551447849 0.040730442123184669 -0.12483183079178171
decision_type=10 8 10 10 10 10 10 10 10 8 8 8 10 8
left_child=1 4 3 9 -1 -4 -5 8 -8 -3 11 -2 13 -11
right_child=10 2 5 6 -6 -7 7 -9 -10 12 -12 -13 -14 -15
leaf_value=0.018173023107269832 -0.0074036460642934775 0.0070268120844652242 -0.0049122301924212639 -0.0086667214571519643 -0.0076154106474785798 0.021054558231374178 0.02313863339563637 -0.006674929357210496 -0.0029012199515628004 -0.00076972784120211057 -0.0033703767371091086 0.016947429098698966 0.0055152878869912207 -0.016514066831193008
leaf_weight=5.755380327347666 1.1656318061868658 1.6568043694424002 2.7293759652529834 5.3293221756175608 2.1015583778207656 3.1062550448405091 3.5495980515261181 2.4997595950844698 1.941369781619869 3.1734569992404431 3.0122279475908735 9.3124140661384391 1.4405580936581817 17.335707906924661
leaf_count=564 104 776 652 1755 1279 315 807 713 299 161 252 574 138 8034
internal_value=0.000877554 -0.00170626 -0.00427816 -0.00673294 0.0111942 0.00996775 0.00129349 0.00816144 0.0149035 -0.0111304 0.0100214 0.0138295 -0.0127474 -0.0142269
internal_weight=64.1094 50.6191 42.7622 36.9266 7.85694 5.83563 13.32 7.99073 5.49097 23.6065 13.4903 10.478 21.9497 20.5092
internal_count=16423 15493 13650 12683 1843 967 3574 1819 1106 9109 930 678 8333 8195
is_linear=0
shrinkage=0.02


Tree=314
num_leaves=15
num_cat=0
split_feature=29 40 8 50 50 28 62 68 65 44 76 49 50 36
split_gain=3.24562 2.83408 2.80021 3.63659 2.64775 3.20648 3.12517 2.66609 2.47506 1.98496 2.95347 1.76526 1.66945 1.53011
threshold=-0.046876305387196289 0.023262685942725212 0.26321160042964559 0.0026480677716757832 0.024960736813733789 0.11067063638378863 0.18449898452472899 0.650088339222615 1.6256868131868134 0.049457357081453442 173.85397707315519 -0.56728949869243428 0.082798403532608728 0.022108377833644152
decision_type=10 10 10 10 10 8 10 10 10 10 10 8 10 10
left_child=1 -1 9 -4 6 8 -5 -8 -6 10 -2 -9 -10 -13
right_child=2 -3 3 4 5 -7 7 11 12 -11 -12 13 -14 -15
leaf_value=-0.015550751235676801 -0.011864799282949137 0.0031608224591639904 -0.012154884915039282 -0.0051729981694097552 0.0076491793826833502 0.015158849688828429 -0.004377878424875096 0.001439152765840498 -0.011599318511533905 0.0079442803032365034 0.012515151132063723 0.037638736584082705 0.0032309978191930474 -0.0031677645650313793
leaf_weight=6.4573218753212114 9.5621416795183887 5.2177201446320396 2.9767741170653599 1.376720984437269 10.158173645177166 8.1646078752237319 0.79943464329699043 0.83491509442683309 6.1715577928407566 3.5605458217614787 1.5877871489792585 3.407972851331579 4.6570350732363295 0.24003610387444485
leaf_count=3065 2359 1214 2258 943 1494 531 165 332 2175 867 144 382 396 150
internal_value=0.00154848 -0.0075987 0.00364751 0.0064212 0.00825361 0.00528561 0.0188601 0.0249501 0.000929812 -0.00360911 -0.0076487 0.0300247 -0.00548732 0.0348498
internal_weight=65.1727 11.675 53.4977 38.7872 35.8105 29.1514 6.65908 5.28236 20.9868 14.7105 11.1499 4.48292 10.8286 3.64801
internal_count=16475 4279 12196 8826 6568 4596 1972 1029 4065 3370 2503 864 2571 532
is_linear=0
shrinkage=0.02


Tree=315
num_leaves=15
num_cat=0
split_feature=59 56 80 29 83 50 2 57 70 77 69 28 74 66
split_gain=3.56112 3.84681 3.42945 3.12515 2.71255 2.42784 2.27388 2.8665 2.46042 2.18516 2.04608 1.86433 1.80656 1.75271
threshold=0.0062334897772873448 0.0051199250325211073 0.04158333333333334 -0.046876305387196289 0.65928022353727811 0.0026480677716757832 0.3940285204991088 -0.0020679213328249541 0.2108967223252938 -165.31294508624777 0.59097275273745875 0.11067063638378863 0.5103950553250346 0.32266598395630658
decision_type=10 10 8 10 10 10 10 10 10 10 10 10 8 10
left_child=2 -2 3 -1 -4 -5 7 8 -7 -8 -3 -11 -6 -9
right_child=1 10 4 5 12 6 9 13 -10 11 -12 -13 -14 -15
leaf_value=-0.01071428890754198 -0.005934495035439984 0.0059523121282648844 -0.016522804210417109 -0.011314637952005662 -0.0094857086587904101 -0.0049614067323411875 0.011414432611053467 -0.0091584599974891406 0.01790878115201083 -0.013836008720506441 0.025021186750902119 0.0047690062569145852 0.0074989812434840767 0.0098119367214612313
leaf_weight=5.2830441091500679 3.7288235068263011 5.1713599179638532 7.4105619499750892 2.5393498642661134 3.6046495828195448 1.7573415276128788 2.8070786558964755 3.6214219609974014 12.08900172205176 4.5027060652209894 4.5669752190005966 2.8822152660577558 4.494429800659419 2.3802648625860456
leaf_count=2054 507 313 5676 1925 178 939 203 1070 1823 734 337 148 193 417
internal_value=0.00142337 0.0102275 -0.000945385 0.00231687 -0.00856722 0.00468614 0.00635966 0.0101482 0.0148675 -0.00126568 0.0163923 -0.006872 -0.000272087 -0.00130799
internal_weight=66.8392 13.4672 53.3721 37.8624 15.5096 32.5794 30.04 19.848 13.8463 10.192 9.73834 7.38492 8.09908 6.00169
internal_count=16517 1157 15360 9313 6047 7259 5334 4249 2762 1085 650 882 371 1487
is_linear=0
shrinkage=0.02


Tree=316
num_leaves=15
num_cat=0
split_feature=18 62 83 21 18 22 83 18 80 48 72 68 62 50
split_gain=3.73242 3.26554 2.72058 3.80483 2.6392 3.12953 2.25086 2.41979 2.21724 2.02821 1.95452 1.90501 2.71862 1.82349
threshold=0.024504593044513915 0.23175284419919615 0.23388122669663378 -0.012578509538864897 0.01991039434015646 0.033249827433989416 0.7764904940749584 0.0070192858480439555 0.052583333333333336 0.09203571950098878 0.1376965119135348 0.70539392083301444 0.21237008666882443 0.051881462644518074
decision_type=8 10 10 8 8 10 10 8 10 8 10 10 10 10
left_child=1 4 -2 13 6 -6 7 8 11 -5 -3 12 -1 -4
right_child=2 10 3 9 5 -7 -8 -9 -10 -11 -12 -13 -14 -15
leaf_value=-0.007378280282179326 -0.016543131808802184 -0.010597911544830394 -0.012889581078706165 0.028717328643565399 0.032510600697629156 -0.0047838071083168262 0.015570163210067179 -0.010531703739779281 -0.010341341554742136 -0.0032060814168619529 0.005325313843144921 0.012400668587187216 0.014645995366878639 0.0023271823522059889
leaf_weight=5.6415924418834127 4.7294972654490293 6.1745424606779107 5.1887975137506128 1.3977878458390467 2.3447601929365187 0.91577122922171827 6.8795432704500845 3.449726276099681 2.2175681812805115 0.91822703834623132 4.5832692765980028 12.344507573317967 2.3841609206865542 5.8932554257917218
leaf_count=628 6779 878 1691 82 450 173 426 1487 607 172 715 1716 160 532
internal_value=0.00251364 0.00546283 -0.00500873 -7.09175e-05 0.00828901 0.0233716 0.00615 0.00317723 0.00562865 0.0189107 -0.00393802 0.00776975 6.21416e-05 -0.0052747
internal_weight=65.063 46.9354 18.1276 13.3981 36.1776 3.26053 32.9171 26.0376 22.5878 2.31601 10.7578 20.3703 8.02575 11.0821
internal_count=16496 7240 9256 2477 5647 623 5024 4598 3111 254 1593 2504 788 2223
is_linear=0
shrinkage=0.02


Tree=317
num_leaves=15
num_cat=0
split_feature=59 53 51 15 22 27 62 42 53 83 72 53 66 6
split_gain=2.82995 4.53208 3.51017 3.94743 2.9485 2.80479 2.71334 2.59863 3.37095 2.4348 2.40404 2.29188 1.66378 1.45465
threshold=-0.00020281480825046669 -0.014397871144082931 -0.018450094191937463 -0.00021507390242228496 1.0000000180025095e-35 -0.12823483490116142 0.24511711299305716 0.027775298725344049 -0.087947678985920735 0.16712982217986586 0.11907206414393275 -0.043103857103421329 0.36118382780686448 18.889798395862559
decision_type=10 8 10 10 10 8 10 10 10 10 10 10 10 10
left_child=1 2 7 -4 6 -3 9 8 -1 -2 -6 -9 -7 -12
right_child=4 5 3 -5 10 12 -8 11 -10 -11 13 -13 -14 -15
leaf_value=0.011714934923518652 -0.0021199928364545643 0.0051345647439744067 -0.0026691124826275186 0.018304371041261785 -0.0054233698687297929 -0.015286265096525076 -0.0069399734880381484 -0.0097314897190122693 -0.013525215458593491 0.028400498758178114 -0.0039199146165445628 0.020070222115856792 0.003293817751427184 0.013472306924613398
leaf_weight=1.9191055078117631 1.1322066735883733 4.0368055166036356 5.3274060429539523 8.7281965064757951 7.4629343575506963 11.875280186854072 1.0244578511337747 0.83575192833086509 8.1009617178933713 4.4087191400758456 2.0816259088751377 2.0241000366804647 1.8955520650488313 6.4562180202628952
leaf_count=172 820 244 1019 1080 1009 4714 205 135 5256 348 228 163 533 574
internal_value=0.00192088 -0.0010122 0.00412072 0.0107056 0.00753264 -0.00858246 0.0178498 -0.00331887 -0.00806668 0.0227934 0.00249842 0.0110962 -0.0126789 0.00926548
internal_weight=67.3093 44.7432 26.9355 14.0556 22.5662 17.8076 6.56538 12.8799 10.0201 5.54093 16.0008 2.85985 13.7708 8.53784
internal_count=16500 13316 7825 2099 3184 5491 1373 5726 5428 1168 1811 298 5247 802
is_linear=0
shrinkage=0.02


Tree=318
num_leaves=15
num_cat=0
split_feature=57 43 42 18 54 49 55 74 57 1 62 51 54 12
split_gain=2.95284 4.27927 2.70525 3.28984 2.6536 2.45773 2.31499 2.63482 2.00455 1.74714 1.69136 1.68598 1.44685 1.37166
threshold=-0.0082301584868035692 -0.0035648017517269028 0.03985696498982446 -1.0000000180025095e-35 -0.0020146587398905086 -0.43266800028296276 -0.016024439878040111 0.61255630630630642 0.001981301758608338 0.226972109820302 0.23175284419919615 -0.043223827277756616 0.0093376001284023406 6.1002510760401734
decision_type=8 10 10 8 8 8 10 10 10 10 10 10 10 10
left_child=1 -1 3 4 11 -3 -5 8 -8 -7 -6 -2 -4 -14
right_child=2 5 12 6 10 9 7 -9 -10 -11 -12 -13 13 -15
leaf_value=-0.0025381199290691694 -0.0079512762079566521 0.0021288885483368024 -0.0037464795923215126 -0.013364164152172323 0.0025094984214305452 -0.0055511432858977184 -0.0099694776583919911 0.015622463149893212 0.0075062170383543439 0.028581747090477453 -0.012724250431493885 0.017186467622521653 -0.0044019679086619596 0.019574119909956392
leaf_weight=5.8401849935471537 0.66633111253031518 2.6733008961018641 1.5771345149260003 10.181061188428428 12.922475495579421 0.34110347222303783 7.9797891804482806 2.0965059178415677 2.8693365207873285 4.9913655171985738 2.6908256760798386 5.6675919024564791 0.77118030146812078 4.2970894473255612
leaf_count=1356 148 755 109 4977 1707 197 4194 785 539 540 343 510 76 360
internal_value=0.00252804 0.0103906 0.000265977 -0.00156731 0.00389234 0.0190566 -0.00669508 -0.000867991 -0.00510415 0.0258665 -0.000723791 0.0138184 0.0112792 0.0158017
internal_weight=65.5653 13.846 51.7193 45.0739 21.9472 8.00577 23.1267 12.9456 10.8491 5.33247 15.6133 6.33392 6.6454 5.06827
internal_count=16596 2848 13748 13203 2708 1492 10495 5518 4733 737 2050 658 545 436
is_linear=0
shrinkage=0.02


Tree=319
num_leaves=15
num_cat=0
split_feature=68 83 80 50 38 83 67 38 34 52 28 50 52 48
split_gain=3.99982 3.17737 2.86459 2.91439 2.81594 3.7588 3.15987 2.45206 2.40686 2.00952 1.87153 1.55345 1.42002 1.34871
threshold=0.70681223227034751 0.7764904940749584 0.052583333333333336 0.0026480677716757832 1.0000000180025095e-35 0.23865890136818399 0.20051546391752581 0.038464350687444422 0.1197946300507934 -0.037624665345029687 -1.0000000180025095e-35 0.037323954173353414 0.10800294876412077 0.48905812783398878
decision_type=10 10 10 10 8 8 8 10 10 8 10 10 10 10
left_child=1 8 3 -2 6 -6 10 -7 9 -1 -5 -3 -11 -12
right_child=2 11 -4 4 5 7 -8 -9 -10 12 13 -13 -14 -15
leaf_value=0.0093765810986766174 -0.012082304552394892 -0.0071020251736782745 -0.0082484190170474172 -0.0056241614229016303 -0.01491275241110966 -0.0012377184663874235 0.0047110325250709515 0.016683707764160723 0.010433516996856308 -0.012909523209205754 0.029773230123172865 0.011085901113068879 0.0054181256812088838 -0.00020688447185087899
leaf_weight=1.2783733971882609 1.885686468565839 1.8289869000436727 4.4012225108162957 0.43220094105345186 2.7282296587654882 5.6443217129271943 6.5078993820352489 5.3397739078500308 1.7823811894049857 18.808503765932997 5.6529254518973131 5.6778902688529342 1.309071111580123 0.64463972198427644
leaf_count=146 2171 59 2234 374 2278 639 1645 294 157 5292 528 383 67 125
internal_value=0.000750288 -0.00438297 0.00547905 0.00778052 0.00955288 0.00285128 0.0158069 0.00813972 -0.00797467 -0.00990555 0.0245394 0.00634062 -0.0115168 0.0270965
internal_weight=63.9221 30.6852 33.2369 28.8357 26.95 13.7123 13.2377 10.9841 23.1783 21.3959 6.72977 7.50688 20.1176 6.29757
internal_count=16392 6104 10288 8054 5883 3211 2672 933 5662 5505 1027 442 5359 653
is_linear=0
shrinkage=0.02


Tree=320
num_leaves=15
num_cat=0
split_feature=80 57 29 70 60 69 19 2 22 53 57 12 62 0
split_gain=4.37104 3.34857 2.60539 2.38547 3.26147 2.21905 2.16419 1.92469 1.87779 1.92712 1.76117 3.13217 2.01583 1.79489
threshold=0.04158333333333334 -7.7665538348633924e-05 -0.046876305387196289 0.20881327507833533 0.4841819158686515 0.73062680153731197 -0.15535802123970857 0.38008264462809921 0.044415948739468546 -0.064030078326181794 -0.0019308866327831453 56.369737644905435 0.25109039501461267 0.12678085805901695
decision_type=8 10 10 10 10 10 8 10 8 10 10 10 10 10
left_child=2 6 -1 5 10 -4 -2 -3 9 -6 11 12 -5 -12
right_child=1 7 3 4 8 -7 -8 -9 -10 -11 13 -13 -14 -15
leaf_value=-0.0050729285755880607 0.0098141223354512395 -0.0060492995944981098 -0.010619406859688795 0.024781476296721866 0.0080010733066993769 0.01057169063115611 -0.013678393614058827 0.013847059127359332 0.011066212076828945 -0.011666905254983252 -0.0074480977901919048 0.0032407862097337159 -0.0049648033757908258 0.012046153961207891
leaf_weight=6.9005125030525951 1.0690841980976982 2.5848213780845972 4.297967108024749 10.577008169348119 2.1828219973249361 2.1980252249049954 11.616849463083783 3.6365905943093821 3.3187506491085514 4.8177262653480266 2.5031032760161933 5.0011949289182658 0.66137646060087796 3.2533587118959986
leaf_count=2225 120 996 1674 1757 158 704 5083 276 213 1217 883 662 240 224
internal_value=0.00238251 -0.00551327 0.00569647 0.00769056 0.00986405 -0.0029953 -0.0111262 0.0058877 0.00047559 -0.00530075 0.0140564 0.0172913 0.0227683 0.00372165
internal_weight=64.6192 18.9073 45.7118 38.8113 32.3153 6.49599 12.6859 6.22141 10.3193 7.00055 21.996 16.2396 11.2384 5.75646
internal_count=16432 6475 9957 7732 5354 2378 5203 1272 1588 1375 3766 2659 1997 1107
is_linear=0
shrinkage=0.02


Tree=321
num_leaves=15
num_cat=0
split_feature=28 12 4 39 39 17 14 56 56 54 64 81 64 51
split_gain=2.59866 3.2806 2.77882 2.52537 3.99728 2.42338 2.31799 2.28355 2.21844 1.85463 1.83263 1.79094 1.73813 1.68627
threshold=0.11067063638378863 53.057409111826978 0.030211756115370577 -0.0095532900573375035 -0.0087330579580601701 0.090713166144200649 -0.0049971871836525785 0.015783842133210112 -0.0014316117760833254 0.025807607399487262 2.3354166666666671 0.2715833333333334 4.6742424242424248 -0.010586742401611253
decision_type=10 8 8 8 10 10 10 10 10 10 10 8 8 10
left_child=1 2 3 5 8 12 -3 13 -5 -4 -2 -12 -1 -6
right_child=10 6 9 4 7 -7 -8 -9 -10 -11 11 -13 -14 -15
leaf_value=-0.014529136159320633 -0.00046786403605092713 -0.016041412354139157 0.019948927289302858 0.04021953868016713 -0.014016557491704936 0.0037318118588520548 -0.00068252679418086271 0.013186905519603571 -0.0043988582334085601 -0.0041938459859262277 0.018654600035826436 -0.0019991889389433747 0.0061882594565773417 0.0033430430105405042
leaf_weight=7.2349631548277111 4.5973491746990467 5.7595690283633312 4.7473477546300265 0.94228512872359715 2.8358859322033814 7.914204784348839 9.615947568614498 3.8186340265965555 0.3439371354470484 1.24240756695508 7.3011425759759705 1.8783759191865108 1.4164632477622952 4.6699078859819592
leaf_count=5940 369 1889 415 78 2124 1069 1346 386 242 192 428 161 690 1149
internal_value=0.0025347 0.000370207 0.00372614 0.000977942 0.00741608 -0.0040663 -0.00706413 0.00233128 0.0315831 0.0150576 0.00991288 0.0146471 -0.0108474 -0.00409264
internal_weight=64.3184 50.5416 35.166 29.1763 12.6107 16.5656 15.3755 11.3244 1.28622 5.98976 13.7769 9.17952 8.65143 7.50579
internal_count=16478 15520 12285 11678 3979 7699 3235 3659 320 607 958 589 6630 3273
is_linear=0
shrinkage=0.02


Tree=322
num_leaves=15
num_cat=0
split_feature=62 18 15 65 59 8 51 53 27 50 50 25 85 62
split_gain=3.55659 3.35134 2.97877 3.48016 2.96793 2.55765 1.88507 1.85349 2.21459 1.66512 1.51435 2.33074 1.51129 1.45837
threshold=0.23250514403292186 0.024504593044513915 -0.0004662256331981794 1.7338541666666669 -0.00013149631884931687 0.26865870373869499 0.03284953253341031 -0.096812971225652897 -0.083774680867912718 0.0026480677716757832 0.032487896936274872 0.18275204664670577 0.41298730758275071 0.12263153695799595
decision_type=8 10 10 10 10 10 10 10 8 10 8 10 10 10
left_child=1 2 3 4 6 -4 -1 -3 -9 -7 11 -11 -5 -10
right_child=-2 7 5 12 -6 9 -8 8 13 10 -12 -13 -14 -15
leaf_value=-0.0091813712233603014 -0.0069884651817332631 0.017067243036041353 -0.00078574303406524172 -0.014011310410417893 0.019299893564471721 -0.0077226522322916893 0.0096592865416959654 0.0068499478310226894 0.012087631154044893 -0.0056220397414682736 0.011619877457812216 0.03315992466357557 0.0076594361898924589 -0.013236990977828985
leaf_weight=3.915379356854829 15.265802600188179 0.46527172211790002 4.9327729725628187 5.4915039605402844 3.8036330615868801 0.6242403801297759 2.751235479983734 2.8020533956005238 0.23194776594755495 0.42574599257204537 11.460847242502494 2.9285674149577972 0.92594610713422287 9.0006574929866456
leaf_count=1054 3750 26 811 1350 310 457 116 526 136 237 945 328 72 6428
internal_value=0.00117147 0.00376321 0.00672911 0.000425495 0.00730707 0.0116901 -0.00116031 -0.00492116 -0.00701541 0.0154814 0.0168856 0.0280768 -0.0102735 -0.0114817
internal_weight=65.0256 49.7598 37.2599 16.8877 10.4702 20.3722 6.66661 12.4999 12.0347 15.4394 14.8152 3.35431 6.41745 9.23261
internal_count=16546 12796 5680 2902 1480 2778 1170 7116 7090 1967 1510 565 1422 6564
is_linear=0
shrinkage=0.02


Tree=323
num_leaves=15
num_cat=0
split_feature=18 18 83 65 15 69 22 84 52 46 46 27 55 59
split_gain=4.05956 4.82128 2.5085 2.711 3.75492 2.60672 2.21262 2.1014 2.08093 2.22804 1.92816 1.59811 1.95477 2.20919
threshold=0.024504593044513915 0.019501852142461976 0.7764904940749584 1.288675213675214 -0.0022327575462425362 0.51577970901279191 0.03399983745652424 0.52217112818946532 -0.037624665345029687 0.070435342054426212 0.019618087802447205 -0.12491705942388258 -0.045920587799671585 0.010871707204210988
decision_type=8 8 10 10 10 10 10 10 8 10 10 10 8 10
left_child=1 2 3 5 -5 -1 10 8 -2 -10 -3 -6 -13 -14
right_child=7 6 -4 4 11 -7 -8 -9 9 -11 -12 12 13 -15
leaf_value=-0.0047691877426052354 0.012841449588699179 0.034677476098238895 0.011396566348572753 -0.013979208664712337 0.013036518684849242 0.019021846707610156 -0.0012134150874094328 0.0057978574728707946 -0.014532914918718085 0.0081609882045625623 -0.0014905581750947166 0.010469075848749043 -0.0083558692749792721 0.010528675830052316
leaf_weight=2.3786236934829494 0.70971327280858532 2.7032774843391958 9.0089053635019791 7.4862742148397947 3.1086980522959484 4.0351692100521177 1.1260025171795858 3.8896670842077574 11.543407853168899 1.3512196590891115 0.60610053417622101 3.6154578213463537 10.659251055738432 2.2348623684956683
leaf_count=284 223 393 575 1759 137 460 244 160 8479 423 209 344 2770 57
internal_value=0.00189845 0.00494272 0.0026103 -1.29825e-05 -0.00285054 0.0107455 0.0227117 -0.00609923 -0.00966485 -0.0117386 0.0292447 0.00186817 -0.000859232 -0.00456052
internal_weight=64.4566 46.9626 42.5272 33.5183 27.1045 6.41379 4.43538 17.494 13.6043 12.8946 3.30938 19.6183 16.5096 12.8941
internal_count=16517 7232 6386 5811 5067 744 846 9285 9125 8902 602 3308 3171 2827
is_linear=0
shrinkage=0.02


Tree=324
num_leaves=15
num_cat=0
split_feature=83 60 52 79 22 5 48 26 11 72 80 15 50 84
split_gain=3.00837 3.52054 3.01566 2.58569 2.43286 4.05258 2.38934 2.30192 2.0677 2.03899 1.88442 1.75535 1.97377 1.59522
threshold=0.21353660901714708 0.52494224150124957 0.0022832039994195451 -0.16373013539423206 0.027877330333835198 0.39932432432432435 0.47360561792311212 -0.059515578210500929 -1.5893855996240229 0.12285363285363286 0.048583333333333339 -0.0020856907780038253 0.044937832766899395 0.38413094322487679
decision_type=10 10 8 10 10 10 10 10 10 8 10 8 10 10
left_child=2 4 3 -1 5 13 8 -6 -7 -3 -10 -9 -13 -2
right_child=1 9 -4 -5 7 6 -8 11 10 -11 -12 12 -14 -15
leaf_value=0.017215273608838698 -0.0048488961707477199 -0.010124500995341526 -0.013030540161661037 -0.0071842634023434951 0.014513725341778588 -0.0037143155155949059 0.0019769202320792257 -0.010051753662811476 0.033218905529576646 0.0060826970349073875 -0.0031610825347018973 -0.0075155905999084987 0.0083284569317810739 0.012956573196948975
leaf_weight=2.3801207539218012 5.1383069583680472 8.7233900245919322 8.9011146274860931 2.7385359265899751 3.7372502156649707 0.57679635210661206 2.16522256587632 5.0335839929175563 5.0778026979241968 3.7673096788348639 0.44697320723207656 3.8823532085516552 8.1091838413558417 2.0023963745916262
leaf_count=915 691 1250 7530 2109 224 143 287 813 202 413 130 977 624 114
internal_value=0.00136632 0.00371912 -0.00650381 0.00512058 0.00683726 0.0126077 0.0213369 0.0021725 0.0269612 -0.00514772 0.0302423 -0.00119147 0.00301517 0.00112235
internal_weight=62.6803 48.6606 14.0198 5.11866 36.1699 15.4075 8.26679 20.7624 6.10157 12.4907 5.52478 17.0251 11.9915 7.1407
internal_count=16422 5868 10554 3024 4205 1567 762 2638 475 1663 332 2414 1601 805
is_linear=0
shrinkage=0.02


Tree=325
num_leaves=15
num_cat=0
split_feature=76 77 60 85 53 48 77 75 11 77 5 77 11 85
split_gain=3.23407 2.89418 2.45218 2.62857 2.69245 2.39472 2.96138 2.78277 2.32651 2.02471 1.87029 2.14526 1.75752 1.68748
threshold=86.801144650790789 -10.633666150385364 0.51974350978404937 0.24960156058648117 -0.085173446351732129 0.46192867519471276 -97.411978568694977 0.43484282789353251 0.86248984679481333 -275.96413689415391 0.10177338355304459 24.312659578042066 -1.9429808992495121 0.2857767266929217
decision_type=10 8 8 10 10 10 10 10 10 8 10 10 10 10
left_child=2 5 3 4 -1 6 -2 -8 -3 -4 12 -12 -6 -7
right_child=1 8 9 -5 10 13 7 -9 -10 -11 11 -13 -14 -15
leaf_value=0.014331038662899214 -0.001090609940371419 -0.0069920525554898584 0.0071958784836119692 0.0080902283376323384 0.01792265240769822 -0.0078451867311667336 0.0041176873250879202 0.03622792959400039 0.014936541540282081 -0.013516548301983079 -0.011923461998957767 0.0091587582688728835 -0.0043237345768815097 0.011476625471215307
leaf_weight=2.0580555238120715 1.8564621558762153 6.5667688518587983 1.6728961204935329 11.815008245932402 1.3576111899747045 2.5125392345071305 1.8303096039162463 3.2327139353728853 1.6081736692576667 8.6898218363930919 12.80050763665349 1.493581586430081 2.8458751447324238 2.7891003473778255
leaf_count=152 433 2242 160 571 445 716 459 583 74 1831 7084 601 863 223
internal_value=0.00130264 0.00765846 -0.00183666 0.000941422 -0.00335228 0.013449 0.0204409 0.0272136 -0.00152046 -0.00983384 -0.00595385 -0.00926578 0.00492479 0.00252784
internal_weight=63.1294 20.3961 42.7334 32.3706 20.5556 12.2211 6.91949 5.06302 8.17494 10.3627 18.4976 14.2941 4.20349 5.30164
internal_count=16437 4730 11707 9716 9145 2414 1475 1042 2316 1991 8993 7685 1308 939
is_linear=0
shrinkage=0.02


Tree=326
num_leaves=15
num_cat=0
split_feature=79 53 49 56 63 81 62 79 81 52 27 87 8 71
split_gain=2.59569 2.77712 2.83165 2.791 2.63751 2.58543 2.02063 1.99661 1.98819 1.95733 1.78651 1.76203 1.58741 1.56282
threshold=0.087521786497437692 -0.039894549012765665 -0.43266800028296276 0.01121752311713981 0.11000136294582459 0.2131666666666667 0.20292695799836311 -0.20554446210638325 0.27016666666666672 0.042016732981213827 0.0042742456854439901 0.025320512820512824 0.72816170014538095 0.20653285320529921
decision_type=10 8 10 10 8 10 10 10 8 8 10 10 10 10
left_child=1 2 -1 4 -3 7 -2 -5 10 -7 -4 -6 -13 -14
right_child=6 3 8 5 11 9 -8 -9 -10 -11 -12 12 13 -15
leaf_value=-0.0020150282552992347 0.023592675342280191 0.010576303246973109 0.019128269913778077 0.010583787082152976 -0.012851800335214292 -0.0020975091019092961 0.00032950869899519517 -0.012036802540032707 -0.0044171261173423532 0.015925423362394747 -0.0052771804075568609 -0.0060386577617666951 0.01761807393613405 -0.0075585657475134909
leaf_weight=7.4313379994127926 2.9945907180954228 2.6865843732666717 8.9376028539554628 1.371129914128687 11.887772411049811 3.163188890728633 2.4311948085087352 4.0439868231478604 1.733045846369351 6.9011529319686806 0.9361836231255446 7.9602880704042018 1.7717319631483408 0.83122169465059403
leaf_count=1849 630 1107 1125 141 7694 854 461 508 476 651 545 311 70 40
internal_value=0.00275276 0.00142661 0.00752613 -0.00154453 -0.00557655 0.00494427 0.0148423 -0.00555219 0.0133102 0.0105833 0.0165418 -0.00787804 -0.00165325 0.0097118
internal_weight=65.081 59.6552 19.0382 40.6171 25.1376 15.4795 5.42579 5.41512 11.6068 10.0643 9.87379 22.451 10.5632 2.60295
internal_count=16462 15371 3995 11376 9222 2154 1091 649 2146 1505 1670 8115 421 110
is_linear=0
shrinkage=0.02


Tree=327
num_leaves=15
num_cat=0
split_feature=85 80 16 18 49 16 2 1 66 61 62 27 82 20
split_gain=2.54705 4.22814 2.50797 3.0328 2.67047 2.63596 2.62025 2.46559 2.29703 2.09274 1.8988 1.82046 1.78129 1.62624
threshold=0.48612350158504336 0.052583333333333336 -0.02445838518160506 0.025259703943144144 -0.60219855129265498 -0.0034338677733379837 0.35255957084043749 0.24695076602707125 0.29706557612282974 0.25875748581497066 0.16485001485001488 -0.038479117182492688 0.22141666666666668 0.13039099064368179
decision_type=10 8 10 8 8 10 8 10 10 10 10 10 10 8
left_child=1 2 6 4 -4 -6 7 -1 11 10 -10 -7 -8 -5
right_child=-2 -3 3 13 5 8 12 -9 9 -11 -12 -13 -14 -15
leaf_value=-0.0093601037352324477 0.013597260800095079 -0.012970344597729616 -0.0097787447906003185 -0.013396481190732695 -0.0082250624164294777 0.0079052780392081055 -0.0060283258303880415 0.018231914389611192 -0.0039680052411448724 0.0037401335653313985 0.026532915212832402 -0.0098498584709821816 0.016771294476879237 0.0077875388212121487
leaf_weight=0.86790327081689334 5.9752378361299625 6.7798602325929087 4.2375019341998268 7.1947293663397431 3.3948848333966515 4.6918372862855975 5.2628752296441244 8.8575955280975887 0.67508457211078887 4.4298184021608904 4.6852185309980996 2.8924161421309682 0.75854891838389438 1.0735307047434561
leaf_count=880 581 3467 1120 4939 675 561 735 1429 288 364 501 767 42 86
internal_value=0.00219953 0.000761166 0.0028816 -0.000286929 0.00322217 0.00620207 0.00919438 0.0151265 0.0093153 0.0152461 0.0226717 0.000775351 -0.00117661 -0.0101025
internal_weight=61.777 55.8018 49.0219 33.275 25.0068 20.7693 15.7469 9.7255 17.3744 9.79012 5.3603 7.58425 6.02142 8.26826
internal_count=16435 15854 12387 9301 4276 3156 3086 2309 2481 1153 789 1328 777 5025
is_linear=0
shrinkage=0.02


Tree=328
num_leaves=15
num_cat=0
split_feature=78 83 30 87 38 1 3 50 53 23 46 20 32 39
split_gain=3.40488 5.28595 2.9901 2.86353 2.85172 2.4164 2.28349 2.52856 2.62275 2.47227 2.06985 1.74509 1.67315 1.66625
threshold=0.15401978065021546 0.22968822570177908 0.0062807042296203633 0.087129054520358878 0.056027801469346154 0.27794214332675876 0.021352583586626141 0.045834138194876396 -0.037589130003142901 858.11804916666676 -0.0078028115143519818 0.11341937067123443 0.030592855369188165 0.019232541656651177
decision_type=10 10 8 8 10 10 10 8 8 10 10 10 8 8
left_child=1 -1 5 6 -4 -2 12 9 -9 -8 -7 13 -3 -10
right_child=2 3 4 -5 -6 10 7 8 11 -11 -12 -13 -14 -15
leaf_value=-0.015457632206334528 -0.0039773571401176353 0.020805450438540471 -0.0069852065551785202 0.016026959994776192 0.01425256754583509 -0.0023754403106318947 -0.014456336727357175 0.011298506859941706 -0.011541652215384935 0.011961011674092598 0.023408321507950147 0.0072143951987870174 -0.0050998034984331975 0.0075826462035237267
leaf_weight=8.3861854176939215 1.829357341164721 2.0901975135202546 6.974963783752175 3.6735199778340748 2.7037504235340748 1.2827442490088286 8.0627276886079891 6.1321004489145707 7.8018949257384564 0.90022468956885937 6.586734888056526 3.412114635546458 0.98513286764500696 1.553881871514023
leaf_count=7883 1277 224 1939 292 309 254 2101 306 692 54 598 151 287 65
internal_value=0.00100805 -0.00213902 0.00775353 0.00143143 -0.00027333 0.0150406 -0.000749147 -0.00270574 0.00151707 -0.0108688 0.0194115 -0.00366015 0.013292 -0.00793984
internal_weight=62.3755 42.998 19.3776 34.6118 9.67871 9.69884 30.9383 27.8629 18.9 8.96295 7.86948 12.7679 3.07533 9.35578
internal_count=16432 12055 4377 4172 2248 2129 3880 3369 1214 2155 852 908 511 757
is_linear=0
shrinkage=0.02


Tree=329
num_leaves=15
num_cat=0
split_feature=42 12 17 68 64 48 48 84 55 1 84 70 46 0
split_gain=2.91647 3.468 4.35828 3.07 2.33297 2.28223 2.28042 1.75983 2.10294 1.60359 1.51418 3.14906 1.49023 1.44949
threshold=0.045226870039036637 21.209508881922677 0.06416137379440133 0.6854175000786592 3.477225672877847 2.7726296842653215 0.097857509060049433 0.37268520541762912 -0.045920587799671585 0.45227743271221538 0.4278649980729195 0.34460498960498964 -0.008306281012934345 0.15708382526564349
decision_type=10 8 10 10 10 10 10 10 10 10 10 10 10 10
left_child=1 2 7 9 5 10 -6 8 -1 -4 -3 -12 13 -5
right_child=-2 4 3 12 6 -7 -8 -9 -10 -11 11 -13 -14 -15
leaf_value=0.0078776032530029454 0.013013799663872097 -0.015486516770841363 -0.0096671687337167803 -0.0081625417197868574 0.019844056226438155 0.0039983008823258944 -0.0043683840946112289 0.0086063493381155539 -0.015302018199296117 0.0092055163531705834 0.012657133232544436 -0.012110471985964042 0.017008067631955483 0.012377509679170524
leaf_weight=1.3198091914819094 5.7920620438817414 11.717038971721204 3.888342100079174 1.9637886650743905 1.6432297703577194 4.2796868764562523 3.107509870416834 1.5637306027929296 6.3302733953460129 1.9075038742157628 2.3003689190372816 4.5417988540721126 10.90475504781352 1.5822382962505797
leaf_count=576 492 4165 860 592 239 373 728 47 6790 144 85 200 1102 126
internal_value=0.0006211 -0.000839588 0.00387145 0.00893107 -0.00582953 -0.00843888 0.00600083 -0.00703254 -0.0108546 -0.00301528 -0.0113646 -0.00323132 0.0136075 0.0017091
internal_weight=62.8421 57.0501 29.4604 20.2466 27.5896 22.8389 4.75074 9.21381 7.65008 5.79585 18.5592 6.84217 14.4508 3.54603
internal_count=16519 16027 10237 2824 5790 4823 967 7413 7366 1004 4450 285 1820 718
is_linear=0
shrinkage=0.02


Tree=330
num_leaves=15
num_cat=0
split_feature=78 87 50 51 39 20 67 76 50 21 39 15 77 81
split_gain=3.15777 3.20435 2.91217 2.4313 2.64992 2.51956 4.11117 2.83054 2.25771 2.90135 2.44085 1.95637 1.33285 1.30187
threshold=0.12221118435660093 0.095695970695970703 0.0080953393902406124 0.064526605458248232 0.026794998860161592 0.12176976745203409 0.1924501424501425 182.65258927894459 0.028542748071900496 -0.015802680456654655 -0.015058831215785665 0.080933255673877436 -65.883884803921546 0.22258333333333338
decision_type=10 10 10 10 10 8 8 8 8 10 8 8 10 10
left_child=1 3 -2 4 5 7 -7 11 9 -4 12 -1 13 -10
right_child=2 -3 8 -5 -6 6 -8 -9 10 -11 -12 -13 -14 -15
leaf_value=-0.013822920464271658 -0.012309918302115733 0.015846555775379346 0.001724609608630949 0.01034846695645741 0.011794792140853603 0.019829690130700912 -0.0085588726513106152 0.0096570029313853053 0.0014430705838404112 0.033121135746940596 -0.002664325829071204 0.008303478226557472 0.0029529383697003185 0.024172615416987415
leaf_weight=19.850494671365588 1.8540381879865915 2.7370398044586173 2.0379643815685995 3.4946210485068141 2.3609454286051905 2.4645870130916618 4.0401499856670853 1.878400057030382 1.4977501147368455 2.2209661731030765 7.5313641651009773 1.0860408390290199 4.3264494632603583 3.2359435757389292
leaf_count=8887 1796 229 801 162 362 77 402 455 203 430 1381 46 827 278
internal_value=0.00168177 -0.00185442 0.00741569 -0.00363173 -0.00544333 -0.00717465 0.00340634 -0.0102077 0.0096528 0.0212822 0.00562752 -0.012349 0.0120999 0.0184869
internal_weight=60.6168 37.9123 22.7045 35.1752 31.6806 29.3197 6.50474 22.8149 20.8504 4.25893 16.5915 20.9365 9.06014 4.73369
internal_count=16336 10620 5716 10391 10229 9867 479 9388 3920 1231 2689 8933 1308 481
is_linear=0
shrinkage=0.02


Tree=331
num_leaves=15
num_cat=0
split_feature=60 1 29 40 62 85 81 70 58 53 15 39 31 50
split_gain=3.08451 3.11625 2.6132 2.68706 2.36529 2.09595 2.30878 1.9421 2.83421 1.77579 1.718 1.78902 1.65595 1.5504
threshold=0.50100402011265999 0.21575680631965019 -0.046876305387196289 0.021390705256847716 0.22271228640063803 0.53304337667999713 0.15958333333333338 0.20881327507833533 0.016869731381845377 0.0081543708839643281 0.080933255673877436 0.035128409727237478 -0.010707212764534893 0.12172018833277103
decision_type=8 10 10 10 10 10 8 10 10 8 10 10 10 10
left_child=1 -1 3 -3 7 6 -2 8 -4 -9 11 13 -6 -8
right_child=5 2 4 -5 12 -7 10 9 -10 -11 -12 -13 -14 -15
leaf_value=-0.011232565150796727 0.010793221082872928 -0.01325460921306186 -0.011039401886291359 0.0074206981244635045 0.0056823003552235653 0.010952156972990255 -0.016060650832882543 0.017627223874326251 0.014888298552423214 0.0019045278618245211 0.010768558612879174 0.0096782101629187389 -0.010299180367993077 0.0050990309918186325
leaf_weight=3.6246435192151685 1.5708183836832184 4.242501581727991 2.8248242080007939 3.9328779157949612 6.4339737045229413 1.9323535065632302 11.43117118631198 14.984400792483939 2.0172424914489966 3.8217937109729982 0.68291482934728343 0.71736877760849971 2.9830213472450833 1.0927642320748425
leaf_count=3689 103 1716 1327 895 1365 129 2978 2665 161 557 13 44 727 36
internal_value=0.00182736 0.00457935 0.00620208 -0.00358371 0.0086558 -0.00512145 -0.0076684 0.0119133 0.000461795 0.0146895 -0.0103347 -0.0121029 0.000117137 -0.0139739
internal_weight=62.2927 44.8653 41.2406 8.17538 33.0653 17.4274 15.495 23.6483 4.84207 18.8062 13.9242 13.2413 9.417 12.5239
internal_count=16405 13102 9413 2611 6802 3303 3174 4710 1488 3222 3071 3058 2092 3014
is_linear=0
shrinkage=0.02


Tree=332
num_leaves=15
num_cat=0
split_feature=16 58 40 46 80 51 44 52 57 1 76 70 15 20
split_gain=2.80711 3.97795 3.05173 2.71711 2.17267 2.24988 2.25728 2.16712 2.1312 2.03578 2.00398 1.86053 1.76193 1.72168
threshold=-0.038596816013791439 0.014151995460780803 0.0421251505834958 0.079701685633191632 0.019583333333333338 0.070084032427478238 -0.084431667737921684 0.029710548687840652 0.0034817330551407144 0.30447276361819098 50.569143310417779 0.2108967223252938 0.080933255673877436 0.14893788507570105
decision_type=8 10 10 10 8 10 8 10 10 10 8 10 10 10
left_child=7 4 3 8 9 6 -6 10 -3 11 -1 -2 13 -8
right_child=1 2 -4 -5 5 -7 12 -9 -10 -11 -12 -13 -14 -15
leaf_value=0.0023984893706734066 -0.0080971723432181914 -0.0063379108545285161 0.020132366155857277 0.016648800678546186 0.01488245970146225 0.011741063126263988 -0.016121257842998792 -0.001114164732601829 0.0093894308737000574 -0.0056375056957814534 0.021388709329219276 0.020607097881542528 0.0067256502023741492 0.0035402355941973008
leaf_weight=3.835783991176867 0.63080046212417373 11.196474656157084 3.595534188731107 2.8993196467054068 0.47632020831224509 1.1165799959562708 14.872410247277015 5.2359666305710553 3.8333193237485821 3.7771873339661397 5.3989738646487231 2.2971317850751802 1.2128925887518551 1.6436604245682236
leaf_count=1022 273 1945 263 304 22 63 9556 1106 178 379 844 384 50 110
internal_value=0.00174582 -0.000648604 0.00557256 0.0017434 -0.00580941 -0.00909458 -0.0109173 0.00914737 -0.00199117 0.00360903 0.0145059 0.0139359 -0.0123681 -0.0140742
internal_weight=62.0224 47.5516 21.5246 17.9291 26.027 19.3219 18.2053 14.4707 15.0298 6.70512 9.23476 2.92793 17.729 16.5161
internal_count=16499 13527 2690 2427 10837 9801 9738 2972 2123 1036 1866 657 9716 9666
is_linear=0
shrinkage=0.02


Tree=333
num_leaves=15
num_cat=0
split_feature=8 50 30 35 76 85 20 37 78 17 1 20 75 17
split_gain=3.02989 2.42956 2.62572 3.34251 3.19996 2.70261 2.43921 2.34239 2.28425 1.97587 1.87453 1.58849 1.55278 1.53975
threshold=0.23079939465938407 0.0026480677716757832 0.005061918115593326 -0.0074200790587789075 73.970751519401617 0.44386905409445288 0.016773468171370338 -0.021401867562795003 0.16668546507256191 0.10265191429574992 0.27794214332675876 0.0046565755493462738 0.46004694835680754 0.061752228418895092
decision_type=10 10 10 10 10 10 8 10 10 10 10 8 10 8
left_child=9 -2 6 5 -5 7 -3 -4 13 -1 -10 -9 -6 -8
right_child=1 2 3 4 12 -7 8 11 10 -11 -12 -13 -14 -15
leaf_value=-0.014223410878455226 -0.010208468824597595 -0.0080367396665865197 0.006536767547907954 -0.0045861295549608338 0.026816456459936286 0.011168567890838921 -0.0096718970663866276 0.0046874756702634645 -0.0050941051108854152 -6.2730818469530837e-06 0.027136339445794182 -0.013443328290764042 -0.0038097517741558029 0.0095651026054780573
leaf_weight=6.1062358496274092 3.6648938829457611 1.854971263601328 3.3810841578961126 2.3439303475315709 3.0666876466420949 3.2006562987808129 1.1135480730445166 1.7949185118050079 0.50610367619083163 8.6958800735883397 4.3421584407333285 10.709655238402773 0.51919982937397424 10.819839277653955
leaf_count=3390 3137 951 723 775 304 271 960 477 308 958 339 2609 181 1105
internal_value=0.00122588 0.00369457 0.00506428 0.000736793 0.0126887 -0.00342334 0.0105398 -0.00685064 0.0129296 -0.00640014 0.0234761 -0.0106864 0.0225183 0.007161
internal_weight=62.1198 47.3176 43.6528 25.0161 5.92982 19.0863 18.6366 15.8857 16.7816 14.8021 4.84826 12.5046 3.58589 11.9334
internal_count=16488 12140 9003 5340 1260 4080 3663 3809 2712 4348 647 3086 485 2065
is_linear=0
shrinkage=0.02


Tree=334
num_leaves=15
num_cat=0
split_feature=59 80 56 53 84 66 21 34 69 49 84 5 20 30
split_gain=2.75583 3.86527 2.98863 2.67246 2.82385 2.20412 2.34635 2.37168 1.98231 1.94807 1.91584 1.56827 1.53108 1.40637
threshold=0.0062334897772873448 0.04158333333333334 0.0051199250325211073 -0.058491280185165424 0.11218822680556838 0.29792606920266501 -0.029361571668714354 -1.0000000180025095e-35 0.49345263952079382 -0.43266800028296276 0.44716524226616766 0.36393738711619511 0.13311785969927722 -0.007423574947654262
decision_type=10 8 10 10 10 10 8 10 10 10 10 10 10 8
left_child=1 3 -2 9 13 12 -7 -8 -9 -1 -3 -12 -6 -5
right_child=2 10 -4 4 5 6 7 8 -10 -11 11 -13 -14 -15
leaf_value=-0.0030758482521346959 -0.0057269829934632746 -0.015933702381830516 0.015240624434813194 0.0010633043065376719 -0.0092741232902341236 -0.0065552471196568644 -0.0046027897648314086 -0.0078521776041006412 0.018882266952557958 0.018416603674724301 0.0093626475845290415 -0.0084539617961842672 0.0090854232136768787 -0.016242139438494788
leaf_weight=1.9843462056305723 3.1950005141552529 7.3212110119638947 8.4992938376672083 2.6871763852977892 6.0921122625295565 2.9091144896519836 2.3480511063826279 0.7106041224615155 8.1436299585038778 5.052301095827711 2.4433152176789008 3.6533992527402006 1.5601707373280076 4.455045839189558
leaf_count=429 521 5712 634 1761 1075 311 223 187 445 708 123 186 52 4072
internal_value=0.00119791 -0.000921643 0.00951218 0.00252485 -0.000301245 0.00332424 0.00782091 0.0117855 0.0161576 0.0127271 -0.00968855 -0.00100062 -0.00491349 -0.0104002
internal_weight=61.0548 49.3605 11.6943 35.9426 28.9059 21.7637 14.1114 11.2023 8.85423 7.03665 13.4179 6.09671 7.65228 7.14222
internal_count=16439 15284 1155 9263 8126 2293 1166 855 632 1137 6021 309 1127 5833
is_linear=0
shrinkage=0.02


Tree=335
num_leaves=15
num_cat=0
split_feature=59 53 51 52 51 42 61 61 42 53 74 1 52 76
split_gain=5.31219 2.99089 2.47993 2.67394 2.11129 2.10965 2.1029 1.96044 1.5543 1.51954 1.44822 1.43587 1.26518 1.21412
threshold=0.0062334897772873448 -0.037589130003142901 0.0022744555028217654 -0.029791159574004685 0.056112563341467088 0.036254976621037958 0.31217602664303173 0.27158927116625936 0.027775298725344049 -0.1071616032466865 0.7544076708939067 0.24796694214876036 0.029427269045280955 100.89692866861985
decision_type=10 8 10 10 10 10 8 10 10 10 10 10 10 10
left_child=1 2 3 7 5 10 11 -1 9 -5 -3 -2 -10 -7
right_child=6 4 -4 8 -6 13 -8 -9 12 -11 -12 -13 -14 -15
leaf_value=-0.0080711087904328255 -0.0047384083248342042 -0.011345600979470735 0.013524139640391066 0.008828199589237827 0.0058328146591559195 -0.004086395532845624 -0.0024310414224208376 0.021100997876527007 -0.0076724166825561458 -0.015017244982386005 0.013450332069954614 0.018331908688401625 0.013747006570424523 0.014165696005952619
leaf_weight=0.71361225741566281 0.81117140498826934 22.375563912049994 5.8535509677021755 0.59510686015710224 4.3045682879746883 2.6681071916536885 2.9262419346778197 1.9326909608207641 1.1365948698366994 5.5988731010147603 0.17329004622297262 8.4563849025871587 1.4578439416072795 1.5333001399994826
leaf_count=382 182 10371 376 38 206 244 285 187 151 3225 14 701 56 84
internal_value=0.000499792 -0.00252256 0.00399822 -0.00157365 -0.00616417 -0.00823531 0.0117651 0.0131783 -0.00690815 -0.0118175 -0.010592 0.0160478 0.00483946 0.00401749
internal_weight=60.5369 48.3431 17.2883 11.4347 31.0548 26.7503 12.1938 2.6463 8.78842 6.19398 22.5489 9.26756 2.59444 4.20141
internal_count=16502 15334 4415 4039 10919 10713 1168 569 3470 3263 10385 883 207 328
is_linear=0
shrinkage=0.02


Tree=336
num_leaves=15
num_cat=0
split_feature=53 59 66 49 44 18 20 54 53 85 21 38 8 15
split_gain=2.74477 3.3639 2.72644 2.31665 2.22005 1.94202 1.87253 1.81789 1.74169 1.69962 2.31864 1.459 1.42756 1.30994
threshold=-0.058491280185165424 -0.00020281480825046669 0.34798711755233497 -0.43266800028296276 0.063014392263131006 -0.029869151834900989 0.14893788507570105 0.049792925753530982 -0.0023132269270349222 0.38419537273268639 -0.012838645192947527 0.071693072557481433 0.93656382740889799 -0.0020856907780038253
decision_type=8 10 10 10 10 8 10 10 10 10 8 10 10 10
left_child=3 2 5 -1 9 -2 11 -4 -6 10 12 -7 -3 -5
right_child=1 4 7 13 8 6 -8 -9 -10 -11 -12 -13 -14 -15
leaf_value=-0.0032238424322115016 0.00051015032584054553 -0.01262981965912716 -0.001567483213769965 -0.005138116707392104 0.00077964797999472313 -0.014887905841600704 0.0072801056568403237 0.017058989049008006 0.024590760395624366 0.011298139967738088 0.010749937866832629 0.0044457557292652159 0.009111811780372573 0.018367649325217873
leaf_weight=3.4376106812997023 7.505334664194379 5.9572057026671246 5.7696454819961209 0.65814467103336927 1.9755474737175971 15.534015184122845 1.3448891122825433 2.1656904530536849 2.573395435960264 3.3573753654491147 2.3046240617113671 1.2827006327861443 0.71237873099744309 6.089964004364445
leaf_count=794 635 1384 1632 192 419 9079 93 235 231 320 387 260 34 784
internal_value=0.000630395 -0.00133102 -0.00494783 0.00960153 0.00574266 -0.00804736 -0.0114258 0.00485624 0.016254 0.000936825 -0.00368359 -0.0132465 -0.00942233 0.0157079
internal_weight=60.6685 50.4828 33.6023 10.1857 16.8805 25.6669 18.1616 7.93534 4.54894 12.3316 8.97421 16.8167 6.66958 6.74811
internal_count=16479 14709 11934 1770 2775 10067 9432 1867 650 2125 1805 9339 1418 976
is_linear=0
shrinkage=0.02


Tree=337
num_leaves=15
num_cat=0
split_feature=28 34 72 48 40 18 42 27 38 80 55 14 14 87
split_gain=2.46352 3.05838 2.71681 3.18297 2.97756 3.34661 2.30449 1.8944 1.49304 1.40904 1.39366 1.35462 1.34087 1.28224
threshold=0.11067063638378863 0.042467282514282438 0.12866157115889801 -0.053231072688012963 0.036963535259548985 -0.029869151834900989 0.027775298725344049 -0.052613387427155316 0.030543434928146748 0.03358333333333334 0.0088409389824677265 0.039739648356500977 0.012026579706993419 0.033195592286501381
decision_type=10 8 10 10 8 10 10 8 10 10 10 10 10 10
left_child=1 2 4 -4 5 12 9 -5 -6 -2 -7 -8 -1 -12
right_child=6 -3 3 7 8 10 11 -9 -10 -11 13 -13 -14 -15
leaf_value=-0.0041373395779274345 0.0071241095116552815 -0.011322830956909205 -0.0066463321054974524 -0.0022334496771352001 -0.0030190585970409499 -0.013111803981960456 0.018606946644465258 0.016935839484588319 0.020289939485077475 -0.0095956000559556474 -0.009501765943798781 -0.0062297068467012133 0.01286239074292566 0.011839910575733565
leaf_weight=2.51308519145823 3.4231517777079699 8.7637093262019317 3.8958568315720195 2.3596962228330085 1.3687235298711997 12.670023653539838 5.7686403434490785 8.5002256808074836 2.0174402429547627 2.7084157406643499 1.1552879341033979 0.5214734220644458 3.491904744063504 1.3955045170150695
leaf_count=274 217 3075 1674 450 563 6635 361 1566 167 349 902 20 222 30
internal_value=0.000790361 -0.00129739 0.00115959 0.00767027 -0.00289087 -0.00576417 0.00837391 0.0129335 0.0123279 -0.000571187 -0.0105639 0.0159758 0.006173 0.00222021
internal_weight=60.5531 48.1315 39.3677 14.7558 24.612 21.2258 12.4217 10.8599 3.38616 6.13157 15.2208 6.29011 6.00499 2.55079
internal_count=16505 15558 12483 3690 8793 8063 947 2016 730 566 7567 381 496 932
is_linear=0
shrinkage=0.02


Tree=338
num_leaves=15
num_cat=0
split_feature=83 60 72 53 82 19 12 18 42 4 56 42 59 8
split_gain=2.91389 3.21971 3.84418 2.61433 2.52432 2.14586 2.11433 2.0243 1.91543 1.8888 1.99358 1.54757 1.36399 1.30952
threshold=0.21353660901714708 0.43800562594038256 0.12794692751543571 -0.025958778331697931 0.15858333333333338 -0.081631905195453033 7.0908754101831279 0.024504593044513915 -7.0369372481686571e-05 0.026007846320346324 0.016743920256971207 0.011334938361702391 -0.0037027342119033092 0.72816170014538095
decision_type=10 10 10 8 10 10 10 10 10 10 8 10 8 10
left_child=3 9 5 4 6 8 7 12 -3 10 13 -4 -1 -2
right_child=1 2 11 -5 -6 -7 -8 -9 -10 -11 -12 -13 -14 -15
leaf_value=0.025301000221814293 -0.0057657175013040981 0.0099385061318597 -0.0035290504048049597 -0.016861156469696732 -0.01386202263443128 -0.014454118124579769 -0.010114871847412417 -0.0083219271296989736 -0.007872993890955025 0.015185166082197757 0.013467209086498294 0.014686224499091649 -0.0018309648077854037 0.0072992348713103459
leaf_weight=2.5293207314098254 7.4587196373613569 3.3292570282064844 2.2501925430551628 5.1606184653210203 2.1752330178132979 7.6838173280557394 1.1621491287514798 0.70990135324245773 4.4619304550869865 8.6573583573917841 4.5368681657710104 4.8821094484883361 0.77598653314635191 3.8319538812793326
leaf_count=243 1712 166 428 5927 2685 1618 599 899 263 596 256 287 193 509
internal_value=0.000976662 0.00326742 -0.00214241 -0.00724819 0.000709826 -0.00761713 0.00808502 0.0143192 2.79853e-06 0.00815046 0.00362888 0.00921214 0.0199855 -0.00109848
internal_weight=59.6054 47.0922 22.6073 12.5132 7.35259 15.475 5.17736 4.01521 7.79119 24.4849 15.8275 7.1323 3.30531 11.2907
internal_count=16381 5835 2762 10546 4619 2047 1934 1335 429 3073 2477 715 436 2221
is_linear=0
shrinkage=0.02


Tree=339
num_leaves=15
num_cat=0
split_feature=78 66 55 42 70 21 39 19 48 80 44 14 1 51
split_gain=2.18679 2.95624 2.75376 2.38446 2.22868 2.19261 2.69813 2.23645 1.66952 1.73507 1.44026 1.42874 1.38459 1.33793
threshold=0.098168473041569476 0.29401222854733294 -0.046309797414614114 0.065803263979472545 0.36806325449618138 -0.014434672755801644 -0.024740122811498493 -0.050466867587777069 2.3156317406169005 0.018750000000000003 -0.0061593463907073922 -0.0036515343684781483 0.303128054740958 -0.02847080179149147
decision_type=10 10 8 10 10 10 8 10 10 8 10 10 10 10
left_child=2 11 -1 8 5 6 -3 -7 9 10 -4 -2 -13 -9
right_child=1 4 3 -5 -6 7 -8 13 -10 -11 -12 12 -14 -15
leaf_value=0.008556389996591883 -0.01162469372976211 0.017191655244857072 0.011999264392989093 0.011402986840107448 -0.003242312226640108 -0.0010541716200769778 -0.0035619904089470378 -0.0016644544278674805 0.0039471741763278433 -0.012915738847124648 -0.0074717929052418022 -0.0098184174094673223 0.0079397719128775045 0.03335819697804504
leaf_weight=5.7993724753177958 3.9499206509644864 3.6183042799384566 1.705830444319872 2.0377550196135408 3.7371577887679441 1.1020657890767322 4.873681008160931 0.38642817649815731 3.5913721272372632 15.2755144918774 2.4838752263167541 1.6202932149753921 4.4907006458815886 3.0021647508256128
leaf_count=999 1612 500 108 175 695 185 1477 316 490 7307 492 1214 546 296
internal_value=0.000674744 0.00476672 -0.00291069 -0.0057871 0.00971209 0.0134063 0.00616039 0.0234911 -0.00771723 -0.00995704 0.00124037 -0.00358682 0.0025127 0.0298951
internal_weight=57.6744 26.7807 30.8937 25.0943 16.7198 12.9826 8.49199 4.49066 23.0566 19.4652 4.18971 10.0609 6.11099 3.38859
internal_count=16412 6841 9571 8572 3469 2774 1977 797 8397 7907 600 3372 1760 612
is_linear=0
shrinkage=0.02


Tree=340
num_leaves=15
num_cat=0
split_feature=27 60 38 28 42 16 32 38 52 77 48 85 50 50
split_gain=2.96766 2.92719 2.19034 3.72137 4.07559 2.4935 1.75428 1.9752 2.25698 1.61916 1.96995 1.4395 1.43578 1.33852
threshold=0.0038270991554080207 0.48694173143499103 1.0000000180025095e-35 -0.003496036805035518 0.03985696498982446 -0.064337871541386163 0.081653460560391383 0.065685975754860182 -0.00083932650117922436 -7.8571893383309943 0.080004030494538539 0.32454882676287872 0.12172018833277103 0.0093207521394544929
decision_type=8 10 10 10 8 10 10 8 10 10 10 10 10 8
left_child=1 2 9 -4 5 -5 7 8 -3 10 13 -7 -10 -1
right_child=-2 6 3 4 -6 11 -8 -9 12 -11 -12 -13 -14 -15
leaf_value=-0.0029957427178829588 -0.0094597265163408953 0.0043703553209560441 0.016183839519164186 0.010089576208663837 0.016804369091883743 -0.014006515381542982 0.01130216946197287 0.010230673310038055 -0.016462433532937797 -0.0010775888742126476 0.003686225602541541 0.0042317568433036922 0.0030098509101969223 0.023261968012248686
leaf_weight=0.62934168304491234 8.0542070742085325 3.3026432409533308 4.2809996876312644 1.8502314086363139 2.3820923127350389 9.5673170886002534 1.7292611924640358 1.676373108377448 8.2003118586726469 3.0334378120751344 4.7333618239645148 1.595373612595721 1.4793983518029552 6.5039830705209161
leaf_count=404 5028 609 1163 274 164 3877 107 137 1871 924 978 80 56 744
internal_value=0.00113097 0.00295453 0.00619782 0.00164587 -0.00313734 -0.00772649 -0.00385123 -0.00624647 -0.00895363 0.0117272 0.0148298 -0.0112663 -0.0134832 0.0208619
internal_weight=59.0183 50.9641 34.5761 19.676 15.395 13.0129 16.388 14.6587 12.9824 14.9001 11.8667 11.1627 9.67971 7.13332
internal_count=16416 11388 8608 5558 4395 4231 2780 2673 2536 3050 2126 3957 1927 1148
is_linear=0
shrinkage=0.02


Tree=341
num_leaves=15
num_cat=0
split_feature=18 71 41 80 59 87 18 73 62 39 27 81 75 62
split_gain=3.56905 2.37571 2.15446 1.9592 2.90274 2.35108 1.88721 1.90149 1.97025 1.83744 1.65605 1.58919 1.41941 1.34758
threshold=0.024504593044513915 0.32120563234053606 -0.00320337166154749 0.04158333333333334 0.0049794987224110032 0.035401002506265669 0.019501852142461976 0.086983935522780872 0.23712493369312024 -0.010385366387240214 -0.083774680867912718 0.19516666666666668 0.47677415487892599 0.18581494085772818
decision_type=8 10 10 10 10 10 10 10 10 10 8 10 8 10
left_child=1 3 10 6 5 -5 7 8 12 -4 -2 -8 13 -1
right_child=2 -3 9 4 -6 -7 11 -9 -10 -11 -12 -13 -14 -15
leaf_value=0.0063033066172849426 0.0019808157203478334 -0.011162440948582897 -0.0071394419002428098 -0.01426133192101285 0.013095954998913648 0.010386888283791444 -0.0052218519600937853 -0.00031340199826893007 -0.0071168633700523752 0.013483058138754585 -0.014960682170331545 0.025468809004556225 -0.00084350346635098539 0.020867784041733235
leaf_weight=5.5917053518642277 2.8195397824019892 2.5330580052686846 2.3818412290565902 5.2622633674327499 2.6066996748559177 1.2575996043742632 0.45283194919465986 10.767488635756306 1.6654654501762696 2.687494734345818 7.9642815864499408 2.8933247766690329 2.510984967520927 6.7307289090822451
leaf_count=976 616 269 892 2147 281 127 129 1588 291 614 7184 399 471 487
internal_value=0.00185691 0.00487062 -0.00599126 0.00614152 -0.00183928 -0.00875798 0.00850376 0.00627083 0.0103402 0.00421368 -0.010739 0.0210696 0.0126259 0.0152279
internal_weight=58.1253 42.2722 15.8532 39.7391 9.12656 6.51986 30.6125 27.2664 16.4989 5.06934 10.7838 3.34616 14.8334 12.3224
internal_count=16471 7165 9306 6896 2555 2274 4341 3813 2225 1506 7800 528 1934 1463
is_linear=0
shrinkage=0.02


Tree=342
num_leaves=15
num_cat=0
split_feature=83 80 78 41 27 26 1 46 32 81 12 84 80 34
split_gain=2.6117 3.04846 3.31543 3.00029 2.58124 2.56041 2.41066 1.90557 1.895 1.59127 1.53897 1.31559 1.30098 1.22756
threshold=0.83283295175689331 0.018750000000000003 0.11112438920756322 -0.01464256151304073 0.0022208066371928186 -0.077993513118960398 0.27794214332675876 0.052940492218779896 0.00722079575322468 0.21583333333333335 20.886381950040292 0.37268520541762912 0.0052500000000000003 -0.0075024028068206286
decision_type=10 8 10 8 10 8 10 10 10 10 10 10 10 8
left_child=1 4 5 -4 8 -3 11 9 10 -8 12 -5 -1 -14
right_child=-2 2 3 6 -6 -7 7 -9 -10 -11 -12 -13 13 -15
leaf_value=-0.002132838685384652 0.012599349067670535 0.009039126322431576 -0.011830922686055564 -0.013705800303942391 -0.011652215203255947 -0.0099330880441342913 0.00073082179490790869 -0.0039868379630274772 -0.0011683164670661216 0.019447746656784504 -0.00055672453433360392 0.0091578411476656747 -0.0043138545609237517 0.026696862436298346
leaf_weight=0.66551228926982542 6.5559912531170985 2.4941105305915698 3.0280619104887592 2.1025408535933852 1.3383355886908237 20.057995239301821 2.4563080973894085 2.1611956511187591 2.9169907844043337 6.9821745708613889 1.5135720149264669 0.66963844734709699 0.28178523105452769 4.6131414604606107
leaf_count=72 575 188 1237 2281 382 8912 548 322 174 1033 194 16 61 433
internal_value=0.00162197 4.43321e-06 -0.00262056 0.00381903 0.00872303 -0.00754018 0.00767152 0.0115208 0.0122642 0.0151134 0.0172618 -0.00721931 0.0214576 0.0244827
internal_weight=57.8374 51.2814 39.952 17.3999 11.3293 22.5521 14.3719 11.5997 9.991 9.43848 7.07401 2.77218 5.56044 4.89493
internal_count=16428 15853 14537 5437 1316 9100 4200 1903 934 1581 760 2297 566 494
is_linear=0
shrinkage=0.02


Tree=343
num_leaves=15
num_cat=0
split_feature=60 72 18 41 84 42 22 50 22 50 18 75 65 0
split_gain=2.23309 2.95707 2.18824 2.02967 2.42298 1.89878 1.86158 1.82932 1.75175 1.45451 1.93442 1.90741 1.99417 1.32116
threshold=0.43800562594038256 0.12794692751543571 -0.03128876662469162 -0.011749384342403685 0.34931674458752571 0.012391125862850743 0.11670392050979739 -0.011025593043763283 0.039662693968784558 0.035253690577153003 0.030734582301411521 0.40722815692494291 2.3662601626016264 0.15806129247168557
decision_type=8 10 8 10 10 10 8 10 10 8 10 10 10 10
left_child=3 2 -2 4 13 -3 -4 -5 9 11 -11 -9 -13 -1
right_child=1 5 6 7 -6 -7 -8 8 -10 10 -12 12 -14 -15
leaf_value=-0.013005880220125008 0.0037116710154790344 -0.0041228435178510712 -0.01331857934101929 -0.010493342000906177 0.0096411945839557818 0.013693207281827663 0.0085472564480554101 -0.001448571882088858 -0.00077293011475179499 0.010844607547743452 -0.0081323684312704578 0.028318771372658719 -0.0029208131422703127 0.006880039656592167
leaf_weight=5.0245091566612228 5.3291573916212656 3.2617362257151381 11.270471529132921 1.083164326686531 3.5423584599629976 5.2847106037661433 1.0932697790558474 1.2826346502406529 4.7259628144674926 9.8026786126283714 1.9030226480826975 4.6584104851353914 0.75017142442811735 1.0338509841240009
leaf_count=3966 379 884 3312 1257 294 363 63 806 1069 1109 1013 1387 490 50
internal_value=0.00237454 -0.00196607 -0.00652878 0.00570322 -0.00194018 0.00717412 -0.0108902 0.00869149 0.00998792 0.0126496 0.00736224 0.0197395 0.0242062 -0.00911842
internal_weight=60.0461 26.2393 17.6929 33.8068 9.60072 8.54645 12.3637 24.206 23.1229 18.3969 11.7057 6.69122 5.40858 6.05836
internal_count=16442 5001 3754 11441 4310 1247 3375 7131 5874 4805 2122 2683 1877 4016
is_linear=0
shrinkage=0.02


Tree=344
num_leaves=15
num_cat=0
split_feature=8 81 51 31 71 51 48 14 71 60 54 83 30 19
split_gain=2.68535 2.57142 2.44905 2.20988 2.0913 2.02281 1.81723 1.68754 1.56543 1.51526 1.42423 1.23025 1.17851 1.15809
threshold=0.26321160042964559 0.21383333333333335 -0.033669837505721299 -0.036340552697361091 0.1935851274891616 0.0022744555028217654 0.24398053030158331 0.017728169443527998 0.24447927551375828 0.2593461401441452 0.044857812370985024 0.7764904940749584 -0.0048493747950004431 -0.078357566236749762
decision_type=10 10 10 10 10 10 10 10 10 10 8 10 8 10
left_child=7 3 10 -2 6 -6 -4 -1 -7 -5 11 -3 -11 -9
right_child=1 2 4 9 5 8 -8 13 -10 12 -12 -13 -14 -15
leaf_value=-0.011306345587292675 0.0082816765993338985 -0.015167853817148471 0.019930590307869631 0.0075619944516119456 -0.010322609103467448 -0.0025497769112550186 0.0052541500921138877 0.0094316950748838321 0.015583910924682276 0.00039344605104011879 0.0094559640413169489 0.0053891483896554649 -0.014842098097077004 -0.0061866550960421917
leaf_weight=9.4651934483117639 3.6468857906147596 3.2352071362984125 7.4197291179152725 1.3993471630237753 2.9567878662783169 3.08122406770417 7.2503252564929426 2.8635557989182416 3.1350937206298113 2.6760932005854556 1.1802818119613219 1.0229999829898586 6.809461770084452 2.7878409915429065
leaf_count=3729 539 2641 1883 503 925 481 1553 232 238 658 298 33 1855 937
internal_value=0.000475171 0.00298558 0.00632822 -0.00372363 0.00903061 0.00129659 0.0134753 -0.00653471 0.00748785 -0.00810428 -0.00508195 -0.0101435 -0.0109162 0.00195535
internal_weight=58.93 43.8134 29.2816 14.5318 23.8432 9.17311 14.6701 15.1166 6.21632 10.8849 5.43849 4.25821 9.48555 5.6514
internal_count=16505 11607 8052 3555 5080 1644 3436 4898 719 3016 2972 2674 2513 1169
is_linear=0
shrinkage=0.02


Tree=345
num_leaves=15
num_cat=0
split_feature=39 16 20 79 58 52 79 59 32 6 52 67 72 16
split_gain=2.77661 4.23607 3.33142 2.83329 2.47598 2.4643 2.38631 2.06948 2.08404 1.6509 1.52042 1.41776 1.38479 1.24231
threshold=0.02007964937335999 -0.024736074522764603 0.14188343774398829 0.16185666919707728 0.0092887415954236736 0.0032924527832535609 -0.043332673789737493 0.0090544910159062932 0.084826426224696674 39.511946588734766 -0.034215589220447644 0.24147617202634641 0.11907206414393275 -0.00223816899513074
decision_type=10 8 8 10 10 8 10 8 8 10 10 10 10 10
left_child=1 5 3 7 -2 11 -7 8 10 -4 -3 -1 -9 -6
right_child=4 2 9 -5 13 6 -8 12 -10 -11 -12 -13 -14 -15
leaf_value=0.021156633434947721 -0.0074332857682207001 0.004965175760462198 -0.0079506852541794994 0.013712895647608379 -0.00086706774201301159 -0.0076556530260041009 0.0099282764695888207 -0.0077939805270151701 0.0069855201935482697 0.013545547409800523 -0.014401215996462331 0.0014658953712658415 0.01063278985712884 0.022843499934184514
leaf_weight=4.498101172663155 1.3538023918372335 1.2798438167083173 1.202506436704424 1.4959021721151646 0.99880632376880374 5.5383611032739299 4.8539423918846296 2.0187736082880319 1.6650472041801609 4.366700369224418 20.122739205500686 2.2075993096805178 2.6353942705027293 3.7430357798875775
leaf_count=670 601 330 198 227 164 1771 1027 167 131 348 9957 590 171 222
internal_value=0.000822041 -0.000768338 -0.00474254 -0.0074428 0.0125595 0.00713269 0.000707858 -0.00902208 -0.0113952 0.00840032 -0.0130732 0.0157057 0.00267522 0.018568
internal_weight=57.9806 51.8849 34.7869 29.2177 6.09564 17.098 10.3923 27.7218 23.0676 5.56921 21.4026 6.7057 4.65417 4.74184
internal_count=16574 15587 11529 10983 987 4058 2798 10756 10418 546 10287 1260 338 386
is_linear=0
shrinkage=0.02


Tree=346
num_leaves=15
num_cat=0
split_feature=60 70 70 4 20 17 50 58 46 58 44 81 62 64
split_gain=3.09218 2.34479 2.37173 2.7735 3.01885 2.69311 2.56614 1.99592 1.98652 1.71927 1.44769 1.43402 1.41323 1.49049
threshold=0.59588498360940467 0.20881327507833533 0.24796194147227577 0.039011769480519487 0.048056114804675941 0.082675697508233406 0.010882417031544593 0.016869731381845377 -0.0041577710441628385 0.0092887415954236736 0.046285035788283614 0.2431666666666667 0.23638069247825347 2.0034482758620693
decision_type=8 10 10 10 10 10 10 10 10 10 10 10 10 10
left_child=1 7 6 4 5 -4 -3 -1 -8 -5 -7 -10 13 -11
right_child=-2 2 3 9 -6 10 8 -9 11 12 -12 -13 -14 -15
leaf_value=-0.012541600256061696 -0.0088907492814275704 -0.0095703389329164536 -0.0088995095754325522 0.0005452096117350521 -0.009257505464850508 0.01534993050568528 -0.0014462573321589803 0.0069489131655747572 0.025630053095371697 -0.0024051432467235233 -0.001642266277050798 0.0046126137781403852 -0.00043979532091166057 0.024673741001256598
leaf_weight=5.0058563990751272 8.2049860581319063 1.0844722628098669 3.1327811676746959 4.5447234616440237 9.8624855547532189 6.0114554389292589 1.8562623284378776 2.4437014890427236 5.3591790859354651 0.76763441032380786 2.5580572608741932 2.2749907640682068 1.5497541366494259 4.1328576520318165
leaf_count=4244 1573 1223 2457 380 2597 684 810 383 722 76 497 605 175 225
internal_value=0.00183177 0.00370965 0.00550026 0.00264424 -0.00157578 0.00511737 0.0133057 -0.00608234 0.0165829 0.0103624 0.0106361 0.0206265 0.0162779 0.0207433
internal_weight=58.7892 50.5842 43.1347 32.5597 21.5648 11.7023 10.5749 7.44956 9.49043 10.995 8.56951 7.63417 6.45025 4.90049
internal_count=16651 15078 10451 7091 6235 3638 3360 4627 2137 856 1181 1327 476 301
is_linear=0
shrinkage=0.02


Tree=347
num_leaves=15
num_cat=0
split_feature=52 26 85 63 1 21 17 76 38 20 26 65 85 84
split_gain=2.20848 2.68833 2.43293 2.57555 2.21746 2.1572 2.70063 2.03369 1.76274 1.74015 1.47573 1.28739 1.28358 1.19829
threshold=-0.029791159574004685 -0.069850051311627456 0.44386905409445288 0.16111821540210289 0.303128054740958 -0.0085774466329688933 0.065272012235088508 36.032786885245905 -0.0037875126564472917 0.017178097366514534 1.0000000180025095e-35 1.2810744382022474 0.14491634822289284 0.38413094322487679
decision_type=8 8 10 8 10 8 10 10 8 10 10 10 10 10
left_child=4 12 3 5 -1 6 13 -7 10 -5 -8 -11 -2 -3
right_child=1 2 -4 9 -6 7 8 -9 -10 11 -12 -13 -14 -15
leaf_value=-0.0086273464861431007 -0.0040475049900306351 -0.016798829726162166 0.010203603583216597 0.0026501920293210786 0.020738766502483238 -0.0044374606552393323 -0.0045867461592440113 0.017491812172480019 -0.0047448617564530074 0.00033518096204036401 0.011854829934078936 -0.015901330198164164 0.01567891004010933 0.0034321129750768359
leaf_weight=0.75104090923559885 1.2373735001310704 4.6281476973381386 5.5139055503532282 3.4006421806552671 3.1276728325756267 2.0585009985952665 2.41923028390738 3.9371376607596176 7.842683770737497 2.3676569725648724 6.7528001432074234 9.1643585687997966 5.0333584538311698 1.100259313941933
leaf_count=471 272 6408 386 1151 261 589 215 663 1688 427 725 2863 310 38
internal_value=0.00154776 0.000405408 -0.00124843 -0.0028904 0.0144497 0.000663014 -0.00223519 0.0104047 0.0019022 -0.00934154 0.00749359 -0.012807 0.0117651 -0.0129805
internal_weight=59.3348 55.4561 49.1853 43.6714 3.87871 28.7388 22.7431 5.99564 17.0147 14.9327 9.17203 11.532 6.27073 5.72841
internal_count=16467 15735 15153 14767 732 10326 9074 1252 2628 4441 940 3290 582 6446
is_linear=0
shrinkage=0.02


Tree=348
num_leaves=15
num_cat=0
split_feature=60 77 2 84 72 55 34 17 18 0 17 47 83 63
split_gain=2.3211 2.98894 2.21775 2.74222 1.91242 1.73676 1.71492 2.10955 2.03317 1.61856 1.42314 1.58683 1.39577 1.33876
threshold=0.48694173143499103 -83.863211783005383 0.13352713178294576 0.23831653686178553 0.12794692751543571 0.011999168927819751 0.016202837640695956 0.12528026905829601 -0.016915903446860944 0.086453119786453134 0.075305641478862886 -0.010153910671284743 0.16712982217986586 0.16139795691761052
decision_type=8 10 10 10 10 10 10 10 10 10 8 10 10 8
left_child=1 6 9 10 5 -2 7 -1 -8 -3 -4 -12 -10 -5
right_child=4 2 3 13 -6 -7 8 -9 12 -11 11 -13 -14 -15
leaf_value=-0.0054855990439979562 -0.011021959849908908 -0.0024215690060517396 -0.016452133626369724 0.0083540098072114304 0.0051194236340958337 0.0075228607795051299 -0.0032103993416040893 0.016055380578508721 -0.0051700484086304498 0.025252514631865012 -0.012409880140521001 0.0057933368369310389 0.02480482672743654 -0.0040950813553344151
leaf_weight=3.8981581851112406 11.363776144120495 1.0982465726701804 4.5307208960148282 8.6450611468753742 5.3432926460372974 1.6841430035856308 1.2433389226498546 1.9343336383171843 0.34747888878337096 1.2475093115936031 2.2797295651689637 3.6648827770841317 5.1978729684778955 4.6259710614394871
leaf_count=1693 2711 1010 6521 582 811 199 187 117 492 29 910 366 434 392
internal_value=0.00138968 0.0041385 0.000167664 -0.0019046 -0.00431157 -0.00826319 0.0117325 0.00296268 0.0179194 0.0154447 -0.00912113 -0.00196927 0.0224236 0.00403167
internal_weight=57.1045 38.7133 26.0921 23.7464 18.3912 13.0479 12.6212 5.83249 6.78869 2.34576 10.4753 5.94461 5.54535 13.271
internal_count=16454 12733 9810 8771 3721 2910 2923 1810 1113 1039 7797 1276 926 974
is_linear=0
shrinkage=0.02


Tree=349
num_leaves=15
num_cat=0
split_feature=85 69 32 39 82 51 51 11 51 18 15 32 42 15
split_gain=2.84922 2.31848 2.6355 1.99879 1.99174 1.90625 1.88428 2.39687 1.8715 1.79267 1.4836 1.4513 1.52759 1.68176
threshold=0.096457168452582412 0.54711944939384416 1.0000000180025095e-35 0.026794998860161592 0.095166666666666691 0.021712420607962402 0.026292705255873936 -1.53421320555272 0.056112563341467088 0.0048812541517938022 -1.0000000180025095e-35 0.095519066350978898 0.07569169988431669 0.040891229199868838
decision_type=10 10 10 10 8 10 10 10 8 8 10 10 10 10
left_child=4 3 5 8 -1 -3 7 -4 11 10 -6 12 13 -2
right_child=1 2 6 -5 9 -7 -8 -9 -10 -11 -12 -13 -14 -15
leaf_value=0.0088632655218637904 -0.015852398861543163 0.021259324283077873 0.0094086045358401232 0.014131631367271556 -0.012181041786262333 0.00041946768098470941 0.009695593048862727 -0.0081295885776025804 0.0097655091384490599 -0.017025526375334332 0.0057310664635010127 0.008962725660479582 0.0087397638104168146 0.0042708670930437214
leaf_weight=1.9548475568008115 8.5331540893239382 5.7427804292674427 3.7422945092403106 1.5098113485146303 2.0537633213389199 2.4290431047556922 7.7922141663148059 8.2379129954206292 1.9296568925492454 5.5988818088662784 3.7296479365613804 0.99711893167113963 0.81301919440738935 1.5669761674362224
leaf_count=332 1925 595 626 86 1161 173 524 1347 99 8534 885 73 35 83
internal_value=0.00105775 0.00354927 0.00689425 -0.00258951 -0.00671347 0.0157859 0.00263636 -0.00234835 -0.00524299 -0.00988844 -0.00148776 -0.00824268 -0.0104351 -0.0126269
internal_weight=56.6311 43.294 27.9442 15.3497 13.3371 8.17182 19.7724 11.9802 13.8399 11.3823 5.78341 11.9103 10.9131 10.1001
internal_count=16478 5566 3265 2301 10912 768 2497 1973 2215 10580 2046 2116 2043 2008
is_linear=0
shrinkage=0.02


Tree=350
num_leaves=15
num_cat=0
split_feature=53 83 60 22 51 76 19 46 6 67 22 15 6 51
split_gain=2.30908 2.82813 2.47646 2.97456 3.10096 1.93674 1.61613 2.00908 2.40137 1.47913 1.43974 1.28996 1.26795 1.25208
threshold=-0.064030078326181794 0.13287861049214092 0.48694173143499103 0.027877330333835198 0.022613818440909209 79.745143959223057 -0.080567800254841657 0.057713985977421257 12.306054543107903 0.16287683031869082 0.034876495942387391 -0.00032210283604128378 200.30623207547174 0.064526605458248232
decision_type=8 10 10 8 10 10 10 10 10 8 10 10 10 10
left_child=11 9 3 6 12 13 -3 8 -8 -2 -7 -1 -5 -4
right_child=1 2 5 4 -6 10 7 -9 -10 -11 -12 -13 -14 -15
leaf_value=-0.0022139683818575644 0.0052706408357042654 -0.0012852362256101622 -0.012046227097185455 -0.012641047656303092 0.0079263720929486619 -0.0072788026580957108 -0.0027316140559842414 -0.0064643535631663416 0.021556555485447527 -0.014955764649929345 0.011620862904118448 0.015308886445307429 0.0058389568696572336 0.008252687725415658
leaf_weight=1.9392967798194147 1.2947753032494791 2.9840997146093278 8.441923379854412 6.4363943235075549 7.0049877094570547 1.7802217759162875 1.7253405532392232 1.0898095316078968 8.1930408622720261 5.7198759355669608 3.1556834305956727 5.6706979540904285 1.2282206778763791 0.68538206559605974
leaf_count=498 955 291 1684 2055 501 396 532 261 1065 6933 365 814 64 27
internal_value=0.00154218 -0.000110909 0.00189316 0.00521049 -0.00111954 -0.0047649 0.011479 0.014758 0.0174683 -0.0110305 0.00472648 0.0111049 -0.0093476 -0.00985757
internal_weight=57.3497 49.7398 42.7251 28.6619 14.6696 14.0632 13.9923 11.0082 9.91838 7.01465 4.93591 7.60999 7.66462 9.12731
internal_count=16441 15129 7241 4769 2620 2472 2149 1858 1597 7888 761 1312 2119 1711
is_linear=0
shrinkage=0.02


Tree=351
num_leaves=15
num_cat=0
split_feature=59 18 18 72 53 67 61 69 84 72 85 51 46 20
split_gain=3.08272 2.46916 3.14737 2.50077 2.24373 2.31889 2.20814 1.99709 1.93089 1.34754 1.34282 1.33422 1.30524 1.22971
threshold=0.0062334897772873448 0.024504593044513915 0.019501852142461976 0.11556079664570232 -0.037967305055531968 0.25920280036133697 0.34385345817088331 0.5281195947615519 0.44716524226616766 0.12257165962799893 0.096457168452582412 -0.0099392196870048254 0.019618087802447205 0.13311785969927722
decision_type=10 8 8 10 10 10 8 10 10 10 10 8 8 10
left_child=1 2 4 -4 7 8 10 -1 -6 -7 -2 -9 -5 -3
right_child=6 13 3 12 5 9 -8 11 -10 -11 -12 -13 -14 -15
leaf_value=-0.0082790687833496444 -0.0071885657403042355 -0.010535110168996019 -0.0032029202321637675 0.031848080946947389 -0.014661431937479333 -0.0044909418191030111 -0.0070838728006582035 0.00093221297275718586 0.0036734819318491778 0.010507152949963825 0.015928396833708284 0.01627473037314036 -0.0030175180244300542 0.0067356333918397963
leaf_weight=2.2161024800589102 0.55353861057664921 11.209146117558701 1.3505441900488215 1.7856463080970568 8.3446139157313173 3.8919673651107578 1.8251035682042136 3.8876878582668724 2.5888975126435971 3.8703045345901046 8.5933385802200046 4.9069090030097851 0.31617445450683623 1.2125134776579205
leaf_count=312 382 8681 443 253 2882 743 190 953 139 482 584 294 119 105
internal_value=0.00112187 -0.00122497 0.00165879 0.017343 -0.000669396 -0.00480398 0.0101592 0.00616645 -0.010376 0.00333287 0.0139589 0.0102801 0.0273213 -0.00847302
internal_weight=56.5525 45.5805 33.1588 3.45236 29.7065 18.6958 10.972 11.0107 10.9335 7.76227 9.14688 8.7946 2.10182 12.4217
internal_count=16562 15406 6620 815 5805 4246 1156 1559 3021 1225 966 1247 372 8786
is_linear=0
shrinkage=0.02


Tree=352
num_leaves=15
num_cat=0
split_feature=52 58 1 38 42 80 40 8 17 4 48 55 19 16
split_gain=2.23298 3.91408 3.01943 2.56925 2.65663 2.00684 1.99259 1.61886 1.39627 1.38147 1.23905 1.22418 1.20888 1.20347
threshold=0.0032924527832535609 0.0092887415954236736 0.27540571031849354 0.053513828676821237 0.03985696498982446 0.04158333333333334 0.027613746048807723 0.72816170014538095 0.1102651690597499 0.027079404986381735 6.4979325380451067 0.0038099204908719282 -0.10655983493743675 0.0085257778829674353
decision_type=8 10 10 10 10 8 8 10 10 10 10 10 10 10
left_child=2 7 8 4 6 -4 -3 10 -1 -6 -2 -8 -7 -5
right_child=1 3 5 13 9 12 11 -9 -10 -11 -12 -13 -14 -15
leaf_value=-0.01424583168407878 -0.01328797950061222 -0.0080432157494250926 0.016340640350706825 0.0021669825536508969 -0.0037871559218893942 0.0094069350844134796 -0.0029929865244346871 0.0021083289974386157 0.010603997642031531 0.018671897958165408 0.0083780593022713245 0.01517862187384725 -0.010887808484476928 0.020727277556141264
leaf_weight=2.3811815518274666 11.811346110262093 11.242971678904725 8.8695397539413499 2.4406961868953649 1.1186448947119054 1.1557689388282599 2.3678923995757968 4.0615355307818382 0.42281510133761901 2.873297608923167 0.4897172181663344 2.034511611025664 1.6227928117441486 3.3429528083070181
leaf_count=2611 5994 2424 1224 255 103 105 419 1933 17 280 24 111 756 212
internal_value=0.0012599 -0.00111739 0.00776057 0.00375756 8.74612e-05 0.0120965 -0.00375439 -0.00847135 -0.00869617 0.0128804 -0.0118604 0.00665993 -0.00219059 0.0143689
internal_weight=56.2357 41.7836 14.4521 25.421 19.6373 11.6481 15.6454 16.3626 2.804 3.99194 12.3011 4.4024 2.77856 5.78365
internal_count=16468 11755 4713 3804 3337 2085 2954 7951 2628 383 6018 530 861 467
is_linear=0
shrinkage=0.02


Tree=353
num_leaves=15
num_cat=0
split_feature=59 29 56 61 46 25 84 80 18 78 80 39 85 83
split_gain=2.81552 2.56179 2.08799 1.76895 1.74776 1.84504 1.80047 1.85888 1.28695 1.23501 1.17198 1.16413 1.13043 1.11856
threshold=0.0062334897772873448 -0.046876305387196289 0.0051199250325211073 0.36927078123437035 -0.009051654297656711 0.54736645244727644 0.3028452976915435 0.03358333333333334 0.02139475624147447 0.18774413786215066 0.051833333333333335 0.023953160377406562 0.48612350158504336 0.65928022353727811
decision_type=10 10 10 8 10 8 10 10 10 10 8 10 10 10
left_child=1 12 -2 -4 -3 6 7 8 9 11 -8 -6 -1 -9
right_child=2 4 3 -5 5 -7 10 13 -10 -11 -12 -13 -14 -15
leaf_value=-0.013301809741407641 -0.0035503230647804078 -0.011004544067352733 0.018479186560562605 -0.0047017968020207843 -0.0015759720739966278 -0.010269455683017983 0.012798230432522152 -0.01269164521780561 -0.0064039856736934136 0.015339215869451406 -0.0010075809003075151 0.015993866044000098 0.0069107702683418237 0.0072908667635997581
leaf_weight=6.2217476325022281 2.7812933378299922 2.9078022893372681 7.1742173219972729 1.1479983693570837 6.9676910876150959 2.8017432673368594 10.398775619629301 4.2132294433977213 2.821581836193217 3.5987131708243396 2.9592906626639897 0.87801075345487323 0.66950098099187005 0.72341340937418852
leaf_count=3898 517 1898 584 74 1368 633 456 3984 2231 407 299 81 36 21
internal_value=0.00196981 -0.000319044 0.0105365 0.0151202 0.00177736 0.00310212 0.00452442 0.000492402 0.00416266 0.00707309 0.00988259 0.00197608 -0.0107112 -0.00902855
internal_weight=56.265 45.1615 11.1035 8.32222 38.2703 35.3624 32.5607 19.2026 14.266 11.4444 13.3581 7.8457 6.89125 4.93664
internal_count=16487 15312 1175 658 11378 9480 8847 8092 4087 1856 755 1449 3934 4005
is_linear=0
shrinkage=0.02


Tree=354
num_leaves=15
num_cat=0
split_feature=60 85 48 21 48 19 19 18 24 40 83 21 36 68
split_gain=1.9852 2.23563 2.54858 2.18859 2.17446 2.39909 2.10749 1.78099 1.72922 1.56967 1.49538 1.34521 1.48519 1.33469
threshold=0.62196680186622288 0.29764828562403445 0.11901698817167673 -0.0074979801012386603 -0.053231072688012963 -0.06453459359499629 -0.084382445983112384 -0.002510057228640505 0.29166666666666669 0.011532068329790113 0.83283295175689331 -0.033968917467780274 0.017204164905199364 0.57381706408345756
decision_type=8 10 10 10 10 10 10 10 8 10 10 10 10 10
left_child=1 2 4 6 5 9 -4 -5 -7 -1 -2 -6 -13 -3
right_child=10 13 3 7 11 8 -8 -9 -10 -11 -12 12 -14 -15
leaf_value=0.014594844037150929 -0.012274071103587518 -0.0051905608643751724 0.0014653035960399108 -0.0098828506386828534 -0.00523174725823975 -0.012615864691105733 -0.013617866101167915 0.014524664889975303 0.0081951071763195753 -0.0081410357702206126 0.0085083690914384089 0.01830545527376632 -0.0053224363738764323 0.011939001357225055
leaf_weight=3.6633137873286588 5.418741720262914 1.5549360825680185 5.4961307107005277 0.93536616163328323 1.0038708057982146 5.311182713441668 9.3399128817691235 2.7257327714760313 1.369284283777233 0.91877224677591574 1.0022253862116484 6.273522788644188 0.79284806062059932 11.27165592915844
leaf_count=492 1224 52 526 157 306 5112 4953 424 152 269 41 1243 733 788
internal_value=0.00138702 0.0027548 0.000233157 -0.00493922 0.00518149 -0.000633224 -0.0082905 0.0075064 -0.00783865 0.00939426 -0.0083208 0.0124715 0.0153232 0.00963721
internal_weight=57.0775 50.6565 37.8299 18.4971 19.3328 11.2626 14.836 3.6611 6.68047 4.58209 6.42097 8.07024 7.06637 12.8266
internal_count=16472 15207 14367 6060 8307 6025 5479 581 5264 761 1265 2282 1976 840
is_linear=0
shrinkage=0.02


Tree=355
num_leaves=15
num_cat=0
split_feature=29 62 72 85 18 57 8 46 53 18 65 72 20 63
split_gain=2.10916 2.00831 3.37465 2.003 1.80798 2.06344 2.00339 1.85101 1.78218 1.58144 1.64299 1.46711 1.3137 1.29472
threshold=-0.046876305387196289 0.23250514403292186 0.13597112469559172 0.44386905409445288 0.025259703943144144 -0.01035001071043693 0.23079939465938407 0.070435342054426212 -0.04552528521359786 0.016254016242230832 1.4818121693121695 0.11556079664570232 0.16627441465889134 0.14926715344142596
decision_type=10 10 10 10 10 10 10 10 8 10 10 10 10 8
left_child=3 4 12 -1 6 -6 8 -7 -2 10 -8 -11 -3 -12
right_child=1 2 -4 -5 5 7 9 -9 -10 11 13 -13 -14 -15
leaf_value=-0.010156677504488412 0.010972718258174582 -0.016299120910741181 0.007021880256769736 0.010778796110302215 0.015129313008948781 -0.011958192340170891 0.01552225397770962 0.011101838787722012 -0.0073552232453218012 0.0034311543217736057 0.0072895785530212665 0.029767289554856503 0.0072150801787641584 -0.0060721010231109124
leaf_weight=7.390545306450802 2.3971571751462761 4.8692277223599358 5.9124545847880654 1.4588821645593268 1.1679021830059353 5.0762140630977219 6.5084276750421912 0.95455503971606948 4.6601085581205579 1.5209102524240727 7.8841844884154826 2.3468212964216946 0.54364046931732435 3.4166354271728787
leaf_count=4120 228 1247 1269 155 295 4083 851 262 969 467 1409 283 36 809
internal_value=0.00254861 0.00423268 -0.00291979 -0.00596139 0.00650501 -0.0022153 0.0086907 -0.00724834 -0.000540545 0.0115874 0.00821359 0.0222435 -0.0131806 0.00308465
internal_weight=56.1077 47.2582 11.3253 8.84943 35.9329 7.19867 28.7342 6.03077 7.05727 21.677 17.8092 3.86773 5.41287 11.3008
internal_count=16483 12208 2552 4275 9656 4640 5016 4345 1197 3819 3069 750 1283 2218
is_linear=0
shrinkage=0.02


Tree=356
num_leaves=15
num_cat=0
split_feature=53 42 14 38 35 77 78 23 49 14 83 83 58 15
split_gain=2.49487 3.42965 2.49726 2.4736 2.43068 2.14837 1.96332 1.95961 1.82661 1.699 1.64737 1.4653 1.41021 1.3778
threshold=-0.058491280185165424 0.021245285245036803 0.09279157320579319 0.065685975754860182 -0.039325249247176196 -84.901235441962527 0.13111895592640141 909.16666666666686 -0.43266800028296276 0.015259208000243179 0.7942264038768031 0.64336226025266263 0.014747473236803364 -0.0020856907780038253
decision_type=8 10 10 10 10 10 10 8 10 8 10 10 10 10
left_child=8 2 3 7 10 6 -6 9 -1 -2 -3 -11 -5 -10
right_child=1 4 -4 12 5 -7 -8 -9 13 11 -12 -13 -14 -15
leaf_value=-0.0020943156710734479 -0.013383464879937343 -0.011756186303371418 0.011315285853280463 -0.0076509474467257041 0.0066207586129166498 0.0045200960125697165 0.035866056391307855 0.0081064874924503625 -0.0052973037680702287 -0.0095892702954467109 0.0096963446613076709 0.0060485323489827339 0.017124564341063651 0.018416018353649116
leaf_weight=2.9586782637779834 14.849901969835633 3.0217179425526401 2.8905037728836751 0.66684852704929598 2.4306211033108407 7.463240972152561 1.3875954851391723 2.0252775099652345 0.68805563003115811 3.6451881107204889 1.3199384617619214 3.9951495580899063 1.8569032815867101 6.2350418149871967
leaf_count=803 9061 394 421 411 306 849 109 276 211 2315 145 111 110 788
internal_value=0.00205696 1.63279e-06 -0.00393603 -0.0059118 0.00732814 0.0119368 0.0224869 -0.00791412 0.0106607 -0.00964048 -0.00463997 -0.00165857 0.0102647 0.0156881
internal_weight=55.4347 45.5529 29.9298 27.0393 15.6231 11.2815 3.81822 24.5155 9.88178 22.4902 4.34166 7.64034 2.52375 6.9231
internal_count=16310 14508 12705 12284 1803 1264 415 11763 1802 11487 539 2426 521 999
is_linear=0
shrinkage=0.02


Tree=357
num_leaves=15
num_cat=0
split_feature=59 53 5 29 68 56 15 11 61 87 56 83 61 18
split_gain=2.35732 2.54018 2.30452 2.60527 2.10371 2.04843 1.82412 1.96311 1.78514 1.63671 1.49518 1.41744 1.50352 1.44579
threshold=0.0090544910159062932 -0.062235359661856136 0.59683670917729448 0.015515281269957675 0.67157767165906967 0.0051199250325211073 -0.0019933001952729692 -1.5426957370240164 0.29877295995182179 0.052117816823699183 -8.3325588591087239e-05 0.65928022353727811 0.24186519190773306 -0.00049477302529715706
decision_type=10 8 10 10 10 10 10 8 10 10 10 10 10 10
left_child=1 -1 3 11 -5 -2 -4 -8 -7 -6 -9 -3 -13 -14
right_child=5 2 6 4 9 8 7 10 -10 -11 -12 12 13 -15
leaf_value=0.0089299882019323405 -0.005872992683758349 -0.013794459434326412 -0.0093262474862404257 0.012609073635071256 -0.013467524106295566 0.019069206491675237 -0.0071391115445232538 0.021326562163950707 -0.0025332347847344663 0.0066096771489356975 0.0028167456222531763 0.0075044622105168227 0.0041051284855773045 -0.015720254781596308
leaf_weight=7.4512624686904019 2.0928407339379174 12.421210877626441 2.1212266001966773 3.7350411777879327 2.8267180072725751 5.4237619245541282 1.8341653480456441 3.1677922597009456 1.726405036402866 2.014474606141448 3.6112640628853097 2.8084814134053877 1.8043574577895922 2.9405697884212714
leaf_count=1367 289 9295 988 328 1011 352 1171 369 132 90 744 115 67 138
internal_value=0.000816539 -0.00106625 -0.00313685 -0.00605395 0.00293359 0.00951138 0.00447662 0.00849247 0.0141825 -0.00541186 0.0130959 -0.0098687 -0.00255499 -0.00877896
internal_weight=55.9796 46.7366 39.2853 28.5509 8.57623 9.24301 10.7344 8.61322 7.15017 4.84119 6.77906 19.9746 7.55341 4.74493
internal_count=16456 15683 14316 11044 1429 773 3272 2284 484 1101 1113 9615 320 205
is_linear=0
shrinkage=0.02


Tree=358
num_leaves=15
num_cat=0
split_feature=60 77 1 15 49 39 84 54 70 64 42 46 20 17
split_gain=2.93669 3.02494 2.52766 2.8342 2.5686 2.47154 2.17694 2.15283 1.58105 1.7222 1.56588 1.39971 1.1983 1.14126
threshold=0.48694173143499103 -83.863211783005383 0.24110309017223913 -0.00038517996684910531 -0.55694020683145107 0.026794998860161592 0.63533142302484602 -0.0020146587398905086 0.20053838238917152 2.0275875190258756 0.027167474311598855 -0.009051654297656711 0.076701213102412749 0.034408761284593761
decision_type=8 10 10 10 10 10 10 8 10 10 10 10 8 10
left_child=1 8 -3 10 -5 6 7 -2 -1 -10 -4 -11 -12 -6
right_child=5 2 3 4 13 -7 -8 -9 9 11 12 -13 -14 -15
leaf_value=-0.0069722651562973276 0.0011471638392349995 -0.01096203227741992 -0.0089240492903993867 -0.0061482694789112922 -0.0065267308629652233 0.014323948268330642 0.0098725769239124805 -0.014956409159788076 -0.0014404917000524647 -0.0017971456147040307 -0.0076048296887433302 0.021090229558145497 0.013051584379597707 0.015469123328647716
leaf_weight=0.85609849086904333 4.7321265061036684 4.4156288258382146 6.6106450273073296 2.6113370474486155 0.49122425842506068 1.5466822409362055 1.8312257700599719 9.1641295695881144 1.9097145912819531 1.0418747125368089 0.93279071821598336 8.0870506765204464 2.1930612215073784 10.203876929983378
leaf_count=571 973 4446 2267 928 582 124 123 2448 518 449 126 1381 136 1390
internal_value=0.00227153 0.0052515 0.00144314 0.00417736 0.00988211 -0.00443321 -0.00702387 -0.00976374 0.0132493 0.0152664 -0.00381333 0.0185586 0.00653828 0.0139872
internal_weight=56.6275 39.3533 27.4586 23.0429 13.3064 17.2742 15.7275 13.8963 11.8947 11.0386 9.7365 9.12893 3.12585 10.6951
internal_count=16462 12794 9875 5429 2900 3668 3544 3421 2919 2348 2529 1830 262 1972
is_linear=0
shrinkage=0.02


Tree=359
num_leaves=15
num_cat=0
split_feature=72 63 29 79 14 83 80 3 58 59 45 59 80 37
split_gain=2.29878 3.57869 2.31044 1.91578 1.96153 1.8233 3.84914 1.93976 1.57114 1.49049 1.44867 1.18774 1.1777 1.04244
threshold=0.11556079664570232 0.11044476413115149 -0.046876305387196289 0.084628544522631716 0.09279157320579319 0.34717686644431922 0.016750000000000004 0.093095478838653781 -0.0030665183405284794 -0.0011647946788696964 -0.01260036473393966 0.0015144796291650449 0.057166666666666678 -0.010124969828500408
decision_type=10 8 10 10 10 10 10 10 10 10 10 10 8 8
left_child=1 13 11 4 -3 6 7 -4 -7 -5 12 -2 -10 -1
right_child=2 3 5 9 -6 8 -8 -9 10 -11 -12 -13 -14 -15
leaf_value=0.018890883305806766 -0.011235991451935655 -0.0093828123442234665 0.019662263822943952 -0.0074817157276848151 0.0082694081689913077 -0.0074207655611555337 -0.011572000038157722 -0.0086318079451850292 0.018647803808456733 0.018438386204771832 0.00044009846438817336 0.005042469871316525 -0.0014981600271921905 -0.0020236766510447215
leaf_weight=2.6587403919693315 3.4047478366555906 18.375332299416193 2.9161162940145036 0.72927080305817105 2.1099716164899283 0.89516781466954931 4.0795560508850031 0.65303715641493898 10.702220403501993 1.355888114820117 2.6874419997038759 2.2604354336945107 1.1306422469206161 1.0471869462635397
leaf_count=748 1746 6711 328 415 290 177 3795 87 639 119 356 381 209 510
internal_value=0.00201559 -0.0022218 0.00583555 -0.00532771 -0.00726438 0.00858281 0.000456761 0.0137292 0.0123413 0.00988632 0.0139592 -0.00495876 0.0167561 0.0138068
internal_weight=55.0058 26.2764 28.7294 22.5705 20.4853 23.0642 7.64871 3.56915 15.4155 2.08516 14.5203 5.66518 11.8329 3.70593
internal_count=16511 8793 7718 7535 7001 5591 4210 415 1381 534 1204 2127 848 1258
is_linear=0
shrinkage=0.02


Tree=360
num_leaves=15
num_cat=0
split_feature=63 72 1 2 7 82 53 53 33 82 35 9 70 76
split_gain=2.14734 2.13541 2.49261 2.00919 2.43836 1.83922 1.75367 2.07636 1.739 1.62876 1.34868 1.30284 1.21273 1.15804
threshold=0.11044476413115149 0.11556079664570232 0.26193474871056738 0.25048262548262551 315.30738127177705 0.21783333333333335 0.040730442123184669 -0.042249373478503813 -0.0049764680818741363 0.11258333333333335 -0.010845228653266091 43.377030382152867 0.2108967223252938 18.375505601055668
decision_type=8 10 10 10 8 10 10 8 10 8 10 8 10 10
left_child=8 6 -3 12 5 11 7 10 -1 -9 -2 -5 -4 -6
right_child=1 2 3 4 13 -7 -8 9 -10 -11 -12 -13 -14 -15
leaf_value=0.017547118628103913 0.0067125669567523975 -0.010200893010799319 -0.0046691231187237468 -0.0091655659078528004 -0.0042915853517315264 0.010806470881587772 0.011299813428854149 0.0039487094107821929 -0.0058589560786637034 -0.012970620320544314 -0.010575743701558993 0.0039012897811937894 0.022582766213737289 0.016984978608336046
leaf_weight=4.2383306220872328 5.9878857126896037 3.3898489651910522 0.42191637237556578 7.6150210133200753 0.82114295971405127 3.0446848138672058 1.7274304143502366 2.2818523906316885 1.1314735734922567 11.843382517938153 1.4666121884656602 4.020550861081575 2.8675902756513096 4.6924828782357508
leaf_count=1064 1094 2768 244 1854 148 499 133 308 723 5377 650 724 511 408
internal_value=0.00153082 0.00013948 0.00391509 0.00628617 0.00345406 -0.0009991 -0.00419579 -0.0058817 0.0124697 -0.010157 0.00246264 -0.00469903 0.0188138 0.0136439
internal_weight=55.5502 50.1804 26.8732 23.4834 20.1939 14.6803 23.3072 21.5797 5.3698 14.1252 7.4545 11.6356 3.28951 5.51363
internal_count=16505 14718 7156 4388 3633 3077 7562 7429 1787 5685 1744 2578 755 556
is_linear=0
shrinkage=0.02


Tree=361
num_leaves=15
num_cat=0
split_feature=60 72 39 57 36 87 67 85 82 10 85 27 39 1
split_gain=2.85311 2.35481 2.12978 2.12894 2.30536 2.36676 2.04156 1.44997 1.42072 1.3597 1.35956 1.221 1.03999 1.01884
threshold=0.40981999357119903 0.11556079664570232 0.012846877717035176 -0.0082301584868035692 0.0035848450597669728 0.040956108470785575 0.25031017369727054 0.18771964974596775 0.14358333333333337 0.82858837988302303 0.66975120191510407 -0.004884381360937994 -0.026227622156081442 0.34277688603531303
decision_type=8 10 10 8 8 8 10 10 8 8 10 10 10 10
left_child=3 8 7 6 11 13 9 -3 -2 -1 -10 12 -5 -6
right_child=1 2 -4 4 5 -7 -8 -9 10 -11 -12 -13 -14 -15
leaf_value=0.026538425856391157 0.00042451263944979703 -0.010233805876878395 0.0164412525124275 -0.0027477617185583765 -0.013956255104779261 0.009207536451974304 -0.0041571600072023178 0.0037851428960901773 -0.014521290386034502 -0.0031265362885145743 0.0078736494287065355 -0.0023248349808101623 0.014098218484763067 0.0012356772582337373
leaf_weight=3.2363856764277443 5.0128411571640763 3.5486655792337825 2.5872141850995822 1.3882712791819347 4.9392192343802934 3.0610344643355356 1.1172987005265893 7.4587877355515957 8.7178771953913365 0.49440043665526934 0.59094133041799146 2.8459248086728612 8.4525490554515255 2.2960274186480092
leaf_count=658 745 1683 261 380 4685 260 425 533 2490 187 56 1878 1864 302
internal_value=0.00165114 -0.00282163 0.00304535 0.00607986 0.00318293 -0.00366707 0.0169205 -0.00121028 -0.00822607 0.0227773 -0.0124737 0.00860399 0.0116875 -0.00957062
internal_weight=55.7474 27.9163 13.5947 27.8311 22.983 10.2963 4.84808 11.0075 14.3217 3.73079 9.30882 12.6867 9.84082 7.23525
internal_count=16407 5768 2477 10639 9369 5247 1270 2216 3291 845 2546 4122 2244 4987
is_linear=0
shrinkage=0.02


Tree=362
num_leaves=15
num_cat=0
split_feature=39 16 16 39 20 79 83 81 19 70 52 85 65 47
split_gain=1.86075 2.76755 2.72055 2.56736 2.28928 2.75124 1.92948 1.85401 1.67756 1.51624 1.40335 1.68109 1.45094 1.32747
threshold=0.014322037828622238 0.022698281453816586 -0.021131352779915177 -0.0050754165810503625 0.12176976745203409 0.19019036519036522 0.83283295175689331 0.16358333333333336 -0.1201997872461376 0.45747032676029703 0.0094959087208600235 0.22995182721818758 2.0940448113207553 -0.0054641826776436258
decision_type=10 10 8 10 8 10 10 10 10 10 8 10 10 8
left_child=2 -2 3 9 5 6 7 -4 -9 10 12 -12 -1 -6
right_child=1 -3 4 -5 13 -7 -8 8 -10 -11 11 -13 -14 -15
leaf_value=0.020629131152607637 -0.0032755254887631481 0.019361695749922855 0.0062760100908595684 -0.010854214382089307 0.011490494963749069 0.016954803936131441 0.0084785099128096373 0.001876327288664251 -0.014295024231439302 -0.0085019704233473947 -0.0023371951029700733 0.013384489551393831 -0.0027884757122373233 -0.0048789616130929742
leaf_weight=5.4175823707628314 3.2048165237647472 4.3399188431212679 1.9269686782063313 2.2558727273280956 4.6372428905742709 0.97039627435151388 1.7943147361511353 2.7845385024848044 15.458858397498251 1.1348889709624916 5.6276072158507322 3.8570169186277781 1.004441602839506 2.3550454041251241
leaf_count=1024 924 506 356 672 419 118 125 181 8798 365 2092 173 472 336
internal_value=0.00187193 0.010488 0.000368814 0.0060514 -0.00337255 -0.00638017 -0.00810451 -0.00991051 -0.0118575 0.00876687 0.0104289 0.00472298 0.0170843 0.00605653
internal_weight=56.7695 7.54474 49.2248 19.2974 29.9274 22.9351 21.9647 20.1704 18.2434 17.0415 15.9066 9.48462 6.42202 6.99229
internal_count=16561 1430 15131 4798 10333 9578 9460 9335 8979 4126 3761 2265 1496 755
is_linear=0
shrinkage=0.02


Tree=363
num_leaves=15
num_cat=0
split_feature=52 42 51 56 34 78 81 20 65 19 12 22 83 4
split_gain=2.20033 2.4446 2.4227 2.45179 1.91765 1.61877 2.04397 1.84672 1.75437 1.54727 1.37973 1.23909 1.22559 1.21099
threshold=-0.029791159574004685 0.03985696498982446 -0.030123399882235776 0.014855424538373999 0.055098437556126707 0.098168473041569476 0.19516666666666668 0.12787298379089199 2.3761792452830193 -0.015571722690257193 15.528890959925445 0.040505634999773464 0.10045328179940426 0.051376319758672705
decision_type=8 10 10 10 8 10 10 8 8 8 10 8 10 10
left_child=9 2 3 -2 5 7 -7 -4 11 -1 -3 12 -8 -6
right_child=1 10 4 -5 13 6 8 -9 -10 -11 -12 -13 -14 -15
leaf_value=0.018568544204087382 -0.016440861650162515 -0.0053826552771309918 -0.0048588864245200257 0.0055446009020255135 -0.013494864110531571 -0.0067249774348217516 -0.003618763566780443 0.012575980336371265 -0.0081672000512326946 -0.0074235462739760585 0.014339713952538247 0.0026972562182617007 0.01997324312502028 0.00273631441083614
leaf_weight=3.3817064729519188 6.2596713640814396 1.2451940939354234 12.336691626012916 2.243638189334888 4.3877569349424403 2.6141912489401866 0.68250509060453435 1.986153523641401 1.0795692533138215 0.57629397264099713 5.4963446492620278 3.6456612124165968 6.541475899895886 2.3493328774784459
leaf_count=339 5538 148 4150 534 1436 564 754 126 506 396 464 474 856 171
internal_value=0.00133182 9.0426e-05 -0.00169258 -0.0106669 0.000682357 0.00296231 0.00743925 -0.00177824 0.0108181 0.0140501 0.0104722 0.0132329 0.0175753 -0.00821268
internal_weight=54.8262 50.8682 44.1266 8.50331 35.6233 28.8862 14.5634 14.3228 11.9492 3.958 6.74154 10.8696 7.22398 6.73709
internal_count=16456 15721 15109 6072 9037 7430 3154 4276 2590 735 612 2084 1610 1607
is_linear=0
shrinkage=0.02


Tree=364
num_leaves=15
num_cat=0
split_feature=52 39 20 58 51 53 81 59 14 83 33 53 38 7
split_gain=2.44438 2.36709 2.72335 2.50711 2.43455 2.11352 2.07205 1.78802 1.52139 1.44277 2.21844 1.33799 1.28736 1.03998
threshold=-0.029791159574004685 0.02007964937335999 0.12176976745203409 0.0092887415954236736 0.039576205553387471 -0.027146279824939373 0.1501666666666667 0.00077319429597057416 -0.011072545902366933 0.5924378804093442 -0.0041498972877001125 -0.096812971225652897 0.014216891987189997 58.243319412141268
decision_type=8 10 8 10 10 10 10 10 10 10 10 10 8 10
left_child=8 2 4 -3 6 -6 -2 11 -1 -9 -11 -8 13 -4
right_child=1 3 12 -5 5 -7 7 9 -10 10 -12 -13 -14 -15
leaf_value=-0.0075268607857223091 0.011127873946986604 -0.0091710151783287175 -0.0052723591571414352 0.017118474883949231 0.013075579468318804 -0.0048667933057699973 0.0059713235521254449 -0.011808217983215984 0.017943678460491247 0.014344780493031513 -0.0086051872235333171 -0.014159698762169192 -0.0057301029754384834 0.012289321792611335
leaf_weight=0.58589975381619286 1.2711306747514779 1.292149814806179 1.0376907158642987 4.1633747778832912 3.8980321947019547 4.839657952761625 0.89207281934796157 2.1451311847486059 3.5403253315744223 2.9102178683679085 2.0845016492239665 16.530497696207025 2.1257049612613628 6.9491758921649307
leaf_count=235 209 567 147 363 141 429 71 1526 518 95 51 11352 281 518
internal_value=0.000403791 -0.000923311 -0.00250823 0.0104357 -0.00516207 0.00365838 -0.00817057 -0.00956554 0.0135642 -0.000932436 0.00492909 -0.0128608 0.00621242 0.00967485
internal_weight=54.2656 50.1393 44.6838 5.45552 34.5712 8.73769 25.8336 24.5624 4.12623 7.13985 4.99472 17.4226 10.1126 7.98687
internal_count=16503 15750 14820 930 13874 570 13304 13095 753 1672 146 11423 946 665
is_linear=0
shrinkage=0.02


Tree=365
num_leaves=15
num_cat=0
split_feature=80 87 2 4 11 83 87 17 48 60 53 32 28 66
split_gain=2.27797 2.65159 1.67955 2.02398 1.97463 2.36876 1.93192 1.86723 1.76659 1.3442 1.28947 1.26575 1.22176 1.20165
threshold=0.04158333333333334 0.037386443046820407 0.36794494813362738 0.074179894179894193 -1.5893855996240229 0.085124640035805027 0.10042016806722691 0.090713166144200649 0.09203571950098878 0.40537530849334863 0.028913273235733509 0.030592855369188165 0.15817642397199355 0.19374389051808408
decision_type=8 10 10 8 10 10 10 10 10 10 10 10 10 10
left_child=2 -2 4 6 7 -6 10 13 11 -9 12 -7 -4 -1
right_child=1 -3 3 -5 5 8 -8 9 -10 -11 -12 -13 -14 -15
leaf_value=0.010359025197530536 -0.010342810029803109 0.0078344129164653054 -0.01403522112719594 0.010203749000486949 -0.0074039167003623375 0.021604981093646253 0.011582775767397937 0.015151966981810939 0.0038817620194519288 -0.0061342096310203044 0.003105360359586147 -0.0027699720054789063 0.0047824831346731248 -0.013429096380539999
leaf_weight=0.26994749798905049 11.056396485058938 3.5487577160238279 7.776153795814027 3.5758069537114343 1.871813693112929 6.9939652459288464 1.4894443020457391 2.2082873009785549 5.4640839795756619 1.1903289617475818 2.7691737079439909 0.71699567000905506 1.1297265412285922 3.6162364500341937
leaf_count=89 6186 320 1626 249 1429 667 128 139 1043 310 214 240 35 3856
internal_value=0.000791957 -0.0057071 0.00330311 -0.00145207 0.00677715 0.0107051 -0.00511494 -0.00164887 0.0136187 0.00799704 -0.00799091 0.0192807 -0.0114063 -0.00999481
internal_weight=53.6771 14.6052 39.072 16.7403 22.3317 15.0469 13.1645 7.2848 13.175 3.39862 11.6751 7.71096 8.90588 3.88618
internal_count=16531 6506 10025 2252 7773 3379 2003 4394 1950 449 1875 907 1661 3945
is_linear=0
shrinkage=0.02


Tree=366
num_leaves=15
num_cat=0
split_feature=29 80 68 38 83 41 82 41 83 22 73 85 60 67
split_gain=2.62141 2.01731 2.30395 1.97425 1.87446 3.15412 1.76644 1.5883 1.53977 1.41214 2.00052 1.91658 1.37924 1.27085
threshold=-0.046876305387196289 0.052166666666666674 0.57381706408345756 0.071693072557481433 0.22968822570177908 -0.0086759195623208919 0.15858333333333338 0.02461310485956613 0.81459352053955747 1.0000000180025095e-35 0.082021680127284044 0.1842114924113106 0.40981999357119903 0.20848321342925663
decision_type=10 10 10 10 10 10 10 10 10 8 10 10 10 10
left_child=3 2 -2 7 5 -4 13 -1 -3 12 11 -11 -6 -7
right_child=1 8 4 -5 9 6 -8 -9 -10 10 -12 -13 -14 -15
leaf_value=-0.014086934976712623 -0.012137782724376727 -0.011092320949081304 -0.014788272259002439 0.010023427272597267 0.022099440703081931 0.017418129237397648 -0.009058448442948076 0.0086291122833999766 0.008757476130505034 -0.001822208941520826 -0.00024528129906805469 0.01671212759292437 0.00039140310583708857 0.00042705412157458873
leaf_weight=6.8582647683651867 1.7950517116987601 4.5631464970938387 2.981508128257695 1.4032042388134867 4.7875979276141152 3.6154564644384699 1.496574690507259 0.76867108614533197 1.3309766725869847 2.7395583588950156 9.321891308311022 7.8509105475532124 1.5133960661914896 2.9300699123705272
leaf_count=3922 266 2346 3300 242 315 700 1670 78 155 563 1146 404 218 1067
internal_value=0.00221022 0.00419834 0.00584803 -0.00711341 0.00700982 4.79266e-05 0.00657545 -0.0110627 -0.00598985 0.00982819 0.0066263 0.0121741 0.0176533 0.0108768
internal_weight=53.9563 44.9261 39.032 9.03014 37.237 11.0236 8.0421 7.62694 5.89412 26.2134 19.9124 10.5905 6.30099 6.54553
internal_count=16392 12150 9649 4242 9383 6737 3437 4000 2501 2646 2113 967 533 1767
is_linear=0
shrinkage=0.02


Tree=367
num_leaves=15
num_cat=0
split_feature=50 62 72 58 54 56 35 83 56 83 73 3 9 76
split_gain=2.07261 1.96254 2.50462 1.61868 2.48399 1.78042 1.6457 1.44732 1.44611 1.55155 1.38944 1.32928 1.22913 1.15331
threshold=0.0080953393902406124 0.23023051457064622 0.13718052694662355 0.012661822690226927 -0.0020146587398905086 -0.0013802597244650658 -0.042747205710553925 0.34717686644431922 -0.0020615536185273663 0.65928022353727811 0.085736162765259263 0.069883720930232582 3.1662489557226405 186.56823271956372
decision_type=10 10 8 8 10 10 10 10 10 10 10 10 10 10
left_child=13 3 -3 4 -2 -5 -7 -4 -6 12 -8 -11 -10 -1
right_child=1 2 7 5 8 6 10 -9 9 11 -12 -13 -14 -15
leaf_value=-0.012143903082466694 0.012334752168070368 -0.010941038950037412 -0.0081199320310366609 -0.0082600572746315184 0.00852373394217666 0.00081148237249179943 0.020560404303611567 0.010475735605225219 0.0081940943657153147 0.012027314379182743 0.0054498486185307546 -0.0057313047562837817 -0.013745871407029825 0.0082385886122458216
leaf_weight=4.5623735974368165 5.263992531457915 6.5176708521321389 1.5057125677994925 1.2436157712654701 2.745538381219375 4.1803367916436445 7.2606363399390759 4.8318005499022547 0.51474378808052801 2.105297859874554 4.7872680097352713 2.7820410788990557 6.3092896447196836 0.64174998331873201
leaf_count=4973 987 1392 831 441 809 409 746 368 108 47 561 105 4431 233
internal_value=0.00228129 0.00357215 -0.00299563 0.00586121 0.00177611 0.0101264 0.0119331 0.00555313 -0.00261775 -0.00569476 0.015434 0.00266205 -0.0112551 -0.00870763
internal_weight=55.2521 50.0479 12.8552 37.1928 19.7209 17.4719 16.2282 6.33751 14.4569 11.7114 12.0479 4.88734 6.82403 5.20412
internal_count=16441 11235 2591 8644 6487 2157 1716 1199 5500 4691 1307 152 4539 5206
is_linear=0
shrinkage=0.02


Tree=368
num_leaves=15
num_cat=0
split_feature=80 60 87 84 57 30 81 59 82 77 33 76 14 37
split_gain=2.45795 2.07362 2.07241 1.8004 4.00813 2.31669 2.02538 1.98611 1.82741 1.59637 1.3768 1.30592 1.29373 1.291
threshold=0.052583333333333336 0.58974150808599091 0.037855266300453792 0.31637577525166211 -0.0082301584868035692 0.005061918115593326 0.19516666666666668 0.0062334897772873448 0.14516666666666669 25.617217169741433 -0.0033813008458078923 7.8144385856079408 -0.009357885528708183 -0.014322514838012383
decision_type=8 10 10 10 10 10 10 10 8 10 10 10 10 8
left_child=1 3 -2 4 6 8 -1 -7 9 10 12 -8 -6 -13
right_child=2 -3 -4 -5 5 7 11 -9 -10 -11 -12 13 -14 -15
leaf_value=-0.0066543377836393181 -0.013246912963679582 -0.0068951999103652115 0.0094149202814038466 0.010862483905906255 -0.0027962507096239305 -0.014283609350048274 -0.0032716282936494021 0.0073591330924033804 -0.0064174136347191438 -0.0097111028338118573 -0.0024213136842779681 0.0020216053141876781 0.021130723423020848 0.027170526806482902
leaf_weight=0.98616354471596324 5.6149771692871573 5.4507083263306404 1.3453278654487801 14.289328110578934 0.84720569972705551 6.7591953670780622 0.66214151523308817 1.4957515399437395 4.0761597407690724 0.81580110841605336 1.6406465958280065 1.2055146501079432 3.8421060178370681 3.5020304061472416
leaf_count=388 3449 1209 172 796 290 4432 392 207 2889 223 533 422 362 594
internal_value=0.00209715 0.00381798 -0.00823423 0.00540569 0.00209494 -0.00253525 0.0146994 -0.00999063 0.00331772 0.00897703 0.0123818 0.0190501 0.0170762 0.0222129
internal_weight=52.5331 45.5728 6.96031 40.122 25.8327 19.4769 6.35585 8.25495 11.2219 7.14576 6.32996 5.36969 4.68931 4.70755
internal_count=16358 12737 3621 11528 10732 8936 1796 4639 4297 1408 1185 1408 652 1016
is_linear=0
shrinkage=0.02


Tree=369
num_leaves=15
num_cat=0
split_feature=61 59 38 4 16 76 55 87 34 77 27 43 9 85
split_gain=1.95452 2.1752 1.9815 2.29461 2.0077 1.92809 1.91122 1.88396 1.60366 1.48642 1.47891 1.49378 1.36367 1.32403
threshold=0.33770062655566052 -0.00020281480825046669 1.0000000180025095e-35 0.074179894179894193 0.001175974887318493 91.957056101792958 0.0067337409772419013 0.024490203918432631 0.11159364969880302 -12.064882734950706 0.0042742456854439901 -4.760304814400114e-05 36.443479478918618 0.22995182721818758
decision_type=8 8 10 10 8 8 10 10 10 10 10 10 10 10
left_child=1 2 4 7 10 13 8 -4 -2 -7 11 -1 -9 -3
right_child=6 5 3 -5 -6 9 -8 12 -10 -11 -12 -13 -14 -15
leaf_value=0.015509273913678508 -0.01312684552880819 -0.0049634674270054276 -0.014305079667544421 0.012644986501968183 -0.0047899448633881968 0.023141764472927401 0.011687952726417932 -0.0079976471897908082 0.0088221084666714744 0.00027347561899535114 -0.0053508930134531698 -0.0060277194759308554 0.0083135180330279265 0.0088546626454930489
leaf_weight=7.829030195673111 7.0481329204485501 3.9423896533116913 6.9341624665830732 1.6604441160743579 4.9733572231489243 3.9249540346354479 1.1096036483359055 3.0269947386696003 0.87081464345101256 1.5095404692547152 1.6188649112154969 0.96498199093912251 3.1782492295023985 5.582566572673386
leaf_count=1536 1406 1601 6294 53 2142 406 146 184 87 344 1571 182 122 384
internal_value=0.00161421 0.00332746 0.000164628 -0.00489423 0.00503241 0.00929941 -0.00643015 -0.00784823 -0.00999468 0.0178193 0.00973236 0.0127718 0.000351059 0.00320714
internal_weight=54.1741 45.1455 30.1861 14.7999 15.3862 14.9595 9.02855 13.1394 7.91895 5.43449 10.4129 8.79401 6.20524 9.52496
internal_count=16458 14819 12084 6653 5431 2735 1639 6600 1493 750 3289 1718 306 1985
is_linear=0
shrinkage=0.02


Tree=370
num_leaves=15
num_cat=0
split_feature=8 66 70 50 37 19 52 19 41 84 20 52 35 52
split_gain=2.32358 2.53193 2.43337 1.9338 1.90792 1.82492 1.68459 1.63588 1.62159 1.37544 1.43392 1.00369 1.01826 0.998054
threshold=0.23079939465938407 0.29401222854733294 0.36806325449618138 1.0000000180025095e-35 0.012323951829941473 -0.085882889932294024 -0.014346967722183994 -0.1201997872461376 0.0048197282612274977 0.27283995003529843 0.15588761521334663 0.072561881387141328 0.0093102501050908188 0.10800294876412077
decision_type=10 10 10 10 10 10 8 10 10 8 8 8 8 10
left_child=6 7 3 -3 11 -4 -1 -2 -8 10 -9 12 -5 -7
right_child=1 2 5 4 -6 13 8 9 -10 -11 -12 -13 -14 -15
leaf_value=0.0076601909564341175 0.0096779484929762453 -0.0096455533129849152 0.0080279211237374564 0.018043603165900361 -0.0080391047666070071 -0.013496199393555791 -0.01241173109253005 -0.015752594246077636 0.0074075127464272887 0.0010993740778807192 0.0052253605501807587 0.0024505805747320388 -0.0041749187876186393 0.0071212839588579218
leaf_weight=2.2017228107724804 2.6384612255205857 0.9138568060589084 3.207952689830563 12.874934139748794 0.97480612038634618 3.4480977488128697 8.3005702505615755 4.8919691812770889 1.3109557704010502 6.3119674228655649 1.1424981784075487 2.6319825489918065 0.51931080265786178 0.51767401400138613
leaf_count=535 230 1088 229 2809 254 1193 3564 5034 239 534 68 371 175 28
internal_value=0.00172015 0.00401146 0.00778623 0.0115557 0.0131679 -0.00188941 -0.00575903 -0.00240021 -0.00926518 -0.00551307 -0.0116027 0.0148542 0.016952 -0.00991278
internal_weight=51.8868 40.0735 25.0886 17.9149 17.001 7.17372 11.8132 14.9849 9.61153 12.3464 6.03447 16.0262 13.3942 3.96577
internal_count=16351 12013 6147 4697 3609 1450 4338 5866 3803 5636 5102 3355 2984 1221
is_linear=0
shrinkage=0.02


Tree=371
num_leaves=15
num_cat=0
split_feature=60 83 32 21 71 51 37 48 39 52 81 83 18 14
split_gain=2.01366 2.04066 2.23033 2.08372 1.80585 1.74367 1.56506 1.55926 1.77506 1.44073 1.41941 1.24638 1.18301 1.09392
threshold=0.48694173143499103 0.23388122669663378 1.0000000180025095e-35 -0.0074979801012386603 0.13047650838688143 0.029256839182046846 1.0000000180025095e-35 2.7726296842653215 0.02007964937335999 -0.029791159574004685 0.16358333333333336 0.83283295175689331 -0.0088538817847301204 -0.026610910656066755
decision_type=8 10 8 8 10 10 10 10 10 8 8 10 8 10
left_child=1 3 6 9 -5 13 12 8 10 -1 -2 -12 -3 -4
right_child=7 2 5 4 -6 -7 -8 -9 -10 -11 11 -13 -14 -15
leaf_value=0.0088169953183291402 0.006092429270643831 -0.00041264836872065557 0.0059800073848490466 0.018729199233974154 -0.0051171196418298547 0.01035101284591858 -0.0072131938797873555 0.006693255729569623 0.0098705719883818415 -0.013004889038758629 -0.014689778349437315 0.0039881977687411972 0.020045388734687281 -0.0059653001883755597
leaf_weight=0.74413718945288565 1.3619318511191529 1.2757307378342373 3.7312151881487834 1.6272535620519177 1.8130735006561733 6.3244275303150053 0.64273803058313284 3.382726360418018 1.3311499974370224 5.6301917268574471 8.8988986383919819 1.2364000160014263 6.8003270954359287 7.9224854188796625
leaf_count=344 146 135 584 276 802 491 121 292 162 8016 3000 74 557 1516
internal_value=0.00165033 0.00422321 0.00702081 -0.00333208 0.00783986 0.00268112 0.0147726 -0.00405314 -0.00716597 -0.00960723 -0.00977045 -0.0122577 0.0171243 -0.00197038
internal_weight=52.7227 36.5116 26.6969 9.81466 3.44033 17.9781 8.7188 16.2111 12.8284 6.37433 11.4972 10.1353 8.07606 11.6537
internal_count=16516 12842 3404 9438 1078 2591 813 3674 3382 8360 3220 3074 692 2100
is_linear=0
shrinkage=0.02


Tree=372
num_leaves=15
num_cat=0
split_feature=50 78 14 61 50 46 28 87 84 27 50 27 13 23
split_gain=1.85278 1.80877 2.35377 1.92247 1.81071 1.69503 1.65797 1.67004 1.49222 1.38921 1.37406 1.30496 1.12728 1.04233
threshold=0.0093207521394544929 0.098168473041569476 -5.5083008048267815e-06 0.21337836529670545 0.038925313959179149 -0.0048333683816568279 0.1081076872719878 0.083920187793427234 0.11218822680556838 -0.13138879084133598 0.061426131860846063 -0.053963391544781629 1.0000000180025095e-35 204.25724637681162
decision_type=10 10 10 10 8 10 10 10 10 10 8 10 10 8
left_child=-1 6 3 -3 5 -4 7 10 -6 -5 -2 -12 -7 -13
right_child=1 2 4 9 8 12 -8 -9 -10 -11 11 13 -14 -15
leaf_value=-0.0082994941658580505 -0.011406548262527978 0.011034326280080645 -0.0034994769120625675 0.0080904450841309972 -0.0099973819899436475 0.028755710592733998 0.0076912713611452643 0.01147522016525267 0.0091831965722172001 -0.01091773159738773 -0.0099618223239366539 -0.0020495570727063449 -0.0038015953035915435 0.011816387520276191
leaf_weight=5.4787889951840034 7.4378319702664184 2.7506017534615257 0.6583013782656052 1.2511168743658343 1.1327599681389964 3.3502394287788761 6.2659372879716093 1.721915193600579 7.5997085620765574 5.0848544893815415 2.8916354570246767 4.4711938313994377 0.23205090875853773 2.8097251605213387
leaf_count=5397 4398 664 438 156 734 470 471 105 551 1429 418 831 130 216
internal_value=0.00180212 0.00311011 0.00717371 -0.000677624 0.0123279 0.0218691 -0.000529801 -0.00344162 0.00592355 -0.00657313 -0.0054384 -0.000444313 0.0262774 0.00408212
internal_weight=53.1367 47.6579 22.0596 9.08657 12.9731 4.24059 25.5982 19.3323 8.73247 6.33597 17.6104 10.1726 3.58229 7.28092
internal_count=16408 11011 4572 2249 2323 1038 6439 5968 1285 1585 5863 1465 600 1047
is_linear=0
shrinkage=0.02


Tree=373
num_leaves=15
num_cat=0
split_feature=72 38 50 20 53 53 41 30 84 21 75 18 66 40
split_gain=2.69065 1.98175 2.23646 2.32372 2.20875 1.65826 1.60254 1.29384 2.05362 1.83769 1.31346 1.20481 1.15299 1.01142
threshold=0.12794692751543571 0.065685975754860182 0.086732944820734362 0.14893788507570105 -0.075143891513852895 0.0052149736558649582 0.0048197282612274977 0.0067139469284135328 0.46943022722953437 -0.016606180791870231 0.45803989165230247 0.0048812541517938022 0.29936046274797351 -0.0082166726159869398
decision_type=10 10 10 8 10 10 8 8 10 10 10 10 10 10
left_child=1 2 3 4 -1 -4 13 10 9 -9 11 -2 -11 -6
right_child=7 -3 5 -5 6 -7 -8 8 -10 12 -12 -13 -14 -15
leaf_value=0.0064643912503160664 0.010152331228158023 0.010744779370225556 0.0096910995544867758 0.0060024464642917446 -0.0012926536486991278 -0.0078936115927312721 0.0050676830134874654 -0.0111953143092318 0.01259127707043747 -0.0088182110235742427 0.01768932774869475 -0.008058722605509102 0.011762849669569262 -0.01729328745495751
leaf_weight=2.0314011520677111 2.196919213805812 3.0024432357167816 5.6497692815028122 3.4203431527712445 1.9995227692416015 2.285674620536156 1.267822379697473 4.5782318666897481 3.5704050483182073 0.71875357245153493 5.0738783458509715 1.7042081219551617 2.6206750573328463 11.656352008212682
leaf_count=342 222 435 623 286 1283 252 448 1734 252 389 1084 903 488 7781
internal_value=0.00108049 -0.00258756 -0.00431983 -0.00772502 -0.0106743 0.00430955 -0.0132667 0.0065525 0.00180415 -0.0039267 0.0118402 0.00217577 0.00632183 -0.0151985
internal_weight=51.7764 31.3133 28.3109 20.3754 16.9551 7.93544 14.9237 20.4631 11.4881 7.91766 8.97501 3.90113 3.33943 13.6559
internal_count=16522 11450 11015 10140 9854 875 9512 5072 2863 2611 2209 1125 877 9064
is_linear=0
shrinkage=0.02


Tree=374
num_leaves=15
num_cat=0
split_feature=83 15 50 38 16 77 42 28 46 2 26 51 81 79
split_gain=2.71896 2.56664 2.23816 2.11243 2.3449 2.24974 2.22902 2.03227 1.39722 1.37223 1.30982 1.20761 0.895696 0.870392
threshold=0.7764904940749584 -0.0019933001952729692 0.0026480677716757832 1.0000000180025095e-35 0.026339464870408644 -29.57531776021985 0.042235755503659274 -1.0000000180025095e-35 -0.0086052839972337366 0.39840574186991878 -0.064425556551797755 0.060361246282284335 0.28558333333333336 -0.24249649076869981
decision_type=10 10 10 10 10 10 8 8 10 8 8 10 10 8
left_child=1 10 -3 7 6 -6 -5 -4 -9 12 -1 -12 13 -10
right_child=-2 2 3 4 5 -7 -8 8 9 -11 11 -13 -14 -15
leaf_value=0.0034999963689156207 0.0097246205143335859 -0.013789852711542825 -0.010140586479166276 -0.012329742824381434 -0.0080848600949587762 0.016319619307229475 0.014944898158207459 -0.0056258406057931422 0.00054736543233066038 -0.0019923042977970022 -0.013251401267681422 0.0045797100524980735 -0.0051092835505687773 0.018763170010083621
leaf_weight=2.6748583198786946 10.757632194901815 2.1780826766189447 1.2653276804776394 6.8319094037433379 1.6379865596973102 3.0663079729420133 0.54566800015163508 1.2493722096987756 1.2415069306007351 1.832781454606448 9.5115138829278276 1.2692254795110773 0.36601608483761161 8.9397224755230109
leaf_count=331 766 3166 1297 3195 599 474 33 416 122 170 4643 45 194 1071
internal_value=0.00120514 -0.00111941 0.00222918 0.00396922 -0.00217345 0.00789455 -0.00876931 0.00877512 0.0111043 0.013087 -0.0080272 -0.0109416 0.0156529 0.0167895
internal_weight=53.3679 42.6103 29.1547 26.9766 12.0819 4.70429 7.37758 14.8947 13.6294 12.38 13.4556 10.7807 10.5472 10.1812
internal_count=16522 15756 10737 7571 4301 1073 3228 3270 1973 1557 5019 4688 1387 1193
is_linear=0
shrinkage=0.02


Tree=375
num_leaves=15
num_cat=0
split_feature=42 62 55 40 72 56 74 50 82 55 3 44 1 26
split_gain=1.83262 1.9183 2.28485 2.35785 1.70839 1.59468 1.90851 2.52186 1.64175 1.5209 1.1746 1.32413 1.06057 0.94228
threshold=0.045226870039036637 0.23175284419919615 -0.043989820571147455 0.044099441229769124 0.13597112469559172 0.012062669473934418 0.60617990932951582 0.071170989508299795 0.11416666666666668 -0.002190841746305953 0.072501314109784498 0.0065384386602780906 0.30447276361819098 0.037608692087997671
decision_type=10 8 10 8 10 10 10 8 10 10 10 10 10 10
left_child=1 2 -1 5 -3 6 7 -4 -8 -9 -6 -12 -7 -14
right_child=-2 4 3 -5 10 12 8 9 -10 -11 11 -13 13 -15
leaf_value=0.012056420688793036 0.011602164029864033 -0.013811181614576392 -0.015349319274309355 0.015685025074945288 -0.0091112480661389977 -0.0050069518044916798 0.01954289073509877 0.0062113349615923576 -0.0043289048876435478 -0.011152284915373156 -0.0076305222976651198 0.012371107570763457 0.012085698001036361 -0.0059272969392039875
leaf_weight=6.6948398619715546 5.196632005943683 5.5076458917319524 7.9125293285760669 2.3254858193249666 2.1173545055498835 2.3836454167467291 1.1607294494024238 5.1141343216877431 1.8558235569216774 2.0136638654803409 1.1673548286926232 3.037662261078367 4.9236485025467118 0.80200919121853065
leaf_count=1307 496 1870 6962 560 1269 771 116 609 1167 305 212 314 325 170
internal_value=0.00137856 3.04682e-05 0.00238575 -0.000218376 -0.00661488 -0.00215712 -0.00538227 -0.00825629 0.00743531 0.000537378 0.000684111 0.00641925 0.00482678 0.00905642
internal_weight=52.2132 47.0165 35.1865 28.4917 11.83 26.1662 18.0569 15.0403 3.01655 7.1278 6.32237 4.20502 8.1093 5.72566
internal_count=16453 15957 12292 10985 3665 10425 9159 7876 1283 914 1795 526 1266 495
is_linear=0
shrinkage=0.02


Tree=376
num_leaves=15
num_cat=0
split_feature=87 51 40 2 85 57 20 26 2 8 26 40 83 83
split_gain=2.25784 2.40737 2.06395 2.46853 3.04154 1.79168 1.57205 1.39007 1.52788 1.371 1.17883 1.40984 1.12436 1.03751
threshold=0.10042016806722691 -0.022665705859990001 0.044099441229769124 0.25378874856486805 0.22995182721818758 -0.0039257748691813943 0.12176976745203409 -0.069850051311627456 0.35597657289910378 0.59993577572239909 -0.11878534878611467 0.022626533679237611 0.085124640035805027 0.81459352053955747
decision_type=10 10 8 10 10 10 8 10 8 10 10 10 10 10
left_child=1 6 3 5 10 12 -1 -6 -9 -8 -5 -12 -3 -10
right_child=-2 2 -4 4 7 -7 9 8 13 -11 11 -13 -14 -15
leaf_value=-0.011550018731803509 0.01519810140317138 -0.0054192526527027064 0.014159912616911087 0.0077712826030136 0.015346221507024107 -0.0017667188796040181 -0.0086453154117670569 0.0091645447338717136 -0.0094752273967323528 0.012238589045720045 -0.015385255749572982 0.0012863679992937795 0.020395541143002825 0.0056975210376270348
leaf_weight=10.162680271780117 2.6677378349704659 0.36873885858221944 3.6514003781194289 0.67686259443871577 2.0734348511905401 3.0603675688616994 1.3301737767178559 3.6293929275125238 5.0920522683882163 1.8407649431755997 8.4298706494591915 2.3989059917803379 3.4394674559007399 1.7855001885909585
leaf_count=7661 328 507 484 23 94 1992 210 192 336 120 3151 695 543 78
internal_value=6.42243e-05 -0.00107128 0.00173788 -0.000124687 -0.00318658 0.00965286 -0.00797477 0.00351527 4.98085e-05 0.00350565 -0.0102096 -0.0118955 0.0172887 -0.00531296
internal_weight=50.6074 47.9396 34.606 30.9546 24.086 6.86857 13.3336 12.5804 10.5069 3.17094 11.5056 10.8288 3.80821 6.87755
internal_count=16414 16086 8095 7611 4569 3042 7991 700 606 330 3869 3846 1050 414
is_linear=0
shrinkage=0.02


Tree=377
num_leaves=15
num_cat=0
split_feature=15 42 1 23 2 57 85 65 28 17 19 83 67 20
split_gain=1.93474 2.68471 1.97958 1.67594 1.57588 1.55295 1.57308 1.44844 1.41852 1.29722 1.34326 1.07007 0.994059 0.975061
threshold=-0.0004662256331981794 0.013426022378502919 0.26193474871056738 4.5581712727272743 0.17288591849995361 -0.0024974184411896993 0.22995182721818758 1.2669211195928753 0.11643638640302964 0.078168645251396662 -0.0066039975457083946 0.035041787541696907 0.20051546391752581 0.017178097366514534
decision_type=10 10 10 10 10 10 10 8 10 10 8 10 8 8
left_child=1 7 3 12 11 8 -7 -1 -3 13 -11 -4 -2 -6
right_child=2 5 4 -5 9 6 -8 -9 -10 10 -12 -13 -14 -15
leaf_value=0.0032158859655012353 0.016713192685362723 -0.010175449079155297 -0.0044595341520651567 -0.011285221881730801 0.0058744547838404659 -0.0039661897840594122 0.015952943675402523 -0.012459426529457975 0.0069069104173663555 0.0092450424067693146 -0.0089709713306273097 0.022961358297191196 -0.0065038249457431002 -0.010828921379685646
leaf_weight=2.6427006823505517 0.9605739175458462 3.4340352688304847 0.33164529972418977 3.8161082321166759 1.5707244528603013 1.7684618868806845 4.3852712481602794 8.7772072248189943 2.5469944126380142 15.179811561145469 1.0077860945748423 2.6602240919601172 0.50691998461843479 2.3404934235877648
leaf_count=686 315 821 122 3972 792 391 299 5177 153 1403 396 225 501 1153
internal_value=0.00191629 -0.00227218 0.0053523 -0.00499461 0.00782892 0.00413492 0.0104743 -0.00886511 -0.00295365 0.00523721 0.00765501 0.0195661 0.00930771 -0.00429065
internal_weight=51.929 23.5547 28.3743 5.2836 23.0907 12.1348 6.15373 11.4199 5.98103 20.0988 16.1876 2.99187 1.46749 3.91122
internal_count=16406 7527 8879 4788 4091 1664 690 5863 974 3744 1799 347 816 1945
is_linear=0
shrinkage=0.02


Tree=378
num_leaves=15
num_cat=0
split_feature=40 51 53 54 22 49 14 18 43 41 45 32 19 18
split_gain=1.73397 1.92049 2.08662 2.243 2.01365 1.75227 1.74224 1.63293 1.596 1.50797 1.30814 1.23302 1.19938 1.01221
threshold=0.037673363639975949 0.064526605458248232 -0.058491280185165424 0.029723808955792689 0.028675036750640658 -0.37592927263983583 0.079354083759307262 0.02139475624147447 -0.0014156238683565535 -0.00320337166154749 -0.068664672106104677 0.081653460560391383 -0.015166736638390353 -0.036063799959770486
decision_type=10 10 8 10 8 10 10 10 10 10 10 10 10 10
left_child=1 2 5 6 7 13 11 -5 -9 -2 -6 -4 -11 -1
right_child=9 -3 3 4 10 -7 -8 8 -10 12 -12 -13 -14 -15
leaf_value=0.0075922296967258487 -0.0041236554899319443 0.0096123090114613799 -0.012867749912366442 -0.0019165448893704237 0.0086391094152937463 0.012802000064293592 0.00507185963154247 0.021597906842843653 -0.006161394268430237 0.019721346797945041 -0.0090965352120447405 0.0046942688895352568 -0.0023883784039842458 -0.011802305349136122
leaf_weight=0.87444787193089757 1.8861323984601766 4.7818694479065007 15.485920301085576 3.0522434909653366 1.2928058771067297 4.697370854250039 2.435389823614968 2.8315674769546608 0.57940519142721303 3.236561746467487 6.3571679806918837 1.2688882014917897 1.018539561468059 1.8721489238087086
leaf_count=42 864 332 8525 916 265 784 416 973 656 335 1167 142 290 744
internal_value=0.00018518 -0.00122664 -0.00269842 -0.00483692 0.00120023 0.00630876 -0.00911641 0.00874371 0.0165547 0.00935808 -0.00544706 -0.0113482 0.0149816 -0.00524923
internal_weight=51.6705 45.5292 40.7474 33.3034 14.1132 7.44397 19.1902 6.46322 3.41097 6.14123 7.64997 16.7548 4.2551 2.7466
internal_count=16451 14962 14630 13060 3977 1570 9083 2545 1629 1489 1432 8667 625 786
is_linear=0
shrinkage=0.02


Tree=379
num_leaves=15
num_cat=0
split_feature=51 61 36 84 26 53 6 72 1 59 27 31 51 6
split_gain=3.57679 2.22718 2.05846 1.89986 1.88971 1.57735 1.66971 1.5252 1.77465 1.37094 1.3605 1.20219 1.11761 1.07394
threshold=-0.022665705859990001 0.22685605296766823 0.0075235124404419646 0.26784694623478916 0.011301892344162958 -0.087947678985920735 303.14751047741566 0.11534429930656347 0.31047544409613381 0.0033946077262583976 0.012975500430925159 -0.022813705647702572 0.034035512059157939 16.178512898284318
decision_type=10 10 10 10 10 8 10 10 10 10 10 10 10 10
left_child=5 2 4 12 -2 -1 -7 11 -9 -4 -6 -5 -3 -10
right_child=1 3 9 7 10 6 -8 8 13 -11 -12 -13 -14 -15
leaf_value=0.0072045707697569765 0.001168689916198387 -0.013083942226719623 -0.0093631135475560293 0.0051147222285817173 0.023573564765954003 -0.01316897832824173 0.0078452491390901841 -0.0075693384453505213 -0.0042123924646458762 0.0091637868027970755 -0.0055130238515848015 -0.010697811408340125 0.00073810720922525951 0.014292057648962818
leaf_weight=1.583726313896477 2.8358167026599386 4.593111604612206 2.511594348732614 2.6932038698141696 5.1377850430872058 10.65453753674228 1.0685488475137379 1.6249293394212134 1.0157884874788559 1.940984686851152 0.34400795873079903 3.2415102141094385 3.8485770884290105 7.3714477146277204
leaf_count=210 631 3280 1676 280 651 7766 115 96 59 208 339 232 393 503
internal_value=0.000240881 0.00343388 0.00986435 -0.000189117 0.0152145 -0.00829223 -0.0107875 0.0038237 0.00828946 -0.00108736 0.0211793 -0.00381922 -0.00737169 0.011841
internal_weight=50.4656 37.1588 12.7702 24.3886 8.31761 13.3068 11.7231 15.9469 10.0122 4.45258 5.48179 5.93471 8.44169 8.38724
internal_count=16439 8348 3505 4843 1621 8091 7881 1170 658 1884 990 512 3673 562
is_linear=0
shrinkage=0.02


Tree=380
num_leaves=15
num_cat=0
split_feature=15 85 14 49 54 61 72 51 52 57 14 71 51 79
split_gain=2.3038 2.59707 1.99119 2.25511 1.77324 1.67819 1.26448 1.13617 1.68194 1.52636 1.0681 1.00679 1.02159 0.987113
threshold=-1.0000000180025095e-35 0.29764828562403445 -0.011578990244453758 -0.53396561534601805 0.047927044685026982 0.33770062655566052 0.084045792229935468 -0.033669837505721299 0.010775015876195131 -0.0082301584868035692 -0.043245374259684409 0.13493436590322408 -0.053583400024141102 0.099274227880544089
decision_type=10 10 10 10 10 10 8 10 8 10 8 10 10 10
left_child=1 4 11 -4 6 -3 -1 9 -9 -5 -6 -2 -13 -10
right_child=2 5 3 7 10 -7 -8 8 13 -11 -12 12 -14 -15
leaf_value=0.0029110431162740901 0.0074595361475714873 0.010091758852015787 -0.0027758033504372815 0.013884509047730592 0.012908025283368381 -0.0074563983578291426 -0.013922976476626572 0.020988008541480356 0.0010354463269993781 -0.0085243188134144152 -0.0055554937589474959 0.0062059409416921982 -0.01266972817134423 0.017492524039333112
leaf_weight=1.7543978582107236 1.2561284603143601 6.259022987156639 5.5452328412357064 1.0123935956216885 1.5065537848568054 2.2754231998114847 10.255425018498499 6.0313903591449955 5.4919687780347912 2.0735795177752196 1.6774489750823698 0.84158650375320565 3.7691599363461137 1.0573035913257625
leaf_count=567 417 445 1812 277 143 172 6096 786 1544 1705 722 287 1305 94
internal_value=0.00114491 -0.0033313 0.00504622 0.00782721 -0.00810252 0.00512179 -0.0114291 0.0115215 0.0140114 0.000426074 0.00417784 -0.00468416 -0.00873238 0.00565744
internal_weight=50.807 23.7283 27.0787 21.2119 15.1938 8.53445 12.0098 15.6666 12.5807 3.08597 3.184 5.86687 4.61075 6.54927
internal_count=16372 8145 8227 6218 7528 617 6663 4406 2424 1982 865 2009 1592 1638
is_linear=0
shrinkage=0.02


Tree=381
num_leaves=15
num_cat=0
split_feature=29 40 57 43 29 85 60 18 22 1 82 45 81 75
split_gain=1.88816 1.9912 1.76764 1.96541 1.85092 2.31737 1.66462 1.66655 1.41681 1.18103 2.13566 1.15385 1.15217 0.99143
threshold=-0.046876305387196289 0.023570460357944717 -0.0082301584868035692 -0.0035648017517269028 -0.040831670122027576 0.2857767266929217 0.34456187191752891 0.020266524215576457 -1.0000000180025095e-35 0.27251387110542041 0.092583333333333337 0.0037747261552812943 0.16158333333333336 0.50064599483204153
decision_type=10 10 10 10 10 10 10 8 8 10 10 10 10 10
left_child=1 -1 3 -2 -4 6 7 9 -5 10 -6 -3 -8 -10
right_child=2 11 4 8 5 -7 12 -9 13 -11 -12 -13 -14 -15
leaf_value=-0.014360852237373297 -0.0018243953981117473 -0.0061499759947760205 0.013891476258597919 -0.0064207834279456756 0.015021551124530724 0.0066402616746395358 0.0036895991507894812 -0.011681309702308943 0.021617543676150774 0.010941750517390445 -0.011825053550334237 0.011332985049566053 -0.01249448514020092 -0.0042010247912926393
leaf_weight=4.6621293451753427 3.190473584967549 2.0357105747098103 2.9141851134772834 0.48684721496829297 0.81968021791545842 10.365817387777495 1.6735034226294363 2.0469964842413875 4.9009847371489723 4.8030781952402322 2.4995622175629251 2.1204016293777386 8.698705921211511 0.33581733865139529
leaf_count=3063 906 678 855 101 33 715 150 2915 809 546 1631 516 3240 207
internal_value=0.00138004 -0.00658153 0.00313579 0.0105669 0.000930013 -0.000689163 -0.00452435 0.00124044 0.016718 0.00542052 -0.00325244 0.00323769 -0.00978844 0.0195538
internal_weight=51.5539 8.81824 42.7357 8.91412 33.8215 30.9073 20.5415 10.1693 5.72365 8.12232 3.31924 4.15611 10.3722 5.2368
internal_count=16365 4257 12108 2023 10085 9230 8515 5125 1117 2210 1664 1194 3390 1016
is_linear=0
shrinkage=0.02


Tree=382
num_leaves=15
num_cat=0
split_feature=59 29 61 70 25 43 27 70 75 82 83 82 63 85
split_gain=2.30435 2.11243 2.06839 1.93778 2.2555 1.54023 1.34301 1.21131 1.09791 1.01994 2.8554 1.59174 1.18253 1.00367
threshold=0.0090544910159062932 -0.046876305387196289 0.29877295995182179 0.21155987664896353 0.54736645244727644 -0.0091098231740007456 0.011407562648459048 0.12907309105757456 0.53046129374337236 0.14416666666666669 0.30702951765207381 0.1791666666666667 0.15260219383360493 0.44386905409445288
decision_type=10 10 8 10 8 10 10 10 10 10 10 10 10 10
left_child=1 13 -2 7 5 -5 8 -3 9 -7 -11 12 -12 -1
right_child=2 3 -4 4 -6 6 -8 -9 -10 10 11 -13 -14 -15
leaf_value=-0.012500223175230616 0.016019136032865949 0.0092394021981346136 -0.0042896120544326831 -0.0079625275874974488 -0.011559911064001329 0.013590179238140661 -0.0083200469035487543 -0.012046908503194944 -0.0074769820629881634 -0.012450070769643122 0.0078319054285260793 0.013902380873812672 -0.010077451185662936 0.006028536138579176
leaf_weight=6.2005392375140209 5.8621312448522049 0.5401885353930983 2.3313148115412341 2.3797153018822419 2.6694935495761447 9.6355363694747371 1.429805284118628 4.7640015713332104 1.0324422893609142 2.2352194620034416 1.97490956824913 7.2077677658526227 1.9414568156935272 0.77680876152589906
leaf_count=4025 522 129 251 712 759 1236 1140 3608 397 2496 196 754 210 49
internal_value=0.00131609 -0.000621702 0.0104026 0.00141464 0.00340508 0.0051913 0.00667539 -0.00875735 0.00786452 0.00883623 0.00469977 0.00888842 -0.00129022 -0.00994024
internal_weight=50.9813 42.7879 8.19345 35.8105 30.5063 27.8369 25.4571 5.30419 24.0273 22.9949 13.3594 11.1241 3.91637 6.97735
internal_count=16484 15711 773 11637 7900 7141 6429 3737 5289 4892 3656 1160 406 4074
is_linear=0
shrinkage=0.02


Tree=383
num_leaves=15
num_cat=0
split_feature=60 77 57 84 41 84 8 62 50 2 38 58 53 22
split_gain=2.18637 2.28868 1.9795 2.1607 1.65092 1.63595 1.49553 1.54638 1.37719 1.35284 1.28297 1.15325 1.16636 1.22885
threshold=0.48694173143499103 -83.863211783005383 -0.0085795257537537688 0.34931674458752571 -0.011749384342403685 0.63533142302484602 0.1424807418890861 0.2408047638318784 0.12172018833277103 0.25838014981273416 0.071693072557481433 0.02161032180542085 -0.053705718224789901 -0.0082514135138162439
decision_type=8 10 10 10 10 10 10 8 10 10 10 10 10 8
left_child=1 4 9 11 -1 8 -6 -8 10 -3 -2 12 -4 -14
right_child=5 2 3 -5 6 -7 7 -9 -10 -11 -12 -13 13 -15
leaf_value=-0.0035499947365291852 -0.012231511725220136 0.018651936914001806 0.0019188036719727287 0.0060700185003187516 -0.006400110668253375 0.0089378841855133114 0.019962518521538922 -0.0012122565169211013 0.0060130969636567949 -0.00088857085913331515 0.0077505411484483861 0.0028992841614352799 0.0069470877301009409 -0.015715253197794602
leaf_weight=2.3248588822025331 10.854423069147739 2.236707287549506 2.1480292494816231 6.009125444572418 0.79108099181029956 1.860653270385227 6.7195446638797849 1.5456354755151558 1.7594284254300863 2.3668080886855023 0.76535768958274353 2.8425883871677788 0.51175128910108469 7.562897224248454
leaf_count=996 3414 552 969 431 309 147 1278 374 50 713 65 391 47 6824
internal_value=0.000616684 0.00334977 -0.000282029 -0.00320503 0.0103181 -0.00548983 0.0138772 0.0162993 -0.00797835 0.0102399 -0.0104055 -0.00759919 -0.0105167 -0.0136717
internal_weight=50.2989 35.059 23.6779 19.0744 11.3811 15.2399 9.05626 8.26518 13.3792 4.60352 11.6198 13.0653 10.2227 8.07465
internal_count=16560 12884 9927 8662 2957 3676 1961 1652 3529 1265 3479 8231 7840 6871
is_linear=0
shrinkage=0.02


Tree=384
num_leaves=15
num_cat=0
split_feature=50 26 80 14 19 50 56 85 84 26 50 8 70 56
split_gain=2.28611 1.48518 2.17845 2.46625 2.13696 1.82821 1.44032 1.0813 1.06086 1.04287 1.15386 1.01964 1.0041 0.937849
threshold=0.0026480677716757832 -0.069850051311627456 0.018750000000000003 0.010970132566115899 -0.1201997872461376 0.028542748071900496 0.016743920256971207 0.14491634822289284 0.34931674458752571 -0.011247442297921182 0.09678900004877776 0.23582440989400394 0.291249624662196 -0.0015270561170331121
decision_type=10 10 10 10 10 10 10 10 10 10 8 10 10 10
left_child=-1 7 5 4 -4 12 -6 -2 -8 10 -5 -9 -3 -7
right_child=1 2 3 9 6 13 8 11 -10 -11 -12 -13 -14 -15
leaf_value=-0.011263624362960932 -0.0035372832375845913 0.024733577005687863 0.007907010858013425 -0.011071945008968338 -0.012596897978062441 -0.0090131166324320805 -0.0087978744536326963 0.00013135005715651844 0.00868812625508995 0.0076474896654531912 0.0084955019495819642 0.020849486480898322 -0.0041610074576352799 0.0063890901012671579
leaf_weight=3.9077419613022348 1.0511943231540488 2.2501575590285925 2.8572616306191767 2.1647158230916839 10.461414026132848 1.1048156925535293 1.443535097598214 1.2609529450419357 2.2416458505322225 11.313077590442841 1.0458039978402669 3.0201630200899672 0.26037257924326684 6.0230109990225174
leaf_count=4366 236 200 199 502 6679 165 487 57 126 2586 82 215 101 483
internal_value=0.00178804 0.00309896 0.00166806 -0.000944071 -0.005955 0.00949802 -0.00909197 0.0121377 0.00142277 0.00492828 -0.00419412 0.0159276 0.0214052 0.00318655
internal_weight=50.4059 46.4981 41.1658 31.5275 17.0039 9.63836 14.1466 5.33231 3.68518 14.5236 3.21052 4.28112 2.51053 7.12783
internal_count=16484 12118 11610 10661 7491 949 7292 508 613 3170 584 272 301 648
is_linear=0
shrinkage=0.02


Tree=385
num_leaves=15
num_cat=0
split_feature=29 53 79 14 42 16 9 12 35 74 57 49 42 19
split_gain=1.70052 1.81933 1.72115 1.59403 1.49027 1.81236 1.87964 2.46822 1.68054 1.56746 1.49541 1.39022 1.21099 1.15917
threshold=-0.046876305387196289 0.028913273235733509 0.087521786497437692 0.055294306856720273 0.021245285245036803 -0.039362595213754313 39.103447285657062 5.4625739184562727 -0.039325249247176196 0.49731886141460618 0.0052998153358301452 0.67389742294486343 0.01997379412276527 -0.10375747732449318
decision_type=10 10 8 10 8 10 10 10 10 10 10 8 10 8
left_child=1 13 3 4 5 -2 10 -8 -6 -10 -7 -11 -5 -1
right_child=2 -3 -4 12 8 6 7 -9 9 11 -12 -13 -14 -15
leaf_value=0.0046085388987719871 0.0072659102962843057 0.0089339977820759291 0.015002220828242747 0.013387928017097039 -0.0057904728950980379 -0.013658378303418714 0.015410468976475513 -0.0065014543892096977 -0.0033960691034574859 0.017647743366552903 0.0073257171384376527 -0.0061930696845846206 -0.005331661465376245 -0.013366337393527373
leaf_weight=1.2825901966862145 4.5735457637347272 1.8822625501197761 3.8693256281403583 6.0974547441583118 2.9496996926754937 8.7610367501911313 2.3326616097328943 4.4235472477739677 2.174349543813145 5.5652036375249745 0.9366339197149508 0.63826045945461274 1.1403644608653847 5.7582165730927937
leaf_count=129 1437 279 789 947 400 6011 277 1038 271 620 210 37 164 3904
internal_value=0.00210024 -0.00544822 0.00373767 0.00229435 0.000285575 -0.00283914 -0.00590332 0.00207536 0.0058458 0.0101233 -0.0111363 0.0146756 0.0101494 -0.00992602
internal_weight=52.3852 8.92307 43.4621 39.5928 32.3549 21.0274 16.4539 6.75621 11.3275 8.37781 9.69767 6.20346 7.23782 7.04081
internal_count=16513 4312 12201 11412 10301 8973 7536 1315 1328 928 6221 657 1111 4033
is_linear=0
shrinkage=0.02


Tree=386
num_leaves=15
num_cat=0
split_feature=78 23 14 14 64 84 5 50 19 66 10 72 44 5
split_gain=2.15773 1.90203 1.70216 3.14567 1.93531 1.67588 2.67153 1.65653 1.48499 1.48254 1.2868 1.11765 1.11737 1.0777
threshold=0.13111895592640141 594.49264202898564 -5.5083008048267815e-06 -0.043245374259684409 2.9777667984189726 0.52217112818946532 0.4238209285187915 0.017961178379245189 -0.045310317168520513 0.31524416363246954 0.49081881986606785 0.11060427957682747 1.0000000180025095e-35 0.66768916155419233
decision_type=10 8 10 10 10 10 10 10 10 10 10 10 8 10
left_child=1 5 3 9 -4 6 -1 -6 10 -2 -8 -7 -3 -9
right_child=2 12 4 -5 7 11 8 13 -10 -11 -12 -13 -14 -15
leaf_value=-0.013094678775547309 -0.0034248760448411515 0.013712899443129884 0.0030308800273494917 -0.010192758664969506 -0.0064230326584422057 -0.0045940227348514268 0.013096446593413292 0.025239139938371853 -0.007983486927396399 0.021688281238751463 -0.0027099978498098609 0.01134160294065311 -0.0028824338397793192 -0.0027828090577395061
leaf_weight=10.409254659127333 1.0833815621444958 3.5642147793259928 6.3171451890957524 4.5768367329365018 0.46548364950285748 2.230061466805636 3.5216397680051159 4.2056621870724484 3.8456616811454278 1.6619758329179601 3.2594129698554752 3.3552438511978835 2.057413630085648 0.40567929812823411
leaf_count=5662 294 372 1624 1981 554 140 596 510 3190 173 590 230 393 121
internal_value=0.00157653 -0.00156662 0.00679616 -0.000750402 0.0113151 -0.00383237 -0.00637192 0.0194282 0.000773145 0.0135096 0.00612699 0.00524751 0.00812124 0.0227173
internal_weight=50.9591 32.2429 18.7162 7.32219 11.394 26.6213 21.036 5.07683 10.6267 2.74536 6.78105 5.58531 5.62163 4.61134
internal_count=16430 11173 5257 2448 2809 10408 10038 1185 4376 467 1186 370 765 631
is_linear=0
shrinkage=0.02


Tree=387
num_leaves=15
num_cat=0
split_feature=27 35 85 10 49 16 57 13 49 28 16 83 10 58
split_gain=1.8562 1.98603 1.55644 2.40547 1.79953 2.35661 1.68983 1.62741 1.46197 1.29182 1.29051 1.17666 1.08109 0.973468
threshold=0.010946334155005013 -0.054695026929167855 0.24960156058648117 -1.2691086631472419 -0.34225565992780965 -0.031752359094505377 -0.0082301584868035692 5.5382599098684819 -0.28225128282705753 0.076397428625904984 0.030787684482877001 0.7764904940749584 -1.4568133155663983 0.008543862749595588
decision_type=8 10 10 10 10 8 8 8 10 10 10 10 10 10
left_child=1 11 3 12 5 9 10 -4 -8 -5 -6 -1 -3 -10
right_child=-2 2 7 4 6 -7 8 -9 13 -11 -12 -13 -14 -15
leaf_value=-0.013734555340656221 -0.0091596577522593016 -0.0028231622888229631 0.01516020543742805 -0.0063208478942788525 0.00011026520899233267 -0.013811427506987325 0.0097629116773380355 0.0005949563634532136 -0.012445680721248492 0.012907809567881416 0.02412501698190718 0.0018032237075574318 0.023000917205390853 0.00098394588729951767
leaf_weight=3.3286789912672239 5.1063304316994609 0.59220145278231973 7.5320101986872006 1.7201063729444288 1.4365282701910476 6.1122470531990984 2.9731362640450225 4.9237751677865171 2.8144163280812826 2.0940429615293397 1.4159816050669176 3.1729096811031923 1.6788926249428175 4.667904860310955
leaf_count=1079 4210 494 459 956 434 4362 554 450 1735 223 130 211 313 796
internal_value=0.00122792 0.00259612 0.00436214 0.00139908 -0.000826876 -0.00690862 0.00387529 0.00987467 -0.0002712 0.00472439 0.015199 -0.00692224 0.0174626 -0.00493923
internal_weight=49.5692 44.4628 37.9612 25.5055 23.2344 9.9264 13.308 12.4558 10.4555 3.81415 2.85251 6.50159 2.27109 7.48232
internal_count=16406 12196 10906 9997 9190 5541 3649 909 3085 1179 564 1290 807 2531
is_linear=0
shrinkage=0.02


Tree=388
num_leaves=15
num_cat=0
split_feature=29 85 63 84 15 58 63 37 77 61 16 36 70 85
split_gain=2.75327 1.87108 1.60852 2.23932 1.51623 1.35602 1.27188 1.67721 1.10002 1.09837 1.42442 1.06346 1.05499 0.95694
threshold=-0.046876305387196289 0.44386905409445288 0.11044476413115149 0.16065295708174115 -0.0061081216206261583 -0.0023122320740202062 0.1590683173685162 -0.014322514838012383 -88.125003543103972 0.2755321534652333 -0.02445838518160506 -0.011105816416381779 0.2108967223252938 0.41298730758275071
decision_type=10 10 10 10 10 10 10 10 10 10 10 8 10 10
left_child=1 11 8 9 13 -6 12 -8 -2 -4 -11 -1 -7 -5
right_child=2 -3 3 4 5 6 7 -9 -10 10 -12 -13 -14 -15
leaf_value=0.0045007647856053897 0.022350158262790725 0.0081276433574751297 -0.011465657743744287 -0.01084014366714389 -0.0068499276331524727 -0.001554670268731777 -0.009465116227201793 0.0079783348603358114 0.0025582896454403536 0.010775866080055168 -0.0093207760256397293 -0.016069685697894669 0.013880095656178601 0.0055576472388107132
leaf_weight=0.73221814808493946 1.6031924476410493 1.2904968404327517 5.8875368215522013 3.066117169699285 2.0418013916642002 1.8710851142532181 2.7187810381146846 4.4337201494927276 2.4995021610084214 2.0261146545090019 1.662666842821636 6.0216157738905149 10.488639813818734 1.4297866090200839
leaf_count=393 280 154 5872 576 409 258 442 493 1186 453 1148 3738 855 139
internal_value=0.000436231 -0.00955543 0.00264428 0.00110752 0.00413101 0.00631005 0.00795395 0.0010001 0.0131567 -0.00673006 0.0016616 -0.0135467 0.011602 -0.00556294
internal_weight=47.7733 8.04433 39.7289 35.6262 26.0499 21.554 19.5122 7.1525 4.10269 9.57632 3.68878 6.75383 12.3597 4.4959
internal_count=16396 4285 12111 10645 3172 2457 2048 935 1466 7473 1601 4131 1113 715
is_linear=0
shrinkage=0.02


Tree=389
num_leaves=15
num_cat=0
split_feature=42 39 58 30 19 2 32 2 84 69 77 5 41 36
split_gain=1.84888 1.90833 2.18912 1.94071 2.42273 1.90876 1.6074 1.64801 1.80357 1.82404 1.71396 1.59694 1.08487 0.901236
threshold=0.03985696498982446 0.02007964937335999 0.0092887415954236736 -0.0071844814474368154 -0.045985657564728714 0.39840574186991878 0.084826426224696674 0.17288591849995361 0.24190767884788161 0.53315988198993136 -74.188423596529432 0.64451137884872833 -0.0095468150104758582 0.0035848450597669728
decision_type=10 10 10 8 10 10 10 8 10 8 10 10 10 8
left_child=1 3 -3 4 5 -1 7 -5 -9 -10 -11 -6 -2 -12
right_child=12 2 -4 6 11 -7 -8 8 9 10 13 -13 -14 -15
leaf_value=0.013302986599109556 0.01619724030497903 -0.0087044590186243481 0.016891733737457296 0.0062571393814442912 -0.014856497957318969 -0.0078218274043322621 0.010830641238005079 -0.015600802893133205 -0.012543516488577067 0.010749842992885244 0.0044151223771081403 0.0068116026558441931 -0.00029837751728953825 -0.010151297683074661
leaf_weight=7.780971653715822 3.7778330592263956 1.1500069021421939 3.7244120453397045 2.9046322449357893 2.6624325048032906 1.4224346826522376 1.4915424769715162 7.4225953627101289 4.607383143375043 3.7530325783882281 1.9836984199355372 1.425694074045168 2.3403444476716677 3.5610282454290418
leaf_count=864 324 573 327 1690 2991 176 114 7203 627 201 144 645 299 288
internal_value=0.00127638 -0.000251398 0.0103991 -0.00180865 0.0041967 0.00959143 -0.00495254 -0.00631476 -0.00823049 -0.00351348 0.00174479 -0.00744637 0.0107318 -0.00506163
internal_weight=50.008 43.8899 4.87442 39.0154 13.2915 9.20341 25.7239 24.2324 21.3277 13.9051 9.29776 4.08813 6.11818 5.54473
internal_count=16466 15843 900 14943 4676 1040 10267 10153 8463 1260 633 3636 623 432
is_linear=0
shrinkage=0.02


Tree=390
num_leaves=15
num_cat=0
split_feature=26 30 40 78 50 46 19 3 67 52 37 81 3 85
split_gain=1.76989 2.56746 2.96364 2.1641 2.1381 1.83041 1.7152 1.53935 1.48349 1.38091 1.37504 1.23661 1.05452 0.972981
threshold=-0.069850051311627456 0.0062807042296203633 0.027219116041564854 0.12221118435660093 0.013808662412919311 -0.0044469711252735078 -0.061367627685785346 0.10535266738274258 0.16145324209840342 0.04647361980295963 -0.022851193806427226 0.25416666666666671 0.10943202554744527 0.14491634822289284
decision_type=8 8 10 10 10 8 10 10 10 10 8 10 10 10
left_child=11 3 10 6 -5 -6 7 -2 -8 12 -3 13 -7 -1
right_child=1 2 -4 4 5 9 8 -9 -10 -11 -12 -13 -14 -15
leaf_value=-0.0019798823438152389 0.012518539114462055 0.0028936390492313329 0.0065931155054529461 -0.010150679584756522 -0.0025570787163665598 0.025058117667926857 0.0077005052745582206 -0.0048615743208001586 -0.012533948084457491 -0.0013056994949141628 -0.012343276081232755 -0.0038331091310313935 0.00029184416755830575 0.01941155079457842
leaf_weight=0.85270848232903551 3.7389545678597642 2.452466902694141 5.1702486848516847 0.98477863989683001 1.8358804161834994 4.6383937536738795 1.1586966374597993 2.8440070119977463 5.1162287504703272 1.0802305251272626 12.893998300351088 1.3686070840049067 0.81026630889391515 3.1465359794383403
leaf_count=190 489 1066 1518 1160 672 554 438 287 3651 230 5655 224 115 166
internal_value=0.000798868 -0.000652395 -0.00561545 0.0039772 0.0107929 0.0140792 -0.00139997 0.00535897 -0.00825265 0.0184755 -0.00988026 0.0106383 0.0219915 0.0153668
internal_weight=48.092 42.7242 20.5167 22.2074 9.34955 8.36477 12.8579 6.58296 6.27493 6.52889 15.3465 5.36785 5.44866 3.99924
internal_count=16415 15835 8239 7596 2731 1571 4865 776 4089 899 6721 580 669 356
is_linear=0
shrinkage=0.02


Tree=391
num_leaves=15
num_cat=0
split_feature=72 28 72 53 38 60 51 18 76 34 20 59 32 85
split_gain=1.8828 2.35694 2.02566 1.9214 1.71412 1.71326 1.66779 1.43963 1.23536 1.4471 1.33292 1.20449 1.0726 0.922558
threshold=0.13305167167828116 0.10363300242329997 0.086990919097413341 -0.096812971225652897 0.069461053929362263 0.4626264277294026 -0.010238816380506844 -0.053613316721061947 51.378657820259527 -0.005682551292350845 0.025561266761856872 0.018071507628159154 0.044733834541548355 0.33933776801843468
decision_type=10 10 8 8 10 8 10 8 10 10 10 10 10 10
left_child=1 2 6 -4 7 -3 -1 -5 10 -10 -2 -9 -7 -12
right_child=8 5 3 4 -6 12 -8 11 9 -11 13 -13 -14 -15
leaf_value=-0.0089668363606477952 0.009378498753002942 0.013728226262987777 0.012668716160983364 0.00381390214498938 0.0065466412134663901 -0.010340299954112715 0.012756325597564819 -0.014152532161750669 -0.0066797868767186621 0.013569538127336148 -0.011636890603970159 0.0057330640023378187 0.0084047567120686204 0.0057046410911918664
leaf_weight=1.2298699491730074 2.5500099199925925 5.1426181594433702 0.96940446403459646 1.953301022556843 1.9590555906470388 2.1006403152423458 3.4947818451473749 13.97009147785139 1.0294918653526117 8.921250940926253 2.8569483156970823 0.8000100669742104 1.0901214423647614 1.0790160081232896
leaf_count=1102 704 547 60 180 366 241 609 9116 417 1750 1181 50 67 84
internal_value=0.00164629 -0.00115056 -0.00428025 -0.00706763 -0.00868335 0.00748203 0.00652302 -0.0107362 0.00695894 0.0110559 3.61901e-05 -0.0127802 -0.0034587 -0.00669025
internal_weight=49.1466 32.7099 24.3765 19.6519 18.6825 8.33338 4.72465 16.7234 16.4367 9.95074 6.48597 14.7701 3.19076 3.93596
internal_count=16474 12338 11483 9772 9712 855 1711 9346 4136 2167 1969 9166 308 1265
is_linear=0
shrinkage=0.02


Tree=392
num_leaves=15
num_cat=0
split_feature=52 7 74 70 83 26 46 38 43 84 70 19 28 82
split_gain=1.49446 1.80527 1.89841 1.70538 1.64727 1.42968 1.42928 1.30779 1.24704 1.20518 1.1911 1.1482 1.10454 1.42971
threshold=-0.02843048538222279 315.30738127177705 0.63423734983618507 0.25167815470559091 0.81459352053955747 0.034193948176774853 -0.0044469711252735078 0.069461053929362263 -0.0091098231740007456 0.46943022722953437 0.2468139245303449 -0.12483183079178171 0.1081076872719878 0.092583333333333337
decision_type=8 10 10 8 10 8 10 10 10 10 10 8 10 10
left_child=-1 2 3 5 7 9 -7 11 -3 12 -4 -5 13 -2
right_child=1 8 10 4 -6 6 -8 -9 -10 -11 -12 -13 -14 -15
leaf_value=0.013078786072245217 0.0089751278981079069 -0.0048892063490220362 -0.0047865699320717818 0.0023224438964368288 0.0062190949883772972 -0.0024406571064624761 0.01833833451377042 0.0070431032539462835 0.011429076507855808 0.011941001780179934 0.017340286622348901 -0.011876060322674445 0.0071633519519097005 -0.012919929773600939
leaf_weight=3.7257901142438641 0.74499456310877743 1.7480643073940871 0.85957599700486698 2.3434616538579576 3.0566528806230044 1.7402003667666575 2.6755086175544376 1.3501586236525316 8.1629809720907343 1.0693054688163099 2.3914146278257249 13.84555672071293 1.4313323525857411 4.7978349751720089
leaf_count=793 70 325 797 148 178 1944 1215 190 832 112 403 6014 145 3299
internal_value=0.00235239 0.001229 -0.00089151 -0.0024421 -0.00586968 0.00323904 0.0112109 -0.00819828 0.00836662 -0.00189308 0.0117401 -0.0098052 -0.00524564 -0.00905511
internal_weight=49.9428 46.217 36.306 33.055 20.5958 12.4592 4.41571 17.5392 9.91105 8.04347 3.25099 16.189 6.97416 5.54283
internal_count=16465 15672 14515 13315 6530 6785 3159 6352 1157 3626 1200 6162 3514 3369
is_linear=0
shrinkage=0.02


Tree=393
num_leaves=15
num_cat=0
split_feature=50 63 30 84 36 70 55 55 62 56 20 56 42 83
split_gain=1.99221 2.14669 2.14779 1.98854 1.92116 1.73503 1.61333 1.28728 1.16888 1.02055 0.935131 0.932205 0.91594 0.87202
threshold=0.0080953393902406124 0.16080017237796951 -0.012559692758745139 0.49331293853825026 0.027925429044960984 0.45747032676029703 -0.015123201874616977 -0.046309797414614114 0.22816217694516619 -0.0075646542368382015 -0.013951248753344149 0.014068513825963049 0.049855611265032344 0.15072815490398139
decision_type=10 10 10 10 10 10 10 10 10 8 10 10 10 10
left_child=9 4 6 10 5 8 -3 -7 13 -1 -4 -6 -11 -2
right_child=1 2 3 -5 11 7 -8 -9 -10 12 -12 -13 -14 -15
leaf_value=0.0094742366840123767 0.0034134292898329154 0.015078655229854411 0.0044913245422416766 0.0036821142340451502 -0.0096708288138525941 0.0092039332266599678 -0.0091388459332285479 -0.011663518253003482 0.00017683852376015638 -0.015342137488336205 -0.014451536610343632 0.0070261170177739118 0.0048546923358713592 0.015054185248007439
leaf_weight=0.28018078180321027 3.9997951101468194 2.9171438250050419 0.73403260108898294 4.2800517828436568 3.2605797101350609 1.0083368193591016 0.76802779198624271 2.0831395178392986 3.6057168265397186 3.7631566551790447 6.8710403339427986 1.1086554929061092 0.60971132066333655 13.239190555759704
leaf_count=79 2846 375 104 300 1569 60 293 439 950 5122 2427 198 38 1612
internal_value=0.00185008 0.00322593 -0.00263189 -0.00671462 0.00642806 0.00861257 0.00915815 -0.00427123 0.0106314 -0.00939911 -0.0123137 -0.00491461 -0.0121467 0.0126885
internal_weight=48.5288 43.8757 15.5703 11.8851 28.3054 23.9362 3.68517 3.09148 20.8447 4.65305 7.60507 4.36924 4.37287 17.239
internal_count=16412 11173 3499 2831 7674 5907 668 499 5408 5239 2531 1767 5160 4458
is_linear=0
shrinkage=0.02


Tree=394
num_leaves=15
num_cat=0
split_feature=63 51 48 54 64 62 16 85 51 57 70 38 14 60
split_gain=2.06781 2.23789 2.11748 1.74368 1.65446 1.6223 1.54047 2.30424 1.44211 1.43145 1.31355 1.28038 1.18774 0.942339
threshold=0.16046406002052274 -0.033669837505721299 2.7726296842653215 0.029723808955792689 2.4638501742160286 0.22961049233043324 -0.037007331109407925 0.44386905409445288 0.038166340478421164 -0.010836862908182589 0.20881327507833533 0.014820127789613289 0.056347546280148104 0.31375424069921226
decision_type=8 10 10 10 10 8 10 10 10 10 10 8 10 10
left_child=1 2 -1 12 8 10 11 -8 9 -3 -6 -5 -2 -12
right_child=3 4 -4 6 5 -7 7 -9 -10 -11 13 -13 -14 -15
leaf_value=-0.012656156770987926 -0.012343906284102771 0.010720142015168218 0.012283971472988889 0.020112555118596245 0.0016758207066865064 -0.003502980433767362 -0.010958103752516745 0.012721421609623806 0.0090074784450746171 -0.01021630603185192 0.023931342988228629 -0.0049644739939263887 0.004015811921413359 0.0092508285710041424
leaf_weight=4.1836051733480444 8.0293017490475922 0.80940975453995623 0.96454039731179353 1.6809798626054542 3.4312408849873437 2.4011996532790372 3.8581068849671274 1.5232179476879535 3.1747128649440128 4.7792669220652915 3.7593898208433512 0.69290055554301977 1.69582113205979 6.3555696818875731
leaf_count=4004 3292 139 115 169 1793 736 1117 172 275 2209 833 145 356 1113
internal_value=0.00119345 0.00434043 -0.00674547 -0.00412605 0.00682256 0.0104709 0.00278466 -0.00331228 -0.000209148 -0.00601724 0.0130185 0.013491 -0.00938273 0.0163693
internal_weight=47.3393 29.8589 5.14815 17.4803 24.7108 15.9474 7.75521 5.38132 8.76339 5.58868 13.5462 2.37388 9.72512 10.115
internal_count=16468 11217 4119 5251 7098 4475 1603 1289 2623 2348 3739 314 3648 1946
is_linear=0
shrinkage=0.02


Tree=395
num_leaves=15
num_cat=0
split_feature=79 84 81 70 70 52 84 8 42 50 48 42 66 26
split_gain=1.73549 1.76867 1.7797 1.556 2.20075 1.95512 1.88961 1.3855 1.3062 1.28203 1.16072 1.07501 0.940826 0.917513
threshold=0.084628544522631716 0.63533142302484602 0.27216666666666672 0.20505174919363417 0.24592816595044834 -0.014346967722183994 0.081415560900700526 0.8100622489296595 -2.0709926781083102e-05 0.12172018833277103 -0.16271363606070419 -0.00080332243900100241 0.29936046274797351 0.011788313098190064
decision_type=10 10 8 10 10 8 10 10 10 8 10 10 10 10
left_child=1 2 3 -1 6 13 -5 9 -9 10 -7 -2 -13 -6
right_child=11 -3 -4 4 5 7 -8 8 -10 -11 -12 12 -14 -15
leaf_value=-0.0093868094061861536 -0.0041273568920861736 0.01177975734066986 -0.009448408008620254 -0.005931324961134723 -0.0039641165657084854 0.0024065818294875044 0.016898811815722638 -0.0058059710717217874 0.013694130296484678 0.0063997067748611689 -0.011854127264481063 -0.00063858346775709984 0.020653819871036962 0.014667332360139564
leaf_weight=4.1829749989847178 0.93795187732030161 3.5236847817432126 7.6688016181869889 1.347218163638902 0.94026218584622245 2.5397664678821483 5.04904429531598 1.6363784715213117 2.2270017882110542 1.8961114528356144 9.4261040549172304 1.0012521148164517 2.6173753217881313 3.1095718627038877
leaf_count=2840 376 537 3799 1574 227 1240 787 650 190 84 3016 420 362 451
internal_value=0.00125033 -9.07044e-05 -0.00139746 0.000736869 0.00251031 -0.000661689 0.0119384 -0.00361302 0.00593913 -0.00649573 -0.00887512 0.0117763 0.0158997 0.0104132
internal_weight=48.1035 43.5469 40.0232 32.3544 28.1715 21.7752 6.39626 17.7254 3.86338 13.862 11.9659 4.55658 3.61863 4.04983
internal_count=16553 15395 14858 11059 8219 5858 2361 5180 840 4340 4256 1158 782 678
is_linear=0
shrinkage=0.02


Tree=396
num_leaves=15
num_cat=0
split_feature=42 52 17 16 39 44 51 57 54 34 68 52 19 82
split_gain=2.11519 1.65909 2.85459 2.49855 2.3542 2.81815 1.43435 1.38261 1.08945 1.08472 1.07016 1.17275 0.976197 0.888697
threshold=0.03985696498982446 -0.005876057333042777 0.081421656319057165 0.02454670672341697 0.018361937401034405 0.06180733580950807 0.030629445201025316 0.0034817330551407144 0.06639046088677901 -0.010766085191379239 0.64821490646444635 0.024927757586983252 -0.045310317168520513 0.11258333333333335
decision_type=10 8 10 10 10 8 10 10 10 10 10 10 10 10
left_child=1 2 -1 6 5 7 8 13 -3 -2 -8 -12 -4 -5
right_child=9 3 12 4 -6 -7 10 -9 -10 -11 11 -13 -14 -15
leaf_value=-0.0097588454553802634 -0.0058176912532189682 -0.011790295815826989 0.01665990602663436 0.0041200665685512741 0.018208830186338315 0.013248453358858769 0.010126393164107154 0.0080887133062174533 0.0039014389980792747 0.014954195109851276 0.0080807047543286041 -0.010048786521742568 -0.0016144290509230491 -0.013643436794794114
leaf_weight=2.1481095843919302 0.65625325332803175 12.265333891657066 5.2233510766673135 0.89731554707395744 2.6810090877552275 3.0783075765139065 2.2292445093044071 1.1975923335266996 1.5535275125221222 4.9674024760024613 1.2690839874994706 3.2310776581580285 1.2352780793444251 5.1545531576775829
leaf_count=2280 71 8132 426 125 276 705 105 155 400 534 125 460 372 2206
internal_value=0.0015109 -0.000136436 0.00721887 -0.00217724 0.00447445 -0.000383591 -0.00640054 -0.0070764 -0.00988199 0.0120179 0.00110218 -0.00439649 0.0134169 -0.0107989
internal_weight=47.7874 42.1638 8.60674 33.557 13.0088 10.3278 20.5483 7.24946 13.8189 5.62366 6.72941 4.50016 6.45863 6.05187
internal_count=16372 15767 3078 12689 3467 3191 9222 2486 8532 605 690 585 798 2331
is_linear=0
shrinkage=0.02


Tree=397
num_leaves=15
num_cat=0
split_feature=56 55 42 59 51 51 36 54 73 78 12 73 84 27
split_gain=1.85648 2.41909 1.62198 1.59728 1.53759 1.47067 1.35226 1.34279 1.25441 1.08658 1.00628 0.959407 0.941671 1.27263
threshold=0.01121752311713981 -0.032793399556321143 0.045226870039036637 0.0066775747634653529 0.077212457388748199 -0.015718710607997535 0.030760101024347637 -0.0070029485088428508 0.086983935522780872 0.18774413786215066 142.09104938271608 0.10148884291414217 0.55906922781986479 -0.01559527585176129
decision_type=10 8 10 10 10 10 10 8 10 10 10 10 10 10
left_child=1 5 4 10 7 6 -1 9 -7 -3 12 -9 13 -2
right_child=3 2 -4 -5 -6 8 -8 11 -10 -11 -12 -13 -14 -15
leaf_value=-0.0081571627987500374 -0.012772897353341811 -0.0081216101921569445 0.0080592677353290947 0.013459043680362026 0.0068814774675628691 0.014053022665432704 0.0099544606305709028 -0.016142870557152276 -0.0037115514245597754 0.012881551518321545 0.0096371041468955015 -0.0025552420551050205 0.0074764005901319288 0.0033254437410886076
leaf_weight=4.6459787738713203 3.6843258988228627 1.0368601338195733 1.6967413666134223 5.2232442735403302 1.4713833244750265 4.947366376014541 1.3832941472064701 9.991849934667707 1.6862881449196718 0.96337270714866452 2.5791898366878732 3.0870240258227559 1.7724843207979573 2.8044073720157048
leaf_count=2125 1022 865 139 446 77 557 430 7073 377 217 226 1586 62 1142
internal_value=5.59134e-05 -0.00279274 -0.00729425 0.0053798 -0.0092378 0.00375303 -0.00317682 -0.0111408 0.00964259 0.00291601 0.000679044 -0.0133451 -0.00285631 -0.00630027
internal_weight=46.9738 30.9102 18.2472 16.0637 16.5505 12.6629 6.02927 15.0791 6.63365 2.00023 10.8404 13.0789 8.26122 6.48873
internal_count=16344 13446 9957 2898 9818 3489 2555 9741 934 1082 2452 8659 2226 2164
is_linear=0
shrinkage=0.02


Tree=398
num_leaves=15
num_cat=0
split_feature=83 63 80 75 65 50 39 31 83 20 50 30 16 16
split_gain=2.09899 1.98617 1.89784 1.73609 1.28301 1.55212 2.08661 1.36921 1.2513 1.24089 1.10823 0.943034 0.889958 0.76395
threshold=0.7764904940749584 0.16013159733794932 0.052583333333333336 0.40722815692494291 1.2669211195928753 0.035253690577153003 -0.010385366387240214 -0.031074594874541752 0.035041787541696907 0.14188343774398829 0.077190977312929912 -0.011988835914464613 -0.031752359094505377 -0.025833767116113179
decision_type=10 8 8 10 8 10 8 10 10 10 10 8 8 10
left_child=1 2 3 10 -5 6 -6 -7 -8 11 -1 12 -3 -10
right_child=-2 9 -4 4 5 7 8 -9 13 -11 -12 -13 -14 -15
leaf_value=-0.010796316481122456 0.0087604663189775108 0.0098170534867610716 -0.012232646646554719 0.019790223441014547 -0.0046802643586278808 0.0078823147951195046 -0.0056329302869349363 -0.0075593497028462187 -0.0035113416042800954 0.0060659001751601797 0.004182166850206278 -0.013149844617079633 -0.0077989789647204466 0.023198291424962408
leaf_weight=3.5455069461095325 8.8565559478010965 1.113001804842497 2.4189979469010714 1.8192853851069202 1.8650366404544909 2.80683738089283 0.38815221238473885 4.8561774239278748 0.2073727258248258 1.5614427843829606 2.7592897046124563 8.2173257952163095 1.5107863228331555 3.4452417290012818
leaf_count=2363 759 242 2306 260 2163 461 399 1623 164 88 312 3831 769 648
internal_value=0.00055748 -0.00161263 0.00175255 0.00378239 0.00727272 0.0043512 0.0112447 -0.00164633 0.0180653 -0.00779755 -0.00456587 -0.0101379 0.000320626 0.0212531
internal_weight=45.371 36.5145 24.1119 21.6929 15.3881 13.5688 5.9058 7.66301 4.04077 12.4026 6.3048 10.8411 2.62379 3.65261
internal_count=16388 15629 10699 8393 5718 5458 3374 2084 1211 4930 2675 4842 1011 812
is_linear=0
shrinkage=0.02


Tree=399
num_leaves=15
num_cat=0
split_feature=76 39 38 55 65 78 50 20 49 42 44 58 48 13
split_gain=1.65957 1.81493 1.96123 1.92162 1.54685 1.51108 2.13753 1.21081 1.17396 1.17352 1.07816 1.0681 1.05677 0.950019
threshold=182.65258927894459 0.022646705665259444 1.0000000180025095e-35 0.0097346435136408619 1.7570761014686249 0.14657948229982465 0.05422142303272328 0.039870379467621724 -0.32980756649666282 0.055778783027266625 -0.0032302784639851863 0.0092887415954236736 4.6926550213384219 1.2030792721720323
decision_type=10 10 8 10 10 10 10 8 10 10 10 10 10 10
left_child=1 2 5 9 13 6 -1 8 -7 12 -5 -3 -4 -2
right_child=4 11 3 10 -6 7 -8 -9 -10 -11 -12 -13 -14 -15
leaf_value=-0.011586939306296977 0.019265020561055137 -0.0057164739308641788 -0.012243778530899283 -0.0084915782551504195 -0.0065071402631687045 -0.0053806830299875782 0.0045656485234629183 -0.00065001595581014619 0.01850729391120166 0.007698249681829316 0.0098760255283367789 0.014642380685633229 0.0064508646411312797 -0.0031914079803808987
leaf_weight=4.447235560735864 3.2482047756639072 0.75511678372276847 13.585760689886227 0.95925842283031659 1.0483952593494903 0.53510984361491853 7.3133855094056344 3.0814027994856588 3.6289492905198122 0.78323538450058627 3.1982042948657172 3.4270988522330299 0.71140619424113616 0.60433845303487022
leaf_count=3764 324 466 6803 269 429 574 1034 752 586 87 752 327 102 151
internal_value=0.000802565 -0.000566635 -0.00202317 -0.00637382 0.0107428 0.00247903 -0.00197175 0.00906637 0.01499 -0.00956549 0.00481329 0.0105727 -0.0109527 0.0158106
internal_weight=47.3271 42.4262 38.2439 19.2379 4.90094 19.0061 11.7606 7.24546 4.16406 15.0804 4.15746 4.18222 14.2972 3.85254
internal_count=16420 15516 14723 8013 904 6710 4798 1912 1160 6992 1021 793 6905 475
is_linear=0
shrinkage=0.02


Tree=400
num_leaves=15
num_cat=0
split_feature=60 70 63 58 1 76 8 59 14 84 36 20 69 63
split_gain=1.8496 1.79535 1.96765 1.92744 1.71052 1.70255 1.46946 1.62312 1.2953 0.817901 0.815851 0.812905 0.812457 0.726069
threshold=0.4841819158686515 0.20505174919363417 0.11044476413115149 0.017136520202377391 0.36174537277287672 -9.9902152641878654 0.78204347126668272 0.0058805061585961741 0.0027197023705463068 0.082323433406797944 -0.0016686550267601562 0.16627441465889134 0.61717460808580871 0.13628155608794149
decision_type=8 10 10 10 10 10 10 10 10 10 10 8 10 10
left_child=1 3 -3 -1 5 13 7 -7 11 -6 -8 -2 -9 -4
right_child=8 2 4 -5 9 6 10 12 -10 -11 -12 -13 -14 -15
leaf_value=-0.013817685345175258 -0.01262548599372266 0.018442121988426926 -0.0053470618425710504 0.007046299897315941 -0.0065476982128183396 -0.013400399236495369 0.010829042088957238 -0.0056321955638928226 0.0010552866892717195 0.011542550695388816 -0.0051688238565420546 0.004579384276075597 0.012767801246047173 0.012618401218449891
leaf_weight=3.4679094194871132 6.1977068208798283 3.1793838647208785 0.53826989613298915 2.1368664915062254 0.48022578000381955 6.1949150626242027 2.3302258594339951 0.99833476074854877 7.537458738348505 8.1814832444288168 1.3053962677950046 0.77231488079996768 1.0568516484199788 3.2767395780538209
leaf_count=3852 2173 724 336 322 273 4133 497 125 1490 729 670 106 149 860
internal_value=0.000996003 0.00357894 0.00567033 -0.00600064 0.00334214 -0.000689845 -0.00444378 -0.0088008 -0.0047557 0.0099657 0.005209 -0.0103837 0.0049118 0.00949954
internal_weight=47.6541 33.1466 27.5418 5.60478 24.3624 15.7007 11.8857 8.2501 14.5075 8.66171 3.63562 6.97002 2.05519 3.81501
internal_count=16439 12670 8496 4174 7772 6770 5574 4407 3769 1002 1167 2279 274 1196
is_linear=0
shrinkage=0.02


Tree=401
num_leaves=15
num_cat=0
split_feature=50 52 59 75 66 50 21 56 16 21 61 50 76 18
split_gain=1.67213 1.85397 1.82167 2.10829 2.35802 1.66055 2.01061 1.50451 1.48549 1.42606 1.24823 1.15997 1.10888 1.10679
threshold=0.0080953393902406124 -0.016317934915348688 0.0090544910159062932 0.40246432547313032 0.29498201438848926 0.028542748071900496 -0.016606180791870231 0.004480851783140275 -0.04924528437921407 -0.027299868561329314 0.31799505948779999 0.072975873843571348 186.56823271956372 -0.068534762203096053
decision_type=10 10 8 10 10 8 10 10 10 10 10 10 10 10
left_child=12 -2 3 13 9 6 -6 -4 -7 -5 -9 -10 -1 -3
right_child=1 2 7 4 5 8 -8 10 11 -11 -12 -13 -14 -15
leaf_value=-0.012955337237667132 0.01296701178303885 0.0068320423990264317 -0.0062611864268687601 0.0030474223905432312 -0.0023539208476098402 0.014511572218030691 0.025879848901248385 0.018502735769768953 -0.0091273034714434396 -0.010876030268032346 -0.0026949410824591009 0.0050369909061866707 0.0075967219228397298 -0.011493569164261364
leaf_weight=3.7504857070161952 5.0755854210292446 0.87828630511648942 1.2404344325477712 4.7203159500131724 1.2349755226023265 1.9493549646285808 2.2692982210210157 4.0601290581398644 3.5440586907134275 5.5335864512380821 1.1274275754403786 3.7902970834693406 0.63481286093156075 7.5143931385391642
leaf_count=4990 534 68 201 1197 724 275 343 337 1542 2735 81 500 239 2744
internal_value=0.00144171 0.00270365 0.00102955 -0.00104376 0.00212854 0.00760093 0.0176162 0.00994416 0.00247512 -0.00476522 0.0142048 -0.0020813 -0.00912204 -0.00905261
internal_weight=47.3234 42.9381 37.8626 31.4346 23.0419 12.788 3.50427 6.42799 9.28371 10.2539 5.18756 7.33436 4.3853 8.39268
internal_count=16510 11281 10747 10128 7316 3384 1067 619 2317 3932 418 2042 5229 2812
is_linear=0
shrinkage=0.02


Tree=402
num_leaves=15
num_cat=0
split_feature=19 20 42 57 26 29 58 29 37 15 77 40 32 29
split_gain=1.59787 1.84297 2.16958 1.84545 1.6011 1.45991 1.43234 1.43582 1.30435 1.17456 1.13769 1.54628 1.12142 1.04634
threshold=-0.1201997872461376 0.033776102689270622 0.042235755503659274 -0.0082301584868035692 -0.066927341965198353 -0.032870641577562483 0.011406245545006133 -0.016952294254709118 -0.012267069874497627 -0.00049005846684688811 -275.96413689415391 0.015989852722030507 0.024442105711271211 -0.020335386253093651
decision_type=8 10 10 8 10 10 10 10 10 10 10 8 10 10
left_child=9 3 4 5 12 -2 7 -5 -8 -1 -6 -12 -3 -13
right_child=1 2 -4 6 10 -7 8 -9 -10 -11 11 13 -14 -15
leaf_value=0.0011414061749352906 -0.0024680604247632331 -0.0047346151708844179 0.0097258608405816488 -0.013947948600226093 0.0077296304235968828 0.022590451326754302 0.014307965737529236 0.0041842199132196729 -0.0017361289543116293 0.015813395365849796 -0.014567306446049984 0.0043729496222091567 0.01482515923466933 -0.009019423903070754
leaf_weight=4.1691225241520442 1.0295595211064212 1.5404409604452696 3.3151262792816842 2.833794778031006 0.94532962808443954 2.4064114781140233 3.2090562160665286 2.549661608420136 3.53894281473913 4.0030556238198169 9.1783623340888862 3.9629707903732196 1.463728677423205 3.493395110977878
leaf_count=413 740 337 242 4002 123 432 538 990 923 341 5090 1187 51 1103
internal_value=0.00174934 1.75331e-06 -0.00343761 0.0051707 -0.00590999 0.0162182 0.00104496 -0.00605017 0.00675566 0.00926883 -0.00818403 -0.00947541 0.00611791 -0.00222614
internal_weight=47.639 39.4668 23.8994 15.5674 20.5842 3.43597 12.1315 5.38346 6.748 8.17218 17.5801 16.6347 3.00417 7.45637
internal_count=16512 15758 8133 7625 7891 1172 6453 4992 1461 754 7503 7380 388 2290
is_linear=0
shrinkage=0.02


Tree=403
num_leaves=15
num_cat=0
split_feature=60 70 10 84 9 57 53 81 81 71 62 84 37 55
split_gain=1.48921 1.78489 1.36204 1.63316 1.61137 1.33826 1.2721 1.11773 2.21454 1.34494 0.91327 0.828293 0.660962 0.650198
threshold=0.43800562594038256 0.2108967223252938 0.573223734701099 0.63533142302484602 55.52066043814434 0.0076280993699605389 -0.032010770075710342 0.25258333333333338 0.21383333333333335 0.18935105204872649 0.17200278676375966 0.52217112818946532 -0.0089901141294387709 -0.048633761613348814
decision_type=8 10 8 10 10 10 10 10 10 10 10 10 8 10
left_child=1 5 4 -4 6 13 -2 8 10 -9 -3 -11 -6 -1
right_child=2 7 3 -5 12 -7 -8 9 -10 11 -12 -13 -14 -15
leaf_value=0.0045309228476781175 0.0046279374783827409 0.0077791786802587142 -0.011223616817292543 0.0066171820307231915 0.017269610770871881 0.01027360664444882 -0.011390634908572497 0.0065174886926188062 0.014788666146882685 -0.013211973869429969 -0.0066842683858563609 0.006145842178747034 -0.0042484295572821967 -0.01152677744720941
leaf_weight=0.66535903597832646 3.3841183393014944 1.9261915945026 9.0537512625669496 1.8689440494636063 1.922925352322636 0.93916004833590694 2.7336372105564788 4.1136829607567043 9.096489845607719 2.4073393902581306 3.356908294132154 0.53390357829630364 0.2886829843046147 4.6828720120756797
leaf_count=222 968 606 2145 174 174 138 1407 1536 2094 1029 1442 86 114 4373
internal_value=0.000657927 0.00357409 -0.00351032 -0.00787197 0.00244002 -0.00521962 -0.00312445 0.00627123 0.00929506 -0.000280844 -0.00101214 -0.00903029 0.0140126 -0.00913004
internal_weight=46.974 27.7219 19.2521 10.9227 8.32936 6.28739 6.11776 21.4345 14.3796 7.05493 5.2831 2.94124 2.21161 5.34823
internal_count=16508 11526 4982 2319 2663 4733 2375 6793 4142 2651 2048 1115 288 4595
is_linear=0
shrinkage=0.02


Tree=404
num_leaves=15
num_cat=0
split_feature=85 15 9 61 82 17 76 30 16 33 55 0 86 9
split_gain=1.55455 2.41261 2.20711 1.59507 1.35947 1.58041 1.32664 1.17524 1.35069 1.23347 1.09951 0.798225 0.793781 0.785022
threshold=0.29764828562403445 -0.00032210283604128378 16.914528969482536 0.36390650942994601 0.15358333333333338 0.082675697508233406 50.569143310417779 0.0027154311298354249 -0.00085459330021361846 -0.0033813008458078923 0.048734133337217121 0.073223296888141304 4.5000000000000009 43.95066411251792
decision_type=10 10 8 8 10 10 10 10 10 10 10 10 10 10
left_child=1 2 11 -2 7 -6 -7 9 -9 -3 -4 -1 -5 -8
right_child=3 4 10 12 5 6 13 8 -10 -11 -12 -13 -14 -15
leaf_value=-0.0085310231715719081 0.010070085099153175 0.015778162924332206 -0.014900087704385041 -0.0088998935871446999 -0.012765706083514872 -0.0079586501297086044 0.013964885537923943 -0.01113821713984051 0.0075127383465429807 -0.0019638627449083197 0.0084311828178624051 0.0078922097968045588 0.0082430844899776239 -0.0052777081102522603
leaf_weight=0.73520061228918843 10.040568977856307 5.2407835622361745 8.2370331015845277 2.7736036641581463 2.9913367213011943 1.6800769453038809 2.6491845050477427 1.8641551247783352 2.4096131556580076 1.8212405846716189 0.25593989832850716 3.1763323677441804 0.63027130626142014 0.52922898017277464
leaf_count=1551 898 820 4444 173 4372 421 318 564 721 855 12 1071 46 105
internal_value=0.000855798 -0.00158444 -0.0081231 0.0063023 0.00283613 -0.00332124 0.0036801 0.00702359 -0.00119195 0.0115266 -0.0133829 0.0036969 -0.00457465 0.0102646
internal_weight=45.0346 31.5901 12.4045 13.4444 19.1856 7.84983 4.85849 11.3358 4.27377 7.06202 8.49297 3.91153 3.40387 3.17841
internal_count=16371 15254 7078 1117 8176 5216 844 2960 1285 1675 4456 2622 219 423
is_linear=0
shrinkage=0.02


Tree=405
num_leaves=15
num_cat=0
split_feature=59 16 52 82 48 58 68 61 82 56 77 10 51 83
split_gain=1.66023 1.85688 2.28154 1.48227 1.60473 1.57101 1.5233 1.38753 1.30784 1.04556 1.02985 0.8657 0.856747 0.82426
threshold=0.0058805061585961741 -0.02445838518160506 0.00037437116837032996 0.11416666666666668 1.0021785751801067 0.014151995460780803 0.74926683694969787 0.29768764665696384 0.2191666666666667 0.004480851783140275 -197.89247505493316 -0.71807807953581393 0.085015699248393597 0.7942264038768031
decision_type=10 8 10 8 10 10 10 10 10 10 10 10 10 10
left_child=1 2 -1 6 12 10 -3 9 -4 -2 -6 -11 -5 -9
right_child=7 3 8 4 5 -7 -8 13 -10 11 -12 -13 -14 -15
leaf_value=0.014420975934046308 -0.002866430896236621 -0.0067831854975035112 -0.006164323075022681 -0.011784785717641893 0.008364954270296961 0.0093175086815919586 0.014011642868860941 -0.0096220002459545557 0.011084618907163344 -0.0045551411081556194 -0.010989035155483655 0.017919982603894741 0.0062259054713074725 0.0084016864238609778
leaf_weight=4.690500250690091 1.1506502818956486 1.6470461457211087 6.1718636164951022 12.279074551872327 0.65056575979542675 3.4704358018861967 2.3196866417856654 1.7953591994155433 1.3532974438494418 0.37587071068992361 3.481885632601915 4.7523835272004362 0.54154982161708254 0.67538021132349957
leaf_count=1070 354 483 2442 8496 59 440 352 287 466 67 1417 442 25 74
internal_value=0.000639448 -0.00128139 0.00483807 -0.00441611 -0.00656684 0.000721692 0.00575003 0.00798283 -0.00212597 0.0124539 -0.006906 0.0157982 -0.0106286 -0.003694
internal_weight=45.3555 36.6059 12.2157 24.3902 20.4235 7.60289 3.96673 8.74964 7.52516 6.2789 4.13245 5.12825 12.8206 2.47074
internal_count=16474 15250 3978 11272 10437 1916 835 1224 2908 863 1476 509 8521 361
is_linear=0
shrinkage=0.02


Tree=406
num_leaves=15
num_cat=0
split_feature=85 5 30 18 31 79 5 41 77 62 23 71 53 10
split_gain=1.87671 1.77438 1.76898 1.738 1.6507 1.55746 1.57006 1.23204 1.15081 1.37428 1.03952 1.01043 0.905088 0.880753
threshold=0.44386905409445288 0.59683670917729448 -0.0029020071466049516 0.022488659646269619 -0.029971920178723601 -0.17751751908555208 0.16720430107526885 -0.0039479359114830631 -65.104635838921681 0.22689919341230472 138.21486928104576 0.16010175452206407 0.037664599588704946 1.8648979813099043
decision_type=10 10 10 8 10 10 10 10 10 10 8 10 10 8
left_child=1 3 11 4 8 6 -6 13 9 -1 -9 -3 -5 -4
right_child=-2 2 7 12 5 -7 -8 10 -10 -11 -12 -13 -14 -15
leaf_value=0.018889639309783653 0.0099315779651095622 -0.0038136687501697237 -0.012875075361605022 -0.01366782672316099 0.012920977464907255 -0.0094813649106427235 -0.0073480952898102086 0.014157105552319362 -0.0018341110462843614 -0.0047510982665680173 -0.0075094131635697146 0.015647544200052085 0.004902368127744308 0.0048636534917118465
leaf_weight=2.5370156978897289 5.2794355141231781 0.91099683872016601 3.0329224029701436 7.4070663339080038 2.3694496534881191 9.1075791974653839 1.9199653871692133 1.5232795226620495 3.5010998368743484 0.89156411925796408 0.59915967758570321 4.2974246736775967 0.69197138908202749 0.94504762552969657
leaf_count=307 637 571 1799 7200 310 2796 639 225 683 153 175 727 102 72
internal_value=-0.000251588 -0.0018152 0.0046189 -0.0044449 -0.00113392 -0.00512282 0.00417445 -0.00264077 0.00625125 0.0130574 0.00759457 0.0121776 -0.0117168 -0.00853041
internal_weight=45.014 39.7345 11.3088 28.4257 20.3267 13.397 4.28942 6.10041 6.92968 3.42858 2.12244 5.20842 8.09904 3.97797
internal_count=16396 15759 3569 12190 4888 3745 949 2271 1143 460 400 1298 7302 1871
is_linear=0
shrinkage=0.02


Tree=407
num_leaves=15
num_cat=0
split_feature=60 81 25 77 18 72 69 62 59 18 65 20 63 17
split_gain=1.67914 1.37606 1.95831 1.56004 1.44137 1.24183 1.21512 1.20948 1.14616 1.00128 0.918645 0.816924 0.77046 0.759671
threshold=0.62196680186622288 0.2131666666666667 0.31432770208088295 -68.762606259088898 0.024163092679223789 0.10098121018597264 0.54711944939384416 0.23023051457064622 -0.00014615724518753155 -0.03128876662469162 2.0480030721966211 0.13690220491771105 0.13089957163255597 0.074179894179894193
decision_type=8 10 10 10 10 10 10 10 10 10 10 10 10 8
left_child=1 2 9 4 5 -3 -7 12 13 -1 -10 -11 -4 -5
right_child=-2 3 7 8 -6 6 -8 -9 10 11 -12 -13 -14 -15
leaf_value=0.0037109010353068021 -0.0076235582637113565 0.00034028156747534932 -0.0034876961213472267 -0.009225285088552063 -0.00015297613277405126 -0.00087356602056169221 0.021463026980477605 -0.004719500208158472 0.011736944706495259 -0.012955026395840372 -0.0036124616248727603 0.0053063740070215847 0.01624996817330587 0.001312348052834352
leaf_weight=1.9794649253017258 5.3889025074386145 1.9421481148601722 0.60560553984396337 3.1657668745101537 3.445685919825336 1.0476601891277821 5.8180024696266628 1.7825812945739015 4.6195316663797756 5.9012984781729747 1.6196779114106901 0.58572457301488601 2.8710729198573972 7.3862857840940714
leaf_count=203 1271 459 295 4636 1985 256 772 447 829 3054 449 50 407 1403
internal_value=0.00202334 0.00338521 -0.00174952 0.0057892 0.0109305 0.0148399 0.0183769 0.00705715 0.00163383 -0.0073877 0.0078037 -0.0108177 0.0128008 -0.00237401
internal_weight=48.1594 42.7705 13.7257 29.0448 12.2535 8.80781 6.86566 5.25926 16.7913 8.46649 6.23921 6.48702 3.47668 10.5521
internal_count=16516 15245 4456 10789 3472 1487 1028 1149 7317 3307 1278 3104 702 6039
is_linear=0
shrinkage=0.02


Tree=408
num_leaves=15
num_cat=0
split_feature=60 83 71 62 62 73 48 85 48 1 21 2 72 42
split_gain=1.56305 1.49604 2.06767 1.44509 1.90618 1.4965 1.33984 2.56218 1.81714 1.41822 1.2769 1.03307 0.9931 0.989594
threshold=0.43800562594038256 0.13128301170001366 0.13047650838688143 0.18709252411917213 0.23474139283193476 0.080731555810397579 0.29072371827218962 0.2857767266929217 -0.19947140835937513 0.35097051138484514 -0.0074979801012386603 0.403923076923077 0.13478656846440171 0.042235755503659274
decision_type=8 10 10 10 10 8 8 10 10 10 8 10 10 10
left_child=1 2 10 -2 5 -5 8 9 -3 -8 -1 13 -6 -10
right_child=3 6 -4 4 12 -7 7 -9 11 -11 -12 -13 -14 -15
leaf_value=-0.0077088040701189875 -0.011187566801745315 -0.0032231714503422521 -0.012079137661666463 0.012573400839815499 -0.012797005017746036 -0.0029320717892937559 -0.013219284676416707 0.014056711183574041 0.018750894300286498 0.0034780608368449022 0.016372431350605576 -0.0027959191345217067 0.0020507533976895334 -0.0051613425287546531
leaf_weight=0.62231585358676966 4.2968327619018991 2.2470567515192661 3.3973928531631827 5.2167786105346723 3.4821146623507948 3.6263180605747047 3.2246765057570901 3.217918069451116 8.1025184138634305 3.2903225705813384 1.5575609855441173 0.85665036548744034 2.6089553276469815 0.33987669734051529
leaf_count=1419 1295 919 5354 909 1195 981 1495 407 1300 211 251 75 593 16
internal_value=0.00208357 0.00512356 -0.00361082 -0.00220522 0.000919081 0.00656311 0.00747218 0.00171108 0.0118051 -0.0054458 0.00923538 0.0153969 -0.007045 0.0173436
internal_weight=46.0873 26.8563 5.57727 19.231 14.9342 8.8431 21.279 9.73292 11.5461 6.515 2.17988 9.29905 6.09107 8.4424
internal_count=16420 11447 7024 4973 3678 1890 4423 2113 2310 1706 1670 1391 1788 1316
is_linear=0
shrinkage=0.02


Tree=409
num_leaves=15
num_cat=0
split_feature=61 51 26 16 30 27 72 35 18 63 66 25 84 57
split_gain=1.94485 2.71631 2.17798 2.1294 1.53972 1.33066 1.31855 1.19623 1.13591 1.04649 0.959963 1.05898 0.924657 0.897764
threshold=0.22685605296766823 -0.024776305696924624 -0.069850051311627456 -0.02445838518160506 0.022929407307169979 0.012975500430925159 0.13305167167828116 -0.010845228653266091 -0.044107889121360981 0.15569999436794238 0.29330977620730275 0.43683009927062838 0.18537754730395692 0.010067042389292737
decision_type=8 10 8 8 10 10 10 10 8 10 10 10 10 10
left_child=1 -1 12 4 7 10 8 -4 -5 -8 -3 -12 -2 -10
right_child=2 5 3 6 -6 -7 9 -9 13 -11 11 -13 -14 -15
leaf_value=-0.0089091244404840963 -0.0061190704606417425 0.0043624923987415675 0.011626604413875417 0.0021440796757430879 -0.0075054205515420894 -0.0080733547452278096 0.0080857080211128082 -0.0073072634428514183 -0.015232147888101457 -0.0057441508177160025 0.020059383221295517 -0.0013232019597074264 0.01526151743809588 0.0026095436751898504
leaf_weight=2.4591948997040154 0.43055502497009035 4.3143610703482373 6.4378882243472617 2.0116774647613056 2.402864450989 0.6401470853743384 2.820283217188261 0.91420354813453553 8.510860505506578 4.1249189862865023 6.1027107905174489 0.92870752400631307 3.1587040687154513 0.97735026912414547
leaf_count=3078 153 1572 1270 198 853 813 538 502 4377 1530 1052 241 236 73
internal_value=0.00188231 0.0077078 -0.000919137 -0.0029059 0.00436542 0.0115407 -0.00677817 0.00867924 -0.0106604 0.000182675 0.0132116 0.0174221 0.0119223 -0.0133208
internal_weight=46.2344 14.4451 31.7893 28.2 9.75496 11.9859 18.4451 7.35209 11.4999 6.9452 11.3458 7.03142 3.58926 9.48821
internal_count=16486 6756 9730 9341 2625 3678 6716 1772 4648 2068 2865 1293 389 4450
is_linear=0
shrinkage=0.02


Tree=410
num_leaves=15
num_cat=0
split_feature=76 77 51 53 83 49 60 7 74 49 70 51 59 11
split_gain=1.97674 1.64281 1.63591 1.66847 2.13034 1.70997 1.64486 1.57554 1.36403 1.21716 1.08947 0.820249 0.809671 0.790584
threshold=101.9689848692169 -7.8571893383309943 0.077212457388748199 -0.058491280185165424 0.61936312810428651 -0.37592927263983583 0.5143357771796716 489.5257329403542 0.7544076708939067 -0.22792576923457972 0.21628856105440722 0.03284953253341031 0.010141722070052921 -1.5618708875282281
decision_type=10 10 10 8 10 10 10 10 10 10 10 10 10 8
left_child=2 9 3 5 8 -1 -6 -3 11 10 -2 12 -5 -12
right_child=1 7 -4 4 6 -7 -8 -9 -10 -11 13 -13 -14 -15
leaf_value=-0.0077954207401690684 -0.0040463641458451565 -0.0090470561993748529 0.011607050684636225 -0.017636665983422294 0.0050218906474696302 0.012498357404227695 -0.009609337612480345 0.012168378026331321 0.010563090902903674 -0.00051598919369115004 -0.0026156383160151095 -0.0028621417816771084 0.00089835778367550016 0.020053714454776137
leaf_weight=1.7361082686475127 0.64826421690668112 3.3893033330386961 2.2245861807605243 7.5697048107904319 8.5905150015460077 3.7228914683146286 3.5240927987179012 1.0840323852462459 0.35639493656344789 2.4320942882623049 0.4451817323861178 3.1789608058170424 0.95356569695286442 5.2020600488904165
leaf_count=688 314 1712 188 9897 453 630 236 57 14 549 333 550 180 689
internal_value=0.000664383 0.00688707 -0.00204533 -0.00341571 -0.00565402 0.0058367 0.000357539 -0.00262198 -0.0112584 0.0115294 0.0156157 -0.0127022 -0.0156864 0.018142
internal_weight=45.0578 13.2009 31.8568 29.6322 24.1732 5.459 12.1146 4.47334 12.0586 8.7276 6.29551 11.7022 8.52327 5.64724
internal_count=16490 3654 12836 12648 11330 1318 689 1769 10641 1885 1336 10627 10077 1022
is_linear=0
shrinkage=0.02


Tree=411
num_leaves=15
num_cat=0
split_feature=50 53 83 61 70 26 51 76 24 75 60 33 50 83
split_gain=1.73453 1.50822 1.70532 1.49434 1.39172 1.23231 1.24416 1.09111 0.968235 0.946838 1.20331 0.85225 1.44108 0.828941
threshold=0.0093207521394544929 -0.058491280185165424 0.65928022353727811 0.22422335568728261 0.22405015981028975 -0.069850051311627456 0.050147874739320954 186.56823271956372 0.81666666666666676 0.41009215099830254 0.32888576362309302 -0.0050737416461526718 0.082798403532608728 0.10045328179940426
decision_type=10 10 10 10 10 10 10 10 10 10 10 10 10 10
left_child=7 -2 3 4 -3 -5 8 -1 -7 10 -4 -11 -13 -6
right_child=1 2 9 5 13 6 -8 -9 -10 11 -12 12 -14 -15
leaf_value=-0.014351245469654555 0.009906055501605655 -0.0080745678219042542 0.009170999122433323 0.0054193547384810336 -0.0058961207859303455 -0.015679259179877465 0.00098388713280805461 0.006365868384803775 0.0055751953779077509 0.011728003375872242 -0.008606077493327681 -0.010314258074897401 0.011431762610161631 0.011804129592537203
leaf_weight=3.5932513121297225 6.3807374440220874 2.0617870492496904 1.4679263450670976 1.7667057506187092 0.67906271142419417 7.3916552147857146 2.818944042082876 0.68241099916485826 0.4605314524960703 6.7664643726748173 3.0711618159548379 1.7191849066875868 1.2121171285398302 4.1425673996200203
leaf_count=5184 919 2102 104 172 738 5063 152 250 24 392 161 90 105 937
internal_value=0.000336813 0.00172056 -7.74432e-05 -0.00386787 0.00330833 -0.00779002 -0.0102539 -0.0104648 -0.0139437 0.0049829 -0.00223925 0.0082566 -0.000701543 0.00872669
internal_weight=44.2145 39.9388 33.5581 19.3213 6.88342 12.4378 10.6711 4.27566 7.85219 14.2369 4.53909 9.69777 2.9313 4.82163
internal_count=16393 10959 10040 9188 3777 5411 5239 5434 5087 852 265 587 195 1675
is_linear=0
shrinkage=0.02


Tree=412
num_leaves=15
num_cat=0
split_feature=26 15 84 62 58 16 56 81 74 51 84 51 53 20
split_gain=1.39893 2.3279 1.79769 1.69219 1.37267 1.25911 1.72468 1.39026 1.6542 1.42846 1.19705 1.1864 1.161 1.06407
threshold=-0.069850051311627456 -0.0019933001952729692 0.52217112818946532 0.23175284419919615 0.01974099690502587 -0.024736074522764603 0.014855424538373999 0.1571666666666667 0.63423734983618507 0.050147874739320954 0.19509121151534056 0.064526605458248232 -0.025245412442735721 0.14893788507570105
decision_type=8 10 10 10 8 8 10 8 10 10 10 10 10 10
left_child=10 2 11 5 -5 12 7 -7 9 13 -1 -2 -3 -9
right_child=1 3 -4 4 -6 6 -8 8 -10 -11 -12 -13 -14 -15
leaf_value=-0.0061225104041820067 -0.013511549629609307 0.017035813214800129 0.005704053719373354 -0.010960979463499294 0.0061003728596641382 0.010987575918941797 0.011430031306722124 -0.015068950724312776 0.011005220544508308 0.0054783434273704412 0.014787520315169141 0.0057019050196620439 0.0014697281309418162 0.0067476006247294707
leaf_weight=0.78728904837043945 7.4570421751923259 5.1262996958830627 2.8484523294901001 4.0861439560467252 2.1922543706386932 1.6458228844130687 4.5976398091879664 5.776016376032203 1.1852708412916397 1.6230036491760982 4.2876014779030811 0.94376381032634515 3.0856609860056761 0.4513946974184363
leaf_count=278 4660 987 182 1947 329 193 560 5105 500 116 313 33 1225 24
internal_value=0.0021079 0.000762059 -0.00663165 0.00368071 -0.00498395 0.00610543 0.00240537 -0.00212505 -0.00537033 -0.00880685 0.0110698 -0.0109761 0.0119813 -0.0127728
internal_weight=46.0937 41.0188 11.2493 29.7695 6.2784 23.4911 15.2791 10.6815 9.03569 7.85041 5.07489 8.40081 8.21196 6.22741
internal_count=16452 15861 4875 10986 2276 8710 6498 5938 5745 5245 591 4693 2212 5129
is_linear=0
shrinkage=0.02


Tree=413
num_leaves=15
num_cat=0
split_feature=83 71 77 80 71 5 82 87 7 34 17 81 58 62
split_gain=1.95382 1.46194 1.48938 1.26006 1.65627 1.78005 1.82678 1.50604 1.30987 1.13652 1.07737 0.889641 0.769945 0.76672
threshold=0.15072815490398139 0.087114613029247195 -235.29798761609905 0.052583333333333336 0.32120563234053606 0.39358270418668501 0.2161666666666667 0.040956108470785575 315.30738127177705 0.057269112274117441 0.10748244912467787 0.21583333333333335 0.0094040612369414023 0.20143032493436533
decision_type=10 8 8 10 8 10 10 10 10 8 10 10 10 10
left_child=1 -1 -3 4 5 6 8 -5 10 11 -2 12 -7 -13
right_child=3 2 -4 7 -6 9 -8 -9 -10 -11 -12 13 -14 -15
leaf_value=0.011289477706094985 -0.011573456020337916 0.0075936912177288875 -0.013886695055575309 -0.010016837662898848 -0.01104490386158433 0.0098968330692606309 0.015214215558688802 0.0098571237973308565 0.0064793199242814395 -0.0019297340969885624 0.0013241901850084585 0.0041042967563200694 -0.0041579846125189878 0.018956849895750298
leaf_weight=0.62893102499219722 5.0841002153101744 0.91473567601497052 5.9072878207953181 4.4718682363163671 1.6042923068307562 2.4532316144104689 1.8787832943053207 1.2186612833756951 3.8540177114773533 2.3512712205556481 4.1881392338400474 2.5116358910017862 2.0648518043599324 6.6368229234358296
leaf_count=199 1413 151 8846 1998 345 385 227 175 272 511 536 533 274 599
internal_value=0.00130768 -0.00745356 -0.0104039 0.00315756 0.0046715 0.00580378 0.000731343 -0.00492356 -0.00227189 0.0102333 -0.00618599 0.0123148 0.00388404 0.0156854
internal_weight=45.7686 7.45095 6.82202 38.3177 32.6271 31.0229 15.005 5.69053 13.1263 16.0178 9.27224 13.6665 4.51808 9.14846
internal_count=16464 9196 8997 7268 5095 4750 2448 2173 2221 2302 1949 1791 659 1132
is_linear=0
shrinkage=0.02


Tree=414
num_leaves=15
num_cat=0
split_feature=50 52 75 66 50 76 21 83 42 59 8 55 38 7
split_gain=1.95191 1.55899 1.52841 1.30098 2.07281 1.44724 1.32192 1.16538 0.951839 0.932517 0.852143 0.820347 0.796342 0.78233
threshold=0.0080953393902406124 -0.023600061015205741 0.41274455518641567 0.29401222854733294 0.037323954173353414 73.970751519401617 -0.027692608414925258 0.65928022353727811 0.049855611265032344 0.010871707204210988 0.8100622489296595 -0.041240328393435173 0.067557506532300346 55.487614500000014
decision_type=10 10 10 10 10 10 10 10 10 8 10 10 10 10
left_child=8 -2 9 6 5 -5 11 13 -1 10 -3 -4 -8 -6
right_child=1 2 3 4 7 -7 12 -9 -10 -11 -12 -13 -14 -15
leaf_value=-0.014265376231344825 0.014263353007125518 -0.0091297355835912378 0.014498281813869874 0.0020142046487907372 0.0053202524674070082 0.024250862092224938 -0.009166440499277102 0.0087722435488483252 0.0056817670407891107 0.007053526908129955 0.0039422991597977174 -0.0001576122325154562 0.0058843313983724266 -0.0082500710770337469
leaf_weight=3.2609498909150711 3.321640417983871 8.2208256355224822 1.6572202265379017 1.9385104981483881 1.7930676512187327 2.9654423245010548 5.601951395547081 4.4967847872176208 0.64435726022929873 1.6130823525309104 1.9286333898780874 3.543985513671938 1.047663737539551 3.8003613261753344
leaf_count=5254 309 2963 128 925 613 567 2566 297 38 149 522 1019 183 1048
internal_value=0.00151373 0.00284971 0.0015324 0.00412647 0.00785035 0.0172908 -0.000829388 0.00211679 -0.0104868 -0.00424733 -0.00651495 0.00609703 -0.00633591 -0.00375275
internal_weight=45.8345 41.9292 38.6075 26.845 14.9942 4.90395 11.8508 10.0902 3.90531 11.7625 10.1495 5.20121 6.64962 5.59343
internal_count=16581 11289 10980 7346 3450 1492 3896 1958 5292 3634 3485 1147 2749 1661
is_linear=0
shrinkage=0.02


Tree=415
num_leaves=15
num_cat=0
split_feature=18 18 72 32 60 81 83 76 30 85 52 21 32 59
split_gain=1.60088 1.96724 1.91608 1.50659 1.49707 1.64978 1.47366 1.23127 1.13051 1.07736 0.924301 0.902988 0.885464 0.959009
threshold=0.024504593044513915 0.016254016242230832 0.11534429930656347 0.048603033788113988 0.31773797514132901 0.22141666666666668 0.63095571263682437 108.0779821888915 -0.007423574947654262 0.38419537273268639 0.07133178245604975 0.038629735232412449 0.023658499459180391 -0.0050475165107131134
decision_type=8 8 10 10 10 10 10 10 10 10 10 8 10 10
left_child=1 3 10 4 5 -1 7 -2 -6 11 -3 -10 13 -8
right_child=6 2 -4 -5 8 -7 12 -9 9 -11 -12 -13 -14 -15
leaf_value=-0.0054422478212775832 -0.015962454802641874 -0.0093614404711587652 0.020177271583776076 0.0094032429218014243 0.003104829099102317 0.013083318272905731 -0.0054018587307306347 0.0022663868363084982 -0.013124287613944071 0.0042370362501143793 0.0099167713401628228 0.0040123726484932558 -0.0049948535618099255 0.013438438714662828
leaf_weight=2.4373241713183296 4.0884240471132198 1.4159637093980557 3.8565002263349015 5.86825750627031 4.5290764707606312 3.9060579642318771 0.92860670959635205 1.7741678203165063 7.5129276315637918 1.7573007052124001 0.7105340321722905 0.96921251274761822 2.9257268058718182 2.4266910719743464
leaf_count=848 7200 700 639 702 588 1358 71 1723 2135 158 50 68 199 130
internal_value=0.00148596 0.0037519 0.0132231 0.00125408 -0.00133388 0.00619343 -0.00448229 -0.0109195 -0.00475474 -0.0081981 -0.00180839 -0.0109495 0.00220064 0.00818114
internal_weight=45.1068 32.9632 5.983 26.9802 21.1119 6.34338 12.1436 5.86259 14.7685 10.2394 2.1265 8.48214 6.28102 3.3553
internal_count=16569 7246 1389 5857 5155 2206 9323 8923 2949 2361 750 2203 400 201
is_linear=0
shrinkage=0.02


Tree=416
num_leaves=15
num_cat=0
split_feature=16 82 69 87 82 39 81 18 28 72 31 83 39 39
split_gain=1.43306 1.77092 1.70936 1.49623 1.23647 1.48828 1.26912 1.18052 1.39237 1.34888 1.17938 1.11212 1.07566 1.04352
threshold=-0.038596816013791439 0.12816666666666668 0.5296331400535238 0.10042016806722691 0.11416666666666668 0.015151761430200245 0.22783333333333336 -0.036063799959770486 0.11643638640302964 0.12866157115889801 -0.018218616865405084 0.71235339665572284 -0.010484935399461709 -0.0050754165810503625
decision_type=8 10 10 10 8 10 10 8 10 10 10 10 10 10
left_child=1 -1 -3 4 12 7 -7 10 9 -9 -6 -11 -2 -4
right_child=3 2 13 -5 5 6 -8 8 -10 11 -12 -13 -14 -15
leaf_value=-0.0090495351414339471 -0.0060365896998890558 -0.0050028249781417823 0.01635494539215929 0.012253379963569322 0.0082059397758673068 -0.0078376757727311556 0.012164170542686372 -0.015468938482660597 0.0025906885824447073 -0.0089766650657118734 -0.0095027959549706144 0.0065836834592945251 0.011625168849672055 -0.0027544597334072385
leaf_weight=1.6262094578560198 1.3247500750876495 1.9490563558720149 6.5845814686763324 1.945459623413625 3.3055960066412808 1.0918740672423148 2.7662843196667382 9.0058125083887806 3.2992415960325152 3.3390462220486361 1.3463507569686042 2.2628512681112625 3.0978607582073918 1.0374886486315524
leaf_count=307 524 633 1601 252 304 377 597 7364 345 2949 228 69 446 428
internal_value=0.000688118 0.00655173 0.00980781 -0.00144917 -0.00267127 -0.00432785 0.00605544 -0.00628532 -0.0085212 -0.0110361 0.00230621 -0.00264599 0.00619716 0.0137361
internal_weight=43.9825 11.1973 9.57113 32.7851 30.8397 26.4171 3.85816 22.5589 17.907 14.6077 4.65195 5.6019 4.42261 7.62207
internal_count=16424 2969 2662 13455 13203 12233 974 11259 10727 10382 532 3018 970 2029
is_linear=0
shrinkage=0.02


Tree=417
num_leaves=15
num_cat=0
split_feature=15 56 14 14 20 19 54 1 51 54 0 16 20 79
split_gain=1.56059 1.72061 1.55023 1.54664 1.172 1.15262 1.98201 1.2382 1.14318 1.07036 1.30509 1.06484 1.00302 0.97489
threshold=-0.0022327575462425362 0.01121752311713981 -0.010383706621564013 -0.024630397425847408 0.12787298379089199 -0.036983899414161796 0.017255314671610341 0.30180546519193235 0.060361246282284335 0.034046291306634571 0.28402076318742991 0.026339464870408644 0.15588761521334663 -0.047914107289107298
decision_type=10 10 10 10 8 10 10 10 10 10 8 8 8 10
left_child=1 8 4 -3 11 7 -7 12 -1 10 -9 -2 -4 -8
right_child=2 3 5 -5 -6 6 13 9 -10 -11 -12 -13 -14 -15
leaf_value=-0.012715292593899164 -0.011427032708170495 0.013291241882742779 -0.0070497549484822772 -0.0055713701536625531 0.0086952269925134034 -0.010456319840487774 -0.0025435003363251142 0.01716101762953216 0.0055077432746916703 -0.00022298395791248764 -0.0030400003855878101 0.0035428348847074877 0.011671628951413656 0.013742610106665757
leaf_weight=6.4970808513462526 4.7059659430524317 2.4964929253401351 2.5585935978233465 2.6378620666800998 1.6875259753724092 3.1265803541682571 1.9685795379700719 8.8207925290334934 1.0894217463792299 2.2741012838087036 1.1565351978788392 2.2724215406778967 0.69534128168015685 2.7727856690326007
leaf_count=3870 2862 482 1160 452 179 2796 1677 784 47 253 79 911 15 911
internal_value=0.00151317 -0.00419906 0.00383961 0.00427182 -0.00312852 0.00644547 0.000129511 0.00944839 -0.00976178 0.0121684 0.0147558 -0.00671923 -0.00124586 0.00771547
internal_weight=44.7601 12.7209 32.0392 5.13435 8.66591 23.3733 7.86795 15.5054 7.5865 12.2514 9.97733 6.97839 3.25393 4.74137
internal_count=16478 4851 11627 934 3952 7675 5384 2291 3917 1116 863 3773 1175 2588
is_linear=0
shrinkage=0.02


Tree=418
num_leaves=15
num_cat=0
split_feature=81 52 60 41 71 57 50 1 32 0 17 74 20 79
split_gain=1.24433 1.72449 1.44509 1.61123 1.40396 1.21868 1.58444 1.15096 1.05326 1.24954 1.0083 0.946955 0.748285 0.765738
threshold=0.21283333333333335 0.00037437116837032996 0.48694173143499103 -0.011749384342403685 0.087114613029247195 0.0057063177436936985 0.11837027363772754 0.35493414773811799 1.0000000180025095e-35 0.053869184707508073 0.061752228418895092 0.57821912650602425 0.14893788507570105 -0.20417405728550778
decision_type=10 8 10 10 8 10 10 8 8 10 10 10 10 8
left_child=1 7 3 10 -3 6 -4 -1 9 -5 -2 -10 13 -6
right_child=2 4 5 8 12 -7 -8 -9 11 -11 -12 -13 -14 -15
leaf_value=-0.0049060876864963927 -0.01135065366574624 0.011872579391087457 -0.0098877194351781206 -0.0040877468062653485 -0.0006332342489899016 0.0099859383017573966 0.010073772128614638 0.013841501226103028 0.0082400615078490318 0.018654903225580659 0.0038866838223278952 -0.0063369167576153799 0.0053159918545652293 -0.013110621575146683
leaf_weight=1.3697569157884553 1.4771101258957084 0.71138341086770829 5.6895252364338358 0.74028288252157004 2.8079677025816636 1.7288495611064716 1.2069135151687076 2.8005742524983361 6.3597668683214588 6.6304897125010029 4.8384534400320263 1.5404993807896969 0.86612585655530061 6.5142978551812103
leaf_count=923 2513 89 2375 1660 751 116 78 230 1562 1671 1120 571 72 2725
internal_value=0.00276525 -0.00184879 0.00505229 0.00771934 -0.00594042 -0.00173107 -0.00556101 0.00792588 0.011049 0.0161553 -0.000741515 0.00500502 -0.00813416 -0.00977774
internal_weight=45.282 15.0701 30.2119 21.5866 10.8998 8.62529 6.89644 4.17033 15.271 7.37077 6.31556 7.90027 10.1884 9.32227
internal_count=16456 4790 11666 9097 3637 2569 2453 1153 5464 3331 3633 2133 3548 3476
is_linear=0
shrinkage=0.02


Tree=419
num_leaves=15
num_cat=0
split_feature=78 47 41 20 39 51 67 56 78 22 67 83 35 71
split_gain=1.78917 1.48277 1.43479 1.42003 1.50949 1.55273 0.976239 0.939231 0.920766 1.06542 0.853099 0.805663 0.741491 0.703826
threshold=0.12221118435660093 -0.0030344408331408018 -0.01464256151304073 0.13311785969927722 0.014322037828622238 0.038166340478421164 0.19410230401391107 0.012265628336082097 0.39686831586384447 0.028125781577318151 0.22028853914447136 0.047655720296097194 -0.034658724651539956 0.18935105204872649
decision_type=10 10 10 8 10 8 8 8 8 8 10 10 10 10
left_child=3 2 -2 4 5 7 -5 -1 9 11 -6 -4 -13 -11
right_child=1 -3 8 6 10 -7 -8 -9 -10 13 -12 12 -14 -15
leaf_value=-0.013607995956934456 -0.0054430994991913166 -0.0069990120601680248 -0.0026131825018641205 0.015716925202189844 -0.0062476560725314365 0.0021636837136838533 -0.00045400447892271679 -0.0016715562008665964 -0.0065031649340938913 0.0087683156459441598 0.010934298427220046 0.0028870271162146671 0.021060324673778844 -0.00347069684528195
leaf_weight=8.3869474130551591 2.06436824529374 2.2439256860743617 0.57831354771041432 1.7441600279271394 0.89663628571724929 5.504739183248609 3.157177802931983 4.0984443442866967 0.60674098870368176 4.0146697851450908 2.8335199471039232 1.4573770478018584 5.3353869390048176 2.3125725871286704
leaf_count=7662 989 707 734 69 314 450 456 1221 343 728 582 365 1297 501
internal_value=0.00147421 0.00606912 0.00816032 -0.00184189 -0.00405445 -0.00643417 0.00698865 -0.0101043 0.0103508 0.011489 0.00635652 0.0162936 0.0180321 0.00443185
internal_weight=45.235 18.6134 16.3694 26.6216 21.7203 17.9901 4.90134 12.4854 14.3051 13.6983 3.73016 7.37108 6.79276 6.32724
internal_count=16418 5664 4957 10754 10229 9333 525 8883 3968 3625 896 2396 1662 1229
is_linear=0
shrinkage=0.02


Tree=420
num_leaves=15
num_cat=0
split_feature=50 15 85 52 76 56 5 41 41 80 30 57 6 19
split_gain=1.55932 1.665 1.76745 1.58012 1.55154 1.61775 1.235 1.30971 1.43043 1.1242 1.10297 1.01884 0.857892 0.851493
threshold=0.0026480677716757832 -0.00049005846684688811 0.38419537273268639 0.012105666022719045 65.052758977251372 0.016743920256971207 0.4238209285187915 -0.010296598158165545 -0.011665126082774044 0.027416666666666669 0.0067139469284135328 0.0037555662294645165 283.56313234519104 -0.027204211065703861
decision_type=10 10 8 10 10 10 10 10 10 10 10 10 10 10
left_child=-1 2 6 10 5 -5 12 8 -8 -6 13 -11 -2 -3
right_child=1 3 -4 4 9 -7 7 -9 -10 11 -12 -13 -14 -15
leaf_value=-0.01073664008307224 -0.013566492542711795 0.018481839989239846 0.0079114923716423341 -0.010568522711908831 0.01272112395065066 0.0069538579241868667 -0.0024620169738644899 -0.0086616087243234496 0.018186818954008959 -0.0091770653137978071 -0.001564190347812915 0.0096700731772080776 0.0038341534502299092 0.0010020947929389686
leaf_weight=3.1267664735423741 6.0770531808739197 5.2319646119649397 4.0946522091689976 5.0298637092200789 4.5154098248240189 2.3984408714313759 2.5492004087136597 2.6555703614430968 1.424976324662566 1.9136929275118748 1.7460797036401343 0.92021785136603274 0.89804286141588807 1.5028109987251834
leaf_count=4374 2939 500 401 2397 676 316 1010 1214 182 1032 640 114 106 626
internal_value=0.00102595 0.0021584 -0.00239182 0.00557694 0.00138787 -0.00475712 -0.00582219 0.000485114 0.0071096 0.00742476 0.01196 -0.00213111 -0.0111263 0.0152152
internal_weight=44.0847 40.958 17.6995 23.2585 14.7776 7.4283 13.6048 6.62975 3.97418 7.34932 8.48086 2.83391 6.9751 6.73478
internal_count=16527 12153 5852 6301 4535 2713 5451 2406 1192 1822 1766 1146 3045 1126
is_linear=0
shrinkage=0.02


Tree=421
num_leaves=15
num_cat=0
split_feature=59 16 81 6 50 57 65 70 61 39 30 11 18 42
split_gain=1.64958 1.76719 1.32712 1.39485 1.60782 1.88917 1.30613 1.20053 1.18189 1.07904 1.06914 1.0056 0.797404 0.843731
threshold=0.0090544910159062932 -0.038596816013791439 0.16358333333333336 327.45008099662169 0.10814489495660033 0.0066558836703151823 1.722649572649573 0.39439573728365213 0.29985640974930422 -0.010385366387240214 0.0027154311298354249 -2.5974546070630269 -0.049806861958348901 -0.005858256969564434
decision_type=10 8 8 10 10 10 8 10 10 10 8 8 8 8
left_child=1 6 10 4 5 11 7 -1 -2 -7 -3 -4 -13 -14
right_child=8 2 3 -5 -6 9 -8 -9 -10 -11 -12 12 13 -15
leaf_value=0.014794172410535312 0.013471115113636769 0.012817302376027651 0.0040988430174341388 0.0085028359678256792 0.0054791561549487723 -0.0077762933542854526 -0.003743122818656549 -0.0040725824714234558 -0.0032020842743688926 0.011906578971907982 -0.007830208717391875 -0.00084556804952666889 0.0044844102493993808 -0.015492460842897751
leaf_weight=4.8258071328091292 4.911222774826455 2.2655563514272243 1.0929422589251769 1.8059877471678181 2.9852981370786429 0.96595806231925996 3.1397010247892476 1.2781584637705234 1.9256092811410779 1.8460557087964833 0.66668420991482014 2.1016443047265057 0.48288861724722665 12.505171047640044
leaf_count=989 515 281 918 212 311 220 1427 432 247 133 241 217 139 10230
internal_value=0.000642801 -0.00113925 -0.00373486 -0.00533886 -0.00679668 -0.00890355 0.00599537 0.0108263 0.0089657 0.00487903 0.00732538 -0.0114431 -0.0127536 -0.0144822
internal_weight=42.7987 35.9619 26.7182 23.7859 21.98 18.9947 9.24367 6.10397 6.83683 2.81201 2.93224 16.1826 15.0897 12.9881
internal_count=16512 15750 12902 12380 12168 11857 2848 1421 762 353 522 11504 10586 10369
is_linear=0
shrinkage=0.02


Tree=422
num_leaves=15
num_cat=0
split_feature=53 39 42 59 56 15 12 16 56 54 12 17 16 44
split_gain=1.4366 2.06668 1.90242 1.52185 1.59811 1.4011 1.29635 1.25732 1.18983 1.02212 0.943821 1.15801 0.898512 0.896232
threshold=-0.058491280185165424 0.019232541656651177 0.03985696498982446 0.0090544910159062932 -0.00010022623499185998 0.031134068374182203 19.541266025641029 0.02454670672341697 0.0051199250325211073 0.010321261456408036 15.933977455716589 0.061752228418895092 1.0000000180025095e-35 -0.01123376455745667
decision_type=8 10 10 10 8 10 10 10 10 10 10 10 10 10
left_child=12 2 3 4 10 -6 -4 -3 -5 -10 11 -2 -1 -11
right_child=1 7 6 8 5 -7 -8 -9 9 13 -12 -13 -14 -15
leaf_value=0.013446682558085706 -0.008514244544593725 -0.0015972789393037476 -0.0072339628399789788 -0.0085192077587524784 -0.011904579647304249 0.0027058565505853954 0.012984247077952435 0.017780050247643932 -0.005952311171612862 -0.0051014389016264374 -0.0055566152853610993 0.011615402915080109 -6.850436950317653e-05 0.018751491487944853
leaf_weight=4.9808947335841367 0.73195897370169394 1.8237136667812581 0.97771037484926537 0.8988147033523991 13.125351512790081 2.8234176379919509 4.0324020148982527 2.832591790574952 0.59722725997562554 0.32525022441404949 3.278843981664977 3.4814645225123968 2.9172401192918187 2.4411676732415795
leaf_count=1020 1715 655 132 223 8464 394 407 339 57 21 1534 733 760 99
internal_value=0.00178584 6.44382e-05 -0.00181413 -0.0039088 -0.00590314 -0.00931105 0.00849157 0.01125 0.00609653 0.0110594 0.00159343 0.00715608 0.00900805 0.0153372
internal_weight=45.268 37.3699 32.7136 27.7035 23.441 15.9488 5.01011 4.65631 4.26246 3.36365 7.49227 4.21342 7.89813 2.76642
internal_count=16553 14773 13779 13240 12840 8858 539 994 400 177 3982 2448 1780 120
is_linear=0
shrinkage=0.02


Tree=423
num_leaves=15
num_cat=0
split_feature=80 59 25 16 63 27 25 48 56 74 66 50 60 84
split_gain=1.6903 1.83833 1.26588 1.43463 1.33289 1.0915 1.05994 0.990054 0.975733 0.893435 0.862372 0.850031 0.794826 0.678399
threshold=0.034166666666666672 0.00077319429597057416 0.16841329583345085 -0.05333817617583355 0.16202738817874829 0.01047991260331377 0.54736645244727644 1.9849680306487363 0.0051199250325211073 0.42092235539343409 0.24642784241681978 0.041872346898947511 0.32888576362309302 0.37268520541762912
decision_type=8 10 10 10 10 10 10 10 10 10 10 10 8 10
left_child=2 7 3 -1 5 6 9 12 -3 -4 -11 -10 -2 -5
right_child=1 8 4 13 -6 -7 -8 -9 11 10 -12 -13 -14 -15
leaf_value=0.011128545006914164 -0.001042037551182307 -0.0047681111140093517 -0.0046468932218842853 -0.013710944877198036 -0.0007077086317019821 -0.0072861366394789745 -0.0057246342774208937 0.0030750126449840794 0.016136717096145621 -0.0012722559437565875 0.015396596717718408 0.0007819831220815495 -0.013941285059684328 0.0018369518639472148
leaf_weight=1.0492943526624001 2.8649991981874345 2.2629446255305075 0.66013865306740527 2.4963888253842046 6.1092638492700635 0.69567948867916207 0.80164450843585733 2.3535573158951584 2.2402533311178559 1.2130263065628231 11.832399029102815 2.792503108670644 5.9954113769344994 1.3396473494649397
leaf_count=134 3407 865 100 1697 1554 988 262 652 343 417 2050 405 3464 89
internal_value=0.00190264 -0.00264206 0.00509275 -0.00354021 0.00714164 0.0101449 0.0113967 -0.00747016 0.00478497 0.0127194 0.0138664 0.00915879 -0.010299 -0.00902412
internal_weight=44.7072 18.5097 26.1975 4.88533 21.3122 15.2029 14.5072 11.214 7.2957 13.7056 13.0454 5.03276 8.86041 3.83604
internal_count=16427 9136 7291 1920 5371 3817 2829 7523 1613 2567 2467 748 6871 1786
is_linear=0
shrinkage=0.02


Tree=424
num_leaves=15
num_cat=0
split_feature=69 70 60 19 1 23 46 58 83 32 70 43 44 83
split_gain=1.2397 1.49018 1.7234 1.56456 2.31665 1.69771 1.36947 1.25748 1.10562 1.08276 1.04304 1.00835 0.976319 0.926697
threshold=0.46864570138238698 0.20881327507833533 0.32280731552302272 -0.1201997872461376 0.37742096713732359 128.4895335541475 -0.0041577710441628385 0.019420773372247412 0.83283295175689331 0.072680219597610493 0.23731073446327686 -0.0017194742296083034 -0.026999368233003865 0.7764904940749584
decision_type=10 10 10 8 10 8 10 10 10 10 10 8 10 10
left_child=8 7 6 -4 10 -6 -3 -2 9 -1 -5 -8 -7 -12
right_child=1 2 3 4 5 12 11 -9 -10 -11 13 -13 -14 -15
leaf_value=-0.013737889042422409 -0.010927741954752754 -0.0024401477370545048 0.010710089800379225 0.0053601449592327937 -0.0062277019370836819 -0.0059216590517779475 0.0027785030204380856 0.0065335269691426806 0.0081043152651112411 0.0051400113472947545 -0.012804284918199132 0.020710069856847386 0.013813296516746221 0.0019309767632484185
leaf_weight=4.0866387387068235 4.1136458072433006 1.7735621056490343 4.9497353745100554 1.5811891257690209 2.4241943906526986 0.60710489012126334 2.1086907302014879 1.6442235874856121 0.97350850841030467 1.0173513314366571 6.7733249495504406 4.2265466395620042 5.5821466590423379 1.8819595102686433
leaf_count=1468 4338 1375 385 583 616 119 919 267 60 97 4477 1048 671 89
internal_value=0.00160159 0.00297876 0.00467303 0.00176093 -0.00101017 0.00624953 0.0120885 -0.00571252 -0.00614858 -0.00974944 -0.00713136 0.015934 0.0113231 -0.00973217
internal_weight=43.7438 37.6663 31.9085 23.7997 18.8499 8.61345 8.1088 5.75787 6.0775 5.10399 10.2365 6.33524 6.18925 8.65528
internal_count=16512 14887 10282 6940 6555 1406 3342 4605 1625 1565 5149 1967 790 4566
is_linear=0
shrinkage=0.02


Tree=425
num_leaves=15
num_cat=0
split_feature=70 60 36 21 72 81 4 21 52 56 17 75 71 51
split_gain=1.22592 1.93549 1.38835 1.36284 1.24995 1.68781 1.52151 1.30944 0.980078 1.15515 0.92744 0.899649 0.765266 0.953815
threshold=0.20881327507833533 0.32280731552302272 0.021811965186390191 -0.0056704885355551666 0.11556079664570232 0.1571666666666667 0.02980632551528074 -0.02444111193627645 -0.014911306068255031 0.026433471084075556 0.082675697508233406 0.47229201563372419 0.22232784114913393 -0.0079550733858200478
decision_type=10 10 10 8 10 8 10 10 8 10 10 10 10 10
left_child=-1 2 3 11 5 -3 7 -6 -7 -10 -9 -2 13 -8
right_child=1 4 -4 -5 6 8 12 10 9 -11 -12 -13 -14 -15
leaf_value=-0.007227211881244271 0.019814285917063534 0.010631548690179952 -0.0045130033938250748 -0.0060370428707482342 -0.0083949941034025029 0.0043826989260109415 0.0096358798330496275 -0.0082562444220058897 -0.011767840766125066 0.004895161847988258 0.0096725598763135034 -0.0023976746540634508 0.014673599946817575 -0.0067851943765926195
leaf_weight=5.1527497255447079 4.9562353894361877 1.7033558138500673 1.4600960090683655 0.65942105462454392 4.747127849710524 1.9608118438191011 1.9545388758997435 0.71479334538889894 8.9350659075862477 1.4221622814802675 3.4081167812546482 0.60200503455416754 4.0531176247459371 1.7633403461659316
leaf_count=4578 1499 114 1060 173 1719 460 228 921 3672 127 490 626 482 244
internal_value=0.00110916 0.00238476 0.0107236 0.0144312 2.4001e-05 -0.00421666 0.00363358 -0.00200274 -0.00691401 -0.00925027 0.00555934 0.0174098 0.00956188 0.0020602
internal_weight=43.4929 38.3402 7.67776 6.21766 30.6624 14.0214 16.641 8.87004 12.318 10.3572 4.12291 5.55824 7.771 3.71788
internal_count=16393 11815 3358 2298 8457 4373 4084 3130 4259 3799 1411 2125 954 472
is_linear=0
shrinkage=0.02


Tree=426
num_leaves=15
num_cat=0
split_feature=60 70 68 83 47 53 79 73 50 75 36 41 84 25
split_gain=1.77425 1.90561 1.65214 1.07066 1.142 1.12233 1.20795 1.02992 0.99846 0.934036 0.899058 0.864222 0.849664 0.803745
threshold=0.41658480681074012 0.20881327507833533 0.70681223227034751 0.73045416186379353 0.055389810785982839 -0.087947678985920735 -0.2885917998450635 0.10259209495017356 0.0026480677716757832 0.33971423337607626 0.025482586444487337 -0.0038781883228302823 0.31637577525166211 0.17157822884642451
decision_type=8 10 10 10 10 8 8 10 10 8 8 10 10 10
left_child=1 11 7 4 5 -2 -7 12 -4 -8 -10 -1 -3 -5
right_child=3 2 8 13 -6 6 9 -9 10 -11 -12 -13 -14 -15
leaf_value=-0.0092176194496615075 0.0071338324455182825 -0.011799051708576707 -0.0059600080159084856 -0.0073292534144803701 0.010192870764939474 0.0071619225530916101 0.0025965451635486586 0.0077403926838810694 0.017203213368640436 -0.013884504186589066 0.00045590217595985915 0.0057806968018940521 0.0034084886637979163 0.0066452029598888067
leaf_weight=3.7854061490943423 1.0801882260420823 2.1631103788895434 0.49621207455493177 1.311670506664085 0.71887075969425573 0.86797179994755425 1.2702850687128329 3.7962492819206091 7.845342940265251 8.7449611021438614 1.5643749798618971 1.4594751914628457 2.0931097095017321 5.3637929669639561
leaf_count=3895 92 1514 1011 52 34 102 282 819 1989 4632 785 658 189 338
internal_value=0.00152771 0.00515936 0.00816345 -0.002865 -0.00611527 -0.0078059 -0.00976426 0.00114289 0.0132423 -0.0117482 0.0147302 -0.00478673 -0.0050947 0.00330219
internal_weight=42.561 23.2033 17.9584 19.3577 12.6823 11.9634 10.8832 8.05247 9.90593 10.0152 9.40972 5.24488 4.25622 6.67546
internal_count=16392 10860 6307 5532 5142 5108 5016 2522 3785 4914 2774 4553 1703 390
is_linear=0
shrinkage=0.02


Tree=427
num_leaves=15
num_cat=0
split_feature=60 4 61 41 83 83 72 51 42 7 50 66 39 37
split_gain=1.73877 1.83918 1.38123 1.23566 1.53214 1.20992 1.17495 1.08058 1.02986 0.869383 0.861552 0.921362 0.903099 0.813361
threshold=0.51974350978404937 0.03234524847428074 0.31043715073919503 -0.006952992173091096 0.55045092715823929 0.83283295175689331 0.11907206414393275 0.047646438397510683 -0.003458218757360387 49.419481524054682 0.037729270714872483 0.34051249347788282 -0.0099687100264262574 -0.022851193806427226
decision_type=8 10 8 10 10 10 10 10 8 10 10 10 10 8
left_child=1 2 3 4 7 8 -5 -1 -2 -6 11 -3 -12 -10
right_child=5 10 -4 6 9 -7 -8 -9 13 -11 12 -13 -14 -15
leaf_value=-0.013061949794031033 0.0045514678047464119 0.021068922146548399 -0.010724125986183098 -0.0010718401091266046 -0.0065513115567587101 0.0073372606536951761 0.011892227700549865 0.0042334425751575947 0.0020875298126889191 0.0090865236600551139 0.0084924375324992394 -0.0017459303287931231 -0.0065294426106838671 -0.014399685594243563
leaf_weight=4.2472120184174855 1.4117366443242643 2.9484557435134762 2.7098596831347086 4.275485967227727 1.1592188538925254 1.594628196384291 6.3228222111793002 1.4396305278642101 1.1827181552216641 4.0746013982134173 4.8659175122884335 0.68643161735963065 1.3709420139057327 5.5035340176909795
leaf_count=7217 360 226 973 2133 137 111 1776 125 315 229 567 134 171 2012
internal_value=0.00158286 0.00370306 0.00061038 0.00245056 -0.00220172 -0.00552512 0.00702087 -0.00870527 -0.00858601 0.00512764 0.0105393 0.0173133 0.00474446 -0.0115911
internal_weight=43.7932 34.1006 24.2288 21.519 10.9207 9.69262 10.5983 5.68684 8.09799 5.23382 9.87175 3.63489 6.23686 6.68625
internal_count=16486 13688 12590 11617 7708 2798 3909 7342 2687 366 1098 360 738 2327
is_linear=0
shrinkage=0.02


Tree=428
num_leaves=15
num_cat=0
split_feature=80 42 57 57 49 85 36 85 28 15 21 31 59 61
split_gain=1.82192 1.76889 1.27339 1.37664 1.36177 1.13673 1.03823 1.61947 1.40607 0.915311 0.84986 0.694109 0.635539 0.634673
threshold=0.041166666666666678 0.036254976621037958 -0.0082301584868035692 -0.0050351642345634181 -0.41974558463025574 0.6369910105598604 0.0015683952632717347 0.29764828562403445 0.018527200484096024 -0.0028161012823276588 1.0000000180025095e-35 -0.031801887174465374 0.0052236700111179509 0.34712059798915623
decision_type=8 10 10 10 10 10 8 10 10 10 8 10 10 10
left_child=2 5 4 11 -1 12 8 10 -5 -10 -8 -4 -2 -6
right_child=1 -3 3 6 13 -7 7 -9 9 -11 -12 -13 -14 -15
leaf_value=-0.0017592259358576144 -0.014338097266943923 0.008368654000340767 0.0024121518329651638 -0.003686769752564531 0.017780169568065468 0.0080194296995584249 -0.010255491980648913 0.0098657866803015751 -0.0041721409819488273 0.013129360499739187 0.0057436259544677102 -0.011863507751427027 -0.00034836110567665205 -0.00058107747355665303
leaf_weight=2.4348331679721014 6.1580083525695937 2.017714580448227 1.5897889508341903 3.0223049912310733 4.3185305736842521 0.62933654338121403 4.9376334246699134 2.346645209210692 0.94592051459767379 7.6425781343787076 1.0079718260021762 3.1724976580590001 1.6487668524205217 0.80504824165109301
leaf_count=901 5780 339 430 1602 676 90 2846 182 373 1073 140 1442 401 126
internal_value=0.00121723 -0.00569542 0.00356371 0.00120501 0.0102207 -0.00958961 0.00354879 -0.00175878 0.00717825 0.0109874 -0.0071067 -0.00750631 -0.0117586 0.0152714
internal_weight=42.6776 10.4538 32.2238 24.6653 7.55841 8.43611 19.9031 8.29225 11.6108 8.5885 5.94561 4.76229 7.80678 5.12358
internal_count=16401 6610 9791 8088 1703 6271 6216 3168 3048 1446 2986 1872 6181 802
is_linear=0
shrinkage=0.02


Tree=429
num_leaves=15
num_cat=0
split_feature=70 70 65 17 71 31 74 85 56 53 70 14 71 25
split_gain=1.32167 1.94142 1.80311 1.31414 1.21792 1.09334 1.18269 1.00598 0.995133 1.05956 0.954825 0.880599 0.744976 0.633246
threshold=0.20505174919363417 0.2424567564052543 1.722649572649573 0.082675697508233406 0.31555847038643936 -0.0076447701384774113 0.43908260084987488 0.049816033352604094 0.016347132679774969 -0.063068264235704788 0.12907309105757456 -0.04678296914754828 0.16098316091520051 0.54736645244727644
decision_type=10 10 10 10 8 10 10 10 10 8 8 8 10 8
left_child=10 7 3 11 5 6 -5 -2 9 -4 -1 -3 -10 -8
right_child=1 2 8 4 -6 -7 13 -9 12 -11 -12 -13 -14 -15
leaf_value=0.0079890757747592307 -0.0035555912292699575 0.0074860282874249333 0.0028423826299368098 -0.0044228642669705345 -0.0070718229522781714 -0.0015383812627957441 0.014924655662199316 0.013638752539548609 0.011141478000979392 -0.012747635554137569 -0.011596563408080152 -0.010512540032760934 -0.0046853355517135617 -0.00083385226740957555
leaf_weight=0.49897197788959502 1.2341115647723189 0.69844414870749461 1.8567111975207806 1.2730835972397461 1.7031925079863874 3.3983898660298992 8.3072967002080951 6.2796096553429379 1.2411864653113291 6.5004821949987655 3.8854369742621202 2.9014335918400387 1.6840829389329881 1.0305244485207374
leaf_count=131 1748 205 338 243 456 712 1066 1532 120 2903 4003 2316 265 327
internal_value=0.00102413 0.00228137 -6.71003e-05 0.00359285 0.00606006 0.00802137 0.0109519 0.0107287 -0.00611435 -0.0093504 -0.00829782 -0.0061522 0.00315757 0.0132731
internal_weight=42.493 38.1085 30.5948 19.3124 15.7125 14.0093 10.6109 7.51372 11.2825 8.35719 4.38441 3.59988 2.92527 9.33782
internal_count=16365 12231 8951 5325 2804 2348 1636 3280 3626 3241 4134 2521 385 1393
is_linear=0
shrinkage=0.02


Tree=430
num_leaves=15
num_cat=0
split_feature=16 58 82 40 28 18 69 2 82 52 43 8 2 41
split_gain=1.70764 1.6546 1.87173 1.36533 1.457 1.33065 1.30732 1.25151 1.22689 1.13875 0.923643 0.800734 0.779251 0.721229
threshold=-0.038596816013791439 0.014151995460780803 0.14316666666666669 0.037673363639975949 0.066465199054945148 -0.058186920352067344 0.5296331400535238 0.37173814386203774 0.12716666666666668 0.058991965658802874 -0.00044388785897756547 0.94130895601483855 0.32209077465589814 -0.014047128249545402
decision_type=8 10 8 8 10 8 10 10 10 10 10 10 10 8
left_child=6 2 7 4 9 -4 -1 10 -8 -3 -2 -9 -5 -10
right_child=1 3 5 12 -6 -7 8 11 13 -11 -12 -13 -14 -15
leaf_value=-0.0047009801388398975 0.011143144468862923 -0.010359896926526099 0.0061745139753872323 -0.0046170628127426474 0.0081493355507985619 -0.013101569382144424 -0.0051119277543440816 -0.012081441777998707 -0.0020253483241077959 0.0041807441421897341 -0.0048278847756382101 0.0068705609300588836 0.017219367459860156 0.01563829175076465
leaf_weight=2.0541408701683386 4.1789127471274696 4.4933359930291754 1.0820140835130585 0.3575828496832395 4.7945976466144202 8.402080596322774 1.1026409558180583 2.1465021077747228 0.80636878122459166 2.8291507036337862 1.3560652103115005 0.50366082237451326 2.5881345781817799 6.8580857804554398
leaf_count=697 1486 1488 123 131 617 8171 209 410 524 249 572 26 208 1510
internal_value=0.00144288 -0.000884546 -0.0049105 0.00384975 0.000481847 -0.0105232 0.00796215 0.00203059 0.0111067 -0.0049146 0.00709024 -0.00758412 0.0140703 0.0137606
internal_weight=43.5533 32.732 17.6692 15.0628 12.1171 9.48409 10.8212 8.18514 8.7671 7.32249 5.53498 2.65016 2.94572 7.66445
internal_count=16421 13481 10788 2693 2354 8294 2940 2494 2243 1737 2058 436 339 2034
is_linear=0
shrinkage=0.02


Tree=431
num_leaves=15
num_cat=0
split_feature=40 50 2 26 1 61 83 25 79 58 31 48 25 85
split_gain=1.51264 1.49073 1.45576 1.88515 1.75212 1.05847 1.26007 1.28932 1.10057 1.0451 0.906094 0.873926 0.868255 0.849205
threshold=0.036963535259548985 0.0080953393902406124 0.25378874856486805 -0.069850051311627456 0.226972109820302 0.21411746448741611 0.73045416186379353 0.21925961021911675 0.071421943188024653 0.014747473236803364 -0.0088996587149395689 5.080246491321855 0.41470054385924565 0.14491634822289284
decision_type=10 10 10 10 10 10 10 10 8 10 10 8 10 10
left_child=1 -1 4 13 -3 9 8 -8 11 -5 12 -7 -6 -4
right_child=-2 2 3 5 10 6 7 -9 -10 -11 -12 -13 -14 -15
leaf_value=-0.011689182646176393 0.01019679324283735 -0.0092928238601791644 -0.0055151203121530691 -0.0062098314381794362 0.01567968300992649 -0.013130144850238376 -0.0076679480879962474 0.0083544933018620034 0.0042385635146176236 0.011803606759568239 -0.0054356360976502514 0.004335808317657122 -0.00433873512586348 0.012866881838345019
leaf_weight=3.0812408357305676 5.4987108439163412 1.2168342065269806 0.6744133906904598 1.3365796434736759 5.9926520041190088 9.5707870886835682 2.5993379822757552 3.5856005289242603 1.5712912530943892 2.2309938830585452 0.60635866178927234 0.80932925496017816 0.56005055463901943 3.6251464087981731
leaf_count=4810 1550 1949 176 709 1557 3920 147 167 370 228 496 52 202 255
internal_value=0.00128901 -0.00024966 0.00107702 -0.00131233 0.0078437 -0.0037753 -0.00571382 0.00149073 -0.00926945 0.0051729 0.0115384 -0.011507 0.0136208 0.00948694
internal_weight=42.9593 37.4606 34.3794 26.0035 8.3759 21.7039 18.1363 6.18494 11.9514 3.56757 7.15906 10.3801 6.5527 4.29956
internal_count=16588 15038 10228 6024 4204 5593 4656 314 4342 937 2255 3972 1759 431
is_linear=0
shrinkage=0.02


Tree=432
num_leaves=15
num_cat=0
split_feature=76 41 87 56 4 51 54 20 52 55 78 33 52 63
split_gain=1.36573 1.54031 1.23463 1.20555 1.14993 1.05829 1.09837 1.03692 1.02739 0.960543 0.944347 1.11688 0.93204 0.914383
threshold=86.801144650790789 0.0023599471512790638 0.087129054520358878 0.010063425616421576 0.03234524847428074 0.039576205553387471 0.05731779041762982 0.039870379467621724 0.047931393588848729 -0.045920587799671585 0.3447717245936831 -0.035108558984453496 0.022501962363490283 0.14674234628248009
decision_type=10 10 10 10 10 10 10 10 8 8 10 10 10 10
left_child=1 2 5 -3 7 6 9 13 -9 -1 11 -6 -7 -2
right_child=4 3 -4 -5 10 12 -8 8 -10 -11 -12 -13 -14 -15
leaf_value=0.00056389485602831931 -0.0037102538635000412 -0.0068763960400606561 0.0094295584381348784 0.014775046991143459 -0.0047948392012200402 0.011517904276782778 0.0040544942033421691 -0.013393945454660992 0.0046986514955921896 -0.011680925745997274 -0.0066519853159117482 0.01623458770751986 -0.0033930127027317581 0.011274689358532578
leaf_weight=3.1380804753716802 1.9823995828046443 0.75323387804382891 1.8309935090946954 2.6758599548629718 0.73143777389486775 1.7870890508638684 2.435916140813787 2.0781190060079098 1.4474484825623224 11.096256729433675 0.4595717133488505 5.6181698420550665 3.4021264033362968 3.3327531419781735
leaf_count=1044 1250 461 163 295 113 135 664 1266 324 8666 21 627 340 1120
internal_value=0.00133821 -0.00138395 -0.00328755 0.00954034 0.00585522 -0.00471867 -0.0070758 0.000818694 -0.006569 -0.00912163 0.0114522 0.0134893 0.00277337 0.00598323
internal_weight=42.7695 27.1196 23.6905 3.42909 15.6499 21.8595 16.6703 8.84072 3.52557 14.2343 6.80918 6.34961 5.18922 5.31515
internal_count=16489 11768 11012 756 4721 10849 10374 3960 1590 9710 761 740 475 2370
is_linear=0
shrinkage=0.02


Tree=433
num_leaves=15
num_cat=0
split_feature=84 70 70 57 8 80 4 76 42 79 36 31 63 66
split_gain=1.68583 1.76924 1.77721 1.23335 1.33309 1.22254 1.04298 1.96478 0.993438 0.986872 0.878052 0.760519 0.755865 0.740058
threshold=0.63533142302484602 0.36806325449618138 0.20881327507833533 -0.0082301584868035692 0.1424807418890861 0.012750000000000003 0.027842377260981915 -1.7879542785463085 0.021245285245036803 -0.1535634624170272 -0.0071427446172232191 -0.016395647794827554 0.10693626585923134 0.28997041420118347
decision_type=10 8 10 8 10 10 8 8 10 8 10 10 10 10
left_child=1 2 5 10 -5 -1 7 -6 11 13 -4 -8 -9 -3
right_child=-2 9 3 4 6 -7 8 12 -10 -11 -12 -13 -14 -15
leaf_value=0.0062573915805570184 0.014129573183780686 0.0099956051791937322 -0.0039939067659585928 -0.010266530338751849 0.010919520132198544 -0.012250128503126765 0.0082917491530241482 0.0075197427299172198 0.018133786993066083 -0.009938479160455909 0.015075056683683519 -0.0073929919437613805 -0.0074122674770741685 -0.0053075794500303253
leaf_weight=1.3420307169290051 3.0252437558956435 1.4829782986416833 0.71513006364693854 1.9285942612259592 3.7392454865330365 3.5852073642745381 1.866603211979964 0.801402992532532 2.4558615784044378 7.175156319201049 5.1639180583442794 1.2085123474753334 6.7580824338583625 1.6704471550474407
leaf_count=145 593 256 397 1072 1160 4334 223 284 79 2478 1120 269 3766 393
internal_value=0.00179112 0.000532803 0.00302282 0.00522307 0.00242098 -0.007004 0.00436916 0.000633512 0.0107349 -0.00623232 0.0125121 0.00182612 -0.00513569 0.00256301
internal_weight=42.9184 39.8932 29.5646 24.6374 18.7583 4.92724 16.8297 11.2987 5.53098 10.3286 5.87905 3.07512 7.55949 3.15343
internal_count=16569 15976 12849 8370 6853 4479 5781 5210 571 3127 1517 492 4050 649
is_linear=0
shrinkage=0.02


Tree=434
num_leaves=15
num_cat=0
split_feature=83 62 76 39 50 35 84 51 55 51 52 84 52 14
split_gain=1.43515 1.64009 1.56525 1.36031 1.20964 1.01941 0.80921 0.796083 0.945884 0.764936 0.759535 0.769465 1.04286 0.746177
threshold=0.7764904940749584 0.23023051457064622 34.90121750601687 -0.011421652393348334 0.031061698473599717 -0.015104396788939626 0.17439330409997436 0.02709637124736099 -0.043989820571147455 0.050147874739320954 -0.03953434601886327 0.3028452976915435 0.044656089428336092 -0.099225270019462242
decision_type=10 8 10 8 10 10 10 10 8 10 10 10 10 8
left_child=1 2 9 7 5 -5 -6 8 -4 10 -1 -12 -13 -3
right_child=-2 13 3 4 6 -7 -8 -9 -10 -11 11 12 -14 -15
leaf_value=0.006994523408219753 0.0077247716164064667 0.007713042222689888 0.0055177436811512763 -0.0048567683671754836 -0.0079218951024511517 0.020032633616864661 0.0074419611965340473 0.0058235063515501631 -0.011247136891257545 0.0046180893180029084 -0.01490641227208187 -0.010184857532633098 0.0081223002028245651 -0.0099126463438382415
leaf_weight=0.55539304835838255 8.6518421083746926 0.34551889692374971 1.3153657198781727 0.37003344216645961 1.2700665473676056 3.6215822523081425 2.5308550687332172 3.1181441003354848 2.8940061079192674 2.0086111295095179 3.454234373202782 1.502045275672572 1.4929072215891208 7.6101605824223943
leaf_count=74 758 17 385 588 882 946 205 333 3410 103 4817 229 68 3739
internal_value=0.000956178 -0.00104708 0.00160444 0.00540836 0.0107161 0.0172146 0.00172743 -0.000845244 -0.00595481 -0.00467965 -0.00758969 -0.00961601 -0.00131036 -0.00837138
internal_weight=40.7408 32.0889 24.1332 15.1201 7.79254 3.99162 3.80092 7.32752 4.20937 9.01319 7.00458 6.44919 2.99495 7.95568
internal_count=16554 15796 12040 6749 2621 1534 1087 4128 3795 5291 5188 5114 297 3756
is_linear=0
shrinkage=0.02


Tree=435
num_leaves=15
num_cat=0
split_feature=17 61 31 29 62 56 5 72 69 72 82 62 55 80
split_gain=1.41612 1.76306 1.53631 1.20115 0.884599 0.869513 1.47915 0.850849 0.954232 0.850621 0.758277 0.753689 0.751491 0.646544
threshold=0.06416137379440133 0.22685605296766823 -0.036340552697361091 -0.0095980363057566864 0.23250514403292186 0.02005901273861866 0.075550975107023952 0.12794692751543571 0.58596960099838713 0.084045792229935468 0.12616666666666668 0.15689818134411057 0.024562884008433716 0.013750000000000002
decision_type=10 10 10 10 10 10 8 10 10 10 10 10 10 8
left_child=5 3 4 -2 10 6 13 9 -9 -4 -3 -11 -13 -1
right_child=1 2 7 -5 -6 -7 -8 8 -10 11 -12 12 -14 -15
leaf_value=0.012000734413184925 0.014056948442946032 -0.0050661067407409555 0.0034826003831346965 -0.0011181267647005777 -0.0041362226619919319 0.0044346787793347374 -0.014687926297125909 0.0066015227310482717 -0.0068679874152071472 0.004485563204300244 0.0123807842726414 -0.013516772249044138 0.0048500476895983668 -0.0063796312680751352
leaf_weight=0.85960872648865794 5.3535281478398247 0.63464142673183133 1.755281167672371 2.9001352298873808 1.8831250678631475 1.4589049521891864 4.9609354383792379 4.1121616495001936 2.5946232206842978 0.76328139560064112 4.7209646482006065 7.2050307820391026 0.49968965360312712 0.4900675100288937
leaf_count=116 764 67 304 544 581 365 8168 765 625 149 730 2249 66 993
internal_value=-0.000129436 0.00175053 -0.00105064 0.00918019 0.00614458 -0.00727962 -0.0102239 -0.00429819 0.00117562 -0.00767397 0.00984151 -0.0101101 -0.0119053 0.00545207
internal_weight=40.192 32.4225 24.1688 8.25366 7.23873 7.76952 6.31061 16.9301 6.70678 10.2233 5.35561 8.468 7.70472 1.34968
internal_count=16486 6844 5536 1308 1378 9642 9277 4158 1390 2768 797 2464 2315 1109
is_linear=0
shrinkage=0.02


Tree=436
num_leaves=15
num_cat=0
split_feature=62 56 53 8 20 11 87 16 39 19 21 42 43 19
split_gain=1.5918 1.77829 2.27544 1.40774 1.28419 1.33588 0.985043 0.955646 0.922886 0.738107 0.710032 0.703343 0.660023 0.597214
threshold=0.22391087603407592 0.01121752311713981 -0.025245412442735721 0.8100622489296595 0.058640245665326531 -1.9804468417543268 0.051151229722658301 0.022451828355337381 -0.015058831215785665 -0.1201997872461376 -0.034470644852097658 -2.0709926781083102e-05 -0.0019917894792071573 -0.095395634493822476
decision_type=8 10 10 8 10 10 10 10 8 10 10 10 10 10
left_child=1 2 4 9 5 -1 8 -3 10 -4 -2 -5 -12 -6
right_child=6 7 3 11 13 -7 -8 -9 -10 -11 12 -13 -14 -15
leaf_value=-0.0054745405215988942 -0.008674868195991968 0.0038140187560340073 0.0013640166148176469 -0.0046792779295657316 0.0043179410669078591 0.014672533100325843 0.0051847845451081362 0.017056778046582122 -0.012840974639727198 -0.013181258307141857 0.0076771058615301051 0.012181933327139349 -0.007572370505245422 -0.0099381521336892719
leaf_weight=1.0717000053118679 1.8858721904834954 4.9000031729883613 1.5606360597157616 0.9984569654989176 1.4927651583639092 5.9540803496202006 2.9105551561224265 4.4188545928554959 4.1723583222119469 5.3988269947803937 3.084469435416394 1.3453774490335497 0.6787496735341868 1.3855225837469332
leaf_count=1276 736 1220 112 752 210 1923 248 550 1958 4644 1100 140 452 1040
internal_value=0.00185798 0.00443834 0.000797548 -0.00598177 0.00713021 0.0113001 -0.00382555 0.011138 -0.00672811 -0.010158 -0.000960999 0.00574786 0.00391433 -0.00333757
internal_weight=41.2582 28.5262 19.2074 9.3033 9.90407 7.02578 12.732 9.31886 9.82145 6.95946 5.64909 2.34383 3.76322 2.87829
internal_count=16361 11867 10097 5648 4449 3199 4494 1770 4246 4756 2288 892 1552 1250
is_linear=0
shrinkage=0.02


Tree=437
num_leaves=15
num_cat=0
split_feature=19 21 31 85 52 4 67 75 21 60 73 79 15 32
split_gain=1.21722 1.43496 1.4624 1.83498 1.449 1.43175 1.13132 1.08529 0.944077 0.753981 0.744223 0.72687 0.672045 0.631615
threshold=-0.1201997872461376 -0.0083737949577102778 -0.034940449835580152 0.2857767266929217 0.050645717473429296 0.0085288234224404468 0.26654501216545018 0.31357916300848704 -0.0089558866739401343 0.46975662133142454 0.098309845743667898 -0.16045815666623833 -0.0007429244251679171 0.08986093109787259
decision_type=8 8 10 10 10 10 10 10 8 8 10 10 10 10
left_child=8 2 5 7 -5 -2 11 -4 12 10 -3 -7 -1 -9
right_child=1 9 3 4 -6 6 -8 13 -10 -11 -12 -13 -14 -15
leaf_value=0.0024411031737471937 -0.011279681550360535 0.012107381866468073 0.0053665341475221603 -0.0054848201615888452 0.010750262374535491 -0.0030547655695341222 -0.0035596166769173939 -0.012888424819469653 -0.0069623941306195397 -0.005518488411179882 -0.0041287042311671622 0.014299719851657516 0.015562884026202156 0.0049801024885925407
leaf_weight=3.1872274880297482 1.1918285610518085 4.9044446850093655 1.058656000583144 3.8338958548847577 3.0894733945606276 0.79680217734130554 2.330709547859442 10.973622023870117 0.81206958412076335 0.98861756987025717 0.8727983409698935 4.4092754180892371 3.1999398530897452 0.34292593570717222
leaf_count=375 1452 1160 239 275 183 221 597 10140 38 348 314 833 328 62
internal_value=0.000741921 -0.000868085 -0.00288875 -0.00586916 0.00220233 0.00362674 0.00702914 -0.0102118 0.00767977 0.00679654 0.00940724 0.0115793 0.0102319 -0.0119866
internal_weight=41.9923 34.793 28.0272 19.2986 6.92337 8.72862 7.53679 12.3752 7.19924 6.76586 5.77724 5.20608 6.38717 11.3165
internal_count=16565 15824 14002 10899 458 3103 1651 10441 741 1822 1474 1054 703 10202
is_linear=0
shrinkage=0.02


Tree=438
num_leaves=15
num_cat=0
split_feature=50 78 43 81 1 81 14 48 22 7 47 40 1 1
split_gain=1.70591 1.15345 1.21764 1.19915 1.77985 1.37464 1.09996 0.954913 1.08624 0.900246 1.03342 1.03076 0.934255 0.883852
threshold=0.0026480677716757832 0.099558998885346195 -0.0035279000354230677 0.21283333333333335 0.27925002925002929 0.1571666666666667 0.09279157320579319 0.25457602838075827 0.039073383349656078 25.115922328548645 -0.0080098820546465038 0.022344234451339946 0.5169540229885059 0.38988380769640768
decision_type=10 10 10 10 8 10 10 10 8 8 10 8 10 10
left_child=-1 2 6 5 -5 -3 -2 8 -6 -4 11 12 -11 -9
right_child=1 3 9 4 7 -7 -8 13 -10 10 -12 -13 -14 -15
leaf_value=-0.011279552292070181 -0.0091884551425320104 0.011195411610658438 -0.0089645697391812947 -0.0068824436142173899 0.021264732605601903 -0.0067787530594197246 0.0074430559774229521 -0.003410964558700093 -0.0013491198680340409 -0.008531324657008052 0.01157290059713484 0.0091467364915042669 0.0092579689147702579 0.010769443515944537
leaf_weight=2.7298562519063116 6.7171645687922146 1.5277546055658628 1.1620943094821985 1.6051696511640301 4.4947064221414621 4.2386010629343218 1.2004105734667971 2.338916351836815 0.86955334248341376 4.1657311943636159 4.646213050582447 2.2167804101627544 0.64440865899086919 3.2884162430709694
leaf_count=4365 2474 143 1582 1649 655 1411 174 607 205 1603 737 579 26 310
internal_value=0.00172501 0.00289113 -0.000367485 0.0064026 0.00964834 -0.00106585 -0.00611501 0.0124351 0.017963 0.00336368 0.00520151 7.1808e-05 -0.00496488 0.00525022
internal_weight=41.8458 39.1159 20.7528 18.3631 12.5968 5.76636 7.91758 10.9916 5.36426 12.8352 11.6731 7.02692 4.81014 5.62733
internal_count=16520 12155 7175 4980 3426 1554 2648 1777 860 4527 2945 2208 1629 917
is_linear=0
shrinkage=0.02


Tree=439
num_leaves=15
num_cat=0
split_feature=60 1 42 41 22 32 20 31 31 41 83 4 50 42
split_gain=1.08408 1.53653 1.49421 1.42702 1.31836 1.09195 0.960773 0.907019 0.856646 0.812676 0.808877 0.719659 0.711234 0.63185
threshold=0.4841819158686515 0.36596254355400698 -2.4774549989200355e-05 -0.0042753392724693418 1.0000000180025095e-35 0.045297689487541655 0.025561266761856872 -0.029971920178723601 0.034109134898310418 -0.010498147125016849 0.30300222631273338 0.041166501906510382 0.0026480677716757832 -0.0050088012738081951
decision_type=8 10 10 8 10 10 8 10 10 8 10 10 10 10
left_child=1 2 3 11 12 6 -2 -6 -8 -7 -3 13 -4 -1
right_child=5 10 4 -5 7 9 8 -9 -10 -11 -12 -13 -14 -15
leaf_value=0.0052661023317659818 0.0030460691972058317 -0.0011726352175521547 -0.0053089255576772854 0.0052037818842758559 0.0065578633611173267 0.011599517498076292 -0.013463666667129018 -0.0085803342538397671 0.0050666061631541017 -0.0039255726550584923 0.01281478925542473 0.0033762288154735925 0.014095520528452359 -0.013456292662816061
leaf_weight=0.28016536997165609 2.0090988369192919 1.9779656468090241 0.35661218204040945 2.8873938534015924 1.8367498793159027 1.6466210237558696 5.9979231226170659 2.6899960911978269 0.63365109603182634 1.9968920177125249 5.7894160047435435 0.9978979085717582 4.0554641358467052 6.1243041531779445
leaf_count=45 751 542 450 1415 407 244 2268 592 101 386 526 146 844 7796
internal_value=0.000360508 0.00258469 -0.000551292 -0.00550505 0.00513128 -0.00435403 -0.00796363 -0.00236276 -0.0112612 0.00407773 0.00952541 -0.00980437 0.011836 -0.0120367
internal_weight=39.2802 26.996 19.2286 10.2898 8.93882 12.2842 8.64067 4.52675 6.63157 3.64351 7.76738 7.40237 4.41208 6.40447
internal_count=16513 12763 11695 9402 2293 3750 3120 999 2369 630 1068 7987 1294 7841
is_linear=0
shrinkage=0.02


Tree=440
num_leaves=15
num_cat=0
split_feature=85 47 70 60 64 80 80 55 85 60 75 48 53 58
split_gain=1.43888 1.97947 1.2486 1.61135 1.00203 0.993093 0.925697 0.849876 0.809358 0.791675 0.791101 0.768074 0.710792 0.638742
threshold=0.38419537273268639 -0.018215765676841241 0.21971395570050281 0.4626264277294026 2.6306042884990259 0.018250000000000002 0.047583333333333346 0.0067337409772419013 0.014070768978816742 0.64570970244710535 0.52749773162617208 0.8914745528933915 -0.037589130003142901 0.023345958044449101
decision_type=10 10 10 10 10 10 10 10 10 10 10 10 8 10
left_child=1 7 5 6 -5 -3 8 12 -4 -2 13 -6 -1 -10
right_child=9 2 3 4 11 -7 -8 -9 10 -11 -12 -13 -14 -15
leaf_value=-0.0021740522058183447 0.012141170933918153 0.0037841542189251658 -0.0053097528331859942 -0.0091774858083589102 -0.0058875105651047298 -0.012217712528940048 -0.0056904756231581401 0.0025294419306607341 0.014756854064602809 -0.0021806162223403196 -0.0051909897738008316 0.010656445964609218 -0.014494203784691833 -0.00045456460093520196
leaf_weight=3.298807086153829 4.9460305371903805 2.0106138829942237 0.66196057620254656 3.5451861868641563 1.0288867971103175 2.7515557885635644 0.98484665750584177 2.170971234481839 8.7020020501149649 1.7196485969470812 0.51803564168221861 1.8726278804533647 5.0608444331664924 1.1797971994164989
leaf_count=1602 665 377 479 1151 519 3575 724 979 1762 102 191 230 3888 143
internal_value=0.000814936 -0.000933725 0.00233726 0.00467515 -0.00309486 -0.0059774 0.00875173 -0.00773351 0.0104027 0.00864389 0.0117809 0.00478453 -0.0103842 0.0130659
internal_weight=40.4518 33.7861 23.2555 18.4933 6.4467 4.76217 12.0466 10.5306 11.0618 6.66568 10.3998 2.90151 8.35965 9.8818
internal_count=16387 15620 9151 5199 1900 3952 3299 6469 2575 767 2096 749 5490 1905
is_linear=0
shrinkage=0.02


Tree=441
num_leaves=15
num_cat=0
split_feature=29 70 60 75 34 59 83 80 18 22 75 75 2 41
split_gain=1.89709 1.16892 1.73521 1.20569 1.16132 1.09179 0.933712 1.09938 1.04637 1.17467 0.889637 0.853475 0.83869 0.797873
threshold=-0.046876305387196289 0.20505174919363417 0.48694173143499103 0.4468610454426058 0.018518277164921385 0.0015144796291650449 0.040438080514570783 0.047583333333333346 -0.0055920474328775551 0.040573423554155615 0.38474190283400816 0.50064599483204153 0.27299154334038062 -0.0010383390525857794
decision_type=10 10 10 10 10 10 10 10 10 10 10 10 10 10
left_child=5 13 6 -4 -5 -1 -3 8 12 10 -10 -12 -8 -2
right_child=1 2 3 4 -6 -7 7 -9 9 -11 11 -13 -14 -15
leaf_value=-0.013680346780278772 -0.010192285791115512 -0.006971390737450696 -0.0076183675221712481 0.011557836228902375 -0.005146536257098224 0.0020688038288019816 0.010736379061913843 -0.0023504941471734621 -0.00085042398941437682 -0.0021727214027861871 0.020993897795607574 0.00080470683485481199 -0.0022633283920229386 0.0063137505712717798
leaf_weight=3.7157411803636924 3.048839015362319 0.87474952723278576 5.5878239477897278 2.8963213361785165 2.1296838623602525 2.4381128293389338 2.5445883846696313 2.6275862730471991 0.93594392378144586 1.2519875893412979 6.9535895533917937 1.0274620041964224 3.8846104478216148 0.87294302856753248
leaf_count=3603 3171 793 1610 440 543 680 349 1627 477 477 1477 425 607 191
internal_value=0.00142065 0.00327671 0.00461025 -0.00183079 0.0048002 -0.00802367 0.00793693 0.00892638 0.0107437 0.0145106 0.0168359 0.0187738 0.00363438 -0.0059819
internal_weight=40.79 34.6361 30.7143 10.6138 5.02601 6.15385 20.1005 19.2258 16.5982 10.169 8.917 7.98105 6.4292 3.92178
internal_count=16470 12187 8825 2593 983 4283 6232 5439 3812 2856 2379 1902 956 3362
is_linear=0
shrinkage=0.02


Tree=442
num_leaves=15
num_cat=0
split_feature=78 85 47 62 64 67 66 39 31 19 78 79 67 63
split_gain=1.72861 1.45854 1.21724 1.23531 1.46833 1.04731 0.89653 0.717888 1.00108 0.954653 0.691203 0.659217 0.646685 0.624899
threshold=0.10847994006561783 0.17829003198526902 -0.002742102010368955 0.20292695799836311 2.471143174250833 0.20051546391752581 0.28210447919991494 0.019232541656651177 -0.024696985284744587 -0.027204211065703861 0.31041115520282198 -0.23739939798902715 0.1924501424501425 0.176878770376075
decision_type=10 10 8 10 10 10 10 10 8 10 10 10 8 10
left_child=1 12 3 4 -2 -5 -6 8 9 13 -7 -10 -1 -3
right_child=2 7 -4 5 6 10 -8 -9 11 -11 -12 -13 -14 -15
leaf_value=-0.00030360483205028323 -0.0006953678292451179 0.010514856823239875 -0.0060903159904020596 -0.0095567569074281565 0.0015476240845833647 0.0075434536186937606 0.020975605141467017 0.011149801571297833 0.0061001335475294642 -0.0080079967028583495 -0.0075991588063789904 -0.0091719045826737441 -0.012236622564474432 -0.0034931580157201627
leaf_weight=2.600264344808239 2.3825066876961518 4.5069389236377893 2.3531441758532337 1.6051899102385494 1.3583540861109211 5.7565594653860899 4.3816947112718481 1.5213188158086257 0.67891968869662367 1.1607850686123136 0.62632477081933746 4.5170900279699691 5.4547169194047465 1.1204055172347578
leaf_count=1907 1237 422 806 530 1111 1464 1021 128 48 259 219 644 6551 156
internal_value=0.00117836 -0.00262101 0.00552166 0.00747453 0.0125165 0.00152557 0.0172898 0.001444 -0.000551934 0.00426215 0.00522954 -0.00651396 -0.00884342 0.00761961
internal_weight=40.0242 21.5604 18.4638 16.1106 8.12256 7.98807 5.74005 13.5055 11.9841 6.78813 6.38288 5.19601 8.05498 5.62734
internal_count=16503 10115 6388 5582 3369 2213 2132 1657 1529 837 1683 692 8458 578
is_linear=0
shrinkage=0.02


Tree=443
num_leaves=15
num_cat=0
split_feature=62 72 56 16 11 17 52 19 74 34 50 58 34 70
split_gain=1.54369 1.91222 1.1491 1.40403 1.56423 1.33336 1.02799 1.11009 0.940818 0.921106 0.775117 0.75774 0.749673 0.730273
threshold=0.23023051457064622 0.13810132748751677 0.01121752311713981 -0.022372971156379897 0.74355730350510474 0.10748244912467787 0.029710548687840652 -0.019685490497488436 0.7544076708939067 0.0084393874595309077 0.034825209506679326 0.0035442044051621131 -0.030177948415785149 0.41696761159164092
decision_type=8 10 10 8 10 10 10 8 10 10 10 10 10 10
left_child=2 -2 3 6 5 8 7 13 -5 -7 -6 -4 -13 -1
right_child=1 -3 11 4 10 9 -8 -9 -10 -11 -12 12 -14 -15
leaf_value=0.016330294251833369 -0.012216339999093778 0.0034666101227029985 -0.0020702662430590528 -0.013593956670577775 0.01641572838715008 0.007774134767532451 -0.0037732052588202603 -0.0071423021018045801 0.0080048556464780568 -0.007027124312498724 -0.004057291584766946 -0.0054918757894188075 0.01342773402960965 -0.0029078027867129948
leaf_weight=4.5833519392472226 5.2697065054016985 5.4906804854545044 1.5763444298281664 5.6382626022095845 1.257283920633198 2.9688891224723193 1.9516989586845737 0.54961226571322175 0.26055980002274726 1.952889382089779 0.61082864178024454 0.39726302470080543 7.0717383735754993 0.60137341114022991
leaf_count=805 2167 1792 764 6338 65 422 1106 1086 9 526 73 24 1138 186
internal_value=0.00160454 -0.00459953 0.00395028 0.00115979 -0.00288748 -0.0059257 0.00740454 0.0112043 -0.0116179 0.0017063 0.0106409 0.00949473 0.0118918 0.0139895
internal_weight=40.1805 10.7604 29.4201 20.3748 12.6887 10.8206 7.68604 5.73434 5.89882 4.92178 1.86811 9.04535 7.469 5.18473
internal_count=16501 3959 12542 10616 7433 7295 3183 2077 6347 948 138 1926 1162 991
is_linear=0
shrinkage=0.02


Tree=444
num_leaves=15
num_cat=0
split_feature=85 52 26 19 71 85 76 28 28 8 11 52 9 14
split_gain=1.20172 1.14796 1.54174 1.38585 1.27346 1.34884 1.3774 1.07697 1.14894 1.06344 0.773308 0.653219 0.623168 0.617619
threshold=0.48612350158504336 0.0032924527832535609 0.011788313098190064 -0.025446749911861185 0.15147186147186151 0.16544373656508446 182.65258927894459 0.1081076872719878 1.0000000180025095e-35 0.81323365288046168 -1.5893855996240229 0.015561547011868447 14.740215924426453 0.056347546280148104
decision_type=10 8 10 10 8 10 8 10 10 8 10 8 10 8
left_child=1 2 13 -4 7 -6 9 8 10 11 -3 -7 -13 -1
right_child=-2 4 3 -5 5 6 -8 -9 -10 -11 -12 12 -14 -15
leaf_value=-0.010254203627993331 0.010647907470008267 -0.0061901305738544903 0.013627407549627286 -0.0054070185120163854 -0.012703633018639924 0.0028839740381498592 0.011849559233459627 0.013507658958321896 -0.0075984216083406168 0.0068349929104330118 0.012027976012234527 0.0033100191476615488 -0.011432519432727469 0.00540750456916582
leaf_weight=2.1851582162853429 3.2535743604530571 0.61031251819076748 5.6150505918558338 1.3942707020323721 5.8665810445818378 1.6626672694983411 1.5820023171254423 1.949335270328447 3.5744234215999313 1.9370265887700959 2.1129351988929574 0.89919524081051072 6.4664980905654375 0.73219787035486694
leaf_count=1217 595 945 1027 2219 6132 226 98 130 2174 115 591 95 818 121
internal_value=0.000582648 -0.00057188 0.00493341 0.00963878 -0.00272591 -0.00556073 -0.00152984 0.00352054 -0.000998145 -0.00428911 0.00737911 -0.00711935 -0.00945224 -0.00594646
internal_weight=39.8412 36.5877 9.92668 7.00932 26.661 18.414 12.5474 8.24701 6.29767 10.9654 2.72325 9.02836 7.36569 2.91736
internal_count=16503 15908 4584 3246 11324 7484 1352 3840 3710 1254 1536 1139 913 1338
is_linear=0
shrinkage=0.02


Tree=445
num_leaves=15
num_cat=0
split_feature=62 41 19 76 87 33 32 75 33 81 11 85 16 19
split_gain=1.41263 1.40391 1.49618 1.14332 1.1192 1.0638 1.15176 0.882375 0.866159 0.837912 0.776281 0.764346 0.620857 0.726278
threshold=0.22271228640063803 -0.011749384342403685 -0.12483183079178171 19.788114854392692 0.025320512820512824 -0.022832394541550321 0.02649576893024996 0.43484282789353251 -0.0041498972877001125 0.30216666666666675 -1.5253902624319018 0.2857767266929217 -0.064337871541386163 -0.14033575413320701
decision_type=8 10 10 10 10 10 8 10 10 10 10 10 8 8
left_child=1 2 -1 -3 12 -5 7 -7 -6 -4 -9 -8 -2 -14
right_child=4 3 9 5 8 6 11 10 -10 -11 -12 -13 13 -15
leaf_value=0.0087438713911214602 0.003142441522465636 -0.00075717659243284316 -0.011644278987725895 -0.0040512218602152877 0.0070138304460867643 0.0047760525631708392 -0.0050075660621985213 0.001577237552551425 -0.0059783787786885784 0.0042285354946189693 0.023340354447569104 0.0098247330726693293 0.0053548287440722524 -0.013695622993936143
leaf_weight=2.0722411945316708 0.91225598348682979 5.9984081938855587 4.5480815382397841 1.5308251398964809 3.8463457817560993 3.0550564000732203 2.2547366094440817 0.93167385012202464 2.6045461897883797 1.1790534991087041 3.9329186270697387 1.4571431261865653 0.38545905446517281 5.1347667769296077
leaf_count=265 333 2593 3588 563 321 1509 963 969 144 639 651 130 30 3842
internal_value=0.00105684 0.00362353 -0.00324181 0.00644025 -0.00418841 0.00954216 0.0115103 0.015421 0.00166988 -0.0082337 0.0201519 0.0016644 -0.00949769 -0.0117481
internal_weight=39.8435 26.9601 7.79938 19.1608 12.8834 13.1624 11.6315 7.91965 6.45089 5.72714 4.86459 3.71188 6.43248 5.52023
internal_count=16540 11870 4492 7378 4670 4785 4222 3129 465 4227 1620 1093 4205 3872
is_linear=0
shrinkage=0.02


Tree=446
num_leaves=15
num_cat=0
split_feature=51 62 68 84 62 62 40 54 43 29 27 14 11 52
split_gain=1.08583 1.62163 1.47186 1.11841 1.02734 1.02225 1.01699 0.987653 0.795258 0.792266 0.740828 0.588211 0.76753 0.724218
threshold=-0.033669837505721299 0.21299888650878063 0.70681223227034751 0.26784694623478916 0.23250514403292186 0.22271228640063803 -0.0051070212358033064 -0.017153720205487815 -0.0044287577651447281 0.027178757016892239 0.01047991260331377 -0.010844201804443702 -0.78814392443411363 0.015561547011868447
decision_type=10 10 10 10 10 10 10 8 10 10 10 10 10 10
left_child=1 -1 3 7 -3 6 -4 -2 -7 10 -8 12 -5 -13
right_child=2 4 5 11 -6 8 9 -9 -10 -11 -12 13 -14 -15
leaf_value=-0.013037607695300865 0.0063528062193250372 0.010895900141485552 0.00010018931854607081 0.0081374437175709222 -0.0049616635272992631 0.0067627480290796994 0.015298363841830141 -0.012215230503655248 -0.0091525918604624303 -0.0024032344681712099 -0.0020472852565624269 0.011958168087870405 -0.0077934962136668277 -7.4300616726210997e-05
leaf_weight=3.2243524483346837 0.83459696407226147 2.3506960620215978 3.500126934319268 0.84534480608999762 2.3506348725932185 1.3639363761030838 9.6843089155263442 3.5754449060477773 1.7524996913343773 1.0372380310109282 0.84288489947357526 3.005970395068287 2.7949317055972642 3.9730281309166458
leaf_count=3903 186 701 1868 112 1524 401 2296 2584 775 277 893 242 386 331
internal_value=0.00236323 -0.0039427 0.00393941 -0.000702469 0.00348763 0.00761319 0.00966316 -0.00817651 -0.00223635 0.0123192 0.0138524 0.00283797 -0.00313761 0.00595746
internal_weight=41.136 7.92568 33.2103 15.0293 4.70133 18.181 15.0646 4.41004 3.11644 11.5644 10.5272 10.6193 3.64028 6.979
internal_count=16479 6128 10351 3841 2225 6510 5334 2770 1176 3466 3189 1071 498 573
is_linear=0
shrinkage=0.02


Tree=447
num_leaves=15
num_cat=0
split_feature=26 80 50 41 42 81 67 26 56 72 5 53 85 72
split_gain=1.48207 1.58256 2.09255 1.42118 1.21024 0.993507 0.967777 1.16455 0.86866 0.77041 0.75893 0.800006 0.659682 0.616063
threshold=-0.069850051311627456 0.018750000000000003 0.071170989508299795 0.011293057267506923 0.055778783027266625 0.21941666666666668 0.18009009009009011 0.018229678773843992 -0.00011894524323817264 0.095005938242280305 0.64802234636871525 0.043700259160284922 0.14491634822289284 0.17327053429027117
decision_type=8 8 10 10 10 10 8 10 8 10 10 10 10 10
left_child=9 6 3 4 10 -4 -2 8 -8 -1 11 13 -11 -3
right_child=1 2 5 -5 -6 -7 7 -9 -10 12 -12 -13 -14 -15
leaf_value=-0.0047147260536656369 0.014568896777366499 -0.016487389432467154 -0.0048565938257723361 0.0068870466859691582 0.0065176194962820516 0.0072500270317184673 -0.0073640105143262368 -0.0087062748892963344 0.010815990098527364 -0.0021516567044872954 -0.0014741050628578197 0.0053802607254153966 0.016226064589140103 0.001405350701783715
leaf_weight=0.64172022344428103 2.5944027386067292 8.6387701339444884 3.1816056705065403 1.6268982578185376 1.0118620109569736 7.3654331319849007 0.61660390932229348 2.0363787798487465 3.3218303194880732 0.69091792366816651 2.6604030717717242 0.33547626851213941 3.3279494330927264 0.67366908369149392
leaf_count=96 265 9533 677 567 93 1177 179 576 279 220 2042 53 271 350
internal_value=0.000915994 -0.00064056 -0.0031415 -0.00774891 -0.00989262 0.00349365 0.00635069 0.001205 0.00705491 0.0103959 -0.0116301 -0.0140291 0.0132674 -0.0151823
internal_weight=38.7239 34.0633 25.4941 14.9471 13.3202 10.547 8.56922 5.97481 3.93843 4.66059 12.3083 9.64792 4.01887 9.31244
internal_count=16378 15791 14492 12638 12071 1854 1299 1034 458 587 11978 9936 491 9883
is_linear=0
shrinkage=0.02


Tree=448
num_leaves=15
num_cat=0
split_feature=50 30 85 10 18 35 52 64 46 25 52 63 50 15
split_gain=1.79093 1.36668 2.22228 1.41114 1.18629 1.15578 0.934203 1.20669 0.950201 0.932396 0.678152 0.848924 0.670228 0.61406
threshold=0.0093207521394544929 0.0027154311298354249 0.29764828562403445 1.4418402506565591 0.0074475720593778503 1.0000000180025095e-35 0.0094959087208600235 2.4861003861003863 -1.0000000180025095e-35 0.27209751705269053 0.050645717473429296 0.15569999436794238 0.023429632085112135 -0.00032210283604128378
decision_type=10 10 10 10 10 10 10 10 8 10 10 10 10 10
left_child=-1 5 3 -3 12 6 13 -8 -9 -10 11 -4 -5 -2
right_child=1 2 10 4 -6 -7 7 8 9 -11 -12 -13 -14 -15
leaf_value=-0.011542605610437892 0.00031305677844215842 -0.010812576377626271 0.0075335582582391437 0.0065668574976785648 0.011825364808285341 -0.0090869304310660232 -0.0064609749121822824 -0.0025681361514351608 0.018522901187499139 -0.0013594641620813691 0.011361424719559192 -0.0082720544060945513 -0.011425883917733999 0.015476113676995447
leaf_weight=3.4917988328234051 1.34510240284726 8.5148137892028917 1.7945816844003268 0.46094591908331439 1.8194928449593133 1.0123847271097464 2.9003011918248358 1.9917451941728357 2.2428348694156743 1.1486768749309701 3.8557154559821356 1.6469765339716103 1.5103549555205971 5.1171301372814915
leaf_count=5387 379 5298 106 42 317 311 1174 1157 392 293 417 119 276 777
internal_value=0.000382169 0.00184476 -0.00166493 -0.0066609 0.00297494 0.00604958 0.00759989 0.00261351 0.00774878 0.0130128 0.00654734 -0.000189751 -0.00642453 0.0127849
internal_weight=38.8529 35.3611 19.6029 12.3056 3.79079 15.7582 14.7458 8.28356 5.38326 3.39151 7.29727 3.44156 1.9713 6.46223
internal_count=16445 11058 6575 5933 635 4483 4172 3016 1842 685 642 225 318 1156
is_linear=0
shrinkage=0.02


Tree=449
num_leaves=15
num_cat=0
split_feature=70 60 29 83 33 22 83 53 38 28 59 58 34 74
split_gain=1.30047 2.00697 1.11659 1.06236 1.03275 1.05362 1.18037 0.954557 0.92742 0.900749 0.889527 0.852998 0.604559 0.595933
threshold=0.20505174919363417 0.48694173143499103 -0.046876305387196289 0.7764904940749584 -0.024912645355565238 0.035403643875370434 0.10045328179940426 -0.046912204511976648 0.035852774277047091 0.03479131419885962 0.0025564431055785978 0.017136520202377391 -2.0816681711721682e-17 0.4479583333333334
decision_type=10 10 10 10 10 8 10 8 10 10 10 10 10 10
left_child=11 2 10 7 -4 6 12 -3 -9 -7 -2 -1 -6 -5
right_child=1 3 4 13 5 9 -8 8 -10 -11 -12 -13 -14 -15
leaf_value=-0.01270214980494757 -0.0096561027778868363 0.0022944737590128907 -0.0018043142249709223 -0.0063452018293306033 0.0079934224992766947 -0.0055036997929726154 0.016583837568982185 -0.015133210383174531 0.0016470260433575858 0.0081153754126761565 0.0060131395766176952 0.0038422363718829482 -0.0079844882694178193 0.0082124049568054851
leaf_weight=2.6878701492751125 2.0949503234296567 2.7564210213968181 3.0445414894638843 0.71481958165531922 0.789018978226525 2.2884398555834258 8.8871124971192312 4.0976320950685459 1.5313551877334246 4.0285156536847353 1.8103451534698249 1.3139831579828749 1.0186125889376816 3.1572510524420068
leaf_count=3876 2037 728 995 35 360 908 1584 2328 389 682 351 327 1685 200
internal_value=0.00207484 0.00331765 0.00659314 -0.00309977 0.00843271 0.0102633 0.0138651 -0.00685695 -0.0110084 0.00310371 -0.00264738 -0.00758779 -0.000647237 0.00477418
internal_weight=40.2209 36.219 23.9615 12.2575 20.0562 17.0117 10.6947 8.38541 5.62899 6.31696 3.9053 4.00185 1.80763 3.87207
internal_count=16485 12282 8602 3680 6214 5219 3629 3445 2717 1590 2388 4203 2045 235
is_linear=0
shrinkage=0.02


Tree=450
num_leaves=15
num_cat=0
split_feature=78 83 62 62 72 43 18 73 50 70 50 48 18 49
split_gain=1.12377 1.0871 1.24757 1.51127 1.10382 1.09283 0.991057 1.11421 0.987752 0.941697 0.91907 0.77658 0.705532 0.676221
threshold=0.15401978065021546 0.7764904940749584 0.22961049233043324 0.21004260396323796 0.086990919097413341 -0.0023948787777958867 -0.0061491034366326627 0.068211643999045585 0.071170989508299795 0.21155987664896353 0.0080953393902406124 0.045333029489029404 -0.041650180811033714 -1.0000000180025095e-35
decision_type=10 10 8 8 10 10 10 10 8 10 8 8 10 10
left_child=1 2 3 4 11 -5 12 -8 -6 -7 -9 -1 -2 -12
right_child=6 -3 -4 5 8 9 7 10 -10 -11 13 -13 -14 -15
leaf_value=0.012270317517460628 0.0068064452898413267 0.0071339230560183301 -0.010028053346958152 -0.0025966392506718223 -0.011747565507234716 -0.0055549288286031277 -0.0068203427330529899 -0.0047997378199994452 0.00088632344149375513 0.017457595500447121 0.017170872517815645 -0.0054770433747419293 -0.0062979623145957495 -0.0011261959809377236
leaf_weight=1.7456576980475897 2.1034176410757937 6.1841198857873669 4.5612434790346006 1.9378319306706542 4.8417388863599573 0.37148062165215323 0.63878357548673914 0.57059986305103039 4.0679296497037321 3.0628646632249001 6.1778077756462144 0.8231701319018615 2.4937411000573766 0.77704377056215879
leaf_count=612 196 564 2881 821 5454 194 741 1028 650 389 1655 542 555 183
internal_value=0.00271742 0.00037535 -0.00180785 0.000854366 -0.00323996 0.00873812 0.00738677 0.0111883 -0.0064719 0.0142771 0.0133376 0.0066421 -0.00015726 0.015242
internal_weight=40.3574 27.596 21.4119 16.8507 11.4785 5.37218 12.7614 8.16423 8.90967 3.43435 7.52545 2.56883 4.59716 6.95485
internal_count=16465 12107 11543 8662 7258 1404 4358 3607 6104 583 2866 1154 751 1838
is_linear=0
shrinkage=0.02


Tree=451
num_leaves=15
num_cat=0
split_feature=63 17 26 53 56 26 16 41 19 51 84 36 3 84
split_gain=1.48147 1.1379 0.923946 1.31667 1.85561 1.53434 1.19942 0.873576 0.805476 0.791658 0.713714 0.687783 0.663888 0.759514
threshold=0.11044476413115149 0.058195981034093479 -0.073861281233838103 -0.025245412442735721 0.022623448196291539 -0.0032650679405699652 -0.021131352779915177 -0.0012676575866056219 -0.015998848097353188 -0.030868066051745326 0.19509121151534056 0.017204164905199364 0.021818470326880359 0.44716524226616766
decision_type=8 10 8 10 10 10 10 10 10 10 10 10 10 8
left_child=11 7 10 5 12 -4 8 -2 -7 -8 -3 -1 -5 -14
right_child=1 2 3 4 -6 6 9 -9 -10 -11 -12 -13 13 -15
leaf_value=0.014709531740605295 -0.011901287225371884 -0.0059316559431268649 -0.007036797710761755 0.0023420782110481829 0.0090074653543219148 0.015563763585938308 -0.0086322493000067346 0.0047102025787524463 -0.0052995092879917997 0.0051693142080692705 0.012572355896841808 -0.0026669931929248344 -0.013804089992332558 -0.0013386666209607217
leaf_weight=3.2257579929137128 3.9719545660336717 0.41239833326835684 2.9690225765516525 1.6892053793380899 2.3822032997195484 4.8841293779914849 1.5205711910239177 1.0914140223394504 0.35640437536494474 3.8948653718907789 3.1801282554806676 0.81317355004284753 5.8004331734628041 3.071427028698964
leaf_count=1056 6835 140 723 599 315 520 677 604 309 609 258 720 2861 239
internal_value=0.00123249 -0.000212552 0.00133572 -9.26448e-05 -0.0044868 0.00410302 0.00754427 -0.00813437 0.013523 0.000552558 0.00961915 0.0113761 -0.00804647 -0.0100613
internal_weight=39.2631 35.2242 30.1608 26.5683 12.9433 13.625 10.656 5.06337 5.24053 5.41544 3.59253 4.03893 10.5611 8.87186
internal_count=16465 14689 7250 6852 4014 2838 2115 7439 829 1286 398 1776 3699 3100
is_linear=0
shrinkage=0.02


Tree=452
num_leaves=15
num_cat=0
split_feature=82 28 56 53 20 42 19 59 46 2 84 51 26 51
split_gain=1.16619 2.17432 1.65468 1.47838 1.3781 1.02304 0.831352 0.818477 0.783524 0.715553 0.688331 0.686391 0.683214 0.661048
threshold=0.14516666666666669 0.08675374817103601 0.01713341890952132 -0.064030078326181794 0.050465239642036565 0.022586943803311835 -0.12483183079178171 -0.0051686538192529099 -0.0086052839972337366 0.38964087555636856 0.39775685758365437 0.041406368752549723 -0.069850051311627456 -0.033669837505721299
decision_type=8 10 10 8 10 8 8 10 10 10 10 10 10 8
left_child=4 2 3 -2 8 11 -5 -7 -1 13 -4 -3 -6 -10
right_child=1 5 10 6 12 7 -8 -9 9 -11 -12 -13 -14 -15
leaf_value=-0.0034152018437599353 0.004396424312442684 -0.0069809336563767185 -0.0042614387214670157 0.0013114385926241588 0.0064104019241560221 -0.0027148840972042237 -0.014993667226665106 0.015461822353528816 0.00068690219023404291 -0.0012913365357530196 0.0095844232216080166 0.0070178244768792841 -0.006812242650591863 0.015143862360370686
leaf_weight=1.3988093786683755 1.9197979455348102 2.4262114686644041 1.7275375283788879 1.2717091278027508 1.3574310683616202 0.9359920431888894 8.1592695364634 3.3824875775462715 1.6347382801104684 1.5403218745850615 2.373082951962715 1.3966454379988134 4.0589862132837871 6.6166914435234485
leaf_count=640 744 832 633 157 111 104 9467 315 831 268 164 114 1060 1016
internal_value=0.000993433 -0.0018462 -0.00612771 -0.00983867 0.00490329 0.00606108 -0.0128801 0.0117525 0.00866926 0.0105521 0.00405947 -0.00147193 -0.00301585 0.0126635
internal_weight=40.1997 23.5927 15.4514 11.3508 16.607 8.14134 9.43098 4.31848 11.1906 9.79175 4.10062 3.82286 5.41642 8.25143
internal_count=16456 12530 11165 10368 3926 1365 9624 419 2755 2115 797 946 1171 1847
is_linear=0
shrinkage=0.02


Tree=453
num_leaves=15
num_cat=0
split_feature=29 12 32 70 32 85 52 85 26 35 52 50 85 43
split_gain=1.06042 1.26851 1.75568 1.33831 1.16676 1.06673 1.01433 0.990363 0.885056 0.819354 0.816603 0.742143 0.635602 0.627196
threshold=-0.046876305387196289 56.369737644905435 0.029112602396060675 0.20881327507833533 0.024442105711271211 0.011876415304303329 0.099434432439063455 0.29764828562403445 0.10045403606254451 0.010753002285273096 0.070205027204044618 -0.011025593043763283 0.24960156058648117 -0.0091098231740007456
decision_type=10 10 10 10 10 10 10 10 10 10 10 8 10 10
left_child=6 2 3 -2 7 -5 8 -3 -1 10 11 -7 -4 -6
right_child=1 4 12 5 13 9 -8 -9 -10 -11 -12 -13 -14 -15
leaf_value=-0.012098843473013854 -0.0028113800287491862 -0.011815785145155499 -0.0073531184573376552 -0.0069266232049612578 -0.0060918207858268241 -0.0045841083740561254 0.007801709223147997 0.0035532162559312732 0.0045772901745325147 -0.0055762197237504566 -0.0022270386372190473 0.016627026169246554 0.0039524360549721659 0.0073718110158910721
leaf_weight=4.2537854313559356 2.5109421827182841 4.2899490025083633 3.4744459221074058 0.52319413376244384 1.0040739275282247 0.29606194693042198 1.1532223221438469 1.8997814876493064 1.0947064281317578 0.37563415751356011 0.8551504654533354 10.748577347956591 2.7255570600827923 4.6200271874113241
leaf_count=3491 2655 1986 1849 429 205 565 156 220 682 230 246 2808 255 746
internal_value=0.00193129 0.00338029 0.00617529 0.00963724 -0.00179338 0.0121063 -0.00495591 -0.00726054 -0.00850228 0.0133781 0.0143623 0.0157251 -0.00252446 0.00441136
internal_weight=39.8251 33.3234 21.5096 15.3096 11.8138 12.7986 6.50171 6.18973 5.34849 12.2754 11.8998 11.0446 6.2 5.6241
internal_count=16523 12194 9037 6933 3157 4278 4329 2206 4173 3849 3619 3373 2104 951
is_linear=0
shrinkage=0.02


Tree=454
num_leaves=15
num_cat=0
split_feature=42 60 41 84 32 12 48 0 63 41 22 84 71 19
split_gain=1.43362 1.63427 1.56527 1.27859 1.22416 0.91262 1.0782 0.902322 0.786374 0.733342 0.689367 0.683312 1.13614 0.622414
threshold=0.045226870039036637 0.43800562594038256 -0.009240465043648052 0.34931674458752571 0.081653460560391383 7.6411004953998596 2.5566692083506299 0.18321596244131458 0.1926175440114192 0.0023599471512790638 1.0000000180025095e-35 0.27283995003529843 0.13047650838688143 -0.067713766535859685
decision_type=10 8 10 10 10 8 10 10 10 10 8 10 10 8
left_child=1 2 3 13 5 7 9 -3 10 -7 -4 12 -12 -1
right_child=-2 4 8 -5 -6 6 -8 -9 -10 -11 11 -13 -14 -15
leaf_value=-0.00064945653199770573 0.011624902976256964 -0.0086498996955968847 0.012458268995165809 0.0068031867539364299 0.0085533651014609493 -0.015907433785271836 0.0014833113482109761 0.0073630689233505743 -0.0064424383118862321 0.0019047866599179977 0.00817842448152163 0.0087679229930162483 -0.011146682962335933 -0.013496910376049569
leaf_weight=2.6025798519476666 3.381063610824639 1.4315532014952599 6.5722991638394896 2.3811536430293927 1.3651474406651676 6.3161359301993798 2.1311122716288082 2.353209231980145 0.85470438571792406 0.82983872150361992 1.1991353691701072 2.5161678093572846 1.8528163124901764 2.9723284249630515
leaf_count=770 489 1167 3074 209 144 2747 289 204 319 209 304 223 1311 4994
internal_value=0.000830466 -0.000492348 0.00302732 -0.00367921 -0.00546859 -0.00743813 -0.0105332 0.000764347 0.00710279 -0.0138591 0.0084741 0.00259062 -0.00340922 -0.00851021
internal_weight=38.7592 35.3782 20.9512 7.95606 14.427 13.0618 9.27709 3.78476 12.9951 7.14597 12.1404 5.56812 3.05195 5.57491
internal_count=16453 15964 11204 5973 4760 4616 3245 1371 5231 2956 4912 1838 1615 5764
is_linear=0
shrinkage=0.02


Tree=455
num_leaves=15
num_cat=0
split_feature=50 31 38 40 67 19 53 80 83 62 28 5 58 56
split_gain=1.31923 1.27054 1.55965 1.16678 1.27564 0.830229 1.48084 1.3849 1.66315 0.900721 0.824178 0.742467 0.735428 0.669383
threshold=0.0026480677716757832 -0.0086034130393432707 0.069461053929362263 0.027613746048807723 0.30786401098901106 -0.045310317168520513 0.0052149736558649582 0.015250000000000001 0.65928022353727811 0.19091768345076476 0.0031354835582233166 0.26687370600414084 0.012092003034542826 0.012867360429912751
decision_type=10 10 10 10 10 10 8 8 10 10 10 8 10 8
left_child=-1 5 3 4 -3 6 10 9 -9 -7 -2 -10 -5 -8
right_child=1 2 -4 12 -6 7 13 8 11 -11 -12 -13 -14 -15
leaf_value=-0.010065113113883573 -0.0057540861704347534 -0.013702934587407399 0.0094118876428808795 -0.0072334663708741795 0.0056738148772697361 0.016014924334612511 -0.0096323742993794492 -0.014067077252547135 -0.0075800928865608456 -0.0050024650376280554 0.011351966851885139 0.0085049740084581667 0.010415467630690742 0.0048036255384861747
leaf_weight=2.5981471492777919 0.630340468713256 5.7399170792268688 2.3070175034590639 0.63186915292317314 1.1097355534075175 1.7234003863704868 1.8766816366478476 2.8676106032071411 0.76781425748777143 0.6135726357315433 13.129797847039297 2.7427990216528997 1.5675656331368371 1.4926343424594963
leaf_count=4356 285 2715 410 379 198 120 384 5124 47 150 1869 109 145 155
internal_value=0.00157639 0.00263165 -0.0027778 -0.00651284 -0.0102408 0.00502349 0.00746213 -4.43176e-05 -0.00487567 0.0106513 0.0102316 0.00408641 0.00466905 -0.00360139
internal_weight=39.7989 37.2008 11.3561 9.04909 6.84965 25.8447 17.1295 8.7152 6.37822 2.33697 13.7601 3.51061 2.19943 3.36932
internal_count=16446 12090 3847 3437 2913 8243 2693 5550 5280 270 2154 156 524 539
is_linear=0
shrinkage=0.02


Tree=456
num_leaves=15
num_cat=0
split_feature=83 16 60 67 83 29 59 66 64 84 85 22 44 5
split_gain=1.26875 1.33451 1.13431 0.872487 0.842903 0.837004 1.04423 0.816093 1.24313 1.05673 0.924515 0.724538 0.665293 0.685244
threshold=0.23388122669663378 -0.021943059710673837 0.59588498360940467 0.17661913250148548 0.7764904940749584 -0.046876305387196289 0.0017975128757965078 0.29401222854733294 2.4638501742160286 0.46943022722953437 0.22995182721818758 7.6870175473336979e-05 0.072418288862509742 0.1129733520336606
decision_type=10 8 10 10 10 10 10 10 10 10 10 10 8 10
left_child=1 3 5 -1 -4 6 -2 9 10 11 -9 -7 13 -10
right_child=2 -3 4 -5 -6 7 -8 8 12 -11 -12 -13 -14 -15
leaf_value=0.011524660576401054 -0.0098841240545328585 -0.01174688727361314 -0.011938031685078281 -0.0039815686767521591 0.0034254650514677449 0.0046342373010256543 0.006116579511180901 -0.0069236764454546473 -0.00092154030432781912 0.010037262845145299 0.0074984240906911161 -0.0085103435608509491 -0.0032190645632124123 0.016911153204113811
leaf_weight=1.4134679445924119 2.6338632247716367 5.0325721712360956 2.5174489349883507 2.7773438677068043 1.8047601227299308 1.8212691665903573 2.0619190858851653 2.3804950415578769 0.86524304321209733 2.1143125855887774 2.761717571389454 3.6991808296043018 0.54882424712560052 6.2190024147857912
leaf_count=495 881 7771 850 2809 95 274 264 551 111 218 252 1132 121 652
internal_value=0.000425162 -0.005682 0.00246311 0.00246101 -0.00608466 0.0041114 -0.00301786 0.00581598 0.00872421 0.000502847 0.000781722 -0.00412812 0.0133645 0.0148886
internal_weight=38.6514 9.22338 29.428 4.19081 4.32221 25.1058 4.69578 20.41 12.7753 7.63476 5.14221 5.52045 7.63307 7.08425
internal_count=16476 11075 5401 3304 945 4456 1145 3311 1687 1624 803 1406 884 763
is_linear=0
shrinkage=0.02


Tree=457
num_leaves=15
num_cat=0
split_feature=40 20 76 31 66 71 65 6 55 62 53 62 79 46
split_gain=1.16643 1.10119 1.05888 1.32078 1.26176 1.05735 0.952854 0.921193 0.826344 0.612897 0.581969 0.513425 0.625364 0.738192
threshold=0.036963535259548985 0.028635491925785263 99.90634670720452 -0.023413385609612911 0.34798711755233497 0.14358374479745625 1.7514044943820226 35.890065279844045 -0.0080461799943297909 0.2408047638318784 0.048317019154833905 0.18662245635555169 -0.19461522425875147 -0.0060578600133862235
decision_type=10 8 10 8 10 10 8 10 10 10 10 10 10 10
left_child=2 -2 3 8 10 -6 7 -4 11 -9 -5 -1 -13 -14
right_child=1 -3 6 4 5 -7 -8 9 -10 -11 -12 12 13 -15
leaf_value=-0.0025110061905402972 0.016015096900259922 -0.0010866175708367481 -0.0044344657840676097 -0.011485778931128725 0.013243523188477086 -0.0050954266861400858 -0.0039052805056530087 0.013927368791590344 -0.0063813432529038136 -0.0013809586331596545 0.0035913000361289548 -0.0048249811977555609 -0.0036708586257370762 0.013085051392225683
leaf_weight=1.9773901482294602 2.6452895045513278 2.363043746780022 1.3039612843604089 9.0125080689540482 1.2119176460328156 2.0525776765607588 3.0246584099259062 4.805263694619498 2.2983816129417374 1.0694949376702423 0.6838944215851378 0.71537060612899939 0.84028942733129852 4.4381612170473099
leaf_count=1243 709 827 740 5633 186 827 1775 693 1674 198 73 240 597 974
internal_value=0.000993168 0.00910824 -0.000451665 -0.00279039 -0.0068201 0.00322181 0.0046468 0.00828703 0.00244926 0.011345 -0.010186 0.00542294 0.00802516 0.0102578
internal_weight=38.4422 5.00833 33.4339 23.2305 12.9609 3.2645 10.2034 7.17872 10.2696 5.87476 9.6964 7.97121 5.99382 5.27845
internal_count=16389 1536 14853 11447 6719 1013 3406 1631 4728 891 5706 3054 1811 1571
is_linear=0
shrinkage=0.02


Tree=458
num_leaves=15
num_cat=0
split_feature=58 53 61 48 80 84 12 28 23 43 70 14 55 41
split_gain=1.09593 1.82741 1.3506 1.09959 1.01898 1.0166 1.01831 1.01043 0.90673 0.877132 0.952878 0.608115 0.605005 0.596555
threshold=0.016072647588554947 0.0010215823859861877 0.21411746448741611 -0.11776600626386312 0.047583333333333346 0.44716524226616766 32.898981324278445 -0.0074880725676538243 97.768939488636377 -0.0066786336096002269 0.21155987664896353 0.10947582864399162 0.01422992957031311 -0.0031144881660433244
decision_type=10 8 10 8 8 10 10 8 8 8 10 8 8 10
left_child=1 3 -2 11 7 6 8 -5 -4 -9 -11 -1 -8 -12
right_child=2 -3 5 4 -6 -7 12 9 -10 10 13 -13 -14 -15
leaf_value=-0.010539320232103574 0.013917854957425344 -0.010492334410573042 -0.0051698619086588951 -0.0085978754020881818 -0.0070736802805063323 0.0076271821381538344 -0.013682227014967194 -0.0062426797781047075 0.010465476246668888 -0.0038948094076768896 0.013178858605345341 0.0058602417579720215 0.0037367030088983695 -0.0021513870298284017
leaf_weight=2.7850006220724026 3.9968394813768127 5.5758342418994316 2.0397991163299576 0.83992092866174062 1.8767426033446106 4.9454287490516435 2.5482736927224323 0.89753639711852884 2.0308525626751361 1.343150651184257 8.5333732404797029 0.48286100089899298 0.56088117107719915 0.84855680554028268
leaf_count=3449 637 3040 721 1315 2020 508 760 484 299 1123 1786 82 50 291
internal_value=0.00130268 -0.00147524 0.0051501 0.00179072 0.0042063 0.00141979 -0.00326557 0.00630422 0.0031562 0.00797697 0.00959788 -0.00731078 -0.0103953 0.0117186
internal_weight=39.3051 23.183 16.1221 17.6071 14.3393 12.1252 7.17981 12.4625 4.07065 11.6226 10.7251 3.26786 3.10915 9.38193
internal_count=16565 13590 2975 10550 7019 2338 1830 4999 1020 3684 3200 3531 810 2077
is_linear=0
shrinkage=0.02


Tree=459
num_leaves=15
num_cat=0
split_feature=20 4 84 69 40 46 32 65 51 70 18 48 17 27
split_gain=1.13447 1.31943 1.1628 1.15191 1.05407 1.3031 0.946987 0.833021 0.911853 0.763366 0.771023 0.67029 0.654486 0.642868
threshold=0.039870379467621724 0.027842377260981915 0.3028452976915435 0.53315988198993136 0.037673363639975949 -0.0051641756862171751 0.071142417120025267 1.5671171171171172 0.0087234545627623162 0.24530068546392483 -0.044107889121360981 -0.04534945102838072 0.047516420361247952 -0.033974569432346551
decision_type=10 10 10 10 10 10 10 10 8 10 10 8 10 10
left_child=4 9 11 6 5 -1 -4 8 -7 -2 -11 -3 -5 -9
right_child=1 2 3 12 -6 7 -8 13 -10 10 -12 -13 -14 -15
leaf_value=-0.007425041194356192 0.00057908049568246105 0.005117188137018158 -0.0060076405576555856 -0.0047642800261543938 0.013852595914556063 -0.010873361269081193 0.0097862745947206228 -0.001281900202524901 0.005995375426689045 0.0022226580860408725 -0.013770923568734956 -0.0092480889277553272 0.015783581582482741 0.01156398626981057
leaf_weight=3.2088039829832278 3.5679347715195053 1.1464136766953741 3.1901510949464846 0.26118748899898525 3.3330889870921956 1.4679593437103902 1.3825893850444115 1.7678639937039404 1.7429053130508694 1.2098723370581863 4.712878474550962 3.0717232169699846 3.4959293997962959 5.9704114682899672
leaf_count=3718 2578 317 351 10 882 1065 83 635 225 120 2786 1088 389 2227
internal_value=0.00149894 -0.00150572 0.00268858 0.00676291 0.00516149 0.00233652 -0.000333094 0.00557926 -0.00246749 -0.00677883 -0.0106547 -0.00511141 0.0136539 0.0088184
internal_weight=39.5297 22.0387 12.548 8.32986 17.491 14.1579 4.57274 10.9491 3.21086 9.49069 5.92275 4.21814 3.75712 7.73828
internal_count=16474 7722 2238 833 8752 7870 434 4152 1290 5484 2906 1405 399 2862
is_linear=0
shrinkage=0.02


Tree=460
num_leaves=15
num_cat=0
split_feature=63 38 53 26 49 85 16 79 48 38 61 56 52 48
split_gain=1.20876 1.06125 1.27208 1.61837 0.93875 0.835062 1.00033 1.16015 0.955791 0.862097 0.819241 0.735517 0.68218 0.65676
threshold=0.11044476413115149 0.065685975754860182 -0.058491280185165424 -0.069850051311627456 -0.43266800028296276 0.44386905409445288 -0.031752359094505377 0.21265381961034133 6.4979325380451067 -0.0020701341652718803 0.1641650239369192 0.0056314719605466872 0.035876838051455855 0.13288646910533133
decision_type=8 10 8 8 10 10 8 10 10 10 10 10 10 8
left_child=10 2 4 11 -2 6 9 8 -8 13 -1 -4 -7 -5
right_child=1 -3 3 5 -6 12 7 -9 -10 -11 -12 -13 -14 -15
leaf_value=-0.0038970258532493745 -0.0043371324311807513 0.0093354952867272332 -0.0046260401812106009 0.010528759866438029 0.010647225965798798 -0.0048955948689397427 -0.012270302860917015 0.0083236417177211895 0.0071042107158734548 -0.0070695940385312669 0.014279463672058613 0.012097580401864927 0.011014550576727369 -0.0042785719369203166
leaf_weight=0.83575333864428047 1.7996558464219559 3.0932922138745189 0.86716059366881415 2.3721101628761971 4.2125467299774755 1.2075730515061871 12.383044361809889 0.63462283370609007 0.47014741826569739 2.8840913667809218 3.0284550125579699 2.6140568427217659 1.3231061738333663 1.1751496660508567
leaf_count=837 760 721 179 603 859 91 9070 90 39 1493 945 249 131 385
internal_value=0.00101199 -0.00027725 -0.00146324 -0.00339982 0.00618303 -0.00540065 -0.00676055 -0.0096746 -0.0111 -0.000169733 0.0103553 0.00782907 0.00418633 0.00576118
internal_weight=38.9008 35.0366 31.9433 25.9311 6.0122 22.4498 19.9192 13.4878 12.8532 6.43135 3.86421 3.48122 2.53068 3.54726
internal_count=16452 14670 13949 12330 1619 11902 11680 9199 9109 2481 1782 428 222 988
is_linear=0
shrinkage=0.02


Tree=461
num_leaves=15
num_cat=0
split_feature=72 68 81 52 75 1 83 65 60 42 70 29 60 52
split_gain=1.11557 1.14116 1.11018 0.991496 0.950795 0.90096 0.838694 0.798156 0.796529 0.805689 0.728181 0.68312 0.594286 0.54455
threshold=0.11556079664570232 0.70418427299203723 0.21383333333333335 0.10800294876412077 0.40246432547313032 0.33180193439865441 0.46480481819512692 2.2406896551724143 0.26986404058244856 0.049855611265032344 0.41099033816425129 -0.064349627956337002 0.31265212576321982 -0.016893505876479527
decision_type=10 10 10 10 10 10 10 8 10 10 10 8 10 8
left_child=1 3 8 13 -4 6 -3 11 -2 -10 -7 -6 -13 -1
right_child=2 5 4 -5 7 10 -8 -9 9 -11 -12 12 -14 -15
leaf_value=0.0011598119229813543 0.0084737169208654959 -0.01047740126764546 -0.0032069430076873185 0.0075361707182989325 -0.0033820413408214766 0.0096205832188323275 0.0034793971031767475 -0.0004487613572551282 -0.0089736009164720094 0.0081920719018071537 -0.0051091533427032277 -0.0025417034803013427 0.014501572271596281 -0.013551587515708676
leaf_weight=1.0342427007344666 1.0487692798087689 2.6561728164087963 2.5269136442257141 0.63022282785823325 0.71178305752255255 4.5341791556274984 2.5447321992105572 2.6458326612773826 4.5236463474393531 0.53661288882722136 1.0749476698765645 0.60093023541775892 8.0021691246365645 4.8772920137234932
leaf_count=273 357 4838 1155 59 431 633 349 1328 2020 49 509 749 1658 2093
internal_value=0.00102155 -0.00263378 0.00408036 -0.0086189 0.00695655 0.00141127 -0.00418869 0.00918553 -0.00275963 -0.00610188 0.00645181 0.0117003 0.0131704 -0.0111824
internal_weight=37.9484 17.3518 20.5967 6.54176 14.4876 10.81 5.20091 11.9607 6.10903 5.06026 5.60913 9.31488 8.6031 5.91153
internal_count=16501 8754 7747 2425 5321 6329 5187 4166 2426 2069 1142 2838 2407 2366
is_linear=0
shrinkage=0.02


Tree=462
num_leaves=15
num_cat=0
split_feature=78 87 47 28 67 50 54 50 52 22 40 35 35 40
split_gain=1.60864 1.59 1.36125 1.179 1.12298 1.17747 1.06126 0.953769 1.07737 0.928465 0.748888 0.678798 0.608822 0.590943
threshold=0.099558998885346195 0.087129054520358878 -0.002742102010368955 0.1081076872719878 0.15643825301204822 0.0058477598514602722 0.013058352766854605 0.05422142303272328 0.013673056811881691 0.040505634999773464 0.017610096189508612 -0.034658724651539956 -0.031866715162809207 -0.0057586639415525788
decision_type=10 10 8 10 10 10 10 10 10 8 10 10 10 10
left_child=1 3 4 7 -2 -6 -5 -1 -9 11 -10 13 -8 -7
right_child=2 -3 -4 6 5 9 12 8 10 -11 -12 -13 -14 -15
leaf_value=-0.01278875128847878 -0.0086701818983909423 0.01090972547833631 -0.0064562133387230701 -0.0078323833317510572 -0.0076649671178201633 -0.0067701979290843975 -0.0040887903308100999 0.0076865957322787715 -0.011450886642376376 0.000893425936731217 0.0015223367511117511 0.016452570680203421 0.012723576527094474 0.0079699582706139853
leaf_weight=5.621256434467802 0.76452983442868472 2.2213150032912372 2.375821229528813 1.2802645887859387 0.84100606840365699 0.66738005715160431 0.60407032613875378 2.1814764400987752 3.4286342378036352 3.2448935749453076 2.6252716137169045 7.3909699390569585 2.6248400583353941 2.7541793873751867
leaf_count=7159 452 254 881 213 1655 193 86 282 1108 789 492 2227 163 573
internal_value=0.0015319 -0.00224994 0.00573948 -0.00432274 0.00786581 0.00920635 0.0039393 -0.00709553 -0.00224551 0.0106577 -0.00640679 0.0132643 0.00935518 0.00421393
internal_weight=38.6259 20.5871 18.0388 18.3658 15.663 14.8984 4.50917 13.8566 8.23538 14.0574 6.05391 10.8125 3.22891 3.42156
internal_count=16527 9757 6770 9503 5889 5437 462 9041 1882 3782 1600 2993 249 766
is_linear=0
shrinkage=0.02


Tree=463
num_leaves=15
num_cat=0
split_feature=52 40 42 60 85 32 67 66 19 26 16 83 87 34
split_gain=1.13601 1.257 1.36498 1.12487 1.73637 1.28608 1.16773 0.922767 0.922142 0.889476 0.886731 0.807977 0.67274 0.654043
threshold=-0.016317934915348688 0.044099441229769124 0.049855611265032344 0.43800562594038256 0.22995182721818758 0.084826426224696674 0.20848321342925663 0.25036873156342188 -0.036983899414161796 -0.010362294301587248 -0.05695862777407986 0.83283295175689331 0.090615835777126105 0.016202837640695956
decision_type=8 10 10 8 10 10 10 8 10 10 10 10 10 10
left_child=8 2 3 4 6 7 9 -5 13 -2 -8 -9 -12 -1
right_child=1 -3 -4 5 -6 -7 10 11 -10 -11 12 -13 -14 -15
leaf_value=0.015845877099693536 -0.0094811744843199767 0.0095378384280157477 0.0094372889323415896 0.0013301228152974626 0.0095143675679448189 0.0077357423907656511 0.0043475677946015539 -0.015998911714991848 -0.0043717094521187883 0.0068209746256161444 -0.014289437785542479 0.00156000403309522 0.0035054780632471213 -0.0011382215382344906
leaf_weight=3.4370050745201297 0.85409363314829523 3.6404312369559184 2.934970132977468 1.8890029242611461 4.5125479376438298 1.0661141889213457 1.1091097417011084 6.0300855852983668 1.1311705853695455 4.2035647013399373 4.7520419676220582 1.0350765170296652 0.59296798426657904 0.97965239474433463
leaf_count=341 504 954 390 519 278 101 434 3291 1196 2811 5392 48 7 228
internal_value=0.00136803 -0.000153338 -0.00164829 -0.00320028 0.000171694 -0.00811897 -0.00395831 -0.0105942 0.00897062 0.00295731 -0.00904732 -0.013552 -0.0120739 0.012564
internal_weight=38.1678 32.62 28.9796 26.0446 16.0243 10.0203 11.5118 8.95417 5.54783 5.05766 6.45412 7.06516 5.34501 4.41666
internal_count=16494 14729 13775 13385 9426 3959 9148 3858 1765 3315 5833 3339 5399 569
is_linear=0
shrinkage=0.02


Tree=464
num_leaves=15
num_cat=0
split_feature=27 69 83 63 36 80 38 18 32 25 83 65 64 38
split_gain=1.19964 1.28888 1.03973 1.03475 1.0863 1.085 1.01942 0.989364 0.983569 0.864272 0.725951 0.689335 0.701523 0.629307
threshold=0.00488929837020713 0.48721580591268981 0.83283295175689331 0.16202738817874829 0.024044878601017467 0.052583333333333336 0.030997137505792482 -0.02503331246636414 0.072680219597610493 0.14029080557736795 0.61936312810428651 2.5638586956521743 2.4638501742160286 0.071693072557481433
decision_type=8 10 10 10 10 10 8 8 10 10 10 10 10 10
left_child=1 2 8 5 10 9 -6 -2 13 -3 -5 12 -11 -1
right_child=7 3 -4 4 6 -7 -8 -9 -10 11 -12 -13 -14 -15
leaf_value=-0.015079405112192844 0.0072373134348639344 -0.003401344042641963 0.0085775242741502437 -0.010691635968498061 0.014102072130736887 -0.0054811626390952944 -0.0064542921900170528 -0.010678501413322708 0.0060213914031125209 0.0039563413883881658 0.0017357732918866725 -0.003027690723725684 0.013901393688875545 0.0041463065783260006
leaf_weight=3.3470820205184277 0.87663888119277544 1.6472020041910678 0.94820955046452571 3.1268902558404061 1.9247351063277163 1.7267232576523373 0.73750081413163604 3.8090034337510579 0.81745637509447977 5.1167212094769665 3.0112592988734832 1.0930016329548369 10.681292190896782 0.3685835551295894
leaf_count=1312 89 963 68 1995 408 1566 329 4782 72 1542 257 561 2488 41
internal_value=0.00196797 0.00328996 -0.00497157 0.00496151 -0.000727531 0.0073501 0.00820004 -0.00664325 -0.00884369 0.00876462 -0.00520591 0.0100748 0.0111076 -0.0126974
internal_weight=39.2323 34.5467 5.48133 29.0653 8.80039 20.2649 2.66224 4.68564 4.53312 18.5382 6.13815 16.891 15.798 3.71567
internal_count=16473 11602 1493 10109 2989 7120 737 4871 1425 5554 2252 4591 4030 1353
is_linear=0
shrinkage=0.02


Tree=465
num_leaves=15
num_cat=0
split_feature=69 85 17 32 39 82 83 66 26 85 53 1 73 20
split_gain=1.404 1.82694 1.4699 1.39733 1.25862 1.21868 1.02077 0.862345 0.8258 0.80633 0.733311 0.814148 0.621982 0.549106
threshold=0.5281195947615519 0.096457168452582412 0.066508688783570316 1.0000000180025095e-35 0.0052906246534134569 0.14316666666666669 0.83283295175689331 0.36768844498399739 -0.011247442297921182 0.24960156058648117 -0.062235359661856136 0.38838963331461129 0.061872460458712523 0.11341937067123443
decision_type=10 10 8 8 10 10 10 10 10 10 8 10 10 10
left_child=4 2 -2 7 6 8 -1 -3 -4 10 -5 13 -11 -12
right_child=1 3 5 9 -6 -7 -8 -9 -10 12 11 -13 -14 -15
leaf_value=-0.011793476716952441 -0.01431364504515213 0.015748278263131143 -0.0071313082591342655 0.0075287563235596289 0.0067176387790140839 -0.0096372913247095501 0.0056371340207537627 -0.0035348481067208853 0.011263115856912713 -0.0052530295088454729 -0.012474972411374718 0.0042149592396726861 0.0097100104512792811 0.0026005108656768894
leaf_weight=5.9410618199908622 2.5013302647348636 6.032565238790994 0.52638567973190253 1.6539252290240254 1.9970335942234667 1.4704107051366007 1.0321287949918767 0.69431368930963788 3.2424327959452057 0.68220904601912469 3.1456999533111247 2.0143521195350331 5.4412428098294185 0.86661701107368561
leaf_count=2562 7678 765 120 151 389 1433 108 102 429 63 1657 214 568 118
internal_value=0.00149037 0.0036645 -0.00423623 0.00670163 -0.0050421 0.00209799 -0.00883007 0.0135581 0.00773732 0.00267026 -0.00163321 -0.00486119 0.00753958 -0.00934964
internal_weight=37.2417 28.2715 7.74056 20.5309 8.97022 5.23923 6.97319 6.72688 3.76882 13.804 7.68059 6.02667 6.12345 4.01232
internal_count=16357 13298 9660 3638 3059 1982 2670 867 549 2771 2140 1989 631 1775
is_linear=0
shrinkage=0.02


Tree=466
num_leaves=15
num_cat=0
split_feature=78 62 37 87 1 77 52 16 47 85 81 25 52 68
split_gain=1.19409 1.54847 1.50035 1.47177 1.00978 0.981835 0.962893 0.855616 0.816605 0.77264 0.876756 0.75866 0.698917 0.543315
threshold=0.11266181693206552 0.22204598626449654 -0.0086282765652211119 0.06472559698366151 0.2332310838445808 -257.10179966696552 0.0032924527832535609 -0.045217162942341009 -1.0000000180025095e-35 0.35994199563952117 0.16358333333333336 0.13902559580451659 0.029427269045280955 0.57381706408345756
decision_type=10 10 8 10 10 8 10 8 10 10 8 10 10 10
left_child=3 2 4 5 -2 -1 -3 12 11 10 -9 -6 -7 -11
right_child=1 6 -4 -5 8 7 -8 9 -10 13 -12 -13 -14 -15
leaf_value=0.0078713919312580916 -0.0055393816240834207 0.0052925150217413156 -0.0030573291168783183 0.0079627789727135176 -0.0022552571953693736 0.0073184788521061458 -0.0097689156177380131 0.0027173438542074531 -0.0030268134466682108 -0.0082089475614290329 -0.013305924360764439 0.017754900408330526 -0.00744117353693707 0.0064695088985123918
leaf_weight=1.3365858205106631 0.63542178027273521 2.0646780533825213 2.9347577430307892 3.5592219040263435 0.60702079303155088 2.3380527170156715 3.1051959464457468 1.2485264283459443 0.68515082859084842 0.63123866071691681 8.1721834788331762 6.7695523756810871 1.1221973650026482 1.6777703126717822
leaf_count=202 1161 516 1533 333 317 892 1140 296 229 30 7767 1235 511 143
internal_value=0.000939175 0.00473269 0.00856036 -0.00230806 0.0123916 -0.00484814 -0.00387098 -0.00638441 0.0142603 -0.00879841 -0.0111254 0.0160356 0.00193662 0.00118861
internal_weight=36.8876 16.8018 11.6319 20.0858 8.69715 16.5266 5.16987 15.19 8.06172 11.7297 9.42071 7.37657 3.46025 2.30901
internal_count=16305 6131 4475 10174 2942 9841 1656 9639 1781 8236 8063 1552 1403 173
is_linear=0
shrinkage=0.02


Tree=467
num_leaves=15
num_cat=0
split_feature=69 84 12 22 0 84 58 84 37 55 68 20 22 51
split_gain=0.97871 1.05395 1.45345 1.0198 1.76009 1.5701 0.956993 0.952689 0.843596 0.746931 0.744658 0.633628 0.62288 0.734251
threshold=0.5420204037953914 0.31637577525166211 48.360606784519838 1.0000000180025095e-35 0.11782974059188894 0.076459478645455103 -0.0039584164661913652 0.52217112818946532 -0.014531159529810265 -0.046309797414614114 0.69308196804335176 0.21490961362705277 0.034876495942387391 0.023497312716057154
decision_type=10 10 8 8 10 10 8 10 8 10 10 8 10 10
left_child=7 2 3 5 -5 6 -2 8 9 -1 -6 -10 -3 -14
right_child=1 12 -4 4 10 -7 -8 -9 11 -11 -12 -13 13 -15
leaf_value=0.0094709095754587896 0.010149918821519359 0.012656967814711919 -0.0098440064191101725 -0.012864530273452579 -0.0047419560453937429 0.015005506105534552 -0.0088584656508410593 0.0040477134284655752 -0.01512641913912722 -0.0062681469693647617 0.010198267890688615 0.0038277992272293029 -0.0041105667448011647 0.0097086051646568632
leaf_weight=1.1167641557185564 0.64653637606534176 4.8732751202915079 3.4151788299532191 2.5178759695481867 1.3112752955057656 3.9859333111344313 2.1208713181586112 3.5010628666204866 3.5116192280584055 1.8101594212275811 2.8809246885648463 0.42104491226200513 2.6604701418400509 1.7106516053318044
leaf_count=170 507 360 1969 3573 317 1199 4259 256 2144 944 238 46 243 266
internal_value=0.00126021 0.00329574 0.000211561 0.00326655 -0.00215784 0.00823936 -0.00290224 -0.00371044 -0.00768132 0.000619617 0.00551187 -0.0127325 0.00835656 0.00209827
internal_weight=36.4836 26.123 16.8786 13.4634 6.71008 6.75334 2.76741 10.3607 6.85959 2.92692 4.1922 3.93266 9.2444 4.37112
internal_count=16491 12931 12062 10093 4128 5965 4766 3560 3304 1114 555 2190 869 509
is_linear=0
shrinkage=0.02


Tree=468
num_leaves=15
num_cat=0
split_feature=85 63 30 85 79 52 51 80 77 39 39 71 67 74
split_gain=1.14916 1.34743 1.73982 0.982427 1.1596 1.56823 1.0801 1.00698 0.881777 0.814681 0.917665 0.813409 0.6271 0.610694
threshold=0.41298730758275071 0.16046406002052274 -0.011988835914464613 0.096457168452582412 0.19019036519036522 1.0000000180025095e-35 -0.018450094191937463 0.052166666666666674 -44.076878429717169 -0.020743418884062084 -0.013476460526578736 0.13047650838688143 0.2152338255977497 0.55698978458805248
decision_type=10 8 8 10 10 10 10 8 10 10 10 8 10 10
left_child=1 3 8 4 5 6 -1 9 -3 -5 -11 -4 -12 -14
right_child=-2 2 11 7 -6 -7 -8 -9 -10 10 12 -13 13 -15
leaf_value=-0.0088382762723640384 0.0085759270752655721 0.011291938408750622 0.0043279458863937914 0.012145044443743664 0.010800158105208922 -0.015101181963756748 0.011933802554217266 -0.0079956378887333264 -0.0069213710125574021 -0.0075791419572478246 -0.0023331224942917069 -0.01301161523207642 0.011857973994609958 -0.0053594229517592686
leaf_weight=0.78201446675666408 4.9808969667647025 2.017594484634174 0.76231787566575615 4.9923482674130346 0.77993341282854078 3.196099327346019 1.4534317297002477 1.3563479469012243 0.82612502302799828 1.9351358297863024 2.1992809198418382 6.9855805169645464 3.8315120162224048 0.39342084342933947
leaf_count=1706 707 550 242 598 114 5919 360 959 510 492 265 3611 325 97
internal_value=0.000530403 -0.000966002 -0.00645664 0.00198166 -0.00424513 -0.00774887 0.00418144 0.00471419 0.00557668 0.00647249 0.00214907 -0.0110059 0.00570561 0.00953582
internal_weight=36.492 31.5111 10.5916 20.9195 6.21148 5.43155 2.23545 14.708 2.84372 13.3517 8.35935 7.7479 6.42421 4.22493
internal_count=16455 15748 4913 10835 8099 7985 2066 2736 1060 1777 1179 3853 687 422
is_linear=0
shrinkage=0.02


Tree=469
num_leaves=15
num_cat=0
split_feature=60 85 53 77 5 5 51 20 39 32 48 73 12 78
split_gain=1.15886 1.12432 1.15328 1.34166 1.0306 1.16035 1.12914 0.95099 0.929943 0.935151 0.776929 0.69233 0.669732 0.660567
threshold=0.50100402011265999 0.24960156058648117 -0.058491280185165424 -177.28317066600354 0.59683670917729448 0.66768916155419233 0.043166915935183729 0.12787298379089199 0.032250157895132657 0.071142417120025267 -0.11776600626386312 0.0606401089547157 49.000352678396496 0.074065282942567548
decision_type=8 10 8 8 8 10 10 10 10 10 10 10 10 10
left_child=1 2 10 -4 6 12 7 -5 9 13 -1 -3 -6 -2
right_child=8 11 3 4 5 -7 -8 -9 -10 -11 -12 -13 -14 -15
leaf_value=-0.0058284284372328308 -0.014712043820862584 -0.0044775779903046316 0.010294407710607014 -0.015756721118678287 0.014420495707382811 -0.0060181958597923368 0.0027072965391908292 0.0028700612764640033 0.00924554778090457 0.004820690703630841 0.011707812495798081 0.010798981618510823 -0.0051007288926752208 -0.0024647119278043386
leaf_weight=0.63595957650977641 3.6146808071971428 0.82516114192548951 1.8628917098685631 5.0303484595679073 1.8818656495859625 2.5279971921991091 2.1903644372796407 1.0020113590435356 0.81319450843875607 1.6278520154592113 3.5834066507413809 7.1838612634164747 0.37189674639375869 3.6313692943258502
leaf_count=448 1669 58 320 7927 616 1760 200 157 73 206 808 739 133 1316
internal_value=0.00096927 0.00307862 0.000313196 -0.00238448 -0.00480612 0.00230519 -0.00874312 -0.0126945 -0.00466678 -0.00674893 0.0084544 0.00890275 0.0106216 -0.0096175
internal_weight=36.7829 27.0958 19.0867 14.8674 13.0045 4.78176 8.22272 6.03236 9.6871 8.8739 4.21937 8.00902 2.25376 7.24605
internal_count=16430 13166 12369 11113 10793 2509 8284 8084 3264 3191 1256 797 749 2985
is_linear=0
shrinkage=0.02


Tree=470
num_leaves=15
num_cat=0
split_feature=64 4 60 60 67 73 83 36 19 42 78 2 78 83
split_gain=1.18018 1.26347 1.57406 1.37751 1.04051 0.966175 0.929511 0.832322 0.831588 0.765773 0.723368 0.75186 0.677824 0.677536
threshold=2.0034482758620693 0.033254344391785158 0.3395287150700142 0.51686852473369338 0.23624210435234058 0.10182569222344791 0.7764904940749584 0.010951478130168895 -0.1201997872461376 0.065803263979472545 0.164529826724197 0.32209077465589814 -0.046656258870280985 0.15286587430037687
decision_type=10 8 10 8 8 8 10 8 10 10 10 10 10 10
left_child=4 2 7 13 -1 8 -5 10 -4 -10 11 -2 -9 -3
right_child=1 3 5 6 -6 -7 -8 12 9 -11 -12 -13 -14 -15
leaf_value=0.0046565769917130276 -0.0060627296628798753 -0.0046812541340457217 0.0040590864295400189 -0.0086433617475718434 -0.010869679685671376 0.0022742270625435317 0.0078252175272337538 0.0073679342031555493 -0.014747894906228496 0.0047396419354992095 0.015095425039960546 0.0098206639621102373 -0.0072338450276355337 0.01470486575843267
leaf_weight=1.8409987207924121 1.6853051129473944 0.34397949317644538 0.96748209888755798 2.1072757726942668 4.5002113795380865 3.5689712569037519 1.4789713421487247 1.0651721770482256 4.9405766664385711 0.45566518124542188 2.8345066872061579 1.1606277762402895 2.4306531997244756 5.872852521322784
leaf_count=731 2330 214 98 524 2169 1296 90 625 3840 27 984 157 2800 568
internal_value=0.000872873 0.00261436 -0.000453198 0.00808233 -0.00634176 -0.00570167 -0.00162634 0.00522994 -0.00987618 -0.0126186 0.00940388 0.00128409 -0.00213548 0.0131322
internal_weight=35.2532 28.912 19.109 9.80308 6.34121 9.9327 3.58625 9.17626 6.36372 5.39624 5.68044 2.84593 3.49583 6.21683
internal_count=16453 13553 12157 1396 2900 5261 614 6896 3965 3867 3471 2487 3425 782
is_linear=0
shrinkage=0.02


Tree=471
num_leaves=15
num_cat=0
split_feature=63 79 19 56 24 5 51 49 82 35 19 15 14 62
split_gain=1.15552 1.57139 1.08602 1.46969 1.38966 1.16187 1.29796 1.0342 0.956225 0.796853 0.761459 0.679531 0.626572 0.511438
threshold=0.11044476413115149 0.087521786497437692 -0.1201997872461376 0.011377785133842827 0.55000000000000016 0.42882472137791289 -0.010951574980872457 -0.16386989180762521 0.17216666666666669 -0.034658724651539956 -0.028116757355603036 -0.00049005846684688811 -0.010019205842369662 0.2408047638318784
decision_type=8 10 8 10 8 10 10 10 10 10 10 10 10 10
left_child=10 2 11 4 5 -4 -7 13 12 -3 -1 -2 -8 -5
right_child=1 9 3 7 -6 6 8 -9 -10 -11 -12 -13 -14 -15
leaf_value=0.014240116087320303 -0.0015260634931566494 -0.004510377354930554 -0.014917665499390021 0.0086312658612872732 0.0069524926369906748 -0.012752167972005107 -0.005286928988887738 -0.0069973202017814939 -0.0073361748088614899 0.014291788797143415 -0.0042918696813418799 0.011624561766125264 0.011559373292802624 -0.0024874045173893457
leaf_weight=2.9130479730483789 2.4320031287788879 0.64704898464697214 6.3505183914821863 5.697138029809139 1.7246174617612275 2.3310422527392802 0.5116708952118646 2.4580708332359773 1.5108881767955606 3.0449586630165859 0.6463939010463936 2.5857362750975881 2.8089660307705344 1.6968625167864955
leaf_count=703 335 227 6053 1263 206 2972 308 425 891 759 1092 261 413 501
internal_value=0.00122033 -5.30309e-05 -0.0016789 -0.00339871 -0.00711744 -0.00926844 -0.00304575 0.00247873 0.00302097 0.0107376 0.0106715 0.00605629 0.00834071 0.00608728
internal_weight=37.359 33.7995 30.1075 25.0898 15.2377 13.5131 7.16257 9.85207 4.83153 3.69201 3.55944 5.01774 3.32064 7.394
internal_count=16409 14614 13628 13032 10843 10637 4584 2189 1612 986 1795 596 721 1764
is_linear=0
shrinkage=0.02


Tree=472
num_leaves=15
num_cat=0
split_feature=59 81 16 4 2 85 56 82 83 69 43 79 63 7
split_gain=0.862148 1.15978 1.14372 1.53611 1.14026 1.84382 1.00005 0.836414 0.887019 0.746379 0.636052 0.630088 0.599963 0.557698
threshold=0.0062334897772873448 0.1501666666666667 -0.02445838518160506 0.058195981034093479 0.25838014981273416 0.22995182721818758 0.0051199250325211073 0.11416666666666668 0.85111995681039965 0.53117743276218066 -0.0091098231740007456 -0.021781890418960375 0.20256693802644585 33.338317543859652
decision_type=10 8 8 10 8 10 10 8 10 10 8 10 10 10
left_child=1 -1 4 7 11 -6 -2 -4 -9 -7 -5 -3 13 -8
right_child=6 2 3 10 5 9 12 8 -10 -11 -12 -13 -14 -15
leaf_value=0.01116644618678336 -0.0044832432826873514 0.012904386629892522 0.0033121110619283205 -0.0067150818785852821 -0.013497305260660793 -0.0047479157546873579 -0.0024444840562391147 -0.010720809124889534 0.0059063822447059568 0.012153524605615232 0.0090410959944739536 -0.004630121227826741 -0.0042323946939684933 0.014422038179674242
leaf_weight=2.0406388111659934 1.8365587647640484 3.6400952781768865 1.9616235777430162 0.56067426672234433 2.2108509138670351 0.93530762803857248 0.60849956150923379 11.794133417082774 0.7967581804259688 2.0293906031001825 3.1535586431928091 0.46563172085006677 0.5194209335168124 4.4828203776414739
leaf_count=252 495 1477 730 107 1621 162 94 9998 99 118 221 538 58 507
internal_value=0.000990126 -0.00059935 -0.00183153 -0.00465409 0.00363601 -0.0025437 0.00662859 -0.0075063 -0.00931147 0.00696878 0.00574275 0.0103984 0.0103938 0.0123358
internal_weight=37.036 29.5887 27.548 18.2667 9.28128 5.17555 7.4473 14.5525 12.5909 2.9647 3.71423 4.10573 5.61074 5.09132
internal_count=16477 15323 15071 11155 3916 1901 1154 10827 10097 280 328 2015 659 601
is_linear=0
shrinkage=0.02


Tree=473
num_leaves=15
num_cat=0
split_feature=78 6 51 33 59 81 33 1 26 26 59 65 72 65
split_gain=1.40676 1.13948 1.03079 1.08145 1.24433 0.980161 0.940946 0.929774 0.822923 0.803748 0.730598 0.644658 0.628281 0.561741
threshold=0.15401978065021546 327.45008099662169 0.070084032427478238 -0.0052713374954902739 -0.00014615724518753155 0.2131666666666667 -0.011440432361357748 0.27925002925002929 0.05821432737648425 0.011301892344162958 -0.0047675436755988563 2.5638586956521743 0.1343979769645969 1.6960403726708078
decision_type=10 10 10 8 10 10 8 10 10 10 10 10 10 8
left_child=1 2 3 4 6 9 -1 -7 11 -2 -8 -9 -5 -11
right_child=5 -3 -4 12 -6 7 10 8 -10 13 -12 -13 -14 -15
leaf_value=-0.0095948301851370866 -0.0088178786567610044 0.010507720561185856 0.0079209538709602116 -0.014301981557934012 0.0063985974653858173 -0.0033520400237563239 0.0073445257253897892 0.016350855585976706 -0.0046560271420876317 -0.0051407016009128639 -0.0082045394899495482 -0.0032015401036493913 -0.0010704195013554623 0.0099144234746001304
leaf_weight=5.6872271212814667 1.8173189892986545 1.8998637526674418 2.2429642215429331 4.188591786107291 4.9167610180120329 1.2718429501110202 2.6655803660723909 5.9551580594852567 0.52125644955231099 0.75204495392608839 0.85445670062108892 0.42005003248777928 2.2228324459574651 1.9044885550501929
leaf_count=4173 497 287 191 2842 1330 1684 1260 822 299 402 970 87 949 528
internal_value=0.00139167 -0.00140568 -0.00279945 -0.00428381 -0.000965143 0.00655504 -0.00513907 0.0103049 0.012929 -0.00092315 0.00259002 0.0148032 -0.010478 0.00541212
internal_weight=37.3204 24.6783 22.7784 20.5354 14.124 12.6422 9.20726 8.16831 6.89646 4.47385 3.52004 6.37521 6.41142 2.65653
internal_count=16321 12002 11715 11524 7733 4319 6403 2892 1208 1427 2230 909 3791 930
is_linear=0
shrinkage=0.02


Tree=474
num_leaves=15
num_cat=0
split_feature=62 72 29 80 38 17 47 69 85 37 85 63 26 21
split_gain=0.895807 1.48403 0.826199 0.902932 0.791571 0.751 1.10231 0.95349 0.709687 0.686593 0.941097 0.864946 0.620259 0.576658
threshold=0.23250514403292186 0.14986728062578772 -0.046876305387196289 0.052583333333333336 0.071693072557481433 0.06416137379440133 -0.020731815276218143 0.49345263952079382 0.29764828562403445 -0.012354581548398632 0.1978054799483579 0.13068744374437447 0.10045403606254451 -0.0068503140738672723
decision_type=8 10 10 10 10 10 8 10 10 10 10 10 8 10
left_child=2 -2 4 5 12 6 -4 8 -7 10 11 -9 -1 -8
right_child=1 -3 3 -5 -6 7 13 9 -10 -11 -12 -13 -14 -15
leaf_value=-0.011600353107468193 -0.0099213322502711768 0.0051219801173125537 0.01062171875161501 -0.0053032805370982518 0.0077316295116059723 -0.010732213831624289 -0.01149125516155973 0.0061258004165408407 0.005262343783447013 0.013110926205251956 0.010173666664509824 -0.010661368653547396 0.0043050852343948006 0.0033815830640368683
leaf_weight=2.8439917554751473 5.3209121311774634 3.6642442967968236 1.1238967543358738 2.5227691196450897 0.85558649814629451 1.1019844846123334 2.1699323365683147 1.344623583572685 1.4535555022303013 8.296091024174526 3.0240672644649749 1.7509358736169813 0.7325549761844744 1.0020033510227224
leaf_count=2476 2465 1273 729 1909 175 697 3596 147 110 969 262 657 447 486
internal_value=0.00133009 -0.00388794 0.00306758 0.0045352 -0.0041947 0.00588803 -0.00134013 0.00769041 -0.00271337 0.00959111 0.00364815 -0.00365421 -0.00811373 -0.00710859
internal_weight=37.2071 8.98516 28.222 23.7899 4.43213 21.2671 4.29583 16.9713 2.55554 14.4157 6.11963 3.09556 3.57655 3.17194
internal_count=16398 3738 12660 9562 3098 7653 4811 2842 807 2035 1066 804 2923 4082
is_linear=0
shrinkage=0.02


Tree=475
num_leaves=15
num_cat=0
split_feature=57 49 83 80 51 68 45 59 83 48 73 65 80 2
split_gain=0.977756 1.44087 1.08227 1.03958 1.14499 1.00615 0.915755 0.789277 0.771209 0.607638 0.550088 0.538933 0.524609 0.489579
threshold=-0.0082301584868035692 -0.43266800028296276 0.7764904940749584 0.018750000000000003 0.052385065182401443 0.70761472891267729 -0.059710811068823304 0.010141722070052921 0.040438080514570783 0.24398053030158331 0.10615118196159368 2.1437969924812035 0.041166666666666678 0.43681185722928018
decision_type=8 10 10 8 10 10 8 10 10 10 10 10 10 10
left_child=1 13 3 5 6 10 9 -8 -7 -5 -2 -10 -3 -1
right_child=2 12 -4 4 -6 8 7 -9 11 -11 -12 -13 -14 -15
leaf_value=0.0028119867084017841 -0.011400002939645113 0.013818812580551244 0.0065970333758448262 0.0061584451637292786 0.0054932686867824277 -0.0057806610458544551 -0.013074407480169982 0.0019626850174559087 0.014262101560580529 -0.0063913574893655033 0.0043754156121605806 -0.0016984101282570586 -0.0031640752531949092 -0.010607149111563279
leaf_weight=1.5774763711015114 1.3262173212715489 4.9899971151207847 5.5562130644684649 2.245380753371137 2.5300810546468702 0.67296715220436443 7.7561440157005546 1.376325984179857 3.185385221288016 1.9433748498377097 0.74881866395298846 0.81430867638846383 0.45311550961559977 1.1137306362870729
leaf_count=1217 274 826 654 1331 193 390 9213 191 235 1070 90 126 431 319
internal_value=0.00120884 0.00689751 -0.000614875 -0.00259241 -0.00529641 0.0036234 -0.00758616 -0.0108382 0.00827479 0.000226324 -0.00613556 0.0113229 0.0121334 -0.00411053
internal_weight=36.2895 8.13432 28.1552 22.599 15.8513 6.7477 13.3212 9.13247 4.67266 4.18876 2.07504 3.99969 5.44311 2.69121
internal_count=16560 2793 13767 13113 11998 1115 11805 9404 751 2401 364 361 1257 1536
is_linear=0
shrinkage=0.02


Tree=476
num_leaves=15
num_cat=0
split_feature=78 1 62 28 43 8 64 15 41 48 15 51 37 75
split_gain=1.18809 1.54626 1.04512 0.98009 0.907893 0.90238 0.881687 0.842119 0.780862 0.706523 0.671575 0.633698 0.665958 0.509856
threshold=0.054747979527277647 0.2332310838445808 0.22204598626449654 0.1081076872719878 -0.0019240469041763659 0.51610370464311262 2.4216374269005851 0.046052185025204827 -1.0000000180025095e-35 6.4979325380451067 -0.001882124992530154 0.023497312716057154 -0.0048648416928883447 0.30143467643467647
decision_type=10 10 10 10 10 10 10 10 10 10 10 10 8 8
left_child=3 -2 6 7 5 -4 -3 8 9 13 -5 12 -8 -1
right_child=1 2 4 10 -6 -7 11 -9 -10 -11 -12 -13 -14 -15
leaf_value=0.0033099542475409044 -0.011330263124904197 0.0013262211369865957 -0.0047462147233133323 -0.0032422458611158678 -0.010536931622369641 0.0098268811296744613 0.017252797886759468 0.0064597745578288566 0.0034780171188215176 0.0060785271973054977 0.01116998952771076 0.0032385913260182288 -0.0023824016823144147 -0.013274299701897934
leaf_weight=0.43160205368985582 1.3663945647858806 4.5976916827094128 2.2271573428479314 1.7013838790153388 1.5428262230234384 2.8472731689143984 5.6851017115914146 1.133533539759809 1.4663640828584901 0.36554533781236376 1.8944769744994108 3.0298701439096476 0.52008989557725538 6.6284735759982141
leaf_count=107 2781 1685 905 250 558 779 1631 91 523 35 169 405 407 6090
internal_value=0.00161327 0.00442991 0.00596207 -0.00289239 -0.00056499 0.00370239 0.00891204 -0.00597372 -0.00805152 -0.0104709 0.00512912 0.0121901 0.0155048 -0.0119756
internal_weight=35.4378 21.8164 20.45 13.6214 6.61726 5.07443 13.8328 10.0255 8.89199 7.42562 3.59586 9.23506 6.20519 7.06008
internal_count=16416 9151 6370 7265 2242 1684 4128 6846 6755 6232 419 2443 2038 6197
is_linear=0
shrinkage=0.02


Tree=477
num_leaves=15
num_cat=0
split_feature=17 59 53 56 87 60 58 52 63 49 27 60 19 20
split_gain=1.08523 1.5236 1.06133 1.50851 1.12412 0.977756 0.88199 0.878253 0.740967 0.55064 0.526802 0.523731 0.506116 0.473029
threshold=0.058195981034093479 0.0090544910159062932 -0.014612874922182618 0.0095395945949297862 0.042403356308061142 0.49603171825899517 0.012850428557040916 0.02032641371184896 0.20099349028879152 -0.30585367143183867 -0.034606094383454515 0.24027152795908654 -0.01808496949441479 0.018518870958838921
decision_type=10 10 8 10 10 10 10 10 10 10 10 8 8 8
left_child=1 11 5 4 -4 8 -5 9 12 -7 -6 -1 13 -2
right_child=2 -3 3 6 10 7 -8 -9 -10 -11 -12 -13 -14 -15
leaf_value=0.0016474236256570293 -0.0018958712545106111 0.0098983245114458007 -0.012776896766796726 -0.0045000608591201285 0.0098109876387140003 -0.0032567630612473498 0.0089274853475958382 -0.0091792752948486548 -0.0050346212151748991 0.010023794928753649 -0.0061706035993692315 -0.013106424259118012 -0.00067819640003505613 0.013356005576838704
leaf_weight=0.94173020877860736 0.63731405801808927 1.0991580127447376 4.2143329054633814 2.1991423074214254 1.0944719007238743 1.4841117023170229 4.8253543011742295 1.9249229397464658 0.75071678744279857 2.0088296287976837 0.51048607338452701 3.8929704587390006 1.2684260835158063 8.5254846207499213
leaf_count=1454 228 148 2278 545 60 722 543 663 261 340 20 7331 590 1284
internal_value=0.00140332 -0.00579077 0.00299575 -0.00128472 -0.00812324 0.0061925 0.00468683 -0.000744632 0.00933888 0.00491209 0.00431033 -0.0104428 0.0107232 0.012213
internal_weight=35.3775 5.93386 29.4436 12.8438 5.81929 16.5998 7.0245 5.41786 11.1819 3.49294 1.60496 4.8347 10.4312 9.1628
internal_count=16467 8933 7534 3446 2358 4088 1088 1725 2363 1062 80 8785 2102 1512
is_linear=0
shrinkage=0.02


Tree=478
num_leaves=15
num_cat=0
split_feature=85 80 56 60 46 8 66 75 31 51 24 44 66 36
split_gain=1.04601 1.41139 1.15569 0.981554 0.938505 0.68825 0.701685 0.740617 1.05872 0.639416 0.527403 0.480787 0.471928 0.418634
threshold=0.48612350158504336 0.04158333333333334 0.022623448196291539 0.51974350978404937 -0.0095213354802012751 0.1424807418890861 0.29401222854733294 0.41415517573555727 -0.032698488640969227 0.056112563341467088 0.45000000000000007 0.072418288862509742 0.39298029556650255 -0.0073685973202259258
decision_type=10 8 10 8 8 10 10 10 10 10 10 10 10 10
left_child=1 3 10 4 -1 -6 7 -7 -9 -5 -3 12 13 -8
right_child=-2 2 -4 9 5 6 11 8 -10 -11 -12 -13 -14 -15
leaf_value=-0.0072280915039477723 0.010522036137432444 -0.012794275655009719 0.0070328925324938838 -0.0092716768706796078 -0.0039075769382426887 0.0082598078638600695 0.00085877411758172027 0.0061629198950346473 -0.010896765881809621 0.0054205133738186133 0.0023992863824478191 -0.0038324774740486527 -0.0015597587514161425 0.01371122222865816
leaf_weight=1.9321084915318349 2.8519849613658144 5.4073708815776618 1.0668540239203137 3.5325219421465581 2.2798678328144986 2.3590656616579535 1.3174231563098127 1.7190907838594358 2.3369438926965738 0.86533763963961963 0.73448453748278542 0.51143965310984718 0.91001221815167888 7.1275816548441036
leaf_count=1539 573 5960 103 1554 988 915 462 326 1675 26 124 274 222 1690
internal_value=0.000671061 -0.000495608 -0.00770891 0.00181047 0.00366568 0.00511118 0.0065271 0.00109788 -0.00387742 -0.00591216 -0.0108958 0.00963124 0.0106663 0.0120094
internal_weight=34.9521 32.1001 7.20871 24.8914 20.4935 18.5614 16.2816 6.4151 4.05603 4.39786 6.14186 9.86646 9.35502 8.445
internal_count=16431 15858 6187 9671 8091 6552 5564 2916 2001 1580 6084 2648 2374 2152
is_linear=0
shrinkage=0.02


Tree=479
num_leaves=15
num_cat=0
split_feature=62 1 75 65 15 51 77 87 59 18 59 36 71 78
split_gain=1.1158 1.19279 0.981718 0.926354 1.32568 0.973731 0.841038 0.719849 0.718451 0.706407 0.646566 0.928871 0.533348 0.466298
threshold=0.23250514403292186 0.23217629748528629 0.40722815692494291 1.2810744382022474 -0.001192956805807485 -0.0044893517207929548 -177.28317066600354 0.025320512820512824 0.00056375566763077194 -0.029869151834900989 0.0037093557947213327 -0.0015107856350309882 0.1825561483237832 0.01582225960152173
decision_type=8 10 10 10 10 8 10 10 10 10 10 10 10 10
left_child=1 6 10 -4 8 -6 -1 -2 -5 -7 11 13 -11 -3
right_child=7 2 3 4 5 9 -8 -9 -10 12 -12 -13 -14 -15
leaf_value=0.0078418589519540349 -0.008146692105589437 -0.0062352638488116334 0.017377840788585883 -0.0080426790139684016 0.014748708282546324 0.0096012800325590338 -0.01134168111429517 0.0022250840516066768 0.0055512506663582296 -0.0095983333297124003 0.0078129284945406344 -0.010069377532005619 0.0039431873393993185 0.007175551175780971
leaf_weight=0.47831718753150232 4.7507626427286578 0.59626004423989831 2.8382308419822975 2.9151767164548827 4.9776707882301707 1.7065286702127194 2.1882651862215452 4.3711587860161671 1.6918239848055234 1.5163536535401312 1.9081859033904036 2.900573121711207 1.3880526350476428 2.5304688572759915
leaf_count=87 3382 298 323 1856 1820 160 4409 367 439 611 324 1419 283 656
internal_value=0.00235518 0.00432412 0.00571415 0.00829371 0.00545337 0.00938866 -0.00670039 -0.00344781 -0.00295087 0.00200499 -0.000131491 -0.00340051 -0.00377426 0.00372691
internal_weight=36.7578 27.6359 24.9693 17.0338 14.1956 9.58861 2.66658 9.12192 4.607 4.61093 7.93549 6.0273 2.90441 3.12673
internal_count=16434 12685 8189 5492 5169 2874 4496 3749 2295 1054 2697 2373 894 954
is_linear=0
shrinkage=0.02


Tree=480
num_leaves=15
num_cat=0
split_feature=63 83 32 12 63 56 19 55 19 55 1 65 63 53
split_gain=0.862038 1.39785 1.08481 1.11266 0.964064 1.14672 0.834609 0.732607 0.758169 0.876004 0.659973 0.670252 0.633964 0.604184
threshold=0.11044476413115149 0.21353660901714708 1.0000000180025095e-35 54.238526396474093 0.16139795691761052 0.016743920256971207 -0.028116757355603036 -0.032209017668493295 -0.078357566236749762 0.010503666748520374 0.45768679875865365 2.3164313222079591 0.13031538183352423 0.0086649264983903202
decision_type=8 10 8 10 10 10 8 8 10 8 10 10 10 10
left_child=6 10 3 12 7 -6 -1 -4 13 -10 11 -2 -3 -9
right_child=1 2 4 -5 5 -7 -8 8 9 -11 -12 -13 -14 -15
leaf_value=0.013779529251435498 -0.013901719064295983 -0.0030590789763233418 0.0097192278109665929 -0.0016610079617973531 -0.010225797945847399 0.0044501083397570961 -0.0056605248934070065 0.0099407882409295895 -0.01161665148303012 0.0053561754483255029 0.0037572646675116572 0.0014336189655883131 0.015656881847287755 -0.0040512729071060559
leaf_weight=2.7870771491652704 3.5967251240435898 0.5006172169378259 3.6749612887215335 2.626523714450741 4.9638204862203557 2.5985385758904158 0.5483941809397942 2.4139319316527739 2.4114082810992805 1.1623507988406392 1.1611626226476799 1.2847610020435238 4.2367849382098939 1.2441586199929586
leaf_count=707 7066 168 611 521 1450 277 1091 279 1108 220 300 1846 647 115
internal_value=0.00164464 0.000490788 0.0025581 0.00853397 -0.000140512 -0.00525217 0.0100149 0.00354715 -0.000388945 -0.0061322 -0.00745555 -0.0103081 0.0134906 0.00533383
internal_weight=35.2112 31.8757 25.8331 7.36393 18.4692 7.56236 3.33547 10.9068 7.23185 3.57376 6.04265 4.88149 4.7374 3.65809
internal_count=16406 14608 5396 1336 4060 1727 1798 2333 1722 1328 9212 8912 815 394
is_linear=0
shrinkage=0.02


Tree=481
num_leaves=15
num_cat=0
split_feature=40 26 30 8 84 62 87 74 15 51 43 14 18 42
split_gain=1.08891 1.42126 2.04144 1.06837 1.03875 1.23047 0.82454 0.734566 0.734248 0.718643 0.595848 0.779217 0.586123 0.53795
threshold=0.022626533679237611 -0.077993513118960398 1.0000000180025095e-35 0.27276958814888402 0.11489551311613748 0.23023051457064622 0.095695970695970703 0.63667496886674979 -0.0010089095443722499 0.056112563341467088 -4.760304814400114e-05 -0.010019205842369662 -0.046632425331331932 -0.005858256969564434
decision_type=10 8 8 10 10 8 10 10 8 10 10 8 10 8
left_child=1 -1 3 12 -2 -6 7 9 -5 13 11 -10 -3 -4
right_child=4 2 6 8 5 -7 -8 -9 10 -11 -12 -13 -14 -15
leaf_value=0.0096720712585729174 -0.0071450715741857027 0.0057133915236831844 0.0028314010565084987 -0.0033213771807252173 0.013009174411160585 -0.0024991463001313831 0.0073621863578100357 0.0033060314106445072 -0.0037472497587992472 0.0017174639227679615 -0.0047487700891653334 0.013847348927834902 -0.010794913448725397 -0.014475043048783094
leaf_weight=3.1719213255346403 1.1787744444445696 0.49640241594170254 0.45833955237321788 1.8068651901958217 6.23542548442492 2.4576336670943428 0.51003092859173271 1.0884569876070589 0.76928364143168437 1.2141504910832726 0.51257261727732739 4.9759222382672297 1.9075794475065784 8.1284535558879725
leaf_count=394 2137 73 143 1088 994 675 78 535 572 96 179 1420 1758 6289
internal_value=0.00113795 -0.00111569 -0.00303496 0.00320681 0.00643114 0.00881928 -0.0085634 -0.00986579 0.00657667 -0.0114993 0.00949848 0.0112852 -0.00670907 -0.0133523
internal_weight=34.9118 25.04 21.8681 10.4686 9.87183 8.69306 11.3994 10.8894 8.06464 9.80094 6.25778 5.74521 2.40398 8.58679
internal_count=16431 12625 12231 5090 3806 1669 7141 7063 3259 6528 2171 1992 1831 6432
is_linear=0
shrinkage=0.02


Tree=482
num_leaves=15
num_cat=0
split_feature=36 85 40 52 47 77 55 28 36 78 6 33 22 18
split_gain=0.96361 1.77641 1.56738 0.783048 0.764774 0.723428 0.919496 0.859159 0.645251 0.628603 0.740124 0.59356 0.562268 0.557789
threshold=0.0015683952632717347 0.29764828562403445 0.044099441229769124 0.050645717473429296 -0.0016970860126560084 -10.633666150385364 1.0000000180025095e-35 0.019540225812275134 -0.0080077923849458024 -0.083333333333333273 356.38574660633486 0.026808634005390228 0.027877330333835198 0.020998947979269104
decision_type=8 10 10 10 10 10 10 10 10 8 10 10 8 10
left_child=4 2 9 -3 5 7 -7 12 -9 -2 11 -11 -1 -4
right_child=1 3 13 -5 -6 6 -8 8 -10 10 -12 -13 -14 -15
leaf_value=0.0048335369402811171 0.0016849460486813236 -0.0011733758214916351 0.012834426377909231 0.011720255150754531 -0.0050765164518901803 -0.0089697383633303637 0.008053574290497835 0.001503294218204913 0.013640936875727674 -0.015607836494980419 0.0045976672500995059 0.0033739917525796421 -0.008136978260431537 -0.0053220045077504207
leaf_weight=2.050151722760349 1.1234567863320988 3.8624512931928612 1.0173613385413762 2.4001161961205071 2.8417988981673252 2.20437135762768 1.1546177296368112 2.7329856381693389 5.7483833325568394 6.9934355121840799 0.45207417309575237 0.37104776048727206 1.3977566236389969 0.35227150100763527
leaf_count=1616 768 351 181 311 891 1547 360 1093 1092 6941 40 156 660 471
internal_value=0.000139066 -0.00324607 -0.00806262 0.00470147 0.00324127 0.00500413 -0.00261299 0.00718513 0.0103008 -0.0110543 -0.0128688 -0.0143624 -0.00107185 0.00788936
internal_weight=34.7023 16.5722 10.3096 6.26257 18.1301 15.2883 3.35899 11.9293 8.48137 8.94001 7.81656 7.36448 3.44791 1.36963
internal_count=16478 9219 8557 662 7259 6368 1907 4461 2185 7905 7137 7097 2276 652
is_linear=0
shrinkage=0.02


Tree=483
num_leaves=15
num_cat=0
split_feature=70 69 83 76 4 20 69 52 83 20 58 34 50 87
split_gain=0.98239 0.849418 1.11309 0.98917 0.98466 1.2446 0.921908 0.74847 0.869446 0.797181 0.747427 0.709223 0.646859 0.591855
threshold=0.20421477815844016 0.5281195947615519 0.7764904940749584 114.44390892342138 0.036730976794387492 0.0485680191802366 0.62414464967656469 0.0032924527832535609 0.10045328179940426 0.016773468171370338 0.017136520202377391 -1.0000000180025095e-35 0.038530467765704048 0.040408163265306128
decision_type=10 10 10 10 8 10 10 8 10 8 10 10 10 10
left_child=10 2 3 -2 5 7 13 9 -9 -3 -1 -10 -4 -7
right_child=1 4 12 -5 -6 6 -8 8 11 -11 -12 -13 -14 -15
leaf_value=-0.012378148279884987 -0.01211680217450558 -0.0030607617311418805 -0.0065157043186581092 0.0035615383961326553 0.011074180954179303 -0.013233899833046198 0.003253301709332918 -0.01032375901735339 -0.0040645951260102516 0.015125778316214811 0.0034263820189953382 0.0092517978953859589 0.010065684946120047 0.0031999606342653546
leaf_weight=2.3659886235363952 3.8680767945770658 0.85587137253969647 0.52251111605437506 1.8482473474759897 5.7465581380347421 2.98143622988573 3.0238699984074628 1.0501585676247529 1.7964798077773592 3.3873071868110856 1.307478800848912 3.3903840199673141 2.4135461502592079 0.69399836973752815
leaf_count=3804 2300 790 36 537 697 1622 1534 1968 626 866 320 1175 164 55
internal_value=0.00141074 0.00260603 -0.00252807 -0.00727204 0.00456834 0.00190268 -0.00443915 0.00599015 0.00111745 0.0115733 -0.00722342 0.00472814 0.00620912 -0.0101101
internal_weight=35.2519 31.5784 8.65238 5.71632 22.9261 17.1795 6.6993 10.4802 6.23702 4.24318 3.67347 5.18686 2.93606 3.67543
internal_count=16494 12370 3037 2837 9333 8636 3211 5425 3769 1656 4124 1801 200 1677
is_linear=0
shrinkage=0.02


Tree=484
num_leaves=15
num_cat=0
split_feature=59 74 19 38 82 32 85 29 39 82 0 48 67 3
split_gain=0.926017 0.944538 0.92114 0.97087 0.839819 0.772631 0.862241 0.754856 0.73858 0.624076 0.699654 0.595494 0.590652 0.58162
threshold=-0.00020281480825046669 0.63423734983618507 -0.12483183079178171 0.065685975754860182 0.14358333333333337 0.01476820070549373 0.32454882676287872 -0.0071153296365628607 -0.0091325573575876933 0.13116666666666668 0.083491761723700889 5.7871230790956902 0.24392924149021714 0.079238106737503033
decision_type=10 10 8 10 8 10 10 10 10 10 10 10 10 10
left_child=1 2 -1 4 9 7 -7 12 -3 10 -4 -6 -2 -11
right_child=5 8 3 -5 11 6 -8 -9 -10 13 -12 -13 -14 -15
leaf_value=0.0064272202460185258 0.017211336526991743 0.013011538235911686 0.004179473887108852 0.0074122182424654634 -0.010982496522585887 -0.0062426813551463003 0.0070161013582944933 -0.00070895844507792491 -0.0055496096066103414 -0.0045337069126935112 -0.0095805624063967053 0.0053250883801505763 -0.00014444567697162979 0.01089586690000703
leaf_weight=2.9841721734410385 3.29560961853349 2.0426666806815779 1.6557543711569529 1.6644864383342781 8.1819242292185645 2.9748627021472203 2.8764555763627868 1.7530016550590497 0.54925976740923843 0.83135215576476218 2.8858220224938123 0.40507034175243539 0.93930136362905603 1.730322859901207
leaf_count=329 725 788 1022 460 8590 972 349 536 365 731 715 61 543 221
internal_value=0.00146473 -0.000906434 -0.0024689 -0.00426543 -0.00587413 0.00577021 0.000347934 0.0102608 0.00862824 -0.000577828 -0.00471503 -0.00973802 0.0140696 0.00602144
internal_weight=34.7701 22.9308 20.3389 17.3547 15.6902 11.8392 5.85132 5.98791 2.59193 7.10325 4.54158 8.58699 4.23491 2.56168
internal_count=16407 13282 12129 11800 11340 3125 1321 1804 1153 2689 1737 8651 1268 952
is_linear=0
shrinkage=0.02


Tree=485
num_leaves=15
num_cat=0
split_feature=16 56 4 20 39 59 51 83 56 14 62 43 75 85
split_gain=0.932584 1.52065 1.22243 1.5104 0.982287 0.775939 0.767905 0.660976 0.781341 0.560489 0.516107 0.463632 0.461258 0.460392
threshold=-0.038596816013791439 0.01121752311713981 0.058195981034093479 0.0053149422828124302 -0.0079977334299663246 0.0090544910159062932 -0.018450094191937463 0.61936312810428651 -8.6251049854387991e-05 -0.011351835281600482 0.22271228640063803 -0.0003552460129210918 0.48316967236332742 0.24960156058648117
decision_type=8 10 10 10 10 10 10 8 10 10 10 10 10 10
left_child=4 2 3 6 9 10 -2 -5 -9 -1 13 -11 -7 -3
right_child=1 5 -4 7 -6 12 -8 8 -10 11 -12 -13 -14 -15
leaf_value=-0.00015797783233425635 -0.0069136792904911639 -0.0012577676471244657 0.0057430185275716772 -0.014867280171157861 -0.0047359838294155953 0.014982436826487144 0.0091854074404288666 0.0054883954265472958 -0.0088606378076257781 0.013883236353755674 -0.00533027896904843 -0.0035232391670700323 -0.0025177581115981285 0.0096692575192032296
leaf_weight=1.7835363235135444 0.9659186381104522 2.5931510185291682 3.0089533385907989 5.4272801986298846 1.8360321007821747 2.3842258372023939 2.3108564613867264 1.5980184587315305 3.0153779911197498 4.8443875414559434 2.3532091611268697 0.28735431215318463 0.41859730816213403 2.1923757724143798
leaf_count=863 1710 1138 313 7754 779 228 850 166 274 1182 830 189 73 117
internal_value=0.0011468 -0.000785736 -0.00444597 -0.00698841 0.00643321 0.00508221 0.00393283 -0.0105859 -0.00379803 0.00962236 0.00104132 0.0124929 0.012394 0.00455422
internal_weight=35.0193 26.268 16.3264 13.3175 8.75131 9.94156 3.27678 10.0407 4.6134 6.91528 7.13874 5.13174 2.80282 4.78553
internal_count=16466 13453 11067 10754 3013 2386 2560 8194 440 2234 2085 1371 301 1255
is_linear=0
shrinkage=0.02


Tree=486
num_leaves=15
num_cat=0
split_feature=80 85 38 72 70 38 50 77 29 59 73 33 22 29
split_gain=1.26219 1.18012 0.863173 0.949557 1.08948 0.906682 0.898559 0.703383 0.657704 0.608133 0.558499 0.551198 0.527006 0.516118
threshold=0.041166666666666678 0.38419537273268639 1.0000000180025095e-35 0.11556079664570232 0.22231951741583969 0.067557506532300346 0.0026480677716757832 -7.2388140161725039 -0.046461017808831363 0.0090544910159062932 0.061459117503334791 -0.0071939933709466433 0.031216920970429607 0.020875647245979987
decision_type=8 10 10 8 8 10 8 10 8 10 10 8 8 10
left_child=2 9 6 5 -5 -4 -1 10 -6 -2 -8 12 -10 -12
right_child=1 -3 3 4 8 -7 7 -9 11 -11 13 -13 -14 -15
leaf_value=-0.0073636828997727189 -0.012737796030857262 0.0035918001836960757 -0.010753763637776026 -0.0082645842419041254 -0.003956998870570356 0.0061884137187922872 -0.0017168996902059783 -0.00081702461041719277 -0.0057984898225352556 0.0027412650525057008 0.013367379192170833 0.014738702769336599 0.0078267188340929456 -0.00013747962774375477
leaf_weight=0.92115637206734569 4.4887465831416176 3.4033830865082564 3.7579254877236936 1.5292420683872467 1.1904867117300453 0.98305643254570885 1.1453217845737516 2.7327956969420475 1.1449032800883316 0.86261215375998279 8.0274201820393483 2.7639979893683639 1.4851905342802609 1.2711090115190007
leaf_count=1462 6030 436 2286 984 527 145 395 926 584 140 1753 368 186 247
internal_value=0.00121267 -0.00502243 0.00334518 -0.000431214 0.00361201 -0.00677474 0.00658909 0.00801513 0.00709629 -0.0102039 0.0101956 0.00977311 0.0019321 0.0116872
internal_weight=35.7073 8.75474 26.9526 12.8548 8.11382 4.74098 14.0978 13.1766 6.58458 5.35136 10.4439 5.39409 2.63009 9.29853
internal_count=16469 6606 9863 5080 2649 2431 4783 3321 1665 6170 2395 1138 770 2000
is_linear=0
shrinkage=0.02


Tree=487
num_leaves=15
num_cat=0
split_feature=62 1 23 83 83 60 55 62 52 58 52 35 45 10
split_gain=1.21214 1.10636 1.11153 1.29717 0.877534 0.782889 1.11562 0.666381 0.548775 0.53184 0.528822 0.450471 0.440336 0.421483
threshold=0.23023051457064622 0.30180546519193235 4.5581712727272743 0.65928022353727811 0.7764904940749584 0.51686852473369338 -0.002190841746305953 0.19056789116654932 0.058274045968407275 0.012850428557040916 0.030992050505968333 -0.061001623023379338 -0.012245434725668662 2.0233783793149489
decision_type=8 8 10 10 10 10 8 10 10 10 10 10 10 8
left_child=1 2 12 13 -2 6 8 -7 11 -8 -5 -3 -1 -4
right_child=4 5 3 10 -6 7 9 -9 -10 -11 -12 -13 -14 -15
leaf_value=0.012425704134398228 -0.0082319991767657048 -0.0023928384959072536 -0.014017710422307528 -0.0050233075377995656 0.0046533574686561056 -0.007482131157230165 -0.007084728302708984 0.0047129812533485242 -0.00041714785849787634 0.0055248346716663711 0.0091373548658725996 0.015044791120848937 -0.0042609601957156176 0.0030949876292261091
leaf_weight=1.3682903371518476 6.4841506436277978 0.36665326046568125 3.6005999989247357 0.94183124694973264 2.1992774127284065 1.9711043045026588 1.6443168516307225 3.5181617442831339 1.1367593898175981 1.7232569160769342 1.6304869450250405 7.1870351894249316 0.30423609893478154 0.29249189804249942
leaf_count=437 3660 127 7150 73 213 889 492 995 266 256 105 1268 465 64
internal_value=0.00128152 0.00344939 -0.00244453 -0.00618966 -0.00482496 0.00616725 0.00883151 -0.000144266 0.0122812 -0.00084457 0.00399776 0.0140176 0.00893176 -0.0123623
internal_weight=34.3687 25.6852 8.13794 6.46541 8.68343 17.5473 12.058 5.48927 8.69045 3.36757 2.57232 7.55369 1.67253 3.89309
internal_count=16460 12587 8294 7392 3873 4293 2409 1884 1661 748 178 1395 902 7214
is_linear=0
shrinkage=0.02


Tree=488
num_leaves=15
num_cat=0
split_feature=57 49 56 51 53 72 52 5 63 18 52 42 80 77
split_gain=1.0054 1.18981 1.14926 1.46981 1.4749 1.01664 0.976454 0.945127 0.631155 0.618069 0.615613 0.527325 0.52229 0.52055
threshold=-0.0082301584868035692 -0.43266800028296276 0.015095353981656677 0.026292705255873936 0.0022168869855957595 0.11366272938198693 0.056833753195153422 0.1167748917748918 0.16046406002052274 0.0037102960761609132 0.019065199879395676 0.03326411997163569 0.041166666666666678 -70.259524574857252
decision_type=8 10 10 10 10 10 10 10 10 10 10 10 10 10
left_child=1 -1 3 5 9 -2 8 10 -4 -5 -7 -6 -3 -9
right_child=2 12 6 4 11 7 -8 13 -10 -11 -12 -13 -14 -15
leaf_value=-0.0031711103695217058 -0.013854997347982196 0.013474525335288465 0.0033048235294137478 0.012020532539512492 -0.011832769628115743 0.01202541193343727 0.0097837262134876663 0.00047749825642391262 -0.010114387695216883 -0.0036964234339992171 -0.00559796736548278 0.0047604892092038822 -0.0032683077082527592 -0.011675167752517129
leaf_weight=2.7425227088860993 4.9271131098867098 4.7685917640883417 2.5641733061856926 3.8409274572550194 1.7217862375146071 1.4972469203166836 5.0210371666980791 2.3013980149589766 1.3907609938396488 0.76384250241244434 0.46543475515136368 0.44289469961950079 0.462357237611286 2.3552310680461237
leaf_count=1565 5884 832 668 317 485 420 601 1339 404 183 386 50 425 2916
internal_value=0.000993547 0.00680691 -0.000885427 -0.00370454 0.00338933 -0.00780219 0.00466181 -0.00206968 -0.00250298 0.00921904 0.0073673 -0.0080063 0.0117076 -0.00664644
internal_weight=35.2653 7.97347 27.2918 18.3159 6.76945 11.5464 8.97597 6.61931 3.95493 4.60477 1.96268 2.16468 5.23095 4.65663
internal_count=16475 2822 13653 11980 1035 10945 1673 5061 1072 500 806 535 1257 4255
is_linear=0
shrinkage=0.02


Tree=489
num_leaves=15
num_cat=0
split_feature=60 1 42 62 72 54 75 37 48 83 87 35 61 67
split_gain=0.911394 1.15868 1.53909 0.859983 1.35589 0.64929 0.636198 0.586837 0.585398 0.575343 0.540329 0.537884 0.521916 0.505618
threshold=0.62196680186622288 0.30180546519193235 -2.4774549989200355e-05 0.23023051457064622 0.1376965119135348 0.05896507747404927 0.40722815692494291 -0.015551488622304998 2.5566692083506299 0.6938143021207529 0.051151229722658301 -0.025178905627668221 0.23556248916623332 0.20051546391752581
decision_type=8 10 10 10 10 8 10 10 10 10 10 8 10 10
left_child=1 2 9 5 10 6 12 -8 -2 -1 -5 -4 -3 -13
right_child=8 3 11 4 -6 -7 7 -9 -10 -11 -12 13 -14 -15
leaf_value=-0.013058976270078838 -0.011118436892765272 0.0075080960095520264 -0.0044786379163635932 -0.012606219822356995 0.0070604184570187377 -0.0028732772667550148 0.0023208324690960438 0.014116435616588952 0.0038831438539762104 0.0011135710296702953 0.0026620287598164657 0.013052723171321605 -0.004713259202712595 -0.0003846237315052945
leaf_weight=3.7686886927876921 2.5287544327402425 1.6705152477334206 1.2198283793841254 2.3818984748759244 3.3092589419356955 1.671270825569082 2.7039766364468951 7.0476732550378065 0.88723983411182406 1.3133250164537456 0.86182297306368116 1.926153243850423 1.9738821309510965 1.7245786814091841
leaf_count=7910 1129 346 466 1128 898 316 734 1221 136 70 65 442 706 911
internal_value=0.00135898 0.00248102 -0.00296676 0.00500912 -0.000960092 0.00750339 0.00890762 0.0113658 -0.00722506 -0.00981552 -0.00887823 0.00463406 0.00129916 0.0079872
internal_weight=34.9889 31.5729 9.95257 21.6203 6.55298 15.0673 13.396 9.75165 3.41599 5.08201 3.24372 4.87056 3.6444 3.65073
internal_count=16478 15213 9799 5414 2091 3323 3007 1955 1265 7980 1193 1819 1052 1353
is_linear=0
shrinkage=0.02


Tree=490
num_leaves=15
num_cat=0
split_feature=53 59 52 55 8 28 68 50 23 18 4 15 56 49
split_gain=1.24748 1.48778 0.977614 0.870381 0.78371 0.77616 0.731757 0.706205 0.665263 0.661175 0.660318 0.639286 0.552301 0.511497
threshold=-0.037309959761778193 0.0090544910159062932 0.043665089998032876 -0.021361649939580795 0.78204347126668272 -0.00631410601360853 0.56778577311543643 0.10334313779884126 2.274973636363637 0.01778481068057414 0.075573686894441619 -0.0019933001952729692 0.021998190042743063 -0.51867895170356559
decision_type=8 10 10 10 10 10 10 10 8 10 10 8 10 8
left_child=5 3 -3 7 6 -1 -5 -2 -8 -6 12 -7 -10 -13
right_child=1 2 -4 4 9 11 8 -9 10 -11 -12 13 -14 -15
leaf_value=-0.0062657540888864391 -0.0146623021881555 -0.0029857527446356604 0.014147577306220929 0.0090094579927598312 -0.0031136680350786058 -0.0011032709351288925 0.0079053132538499434 0.0031658145489868233 -0.01089890197845432 0.011897999023341732 0.0050853430892458199 0.00066074716331854645 0.0020244887839083133 0.012201461041511633
leaf_weight=1.0229944312159212 3.0805556592567913 1.6525645092988259 2.5733614050841425 0.65963318268768745 1.4296899937107803 2.3597574585037364 0.5071330316604844 0.7396810578284202 6.8383789031686302 1.8386558766069354 0.92090000318421594 2.029621749476064 1.2523985877705852 7.3257429009427089
leaf_count=1296 3067 263 323 123 582 1167 175 115 5938 876 51 744 267 1516
internal_value=0.00163185 -0.00132103 0.00815827 -0.0039606 -0.00124772 0.00634772 -0.00395713 -0.0112697 -0.00562677 0.00614034 -0.00710184 0.00785532 -0.0088958 0.0100033
internal_weight=34.2311 21.493 4.22593 17.267 13.4468 12.7381 10.1784 3.82024 9.51881 3.26835 9.01168 11.7151 8.09078 9.35536
internal_count=16503 11780 586 11194 8012 4723 6554 3182 6431 1458 6256 3427 6205 2260
is_linear=0
shrinkage=0.02


Tree=491
num_leaves=15
num_cat=0
split_feature=69 84 80 19 81 12 25 16 36 0 30 21 78 9
split_gain=0.880364 1.09431 1.35561 0.922936 1.02151 0.794949 0.761789 0.989251 0.906648 0.692289 0.648869 0.624667 0.593734 0.833953
threshold=0.54522251989803894 0.31637577525166211 0.035583333333333335 -0.081631905195453033 0.16558333333333336 85.954361510791372 0.16841329583345085 -0.048387035139499789 0.022427067277628467 0.32019417475728162 -0.013942749873823648 -0.01649539092461243 0.099558998885346195 21.429242052313885
decision_type=10 10 10 8 8 10 10 10 8 10 8 8 8 10
left_child=3 2 5 11 -5 6 7 -2 12 -6 -4 -1 13 -8
right_child=1 -3 10 4 9 -7 8 -9 -10 -11 -12 -13 -14 -15
leaf_value=0.0066898933102603475 0.0079974954748436283 0.0095786389395500302 0.0023593277668645667 0.006432439373811015 -0.01441923526937932 -0.008064987960544192 -0.0089481961779149643 -0.0114547135850463 -0.0042565374884741304 0.0021383169199566273 -0.013224073987272203 -0.0065153876927140243 0.014279544460119833 0.0085342007563835014
leaf_weight=4.0076746431550418 0.9560783135966634 8.0337245416158094 1.1765741927847555 0.99616597170097332 3.7221132190825301 1.0559452615707403 0.84331959922201605 1.3607964097027458 1.4162615561799592 0.98650061436637759 2.3725280799553725 1.1095914478355551 4.9032801906178038 1.7324723586352773
leaf_count=504 116 860 1340 168 2743 527 984 1554 1145 164 4729 135 1069 402
internal_value=0.00192523 0.00402093 0.000796404 -0.00264297 -0.0076067 0.00398372 0.00568593 -0.00343652 0.00816914 -0.0111834 -0.00867497 0.00322955 0.0107466 0.00190869
internal_weight=34.673 23.851 15.8173 10.822 5.70478 12.2682 11.2122 2.31687 8.89533 4.70861 3.5491 5.11727 7.47907 2.57579
internal_count=16440 12726 11866 3714 3075 5797 5270 1670 3600 2907 6069 639 2455 1386
is_linear=0
shrinkage=0.02


Tree=492
num_leaves=15
num_cat=0
split_feature=19 53 31 54 31 1 1 57 16 17 38 35 83 18
split_gain=1.00433 1.49257 1.06317 1.02809 0.943839 1.23153 0.836939 0.822618 0.803069 0.697019 0.690468 0.669545 0.629447 0.568943
threshold=-0.036983899414161796 -0.037309959761778193 -0.032045316777735165 0.05731779041762982 0.03085969837704438 0.5169540229885059 0.27251387110542041 0.0037555662294645165 0.035828728528255922 0.24085229808121375 0.035852774277047091 -0.039325249247176196 0.75631674416086081 0.035706515599481577
decision_type=8 8 10 10 10 10 10 10 10 10 10 10 10 8
left_child=1 6 11 4 5 7 -1 -2 12 -8 -10 -3 -4 -5
right_child=3 2 8 13 -6 -7 9 -9 10 -11 -12 -13 -14 -15
leaf_value=-0.0035742725949170122 -0.014491530447880761 -0.0039865580108430585 -0.011170185750156488 0.011791233450451617 0.0067990359651884467 0.0067473560481160879 0.01367012231387057 0.0023123916409090693 -0.0043755695520696072 -0.0033691298427904253 0.0098674247748918569 0.01057304394986561 0.0012897718179723855 -0.0045162469242333346
leaf_weight=1.2011453423183391 5.6973456290688755 1.1660952480415288 4.5922287674584386 1.4682344552602433 1.1039086755117749 1.06569545624734 6.8691963605888304 1.1077074157728928 1.8771080557708049 0.69748225499643002 1.7296697029378263 3.3577324941579709 2.0158143019652925 0.65837464523428968
leaf_count=651 8679 375 2282 350 350 164 920 501 554 87 312 696 152 398
internal_value=0.00126013 0.00355803 -0.000431515 -0.00349753 -0.00641009 -0.00882033 0.00962204 -0.0118104 -0.00394395 0.0118895 0.00311407 0.00677777 -0.00769929 0.00691289
internal_weight=34.6077 23.5065 14.7386 11.1013 8.97466 7.87075 8.76782 6.80505 10.2148 7.56668 3.60678 4.52383 6.60804 2.12661
internal_count=16471 6029 4371 10442 9694 9344 1658 9180 3300 1007 866 1071 2434 748
is_linear=0
shrinkage=0.02


Tree=493
num_leaves=15
num_cat=0
split_feature=52 38 20 72 63 18 1 18 22 7 31 18 78 73
split_gain=0.841249 1.08727 1.29809 1.38202 1.43489 1.03117 0.97232 0.657571 0.724102 0.740564 0.640987 0.6243 0.60116 0.505335
threshold=-0.023600061015205741 0.065685975754860182 0.12176976745203409 0.12794692751543571 0.10693626585923134 0.024866079188228422 0.29792606920266501 0.016254016242230832 0.040573423554155615 60.238034927578504 -0.012789021812994914 -0.077258297453415878 0.065721463959083473 0.068553153359261806
decision_type=8 10 8 10 10 10 10 10 8 10 8 10 10 8
left_child=6 2 3 4 -2 7 -1 8 9 -5 -4 -6 -9 -12
right_child=1 -3 10 5 11 -7 -8 12 -10 -11 13 -13 -14 -15
leaf_value=-0.0070613964185772763 0.006828081771101671 0.0093801784517880613 0.0091994484454121644 0.0056824057920167297 0.0035264997649988882 -0.0079216932193826931 0.013384255908421183 -0.0041768324135693508 0.0084070360496993658 -0.010143753115534827 0.0056528644203565062 -0.012113116759672112 0.016948613297033174 -0.0091282367233201551
leaf_weight=0.54590410865785122 1.4787431184195181 3.0019645273896449 4.4438211497035809 1.1191606112333818 0.69435230252566249 2.2860500968963606 2.7026836356053536 0.25887862294621289 1.9923236546492256 2.0377837588166585 0.77826830463164376 9.8114982349470594 1.4696987761344642 1.0778293281364313
leaf_count=720 1015 751 579 302 71 2413 406 183 305 641 68 8542 187 253
internal_value=0.000756164 -0.000394378 -0.00175555 -0.00411351 -0.00832223 0.00166794 0.00909512 0.00545629 0.00103817 -0.00451596 0.00563918 -0.0108628 0.0134135 -0.00312125
internal_weight=33.699 30.4504 27.4484 21.1485 11.9846 9.1639 3.24859 6.87785 5.14927 3.15694 6.29992 10.5059 1.72858 1.8561
internal_count=16436 15310 14559 13659 9628 4031 1126 1618 1248 943 900 8613 370 321
is_linear=0
shrinkage=0.02


Tree=494
num_leaves=15
num_cat=0
split_feature=63 83 2 72 51 20 50 55 2 59 79 68 7 41
split_gain=0.870631 0.951918 0.86844 0.843778 1.10457 0.895965 0.741041 0.71931 0.68246 0.630489 0.517483 0.516422 0.774234 1.16763
threshold=0.11044476413115149 0.34717686644431922 0.25048262548262551 0.11556079664570232 0.020889983206361571 0.14188343774398829 0.017961178379245189 0.01422992957031311 0.37586801398400466 -0.0025382372974991929 -0.2935615226821589 0.65183685710001515 315.30738127177705 -0.0034845916758377868
decision_type=8 10 8 10 10 8 8 10 10 8 8 8 10 10
left_child=-1 2 6 4 5 7 -2 -3 -6 -8 -4 -5 13 -13
right_child=1 3 10 11 8 -7 9 -9 -10 -11 -12 12 -14 -15
leaf_value=0.0099059951950588761 -0.008973064731109542 -0.01259184166760656 0.0041915386433887727 0.01091848003131228 0.011295458332846082 0.0062841174541572922 0.010384615276391696 0.004731641604686556 -0.0033798986288294613 -0.0056029767148549278 -0.011649835231519936 -0.0067061243193487054 0.012076220951963781 0.0085162742605523253
leaf_weight=3.6868292418221236 0.81081035727402195 4.2056410443183285 0.45616287439770531 4.4183153905469199 2.2641756398661532 1.0337708595689035 2.4568749494574149 0.62560076390218444 1.4715439429928663 0.65400900932582029 4.284049014240737 4.2587561786058359 1.4526252065261358 2.27774783482164
leaf_count=1794 3169 1274 147 516 193 57 1629 67 199 827 5337 840 162 289
internal_value=0.00187297 0.000625026 -0.00466495 0.0028193 -0.00156212 -0.0065661 0.00210952 -0.00992187 0.00602164 0.00647815 -0.00966075 0.00607323 0.00247708 -0.000975475
internal_weight=34.3569 30.6701 8.66191 22.0082 9.60073 5.86501 3.92169 4.83124 3.73572 3.11088 4.74021 12.4074 7.98913 6.5365
internal_count=16500 14706 11109 3597 1790 1398 5625 1341 392 2456 5484 1807 1291 1129
is_linear=0
shrinkage=0.02


Tree=495
num_leaves=15
num_cat=0
split_feature=78 20 40 14 32 12 32 50 31 20 50 5 36 84
split_gain=0.962322 1.07471 1.09368 1.37771 1.02857 0.790666 0.760162 0.749562 0.69979 0.68824 0.652192 0.706822 0.555678 0.517508
threshold=0.15401978065021546 0.12176976745203409 0.027613746048807723 0.070583795448537323 0.08986093109787259 59.331346619482218 0.030592855369188165 0.0080953393902406124 -0.0086034130393432707 0.039265186689005617 0.13189325527945919 0.075550975107023952 0.029305484476066988 0.11489551311613748
decision_type=10 8 10 8 10 8 10 10 8 10 10 10 10 10
left_child=1 2 3 4 10 6 7 -2 -3 13 11 -1 -9 -4
right_child=5 8 9 -5 -6 -7 -8 12 -10 -11 -12 -13 -14 -15
leaf_value=-0.00015875562199279584 -0.0054510373586341108 0.0096443837051691239 -0.0047549085509129537 0.0061426067505364447 0.0075674321871711464 -0.0022917328276652179 -0.00055545677677662888 0.015486951098423745 -0.0051597807763236782 -0.0044667471187755329 0.0037486717622318118 -0.013811962878616441 -0.0027798396135621721 0.012485891258352378
leaf_weight=1.8571247356267102 0.37031622753783811 4.4650361574313138 0.31047320644211085 2.5289981018504504 0.75941195473569756 2.7968692178983483 2.3641394990772824 5.5808526839427941 0.97281098764142271 1.3475408687409069 0.78754247692995782 7.8859027408725524 0.4338936688582179 2.5258395913842833
leaf_count=1017 948 563 797 678 90 799 806 1354 237 742 64 7549 427 433
internal_value=0.00189605 -0.000477038 -0.00285151 -0.00549923 -0.00839466 0.00636786 0.00908721 0.0122493 0.00660588 0.00526755 -0.0101022 -0.0114665 0.0139608 0.00985114
internal_weight=34.9868 23.4407 18.0028 13.819 11.29 11.5461 8.7492 6.38506 5.43785 4.18385 10.5306 9.74303 6.01475 2.83631
internal_count=16504 12170 11370 9398 8720 4334 3535 2729 800 1972 8630 8566 1781 1230
is_linear=0
shrinkage=0.02


Tree=496
num_leaves=15
num_cat=0
split_feature=18 84 32 8 18 4 53 53 58 67 32 51 60 35
split_gain=0.928988 1.13836 0.981474 0.800921 0.776661 0.803804 0.750792 0.747203 0.734071 0.712351 0.62182 0.648483 0.612619 0.669156
threshold=0.025259703943144144 0.20250079253301578 0.009605467847029316 0.23079939465938407 0.015419637455145187 0.014519104084321477 0.0052149736558649582 -0.04552528521359786 0.012661822690226927 0.24260012515644558 0.095519066350978898 0.085015699248393597 0.52494224150124957 -0.054695026929167855
decision_type=8 10 10 10 10 10 8 10 8 10 8 10 8 10
left_child=3 -2 9 7 5 8 12 -1 -5 -3 11 -9 13 -7
right_child=1 2 -4 4 -6 6 -8 10 -10 -11 -12 -13 -14 -15
leaf_value=0.0063577647390087554 -0.013550701464455644 0.012734614427643145 -0.0053650805455099258 -0.0097035644070096218 0.012359155305569672 -0.0031015603673456437 -0.0034817843295907374 -0.012022750921763553 0.0038220913578688107 -0.0041299788476244301 0.0068542130607043908 0.0055145432424640673 -0.0012571692444004975 0.012762578325271411
leaf_weight=1.7629977094511557 2.0903720546557434 2.1882915089081512 3.7113451941040694 2.2830487612591268 4.2404112521871857 0.845351452764591 2.1682399200581157 3.3269445668556763 2.3501355215521471 0.88588184968102712 0.4261742004891852 0.42984030541265372 1.924861023748236 6.2034165259865324
leaf_count=318 7855 192 1015 1745 1195 179 491 1394 408 246 16 30 491 1022
internal_value=0.00184393 -0.0034772 0.000967985 0.00372465 0.00557765 0.00312665 0.00588892 -0.00241796 -0.00338223 0.00805391 -0.00662972 -0.00927872 0.00827519 0.010711
internal_weight=34.8373 8.87589 6.78552 25.9614 20.0155 15.7751 11.1419 5.94596 4.63318 3.07417 4.18296 3.75678 8.97363 7.04877
internal_count=16597 9308 1453 7289 5531 4336 2183 1758 2153 438 1440 1424 1692 1201
is_linear=0
shrinkage=0.02


Tree=497
num_leaves=15
num_cat=0
split_feature=78 77 20 81 56 50 4 52 46 40 20 64 43 63
split_gain=0.997415 1.03513 0.982324 1.06075 0.853238 0.915008 0.844576 0.812396 0.733413 0.73247 0.624881 0.607639 0.587941 0.543932
threshold=0.098168473041569476 -171.3385420460892 0.038973123923989238 0.21283333333333335 0.014599820725477875 0.074008701035241223 0.026007846320346324 0.03518592710584615 -0.0048333683816568279 0.037673363639975949 0.14893788507570105 1.8963890696161354 -0.0034043990029788314 0.17029776596417953
decision_type=10 8 8 8 10 10 10 10 10 10 10 10 10 10
left_child=1 11 8 -4 5 10 -5 -7 9 -2 -3 -1 -6 -10
right_child=2 4 3 6 12 7 -8 -9 13 -11 -12 -13 -14 -15
leaf_value=-0.0059266458710755957 -0.0074832740572454703 -0.014500069718877811 -0.0085207881005051368 -0.0043071416464241629 -0.0049282797618271845 0.0066665034260938987 0.0092580261699350339 -0.0078944742928900562 0.014270659179275334 0.0089898004318649406 0.002506197738342153 0.010414555277205164 0.0077533650452429074 -0.00076948596735340266
leaf_weight=0.51046029992721775 1.5391660644527294 5.0158341634378321 3.1337363395468865 2.2426755808155585 1.7090457744852754 2.2159780274087097 3.7229287880181801 1.929707297527784 4.9235779983464436 0.88164436916486 0.697572938617668 2.417643176864658 2.3316314594849237 1.0303236570362058
leaf_count=210 1655 6930 923 1705 406 271 644 547 1481 165 82 533 581 318
internal_value=0.000846356 -0.0025546 0.00408254 -0.000541061 -0.00484466 -0.00779667 0.00427218 -0.000328269 0.00862804 -0.0006097 -0.0123597 0.00678222 0.00247594 0.0119316
internal_weight=34.3019 16.8279 17.4741 9.09934 13.8998 9.85909 5.9656 4.14569 8.37471 2.42081 5.71341 2.9281 4.04068 5.9539
internal_count=16451 9560 6891 3272 8817 7830 2349 818 3619 1820 7012 743 987 1799
is_linear=0
shrinkage=0.02


Tree=498
num_leaves=15
num_cat=0
split_feature=83 53 60 19 48 85 6 48 62 72 1 72 84 61
split_gain=1.25739 1.07814 0.903023 0.997046 0.779985 1.11929 1.24146 1.07726 0.951146 0.9226 0.65435 0.626334 0.617607 0.593566
threshold=0.13128301170001366 -0.046912204511976648 0.48694173143499103 -0.081631905195453033 0.24398053030158331 0.29764828562403445 263.86731801221168 -0.18639064054816876 0.25109039501461267 0.13959462014381926 0.37260991353062972 0.1343979769645969 0.68861456942433563 0.2725273556818622
decision_type=10 8 10 10 8 10 10 10 10 10 10 10 10 10
left_child=1 13 4 -4 7 6 10 9 -9 -2 -6 12 -5 -1
right_child=2 -3 3 11 5 -7 -8 8 -10 -11 -12 -13 -14 -15
leaf_value=-0.005463271259427355 -0.0093534522117916796 -0.013316314414722591 0.0047260928045341887 -0.013794295283968703 -0.011284952644369685 0.010530610948582396 0.010359285852527021 0.015210898906067201 -0.0059499636160319338 0.0089967294090515619 0.0015512054712610659 0.0028157434227642519 0.0045668379594328559 0.0094907307319660912
leaf_weight=1.1075373744643005 1.4281894184750856 2.6901213849123442 4.5466652666545997 2.9214581014166456 3.4535815382187156 2.7586265598074533 1.2756725046128847 6.5775433951639588 0.42941963649718662 1.0113461274122526 2.1322984365688171 1.3718294890386458 0.39250924182124425 1.2662181970299569
leaf_count=1347 854 6752 525 1763 1864 472 49 1242 215 290 249 381 20 403
internal_value=0.00191801 -0.00645541 0.00358554 -0.00145047 0.00597484 0.00167185 -0.0027762 0.00977742 0.0133329 -0.00134216 -0.00689348 -0.00722079 -0.0110651 0.00296228
internal_weight=33.363 5.06388 28.2991 9.23246 19.0667 9.62018 6.86155 9.4465 7.00696 2.43954 5.58588 4.6858 3.31397 2.37376
internal_count=16426 8502 7924 2689 5235 2634 2162 2601 1457 1144 2113 2164 1783 1750
is_linear=0
shrinkage=0.02


Tree=499
num_leaves=15
num_cat=0
split_feature=76 51 53 65 53 38 5 85 51 2 43 22 71 11
split_gain=0.846909 0.908015 0.952244 0.861211 0.800058 1.02472 1.12778 1.13466 0.773028 0.762785 0.680637 0.530253 0.509915 0.617239
threshold=182.65258927894459 -0.030868066051745326 -0.09175512022277206 1.8239268680445153 -0.062235359661856136 0.065685975754860182 0.59683670917729448 0.32454882676287872 0.064526605458248232 0.43005376344086027 -0.0018130793506552017 0.033249827433989416 0.27545205725310723 -2.0348538768200988
decision_type=10 10 8 10 8 10 10 10 8 10 10 8 10 10
left_child=1 2 -1 -2 -3 6 7 8 12 -4 -8 -12 13 -6
right_child=3 4 9 -5 5 -7 10 -9 -10 -11 11 -13 -14 -15
leaf_value=0.0068149154689333292 0.012984343112428114 0.010290895878340202 -0.014156541347858195 -0.0059098949297201513 0.00090290440409410404 0.010156590551392362 -0.0022917674796669859 0.0042474179516055746 0.0043604391779884441 0.00081041028881015723 0.013703049587959815 -0.0033219788192929839 0.0026447469587841492 -0.013518143961240372
leaf_weight=1.0387817412702132 2.9441490573808546 2.6759517277532723 3.4083396659116287 0.63244953086177691 1.2658085131370231 2.4840768635476698 2.2328100849590555 3.5519723805846288 1.2138089582295002 1.8213058493347487 2.4433787633752209 0.50312319381555459 0.80130997532978643 6.5611587464372798
leaf_count=133 478 331 5737 409 1122 530 1071 394 52 432 621 216 310 4707
internal_value=0.00106773 -0.000149805 -0.00635988 0.00908198 0.00168121 0.000170157 -0.00161613 -0.00461411 -0.00790898 -0.0096507 0.00562888 0.0106908 -0.00990863 -0.0113478
internal_weight=33.5784 30.0018 6.26843 3.5766 23.7334 21.0574 18.5734 13.3941 9.84209 5.22965 5.17931 2.9465 8.62828 7.82697
internal_count=16543 15656 6302 887 9354 9023 8493 6585 6191 6169 1908 837 6139 5829
is_linear=0
shrinkage=0.02


end of trees

feature_importances:
vpip_pres_max=307
pfr_pres_min=279
vpip_pres_min=269
hs_max=256
pfr_pres_max=235
hs_top3=228
step_aside_lift_max=224
step_aside_lift_min=212
hs_top5=194
vpip_max=191
hs_frac=179
junk_call_lift_max=164
wopen_pres_max=147
call_lift_max=143
wvpip_pres_min=139
n_shared_frac=132
hu_strong_check_lift=117
wvpip_pres_max=115
blk_call_lift_max=114
iso_opp_rate=102
call_rate_max=100
both_contrib_rate=98
squeeze_lift_min=93
hands_max_frac=90
iso_lift=89
squeeze_lift_max=88
pfr_max=86
pfr_min=85
hands_min_frac=81
conf_rate=80
fold_lift_max=77
raise_lift_max=77
fold_rate_min=77
raise_rate_max=77
pre_fold_ahead_lift_min=73
vpip_min=71
hu_check_lift=70
wopen_pres_min=66
tilt_vpip_min=62
ev_gift_lift_max=60
blk_fold_ahead_lift_max=59
open_pres_max=59
pre_fold_ahead_lift_max=58
fold_ahead_lift_max=57
tilt_vpip_max=56
net_bb100_max=54
blk_raise_lift_min=51
open_pres_min=50
contested_rate=45
flow_asym=45
call_rate_min=45
sd_together_rate=43
fold_lift_min=43
call_lift_min=41
raise_lift_min=41
ev_gift_lift_min=41
wtsd_min=41
wtsd_max=39
adjacent_rate=38
bet_unopened_max=37
junk_call_lift_min=35
bet_unopened_min=35
net_bb100_min=35
netflow_bb100=34
fold_strong_lift_max=34
blk_netflow_max_bb100=32
af_min=32
loss_share_lr_min=30
blk_call_lift_frac=29
payoff_lift_min=29
payoff_bb100_max=28
af_max=28
fold_rate_max=28
payoff_lift_max=27
costly_call_lift_max=27
style_dist=26
costly_fold_lift_max=26
costly_call_lift_min=24
loss_share_lr_max=23
fold_ahead_lift_min=23
fold_strong_lift_min=23
raise_rate_min=23
nosd_flow_max_bb100=22
grossflow_bb100=19
hs_n50=15
hu_rate=13
costly_fold_lift_min=7
payoff_bb100_min=3

parameters:
[boosting: gbdt]
[objective: binary]
[metric: binary_logloss]
[tree_learner: serial]
[device_type: cpu]
[data_sample_strategy: bagging]
[data: ]
[valid: ]
[num_iterations: 500]
[learning_rate: 0.02]
[num_leaves: 15]
[num_threads: 10]
[seed: 2]
[deterministic: 0]
[force_col_wise: 0]
[force_row_wise: 0]
[histogram_pool_size: -1]
[max_depth: -1]
[min_data_in_leaf: 20]
[min_sum_hessian_in_leaf: 0.001]
[bagging_fraction: 0.8]
[pos_bagging_fraction: 1]
[neg_bagging_fraction: 1]
[bagging_freq: 1]
[bagging_seed: 29216]
[bagging_by_query: 0]
[feature_fraction: 0.6]
[feature_fraction_bynode: 1]
[feature_fraction_seed: 17795]
[extra_trees: 0]
[extra_seed: 19650]
[early_stopping_round: 0]
[early_stopping_min_delta: 0]
[first_metric_only: 0]
[max_delta_step: 0]
[lambda_l1: 0]
[lambda_l2: 1]
[linear_lambda: 0]
[min_gain_to_split: 0]
[drop_rate: 0.1]
[max_drop: 50]
[skip_drop: 0.5]
[xgboost_dart_mode: 0]
[uniform_drop: 0]
[drop_seed: 24198]
[top_rate: 0.2]
[other_rate: 0.1]
[min_data_per_group: 100]
[max_cat_threshold: 32]
[cat_l2: 10]
[cat_smooth: 10]
[max_cat_to_onehot: 4]
[top_k: 20]
[monotone_constraints: ]
[monotone_constraints_method: basic]
[monotone_penalty: 0]
[feature_contri: ]
[forcedsplits_filename: ]
[refit_decay_rate: 0.9]
[cegb_tradeoff: 1]
[cegb_penalty_split: 0]
[cegb_penalty_feature_lazy: ]
[cegb_penalty_feature_coupled: ]
[path_smooth: 0]
[interaction_constraints: ]
[verbosity: -1]
[saved_feature_importance_type: 0]
[use_quantized_grad: 0]
[num_grad_quant_bins: 4]
[quant_train_renew_leaf: 0]
[stochastic_rounding: 1]
[linear_tree: 0]
[max_bin: 255]
[max_bin_by_feature: ]
[min_data_in_bin: 3]
[bin_construct_sample_cnt: 200000]
[data_random_seed: 45]
[is_enable_sparse: 1]
[enable_bundle: 1]
[use_missing: 1]
[zero_as_missing: 0]
[feature_pre_filter: 1]
[pre_partition: 0]
[two_round: 0]
[header: 0]
[label_column: ]
[weight_column: ]
[group_column: ]
[ignore_column: ]
[categorical_feature: ]
[forcedbins_filename: ]
[precise_float_parser: 0]
[parser_config_file: ]
[objective_seed: 29484]
[num_class: 1]
[is_unbalance: 0]
[scale_pos_weight: 1]
[sigmoid: 1]
[boost_from_average: 1]
[reg_sqrt: 0]
[alpha: 0.9]
[fair_c: 1]
[poisson_max_delta_step: 0.7]
[tweedie_variance_power: 1.5]
[lambdarank_truncation_level: 30]
[lambdarank_norm: 1]
[label_gain: ]
[lambdarank_position_bias_regularization: 0]
[eval_at: ]
[multi_error_top_k: 1]
[auc_mu_weights: ]
[num_machines: 1]
[local_listen_port: 12400]
[time_out: 120]
[machine_list_filename: ]
[machines: ]
[gpu_platform_id: -1]
[gpu_device_id: -1]
[gpu_device_id_list: ]
[gpu_use_dp: 0]
[num_gpu: 1]

end of parameters

pandas_categorical:null
