tree
version=v4
num_class=3
num_tree_per_iteration=3
label_index=0
max_feature_idx=72
objective=multiclass num_class:3
feature_names=contested_rate both_contrib_rate conf_rate hu_rate sd_together_rate adjacent_rate netflow_bb100 grossflow_bb100 flow_asym nosd_flow_max_bb100 loss_share_lr_max loss_share_lr_min payoff_bb100_max payoff_bb100_min hu_check_lift hu_strong_check_lift iso_lift iso_opp_rate step_aside_lift_max step_aside_lift_min blk_call_lift_max blk_raise_lift_min blk_fold_ahead_lift_max blk_netflow_max_bb100 blk_call_lift_frac style_dist fold_lift_max fold_lift_min call_lift_max call_lift_min raise_lift_max raise_lift_min fold_ahead_lift_max fold_ahead_lift_min payoff_lift_max payoff_lift_min fold_strong_lift_max fold_strong_lift_min squeeze_lift_max squeeze_lift_min vpip_pres_max vpip_pres_min pfr_pres_max pfr_pres_min open_pres_max open_pres_min wopen_pres_max wopen_pres_min wvpip_pres_max wvpip_pres_min vpip_max vpip_min pfr_max pfr_min af_max af_min wtsd_max wtsd_min fold_rate_max fold_rate_min call_rate_max call_rate_min raise_rate_max raise_rate_min bet_unopened_max bet_unopened_min net_bb100_max net_bb100_min tilt_vpip_max tilt_vpip_min n_shared_frac hands_max_frac hands_min_frac
feature_infos=[0:0.52631578947368418] [0.0625:0.75] [0:1.4035087719298245] [0:0.63636363636363635] [0:0.26315789473684209] [0:1] [0:1743.9290032608696] [3.125:2135.8502728260869] [0:0.99757679347451811] [0:378.20512820512818] [-1.5666790723740924:3.6237047328385437] [-3.4638964142763609:2.1507476667297727] [0:1476.086956521739] [0:273.36956521739131] [-0.16980587912882006:0.39729048156214641] [-0.031500195798542255:0.48488429893501833] [-0.2092725871481444:0.1864663981353003] [0:0.5] [-0.24828460672678165:0.15164745936348273] [-0.35685621848023713:0.078768653434565739] [-0.06099122621413669:0.44462762598469141] [-0.099151410600179582:0.067146542287640901] [-0.033506123641355967:0.16762090812104372] [0:3465] [0:1] [0.045135487999212937:0.82085892885970158] [-0.25789355014945803:0.17724140967584257] [-0.46691662649341004:0.045922403368636733] [-0.092735235214709638:0.53106272086892792] [-0.16370638785473135:0.26310079156746036] [-0.063630272411386635:0.2355293910908606] [-0.13270297173721318:0.14526552384283803] [-0.043586223086425568:0.25297709226251469] [-0.084814671746435713:0.11527377087452469] [-0.079834490804650771:0.36334596629741561] [-0.15320003707556526:0.11135189657901812] [-0.034681119735461084:0.079786451964587307] [-0.067525150503251391:0.033925437539328598] [-0.053996729135881563:0.23943266590771742] [-0.089046209811566426:0.12458605129578122] [-0.035476864035087707:0.27364071464127931] [-0.18330673534190528:0.18120518125534321] [-0.12420323526422763:0.24326134089675755] [-0.14897282713232907:0.16118385352917172] [-0.085299837144308957:0.20203260123635719] [-0.10516703377386198:0.082585902940411127] [-0.020370846073382683:0.10751091457947497] [-0.034951049109846193:0.070328558801367874] [-0.017142362765535039:0.1256407879726206] [-0.05032779088050314:0.059984157784986093] [0.17863720073664824:0.78632478632478631] [0.14097744360902256:0.59587628865979381] [0.093846153846153843:0.3361884368308351] [0.062330623306233061:0.29166666666666669] [1.2083333333333333:23.5] [0.61538461538461542:5] [0.15714285714285714:0.48571428571428571] [0.083333333333333329:0.44444444444444442] [0.44106463878326996:0.84499999999999997] [0.33233532934131738:0.79505300353356889] [0.11235955056179775:0.58291457286432158] [0.068825910931174086:0.46979865771812079] [0.055045871559633031:0.22754491017964071] [0.025862068965517241:0.16299559471365638] [0.26806526806526809:0.81818181818181823] [0.21333333333333335:0.671875] [-210.55363321799311:506.27240143369175] [-813.36805555555554:218.81533101045295] [-0.27551020408163263:0.8107416879795396] [-0.40000000000000002:0.33625474729769206] [0.002:0.122] [0.11:0.4375] [0.056500000000000002:0.30199999999999999]
tree_sizes=863 863 865 880 889 890 888 889 890 890 879 889 884 893 892 893 896 892 887 893 895 887 881 894 886 891 889 888 888 891 889 887 894 888 884 893 887 886 888 882 888 885 883 891 894 887 886 885 885 877 890 883 887 890 889 886 893 886 887 890 889 891 894 888 890 884 890 887 890 892 890 890 887 886 890 885 889 890 890 885 894 887 886 886 892 892 892 893 891 886 890 892 885 885 893 887 890 893 886 888 895 891 892 888 892 892 892 887 887 887 889 896 882 886 891 895 887 886 890 892 889 886 886 891 887 884 894 894 883 885 892 890 889 884 893 889 890 890 893 890 893 893 896 890 894 885 892 890 896 895 890 890 889 900 885 892 890 894 894 893 891 895 898 896 892 890 894 893 894 890 892 896 890 887 899 888 888 894 885 895 896 889 893 889 897 890 891 892 884 888 890 895 896 880 895 892 890 892 895 894 887 895 886 899 887 894 891 892 891 897 896 892 894 885 893 893 888 889 885 888 888 887 891 896 894 892 896 898 893 889 894 887 892 891 894 891 889 895 888 893 887 891 898 889 888 888 893 892 892 890 887 891 898 895 890 893 892 893 889 900 889 896 888 897 889 894 894 891 891 891 889 897 891 886 900 892 893 890 893 896 902 892 898 890 893 895 895 895 891 885 896 894 894 893 888 892 898 896 891 897 898 899 895 894 895 900 897 896 894 892 891 896 894 900 898 899 891 891 889 899 900 889 901 899 891 892 899 895 891 892 889 890 892 893 891 897 890 877 893 895 892 891 894 897 894 895 896 898 898 898 895 904 898 896 893 897 896 896 897 898 894 895 900 890 901 899 890 892 895 897 896 892 896 894 889 888 898 896 900 894 894 892 899 900 893 899 903 890 899 899 895 897 899 902 896 896 893 897 904 899 890 901 894 903 892 888 896 896 894 902 898 897 899 899 894 901 899 895 893 893 897 900 893 894 905 903 900 897 897 894 899 897 893 899 899 899 900 900 894 903 899 891 897 898 892 897 894 891 890 900 897 900 899 893 900 907 903 897 899 893 898 901 899 906 901 897 902 899 899 899 899 897 901 903 898 904 903 899 896 905 894 905 898 899 896 903 894 902 906 902 908 894 897 906 900 902 907 897 894 904 899 900 902 896 896 892 903 899 891 898 898 899 902 901 903 896 902 898 905 891 898 901 903 900 901 892 907 895 897 904 901 912 903 900 903 907 902 901 903 897 898 909 904 902 899 900 898 903 906 904 907 899 902 899 899 901 905 907 899 911 904 892 906 906 898 904 906 908 902 907 901 903 902 907 900 899 899 908 899 896 908 905 906 908 898 902 905 897 900 902 901 906 898 906 899 904 904 908 910 900 908 911 912 902 907 904 896 900 900 898 901 907 909 911 909 904 901 903 901 908 906 905 904 905 904 901 909 904 910 898 897 905 900 897 901 906 907 904 902 899 906 904 907 906 902 901 908 910 911 902 906 900 907 908 901 913 905 903 906 907 902 901 906 913 908 906 902 910 907 902 906 906 903 908 914 907 903 911 911 911 909 906 908 911 903 902 909 900 908 908 901 910 909 910 907 913 908 904 913 904 908 908 905 901 908 912 904 908 906 905 908 912 907 907 906 902 907 908 907 905 899 912 912 908 909 910 909 918 912 912 905 911 913 906 906 900 915 915 904 910 909 911 907 907 911 914 905 902 914 912 906 901 906 902 909 919 908 905 907 911 915 912 900 906 912 902 898 903 906 903 912 909 907 910 908 915 906 907 915 906 910 916 913 908 906 905 906 908 911 912 909 908 916 915 914 902 909 908 905 910 914 905 907 903 907 908 913 909 918 915 910 914 907 913 918 913 911 909 912 912 914 905 915 916 909 911 915 911 907 913 906 913 910 906 910 917 913 903 920 912 912 911 911 908 909 915 911 914 918 905 913 911 911 916 914 909 909 916 906 912 911 910 913 909 905 913 913 910 919 916 907 911 922 903 910 909 911 915 904 902 903 914 907 918 908 913 909 921 905 912 910 904 911 910 911 919 916 912 915 917

Tree=0
num_leaves=7
num_cat=0
split_feature=28 15 14 38 46 23
split_gain=414.265 56.7957 12.5702 18.8857 7.71424 5.66924
threshold=0.14373778746385865 0.062633350414234512 -0.015798797077553214 0.0291277619091612 0.011165837217850387 4.6703696236559198
decision_type=2 2 2 2 2 8
left_child=2 -2 3 4 -1 -4
right_child=1 -3 5 -5 -6 -7
leaf_value=-0.92382942128383394 -0.88897930431863337 -0.93960327036906377 -0.91723394757680099 -0.94012794603003957 -0.893133350419692 -0.94151600057944729
leaf_weight=6.1089144647121447 114.27263528108597 8.9836977422237378 3.593479096889495 15.81130802631378 5.7495665550231934 173.2056924700737
leaf_count=17 318 25 10 44 16 482
internal_value=-0.921611 -0.892784 -0.939044 -0.92631 -0.907884 -0.941
internal_weight=327.725 123.256 204.469 27.6698 11.8585 176.799
internal_count=912 343 569 77 33 492
is_linear=0
shrinkage=1


Tree=1
num_leaves=7
num_cat=0
split_feature=42 15 40 42 14 42
split_gain=422.702 50.7674 23.191 12.7027 9.61726 8.25377
threshold=0.020474291534204814 0.062633350414234512 0.046196865117441095 -0.011731221736226738 -0.028077456079759793 0.057242711266821976
decision_type=2 2 2 2 2 2
left_child=2 -2 3 -1 -4 -3
right_child=1 5 4 -5 -6 -7
leaf_value=-1.0111283060765082 -1.0550269831259711 -1.0027391095565463 -1.0340548513089354 -1.0508111515970147 -0.99935315271889702 -1.0385655292884388
leaf_weight=5.1508846879005432 195.73361814022064 7.8980231881141645 3.4339231252670279 5.8376693129539472 91.685747444629669 3.4339231252670288
leaf_count=15 570 23 10 17 267 10
internal_value=-1.036 -1.05262 -1.00372 -1.03168 -1.00057 -1.01292
internal_weight=313.174 207.066 106.108 10.9886 95.1197 11.3319
internal_count=912 603 309 32 277 33
is_linear=0
shrinkage=1


Tree=2
num_leaves=7
num_cat=0
split_feature=39 28 28 43 43 19
split_gain=403.748 48.578 29.0103 17.5588 9.9929 9.60186
threshold=1.0000000180025095e-35 -1.0000000180025095e-35 0.062516793501303639 -0.01284433322148811 0.075458774100824966 -0.097151499697019514
decision_type=2 2 2 2 2 2
left_child=1 3 -2 -1 -3 -4
right_child=2 4 5 -5 -6 -7
leaf_value=-1.405556461704158 -1.3454389629811185 -1.4136533410051593 -1.4109935005848433 -1.3507400066706361 -1.3809952072115976 -1.3693750687674149
leaf_weight=3.0714532732963562 49.701698422431946 185.68331152200699 3.6298993229866028 6.1429065465927106 3.0714532732963553 3.3506762981414786
leaf_count=11 178 665 13 22 11 12
internal_value=-1.3973 -1.41081 -1.35071 -1.36805 -1.41304 -1.39005
internal_weight=254.651 197.969 56.6823 9.21436 188.755 6.98058
internal_count=912 709 203 33 676 25
is_linear=0
shrinkage=1


Tree=3
num_leaves=7
num_cat=0
split_feature=28 15 6 41 2 47
split_gain=381.739 56.2177 15.7619 8.56402 6.56785 5.98512
threshold=0.14373778746385865 0.043369965740664443 266.1233678528709 -0.043663481866750585 0.330952380952381 -0.0017173285606078986
decision_type=2 2 2 2 2 2
left_child=2 -2 3 4 -1 -4
right_child=1 -3 5 -5 -6 -7
leaf_value=-0.017148655034493723 0.03187452485369946 -0.014963970385410166 0.023145373494077782 -0.019257688779935268 0.014629101905269244 -0.0085375153504318544
leaf_weight=3.5760556757450086 108.47468000650406 10.728629678487776 4.3286870718002319 188.96350955963135 5.0344412326812744 3.5862493813037863
leaf_count=10 299 30 12 529 14 10
internal_value=-0.0007686 0.0275695 -0.0172613 -0.0183733 0.00102027 0.0094425
internal_weight=324.692 119.203 205.489 197.574 8.6105 7.91494
internal_count=904 329 575 553 24 22
is_linear=0
shrinkage=0.02


Tree=4
num_leaves=7
num_cat=0
split_feature=42 46 40 34 17 26
split_gain=397.372 32.6417 28.6404 19.9819 12.0605 10.9495
threshold=0.020474291534204814 0.0054817897189254339 0.11718812272064281 0.097745093985410772 0.083067940552016994 -0.032257116067637946
decision_type=2 2 2 2 2 2
left_child=3 2 -2 4 -1 -4
right_child=1 -3 5 -5 -6 -7
leaf_value=0.0012999059703863532 -0.014173921356690556 -0.019288396728587297 -0.004801485215165849 -0.0020576361832625525 0.035165040654962294 0.032107655000815798
leaf_weight=4.4765756130218497 18.069046467542648 169.25661587715149 4.1051426827907553 6.5371589660644522 97.198959589004517 10.721270054578779
leaf_count=13 53 497 12 19 279 31
internal_value=0.00077835 -0.0157637 0.00240584 0.0315419 0.0337012 0.0222306
internal_weight=310.365 202.152 32.8955 108.213 101.676 14.8264
internal_count=904 593 96 311 292 43
is_linear=0
shrinkage=0.02


Tree=5
num_leaves=7
num_cat=0
split_feature=39 19 46 43 34 39
split_gain=377.223 28.7765 27.9883 26.3108 22.7469 6.85105
threshold=0.0050493053217591172 -0.059629549157030885 0.0079147402953547753 -0.01284433322148811 0.067416407528021596 0.025897916553492363
decision_type=2 2 2 2 2 2
left_child=1 -1 5 -3 -5 -2
right_child=2 3 -4 4 -6 -7
leaf_value=-0.016226332115332687 -0.013713626288502938 -0.014717357235770497 0.049456877640921375 0.039785294111712416 -0.013983563021876907 0.022928312907033163
leaf_weight=169.53484174609184 3.3728765845298758 11.895773410797121 51.130846738815308 9.7081554830074293 3.8597595095634452 2.8638592064380646
leaf_count=614 12 43 177 34 14 10
internal_value=3.14816e-05 -0.0132597 0.0446627 0.00635885 0.0245794 0.00395534
internal_weight=252.366 194.999 57.3676 25.4637 13.5679 6.23674
internal_count=904 705 199 91 48 22
is_linear=0
shrinkage=0.02


Tree=6
num_leaves=7
num_cat=0
split_feature=28 15 40 28 42 70
split_gain=376.077 56.4582 16.1591 15.5919 8.54315 7.68144
threshold=0.14042933558932616 0.043369965740664443 0.07407757091967207 0.08120417182156793 0.022410119833081988 0.019583333333333338
decision_type=2 2 2 2 2 2
left_child=2 -2 3 5 -5 -1
right_child=1 -3 -4 4 -6 -7
leaf_value=0.0080605076000035553 0.031194778142566139 -0.012721766461076802 -0.019825442703382452 -0.0081023502431898081 0.028024462933253339 -0.016002652801124534
leaf_weight=5.7242340743541709 117.40811747312546 12.455044418573378 152.60050258040428 3.5489539504051191 6.1645451188087463 30.907704532146454
leaf_count=16 321 35 430 10 17 87
internal_value=0.000560516 0.0269178 -0.0166929 -0.00617761 0.0153008 -0.0121282
internal_weight=328.809 129.863 198.946 46.3454 9.7135 36.6319
internal_count=916 356 560 130 27 103
is_linear=0
shrinkage=0.02


Tree=7
num_leaves=7
num_cat=0
split_feature=44 14 14 39 46 40
split_gain=274.965 81.7156 50.449 38.3735 14.8161 18.0178
threshold=0.0086193203622938735 0.075078895687720082 -0.014475318784484851 -0.0020364194990037036 0.0031599787058969302 0.12039871580808086
decision_type=2 2 2 2 2 2
left_child=2 4 -1 -3 5 -2
right_child=1 3 -4 -5 -6 -7
leaf_value=-0.010869041555171271 -0.013989075874276811 0.032097464329756444 0.032820329890923233 -0.017978297014503153 -0.019556263175291116 0.023509563570118668
leaf_weight=11.561818957328795 14.607790946960451 20.733926266431812 85.2982537150383 7.7733877301216117 167.4427789747715 6.6361740529537192
leaf_count=34 43 59 242 23 496 19
internal_value=-0.000308681 -0.0128008 0.0275475 0.0182963 -0.0175707 -0.00174499
internal_weight=314.054 217.194 96.8601 28.5073 188.687 21.244
internal_count=916 640 276 82 558 62
is_linear=0
shrinkage=0.02


Tree=8
num_leaves=7
num_cat=0
split_feature=38 39 29 28 28 19
split_gain=362.402 62.7046 17.7503 13.7459 8.78688 3.28315
threshold=0.060501921201270674 0.0050493053217591172 0.01355534738435653 -0.014787535095022194 0.077957273480776343 -0.012549328091471966
decision_type=2 2 2 2 2 2
left_child=1 3 -3 -1 -2 -5
right_child=4 2 -4 5 -6 -7
leaf_value=0.022529557957212617 0.047600983393693397 0.04080497771425165 -0.0092656789247346754 -0.016663124593606922 0.0079504314909702549 0.00096971680526298175
leaf_weight=2.8933032751083365 50.242164134979248 9.796857684850691 3.4026775062084189 182.01249438524246 2.8020754456520072 4.2142047286033621
leaf_count=10 169 33 12 667 10 15
internal_value=-0.000341749 -0.0125763 0.0281539 -0.0155522 0.0456923 -0.0162611
internal_weight=255.364 202.32 13.1995 189.12 53.0442 186.227
internal_count=916 737 45 692 179 682
is_linear=0
shrinkage=0.02


Tree=9
num_leaves=7
num_cat=0
split_feature=20 14 14 39 70 47
split_gain=318.635 48.329 31.6671 21.5576 5.56654 4.04455
threshold=0.13251124784562388 0.054005108208707749 -0.024657253961934047 -0.015275292767147505 0.015750000000000004 -5.5972592667436197e-05
decision_type=10 2 2 2 2 2
left_child=2 -2 3 -1 -4 -5
right_child=1 -3 4 5 -6 -7
leaf_value=0.02332566444084791 0.029856780395562926 -0.015745002353962 -0.0034632088407821494 0.0044848499595092177 -0.019241695304551287 -0.019277868473005659
leaf_weight=12.426155835390093 108.1833923459053 9.5494201481342298 9.9773978888988477 3.5857448577880868 163.21969997882843 8.8227971196174586
leaf_count=34 294 27 28 10 463 25
internal_value=0.000127095 0.0260565 -0.0153418 0.00558852 -0.0183578 -0.0125887
internal_weight=315.765 117.733 198.032 24.8347 173.197 12.4085
internal_count=881 321 560 69 491 35
is_linear=0
shrinkage=0.02


Tree=10
num_leaves=7
num_cat=0
split_feature=2 15 0 46 49 2
split_gain=293.378 64.1861 61.3723 11.2424 11.0415 9.97858
threshold=0.33715295966474595 0.057101826566892798 0.11272900561262313 -7.914769201365457e-05 0.013649154193058842 0.4433475977436297
decision_type=2 2 2 2 2 2
left_child=2 3 -1 5 -3 -2
right_child=1 4 -4 -5 -6 -7
leaf_value=-0.011321452409138604 0.0183389466937019 0.031645381619711629 0.032142916027471317 -0.01947270121035688 -0.0069455852470521199 -0.015119210634017064
leaf_weight=14.542570084333418 5.5985280275344831 12.12349873781204 93.968298822641373 165.20854613184929 3.4223643243312827 6.7574250102043152
leaf_count=43 16 34 264 494 10 20
internal_value=9.37487e-05 -0.0146732 0.0262677 -0.0181044 0.0232434 0.00027882
internal_weight=301.621 193.11 108.511 177.564 15.5459 12.356
internal_count=881 574 307 530 44 36
is_linear=0
shrinkage=0.02


Tree=11
num_leaves=7
num_cat=0
split_feature=38 24 4 38 42 53
split_gain=330.145 38.1706 14.4841 13.8293 8.41784 7.08404
threshold=0.038991839640575052 0.29166666666666669 0.0083000413280066142 0.0077195410919698353 0.041468567549974529 0.2345911737342817
decision_type=2 10 2 2 2 2
left_child=2 4 3 -1 -2 -4
right_child=1 -3 5 -5 -6 -7
leaf_value=-0.010450826936820803 0.0073985215604126225 -0.0069847117841989092 -0.016136167927374039 0.030308682276013743 0.045557889845434442 0.0084712281729914744
leaf_weight=7.1100495159625989 2.8603940010070792 6.3099904954433432 165.69769042730331 4.7262768745422363 54.10807192325592 4.2321372032165518
leaf_count=26 10 23 614 16 177 15
internal_value=-0.000278932 0.0387083 -0.0139891 0.0069178 0.0438026 -0.0154773
internal_weight=245.045 63.2785 181.766 11.8363 56.9685 169.93
internal_count=881 210 671 42 187 629
is_linear=0
shrinkage=0.02


Tree=12
num_leaves=7
num_cat=0
split_feature=20 34 2 34 23 70
split_gain=307.638 36.1082 14.5714 10.7199 8.44038 7.27773
threshold=0.11350661083040998 0.0170653230561915 0.29864165901290673 0.083875802016540435 380.44592857142862 0.015750000000000004
decision_type=10 2 2 2 8 2
left_child=3 -2 -3 5 -5 -1
right_child=1 2 -4 4 -6 -7
leaf_value=-0.0023629511532154645 -0.0083444201502862886 -0.0037559870855084334 0.028402418600948776 -0.010944070345926061 0.021702016317937885 -0.018425439055488737
leaf_weight=12.455157220363615 12.428295522928236 5.693585902452468 114.95295158028603 6.6968482434749577 4.4021745622158059 163.48578014969826
leaf_count=35 35 16 311 19 12 467
internal_value=0.000394372 0.0235402 0.0268664 -0.016111 0.00272776 -0.0173081
internal_weight=320.115 133.075 120.647 187.04 11.099 175.941
internal_count=895 362 327 533 31 502
is_linear=0
shrinkage=0.02


Tree=13
num_leaves=7
num_cat=0
split_feature=42 2 18 34 42 46
split_gain=347.507 33.3082 22.5989 10.3691 9.43089 5.56121
threshold=0.025583398293637389 0.25098425196850399 -0.0086577192339460356 0.1105485616085935 1.0000000180025095e-35 1.0000000180025095e-35
decision_type=2 2 2 2 2 2
left_child=2 -2 3 -1 -4 -3
right_child=1 5 4 -5 -6 -7
leaf_value=0.032648270221760714 0.021847944030456454 -0.0068583255832722588 0.020881414643157618 -0.002278671892772212 -0.0062175575868673094 -0.019521181449791997
leaf_weight=90.079709142446518 7.779170185327529 16.639054477214813 8.8781087994575518 3.4009602367877951 9.9783258438110334 168.83242991566658
leaf_count=250 22 49 25 10 29 510
internal_value=-0.000466164 -0.0167026 0.0273659 0.0313669 0.00695042 -0.018428
internal_weight=305.588 193.251 112.337 93.4807 18.8564 185.471
internal_count=895 581 314 260 54 559
is_linear=0
shrinkage=0.02


Tree=14
num_leaves=7
num_cat=0
split_feature=39 38 43 17 27 34
split_gain=325.882 38.5533 23.8167 7.84364 13.9157 4.89775
threshold=-0.002354647826760137 0.060501921201270674 -0.010313951986804777 0.083683473389355764 -0.041906812984818957 0.10562094843613974
decision_type=2 2 2 2 2 2
left_child=1 3 -2 4 -1 -4
right_child=2 -3 5 -5 -6 -7
leaf_value=-0.012725437854893273 -0.00052513395913823791 0.0284159548244367 0.043392765478889365 -0.016740408819349198 0.027511624710394554 0.011714432037579004
leaf_weight=11.274124741554258 5.7373960316181174 7.4931370615959159 56.061612874269485 161.42072570323944 3.7784567773342124 2.9385409355163565
leaf_count=42 20 25 179 606 13 10
internal_value=6.52039e-05 -0.0135288 0.0383139 -0.0154599 -0.00154059 0.0420365
internal_weight=248.704 183.966 64.7375 176.473 15.0526 59.0002
internal_count=895 686 209 661 55 189
is_linear=0
shrinkage=0.02


Tree=15
num_leaves=7
num_cat=0
split_feature=28 14 40 14 70 39
split_gain=329.386 41.6728 15.2753 11.8101 5.48617 7.42397
threshold=0.14373778746385865 0.054005108208707749 0.07407757091967207 -0.023030265626988424 0.029166666666666671 -0.028774977053563303
decision_type=2 2 2 2 2 2
left_child=2 -2 3 -1 -5 -6
right_child=1 -3 -4 4 5 -7
leaf_value=0.017538288474125467 0.028624664422099339 -0.015154564711942859 -0.01912502443646898 0.00018915806749892773 0.0091347575185856383 -0.020018183529785159
leaf_weight=6.5181494653224936 116.33668813109398 8.7858695983886701 148.67921835184097 13.777467727661131 3.5657719969749442 20.505003303289417
leaf_count=18 313 25 428 39 10 59
internal_value=0.000293484 0.0254548 -0.016062 -0.00560179 -0.00993581 -0.0155075
internal_weight=318.168 125.123 193.046 44.3664 37.8482 24.0708
internal_count=892 338 554 126 108 69
is_linear=0
shrinkage=0.02


Tree=16
num_leaves=7
num_cat=0
split_feature=42 15 40 42 43 42
split_gain=331.606 28.72 26.9105 11.7419 9.56634 6.14995
threshold=0.028797711331442395 0.090300930071916891 0.047697349166152515 -0.0052076279289635227 -0.0054815010343320916 0.038971205791997275
decision_type=2 2 2 2 2 2
left_child=2 5 3 -1 -4 -2
right_child=1 -3 4 -5 -6 -7
leaf_value=0.017250354583683732 -0.0039844958153870246 0.023685384043593091 0.030988485804113439 -0.017614422495660472 -0.0024317805469083078 -0.018911502967651508
leaf_weight=6.7304486334323883 12.458364009857176 6.0555740594863883 99.013272106647491 6.7252155840396863 3.4025453627109519 169.40181303024292
leaf_count=19 37 17 273 20 10 516
internal_value=-7.62289e-05 -0.0164574 0.0264036 -0.000188316 0.0298654 -0.0179163
internal_weight=303.787 187.916 115.871 13.4557 102.416 181.86
internal_count=892 570 322 39 283 553
is_linear=0
shrinkage=0.02


Tree=17
num_leaves=7
num_cat=0
split_feature=39 38 43 20 28 28
split_gain=312.783 29.337 29.3296 16.2445 7.0712 7.0243
threshold=-0.002354647826760137 0.054080530104933341 -0.010313951986804777 0.097360449635061297 -0.0035864892966065705 0.077957273480776343
decision_type=2 2 2 10 2 2
left_child=1 4 -2 -3 -1 -4
right_child=2 3 5 -5 -6 -7
leaf_value=0.011894659122411708 -0.0044361570486333461 0.038061777055222339 0.041874489071919888 -0.013365079469038128 -0.016447643985576715 0.0070977634288122886
leaf_weight=2.9227864146232596 6.2456704676151267 5.6421563327312452 58.120804488658905 3.250062495470047 168.27795425057411 2.8893184661865225
leaf_count=10 22 18 181 12 639 10
internal_value=-0.000283623 -0.0140345 0.0362038 0.0198145 -0.0158975 0.0403686
internal_weight=247.349 180.093 67.2558 8.89222 171.201 61.0101
internal_count=892 679 213 30 649 191
is_linear=0
shrinkage=0.02


Tree=18
num_leaves=7
num_cat=0
split_feature=27 15 31 6 17 31
split_gain=277.356 27.8926 26.4873 19.6778 8.21201 20.0443
threshold=-0.13294037810109005 0.062633350414234512 0.045292751786162183 370.47150439777334 0.10943202554744527 -0.027269295908204094
decision_type=2 2 2 2 2 2
left_child=1 2 -1 4 5 -2
right_child=3 -3 -4 -5 -6 -7
leaf_value=0.027658165016057154 0.010647193894632138 -0.015561424672288831 -0.017309377753306997 0.018569088182425839 -0.018265379113558865 -0.015863152833648756
leaf_weight=115.17407378554344 14.734818696975706 6.2852509021759024 4.8438457250595084 6.2128551602363578 132.3680123090744 41.997668832540512
leaf_count=309 41 18 14 17 384 121
internal_value=0.000564173 0.0235551 0.0257153 -0.0143476 -0.0155211 -0.00891261
internal_weight=321.617 126.303 120.018 195.313 189.1 56.7325
internal_count=904 341 323 563 546 162
is_linear=0
shrinkage=0.02


Tree=19
num_leaves=7
num_cat=0
split_feature=42 2 40 42 27 30
split_gain=303.219 52.5158 20.1695 8.84935 8.55709 7.57348
threshold=0.020474291534204814 0.24849397590361447 0.041876336578416794 -0.011731221736226738 -0.16130372238092031 -0.0090108691926131367
decision_type=2 2 2 2 2 2
left_child=2 -2 3 -1 -4 -3
right_child=1 5 4 -5 -6 -7
leaf_value=0.019551788777713741 0.024501567597427179 -0.0042139605641236116 -4.8077392699258955e-05 -0.014609594005329567 0.030536998753259655 -0.018738458518512698
leaf_weight=4.3126741945743561 11.862301170825956 16.408721923828125 3.8022277951240531 6.0693424046039564 94.075009107589722 170.27076005935669
leaf_count=12 33 49 11 18 257 524
internal_value=-0.00020759 -0.0148719 0.0265759 5.20173e-05 0.0293604 -0.017491
internal_weight=306.801 198.542 108.259 10.382 97.8772 186.679
internal_count=904 606 298 30 268 573
is_linear=0
shrinkage=0.02


Tree=20
num_leaves=7
num_cat=0
split_feature=31 28 28 43 19 46
split_gain=246.644 38.6733 32.7891 14.7279 9.04836 5.33797
threshold=-0.0042719848188885806 0.064508673756689269 -0.0035864892966065705 -0.027008229583779676 -0.021041829265697917 0.016394411820974966
decision_type=2 2 2 2 2 2
left_child=2 3 -1 -2 -4 -3
right_child=1 5 4 -5 -6 -7
leaf_value=0.026061060986374479 -0.003778678563025752 -0.014908236475378603 -0.015439323919485354 0.03986134309532946 0.0093588198438278522 0.011685324617901716
leaf_weight=7.4180136620998374 3.0970776975154868 6.1161906123161298 167.40668950974941 55.737782776355743 5.4698774963617316 4.3027976155281067
leaf_count=24 11 23 642 170 19 15
internal_value=-0.000471425 0.031344 -0.0127977 0.0375394 -0.0146054 -0.00386417
internal_weight=249.548 69.2538 180.295 58.8349 172.877 10.419
internal_count=904 219 685 181 661 38
is_linear=0
shrinkage=0.02


Tree=21
num_leaves=7
num_cat=0
split_feature=27 14 14 38 34 27
split_gain=264.054 32.4246 21.46 20.8383 8.20146 7.29929
threshold=-0.14843830917501785 -0.028077456079759793 0.0016560870095006649 0.055043962053720509 0.090993627936157243 -0.18058732991397661
decision_type=2 2 2 2 2 2
left_child=2 3 -1 -2 -3 -4
right_child=1 4 5 -5 -6 -7
leaf_value=0.027160091689843905 0.022037174008842971 -0.017398930549614926 0.015210404462605034 -0.01635677476564449 0.0049697365434399491 -0.017644614832556901
leaf_weight=100.58065909147263 14.730025023221971 175.73362985253334 3.6681125462055206 7.9421523809432975 6.4010281860828391 5.5211004614829999
leaf_count=269 40 513 10 23 18 16
internal_value=-0.00038955 -0.0137887 0.0245092 0.00846481 -0.01659 -0.00432403
internal_weight=314.577 204.807 109.77 22.6722 182.135 9.18921
internal_count=889 594 295 63 531 26
is_linear=0
shrinkage=0.02


Tree=22
num_leaves=7
num_cat=0
split_feature=2 15 0 49 44 2
split_gain=244.092 59.5624 53.5095 14.8292 11.7373 10.193
threshold=0.33715295966474595 0.040300263115127022 0.11272900561262313 0.011970133433695252 -0.013899095143713179 0.18469785575048733
decision_type=2 2 2 2 2 2
left_child=2 4 5 -3 -2 -1
right_child=1 3 -4 -5 -6 -7
leaf_value=0.017585219789448221 0.012916337668435312 0.027344283735739508 0.028745988948501285 -0.010326671265346976 -0.01853651668159105 -0.016987626458376301
leaf_weight=3.5802395641803768 4.2229077219963065 15.310018420219423 99.462015688419342 5.0214078724384299 160.16795200109482 13.441149830818174
leaf_count=10 12 42 271 15 498 41
internal_value=0.000618376 -0.013656 0.0231786 0.0179925 -0.0176553 -0.00914338
internal_weight=301.206 184.722 116.483 20.3314 164.391 17.0214
internal_count=889 567 322 57 510 51
is_linear=0
shrinkage=0.02


Tree=23
num_leaves=7
num_cat=0
split_feature=38 39 28 20 28 47
split_gain=290.571 28.842 24.3787 12.3567 9.52359 0.981483
threshold=0.048701672062630548 1.0000000180025095e-35 0.11000076801528812 0.087527082063021414 -0.014787535095022194 0.0025348489800234579
decision_type=2 2 2 10 2 2
left_child=1 4 -2 -3 -1 -6
right_child=2 3 -4 -5 5 -7
leaf_value=0.01603193326213943 0.038545804393352527 0.032112495226095009 -0.010012092435938733 -0.0098044792569459468 -0.016826269871364735 -0.011014668126066966
leaf_weight=3.0022810101509085 61.512914210557938 6.7434360682964307 4.0363172590732566 3.8228409588336945 144.21916420757771 21.258808329701424
leaf_count=10 185 21 15 14 562 82
internal_value=-0.000260362 -0.0134584 0.0354502 0.0174106 -0.0154856 -0.0161503
internal_weight=244.596 179.047 65.5492 10.5663 168.48 165.478
internal_count=889 689 200 35 654 644
is_linear=0
shrinkage=0.02


Tree=24
num_leaves=7
num_cat=0
split_feature=28 15 7 70 71 0
split_gain=297.092 40.0664 7.61449 6.07087 5.28475 3.40718
threshold=0.14153396847183222 0.062633350414234512 636.03416021352996 0.017750000000000005 0.34325000000000011 0.10848795347549157
decision_type=2 2 2 2 2 2
left_child=2 -2 3 -1 5 -5
right_child=1 -3 -4 4 -6 -7
leaf_value=-0.0044862313686060877 0.026816478289073933 -0.016447190128444488 0.0098108970368768322 -0.0080500263064130235 0.00011101755764268485 -0.019128838212284727
leaf_weight=16.791769057512283 120.51170247793198 8.5612087249755842 3.974457621574401 14.251160770654677 6.575905203819274 141.5913812816143
leaf_count=48 322 25 11 41 19 418
internal_value=0.000704558 0.0238425 -0.0156395 -0.0162552 -0.0174371 -0.0181735
internal_weight=312.258 129.073 183.185 179.21 162.418 155.843
internal_count=884 347 537 526 478 459
is_linear=0
shrinkage=0.02


Tree=25
num_leaves=7
num_cat=0
split_feature=42 14 14 0 46 14
split_gain=287.683 29.9039 20.8098 12.1814 5.74813 7.65346
threshold=0.027517227988483679 0.11484448533848594 -0.027737432771590239 0.11077027948193593 0.0054817897189254339 -0.027071778427857043
decision_type=2 2 2 2 2 2
left_child=2 4 -1 -4 5 -2
right_child=1 -3 3 -5 -6 -7
leaf_value=-0.011038347254368568 -0.017926698415144448 0.020461389330716388 -0.0036074636398356857 0.028273739644827663 -0.018922493237401524 0.0042532059834908698
leaf_weight=5.63514420390129 12.518725007772447 7.8825246989727011 4.8099348545074454 99.774393916130066 155.46671184897423 10.948664069175718
leaf_count=17 39 22 14 270 490 32
internal_value=-0.000722894 -0.0158161 0.0247715 0.0267872 -0.017519 -0.00782781
internal_weight=297.036 186.817 110.219 104.584 178.934 23.4674
internal_count=884 583 301 284 561 71
is_linear=0
shrinkage=0.02


Tree=26
num_leaves=7
num_cat=0
split_feature=38 28 28 31 19 43
split_gain=266.058 22.8276 20.153 9.58233 6.76023 9.69824
threshold=0.047234573437959435 0.11955350104600689 -0.014787535095022194 0.016344721473987748 -0.038260868114073025 0.01682319995322901
decision_type=2 2 2 2 2 2
left_child=2 -2 -1 4 -4 -6
right_child=1 -3 3 -5 5 -7
leaf_value=0.023479704892549264 0.036736000823378058 -0.013283183528304961 -0.015772446578930201 0.015080439221091131 -0.014921915126417109 0.020299291087552466
leaf_weight=5.0558446347713462 62.429023891687393 3.3888879120349875 157.2847810536623 3.6570080816745749 6.117693290114401 4.5784688293933868
leaf_count=16 185 13 620 12 23 15
internal_value=-2.15984e-05 0.0340003 -0.0128147 -0.0140136 -0.0147325 0.000600996
internal_weight=242.512 65.8179 176.694 171.638 167.981 10.6962
internal_count=884 198 686 670 658 38
is_linear=0
shrinkage=0.02


Tree=27
num_leaves=7
num_cat=0
split_feature=28 15 40 10 69 3
split_gain=286.139 43.4513 12.0411 9.45601 4.84914 4.76061
threshold=0.14042933558932616 0.062633350414234512 0.061742287738804393 1.3509292658935401 0.030908913259747043 0.24473453268977624
decision_type=2 2 2 2 2 2
left_child=2 -2 3 4 -1 -4
right_child=1 -3 5 -5 -6 -7
leaf_value=-0.013452057709034675 0.026158498854454041 -0.018262743415427957 -0.018458235184261689 0.014846508888087929 0.0098054606138317929 0.00074843632114408268
leaf_weight=21.461609929800037 123.53231352567673 8.7898449003696424 144.90146046876907 7.1278541982173911 3.5177883505821219 5.2721852958202353
leaf_count=63 330 26 431 20 10 15
internal_value=0.000802319 0.0230929 -0.0154166 -0.00414367 -0.0099254 -0.0177835
internal_weight=314.603 132.322 182.281 32.1073 24.9794 150.174
internal_count=895 356 539 93 73 446
is_linear=0
shrinkage=0.02


Tree=28
num_leaves=7
num_cat=0
split_feature=2 0 46 43 43 20
split_gain=232.243 46.251 30.3228 18.4153 13.0549 10.0059
threshold=0.33454987834549882 0.11077027948193593 0.00073760173597908123 -0.012645043171722698 -0.070936867433289669 0.15244409597521272
decision_type=2 2 2 2 2 8
left_child=1 -1 3 -2 -4 -3
right_child=2 5 4 -5 -6 -7
leaf_value=-0.010015421283294452 0.018860360018135573 0.028677680514138534 0.0087402849146721584 -0.017113410702853802 -0.018332294800030405 -0.00236636037234874
leaf_weight=14.87800148129463 15.808007478713991 91.334342896938324 6.8967254757881156 7.6870732307434073 158.42210271954536 4.1953783631324759
leaf_count=45 44 246 20 24 504 12
internal_value=-0.000694813 0.0222302 -0.0141466 0.00687238 -0.0171571 0.0273039
internal_weight=299.222 110.408 188.814 23.4951 165.319 95.5297
internal_count=895 303 592 68 524 258
is_linear=0
shrinkage=0.02


Tree=29
num_leaves=7
num_cat=0
split_feature=38 28 28 31 47 28
split_gain=257.137 23.881 23.5547 10.6332 14.9842 8.57529
threshold=0.047234573437959435 0.11000076801528812 -0.011830540826103171 -0.011062904089384191 0.0012591625704996637 0.085837477833543452
decision_type=2 2 2 2 2 2
left_child=2 -2 -1 -4 -5 -6
right_child=1 -3 3 4 5 -7
leaf_value=0.025786206918551779 0.035239530917144872 -0.010494440064403272 -0.016164011741095673 -0.014275931356103937 0.033313794238996025 -0.0074033965372452661
leaf_weight=5.1566403210163108 64.781320184469223 4.4758984595537177 150.95401872694492 11.62362712621689 4.9938797056674948 2.6857807785272598
leaf_count=16 189 17 603 45 15 10
internal_value=-0.00018161 0.0321766 -0.0130673 -0.0143878 -0.00038528 0.0198616
internal_weight=244.671 69.2572 175.414 170.257 19.3033 7.67966
internal_count=895 206 689 673 70 25
is_linear=0
shrinkage=0.02


Tree=30
num_leaves=7
num_cat=0
split_feature=20 14 14 39 40 66
split_gain=249.68 52.5691 13.4281 9.34063 5.0447 4.89253
threshold=0.11350661083040998 0.05550575151712548 -0.040872984604883429 -0.002354647826760137 0.032203902022081198 55.993545939071133
decision_type=10 2 2 2 2 2
left_child=2 -2 3 -1 5 -4
right_child=1 -3 4 -5 -6 -7
leaf_value=0.018397731777013499 0.024803167850024264 -0.015145486570220927 -0.014473356920929157 -0.014066307349440962 -0.017827312126837296 0.011148799671579415
leaf_weight=7.0076170861721039 117.69796645641327 14.150713622570036 5.4898444414138776 5.4131390452384931 161.12812402844429 4.5538464784622192
leaf_count=19 315 42 16 16 484 13
internal_value=-0.000475875 0.0204339 -0.0155218 0.00425556 -0.0169733 -0.00289859
internal_weight=315.441 131.849 183.593 12.4208 171.172 10.0437
internal_count=905 357 548 35 513 29
is_linear=0
shrinkage=0.02


Tree=31
num_leaves=7
num_cat=0
split_feature=42 15 17 34 34 48
split_gain=275.992 29.1981 21.0849 10.6624 7.94239 4.57319
threshold=0.029851669877600743 0.085978486056971712 0.10432213930348259 0.023797660338278546 0.083875802016540435 0.004970841727716729
decision_type=2 2 2 2 2 2
left_child=2 5 3 -1 -4 -2
right_child=1 -3 4 -5 -6 -7
leaf_value=0.018434547284495714 -0.0038806440191752056 0.022118223618753232 0.027490418883814885 -0.012308538330389853 0.0015962136703181499 -0.018319230275315651
leaf_weight=7.2354952692985561 9.9178871512413007 6.9380232989788047 99.803492248058319 8.9957309961318952 5.1054084599018088 163.61209726333618
leaf_count=20 30 19 268 27 15 526
internal_value=-0.000240244 -0.0158836 0.0230036 0.0016705 0.0262572 -0.017521
internal_weight=301.608 180.468 121.14 16.2312 104.909 173.53
internal_count=905 575 330 47 283 556
is_linear=0
shrinkage=0.02


Tree=32
num_leaves=7
num_cat=0
split_feature=39 38 42 28 20 28
split_gain=266.022 24.1143 20.8586 12.4059 11.8376 8.34175
threshold=-0.0033239944954707857 0.054080530104933341 0.042158900029689812 0.11857420737997715 0.097360449635061297 -0.0067340594566934605
decision_type=2 2 2 2 10 2
left_child=1 5 -2 -4 -3 -1
right_child=2 4 3 -5 -6 -7
leaf_value=0.010021868395334836 -0.0080177559718217842 0.032465813965092141 0.03512370932160528 -0.0069151063606813969 -0.012717235507535682 -0.015843487684960668
leaf_weight=4.5117491185665122 4.7852952182292929 5.7971211671829206 71.518816828727722 2.6083590537309638 2.8547365665435791 155.49312853813171
leaf_count=15 17 17 205 10 11 630
internal_value=0.000898286 -0.0132768 0.0309813 0.0335721 0.0177844 -0.0150564
internal_weight=247.569 168.657 78.9125 74.1272 8.65186 160.005
internal_count=905 673 232 215 28 645
is_linear=0
shrinkage=0.02


Tree=33
num_leaves=7
num_cat=0
split_feature=28 15 14 38 42 70
split_gain=267.274 35.6832 8.82943 14.7113 7.97483 3.75724
threshold=0.14373778746385865 0.062633350414234512 -0.015798797077553214 0.0291277619091612 0.045900508776053131 0.015750000000000004
decision_type=2 2 2 2 2 2
left_child=2 -2 3 4 -1 -4
right_child=1 -3 5 -5 -6 -7
leaf_value=-0.008274618239226518 0.025129283901508009 -0.016060424762891899 -0.0050242184777044806 -0.017690308416228439 0.022206679048996522 -0.018081739475987381
leaf_weight=4.9631476104259509 115.5897274017334 8.4037726819515211 10.348778128623961 15.075964689254759 7.7438515722751617 149.69546490907669
leaf_count=14 309 25 30 45 21 455
internal_value=-0.000455938 0.0222315 -0.0154714 -0.00484869 0.0105661 -0.0172739
internal_weight=311.821 123.994 187.827 27.783 12.707 160.044
internal_count=899 334 565 80 35 485
is_linear=0
shrinkage=0.02


Tree=34
num_leaves=7
num_cat=0
split_feature=30 28 44 1 40 16
split_gain=197.602 46.2433 38.9553 17.21 12.2134 7.0656
threshold=0.001542903024573779 0.17599085097819006 0.006115950537361429 0.28162176945166145 0.069622154894040014 -0.060752947270347767
decision_type=2 2 2 2 2 2
left_child=1 3 4 -1 -2 -3
right_child=2 5 -4 -5 -6 -7
leaf_value=-0.008609100274307788 -0.010255129072024201 0.013398566112824173 -0.017510390997127551 0.025700547881511299 0.020096090977065585 -0.015301772211812337
leaf_weight=5.7291255295276633 7.1144006848335293 3.5115038156509426 146.33520391583443 105.02830696105957 15.291720956563948 15.368571788072584
leaf_count=17 22 10 475 283 42 50
internal_value=0.000472051 0.0189611 -0.0137604 0.0238647 0.0104326 -0.00955834
internal_weight=298.379 129.638 168.741 110.757 22.4061 18.8801
internal_count=899 360 539 300 64 60
is_linear=0
shrinkage=0.02


Tree=35
num_leaves=7
num_cat=0
split_feature=31 29 29 47 20 44
split_gain=211.849 24.7553 22.0874 27.9445 9.63381 4.78069
threshold=-0.003742773046853234 0.015990974738232747 -0.026425526597898343 0.0012591625704996637 0.086909879711796367 0.011585663029247658
decision_type=2 2 2 2 10 2
left_child=2 5 3 -1 -5 -2
right_child=1 -3 -4 4 -6 -7
leaf_value=-0.011692951177687934 0.0072844522666860988 -0.0035179549488522852 -0.015785442034320484 0.03349228808371766 -0.0070587069493871085 0.03366569493121379
leaf_weight=20.795196622610092 3.5378833711147299 8.5032038241624814 136.67754481732845 9.7494592368602735 2.6032973974943152 61.236716955900192
leaf_count=83 12 31 561 29 10 173
internal_value=5.34516e-06 0.0282031 -0.0122556 0.00233511 0.0250577 0.0323574
internal_weight=243.103 73.2778 169.825 33.148 12.3528 64.7746
internal_count=899 216 683 122 39 185
is_linear=0
shrinkage=0.02


Tree=36
num_leaves=7
num_cat=0
split_feature=20 15 20 44 2 43
split_gain=227.818 19.9933 19.1598 26.5986 8.97691 8.77746
threshold=0.14386751222922736 0.062633350414234512 0.085113882553261591 0.020042142043062261 0.45738498789346255 0.030405945779715744
decision_type=10 2 10 2 2 2
left_child=2 -2 -1 4 -4 -5
right_child=1 -3 3 5 -6 -7
leaf_value=-0.016613337662094073 0.024881331819814671 -0.016201299775686673 -0.01885709816449371 0.021962377735573257 0.008850623023663011 -0.0074278417310666622
leaf_weight=148.330945789814 102.29587969183922 4.310915380716323 25.051266223192219 15.489120453596117 5.0753912329673758 4.8383555412292472
leaf_count=452 274 13 77 42 14 14
internal_value=-0.000376957 0.0230849 -0.0130119 -0.00230703 -0.0140548 0.0149466
internal_weight=305.392 106.607 198.785 50.4541 30.1267 20.3275
internal_count=886 287 599 147 91 56
is_linear=0
shrinkage=0.02


Tree=37
num_leaves=7
num_cat=0
split_feature=2 15 17 44 2 16
split_gain=206.898 50.4059 35.277 9.7381 7.75406 5.53773
threshold=0.33454987834549882 0.057101826566892798 0.08951465201465203 0.0042679431035871429 0.23317152103559874 0.030857747479332096
decision_type=2 2 2 2 2 2
left_child=2 3 4 5 -1 -2
right_child=1 -3 -4 -5 -6 -7
leaf_value=0.01587604807334143 0.0092621489461663133 0.020707208128321563 0.025893070725780593 -0.018019062002662473 -0.014607641662374077 -0.015695150940989534
leaf_weight=3.6499103903770438 8.4813433885574323 14.965411126613615 92.414488196372986 155.59440967440605 11.418819963932036 4.6908547580242148
leaf_count=10 24 41 248 512 36 15
internal_value=-0.000620727 -0.013493 0.0213047 -0.0166298 -0.00669546 -0.000105926
internal_weight=291.215 183.732 107.483 168.767 15.0687 13.1722
internal_count=886 592 294 551 46 39
is_linear=0
shrinkage=0.02


Tree=38
num_leaves=7
num_cat=0
split_feature=39 38 43 20 53 0
split_gain=234.867 29.4987 17.1366 12.6441 6.11027 5.24726
threshold=-0.002354647826760137 0.054080530104933341 -0.0054815010343320916 0.097360449635061297 0.15655757286192071 0.080540540540540564
decision_type=2 2 2 10 2 2
left_child=1 5 4 -3 -2 -1
right_child=2 3 -4 -5 -6 -7
leaf_value=0.0073332496541354151 -0.014354730912656584 0.031857131641989007 0.032315586709481023 -0.012740552259407536 0.018144082972590986 -0.015393059418255335
leaf_weight=3.6248414665460578 4.1613496392965308 7.3151533603668195 71.32710574567318 3.0143273770809174 3.1951049566268921 147.77511630952358
leaf_count=13 15 21 201 12 10 614
internal_value=0.00122977 -0.0125511 0.0293576 0.0188669 0.000242513 -0.0148044
internal_weight=240.413 161.729 78.6836 10.3295 7.35645 151.4
internal_count=886 660 226 33 25 627
is_linear=0
shrinkage=0.02


Tree=39
num_leaves=7
num_cat=0
split_feature=28 15 40 28 66 3
split_gain=230.887 34.1739 12.4862 11.5561 5.5877 5.5711
threshold=0.14373778746385865 0.062633350414234512 0.061742287738804393 0.08120417182156793 87.002551020408177 0.24473453268977624
decision_type=2 2 2 2 2 2
left_child=2 -2 3 4 -1 -4
right_child=1 -3 5 -5 -6 -7
leaf_value=-0.016138033392258066 0.024186144108020696 -0.015800516356743684 -0.0175007401114807 0.018125313264136821 0.0049575778370921824 0.0024561972455058325
leaf_weight=14.840018987655645 112.46193587779999 8.5742613375186902 143.60707324743271 7.2090038955211631 6.7865381240844718 5.5807843506336203
leaf_count=45 302 26 444 20 20 16
internal_value=3.37524e-05 0.0212472 -0.0144272 -0.00228699 -0.00959158 -0.0167428
internal_weight=299.06 121.036 178.023 28.8356 21.6266 149.188
internal_count=873 328 545 85 65 460
is_linear=0
shrinkage=0.02


Tree=40
num_leaves=7
num_cat=0
split_feature=2 0 44 14 46 30
split_gain=196.098 43.2767 39.7389 15.1749 6.52432 8.24309
threshold=0.33715295966474595 0.11272900561262313 0.0045537195359995836 -0.034922206013938813 0.0013614894018949694 0.0098181737642910761
decision_type=2 2 2 2 2 2
left_child=1 -1 3 -2 5 -4
right_child=2 -3 4 -5 -6 -7
leaf_value=-0.010945448615709936 -0.015983691283236349 0.025416416692273219 0.013870563774363576 0.019745053777011884 -0.018152852653751116 -0.016494822789670835
leaf_weight=14.529309839010237 5.5511133968830135 97.360520124435425 5.6097261905670148 17.586174875497818 138.29843437671661 6.8283093571662903
leaf_count=45 18 261 16 48 463 22
internal_value=9.12279e-05 0.0206396 -0.0131743 0.0108659 -0.0169116 -0.00278656
internal_weight=285.764 111.89 173.874 23.1373 150.736 12.438
internal_count=873 306 567 66 501 38
is_linear=0
shrinkage=0.02


Tree=41
num_leaves=7
num_cat=0
split_feature=38 28 19 62 46 52
split_gain=204.51 39.9692 11.2884 6.96553 6.4714 5.46015
threshold=0.038991839640575052 0.11000076801528812 -0.025077349221075681 0.18890487322424027 0.015979502785055884 0.29105273958547101
decision_type=2 2 2 2 2 2
left_child=2 -2 3 5 -4 -1
right_child=1 -3 4 -5 -6 -7
leaf_value=-0.015846280782143028 0.031257906332650548 -0.014904768620669334 -0.0073230305999676107 0.014094600729956901 0.024536815987517634 0.0045038225802291314
leaf_weight=140.71415758132935 68.833103686571121 7.8135461658239356 4.5762273818254453 2.597381278872489 3.9178857356309891 5.071061745285987
leaf_count=592 192 32 17 9 12 19
internal_value=-0.000154733 0.0264206 -0.013224 -0.0145104 0.00840883 -0.0151126
internal_weight=233.523 76.6466 156.877 148.383 8.49411 145.785
internal_count=873 224 649 620 29 611
is_linear=0
shrinkage=0.02


Tree=42
num_leaves=7
num_cat=0
split_feature=34 38 10 2 41 47
split_gain=181.352 23.8153 21.8237 10.945 10.8668 11.2481
threshold=0.065505732971134489 0.065728768092275139 1.3509292658935401 0.29864165901290673 0.058930575209988019 0.0055123050795253476
decision_type=2 2 2 2 2 2
left_child=2 3 -1 -2 5 -4
right_child=1 -3 4 -5 -6 -7
leaf_value=-0.015089481033412113 -0.0084140799907414781 -0.010798184824364617 0.01776442068563645 0.023862698497683132 -0.010578624564741391 -0.013545907190046991
leaf_weight=151.75058215856552 3.9112803339958182 8.6965304911136609 17.646987617015842 102.31548309326172 16.12607678771019 5.2719191014766684
leaf_count=470 12 26 49 276 49 16
internal_value=0.000259372 0.0200077 -0.0116781 0.0226069 0.00162627 0.010297
internal_weight=305.719 114.923 190.796 106.227 39.045 22.9189
internal_count=898 314 584 288 114 65
is_linear=0
shrinkage=0.02


Tree=43
num_leaves=7
num_cat=0
split_feature=42 2 40 18 20 42
split_gain=222.444 46.4463 15.7875 10.5191 10.0795 5.22057
threshold=0.020474291534204814 0.28341924398625434 0.039237907562878906 -0.0091989236114220479 0.17798500548523466 -0.0052076279289635227
decision_type=2 2 2 2 8 2
left_child=2 3 5 -2 -4 -1
right_child=1 -3 4 -5 -6 -7
leaf_value=0.011498143113627379 0.024994686213942723 -0.017161607019065814 0.025737654033403695 -0.0075982874650592641 -0.0053978608772207509 -0.016319968410710314
leaf_weight=4.2662577927112579 12.991839528083803 165.28399688005447 95.407552987337112 4.9827711582183829 4.0171858668327323 4.5820938944816572
leaf_count=12 35 555 255 15 12 14
internal_value=-0.000429912 -0.0138362 0.02218 0.0160353 0.0244384 -0.00310178
internal_weight=291.532 183.259 108.273 17.9746 99.4247 8.84835
internal_count=898 605 293 50 267 26
is_linear=0
shrinkage=0.02


Tree=44
num_leaves=7
num_cat=0
split_feature=39 28 43 61 43 40
split_gain=210.418 22.7504 18.6352 5.43574 5.62577 7.47222
threshold=-0.0020364194990037036 -0.0067340594566934605 -0.0054815010343320916 0.11509363937421492 0.047867842815134766 0.12374766182202693
decision_type=2 2 2 2 2 2
left_child=1 -1 -2 -3 -5 -6
right_child=2 3 -4 4 5 -7
leaf_value=0.019522140062037296 -0.0023947938294915476 0.0048372431478723313 0.030454036342674521 -0.01601761038743316 0.020718704733500078 -0.013808812084992636
leaf_weight=7.4951803535222998 7.5055194795131674 5.2451099157333365 69.317533686757088 141.26430954039097 3.3379903435707075 4.9434000104665756
leaf_count=23 26 21 192 605 10 21
internal_value=0.00019245 -0.012707 0.0272552 -0.0143829 -0.0150846 0.000841064
internal_weight=239.109 162.286 76.8231 154.791 149.546 8.28139
internal_count=898 680 218 657 636 31
is_linear=0
shrinkage=0.02


Tree=45
num_leaves=7
num_cat=0
split_feature=20 14 6 30 38 14
split_gain=204.592 42.9994 13.3676 7.48668 5.96638 5.67862
threshold=0.11350661083040998 0.02229818588943178 266.1233678528709 -0.0041698717953985711 0.016796830096021332 -0.04128658979800013
decision_type=10 2 2 2 2 2
left_child=2 -2 5 -3 -4 -1
right_child=1 3 4 -5 -6 -7
leaf_value=6.8668854798180806e-05 0.023399076750687784 -0.017939299580742366 0.022067556155202221 0.0083658173960947137 -0.008151542683294993 -0.01631691832630195
leaf_weight=8.9224509596824628 111.25981053709984 12.183582425117494 4.845138877630232 5.7232820093631736 3.9951064586639404 159.38785797357559
leaf_count=26 301 38 13 16 12 502
internal_value=-0.000265415 0.0187953 -0.0141907 -0.00953402 0.00897032 -0.015453
internal_weight=306.317 129.167 177.151 17.9069 8.84025 168.31
internal_count=908 355 553 54 25 528
is_linear=0
shrinkage=0.02


Tree=46
num_leaves=7
num_cat=0
split_feature=42 2 40 27 42 17
split_gain=236.006 24.4438 24.4238 13.3165 7.38 2.93241
threshold=0.029851669877600743 0.25098425196850399 0.039237907562878906 -0.18331305126131189 -0.0052076279289635227 0.11072796934865901
decision_type=2 2 2 2 2 2
left_child=2 5 4 -4 -1 -2
right_child=1 -3 3 -5 -6 -7
leaf_value=0.012298138887541195 0.00023466090658945201 -0.017310501127331013 -0.014100686400492772 0.024685288441758355 -0.017398825826114874 0.022975260710996159
leaf_weight=4.6451091170310974 3.4824851453304273 158.77179527282715 3.0476292073726645 110.28725737333298 7.4502402544021589 5.6184885501861572
leaf_count=13 10 541 10 296 23 15
internal_value=-4.50905e-07 -0.0154709 0.0206634 0.0235281 -0.00592576 0.0151583
internal_weight=293.303 167.873 125.43 113.335 12.0953 9.10097
internal_count=908 566 342 306 36 25
is_linear=0
shrinkage=0.02


Tree=47
num_leaves=7
num_cat=0
split_feature=38 28 39 63 4 46
split_gain=215.603 27.2811 24.7155 7.46767 4.05716 7.20586
threshold=0.038991839640575052 0.15492383431228704 0.0015903194808773726 0.08371068538059627 0.0083000413280066142 0.010818527639084504
decision_type=2 2 2 2 2 2
left_child=2 -2 4 -4 5 -1
right_child=1 -3 3 -5 -6 -7
leaf_value=-0.014493395851009507 0.029969486232902135 -0.01395349508173549 -0.0087368735626663276 0.024885520161198608 -0.016065787118031742 0.018584159321601606
leaf_weight=5.938011631369589 75.071198970079422 5.5427501052618018 3.2032551914453489 7.6347612738609314 139.89116562902927 3.256554901599884
leaf_count=24 206 24 12 22 609 11
internal_value=0.000338247 0.0268155 -0.013092 0.0150496 -0.0152245 -0.00210415
internal_weight=240.538 80.6139 159.924 10.838 149.086 9.19457
internal_count=908 230 678 34 644 35
is_linear=0
shrinkage=0.02


Tree=48
num_leaves=7
num_cat=0
split_feature=28 14 14 28 54 10
split_gain=216.163 28.9305 10.5061 12.7663 6.97146 2.49369
threshold=0.14373778746385865 0.054005108208707749 -0.015798797077553214 0.062516793501303639 2.6536731634182913 2.016916535284297
decision_type=2 2 2 2 2 2
left_child=2 -2 3 -1 -5 -4
right_child=1 -3 5 4 -6 -7
leaf_value=-0.015303862185284603 0.023109219297474365 -0.012416749830921399 -0.016745673219347178 0.024468192148597915 -0.0051183193427291277 -0.00063258463321437411
leaf_weight=12.897033601999285 109.67707592248917 9.3807963430881482 150.57758274674416 6.6884429454803449 4.9392036199569702 4.0239945948123923
leaf_count=40 298 29 480 18 14 12
internal_value=-0.000560312 0.02023 -0.0144143 -0.002153 0.0124903 -0.016333
internal_weight=298.184 119.058 179.126 24.5247 11.6276 154.602
internal_count=891 327 564 72 32 492
is_linear=0
shrinkage=0.02


Tree=49
num_leaves=7
num_cat=0
split_feature=2 15 0 45 20 2
split_gain=181.273 40.6422 30.6931 13.5804 7.08179 6.52161
threshold=0.33715295966474595 0.040300263115127022 0.11077027948193593 -0.014505535977390226 0.15518521000347874 0.2440442427680091
decision_type=2 2 2 2 8 2
left_child=2 -2 5 -3 -4 -1
right_child=1 3 4 -5 -6 -7
leaf_value=0.01211019187745652 -0.016056724686520033 0.023122205985394953 0.024804032438670933 -0.012803122402593117 -0.00078010321586952449 -0.016804998100533559
leaf_weight=3.6269790530204764 153.2211945950985 14.801294863224031 95.110352963209152 5.0044223070144644 4.4689767658710471 9.37333697080612
leaf_count=10 526 40 255 16 13 31
internal_value=0.000256679 -0.0125716 0.01991 0.0138657 0.0236595 -0.00844912
internal_weight=285.607 173.027 112.58 19.8057 99.5793 13.0003
internal_count=891 582 309 56 268 41
is_linear=0
shrinkage=0.02


Tree=50
num_leaves=7
num_cat=0
split_feature=38 39 6 29 4 46
split_gain=196.006 24.5932 9.97215 9.38054 8.84597 9.27031
threshold=0.047234573437959435 -0.0020364194990037036 258.08493867030973 -1.0000000180025095e-35 0.0094788858939802347 0.010818527639084504
decision_type=2 2 2 2 2 2
left_child=1 4 -2 -3 5 -1
right_child=2 3 -4 -5 -6 -7
leaf_value=-0.014179682328768314 0.028614067556301328 0.026613666154028479 0.0010646131132943668 -0.0095274889802559777 -0.015824581605526213 0.020841734392254244
leaf_weight=5.1852014362812024 70.336328685283661 7.6807477474212646 5.7588004469871512 3.6651420146226865 136.57822935283184 4.9445729702711105
leaf_count=21 193 22 20 14 605 16
internal_value=0.000400047 -0.0122873 0.02657 0.0151127 -0.0144943 0.00325173
internal_weight=234.149 158.054 76.0951 11.3459 146.708 10.1298
internal_count=891 678 213 36 642 37
is_linear=0
shrinkage=0.02


Tree=51
num_leaves=7
num_cat=0
split_feature=28 12 6 41 41 0
split_gain=218.857 17.0591 7.23569 5.178 4.81854 3.9968
threshold=0.14042933558932616 38.746134982407519 266.1233678528709 -0.040310148951062517 0.043025477736190122 0.080540540540540564
decision_type=2 2 2 2 2 2
left_child=2 -2 3 -1 -4 -5
right_child=1 -3 4 5 -6 -7
leaf_value=0.00011669618140489854 -0.0087068728905064299 0.021966699190274025 0.016396965326563994 -0.0013491086686389278 -0.011557930792413221 -0.016680081503171532
leaf_weight=8.385551303625105 7.2096147537231436 118.18180325627327 4.3718343675136557 7.3104829192161551 3.6190094649791718 152.29372906684875
leaf_count=25 22 324 12 22 11 490
internal_value=4.68891e-05 0.0201481 -0.0143088 -0.0151907 0.00385899 -0.0159906
internal_weight=301.372 125.391 175.981 167.99 7.99084 159.604
internal_count=906 346 560 537 23 512
is_linear=0
shrinkage=0.02


Tree=52
num_leaves=7
num_cat=0
split_feature=42 2 43 15 40 34
split_gain=203.7 32.0337 19.1521 6.79688 6.51346 5.98691
threshold=0.027517227988483679 0.25098425196850399 -0.010313951986804777 0.070516206618957314 0.039237907562878906 0.044256717485111306
decision_type=2 2 2 2 2 2
left_child=2 -2 4 -3 5 -1
right_child=1 3 -4 -5 -6 -7
leaf_value=0.017067128032392555 0.017065166476173566 -0.016796465561753033 -0.0092338344409392831 0.0094610650550998286 0.023744863869739494 -0.014553986886358693
leaf_weight=4.7790052890777579 11.712676167488096 154.70557388663292 7.6909116208553305 3.4434211850166312 102.50278156995773 3.1389317512512207
leaf_count=13 32 541 24 10 276 10
internal_value=0.00020584 -0.0137908 0.0202818 -0.0161689 0.0224021 0.00430515
internal_weight=287.973 169.862 118.112 158.149 110.421 7.91794
internal_count=906 583 323 551 299 23
is_linear=0
shrinkage=0.02


Tree=53
num_leaves=7
num_cat=0
split_feature=39 28 46 43 28 47
split_gain=183.69 22.3329 19.985 16.8763 4.87332 2.84022
threshold=-0.002354647826760137 0.01558136130393316 0.012895622244921684 -0.0054815010343320916 0.089621336973133306 0.019143805788651345
decision_type=2 2 2 2 2 2
left_child=1 2 -1 -2 -5 -3
right_child=3 5 -4 4 -6 -7
leaf_value=-0.012818697223482931 -0.0052570573923927015 -0.015401879919895641 0.029199578885400902 0.028993208432403307 0.0016960338940743378 0.0053682505043045059
leaf_weight=7.9253236949443844 6.4032103419303885 140.58647529780865 8.3790339976549131 66.693321377038956 2.8547417819499961 2.226310431957244
leaf_count=33 23 628 24 180 10 8
internal_value=-0.000312029 -0.0125154 0.00921461 0.0250843 0.0279127 -0.015043
internal_weight=235.068 159.117 16.3044 75.9513 69.5481 142.813
internal_count=906 693 57 213 190 636
is_linear=0
shrinkage=0.02


Tree=54
num_leaves=7
num_cat=0
split_feature=20 15 40 7 34 34
split_gain=178.875 34.9552 8.42794 9.25536 5.70278 4.58022
threshold=0.11350661083040998 0.040300263115127022 0.037531013108545043 214.71511106060612 0.11594592651158799 -1.0000000180025095e-35
decision_type=10 2 2 2 2 2
left_child=2 5 3 -1 -3 -2
right_child=1 4 -4 -5 -6 -7
leaf_value=-0.011707739324003066 -0.0010544849531909936 -0.017479142178781184 -0.01532918187260327 0.018609365764642657 0.0093458031146869073 0.022014336464994792
leaf_weight=9.0588073134422284 3.4621250331401816 11.210266023874281 151.21206167340279 5.7186248004436484 3.5658054053783408 108.6459813117981
leaf_count=28 10 36 490 16 10 299
internal_value=-0.000298422 0.0175027 -0.0139292 0.00046037 -0.0108236 0.0212989
internal_weight=292.874 126.884 165.989 14.7774 14.7761 112.108
internal_count=889 355 534 44 46 309
is_linear=0
shrinkage=0.02


Tree=55
num_leaves=7
num_cat=0
split_feature=2 0 15 46 14 2
split_gain=165.389 39.1975 37.1987 8.56414 7.15242 6.0717
threshold=0.35319472616632869 0.11077027948193593 0.070516206618957314 -7.914769201365457e-05 -0.034922206013938813 0.24264069264069268
decision_type=2 2 2 2 2 2
left_child=1 5 3 4 -2 -1
right_child=2 -3 -4 -5 -6 -7
leaf_value=0.0093794992997824848 -0.015367480349463312 0.022099404810761905 0.020325107976436649 -0.017472037879377612 0.013150164349604856 -0.016946828957549672
leaf_weight=3.9921897947788265 5.5128125548362732 104.40574523806572 11.331386923789976 135.41998988389969 6.6502119898796064 12.620616197586058
leaf_count=11 19 284 31 482 19 43
internal_value=4.63448e-05 0.0175826 -0.0133345 -0.0160383 3.92027e-05 -0.0104471
internal_weight=279.933 121.019 158.914 147.583 12.163 16.6128
internal_count=889 338 551 520 38 54
is_linear=0
shrinkage=0.02


Tree=56
num_leaves=7
num_cat=0
split_feature=39 28 43 46 18 47
split_gain=169.231 25.671 17.8464 5.20207 5.1339 11.5282
threshold=-0.002354647826760137 -0.0035864892966065705 -0.0028562965119561311 0.017909558586859681 0.012406049935449805 0.0022523642417861646
decision_type=2 2 2 2 2 2
left_child=1 3 -2 -1 -3 -6
right_child=2 4 -4 -5 5 -7
leaf_value=-0.0033723403448238055 -0.0036304400484860892 -0.015655851588139317 0.027424216343174705 0.027490652530250528 -0.013361264031362494 0.016803022648917084
leaf_weight=2.7908132374286634 8.0261298269033414 120.20931965112686 69.527267158031464 6.5558497309684753 17.183792322874073 6.0793656855821601
leaf_count=10 28 547 189 18 76 21
internal_value=0.000322764 -0.0118757 0.024205 0.01884 -0.0139932 -0.00511078
internal_weight=230.373 152.819 77.5534 9.34666 143.472 23.2632
internal_count=889 672 217 28 644 97
is_linear=0
shrinkage=0.02


Tree=57
num_leaves=7
num_cat=0
split_feature=14 38 24 14 10 3
split_gain=161.237 26.1141 26.0703 15.6342 4.46536 4.21355
threshold=-0.028077456079759793 0.060501921201270674 0.45000000000000007 0.092290094437561046 2.016916535284297 0.26365441906653431
decision_type=2 2 10 2 2 2
left_child=1 -1 4 -4 5 -2
right_child=2 -3 3 -5 -6 -7
leaf_value=0.021625278878608972 -0.015851062602573369 -0.012531310213180543 0.019107174069221643 -0.016174122473740265 0.00260645566007687 0.0053649829769230771
leaf_weight=100.72724789381027 149.99040964245796 9.1751941144466382 15.182543545961382 6.4004160463809958 5.4669763743877402 3.3884566128253928
leaf_count=279 492 29 42 21 16 10
internal_value=-0.000312632 0.0186864 -0.0119245 0.00839161 -0.0147202 -0.0153506
internal_weight=290.331 109.902 180.429 21.583 158.846 153.379
internal_count=889 308 581 63 518 502
is_linear=0
shrinkage=0.02


Tree=58
num_leaves=7
num_cat=0
split_feature=30 14 46 14 34 40
split_gain=145.127 51.0527 22.2456 13.1138 11.347 5.21432
threshold=0.0065964947191711207 -0.010697654837773072 0.0034695073532156201 0.01389815008839178 0.021845597687218488 0.041876336578416794
decision_type=2 2 2 2 2 2
left_child=1 4 3 -2 -1 -3
right_child=2 5 -4 -5 -6 -7
leaf_value=0.011715024916766622 -0.012605885541593902 0.0035602054163111851 -0.016720436743772805 0.018767911324651731 -0.017047546715883738 0.022620099704081253
leaf_weight=6.7031119167804745 8.3038147091865557 6.5342413187026969 127.55586433410645 11.650156468152998 19.399129927158356 97.283958226442337
leaf_count=19 28 19 458 32 69 264
internal_value=-0.00013243 0.0152192 -0.0136649 0.00573324 -0.00950154 0.0214659
internal_weight=277.43 129.92 147.51 19.954 26.1022 103.818
internal_count=889 371 518 60 88 283
is_linear=0
shrinkage=0.02


Tree=59
num_leaves=7
num_cat=0
split_feature=38 39 28 20 28 61
split_gain=171.435 26.8185 10.7524 7.76397 7.39044 5.8109
threshold=0.048701672062630548 1.0000000180025095e-35 0.07978439301188657 0.087527082063021414 -0.0067340594566934605 0.1122546524475785
decision_type=2 2 2 10 2 2
left_child=1 4 -2 -3 -1 -6
right_child=2 3 -4 -5 5 -7
leaf_value=0.0099889348927874808 0.027129604080121009 0.023585236520257097 -0.0039063087773025936 -0.0090480067173889737 0.008341666421821119 -0.015521999451916161
leaf_weight=4.309906303882598 70.221511244773865 9.6997034698724729 4.5134830176830283 3.3956700861454001 3.6187237948179236 133.44614993035793
leaf_count=14 189 27 17 13 15 614
internal_value=0.000555818 -0.0114667 0.0252284 0.0150818 -0.0140145 -0.0148361
internal_weight=229.205 154.47 74.735 13.0954 141.375 137.065
internal_count=889 683 206 40 643 629
is_linear=0
shrinkage=0.02


Tree=60
num_leaves=7
num_cat=0
split_feature=28 14 14 38 70 63
split_gain=184.049 20.7482 11.5595 12.3514 4.66684 4.66807
threshold=0.14373778746385865 0.054005108208707749 -0.024657253961934047 0.060501921201270674 0.015750000000000004 0.071651514414896214
decision_type=2 2 2 2 2 2
left_child=2 -2 3 -1 5 -4
right_child=1 -3 4 -5 -6 -7
leaf_value=0.013556455472701139 0.021527225947826883 -0.012224056329837227 0.015021420630701523 -0.016836799056271102 -0.015821901294432509 -0.011159979586723417
leaf_weight=12.150782674551012 115.22373902797699 7.1497148871421805 3.4287354052066785 8.0191565155982953 133.15744888782501 6.0897994935512543
leaf_count=34 321 23 10 26 444 19
internal_value=0.00102563 0.0194722 -0.0128706 0.0012482 -0.0148614 -0.00119752
internal_weight=285.219 122.373 162.846 20.1699 142.676 9.51853
internal_count=877 344 533 60 473 29
is_linear=0
shrinkage=0.02


Tree=61
num_leaves=7
num_cat=0
split_feature=2 15 0 44 44 48
split_gain=150.787 40.372 26.7318 10.5666 9.01934 3.91693
threshold=0.32163382594417084 0.040300263115127022 0.11077027948193593 0.047143805763468986 -0.013899095143713179 0.0017679945913674883
decision_type=2 2 2 2 2 2
left_child=2 4 -1 -3 -2 -6
right_child=1 3 -4 -5 5 -7
leaf_value=-0.011930252386805743 0.0097333572529982575 0.021266512693328674 0.022345040194880865 -0.011783728491765804 -0.00026026559801588933 -0.017031556725033793
leaf_weight=9.4948673248290998 4.8700101077556601 16.025479406118396 89.581578373908997 4.3004252016544333 5.8317531943321219 140.08717915415764
leaf_count=31 14 44 244 14 19 511
internal_value=-0.000549874 -0.0118988 0.0189739 0.0140493 -0.0154661 -0.0163676
internal_weight=270.191 171.115 99.0764 20.3259 150.789 145.919
internal_count=877 602 275 58 544 530
is_linear=0
shrinkage=0.02


Tree=62
num_leaves=7
num_cat=0
split_feature=39 38 43 28 28 61
split_gain=159.324 19.533 14.2796 8.30087 7.46378 4.36797
threshold=-0.002354647826760137 0.054080530104933341 -0.0054815010343320916 0.11000076801528812 -0.0035864892966065705 0.1122546524475785
decision_type=2 2 2 2 2 2
left_child=1 4 -2 -3 -1 -6
right_child=2 3 -4 -5 5 -7
leaf_value=0.0097830983625213121 -0.0049294814813196607 0.026455274619820252 0.026192127437133356 -0.011953143783296719 0.0064803956579977621 -0.015718571910365159
leaf_weight=4.3257880061864844 6.1484539806842795 6.2331294119358045 66.119370549917221 2.5740296542644501 3.1328345835208884 132.26356245577335
leaf_count=14 22 17 179 11 13 621
internal_value=-0.000651195 -0.0124871 0.0235132 0.0151556 -0.0143249 -0.0151612
internal_weight=220.797 148.529 72.2678 8.80716 139.722 135.396
internal_count=877 676 201 28 648 634
is_linear=0
shrinkage=0.02


Tree=63
num_leaves=7
num_cat=0
split_feature=28 15 70 71 41 42
split_gain=183.874 26.2255 7.8204 5.1081 4.29573 4.81719
threshold=0.14042933558932616 0.062633350414234512 0.019583333333333338 0.34325000000000011 0.072033797474579178 -0.0052076279289635227
decision_type=2 2 2 2 2 2
left_child=2 -2 4 -4 5 -1
right_child=1 -3 3 -5 -6 -7
leaf_value=-0.01455224177697613 0.021509994896586088 -0.014661422721253372 -0.015392228171596054 0.0033054755343340132 -0.015900250777807205 0.0097355336298042081
leaf_weight=3.3829718530178097 115.47587591409683 7.9298401772975913 140.04718562960625 5.7623916566371909 4.9604571759700766 12.207160383462904
leaf_count=11 324 26 469 18 16 36
internal_value=0.000673455 0.0190865 -0.0130178 -0.0146358 -0.00139096 0.00390574
internal_weight=289.766 123.406 166.36 145.81 20.5506 15.5901
internal_count=900 350 550 487 63 47
is_linear=0
shrinkage=0.02


Tree=64
num_leaves=7
num_cat=0
split_feature=42 2 40 42 43 5
split_gain=179.426 24.4375 14.9992 8.33891 4.60147 4.41465
threshold=0.027517227988483679 0.25098425196850399 0.047697349166152515 -0.011731221736226738 -0.0046630900794287491 0.44832189168573616
decision_type=2 2 2 2 2 2
left_child=2 5 3 -1 -4 -2
right_child=1 -3 4 -5 -6 -7
leaf_value=0.016958230770022016 0.02176780614609013 -0.016180053490393857 0.022276070906994398 -0.01324539288572101 -0.00073743242010311006 -0.0041321254494382171
leaf_weight=5.1191196441650382 7.4205037951469404 152.96848374605179 93.638703465461731 8.0936406552791578 3.5423584580421439 3.4219679534435272
leaf_count=14 20 563 256 26 11 10
internal_value=-0.000864975 -0.0141143 0.0187456 -0.00117355 0.0214382 0.0139349
internal_weight=274.205 163.811 110.394 13.2128 97.1811 10.8425
internal_count=900 593 307 40 267 30
is_linear=0
shrinkage=0.02


Tree=65
num_leaves=7
num_cat=0
split_feature=38 28 39 61 71 63
split_gain=162.636 27.2109 14.1652 5.99096 6.54019 5.98788
threshold=0.038991839640575052 0.11000076801528812 0.0015903194808773726 0.11866162641228604 0.25358333333333338 0.08371068538059627
decision_type=2 2 2 2 2 2
left_child=2 -2 3 4 -1 -4
right_child=1 -3 5 -5 -6 -7
leaf_value=-0.012836131791973109 0.025626707629940969 -0.01430285555894149 -0.012178529409080579 -0.015243662077041142 0.022989622729979026 0.02024566053344409
leaf_weight=3.4409906119108191 76.694856151938438 6.8538462221622458 2.5072917342185956 128.50283043086529 2.8091184496879578 6.3962747156620026
leaf_count=15 207 31 10 609 10 18
internal_value=0.000185041 0.0222207 -0.0126956 -0.0143167 0.00421581 0.0108071
internal_weight=227.205 83.5487 143.657 134.753 6.25011 8.90357
internal_count=900 238 662 634 25 28
is_linear=0
shrinkage=0.02


Tree=66
num_leaves=7
num_cat=0
split_feature=28 14 40 14 70 71
split_gain=174.414 23.5308 9.85759 8.58557 4.93398 6.08329
threshold=0.14042933558932616 0.054005108208707749 0.077017442196986835 -0.024657253961934047 0.020833333333333339 0.3272500000000001
decision_type=2 2 2 2 2 2
left_child=2 -2 3 -1 -5 -6
right_child=1 -3 -4 4 5 -7
leaf_value=0.013979563218547753 0.020940912449861248 -0.01290376895838407 -0.016610343867931494 0.0075570483190930049 -0.01486280448830281 0.011123770689368744
leaf_weight=6.7176663875579825 105.69934287667274 8.2476227879524213 120.28019672632217 5.3656593263149253 29.999043881893158 3.3449121713638297
leaf_count=19 299 27 411 16 100 10
internal_value=-0.000555342 0.0184002 -0.0136221 -0.00552274 -0.00917398 -0.012008
internal_weight=279.654 113.947 165.707 45.4273 38.7096 33.344
internal_count=882 326 556 145 126 110
is_linear=0
shrinkage=0.02


Tree=67
num_leaves=7
num_cat=0
split_feature=42 2 43 14 40 23
split_gain=172.944 19.3755 18.4052 12.0468 5.41307 4.85206
threshold=0.032703867146465747 0.25098425196850399 -0.010313951986804777 -0.048234864968760983 0.039237907562878906 198.40647851351352
decision_type=2 2 2 2 2 10
left_child=2 -2 3 -1 5 -5
right_child=1 -3 -4 4 -6 -7
leaf_value=-0.014279688160794408 0.013973771660781984 -0.016210137639623406 -0.0098585308999740145 0.017814142673297978 0.022530829116297814 -0.011415963902379304
leaf_weight=3.2895039916038504 8.301165431737898 142.48815360665321 8.2901763021945936 3.6606345772743216 97.28202411532402 3.4919700026512146
leaf_count=11 23 533 27 10 267 11
internal_value=-0.000383528 -0.0144674 0.0178891 0.0200955 0.0213034 0.00389385
internal_weight=266.804 150.789 116.014 107.724 104.435 7.1526
internal_count=882 556 326 299 288 21
is_linear=0
shrinkage=0.02


Tree=68
num_leaves=7
num_cat=0
split_feature=39 43 20 27 17 20
split_gain=157.803 17.4063 11.3957 5.38538 4.62388 10.5417
threshold=-0.0079331356917668166 -0.0054815010343320916 0.0073338683375873065 -0.16130372238092031 0.086785347483738465 0.092358464888138564
decision_type=2 2 8 2 2 10
left_child=2 -2 -1 -3 5 -4
right_child=1 3 4 -5 -6 -7
leaf_value=0.01352985876109038 -0.0053471512824693757 -0.002672184224532121 0.017067165919522218 0.025758001222885425 -0.014976225261750194 -0.014693715557948435
leaf_weight=5.7457763105630875 8.1089371591806394 2.5747684091329566 5.5980402380228069 76.63537809252739 113.71983771026134 10.481969013810156
leaf_count=18 31 10 19 206 548 50
internal_value=0.00115502 0.0219825 -0.0123248 0.0248121 -0.013564 -0.00328471
internal_weight=222.865 87.3191 135.546 79.2101 129.8 16.08
internal_count=882 247 635 216 617 69
is_linear=0
shrinkage=0.02


Tree=69
num_leaves=7
num_cat=0
split_feature=28 14 40 28 70 42
split_gain=171.129 25.9796 10.2797 9.51359 8.66495 8.47508
threshold=0.14042933558932616 0.054005108208707749 0.077017442196986835 0.08120417182156793 0.02016666666666667 -1.0000000180025095e-35
decision_type=2 2 2 2 2 2
left_child=2 -2 3 4 -1 -5
right_child=1 -3 -4 5 -6 -7
leaf_value=0.0096272872887073393 0.020906411783072607 -0.013224027885419015 -0.016423259264797426 -0.01359033248966442 -0.01425397540696146 0.023191051828080799
leaf_weight=6.7850710451602927 108.66965293884277 9.045663118362425 117.53759932518005 2.9323535859584808 30.446496546268463 6.6625321209430677
leaf_count=20 310 30 407 10 102 18
internal_value=-0.000126633 0.0181944 -0.0132786 -0.00520692 -0.00976388 0.0117283
internal_weight=282.079 117.715 164.364 46.8265 37.2316 9.59489
internal_count=897 340 557 150 122 28
is_linear=0
shrinkage=0.02


Tree=70
num_leaves=7
num_cat=0
split_feature=42 2 14 40 42 46
split_gain=177.956 19.1749 16.1167 8.96037 6.23308 3.21184
threshold=0.028797711331442395 0.25098425196850399 -0.04128658979800013 0.039237907562878906 -0.0052076279289635227 -8.800730663140645e-05
decision_type=2 2 2 2 2 2
left_child=2 -2 -1 4 -4 -3
right_child=1 5 3 -5 -6 -7
leaf_value=-0.012997999281993342 0.01293313613023178 -0.0025384564495009006 0.015784086014476003 0.021616363874338629 -0.015762297751833878 -0.016812835681184451
leaf_weight=5.5781998038291922 8.95911857485771 7.0156555622816077 3.9271523654460907 102.65512651205063 4.0973171889781934 136.66566790640354
leaf_count=19 25 23 11 284 13 522
internal_value=-0.00019832 -0.0143588 0.0183576 0.0200401 -0.000285317 -0.0161382
internal_weight=268.898 152.64 116.258 110.68 8.02447 143.681
internal_count=897 570 327 308 24 545
is_linear=0
shrinkage=0.02


Tree=71
num_leaves=7
num_cat=0
split_feature=38 39 43 4 46 20
split_gain=154.225 22.3838 9.21248 7.99123 9.97813 6.22635
threshold=0.047234573437959435 0.0015903194808773726 -0.037566724655296049 0.0094788858939802347 0.010818527639084504 0.088773210635726324
decision_type=2 2 2 2 2 10
left_child=1 3 -2 4 -1 -3
right_child=2 5 -4 -5 -6 -7
leaf_value=-0.014369827266397106 -0.012075082795711112 0.022582609005254661 0.024721178347774497 -0.01532095857274971 0.019812143815137281 -0.0082502596942624091
leaf_weight=6.2830565422773343 2.2607877254486075 8.4062719494104368 73.087643548846245 123.33511763811111 5.4426676332950592 3.0311199724674216
leaf_count=27 9 23 199 610 17 12
internal_value=0.000401054 -0.0115445 0.0234734 -0.0138317 0.00180632 0.014405
internal_weight=221.847 146.498 75.3484 135.061 11.7257 11.4374
internal_count=897 689 208 654 44 35
is_linear=0
shrinkage=0.02


Tree=72
num_leaves=7
num_cat=0
split_feature=28 15 40 28 9 39
split_gain=165.025 24.1282 9.00717 10.3518 4.56528 3.86336
threshold=0.14042933558932616 0.062633350414234512 0.07407757091967207 0.094529692400577833 96.586656734693904 -0.021015658505091375
decision_type=2 2 2 2 2 2
left_child=2 -2 3 4 5 -1
right_child=1 -3 -4 -5 -6 -7
leaf_value=0.0032778214532791223 0.020469880694509304 -0.014568432576868753 -0.015896347393500175 0.01737583510828284 0.010822817040049511 -0.014394286765872479
leaf_weight=5.5894921123981467 107.98645111918449 7.7776184082031241 120.2370294034481 6.0483658015727988 3.3540660738944998 27.516693979501724
leaf_count=17 311 26 422 17 10 93
internal_value=-0.000155437 0.0180112 -0.0131088 -0.00504001 -0.00912314 -0.011402
internal_weight=278.51 115.764 162.746 42.5086 36.4603 33.1062
internal_count=896 337 559 137 120 110
is_linear=0
shrinkage=0.02


Tree=73
num_leaves=7
num_cat=0
split_feature=42 2 40 42 6 18
split_gain=166.177 20.9121 19.1375 7.81105 4.18421 3.74836
threshold=0.029851669877600743 0.25789823744595947 0.039237907562878906 -0.011731221736226738 261.50660861378213 -0.031776089552187158
decision_type=2 2 2 2 2 2
left_child=2 5 3 -1 -4 -2
right_child=1 -3 4 -5 -6 -7
leaf_value=0.015021145067826085 0.020873675160457173 -0.015957841251388046 0.021144492704250655 -0.015140998827848954 -0.0020743967177091704 -0.0037300115555038847
leaf_weight=4.3520754277706137 6.6292669177055359 136.77894505858421 103.85989993810654 8.7698848843574506 3.0236144065856925 3.2716432809829694
leaf_count=12 18 527 290 29 10 10
internal_value=0.000321252 -0.0139175 0.0176962 -0.00478202 0.0204745 0.0131473
internal_weight=266.685 146.68 120.005 13.122 106.884 9.90091
internal_count=896 555 341 41 300 28
is_linear=0
shrinkage=0.02


Tree=74
num_leaves=7
num_cat=0
split_feature=39 42 38 28 7 4
split_gain=147.208 17.8128 12.4655 10.4332 6.68003 4.58433
threshold=-0.0079331356917668166 0.040571581330930875 0.054080530104933341 0.12162145305831326 279.57047169117652 0.0083000413280066142
decision_type=2 2 2 2 2 2
left_child=2 -2 5 -3 -4 -1
right_child=1 3 4 -5 -6 -7
leaf_value=0.00064876960130772529 -0.0084582471870858801 0.024945535889554948 0.023350793925085302 -0.011890604838513926 -0.011835820186237569 -0.015419692814072648
leaf_weight=7.4592743068933478 7.1702944338321677 72.933545187115669 4.832540124654769 2.6495707482099524 2.6498719453811646 120.45776246488094
leaf_count=29 29 196 13 12 12 605
internal_value=-0.000194148 0.0206775 -0.0130085 0.0235158 0.0109633 -0.0144849
internal_weight=218.153 82.7534 135.399 75.5831 7.48241 127.917
internal_count=896 237 659 208 25 634
is_linear=0
shrinkage=0.02


Tree=75
num_leaves=7
num_cat=0
split_feature=28 15 41 2 6 11
split_gain=163.257 21.3348 10.6522 5.23115 4.79059 2.57001
threshold=0.14153396847183222 0.062633350414234512 -0.033587238977053326 0.43550596985711493 266.1233678528709 -2.3493647903911885
decision_type=2 2 2 2 2 2
left_child=2 -2 3 -1 5 -4
right_child=1 -3 4 -5 -6 -7
leaf_value=-0.0091709740452643306 0.020295827037738714 -0.014021501376664426 0.00091005164586099657 0.017360174556571045 0.0025660215172528702 -0.015750876663303024
leaf_weight=4.444401800632475 107.42931893467903 7.0818834304809561 3.6961317956447592 5.7832620143890381 5.9829994440078726 137.37317836284637
leaf_count=15 312 24 12 16 18 487
internal_value=-7.82983e-06 0.0180705 -0.0132012 0.00604116 -0.0145712 -0.015311
internal_weight=271.791 114.511 157.28 10.2277 147.052 141.069
internal_count=884 336 548 31 517 499
is_linear=0
shrinkage=0.02


Tree=76
num_leaves=7
num_cat=0
split_feature=42 2 14 40 42 15
split_gain=158.788 24.6062 16.2286 10.4398 4.27221 2.97909
threshold=0.028797711331442395 0.25789823744595947 -0.04128658979800013 0.039237907562878906 -0.0052076279289635227 0.057101826566892798
decision_type=2 2 2 2 2 2
left_child=2 -2 -1 4 -4 -3
right_child=1 5 3 -5 -6 -7
leaf_value=-0.015033996863445465 0.014591613212221549 -0.016431985891411583 0.011396675347633443 0.020989773868998786 -0.015514520641713171 0.0024228189700095859
leaf_weight=5.0718147456645957 10.66453894972801 130.80016180872917 3.5156933665275574 102.70757669210434 3.9929870665073386 3.1932182610034934
leaf_count=18 30 515 10 288 13 10
internal_value=0.000284122 -0.0136304 0.0177105 0.0193389 -0.00305569 -0.015968
internal_weight=259.946 144.658 115.288 110.216 7.50868 133.993
internal_count=884 555 329 311 23 525
is_linear=0
shrinkage=0.02


Tree=77
num_leaves=7
num_cat=0
split_feature=39 46 4 49 29 66
split_gain=132.648 17.5447 14.159 9.70775 4.67853 1.81862
threshold=-0.0079331356917668166 0.0083438431466148748 0.013986697965571207 0.0062815320458183528 0.015990974738232747 -1.9313587016727594
decision_type=2 2 2 2 2 2
left_child=2 5 3 -1 -3 -2
right_child=1 4 -4 -5 -6 -7
leaf_value=-0.0087632486143450414 0.0040569880970117997 0.024185631323138227 -0.014789780392037917 0.022181930658255588 -0.0006488274637720411 -0.0141590387934607
leaf_weight=7.8849058747291547 2.9195363223552704 68.200224801898003 118.39781995117664 6.5730859041213989 3.1195672005414954 4.8719960898160926
leaf_count=33 10 185 603 20 12 21
internal_value=-0.000338102 0.0200189 -0.012519 0.00583032 0.0231054 -0.0076483
internal_weight=211.967 79.1113 132.856 14.458 71.3198 7.79153
internal_count=884 228 656 53 197 31
is_linear=0
shrinkage=0.02


Tree=78
num_leaves=7
num_cat=0
split_feature=28 15 40 70 28 14
split_gain=147.786 21.0757 12.1494 6.93682 5.91675 5.48951
threshold=0.14042933558932616 0.043369965740664443 0.077017442196986835 0.029416666666666671 0.051368027974719351 0.045155598187181727
decision_type=2 2 2 2 2 2
left_child=2 -2 3 -1 -5 -6
right_child=1 -3 -4 4 5 -7
leaf_value=0.0070239947963419511 0.020123000966726624 -0.0099168089644232002 -0.016023812238731443 -0.015193003090393455 0.016595330863152333 -0.013587679240657348
leaf_weight=15.436659961938856 102.17488250136375 9.6785310506820661 112.22829809784889 19.096628785133365 4.908004164695738 3.1321556568145752
leaf_count=47 300 32 405 67 14 11
internal_value=2.9755e-05 0.0174589 -0.012595 -0.00339606 -0.00936245 0.00463475
internal_weight=266.655 111.853 154.802 42.5734 27.1368 8.04016
internal_count=876 332 544 139 92 25
is_linear=0
shrinkage=0.02


Tree=79
num_leaves=7
num_cat=0
split_feature=2 17 44 2 14 14
split_gain=119.442 36.0306 26.9959 12.1771 7.03232 2.28549
threshold=0.36491677336747769 0.10432213930348259 -0.0070301425343186471 0.24264069264069268 -0.034922206013938813 0.0028654182433391216
decision_type=2 2 2 2 2 2
left_child=1 3 4 5 -2 -1
right_child=2 -3 -4 -5 -6 -7
leaf_value=0.00031597683570581763 -0.013032255565749083 0.020673519848697156 -0.015779867904324653 -0.014579342734683261 0.01810107155055287 0.019720657353473819
leaf_weight=3.9423984289169329 2.9196887463331231 92.169353857636452 120.0191368162632 18.055251553654671 12.478702783584591 5.460859090089798
leaf_count=11 11 261 478 65 35 15
internal_value=0.000236404 0.0147337 -0.0125847 -0.00523003 0.0117631 0.0123975
internal_weight=255.045 119.628 135.418 27.4585 15.3984 9.40326
internal_count=876 352 524 91 46 26
is_linear=0
shrinkage=0.02


Tree=80
num_leaves=7
num_cat=0
split_feature=39 28 46 29 46 47
split_gain=129.39 16.5273 11.1253 3.91664 3.67464 3.09007
threshold=-0.002354647826760137 -0.0035864892966065705 0.0083438431466148748 0.030925521254417627 0.01738987986134179 0.0022523642417861646
decision_type=2 2 2 2 2 2
left_child=1 4 -2 -4 -1 -3
right_child=2 5 3 -5 -6 -7
leaf_value=-0.0035181555259086441 -0.0030455632432921102 -0.015119090622199238 0.024294807720616176 0.0018957812315313644 0.023337269811680619 -0.006146271697632274
leaf_weight=2.6918184608221045 6.9057921916246405 106.61005647480488 63.746675476431847 3.4667200297117224 5.1753315627574921 20.159712195396423
leaf_count=10 24 549 172 12 14 95
internal_value=-0.000326542 -0.0119871 0.0207324 0.0231842 0.014788 -0.0137514
internal_weight=208.756 134.637 74.1192 67.2134 7.86715 126.77
internal_count=876 668 208 184 24 644
is_linear=0
shrinkage=0.02


Tree=81
num_leaves=7
num_cat=0
split_feature=20 14 70 14 43 34
split_gain=143.061 26.6927 5.90401 4.67438 6.5741 3.09881
threshold=0.11718930288527453 0.054005108208707749 0.016250000000000004 -0.030161374076849403 0.012605423644503748 0.0170653230561915
decision_type=8 2 2 2 2 2
left_child=2 5 -1 4 -4 -2
right_child=1 -3 3 -5 -6 -7
leaf_value=0.0011425372195494991 0.0026633594976729173 -0.013461217850068305 0.014815088103657342 -0.015290540208214605 -0.013642448730715257 0.019940695090090232
leaf_weight=10.633463740348814 4.6739328503608695 10.319264739751814 4.638079494237898 128.27445995807648 6.6759547591209412 102.1624647974968
leaf_count=33 14 36 13 468 23 303
internal_value=-0.000241089 0.0162487 -0.0131236 -0.0142107 -0.00172081 0.0192165
internal_weight=267.378 117.156 150.222 139.588 11.314 106.836
internal_count=890 353 537 504 36 317
is_linear=0
shrinkage=0.02


Tree=82
num_leaves=7
num_cat=0
split_feature=42 14 14 40 46 40
split_gain=148.084 16.0569 16.042 10.6815 5.13004 9.59118
threshold=0.032703867146465747 -0.030161374076849403 0.12440599675839793 0.041333245722011837 0.0054817897189254339 0.12799725055675934
decision_type=2 2 2 2 2 2
left_child=1 -1 4 -3 5 -2
right_child=2 3 -4 -5 -6 -7
leaf_value=-0.011515503024579059 -0.015042704521927358 -0.0028337137399852253 0.017202033644504719 0.020594105235730697 -0.016473244146922816 0.013953771958926206
leaf_weight=6.8136281818151465 11.471636906266214 8.1892739087343198 5.6941386163234702 100.06681776046753 117.11864168941975 6.255360171198844
leaf_count=24 43 25 16 285 478 19
internal_value=0.000188423 0.0169326 -0.013544 0.0188121 -0.0149594 -0.00461193
internal_weight=255.609 115.07 140.54 108.256 134.846 17.727
internal_count=890 334 556 310 540 62
is_linear=0
shrinkage=0.02


Tree=83
num_leaves=7
num_cat=0
split_feature=39 28 38 42 28 3
split_gain=132.981 14.4583 12.4895 11.0739 5.52499 3.38862
threshold=-0.0074109369742668399 0.12162145305831326 0.054080530104933341 0.022410119833081988 0.11000076801528812 0.014978761457634699
decision_type=2 2 2 2 2 2
left_child=2 3 5 -2 -4 -1
right_child=1 -3 4 -5 -6 -7
leaf_value=0.0022868065112966636 -0.0095385805310331338 -0.013204001784535114 0.022797511894214605 0.023781135945222746 -0.011068599903802332 -0.014631698078781896
leaf_weight=4.6706425100564948 3.7045912295579901 4.3079989701509467 4.8146554231643668 72.868538707494736 2.1506342589855194 117.64775924384594
leaf_count=18 15 20 13 197 10 617
internal_value=7.74364e-05 0.02005 -0.0124756 0.022067 0.012264 -0.0139724
internal_weight=210.165 80.8811 129.284 76.5731 6.96529 122.318
internal_count=890 232 658 212 23 635
is_linear=0
shrinkage=0.02


Tree=84
num_leaves=7
num_cat=0
split_feature=24 42 40 29 31 40
split_gain=127.012 22.366 6.52457 8.45462 5.78866 3.54471
threshold=0.29166666666666669 0.005319536806507306 0.07407757091967207 0.010039552372915999 -0.042667951082294896 0.086018221439929557
decision_type=10 2 2 2 2 2
left_child=2 5 3 4 -1 -2
right_child=1 -3 -4 -5 -6 -7
leaf_value=0.011784071446284149 0.0057504031103280031 0.018665642479975156 -0.014851691106356124 0.014815900867770697 -0.012498275543593488 -0.015697908886684903
leaf_weight=3.7487208545208004 3.9041899144649497 99.488149017095566 113.87603962421417 6.1569853723049155 27.445476114749908 8.6285971701145154
leaf_count=11 12 299 421 18 95 32
internal_value=-0.00055591 0.015508 -0.0124789 -0.00504608 -0.00930479 -0.00908518
internal_weight=263.248 112.021 151.227 37.3512 31.1942 12.5328
internal_count=888 343 545 124 106 44
is_linear=0
shrinkage=0.02


Tree=85
num_leaves=7
num_cat=0
split_feature=42 2 14 43 14 47
split_gain=148.563 26.9558 7.94029 4.10366 2.93128 1.59461
threshold=0.021365249033499237 0.24849397590361447 -0.028077456079759793 -0.01284433322148811 0.11600082557098222 -0.0074052089503264112
decision_type=2 2 2 2 2 2
left_child=2 -2 -1 -4 5 -3
right_child=1 4 3 -5 -6 -7
leaf_value=-0.0050836376171576082 0.01782833986358396 -0.0079188411941135493 0.020287930065520727 -0.00032420927757361063 0.004651795478685967 -0.016197535296355182
leaf_weight=5.1637467890977851 9.9341345727443677 13.253205642104147 96.822444647550583 3.9899269938468924 2.5500755310058585 120.92457880079746
leaf_count=17 28 49 278 12 8 496
internal_value=0.000297148 -0.0127067 0.0182439 0.019477 -0.0150386 -0.0154445
internal_weight=252.638 146.662 105.976 100.812 136.728 134.178
internal_count=888 581 307 290 553 545
is_linear=0
shrinkage=0.02


Tree=86
num_leaves=7
num_cat=0
split_feature=38 39 20 20 43 17
split_gain=126.246 15.4219 13.5536 6.88945 6.3169 4.06881
threshold=0.038991839640575052 0.0015903194808773726 0.11499476363466875 0.083815934912977827 -0.0054815010343320916 0.086785347483738465
decision_type=2 2 10 10 2 2
left_child=1 5 4 -3 -2 -1
right_child=2 3 -4 -5 -6 -7
leaf_value=-0.003894762916649315 -0.0029125494509073674 0.022638538281578927 -0.010521291242206188 -0.0094134427573073342 0.023528153204827984 -0.015179459268697015
leaf_weight=15.488189697265623 3.5878688395023337 6.3447394371032697 4.84932056069374 3.5200127065181732 70.637351647019386 104.3112069517374
leaf_count=71 12 17 24 14 192 558
internal_value=0.000341045 -0.0117787 0.0201136 0.0113878 0.0222283 -0.0137648
internal_weight=208.739 129.664 79.0745 9.86475 74.2252 119.799
internal_count=888 660 228 31 204 629
is_linear=0
shrinkage=0.02


Tree=87
num_leaves=7
num_cat=0
split_feature=20 14 40 20 70 14
split_gain=127.817 22.9201 10.5625 8.66868 5.60557 4.95345
threshold=0.12089720408203651 0.027731579531057305 0.07407757091967207 0.081760024571854981 0.02841666666666667 -0.052886987210230309
decision_type=10 2 2 10 2 2
left_child=2 -2 3 4 -1 -4
right_child=1 -3 5 -5 -6 -7
leaf_value=0.0036372487623065526 0.019762421268972624 -0.0095618652640810809 0.0031168086045587195 0.012741661514226532 -0.014063243627625689 -0.015385166161007151
leaf_weight=10.572154730558397 99.588859617710114 11.329636022448538 5.7882372736930838 10.175109028816221 19.122746080160141 108.14013822376728
leaf_count=33 302 39 18 30 69 407
internal_value=0.000427119 0.0167085 -0.011347 -0.00241034 -0.00784822 -0.0144262
internal_weight=264.717 110.918 153.798 39.87 29.6949 113.928
internal_count=898 341 557 132 102 425
is_linear=0
shrinkage=0.02


Tree=88
num_leaves=7
num_cat=0
split_feature=44 14 14 38 16 46
split_gain=109.639 31.6699 14.8534 10.1937 7.74767 9.78677
threshold=0.0086193203622938735 0.077058241601184019 -0.030161374076849403 0.037625880142608585 -0.059635965077960811 0.0068340421444153731
decision_type=2 2 2 2 2 2
left_child=2 4 -1 -3 5 -2
right_child=1 3 -4 -5 -6 -7
leaf_value=-0.010922428687592136 0.01715669256167501 0.018591155740355244 0.01866912816573647 -0.011488241540025668 -0.01585832364838112 -0.014971907730601166
leaf_weight=6.7057522386312476 6.1975299566984159 16.748093664646152 88.047516480088234 5.2813230603933325 121.31930203735828 7.0164131373167038
leaf_count=26 18 48 256 21 501 28
internal_value=-0.000397296 -0.010653 0.0164827 0.0111942 -0.0142866 0.000243761
internal_weight=251.316 156.563 94.7533 22.0294 134.533 13.2139
internal_count=898 616 282 69 547 46
is_linear=0
shrinkage=0.02


Tree=89
num_leaves=7
num_cat=0
split_feature=38 28 39 61 28 71
split_gain=126.134 15.9725 11.7971 6.73121 6.02284 4.95079
threshold=0.038991839640575052 0.11000076801528812 0.0015903194808773726 0.11866162641228604 0.062516793501303639 0.25416666666666671
decision_type=2 2 2 2 2 2
left_child=2 -2 3 5 -4 -1
right_child=1 -3 4 -5 -6 -7
leaf_value=-0.011423471475357248 0.02255803799195092 -0.010908452781168655 0.018545891302889948 -0.014750415298954569 -0.012557045314541569 0.022006804823024383
leaf_weight=2.4287928193807593 71.705008745193481 5.6084801554679862 6.5529526472091657 115.47515867650509 2.8787662833929062 2.8448360711336136
leaf_count=12 197 27 18 622 12 10
internal_value=-6.35446e-05 0.020022 -0.0120539 -0.0137382 0.0087589 0.00724363
internal_weight=207.494 77.3135 130.181 120.749 9.43172 5.27363
internal_count=898 224 674 644 30 22
is_linear=0
shrinkage=0.02


Tree=90
num_leaves=7
num_cat=0
split_feature=20 15 40 43 42 20
split_gain=120.423 26.2718 8.1591 7.83973 15.8899 3.50822
threshold=0.11350661083040998 0.040300263115127022 0.07407757091967207 0.0011485658930781991 -0.0052076279289635227 0.22584856574211939
decision_type=10 2 2 2 2 10
left_child=2 -2 3 4 -1 -3
right_child=1 5 -4 -5 -6 -7
leaf_value=-0.015870354214370077 0.018614846295340423 -0.016207328683775543 -0.014934064864883981 -0.013868621533886166 0.017940041039854339 0.0066243635397427612
leaf_weight=8.5299560129642504 100.04780009388924 10.056260317564009 109.54593446850777 16.633275955915451 12.427881956100462 2.9422763586044303
leaf_count=31 307 37 417 60 36 9
internal_value=-0.000298199 0.015151 -0.01219 -0.00401378 0.00408296 -0.0109352
internal_weight=260.183 113.046 147.137 37.5911 20.9578 12.9985
internal_count=897 353 544 127 67 46
is_linear=0
shrinkage=0.02


Tree=91
num_leaves=7
num_cat=0
split_feature=2 44 1 14 43 43
split_gain=109.943 28.7796 18.479 9.87408 6.90909 4.12208
threshold=0.33454987834549882 0.0023235042169784188 0.28162176945166145 0.017937086023635297 0.00068640663802556356 -0.059526207668356097
decision_type=2 2 2 2 2 2
left_child=2 3 -1 -2 -4 -3
right_child=1 5 4 -5 -6 -7
leaf_value=-0.0096248288374837926 -0.0071292424551884885 -0.0010578346933976396 0.019732485712118979 0.019631204127016876 -0.0033199538267677034 -0.015760086670885715
leaf_weight=9.7772178351879102 8.1532644629478472 8.3298990130424482 90.127773463726044 13.71622985601425 5.233303189277648 114.01943501830101
leaf_count=35 29 31 264 39 18 481
internal_value=0.000298813 -0.0110106 0.0157696 0.00977903 0.0184461 -0.0147758
internal_weight=249.357 144.219 105.138 21.8695 95.3611 122.349
internal_count=897 580 317 68 282 512
is_linear=0
shrinkage=0.02


Tree=92
num_leaves=7
num_cat=0
split_feature=38 24 17 27 42 18
split_gain=121.871 10.1833 8.56737 8.61241 6.4456 4.1604
threshold=0.038991839640575052 0.55000000000000016 0.083683473389355764 -0.041906812984818957 0.035535050704177 0.067741848459074647
decision_type=2 10 2 2 2 2
left_child=2 4 3 -1 -2 -4
right_child=1 -3 5 -5 -6 -7
leaf_value=-0.0099955944942258703 -0.0052842956888680386 -0.011933373007187236 -0.01455477267795199 0.017890194824508238 0.022437400947540345 0.0094429561528748193
leaf_weight=9.8844798207283038 3.1594473123550406 3.2894298881292334 108.55521664023399 6.4781133681535712 70.952214166522026 2.3235472440719596
leaf_count=48 11 18 595 20 196 9
internal_value=1.49505e-05 0.0196586 -0.0119944 0.00143919 0.021201 -0.013972
internal_weight=204.642 77.4011 127.241 16.3626 74.1117 110.879
internal_count=897 225 672 68 207 604
is_linear=0
shrinkage=0.02


Tree=93
num_leaves=7
num_cat=0
split_feature=28 14 7 8 14 32
split_gain=132.929 19.8171 6.0941 4.16053 4.16999 2.56169
threshold=0.14042933558932616 0.054005108208707749 636.03416021352996 0.91219187497074949 -1.0000000180025095e-35 0.10417188298193129
decision_type=2 2 2 2 2 2
left_child=2 -2 3 5 -5 -1
right_child=1 -3 -4 4 -6 -7
leaf_value=-0.014348786571695589 0.018977890557555829 -0.011113218984921227 0.011313309499322483 0.014506645293886906 -0.013052815880961483 -0.0012344777735975687
leaf_weight=134.4895890802145 100.35985279083252 8.9374042153358442 3.5044158697128287 3.7418712377548218 3.1057937741279593 6.4386820644140235
leaf_count=510 311 32 10 11 12 23
internal_value=-0.000282815 0.0164388 -0.0123925 -0.013027 0.00193643 -0.0137625
internal_weight=260.578 109.297 151.28 147.776 6.84767 140.928
internal_count=909 343 566 556 23 533
is_linear=0
shrinkage=0.02


Tree=94
num_leaves=7
num_cat=0
split_feature=42 2 40 14 42 48
split_gain=141.785 22.4585 6.08161 4.85401 4.6189 1.81714
threshold=0.020474291534204814 0.24849397590361447 0.046196865117441095 0.11253688710949407 -0.0052076279289635227 -0.00017542792166284619
decision_type=2 2 2 2 2 2
left_child=2 -2 4 5 -1 -3
right_child=1 3 -4 -5 -6 -7
leaf_value=0.011918749087954806 0.014652933402923216 -0.0027537330246048268 0.019478622577652111 0.0069441121900023261 -0.014450084430280272 -0.015884787044581211
leaf_weight=6.1863497495651245 10.398533195257185 4.8387787491083136 92.398557096719742 3.4569461196660987 3.2342683523893339 128.19868493080139
leaf_count=18 30 17 273 11 11 549
internal_value=-0.000106757 -0.012647 0.0179319 -0.0148182 0.00234792 -0.0154313
internal_weight=248.712 146.893 101.819 136.494 9.42062 133.037
internal_count=909 607 302 577 29 566
is_linear=0
shrinkage=0.02


Tree=95
num_leaves=7
num_cat=0
split_feature=39 28 28 42 42 38
split_gain=120.58 13.9477 13.8018 9.18943 5.31159 3.14962
threshold=-0.0074109369742668399 -1.0000000180025095e-35 0.11352590537522925 0.022410119833081988 0.032703867146465747 0.054080530104933341
decision_type=2 2 2 2 2 2
left_child=1 4 3 -2 -1 -3
right_child=2 5 -4 -5 -6 -7
leaf_value=-0.011161105936863069 -0.0068319559169318783 -0.014544455660677219 -0.013303129718538687 0.022418905133407323 0.020458514577085234 0.002423004858682389
leaf_weight=2.2720441818237287 4.119893565773963 110.461011916399 4.379846289753913 75.050960719585419 6.1887598037719727 4.2798489183187476
leaf_count=11 17 619 21 207 17 17
internal_value=0.000484407 -0.0120594 0.018905 0.0208305 0.0116852 -0.0138961
internal_weight=206.752 123.202 83.5507 79.1709 8.4608 114.741
internal_count=909 664 245 224 28 636
is_linear=0
shrinkage=0.02


Tree=96
num_leaves=7
num_cat=0
split_feature=27 40 38 42 15 31
split_gain=102.363 12.7003 9.0364 8.90979 7.19237 7.46702
threshold=-0.15044346387280261 0.07407757091967207 0.057463375336035953 -0.011731221736226738 0.062633350414234512 0.045292751786162183
decision_type=2 2 2 2 2 2
left_child=4 2 3 -2 5 -1
right_child=1 -3 -4 -5 -6 -7
leaf_value=0.01871868216808608 -0.011959516652470834 -0.013246099135999598 -0.014679823559311274 0.012059093865506951 -0.010658231636551399 -0.012303956832990555
leaf_weight=87.850485891103745 7.580727785825732 111.69656747579575 11.262834191322325 21.762471958994865 3.0908449590206137 2.5634089261293402
leaf_count=277 28 430 43 66 10 10
internal_value=0.000303014 -0.00979065 -0.000195712 0.00566431 0.0166734 0.0177142
internal_weight=245.807 152.303 40.606 29.3432 93.5047 90.4139
internal_count=864 567 137 94 297 287
is_linear=0
shrinkage=0.02


Tree=97
num_leaves=7
num_cat=0
split_feature=42 15 40 28 42 53
split_gain=122.308 17.6443 10.5367 5.81277 4.76762 4.15348
threshold=0.028797711331442395 0.070516206618957314 0.046196865117441095 0.22549849437095049 -0.0052076279289635227 0.10652778599751436
decision_type=2 2 2 2 2 2
left_child=2 5 4 -4 -1 -2
right_child=1 -3 3 -5 -6 -7
leaf_value=0.0091587538695580648 -8.8145118746499847e-05 0.015838725090726324 0.019134188040940331 -0.0083274454196449067 -0.01560591860569078 -0.015679468371616219
leaf_weight=5.6743694692850113 7.2686025500297538 7.2184394001960746 88.891491323709488 2.6637029349803916 4.8583416044712049 116.50479899346828
leaf_count=17 27 21 265 10 17 507
internal_value=-0.000229736 -0.0129779 0.016095 0.0182539 -0.00262695 -0.0147719
internal_weight=233.08 130.992 102.088 91.5552 10.5327 123.773
internal_count=864 555 309 275 34 534
is_linear=0
shrinkage=0.02


Tree=98
num_leaves=7
num_cat=0
split_feature=39 43 20 63 61 52
split_gain=107.75 15.4063 6.83522 5.69037 3.30235 3.46522
threshold=-0.0079331356917668166 -0.0054815010343320916 0.0073338683375873065 0.10548162774725277 0.12095088819226753 0.18827152718294957
decision_type=2 2 8 2 2 2
left_child=2 3 -1 -2 5 -4
right_child=1 -3 4 -5 -6 -7
leaf_value=0.0086822673357816165 -0.014413403046571049 0.02115612948411889 -0.01164673596151672 0.016348610708574029 -0.014283185693728757 0.016192716542701401
leaf_weight=5.1915706396102905 6.9816212207078916 68.513987556099892 2.7931097745895377 2.5031470060348511 103.91054517030716 2.3960627764463425
leaf_count=18 33 193 15 7 589 9
internal_value=-0.000108695 0.0178848 -0.0124371 -0.00550997 -0.0135118 0.00174727
internal_weight=192.29 77.9988 114.291 9.48477 109.1 5.18917
internal_count=864 233 631 40 613 24
is_linear=0
shrinkage=0.02


Tree=99
num_leaves=7
num_cat=0
split_feature=20 14 14 30 71 70
split_gain=107.379 28.3645 9.6507 8.17805 4.71806 3.86568
threshold=0.11350661083040998 0.054005108208707749 -0.025957329147263699 0.075385477357068728 0.34325000000000011 0.015250000000000001
decision_type=10 2 2 2 2 2
left_child=2 -2 3 -1 5 -4
right_child=1 -3 4 -5 -6 -7
leaf_value=0.012010668932167788 0.018086458901779887 -0.014538653264885229 -0.002040907177133745 -0.01479718825417062 0.0042785937460534801 -0.015340945775402331
leaf_weight=11.421543926000597 100.68535754084587 11.160328596830366 9.8702624142169935 6.2018416523933402 5.3409381508827201 107.3828102350235
leaf_count=34 319 43 32 24 18 429
internal_value=0.000186545 0.014731 -0.0114372 0.00228874 -0.0134129 -0.0142481
internal_weight=252.063 111.846 140.217 17.6234 122.594 117.253
internal_count=899 362 537 58 479 461
is_linear=0
shrinkage=0.02


Tree=100
num_leaves=7
num_cat=0
split_feature=15 44 44 28 31 48
split_gain=98.4804 36.1236 9.72641 7.73767 5.35482 4.89292
threshold=0.039504830860242299 0.006115950537361429 0.047143805763468986 0.16133876962762525 -0.003233655400709023 0.0059783218868738478
decision_type=2 2 2 2 2 2
left_child=1 3 -2 4 -1 -3
right_child=2 5 -4 -5 -6 -7
leaf_value=0.016719212650225381 0.019334282216815858 -0.0013778658071435614 -0.0089172700874114285 -0.013681422268210204 -0.005680666807305044 -0.015400812379538121
leaf_weight=23.720764562487602 76.218997091054916 11.113326162099836 4.6432133167982093 4.2700819671154013 4.6423187404871014 115.03345176577568
leaf_count=70 231 39 17 18 16 508
internal_value=-0.000215635 -0.00935376 0.0176229 0.00919204 0.0129843 -0.014186
internal_weight=239.642 158.78 80.8622 32.6332 28.3631 126.147
internal_count=899 651 248 104 86 547
is_linear=0
shrinkage=0.02


Tree=101
num_leaves=7
num_cat=0
split_feature=38 20 47 20 46 52
split_gain=109.004 10.6212 7.57547 15.6586 6.1996 2.58856
threshold=0.038991839640575052 0.14894089020665208 0.0040407287782345406 0.073376256371049581 0.0079147402953547753 0.3020948325710982
decision_type=2 10 2 10 2 2
left_child=2 4 5 -4 -2 -1
right_child=1 -3 3 -5 -6 -7
leaf_value=-0.014479905165034428 -0.0026719285663190763 -0.012151442946834755 0.02349119799744304 -0.012377342595353603 0.021501054268794475 0.0060904387705842536
leaf_weight=98.951497837901115 4.2944554090499869 3.6889212280511847 6.2790068984031704 13.702273115515707 69.500868245959282 1.99394892156124
leaf_count=565 15 21 18 76 196 8
internal_value=2.34852e-05 0.0184078 -0.0118107 -0.000523442 0.0200774 -0.0140178
internal_weight=198.411 77.4842 120.927 19.9813 73.7953 100.945
internal_count=899 232 667 94 211 573
is_linear=0
shrinkage=0.02


Tree=102
num_leaves=7
num_cat=0
split_feature=28 15 14 38 19 34
split_gain=120.864 14.3458 6.71668 7.69773 4.05954 3.75821
threshold=0.14373778746385865 0.062633350414234512 -0.024657253961934047 0.060501921201270674 -0.071712026890734679 0.10257474438671502
decision_type=2 2 2 2 2 2
left_child=2 -2 3 4 -1 -4
right_child=1 -3 5 -5 -6 -7
leaf_value=-0.0051531661612048644 0.018470845928850125 -0.012706195453086096 -0.013900977712481491 -0.015369852948808514 0.017488523896801219 0.0065548854021435848
leaf_weight=4.5093358159065255 96.590369135141373 5.6048728823661795 121.7929958999157 7.5175512582063666 7.34786680340767 3.1500042080879203
leaf_count=14 310 21 483 29 21 10
internal_value=0.000103436 0.0166544 -0.0116507 -0.000653366 0.00914673 -0.0133373
internal_weight=246.513 102.195 144.318 19.3748 11.8572 124.943
internal_count=888 331 557 64 35 493
is_linear=0
shrinkage=0.02


Tree=103
num_leaves=7
num_cat=0
split_feature=42 14 40 46 40 31
split_gain=120.2 15.7558 7.9902 6.37371 7.037 5.20538
threshold=0.020474291534204814 0.098794683996080004 0.041876336578416794 0.0056549705148071635 0.13342876825054348 -0.0086557612391530616
decision_type=2 2 2 2 2 2
left_child=2 3 -1 4 -2 -3
right_child=1 5 -4 -5 -6 -7
leaf_value=-0.00079147433376179491 -0.011732017200577361 0.018679230233706975 0.018560781791957626 -0.016024116591723963 0.013355840716874677 -0.011609692964647589
leaf_weight=9.3667021840810758 11.44584295153618 7.5399990677833557 86.592254936695099 109.94325931370258 6.0101462900638571 2.3249840289354307
leaf_count=30 46 22 264 497 19 10
internal_value=-0.000391344 -0.0123621 0.0166831 -0.0142536 -0.00283856 0.0111292
internal_weight=233.223 137.264 95.959 127.399 17.456 9.86498
internal_count=888 594 294 562 65 32
is_linear=0
shrinkage=0.02


Tree=104
num_leaves=7
num_cat=0
split_feature=31 29 29 42 42 49
split_gain=91.1023 14.0614 9.94943 9.18093 9.0053 4.78081
threshold=-0.011904703561279121 0.01355534738435653 -0.037443517601620062 0.0099345188642554916 0.066967435124401148 0.0058294195572832471
decision_type=2 2 2 2 2 2
left_child=2 3 4 -2 -1 -3
right_child=1 5 -4 -5 -6 -7
leaf_value=-0.010151741006824963 -0.011867006623914446 -0.014305102291579276 -0.013874459254454534 0.020665319979556087 0.018948304851919669 0.010315983168163319
leaf_weight=8.3349165171384794 3.0300962924957267 6.772446006536482 95.733882382512093 69.523344248533249 6.8568044751882544 4.3999917060136795
leaf_count=47 16 34 557 198 21 15
internal_value=0.000337641 0.0159819 -0.0115078 0.0191638 0.00334168 -0.00455779
internal_weight=194.651 83.7259 110.926 72.5534 15.1917 11.1724
internal_count=888 263 625 214 68 49
is_linear=0
shrinkage=0.02


Tree=105
num_leaves=7
num_cat=0
split_feature=28 14 40 43 44 3
split_gain=110.24 17.8511 11.1266 9.22392 6.70362 4.16705
threshold=0.14042933558932616 0.058756913121222588 0.077017442196986835 0.0011485658930781991 0.010736551646714812 0.24473453268977624
decision_type=2 2 2 2 2 2
left_child=2 -2 3 4 -1 -4
right_child=1 -3 5 -5 -6 -7
leaf_value=-0.0062346825374720964 0.018282870916228339 -0.014719674157581646 -0.015385904616108422 -0.012055068255638499 0.015761591103044936 0.0041891251376906793
leaf_weight=8.6394685059785861 98.703782886266708 6.2909710109233847 93.582240268588066 18.029484644532204 12.575773060321806 4.1616349369287482
leaf_count=32 321 25 385 68 37 13
internal_value=0.000849503 0.0161852 -0.0109367 -0.00187664 0.00692663 -0.0145185
internal_weight=241.983 104.995 136.989 39.2447 21.2152 97.7439
internal_count=881 346 535 137 69 398
is_linear=0
shrinkage=0.02


Tree=106
num_leaves=7
num_cat=0
split_feature=15 2 18 44 46 12
split_gain=92.4212 30.9492 17.9086 9.09068 7.06034 4.94068
threshold=0.039504830860242299 0.32037735849056609 -0.0091989236114220479 0.047143805763468986 -8.1154994159379808e-05 33.933041301627043
decision_type=2 2 2 2 2 2
left_child=1 2 -1 -2 5 -3
right_child=3 4 -4 -5 -6 -7
leaf_value=0.017378033608919378 0.018987084850132376 0.017708210338549701 -0.012499997522626802 -0.0088713438558759 -0.016063380203509357 -0.0086196521027963584
leaf_weight=21.848544538021088 69.478989735245705 3.5152130424976331 11.495962426066397 4.4538137912750235 109.44796058535576 6.7493368536233902
leaf_count=67 215 10 42 16 505 26
internal_value=-0.00101029 -0.00986742 0.00701315 0.0172129 -0.0145884 0.00116825
internal_weight=226.99 153.057 33.3445 73.9328 119.713 10.2645
internal_count=881 650 109 231 541 36
is_linear=0
shrinkage=0.02


Tree=107
num_leaves=7
num_cat=0
split_feature=38 28 28 38 58 20
split_gain=103.219 9.02091 7.38278 7.13169 2.71776 3.38343
threshold=0.047234573437959435 0.01558136130393316 0.11955350104600689 0.0077195410919698353 0.57178393745557932 0.085113882553261591
decision_type=2 2 2 2 2 10
left_child=1 3 -2 -1 5 -3
right_child=2 4 -4 -5 -6 -7
leaf_value=-0.012868924840056677 0.020542505327595047 0.012729056718154164 -0.011202340808260552 0.01724019406599557 -0.013647414901092024 -0.012041047878165059
leaf_weight=4.310072645545004 67.49675877392292 3.129732444882392 2.4607697427272788 6.917485773563385 102.17707835137844 3.7367994487285614
leaf_count=23 192 10 13 20 600 23
internal_value=0.000125094 -0.0110859 0.0192837 0.00557463 -0.0128364 -0.000568031
internal_weight=190.229 120.271 69.9575 11.2276 109.044 6.86653
internal_count=881 676 205 43 633 33
is_linear=0
shrinkage=0.02


Tree=108
num_leaves=7
num_cat=0
split_feature=28 15 41 2 28 44
split_gain=114.294 19.2234 5.10809 4.0225 2.66892 12.2732
threshold=0.14042933558932616 0.043369965740664443 -0.040310148951062517 0.43550596985711493 0.10011550074792687 0.029669330818495578
decision_type=2 2 2 2 2 2
left_child=2 -2 3 -1 -4 -6
right_child=1 -3 4 -5 5 -7
leaf_value=-0.011000780070635376 0.018255668758155052 -0.012977499687917882 -0.014592583236089616 0.013279136613045117 -0.014928533561258265 0.018749300343972524
leaf_weight=4.1637972444295865 91.655761480331421 7.9138735085725775 108.61224754154682 4.8186030387878418 15.388167947530748 4.9427891671657553
leaf_count=16 302 30 444 14 64 14
internal_value=-0.000572258 0.0156689 -0.0123253 0.00204963 -0.0133347 -0.00624577
internal_weight=237.495 99.5696 137.926 8.9824 128.943 20.331
internal_count=884 332 552 30 522 78
is_linear=0
shrinkage=0.02


Tree=109
num_leaves=7
num_cat=0
split_feature=15 43 28 47 18 1
split_gain=86.4102 25.6397 19.249 8.14577 6.21364 3.51837
threshold=0.039504830860242299 -0.031128159869344061 0.14042933558932616 0.013624033884923021 1.0000000180025095e-35 0.30455486542443072
decision_type=2 2 2 2 2 2
left_child=1 2 4 5 -1 -2
right_child=3 -3 -4 -5 -6 -7
leaf_value=0.017787482172605111 -0.0018420781640284298 -0.014336108095331174 -0.013492150257722421 -0.012605018926756906 -0.0037622984657648159 0.019179655559277344
leaf_weight=22.92518720030785 3.1553261876106253 103.25005099177361 16.0770113915205 2.904312625527381 6.4960737228393546 71.926407620310783
leaf_count=69 11 472 75 12 21 224
internal_value=6.25983e-05 -0.0088654 0.00359069 0.0169883 0.0130621 0.0182836
internal_weight=226.734 148.748 45.4983 77.986 29.4213 75.0817
internal_count=884 637 165 247 90 235
is_linear=0
shrinkage=0.02


Tree=110
num_leaves=7
num_cat=0
split_feature=38 28 46 62 19 16
split_gain=103.673 20.7439 8.29465 5.01622 2.75566 2.03224
threshold=0.026084201394302189 0.15163625210038192 0.0079147402953547753 0.18502956738250859 -0.02011267144094064 0.12749401926305196
decision_type=2 2 2 2 2 2
left_child=3 2 -2 4 5 -1
right_child=1 -3 -4 -5 -6 -7
leaf_value=-0.014952844539014241 -0.0049833661929199347 -0.013499316819574635 0.0212407915931359 0.0078321338941806443 0.0010808031749883461 0.0053432251830822135
leaf_weight=92.351082876324654 4.7889048904180518 7.6552118808031073 74.61328960955143 3.8546126782894126 4.5875194817781439 1.5508427768945683
leaf_count=564 17 47 213 17 18 8
internal_value=0.000641933 0.0165846 0.0196169 -0.0129487 -0.0138326 -0.0145649
internal_weight=189.401 87.0574 79.4022 102.344 98.4894 93.9019
internal_count=884 277 230 607 590 572
is_linear=0
shrinkage=0.02


Tree=111
num_leaves=7
num_cat=0
split_feature=28 15 40 43 42 24
split_gain=111.636 17.3813 7.80421 5.25715 12.694 2.48265
threshold=0.14042933558932616 0.043369965740664443 0.072693103800117453 0.0011485658930781991 -0.0052076279289635227 0.45000000000000007
decision_type=2 2 2 2 2 10
left_child=2 -2 3 4 -1 -4
right_child=1 -3 5 -5 -6 -7
leaf_value=-0.015349258013198584 0.018199907649829337 -0.0095361342431921122 -0.015689971704141419 -0.012623871060151108 0.015456203361302158 -0.00079162962562584818
leaf_weight=8.172054797410965 90.59793820977211 9.4100624322891218 96.258621037006378 14.509318709373472 11.886952847242355 4.8043098747730246
leaf_count=32 303 36 407 57 35 17
internal_value=-0.000423286 0.0155216 -0.0122078 -0.00386266 0.00277312 -0.0149964
internal_weight=235.639 100.008 135.631 34.5683 20.059 101.063
internal_count=887 339 548 124 67 424
is_linear=0
shrinkage=0.02


Tree=112
num_leaves=7
num_cat=0
split_feature=2 0 44 2 9 55
split_gain=84.9821 30.1201 18.9251 11.0766 2.85305 1.90206
threshold=0.36491677336747769 0.12917130144605118 -0.0070301425343186471 0.24264069264069268 56.723163841807917 2.1058230683090708
decision_type=2 2 2 2 2 2
left_child=1 3 4 5 -2 -1
right_child=2 -3 -4 -5 -6 -7
leaf_value=0.018010701384962541 0.016427981676347334 0.018414154818084998 -0.014634661769397992 -0.015399315953981701 -0.0036394266313601042 -0.00042198539033835701
leaf_weight=5.1712788939476031 8.8529575020074827 83.670536667108536 103.13135458528996 16.755874365568161 3.5363590717315665 3.4440840780735016
leaf_count=15 27 263 489 70 13 10
internal_value=7.27474e-05 0.0126768 -0.0118311 -0.00622476 0.010856 0.0113645
internal_weight=224.562 109.042 115.521 25.3712 12.3893 8.61536
internal_count=887 358 529 95 40 25
is_linear=0
shrinkage=0.02


Tree=113
num_leaves=7
num_cat=0
split_feature=39 43 19 43 7 29
split_gain=92.7598 10.5902 10.4692 7.86569 7.64531 5.76004
threshold=-0.0074109369742668399 -0.0028562965119561311 -0.077289598553713187 -0.007419507890758458 214.71511106060612 -0.031112901707021117
decision_type=2 2 2 2 2 2
left_child=2 5 -1 -4 -5 -2
right_child=1 -3 3 4 -6 -7
leaf_value=-0.014581434798715924 0.017722128282709963 0.019853306822329379 -0.012673760754567392 0.018656461562324471 -0.01236207918509836 -0.011163321066616039
leaf_weight=86.12828454375267 3.152724876999855 67.50740247964859 9.5237345248460787 9.9351414740085584 3.6768274605274192 7.268292233347891
leaf_count=546 9 198 50 30 21 33
internal_value=0.000445061 0.016995 -0.0114057 0.000531182 0.0100052 -0.0016379
internal_weight=187.192 77.9284 109.264 23.1357 13.612 10.421
internal_count=887 240 647 101 51 42
is_linear=0
shrinkage=0.02


Tree=114
num_leaves=7
num_cat=0
split_feature=28 15 14 28 22 71
split_gain=105.43 15.9963 7.42368 8.72096 4.07974 2.2916
threshold=0.14042933558932616 0.062633350414234512 -0.015798797077553214 0.085837477833543452 0.039818837594958453 0.34841666666666671
decision_type=2 2 2 2 8 2
left_child=2 -2 3 4 -1 -4
right_child=1 -3 5 -5 -6 -7
leaf_value=-0.015517976932817718 0.017779420926439141 -0.013066253873682963 -0.013990758596489962 0.01481280352796622 0.0072535321327520368 2.3176003407956297e-05
leaf_weight=11.116582542657854 90.717009797692299 6.552456557750701 112.30802291631699 8.025473088026045 3.5795649737119666 4.8645216375589362
leaf_count=46 308 26 477 23 11 18
internal_value=-0.000311763 0.0155897 -0.0114004 -0.000890085 -0.00986273 -0.0134137
internal_weight=237.164 97.2695 139.894 22.7216 14.6961 117.173
internal_count=909 334 575 80 57 495
is_linear=0
shrinkage=0.02


Tree=115
num_leaves=7
num_cat=0
split_feature=42 14 40 14 42 46
split_gain=108.734 15.3223 9.84177 5.57492 5.30168 4.6028
threshold=0.029851669877600743 0.11484448533848594 0.046196865117441095 -0.028077456079759793 -0.011731221736226738 0.0056549705148071635
decision_type=2 2 2 2 2 2
left_child=2 5 4 -4 -1 -2
right_child=1 -3 3 -5 -6 -7
leaf_value=0.014018547860330396 -0.0040491002415821613 0.013367811943446136 -0.0051312240256900466 0.018228336662037041 -0.013649634018077368 -0.015797632563757342
leaf_weight=3.4828249216079712 16.350235536694527 7.9084472805261603 3.8699156194925299 91.072961032390594 6.3500065803527814 98.914721623063087
leaf_count=10 63 25 15 290 23 483
internal_value=0.000376868 -0.0123181 0.0152763 0.0172326 -0.00346006 -0.0141803
internal_weight=227.949 123.173 104.776 94.9429 9.83283 115.265
internal_count=909 571 338 305 33 546
is_linear=0
shrinkage=0.02


Tree=116
num_leaves=7
num_cat=0
split_feature=38 28 39 63 61 7
split_gain=97.2841 14.8849 10.6232 3.80159 3.02836 4.59513
threshold=0.038991839640575052 0.11000076801528812 -0.0020364194990037036 0.089284734997482365 0.13023021708683477 154.42822462436064
decision_type=2 2 2 2 2 2
left_child=2 -2 4 -4 5 -1
right_child=1 -3 3 -5 -6 -7
leaf_value=0.015542367988757013 0.019875747005940685 -0.013250221268363047 -0.0065478387177160379 0.017470715898658968 -0.014542673918717705 -0.012746682029015591
leaf_weight=2.9197560995817176 69.92339526116848 5.1974931359291068 3.7276450097560865 5.5127540081739426 96.127797365188599 4.5560675710439682
leaf_count=10 205 29 16 16 606 27
internal_value=-6.3679e-05 0.0174399 -0.0117667 0.00808822 -0.013598 -0.00116793
internal_weight=187.965 75.1209 112.844 9.2404 103.604 7.47582
internal_count=909 234 675 32 643 37
is_linear=0
shrinkage=0.02


Tree=117
num_leaves=7
num_cat=0
split_feature=20 14 14 38 30 1
split_gain=89.2307 21.4527 8.412 5.5543 4.75683 3.4841
threshold=0.11350661083040998 0.027731579531057305 -0.036578905016491491 0.064181334306981905 -0.0041698717953985711 0.26146926536731641
decision_type=10 2 2 2 2 2
left_child=2 -2 3 -1 -3 -4
right_child=1 4 5 -5 -6 -7
leaf_value=0.016575918362384649 0.017507197140557887 -0.01562530057136266 0.0011542252246202847 -0.010947816234215611 0.0082302286422643936 -0.013197343829104929
leaf_weight=6.3735990524291974 89.008833646774292 9.9389703273773176 7.028176173567771 3.9891030043363571 4.0724395513534537 113.37232725322247
leaf_count=19 306 41 24 16 13 484
internal_value=5.99907e-05 0.0139071 -0.0108721 0.00594968 -0.00860528 -0.012357
internal_weight=233.783 103.02 130.763 10.3627 14.0114 120.401
internal_count=903 360 543 35 54 508
is_linear=0
shrinkage=0.02


Tree=118
num_leaves=7
num_cat=0
split_feature=2 43 15 18 44 44
split_gain=86.7288 23.6566 18.6372 7.21472 5.15168 4.11932
threshold=0.36491677336747769 -0.014477130865979652 0.070516206618957314 -0.015110818462147622 0.047143805763468986 0.0042679431035871429
decision_type=2 2 2 2 2 2
left_child=1 4 5 -3 -1 -2
right_child=2 3 -4 -5 -6 -7
leaf_value=0.017730210354459146 -0.00076775729509683465 0.012324843603843019 0.014012497700135653 -0.015987198478393957 -0.008245177458222305 -0.015534006590497113
leaf_weight=87.91233029961586 8.3007733374834043 4.0850080549716976 9.32606093585491 12.441452115774153 2.6139066070318213 97.490177571773529
leaf_count=283 31 13 30 52 10 484
internal_value=9.06882e-06 0.012905 -0.0119913 -0.00868511 0.0168983 -0.0143934
internal_weight=222.17 107.053 115.117 16.5265 90.5262 105.791
internal_count=903 358 545 65 293 515
is_linear=0
shrinkage=0.02


Tree=119
num_leaves=7
num_cat=0
split_feature=38 24 39 63 46 47
split_gain=96.2027 9.6705 7.44333 6.34816 2.5035 2.48413
threshold=0.038991839640575052 0.29166666666666669 -0.0074109369742668399 0.10548162774725277 0.0063559159734093229 0.006124553511092967
decision_type=2 10 2 2 2 2
left_child=2 4 -1 5 -2 -4
right_child=1 -3 3 -5 -6 -7
leaf_value=-0.01396663978101321 0.0030966167537689977 -0.0066887118905193032 -0.014266485434194546 0.018677008600321451 0.020072734973034714 0.0079489117135751047
leaf_weight=96.225944653153419 4.0878177136182776 5.8310320973396292 6.0441689342260343 4.6394316852092734 65.880496740341187 2.0746539682149887
leaf_count=613 13 32 31 13 194 7
internal_value=-8.67069e-05 0.0170905 -0.0120803 0.00212762 0.0191385 -0.00834048
internal_weight=184.784 75.7993 108.984 12.7583 69.9683 8.11882
internal_count=903 239 664 51 207 38
is_linear=0
shrinkage=0.02


Tree=120
num_leaves=7
num_cat=0
split_feature=20 6 15 40 20 41
split_gain=87.6906 16.4889 9.60792 6.9197 7.50498 4.06984
threshold=0.14386751222922736 266.1233678528709 0.062633350414234512 0.065182317656729147 0.076810438400462797 0.057412037941282502
decision_type=10 2 2 2 10 2
left_child=1 3 -2 4 -1 -3
right_child=2 5 -4 -5 -6 -7
leaf_value=-0.0092258157052043134 0.017739805204036101 0.017048382051826714 -0.011419888415357838 -0.013959960201806225 0.012794827349559765 -0.0056891853485665621
leaf_weight=19.211586326360706 77.797694027423859 9.9168970882892591 4.1372680813074103 106.52249348163605 7.9514227509498587 3.8490131497383109
leaf_count=74 274 31 16 467 25 14
internal_value=-0.000326534 -0.00952782 0.0161475 -0.0116787 -0.00255429 0.0107361
internal_weight=229.386 147.451 81.935 133.686 27.163 13.7659
internal_count=901 611 290 566 99 45
is_linear=0
shrinkage=0.02


Tree=121
num_leaves=7
num_cat=0
split_feature=46 34 15 40 45 44
split_gain=83.2939 19.4623 18.4825 6.71499 6.07182 5.12059
threshold=0.0094282828965074148 0.083875802016540435 0.044075773741253224 0.078767920674795253 -0.015230034531038 0.047143805763468986
decision_type=2 2 2 2 2 2
left_child=1 3 -2 4 -1 -4
right_child=2 -3 5 -5 -6 -7
leaf_value=0.011815623519444419 -0.015046938862821949 -0.010627651830017687 0.016520477227686868 0.018065193122436516 -0.011108134841588235 -0.012121956421614424
leaf_weight=13.335098564624788 97.944235995411873 12.274034157395361 9.8347276300191862 76.953038513660431 5.9040244966745368 2.4512429386377326
leaf_count=43 485 57 32 251 23 10
internal_value=3.73395e-05 0.0124226 -0.0121518 0.0154429 0.00457961 0.0103236
internal_weight=218.696 108.466 110.23 96.1922 19.2391 12.286
internal_count=901 374 527 317 66 42
is_linear=0
shrinkage=0.02


Tree=122
num_leaves=7
num_cat=0
split_feature=38 28 39 62 4 70
split_gain=85.7451 12.2844 9.56166 5.58978 4.985 4.61252
threshold=0.038991839640575052 0.11000076801528812 -0.0074109369742668399 0.1226007589154141 0.0083000413280066142 0.031833333333333345
decision_type=2 2 2 2 2 2
left_child=2 -2 4 -4 5 -1
right_child=1 -3 3 -5 -6 -7
leaf_value=-0.0099041421219135967 0.019227827081629231 -0.012652341833869768 -0.0084186956781635465 0.015731157160327719 -0.014307664517893783 0.018483089169434072
leaf_weight=4.3773754388093939 68.005105629563332 4.528410241007804 6.31021501123905 7.2173005491495132 88.350199669599533 3.0080163478851318
leaf_count=20 203 27 31 22 588 10
internal_value=0.000366668 0.0170925 -0.010791 0.00466185 -0.0130001 0.00248316
internal_weight=181.797 72.5335 109.263 13.5275 95.7356 7.38539
internal_count=901 230 671 53 618 30
is_linear=0
shrinkage=0.02


Tree=123
num_leaves=7
num_cat=0
split_feature=28 14 40 20 46 42
split_gain=96.7601 12.881 10.6265 6.35566 6.29733 9.14804
threshold=0.14042933558932616 0.056778597250631647 0.077017442196986835 0.081760024571854981 0.0082359417689924306 0.002138375346397423
decision_type=2 2 2 10 2 2
left_child=2 -2 3 4 5 -1
right_child=1 -3 -4 -5 -6 -7
leaf_value=-0.013854303943083035 0.017502662859452782 -0.010362657544064811 -0.014697755942415611 0.011274723080448723 -0.013346717438644989 0.021193454798975341
leaf_weight=4.5356613993644732 88.05858325958252 6.5282629877328864 90.87190455198288 9.5680180937051755 18.90815395116806 5.5616369247436523
leaf_count=19 312 27 407 30 78 17
internal_value=0.000205538 0.0154911 -0.0109969 -0.00212733 -0.00677668 0.00562038
internal_weight=224.032 94.5868 129.445 38.5735 29.0055 10.0973
internal_count=890 339 551 144 114 36
is_linear=0
shrinkage=0.02


Tree=124
num_leaves=7
num_cat=0
split_feature=42 2 19 42 34 1
split_gain=92.4262 14.4334 9.45381 6.33137 5.68454 4.97154
threshold=0.025583398293637389 0.28341924398625434 -0.078392937966609108 1.0000000180025095e-35 0.083875802016540435 0.28228076506676297
decision_type=2 2 2 2 2 2
left_child=2 5 4 -4 -1 -2
right_child=1 -3 3 -5 -6 -7
leaf_value=0.017925560513653137 -0.010261559272927542 -0.014685056062366758 0.01078341888743042 -0.015235224221624209 -0.005947540266258251 0.015356104503571071
leaf_weight=75.761048674583435 3.5823533833026877 106.8686970770359 6.9895747154951078 6.0462061315774918 3.7523532360792151 8.7168626040220243
leaf_count=251 14 540 22 21 15 27
internal_value=-0.000730277 -0.0123316 0.01418 -0.00151011 0.0167391 0.00768399
internal_weight=211.717 119.168 92.5492 13.0358 79.5134 12.2992
internal_count=890 581 309 43 266 41
is_linear=0
shrinkage=0.02


Tree=125
num_leaves=7
num_cat=0
split_feature=38 28 46 19 43 62
split_gain=87.679 19.6265 6.80447 4.00086 3.26302 3.18344
threshold=0.024529950270922165 0.10222711906829415 0.0079147402953547753 -0.02011267144094064 -0.011290980751558875 0.18890487322424027
decision_type=2 2 2 2 2 2
left_child=3 2 4 5 -2 -1
right_child=1 -3 -4 -5 -6 -7
leaf_value=-0.014303525850591699 -0.0133128899466645 -0.012042786434978794 0.0202086418688108 0.0037018829698629895 0.011229349399989833 0.0090401934379436139
leaf_weight=86.296758159995079 3.2185774594545364 8.8233442008495313 69.970452576875687 5.191052794456481 3.4596643894910803 1.7641947865486134
leaf_count=575 14 55 209 19 10 8
internal_value=0.000606984 0.0151475 0.0183922 -0.0127397 -0.000792151 -0.0137396
internal_weight=178.724 85.472 76.6487 93.252 6.67824 88.061
internal_count=890 288 233 602 24 583
is_linear=0
shrinkage=0.02


Tree=126
num_leaves=7
num_cat=0
split_feature=28 15 14 38 44 63
split_gain=96.3916 16.7671 4.53858 8.68743 8.85188 5.27621
threshold=0.14042933558932616 0.062633350414234512 0.037088223916494946 0.038991839640575052 0.010390275113362024 0.097073101085094246
decision_type=2 2 2 2 2 2
left_child=2 -2 3 4 -1 -6
right_child=1 -3 -4 -5 5 -7
leaf_value=-0.011311875662991107 0.017441437941402741 -0.014623844742914331 -0.014921018714026447 -0.014433731798890624 0.016382152750799035 -0.0050872579031574043
leaf_weight=14.379263773560522 88.454152747988701 6.2948701530694953 65.42441600561142 32.576017141342163 12.004145205020906 6.471924200654029
leaf_count=59 318 27 306 144 36 22
internal_value=-9.33838e-05 0.0151806 -0.0111841 -0.00727926 3.11906e-05 0.00898663
internal_weight=225.605 94.749 130.856 65.4314 32.8553 18.4761
internal_count=912 345 567 261 117 58
is_linear=0
shrinkage=0.02


Tree=127
num_leaves=7
num_cat=0
split_feature=42 14 14 43 48 16
split_gain=99.1134 11.031 9.90929 7.10836 4.47308 3.76851
threshold=0.028797711331442395 0.12440599675839793 -0.048234864968760983 -0.0058541431732031931 0.0059783218868738478 -0.012392848087727363
decision_type=2 2 2 2 2 2
left_child=2 4 -1 -4 5 -2
right_child=1 -3 3 -5 -6 -7
leaf_value=-0.01347123602453454 0.012723694973258495 0.01371968739586436 0.016921312834581044 -0.011006652255944523 -0.015099546075060921 -0.01117735213764256
leaf_weight=4.0982638299465171 3.9277247339487076 5.3084675669670096 91.714061945676804 3.1430735141038886 102.04407529532909 4.6806977242231351
leaf_count=18 12 17 307 11 526 21
internal_value=-7.22617e-05 -0.0125697 0.0145521 0.0158908 -0.0139425 -8.28744e-05
internal_weight=214.916 115.961 98.9554 94.8571 110.652 8.60842
internal_count=912 576 336 318 559 33
is_linear=0
shrinkage=0.02


Tree=128
num_leaves=7
num_cat=0
split_feature=38 28 39 4 53 71
split_gain=84.4495 9.71893 8.69392 4.82065 4.6371 4.17088
threshold=0.038991839640575052 0.11000076801528812 -0.0074109369742668399 0.0083000413280066142 0.192218660968661 0.25416666666666671
decision_type=2 2 2 2 2 2
left_child=2 -2 3 5 -4 -1
right_child=1 -3 4 -5 -6 -7
leaf_value=-0.011967418437098332 0.018788887283283592 -0.0095937647247342894 -0.0040022161997187297 -0.014441278208828382 0.019196254609463149 0.016696527609508578
leaf_weight=2.9271356761455527 67.146622091531754 4.59913645684719 10.328218922019003 86.56120016425848 3.992995709180831 3.2563212513923645
leaf_count=15 204 27 46 598 11 11
internal_value=0.000204457 0.0168626 -0.011011 -0.013232 0.00329666 0.00335049
internal_weight=178.812 71.7458 107.066 92.7447 14.3212 6.18346
internal_count=912 231 681 624 57 26
is_linear=0
shrinkage=0.02


Tree=129
num_leaves=7
num_cat=0
split_feature=20 15 6 34 1 34
split_gain=84.1466 13.2609 6.72847 4.18149 4.03087 3.88599
threshold=0.11718930288527453 0.062633350414234512 266.1233678528709 0.1105485616085935 0.29212154294032028 -0.00015427855530683596
decision_type=10 2 2 2 2 2
left_child=2 5 3 4 -1 -2
right_child=1 -3 -4 -5 -6 -7
leaf_value=-0.0018793649095242644 -0.0050613911307066444 -0.012321777161302686 0.0067690894739029055 0.010583203449828804 -0.013591282852792725 0.016873685310921205
leaf_weight=13.656097218394278 2.9312005341053 6.3472501188516608 7.8524050265550605 2.5752605497837058 102.4745142608881 87.923874318599701
leaf_count=50 10 28 26 8 471 321
internal_value=0.000239854 0.0141549 -0.0104747 -0.0116624 -0.0122419 0.0161186
internal_weight=223.761 97.2023 126.558 118.706 116.131 90.8551
internal_count=914 359 555 529 521 331
is_linear=0
shrinkage=0.02


Tree=130
num_leaves=7
num_cat=0
split_feature=42 15 18 42 46 40
split_gain=92.0253 12.1222 11.1633 7.43347 4.54643 6.02009
threshold=0.029851669877600743 0.085978486056971712 -0.0086577192339460356 0.0072682559549917545 0.0054817897189254339 0.13342876825054348
decision_type=2 2 2 2 2 2
left_child=2 4 -1 -4 5 -2
right_child=1 -3 3 -5 -6 -7
leaf_value=0.017465869943503982 -0.011845272732247983 0.014095216839597444 0.010602053902756163 -0.013200104393181875 -0.015514980770902772 0.012159318465492293
leaf_weight=76.172105237841606 11.431100428104402 5.8132229447364798 11.32985094189644 8.1391764283180219 93.723674148321152 5.3532937914133063
leaf_count=260 50 19 38 30 499 18
internal_value=-0.00040213 -0.0123047 0.0140516 0.00049263 -0.0138074 -0.00393593
internal_weight=211.962 116.321 95.6411 19.469 110.508 16.7844
internal_count=914 586 328 68 567 68
is_linear=0
shrinkage=0.02


Tree=131
num_leaves=7
num_cat=0
split_feature=38 28 46 47 28 62
split_gain=81.3402 19.3098 4.5493 4.43327 7.70402 3.27876
threshold=0.027231802444228511 0.11000076801528812 -9.1516235397201917e-05 0.0040407287782345406 0.11501683436997946 0.20939560439560442
decision_type=2 2 2 2 2 2
left_child=3 2 -2 5 -5 -1
right_child=1 -3 -4 4 -6 -7
leaf_value=-0.014499224863784495 -0.0051468613727316762 -0.011995929578580429 0.019362195002278183 0.014616953084042195 -0.013350657543481638 0.011039072178118255
leaf_weight=80.608343437314034 2.7763269394636145 8.7873872965574247 68.810739457607269 5.7967622131109229 8.3924487680196744 1.3724594563245762
leaf_count=550 11 56 212 20 60 5
internal_value=0.000178709 0.0149291 0.0183539 -0.0121757 -0.00171486 -0.0139438
internal_weight=176.544 80.3745 71.5871 96.17 14.1892 81.9808
internal_count=914 279 223 635 80 555
is_linear=0
shrinkage=0.02


Tree=132
num_leaves=7
num_cat=0
split_feature=28 42 19 28 45 32
split_gain=91.0089 9.16943 3.50293 8.69689 3.2631 2.65691
threshold=0.14042933558932616 -0.010257249878555875 -0.046380575673008455 0.062516793501303639 -0.01921724363043736 0.11824779132302046
decision_type=2 2 2 2 2 2
left_child=2 -2 5 4 -4 -1
right_child=1 -3 3 -5 -6 -7
leaf_value=-0.013885553204445178 -0.0076231860916193975 0.01676267922622432 0.0027787768167310597 0.017122620133093541 -0.01390810404293271 0.005329401021740141
leaf_weight=88.564830496907234 6.08876709640026 84.273806676268578 5.762064263224608 4.8462880402803412 18.709441214799881 2.4834678918123236
leaf_count=409 25 314 21 14 83 9
internal_value=-2.33358e-05 0.0150541 -0.0113732 -0.00511999 -0.0100242 -0.0133092
internal_weight=210.729 90.3626 120.366 29.3178 24.4715 91.0483
internal_count=875 339 536 118 104 418
is_linear=0
shrinkage=0.02


Tree=133
num_leaves=7
num_cat=0
split_feature=2 44 0 0 15 2
split_gain=73.3909 20.9201 14.4338 6.30297 3.84446 3.75068
threshold=0.32373653686826848 0.006115950537361429 0.11077027948193593 0.17607313195548494 0.062633350414234512 0.48993107176645495
decision_type=2 2 2 2 2 2
left_child=2 3 -1 -2 -3 -5
right_child=1 4 -4 5 -6 -7
leaf_value=-0.0071902651715100253 -0.013634436253433493 -0.014796554360731878 0.017550794675688219 0.017560591350376912 0.0053591621836995241 -0.0026312695734493912
leaf_weight=10.271242812275885 3.7494454383850124 92.656254500150681 72.226057812571526 13.151446998119356 3.4677358120679846 4.6527075171470633
leaf_count=40 16 497 249 42 12 19
internal_value=5.54926e-05 -0.0100522 0.0144212 0.00748785 -0.0140217 0.0124246
internal_weight=200.175 117.678 82.4973 21.5536 96.124 17.8042
internal_count=875 586 289 77 509 61
is_linear=0
shrinkage=0.02


Tree=134
num_leaves=7
num_cat=0
split_feature=38 28 43 18 47 27
split_gain=78.4796 6.77312 6.26754 4.55853 3.14689 7.70219
threshold=0.038991839640575052 -0.0035864892966065705 -0.0054815010343320916 0.11306519640454439 0.0043287960584864173 -0.094528505037498309
decision_type=2 2 2 2 2 2
left_child=1 -1 -2 4 -3 -6
right_child=2 3 -4 -5 5 -7
leaf_value=0.01047666280815444 -0.0034280965921529107 -0.014630101247664659 0.018394247133127865 0.015672011922174593 -0.013550784844137439 0.016379365012309122
leaf_weight=4.6915419846773139 5.4376363903284064 78.98528016358614 61.214483380317688 1.4506039321422566 9.4109344184398633 4.170666590332984
leaf_count=16 23 554 196 4 68 14
internal_value=-3.74056e-05 -0.0113184 0.0165896 -0.0125048 -0.0131091 -0.0038668
internal_weight=165.361 98.709 66.6521 94.0175 92.5669 13.5816
internal_count=875 656 219 640 636 82
is_linear=0
shrinkage=0.02


Tree=135
num_leaves=7
num_cat=0
split_feature=14 39 24 15 12 71
split_gain=73.1698 14.1407 11.3059 7.13068 6.10491 3.02508
threshold=-0.015798797077553214 0.025897916553492363 0.45000000000000007 0.044520018162478532 11.05014534883721 0.34325000000000011
decision_type=2 2 10 2 2 2
left_child=1 4 5 -4 -1 -2
right_child=2 -3 3 -5 -6 -7
leaf_value=-0.0073453110444180328 -0.013713578420426913 -0.013901809338900095 0.014076804398801584 -0.013644687703541727 0.016796804034241983 0.0017060752044394058
leaf_weight=3.8856651186943045 98.421328857541084 6.3032650351524344 10.455610767006872 4.5667717009782782 77.982994586229324 5.1442194730043402
leaf_count=14 460 30 37 21 290 20
internal_value=-0.000377318 0.0133366 -0.0106001 0.0053239 0.0155762 -0.0129387
internal_weight=206.76 88.1719 118.588 15.0224 81.8687 103.566
internal_count=872 334 538 58 304 480
is_linear=0
shrinkage=0.02


Tree=136
num_leaves=7
num_cat=0
split_feature=42 2 43 14 40 30
split_gain=88.6816 13.0805 11.1791 4.15391 2.30326 2.00871
threshold=0.029851669877600743 0.25789823744595947 -0.01284433322148811 -0.030161374076849403 0.10477230168176059 -0.010511435987293363
decision_type=2 2 2 2 2 2
left_child=2 4 3 -1 -2 -3
right_child=1 5 -4 -5 -6 -7
leaf_value=-0.0041273697431350575 -0.0034091938323254091 -0.0036860122322080729 -0.010236870933347283 0.01730817778443058 0.0164137635868154 -0.015203677254976358
leaf_weight=3.4182943403720847 3.0941302925348264 7.3017473965883246 6.1302049010992041 82.415946826338768 5.9323859214782715 88.72437247633934
leaf_count=13 11 33 24 285 19 487
internal_value=0.000291082 -0.0122101 0.0145491 0.0164168 0.00995649 -0.0143749
internal_weight=197.017 105.053 91.9644 85.8342 9.02652 96.0261
internal_count=872 550 322 298 30 520
is_linear=0
shrinkage=0.02


Tree=137
num_leaves=7
num_cat=0
split_feature=38 27 19 48 62 3
split_gain=75.0877 11.9825 5.5222 4.10071 1.83646 1.59673
threshold=0.024529950270922165 -0.16130372238092031 -0.02011267144094064 0.011650527791598256 0.17997570853395486 0.18607748184019374
decision_type=2 2 2 2 2 2
left_child=2 -2 4 -3 -1 -5
right_child=1 3 -4 5 -6 -7
leaf_value=-0.014571286432296033 -0.0091573806500027423 -0.0012640860026861881 0.0072293866095221038 0.018520424420587135 0.0008598941330688508 0.0024422629411623622
leaf_weight=77.970406115055084 7.3796970620751372 4.6628659665584555 4.6306767612695685 63.878026887774467 3.0977410599589339 2.9097609966993323
leaf_count=559 49 19 16 201 18 10
internal_value=0.00012537 0.0141202 -0.0127622 0.0166176 -0.0139783 0.0178663
internal_weight=164.529 78.8304 85.6988 71.4507 81.0681 66.7878
internal_count=872 279 593 230 577 211
is_linear=0
shrinkage=0.02


Tree=138
num_leaves=7
num_cat=0
split_feature=28 12 70 18 41 20
split_gain=81.4215 6.73169 6.28762 3.63682 3.45221 3.205
threshold=0.14042933558932616 38.746134982407519 0.020833333333333339 0.0027787250031204862 -0.028328819599418045 0.070962146025219969
decision_type=2 2 2 2 2 10
left_child=2 -2 3 5 -4 -1
right_child=1 -3 4 -5 -6 -7
leaf_value=-0.013653706413629214 -0.005679855445770458 0.016116348368263152 -0.0008738650335860758 0.0091740067168833272 -0.013624309291760561 0.0078388622083029585
leaf_weight=8.0030272454023379 5.6029293388128272 81.93870621919632 9.497031554579733 8.4832486212253553 92.707400009036064 3.2404514253139487
leaf_count=33 22 316 36 29 442 11
internal_value=5.04047e-05 0.0146729 -0.0104819 -0.000129542 -0.0124595 -0.00732507
internal_weight=209.473 87.5416 121.931 19.7267 102.204 11.2435
internal_count=889 338 551 73 478 44
is_linear=0
shrinkage=0.02


Tree=139
num_leaves=7
num_cat=0
split_feature=42 43 2 18 42 17
split_gain=81.3446 13.2845 10.2596 4.99114 5.5366 4.31137
threshold=0.038971205791997275 -0.010313951986804777 0.28312793107209083 -0.0086577192339460356 0.0099345188642554916 0.094228634850166498
decision_type=2 2 2 2 2 2
left_child=1 3 5 -1 -5 -2
right_child=2 -3 -4 4 -6 -7
leaf_value=0.017259037379807871 -0.010066408462345876 -0.008864172524916893 -0.014848698596815093 0.013811698261085 -0.0081369502642816456 0.016555867965751779
leaf_weight=73.129328727722168 3.0014930963516218 9.7399533838033658 90.086748838424683 10.129235029220583 6.9711102694272986 5.6655558347702026
leaf_count=258 12 40 501 34 26 18
internal_value=-4.70306e-05 0.0126083 -0.0128561 0.0149979 0.00490892 0.00724869
internal_weight=198.723 99.9696 98.7538 90.2297 17.1003 8.66705
internal_count=889 358 531 318 60 30
is_linear=0
shrinkage=0.02


Tree=140
num_leaves=7
num_cat=0
split_feature=39 4 43 49 63 28
split_gain=66.591 9.84077 9.16105 5.72963 4.82418 3.32782
threshold=-0.0079331356917668166 0.011428944618599793 -0.0054815010343320916 0.0062815320458183528 0.10548162774725277 0.094529692400577833
decision_type=2 2 2 2 2 2
left_child=1 3 4 -1 -2 -4
right_child=2 -3 5 -5 -6 -7
leaf_value=-0.0082583435302366788 -0.013990581307140704 -0.013127054236128985 0.018569774745658404 0.017432524709818913 0.014377644323339057 -0.0032009371226574567
leaf_weight=5.6485450565814954 5.7067505717277509 84.09002909809351 57.782482594251633 6.4753631055355072 2.779594361782074 2.6647224724292746
leaf_count=29 30 607 183 20 8 12
internal_value=-7.31702e-06 -0.0107142 0.0148764 0.00574589 -0.00416279 0.0175736
internal_weight=165.147 96.2139 68.9336 12.1239 8.48634 60.4472
internal_count=889 656 233 49 38 195
is_linear=0
shrinkage=0.02


Tree=141
num_leaves=7
num_cat=0
split_feature=34 10 38 40 21 71
split_gain=62.7133 11.5231 6.79786 5.87539 6.36303 2.72421
threshold=0.077466076975726786 1.3633297634552548 0.064181334306981905 0.069080090261129448 -0.028781410997733983 0.17616666666666669
decision_type=2 2 2 2 8 2
left_child=1 5 -2 -3 -5 -1
right_child=2 3 -4 4 -6 -7
leaf_value=-0.0015588696019775824 0.016076384926504778 0.014722461438293309 -0.0082091880834953088 0.0093263769679254992 -0.011167239477433895 -0.0127662073642074
leaf_weight=9.9028459638357145 68.346224337816238 9.0494928508996946 4.3463437110185614 8.8852058202028257 14.842461735010149 91.628449603915215
leaf_count=43 269 31 18 35 68 436
internal_value=-0.000314098 -0.0083977 0.0145326 0.00187197 -0.00342626 -0.011699
internal_weight=207.001 134.308 72.6926 32.7772 23.7277 101.531
internal_count=900 613 287 134 103 479
is_linear=0
shrinkage=0.02


Tree=142
num_leaves=7
num_cat=0
split_feature=42 14 14 43 30 14
split_gain=82.1096 10.5058 9.43106 6.52559 3.35122 4.475
threshold=0.032703867146465747 0.12440599675839793 -0.048234864968760983 -0.010313951986804777 -0.0090108691926131367 -1.0000000180025095e-35
decision_type=2 2 2 2 2 2
left_child=2 4 -1 -4 5 -2
right_child=1 -3 3 -5 -6 -7
leaf_value=-0.013232978697853082 -0.012489240431451956 0.013278871474036578 0.016104581047941217 -0.0066914513698629243 -0.015106976869714532 0.011516855044155783
leaf_weight=4.3057785034179679 6.748720645904541 5.3227997571229926 85.775308310985565 4.8060292750596991 85.977746576070786 4.2258818894624692
leaf_count=21 35 18 305 18 489 14
internal_value=0.000110096 -0.0122643 0.0134368 0.0148352 -0.0137879 -0.00305563
internal_weight=197.162 102.275 94.8871 90.5813 96.9523 10.9746
internal_count=900 556 344 323 538 49
is_linear=0
shrinkage=0.02


Tree=143
num_leaves=7
num_cat=0
split_feature=31 43 43 28 17 28
split_gain=62.7125 12.1744 7.83155 7.07901 4.79135 5.27042
threshold=-0.011904703561279121 -0.0054815010343320916 0.030405945779715744 0.08854319761516552 0.083683473389355764 0.062516793501303639
decision_type=2 2 2 2 2 2
left_child=2 -2 4 -4 5 -1
right_child=1 -3 3 -5 -6 -7
leaf_value=0.018820930786091438 -0.005848869474876668 0.017146144492169869 0.01710819722257674 -0.012416129414627417 -0.014529417563687683 -0.011961214641391524
leaf_weight=3.134047955274581 10.247991077601908 63.156316690146923 6.4298249930143339 4.8387379422783852 72.313359715044498 3.8450052365660667
leaf_count=10 53 210 20 36 544 27
internal_value=0.000263788 0.0139003 -0.0108204 0.00445173 -0.0130192 0.00248833
internal_weight=163.965 73.4043 90.561 11.2686 79.2924 6.97905
internal_count=900 263 637 56 581 37
is_linear=0
shrinkage=0.02


Tree=144
num_leaves=7
num_cat=0
split_feature=28 40 12 63 34 50
split_gain=78.7063 8.56664 7.52217 5.03213 4.52719 3.50131
threshold=0.14042933558932616 0.077017442196986835 38.746134982407519 0.086250656397689487 -1.0000000180025095e-35 0.39385354966091518
decision_type=2 2 2 2 2 2
left_child=1 3 -2 4 -1 -6
right_child=2 -3 -4 -5 5 -7
leaf_value=-0.0086651593330610444 -0.0069638747784186274 -0.013793231762461441 0.016530178918556244 -0.008509215993010787 -0.0017847036088183272 0.020715219457769978
leaf_weight=4.9227854162454614 5.3311133235692969 85.324115753173828 75.940329790115356 20.526129335165024 4.0368893891572917 6.8718234449625015
leaf_count=21 22 427 302 87 16 21
internal_value=-0.000212575 -0.010361 0.0149231 -0.00215258 0.00610494 0.0129382
internal_weight=202.953 121.682 81.2714 36.3576 15.8315 10.9087
internal_count=896 572 324 145 58 37
is_linear=0
shrinkage=0.02


Tree=145
num_leaves=7
num_cat=0
split_feature=2 17 2 44 15 9
split_gain=68.3898 22.0856 12.6533 10.873 2.80434 2.3844
threshold=0.36491677336747769 0.10943202554744527 0.24264069264069268 -0.0075357496309248961 0.077977770703843333 56.723163841807917
decision_type=2 2 2 2 2 2
left_child=1 2 -1 5 -5 -2
right_child=3 -3 -4 4 -6 -7
leaf_value=0.013132348129147313 0.014211497700262232 0.017097038716719866 -0.015105809189629249 -0.014898726849691884 0.0052191742894970852 -0.0057335284113098142
leaf_weight=9.3039145767688769 6.2532480359077436 72.878281027078629 15.696672677993773 83.737719908356667 2.4012531638145438 2.9126062244176865
leaf_count=30 22 263 72 488 9 12
internal_value=-9.21203e-05 0.0115919 -0.00449614 -0.0120875 -0.0142845 0.00793307
internal_weight=193.184 97.8789 25.0006 95.3048 86.139 9.16585
internal_count=896 365 102 531 497 34
is_linear=0
shrinkage=0.02


Tree=146
num_leaves=7
num_cat=0
split_feature=28 2 44 21 48 72
split_gain=52.5075 23.5287 9.56734 3.50237 2.89725 1.97221
threshold=0.062516793501303639 0.25317269076305227 -0.00042629002322951826 -0.011557552860238412 0.011461969564853904 0.25575000000000009
decision_type=2 2 2 10 2 2
left_child=1 -1 -3 5 -4 -2
right_child=3 2 4 -5 -6 -7
leaf_value=-0.014072852033595191 -0.013891406081410625 -0.0089415937481613344 -0.001045988984628728 0.0047358074864071158 0.017549576406455554 0.0028737633100971213
leaf_weight=12.51172251999378 66.105439931154251 5.733940824866294 3.4074011817574492 4.1490974873304358 68.156189203262329 2.6037477478384963
leaf_count=86 498 39 15 17 225 16
internal_value=0.000374195 0.0105572 0.0146727 -0.0121509 0.016662 -0.013224
internal_weight=162.668 89.8093 77.2975 72.8583 71.5636 68.7092
internal_count=896 365 279 531 240 514
is_linear=0
shrinkage=0.02


Tree=147
num_leaves=7
num_cat=0
split_feature=28 15 40 28 3 14
split_gain=73.0309 12.3274 9.63682 5.63573 4.5915 3.32018
threshold=0.14042933558932616 0.062633350414234512 0.077017442196986835 0.051368027974719351 1.0000000180025095e-35 0.037088223916494946
decision_type=2 2 2 2 2 2
left_child=2 -2 3 4 -1 -5
right_child=1 -3 -4 5 -6 -7
leaf_value=0.010446571175328566 0.016291848404185016 -0.012476651199879079 -0.013832747056272354 0.015099344249214695 -0.011989473564170395 -0.0047131393656450436
leaf_weight=3.765093311667445 79.293971613049507 5.7187140583991996 80.588502615690231 8.9353075027465803 16.77480061352253 4.542634278535842
leaf_count=14 319 25 407 28 75 18
internal_value=0.000280526 0.0142341 -0.0101035 -0.00112623 -0.00758275 0.00855739
internal_weight=199.619 85.0127 114.606 34.0178 20.5399 13.4779
internal_count=886 344 542 135 89 46
is_linear=0
shrinkage=0.02


Tree=148
num_leaves=7
num_cat=0
split_feature=30 46 43 40 43 12
split_gain=59.1121 17.3827 10.2815 5.92305 3.72908 3.24933
threshold=-0.0041698717953985711 0.0034695073532156201 -0.0072916734886824949 0.077496724546692666 -0.0072916734886824949 20.37234042553192
decision_type=2 2 2 2 2 2
left_child=2 3 -1 -2 -5 -4
right_child=1 -3 5 4 -6 -7
leaf_value=0.015340717362931614 -0.0087903310663495493 -0.013717154643655458 0.0082227104754293429 0.016575673786313482 -0.0060205314834039497 -0.013952031333580946
leaf_weight=75.357475027441978 7.079017803072932 82.050907447934151 3.3517785221338254 13.051446273922924 3.1314211338758442 6.2051326036453247
leaf_count=278 30 475 11 45 14 33
internal_value=0.000546131 -0.0094269 0.0128807 0.00564761 0.0121073 -0.00613274
internal_weight=190.227 105.313 84.9144 23.2619 16.1829 9.55691
internal_count=886 564 322 89 59 44
is_linear=0
shrinkage=0.02


Tree=149
num_leaves=7
num_cat=0
split_feature=39 4 43 29 10 43
split_gain=58.9871 9.24606 11.1647 5.94472 4.34761 2.24393
threshold=1.0000000180025095e-35 0.021390986044383439 -0.017096219207920742 0.0087547278465322249 0.79500575777193982 0.075458774100824966
decision_type=2 2 2 2 2 2
left_child=1 2 -1 -2 -4 -3
right_child=3 5 4 -5 -6 -7
leaf_value=-0.01302251721038487 0.017304317746383618 -0.014353422714374481 0.020232644221981833 -0.0056032142630906244 -0.0042152564349240921 0.0037051657269036617
leaf_weight=11.634772211313249 50.623607441782951 72.054237425327301 8.7336424440145475 4.5037583857774726 3.721204660832881 2.4795097485184661
leaf_count=70 168 571 27 18 21 11
internal_value=-0.00103853 -0.0102705 0.000498202 0.0153663 0.0131578 -0.0137116
internal_weight=153.751 98.6234 24.0896 55.1274 12.4548 74.5337
internal_count=886 700 118 186 48 582
is_linear=0
shrinkage=0.02


Tree=150
num_leaves=7
num_cat=0
split_feature=28 14 40 14 66 56
split_gain=70.0459 11.0802 8.29183 5.92588 3.64161 3.42804
threshold=0.14373778746385865 0.054005108208707749 0.077017442196986835 -0.024657253961934047 70.200814697813627 0.29261805915931505
decision_type=2 2 2 2 2 2
left_child=2 -2 3 -1 -5 -6
right_child=1 -3 -4 4 5 -7
leaf_value=0.01250637078161557 0.016216931884965261 -0.010230807353319793 -0.013473899368716742 -0.012429515523559951 -0.010413788842380643 0.0091423503804392795
leaf_weight=7.843765750527381 75.845908224582672 6.2408736646175376 79.766858175396919 15.475679993629457 4.9003653377294532 8.1790331900119764
leaf_count=26 310 28 410 69 22 30
internal_value=6.10875e-05 0.0141072 -0.00990011 -0.0019174 -0.00616855 0.00159615
internal_weight=198.252 82.0868 116.166 36.3988 28.5551 13.0794
internal_count=895 338 557 147 121 52
is_linear=0
shrinkage=0.02


Tree=151
num_leaves=7
num_cat=0
split_feature=42 15 43 2 46 15
split_gain=75.156 10.7127 8.00452 3.45569 2.83461 2.71959
threshold=0.029851669877600743 0.070516206618957314 -0.014477130865979652 0.43550596985711493 0.0052934058299355354 0.057101826566892798
decision_type=2 2 2 2 2 2
left_child=2 4 3 -1 -2 -5
right_child=1 -3 -4 5 -6 -7
leaf_value=0.0160449635751399 -0.0049106737025609287 0.01211676378638608 -0.0076749101405652418 -0.0089818771411695041 -0.015269869949014902 0.013450657841734286
leaf_weight=74.668131485581398 13.558464080095289 6.0770721584558478 6.2523227035999289 3.9222438782453528 79.513240024447441 2.8601321876049042
leaf_count=277 61 21 26 15 485 10
internal_value=-0.00026098 -0.0121336 0.0131466 0.0148186 -0.013829 0.000990742
internal_weight=186.852 99.1488 87.7028 81.4505 93.0717 6.78238
internal_count=895 567 328 302 546 25
is_linear=0
shrinkage=0.02


Tree=152
num_leaves=7
num_cat=0
split_feature=39 43 38 20 17 20
split_gain=65.9287 9.57113 9.04519 3.44964 3.09715 4.77127
threshold=-0.0074109369742668399 -0.01284433322148811 0.054080530104933341 0.097360449635061297 0.086785347483738465 0.080241768287344153
decision_type=2 2 2 10 2 8
left_child=2 -2 4 -4 5 -1
right_child=1 -3 3 -5 -6 -7
leaf_value=0.011711034886856127 -0.0082730187920726939 0.017218265986966626 0.017090665705892003 -0.010044763584797804 -0.014459971385304551 -0.012939606189798808
leaf_weight=4.457257039844988 5.9103086665272704 62.212646871805191 5.2397931516170493 1.9072946459054945 70.865532040596008 6.4627513065934181
leaf_count=15 30 212 16 12 561 49
internal_value=0.000233169 0.014919 -0.011057 0.00950513 -0.012947 -0.00273951
internal_weight=157.056 68.123 88.9326 7.14709 81.7855 10.92
internal_count=895 242 653 28 625 64
is_linear=0
shrinkage=0.02


Tree=153
num_leaves=7
num_cat=0
split_feature=28 15 42 38 15 63
split_gain=64.4789 12.305 3.52988 8.45605 6.03086 5.56609
threshold=0.14042933558932616 0.043369965740664443 0.0072682559549917545 0.038991839640575052 0.070516206618957314 0.085849075705116532
decision_type=2 2 2 2 2 2
left_child=2 -2 -1 4 5 -4
right_child=1 -3 3 -5 -6 -7
leaf_value=-0.014774462121054393 0.016327365446585501 -0.0098862092202187599 0.011798261361214929 -0.013732121293109535 -0.014138079553047968 -0.0051525859881917423
leaf_weight=37.097899243235588 70.989902883768082 7.2928499132394782 15.694655105471613 37.098949074745178 8.6648409068584424 13.649502471089361
leaf_count=205 294 32 52 189 46 51
internal_value=-4.06915e-05 0.0137914 -0.00972752 -0.00707333 -0.000388557 0.00400357
internal_weight=190.489 78.2828 112.206 75.1079 38.009 29.3442
internal_count=869 326 543 338 149 103
is_linear=0
shrinkage=0.02


Tree=154
num_leaves=7
num_cat=0
split_feature=42 40 15 42 2 40
split_gain=71.744 10.6495 9.99433 3.33215 2.7069 2.70028
threshold=0.032703867146465747 0.046196865117441095 0.070516206618957314 -0.011731221736226738 0.27361853832442073 0.1018841088405789
decision_type=2 2 2 2 2 2
left_child=1 3 4 -1 5 -2
right_child=2 -3 -4 -5 -6 -7
leaf_value=0.0091128907182950521 -0.012883750295561981 0.015549486255829581 0.011209079733518833 -0.013688872018127294 -0.014581860111714213 0.01137887598193732
leaf_weight=3.0477993786334991 2.4428076446056357 77.2066640406847 6.2115019112825385 6.5278331786394101 82.756034731864929 2.9284859001636505
leaf_count=10 10 292 22 26 499 10
internal_value=5.36679e-05 0.0130996 -0.0119588 -0.00625593 -0.0136992 5.42244e-05
internal_weight=181.121 86.7823 94.3388 9.57563 88.1273 5.37129
internal_count=869 328 541 36 519 20
is_linear=0
shrinkage=0.02


Tree=155
num_leaves=7
num_cat=0
split_feature=38 28 46 19 62 43
split_gain=57.7509 13.7514 4.99925 4.94047 2.80873 2.49502
threshold=0.028505430272976064 0.11000076801528812 0.0083438431466148748 -0.021041829265697917 0.18890487322424027 -0.01284433322148811
decision_type=2 2 2 2 2 2
left_child=3 2 -2 4 -1 -5
right_child=1 -3 -4 5 -6 -7
leaf_value=-0.013455374857473491 -0.0010369071281040513 -0.011256856380365818 0.018256021688859075 -0.010565783204136068 0.0088936562652235582 0.012312123256506441
leaf_weight=72.855427078902721 5.8201272189617148 7.3924406468868247 55.646683365106583 2.0176932364702225 1.6683312356472004 4.4681630432605735
leaf_count=574 21 54 187 11 8 14
internal_value=-1.31378e-05 0.0133497 0.0164419 -0.011396 -0.0128439 0.00473432
internal_weight=149.869 68.8593 61.4668 81.0096 74.5238 6.48586
internal_count=869 262 208 607 582 25
is_linear=0
shrinkage=0.02


Tree=156
num_leaves=7
num_cat=0
split_feature=20 15 70 34 34 20
split_gain=63.2392 12.9973 6.56183 5.69772 3.66193 2.5991
threshold=0.11350661083040998 0.062633350414234512 0.015750000000000004 0.0017578776732041018 0.085450280869486264 0.079127559384970833
decision_type=8 2 2 2 2 8
left_child=2 3 -1 -2 -4 -6
right_child=1 -3 4 -5 5 -7
leaf_value=0.0074451001772662499 -0.0044858278219167061 -0.012706993288670433 -0.012891197188011357 0.015836611402928878 -0.01101967288789308 0.012748971882844531
leaf_weight=6.8849464058876029 5.5158677548170081 6.9302323609590522 90.360884711146355 77.808547750115395 2.1917033046483985 3.4364274889230728
leaf_count=24 22 34 473 328 11 12
internal_value=0.000105102 0.0122521 -0.0105672 0.0144541 -0.0119226 0.00322691
internal_weight=193.129 90.2546 102.874 83.3244 95.989 5.62813
internal_count=904 384 520 350 496 23
is_linear=0
shrinkage=0.02


Tree=157
num_leaves=7
num_cat=0
split_feature=43 27 46 46 41 27
split_gain=57.8819 18.3978 6.73249 4.67343 3.64387 2.78235
threshold=-0.020875325874754967 -0.18058732991397661 0.015091784660585979 -9.1516235397201917e-05 0.0099821440359381969 -0.1131021468006974
decision_type=2 2 2 2 2 2
left_child=1 -1 -3 5 -4 -2
right_child=3 2 4 -5 -6 -7
leaf_value=-0.013715120062300711 -0.010993017511977522 0.015074916529511404 -0.014020822123719254 -0.013807318140585993 0.0073560606355487492 0.012385142018415337
leaf_weight=10.730711251497267 2.4400368630886078 80.060039341449738 4.3218484669923765 74.251092165708542 6.9818729311227798 4.1016953587532035
leaf_count=74 14 305 19 448 30 14
internal_value=0.0001715 0.0101381 0.0130578 -0.0123929 -0.00129242 0.00336379
internal_weight=182.887 102.094 91.3638 80.7928 11.3037 6.54173
internal_count=904 428 354 476 49 28
is_linear=0
shrinkage=0.02


Tree=158
num_leaves=7
num_cat=0
split_feature=38 20 19 43 31 16
split_gain=59.257 13.1545 4.87581 4.61517 2.86394 2.32938
threshold=0.024529950270922165 0.095307033063197114 -0.016208975879601902 -0.01650227738643564 -0.0011616789573294093 0.13189769130349449
decision_type=2 10 2 2 2 2
left_child=2 3 5 -2 -3 -1
right_child=1 4 -4 -5 -6 -7
leaf_value=-0.014089953215870303 -0.0021891594188403881 -0.013187661315591523 0.0060564910944876258 0.017562659685222939 0.0089879577592265718 0.0091733944656238516
leaf_weight=72.351931557059288 4.9218330010771743 7.9472628086805344 4.8538809567689887 57.502297326922417 2.3591089546680433 1.1192965209484089
leaf_count=592 21 63 18 196 8 6
internal_value=-0.000341586 0.0125686 -0.012337 0.0159954 -0.0077657 -0.0136171
internal_weight=151.056 72.7305 78.3251 62.4241 10.3064 73.4712
internal_count=904 288 616 217 71 598
is_linear=0
shrinkage=0.02


Tree=159
num_leaves=7
num_cat=0
split_feature=28 42 41 24 42 56
split_gain=63.7755 7.81297 4.28053 3.09234 4.18448 2.55591
threshold=0.14042933558932616 1.0000000180025095e-35 -0.033587238977053326 0.36666666666666675 0.0099345188642554916 0.33594323464643999
decision_type=2 2 2 8 2 2
left_child=2 -2 5 -4 -5 -1
right_child=1 -3 3 4 -6 -7
leaf_value=0.0096678606301513117 -0.0065117525289772075 0.015921711728955453 -0.011642576804821529 -0.012507340644169763 0.014058775135714803 -0.011540869107053665
leaf_weight=6.5353507995605451 6.2536695897579184 72.038333088159561 92.332846015691757 3.5528390407562247 3.9628162831068039 2.3062138706445694
leaf_count=23 28 309 483 18 13 10
internal_value=0.000407207 0.0140703 -0.00947318 -0.0106477 0.00150631 0.00352527
internal_weight=186.982 78.292 108.69 99.8485 7.51566 8.84156
internal_count=884 337 547 514 31 33
is_linear=0
shrinkage=0.02


Tree=160
num_leaves=7
num_cat=0
split_feature=42 14 14 19 42 46
split_gain=67.5756 12.2187 7.97947 5.87242 2.61758 2.1531
threshold=0.038971205791997275 -0.030161374076849403 0.11600082557098222 -0.040435192398796553 1.0000000180025095e-35 0.019901051169403012
decision_type=2 2 2 2 2 2
left_child=1 -1 -2 5 -5 -3
right_child=2 3 -4 4 -6 -7
leaf_value=-0.011552133938236304 -0.01404994860963496 0.016548046571641783 0.01078532037510966 0.0095324527450288028 -0.012601580109878796 0.0011056653238862514
leaf_weight=7.3415382355451575 82.26596063375473 72.063362687826157 4.8067650645971289 2.8456347733736029 3.9084104895591736 3.9557736963033667
leaf_count=37 512 278 18 10 14 15
internal_value=-8.01249e-05 0.0119956 -0.012572 0.0141971 -0.00324932 0.0157693
internal_weight=177.187 90.1147 87.0727 82.7732 6.75405 76.0191
internal_count=884 354 530 317 24 293
is_linear=0
shrinkage=0.02


Tree=161
num_leaves=7
num_cat=0
split_feature=38 39 43 63 24 17
split_gain=62.0956 6.53047 6.25134 5.34841 2.68056 1.33218
threshold=0.038991839640575052 -0.0074109369742668399 -0.0054815010343320916 0.10454006120027479 0.29166666666666669 0.087272773433533068
decision_type=2 2 2 2 10 2
left_child=1 5 -2 -3 -4 -1
right_child=2 3 4 -5 -6 -7
leaf_value=-0.0055799007128815173 -0.0077985794228097559 -0.00848393653414895 0.017783344875541764 0.016346304644209747 -0.00026843937439528732 -0.014516969359722763
leaf_weight=9.3186339661478979 3.928939774632453 7.2685020267963392 52.976207315921783 4.9990032911300659 3.4725569859147063 64.636547930538654
leaf_count=60 21 39 185 15 19 545
internal_value=-0.000421885 -0.0112644 0.014993 0.00210379 0.0166875 -0.0134803
internal_weight=146.6 86.2227 60.3777 12.2675 56.4488 73.9552
internal_count=884 659 225 54 204 605
is_linear=0
shrinkage=0.02


Tree=162
num_leaves=7
num_cat=0
split_feature=28 15 15 32 29 18
split_gain=64.5788 11.3795 4.46137 6.15074 4.74463 3.73241
threshold=0.14042933558932616 0.043369965740664443 -0.00098432679956039358 0.05101904583443715 0.0073421629275645947 -0.035266352620417267
decision_type=2 2 2 2 2 2
left_child=2 -2 3 4 -1 -6
right_child=1 -3 -4 -5 5 -7
leaf_value=-0.013763901299294411 0.016156634930359279 -0.0098531725926830314 -0.012456874434574317 0.011589865596821122 -0.010588313303612493 0.012971448250030188
leaf_weight=18.003896266222004 71.166311129927635 6.7599032670259467 76.967413619160652 7.3059791028499594 3.6483492255210876 5.4947111755609495
leaf_count=90 312 32 415 25 15 17
internal_value=-6.30437e-05 0.0138041 -0.00979809 -0.00367459 -0.00804848 0.00345336
internal_weight=189.347 77.9262 111.42 34.4529 27.147 9.14306
internal_count=906 344 562 147 122 32
is_linear=0
shrinkage=0.02


Tree=163
num_leaves=7
num_cat=0
split_feature=42 14 15 40 42 40
split_gain=71.1345 10.2558 8.33936 5.56126 4.44212 2.40024
threshold=0.032703867146465747 -0.014475318784484851 0.070516206618957314 0.039237907562878906 -0.0052076279289635227 0.087723332274906099
decision_type=2 2 2 2 2 2
left_child=1 5 -2 4 -3 -1
right_child=2 3 -4 -5 -6 -7
leaf_value=-0.013939799104988895 -0.013920822874288608 0.012050293417582273 0.0097389444905711022 0.016859771778375995 -0.014384694983278686 0.006287659679853853
leaf_weight=5.7518637776374799 86.301140546798706 4.3848751932382584 5.7077852487564078 69.576119184494019 3.8184926360845548 2.8767865747213364
leaf_count=28 542 14 21 275 15 11
internal_value=-0.000190877 0.0127646 -0.0123642 0.015048 -0.000480609 -0.00724335
internal_weight=178.417 86.4081 92.0089 77.7795 8.20337 8.62865
internal_count=906 343 563 304 29 39
is_linear=0
shrinkage=0.02


Tree=164
num_leaves=7
num_cat=0
split_feature=38 28 62 46 47 20
split_gain=57.5967 15.0485 4.65532 3.85057 2.80142 5.68972
threshold=0.026925250574297514 0.10222711906829415 0.18502956738250859 0.0079147402953547753 0.0040407287782345406 0.065573327673781392
decision_type=2 2 2 2 2 8
left_child=2 3 4 -2 -1 -6
right_child=1 -3 -4 -5 5 -7
leaf_value=-0.014075463989144214 -0.0011386424924718355 -0.011516434465565243 0.010757618941922257 0.017735422024954726 0.020303911964014956 -0.010451829999403152
leaf_weight=64.356766007840633 4.5330436825752249 8.0591608658432943 2.8646382316946974 59.113008826971054 2.2597671747207624 8.2889887392520887
leaf_count=535 17 62 13 207 7 65
internal_value=0.000307338 0.0131421 -0.0115431 0.0163943 -0.0125265 -0.00267569
internal_weight=149.475 71.7052 77.7702 63.6461 74.9055 10.5488
internal_count=906 286 620 224 607 72
is_linear=0
shrinkage=0.02


Tree=165
num_leaves=7
num_cat=0
split_feature=28 15 14 38 42 19
split_gain=59.7852 12.8998 5.21745 7.68916 9.03881 5.47708
threshold=0.14042933558932616 0.062633350414234512 0.037088223916494946 0.038991839640575052 0.002138375346397423 -0.10987722162034382
decision_type=2 2 2 2 2 2
left_child=2 -2 3 4 -1 -6
right_child=1 -3 -4 -5 5 -7
leaf_value=-0.01443202432242317 0.015747704718455709 -0.014063664914767973 -0.014183495609161007 -0.01351987586908558 -0.010406757654978012 0.013514797266786269
leaf_weight=8.7652676701545733 73.254056110978127 5.5376472920179358 49.393511161208153 22.8140529692173 4.0578428655862835 17.121070876717567
leaf_count=45 323 27 287 125 18 54
internal_value=0.000505667 0.0135025 -0.00955277 -0.00503418 0.00165893 0.0086689
internal_weight=180.943 78.7917 102.152 52.7582 29.9442 21.1789
internal_count=879 350 529 242 117 72
is_linear=0
shrinkage=0.02


Tree=166
num_leaves=7
num_cat=0
split_feature=42 18 15 42 27 15
split_gain=64.0544 9.28506 8.12541 6.52527 3.9288 2.70656
threshold=0.032703867146465747 -0.0086577192339460356 0.070516206618957314 1.0000000180025095e-35 -0.18331305126131189 0.037798880468006578
decision_type=2 2 2 2 2 2
left_child=1 4 -2 -3 -1 -5
right_child=2 3 -4 5 -6 -7
leaf_value=-0.0097877935945894171 -0.013771228993322171 0.011498600867004225 0.010309213949379781 -0.016239821147452052 0.016552776045904018 0.0056351709866480767
leaf_weight=1.7266195267438877 81.3783078789711 9.1170278638601321 5.3071914464235297 7.5082760304212552 63.270626217126846 2.5078455954790115
leaf_count=10 521 34 20 31 253 10
internal_value=-0.000199822 0.0121589 -0.0121962 -0.00010301 0.0157153 -0.0107484
internal_weight=170.816 84.1304 86.6855 19.1331 64.9972 10.0161
internal_count=879 338 541 75 263 41
is_linear=0
shrinkage=0.02


Tree=167
num_leaves=7
num_cat=0
split_feature=39 43 4 49 63 28
split_gain=51.776 9.00237 7.21979 3.79509 2.76991 2.38135
threshold=-0.0079331356917668166 -0.0054815010343320916 0.0083000413280066142 -1.0000000180025095e-35 0.1050896512024561 0.074991808911418267
decision_type=2 2 2 2 2 2
left_child=2 4 3 -1 -2 -3
right_child=1 5 -4 -5 -6 -7
leaf_value=-0.0065160949463465932 -0.013470622585866676 0.017107256166010748 -0.013001684289273494 0.018090745273721502 0.01000654062951181 -0.0021593232058237074
leaf_weight=4.231805182993412 5.3825385197997084 50.986215889453888 71.390617057681084 4.0253478810191137 2.0832866281270981 2.4776474237442008
leaf_count=21 32 182 611 13 7 13
internal_value=-0.00040734 0.0133491 -0.0109659 0.0061381 -0.00651132 0.0161911
internal_weight=140.577 60.9297 79.6478 8.25715 7.46583 53.4639
internal_count=879 234 645 34 39 195
is_linear=0
shrinkage=0.02


Tree=168
num_leaves=7
num_cat=0
split_feature=14 20 20 34 10 71
split_gain=52.9132 9.97268 8.43844 3.90625 3.42855 2.80994
threshold=-0.028077456079759793 0.15244409597521272 0.0649776112058712 0.090993627936157243 2.016916535284297 0.17291666666666669
decision_type=2 10 8 2 2 2
left_child=2 3 -1 4 5 -2
right_child=1 -3 -4 -5 -6 -7
leaf_value=-0.0090759142949768043 -0.00053039379373155432 0.009896838897057933 0.015789625388517411 0.0063012917592522311 0.0061258291625244255 -0.012988138718995144
leaf_weight=5.3306047916412354 7.9972210377454749 9.9991364032030088 62.953804776072502 4.7769176214933387 3.8127965927124015 85.737706124782562
leaf_count=26 38 44 280 19 14 473
internal_value=-2.33566e-05 -0.00844123 0.0137455 -0.0103117 -0.0111809 -0.0119421
internal_weight=180.608 112.324 68.2844 102.325 97.5477 93.7349
internal_count=894 588 306 544 525 511
is_linear=0
shrinkage=0.02


Tree=169
num_leaves=7
num_cat=0
split_feature=42 14 2 41 42 40
split_gain=62.3295 11.8933 8.16503 7.36918 2.97719 2.74615
threshold=0.038971205791997275 0.011299200077196926 0.24849397590361447 0.051543821855093493 -0.010257249878555875 0.039237907562878906
decision_type=2 2 2 2 2 2
left_child=1 3 -2 4 -1 -3
right_child=2 5 -4 -5 -6 -7
leaf_value=0.0096094703240253432 0.011298206659279109 -0.00065384184096844294 -0.014158417653156116 0.014993217799938924 -0.01236981854172001 0.016531780200634248
leaf_weight=2.2090533673763302 4.6610721200704566 3.8697447478771201 77.890277355909348 6.6165383607149115 13.183451533317564 62.956329330801964
leaf_count=8 17 14 513 25 60 257
internal_value=-0.000169889 0.0113955 -0.012603 -0.00132178 -0.00882168 0.0155416
internal_weight=171.386 88.8351 82.5513 22.009 15.3925 66.8261
internal_count=894 364 530 93 68 271
is_linear=0
shrinkage=0.02


Tree=170
num_leaves=7
num_cat=0
split_feature=39 42 61 29 20 47
split_gain=53.3152 8.61734 7.36338 4.34912 2.33461 1.75625
threshold=-0.0079331356917668166 0.022410119833081988 0.1122546524475785 -0.070941344383528532 0.1177953114020303 0.0012591625704996637
decision_type=2 2 2 2 10 2
left_child=2 -2 -1 -4 -3 -5
right_child=1 4 3 5 -6 -7
leaf_value=0.01192133347757275 -0.0092102401097629502 0.017259968332845294 0.0083090613700464149 -0.014476109032748931 0.00083244179746670536 -0.0054418875749762561
leaf_weight=4.7206751257181159 5.2382056042551985 53.473366811871529 3.3604068085551253 60.294972263276577 3.8063782826066008 11.926060013473032
leaf_count=21 28 194 16 531 19 85
internal_value=0.000233127 0.0139607 -0.0104945 -0.0120319 0.0162013 -0.013079
internal_weight=142.82 62.518 80.3021 75.5814 57.2797 72.221
internal_count=894 241 653 632 213 616
is_linear=0
shrinkage=0.02


Tree=171
num_leaves=7
num_cat=0
split_feature=28 14 14 28 19 43
split_gain=54.7903 9.06812 5.86204 6.51945 5.76564 3.96208
threshold=0.14042933558932616 0.02229818588943178 0.037088223916494946 0.062516793501303639 -0.12185587015777553 0.003349693576015889
decision_type=2 2 2 2 2 2
left_child=2 -2 3 5 -5 -1
right_child=1 -3 -4 4 -6 -7
leaf_value=-0.0011159394386053519 0.016016613724047009 -0.0054549233463859889 -0.014068216710295409 -0.01313819123079121 0.012344561182123459 -0.014055452005603819
leaf_weight=16.026899039745331 63.970360785722733 8.4578119516372663 48.632150158286095 3.9141116142272976 12.482620745897291 22.792718112468719
leaf_count=67 298 38 293 20 40 132
internal_value=0.000221314 0.0134691 -0.00905859 -0.00447457 0.00585596 -0.00887548
internal_weight=176.277 72.4282 103.848 55.2163 16.3967 38.8196
internal_count=888 336 552 259 60 199
is_linear=0
shrinkage=0.02


Tree=172
num_leaves=7
num_cat=0
split_feature=42 40 2 14 42 15
split_gain=60.5589 11.5239 9.53074 6.30846 4.70618 2.99678
threshold=0.038971205791997275 0.039237907562878906 0.25317269076305227 -0.01503128205574669 -0.0052076279289635227 0.070516206618957314
decision_type=2 2 2 2 2 2
left_child=1 4 -2 -3 -1 -4
right_child=2 3 5 -5 -6 -7
leaf_value=0.0095302304309344988 0.010659567308220035 -0.0034771910555565296 -0.015008855488284154 0.01619240539913834 -0.015542006614913206 0.0073726831088725339
leaf_weight=3.8424716889858246 5.9274524301290503 6.8430978804826728 72.088643305003643 68.768533572554588 7.3400652110576612 1.909487947821616
leaf_count=13 21 31 500 284 32 7
internal_value=0.000103115 0.0116064 -0.0123778 0.0143901 -0.00685173 -0.0143407
internal_weight=166.72 86.7942 79.9256 75.6116 11.1825 73.9981
internal_count=888 360 528 315 45 507
is_linear=0
shrinkage=0.02


Tree=173
num_leaves=7
num_cat=0
split_feature=39 28 43 47 61 12
split_gain=50.0848 8.06239 7.18571 2.19978 2.39852 2.12658
threshold=-0.0074109369742668399 0.0015404062641202478 -0.0028562965119561311 0.019143805788651345 0.12515664160401005 115.39411764705883
decision_type=2 2 2 2 2 2
left_child=1 -1 -2 4 5 -3
right_child=2 3 -4 -5 -6 -7
leaf_value=0.010793906353944602 -0.0050067051876957246 0.013468193266715311 0.015984015382123649 0.0056602703186216441 -0.014033574558212135 -0.010183710984177943
leaf_weight=5.682306468486785 6.9738759547471991 1.9282254725694645 51.776090368628502 2.0529041960835448 67.171169064939022 2.175699383020401
leaf_count=23 35 8 195 9 600 18
internal_value=-0.000407381 -0.0107509 0.0134502 -0.0125432 -0.0131385 0.0013906
internal_weight=137.76 79.0103 58.75 73.328 71.2751 4.10392
internal_count=888 658 230 635 626 26
is_linear=0
shrinkage=0.02


Tree=174
num_leaves=7
num_cat=0
split_feature=28 15 40 47 36 28
split_gain=57.1909 12.9397 7.97966 4.86638 4.65455 3.74251
threshold=0.14042933558932616 0.043369965740664443 0.077017442196986835 0.0040407287782345406 -1.0000000180025095e-35 -1.0000000180025095e-35
decision_type=2 2 2 2 2 2
left_child=2 -2 3 4 -1 -6
right_child=1 -3 -4 -5 5 -7
leaf_value=-0.0073163437126789544 0.015783653733284199 -0.012138176313200848 -0.013610672988383034 -0.013057840467066095 -0.01088488498445124 0.014743025368910456
leaf_weight=8.8318542391061818 66.364974290132523 6.6336337476968756 70.683436244726181 9.1407941281795484 2.0132863521575954 11.733212590217587
leaf_count=41 309 33 417 49 10 40
internal_value=-0.000308819 0.0131166 -0.00991352 -0.00151053 0.00351991 0.010506
internal_weight=175.401 72.9986 102.403 31.7191 22.5784 13.7465
internal_count=899 342 557 140 91 50
is_linear=0
shrinkage=0.02


Tree=175
num_leaves=7
num_cat=0
split_feature=42 14 15 16 24 17
split_gain=57.1504 10.9195 9.82021 4.6821 2.51185 1.31971
threshold=0.038971205791997275 0.011299200077196926 0.070516206618957314 -0.00084883462642659769 0.22500000000000003 0.10863354037267083
decision_type=2 2 2 2 10 2
left_child=1 3 -2 4 -1 -3
right_child=2 5 -4 -5 -6 -7
leaf_value=0.011514061497511033 -0.01397451228112548 0.0062976889362573486 0.01186935347033643 -0.011445727584683612 -0.0087610801135141556 0.016168802551877203
leaf_weight=9.0388620942831057 72.86128892749548 7.857365056872367 5.6417803317308417 9.1273098513483983 2.4192443564534178 60.013628944754601
leaf_count=33 505 29 21 44 13 254
internal_value=0.000349333 0.0113129 -0.0119913 -0.00140292 0.00687358 0.0151341
internal_weight=166.959 88.4564 78.5031 20.5854 11.4581 67.871
internal_count=899 373 526 90 46 283
is_linear=0
shrinkage=0.02


Tree=176
num_leaves=7
num_cat=0
split_feature=38 28 43 4 43 53
split_gain=51.8723 13.1203 4.15223 3.81672 4.53495 1.22021
threshold=0.026925250574297514 0.11000076801528812 -0.01650227738643564 0.0083000413280066142 -0.017096219207920742 0.19634512683578106
decision_type=2 2 2 2 2 2
left_child=3 2 -2 4 -1 -5
right_child=1 -3 -4 5 -6 -7
leaf_value=-0.01189255120848046 -0.0048903794742320966 -0.012902916977282172 0.017121766926799908 -0.013836809704755775 0.017437307232857774 -0.0037112898366754
leaf_weight=3.3393215835094452 3.2335913255810729 6.3587301298975936 55.252773821353912 60.119412414729595 3.1312162876129142 6.1203373968601218
leaf_count=21 13 55 205 549 10 46
internal_value=-3.02962e-05 0.012871 0.015843 -0.0115546 0.00273497 -0.0129704
internal_weight=137.555 64.8451 58.4864 72.7103 6.47054 66.2397
internal_count=899 273 218 626 31 595
is_linear=0
shrinkage=0.02


Tree=177
num_leaves=7
num_cat=0
split_feature=20 15 40 29 66 18
split_gain=49.4309 11.2454 6.92618 4.82159 4.20573 2.97177
threshold=0.11718930288527453 0.057101826566892798 0.073799613571960729 0.010039552372915999 70.200814697813627 0.011176068669224716
decision_type=10 2 2 2 2 2
left_child=2 -2 3 4 -1 -6
right_child=1 -3 -4 -5 5 -7
leaf_value=-0.012648018697718633 0.014568249330031263 -0.011411680517151343 -0.012454997962357717 0.01385403635106058 -0.0059716339551069177 0.013577459596801353
leaf_weight=12.183790758252149 69.194177463650703 6.6291580349206916 70.762235447764397 5.9664901047945014 5.3850465863943082 5.2121065557003021
leaf_count=60 326 35 417 20 26 19
internal_value=0.000100531 0.0121779 -0.00913164 -0.000807443 -0.00506849 0.00398507
internal_weight=175.333 75.8233 99.5097 28.7474 22.7809 10.5972
internal_count=903 361 542 125 105 45
is_linear=0
shrinkage=0.02


Tree=178
num_leaves=7
num_cat=0
split_feature=42 40 2 42 28 0
split_gain=57.8526 8.86142 8.02629 4.9411 3.9516 3.62389
threshold=0.032703867146465747 0.046196865117441095 0.28341924398625434 -0.0052076279289635227 0.23341688850858902 0.1216525722339676
decision_type=2 2 2 2 2 2
left_child=1 3 5 -1 -3 -2
right_child=2 4 -4 -5 -6 -7
leaf_value=0.0092690115323565917 -0.010195260077600464 0.015644891062280841 -0.013649042897271351 -0.014924653774448123 -0.010252284234423955 0.013166558141134471
leaf_weight=5.4548045992851257 3.2197956293821317 66.803013384342194 74.795169703662395 6.1788976043462736 1.7904714345931996 6.5070910751819611
leaf_count=19 16 284 523 28 10 23
internal_value=3.70334e-05 0.0121246 -0.011444 -0.00374498 0.0148313 0.00520381
internal_weight=164.749 80.2272 84.5221 11.6337 68.5935 9.72689
internal_count=903 341 562 47 294 39
is_linear=0
shrinkage=0.02


Tree=179
num_leaves=7
num_cat=0
split_feature=38 28 43 41 43 28
split_gain=48.0899 11.1776 4.84411 3.57451 4.70795 6.70057
threshold=0.027231802444228511 0.11000076801528812 -0.010313951986804777 0.010682403593812369 -0.017096219207920742 0.10291348220514096
decision_type=2 2 2 2 2 2
left_child=3 2 -2 4 -1 -6
right_child=1 -3 -4 -5 5 -7
leaf_value=-0.012677952841060797 -0.0051339558247417228 -0.010855850827021599 0.016814375742257148 -0.014048558964963462 0.017486779959395359 -0.012047471990193829
leaf_weight=11.272176638245584 3.9032383114099494 6.6745435446500769 53.298575937747955 51.161798655986786 6.1884158700704557 4.4528605863451958
leaf_count=91 17 55 200 481 19 40
internal_value=-0.000172997 0.0124007 0.0152542 -0.0111829 -0.00417122 0.00515485
internal_weight=136.952 63.8764 57.2018 73.0753 21.9135 10.6413
internal_count=903 272 217 631 150 59
is_linear=0
shrinkage=0.02


Tree=180
num_leaves=7
num_cat=0
split_feature=28 42 70 41 42 47
split_gain=47.2789 5.98874 5.46133 7.35526 6.56165 5.89915
threshold=0.14373778746385865 -0.011113333641065174 0.029166666666666671 0.050751619962317453 0.0072682559549917545 0.0055123050795253476
decision_type=2 2 2 2 2 2
left_child=2 -2 3 4 -1 -6
right_child=1 -3 -4 -5 5 -7
leaf_value=-0.013349647484238661 -0.0099984850739114756 0.014645163573845743 -0.012066340085860959 -0.012956519212789539 0.016344313964380595 -0.0080415719493049376
leaf_weight=5.4535692185163525 3.534600317478179 60.978906109929085 64.181190386414528 15.250634580850599 13.735300019383432 4.7344664633274069
leaf_count=30 19 298 383 87 47 24
internal_value=-0.000154716 0.013163 -0.00851399 -0.00253847 0.00435621 0.0100014
internal_weight=167.869 64.5135 103.355 39.174 23.9233 18.4698
internal_count=888 317 571 188 101 71
is_linear=0
shrinkage=0.02


Tree=181
num_leaves=7
num_cat=0
split_feature=42 40 15 42 43 48
split_gain=60.5174 9.56869 7.80052 5.30856 3.86095 1.74426
threshold=0.038971205791997275 0.046196865117441095 0.070516206618957314 -0.011731221736226738 0.002576024349333864 0.033606122103719036
decision_type=2 2 2 2 2 2
left_child=1 3 -2 -1 5 -3
right_child=2 4 -4 -5 -6 -7
leaf_value=0.013873052375301103 -0.014277091414404662 0.016140520512072744 0.010646236386694603 -0.013728193085342993 -0.010065902806726824 0.0035311742707188672
leaf_weight=3.167165219783783 71.437365792691708 65.413039803504944 4.690861463546752 7.7244066670536977 1.841887667775153 5.3904117345809928
leaf_count=11 507 281 18 35 12 24
internal_value=0.000188795 0.0118758 -0.0126232 -0.00521033 0.0144734 0.0152431
internal_weight=159.665 83.5369 76.1282 10.8916 72.6453 70.8035
internal_count=888 363 525 46 317 305
is_linear=0
shrinkage=0.02


Tree=182
num_leaves=7
num_cat=0
split_feature=39 42 28 47 7 28
split_gain=45.3698 7.52783 6.84104 2.99516 5.50684 2.89576
threshold=-0.0074109369742668399 0.050081852506567791 -0.011830540826103171 0.0040407287782345406 191.13397993882592 0.013777597416277544
decision_type=2 2 2 2 2 2
left_child=2 5 -1 -4 -5 -2
right_child=1 -3 3 4 -6 -7
leaf_value=0.012661552169204376 0.0081322490393398693 0.015689370358875444 -0.013502587325172453 0.014943678402342635 -0.012656627111143346 -0.013716952205428314
leaf_weight=4.0665216296911231 3.3836546540260297 51.247806951403618 60.44037913531065 3.8881843537092191 6.0961268916726112 4.6405219808220863
leaf_count=15 14 203 558 15 58 25
internal_value=-3.12121e-05 0.0129084 -0.0103617 -0.0118498 -0.00152632 -0.00462334
internal_weight=133.763 59.272 74.4912 70.4247 9.98431 8.02418
internal_count=888 242 646 631 73 39
is_linear=0
shrinkage=0.02


Tree=183
num_leaves=7
num_cat=0
split_feature=14 20 34 14 38 54
split_gain=44.0838 8.75799 8.33266 4.1853 5.945 2.65741
threshold=-0.028077456079759793 0.0649776112058712 0.08771664099051607 0.017937086023635297 0.040434904557756821 2.2488095238095243
decision_type=2 8 2 2 2 2
left_child=1 -1 3 4 5 -2
right_child=2 -3 -4 -5 -6 -7
leaf_value=-0.010575570171291284 -0.0096016176587060791 0.015129545255546868 0.0092329282967236331 -0.012944629946614201 -0.013704539554529183 0.006180988689661898
leaf_weight=5.1047403961420059 4.6376961618661907 60.552307397127151 9.5857870876789075 57.848897323012352 14.217453196644781 16.977386817336082
leaf_count=28 25 294 42 359 91 63
internal_value=0.000300703 0.0130023 -0.00782221 -0.00964644 -0.00411487 0.00251987
internal_weight=168.924 65.657 103.267 93.6814 35.8325 21.6151
internal_count=902 322 580 538 179 88
is_linear=0
shrinkage=0.02


Tree=184
num_leaves=7
num_cat=0
split_feature=46 43 15 40 43 40
split_gain=44.3561 11.0212 9.06574 7.2626 5.48459 2.84815
threshold=0.0094282828965074148 -0.010313951986804777 0.044075773741253224 0.078767920674795253 -0.044446194424006845 0.12712824465270992
decision_type=2 2 2 2 2 2
left_child=1 3 -2 4 -1 -3
right_child=2 5 -4 -5 -6 -7
leaf_value=0.0098378199117566383 -0.013685196268412851 -0.014060245310791567 0.0073168924020464501 0.015841817706705723 -0.012680107930784095 0.0074843102846608514
leaf_weight=9.4279483035206777 67.020005136728287 8.0535545349121076 8.7167463451623899 57.055039063096046 6.3961989954113951 2.6463465839624396
leaf_count=39 482 50 39 252 29 11
internal_value=-0.000195081 0.00979552 -0.0112042 0.0125678 0.000523276 -0.00854749
internal_weight=159.316 83.5791 75.7368 72.8792 15.8241 10.6999
internal_count=902 381 521 320 68 61
is_linear=0
shrinkage=0.02


Tree=185
num_leaves=7
num_cat=0
split_feature=39 43 17 28 71 63
split_gain=46.1168 9.07525 5.58039 5.66131 3.50467 3.34009
threshold=-0.0074109369742668399 -0.0028562965119561311 0.094228634850166498 0.10707780842249982 0.24475000000000002 0.10593767792230545
decision_type=2 2 2 2 2 2
left_child=2 5 3 4 -1 -2
right_child=1 -3 -4 -5 -6 -7
leaf_value=-0.0064307015336485876 -0.013704244564602442 0.01623331408217641 -0.01328985339809273 -0.012761907064357585 0.017757244894352982 0.013148203164536279
leaf_weight=2.9830782786011678 5.6950022876262656 49.920284077525139 58.507019646465778 6.7757903262972823 6.0890747457742691 1.6716795265674589
leaf_count=14 35 199 565 63 21 5
internal_value=-0.000149442 0.0132102 -0.0104811 6.14042e-05 0.00995502 -0.00676758
internal_weight=131.642 57.287 74.355 15.8479 9.07215 7.36668
internal_count=902 239 663 98 35 40
is_linear=0
shrinkage=0.02


Tree=186
num_leaves=7
num_cat=0
split_feature=28 15 40 43 42 3
split_gain=52.934 7.79772 6.95628 4.39937 8.3878 2.95735
threshold=0.14042933558932616 0.043369965740664443 0.077017442196986835 0.0011485658930781991 -0.0052076279289635227 0.24473453268977624
decision_type=2 2 2 2 2 2
left_child=2 -2 3 4 -1 -4
right_child=1 -3 5 -5 -6 -7
leaf_value=-0.013324053457466669 0.015489519223128806 -0.0090807440102933425 -0.014090163240905703 -0.010006077848503204 0.014441093651630457 0.0028850947096759174
leaf_weight=5.6984345316886946 63.758935526013374 4.9734572023153296 60.252038896083832 12.262118861079214 11.691140040755272 4.069236308336257
leaf_count=32 319 25 386 66 38 16
internal_value=0.000377124 0.0136069 -0.0093406 -0.00126186 0.00511288 -0.0129885
internal_weight=162.705 68.7324 93.973 29.6517 17.3896 64.3213
internal_count=882 344 538 136 70 402
is_linear=0
shrinkage=0.02


Tree=187
num_leaves=7
num_cat=0
split_feature=30 44 34 46 7 15
split_gain=44.1731 10.5864 9.59254 5.58382 3.74822 1.74064
threshold=1.0000000180025095e-35 0.006115950537361429 0.027710057909403566 0.0050188567276891393 344.21391714575196 0.083048998121811116
decision_type=2 2 2 2 2 2
left_child=2 4 -1 -4 -2 -3
right_child=1 5 3 -5 -6 -7
leaf_value=0.01458699498340035 0.011634097254583101 -0.014492523736136846 0.0079967957625827896 -0.014307884399811906 -0.0097327619683838847 0.0044248875392829878
leaf_weight=55.538598023355007 9.4785656780004484 65.191304169595242 8.4615455567836779 7.5964365154504767 3.8996462300419799 1.5810704380273808
leaf_count=244 39 484 40 47 21 7
internal_value=-0.000630081 -0.0107656 0.0107084 -0.00277493 0.00516209 -0.0139859
internal_weight=151.747 80.1506 71.5966 16.058 13.3782 66.7724
internal_count=882 551 331 87 60 491
is_linear=0
shrinkage=0.02


Tree=188
num_leaves=7
num_cat=0
split_feature=47 28 28 30 49 46
split_gain=39.9323 14.8168 8.30446 4.45533 1.13913 0.981016
threshold=0.0004980613279487188 0.11352590537522925 0.01558136130393316 0.014206903929528442 0.037683005458027011 0.009364992800828047
decision_type=2 2 2 2 2 2
left_child=2 5 3 -1 -4 -2
right_child=1 -3 4 -5 -6 -7
leaf_value=-0.011425389200009115 0.00069789357703858564 -0.0127207952396445 -0.013385577970389265 0.014219314721385868 0.004096429959670576 0.01659963790560209
leaf_weight=3.1783135458827001 1.693726211786269 7.5078750401735297 56.777443237602711 7.1325278282165527 1.1077610924839962 49.465133085846901
leaf_count=26 8 78 541 27 7 195
internal_value=0.000269866 0.0122573 -0.0100707 0.0060031 -0.0129871 0.0160966
internal_weight=126.863 58.6667 68.196 10.3108 57.8852 51.1589
internal_count=882 281 601 53 548 203
is_linear=0
shrinkage=0.02


Tree=189
num_leaves=7
num_cat=0
split_feature=14 20 24 14 47 70
split_gain=41.0382 11.241 5.771 4.12667 3.50448 3.30983
threshold=-0.01503128205574669 0.081760024571854981 0.45000000000000007 0.092290094437561046 -0.0013132945999898141 0.015750000000000004
decision_type=2 10 10 2 2 2
left_child=1 4 5 -4 -1 -2
right_child=2 -3 3 -5 -6 -7
leaf_value=0.005990206396527426 0.0017071239385415685 0.015226416002339706 0.013254058771648342 -0.011704116203705496 -0.013186706897045698 -0.01152186077524537
leaf_weight=6.1616474390029907 8.129250690340994 58.214801326394081 7.0473156422376615 3.0452782511711121 7.4064178615808469 75.525716096162796
leaf_count=22 33 294 29 18 44 470
internal_value=0.000161264 0.0114543 -0.00851548 0.0053471 -0.00466453 -0.0102313
internal_weight=165.53 71.7829 93.7476 10.0926 13.5681 83.655
internal_count=910 360 550 47 66 503
is_linear=0
shrinkage=0.02


Tree=190
num_leaves=7
num_cat=0
split_feature=42 2 17 17 42 47
split_gain=53.1392 11.2382 5.51308 4.50695 3.196 1.57036
threshold=0.021365249033499237 0.28341924398625434 0.10432213930348259 0.085006021678040958 -0.011731221736226738 -0.0080823166815012591
decision_type=2 2 2 2 2 2
left_child=2 3 4 -2 -1 -3
right_child=1 5 -4 -5 -6 -7
leaf_value=0.01334729975775034 -0.010074191782727638 -0.0040596968046172216 0.014955406059467038 0.015823872869081917 -0.0094508373656183881 -0.014173221031290921
leaf_weight=2.7688642144203186 3.1058240160346013 7.8135331422090522 59.998920649290085 7.5861312448978424 6.1234149783849698 68.744460873305798
leaf_count=10 15 43 275 29 25 513
internal_value=-0.000219773 -0.0105358 0.0128091 0.00808274 -0.00172034 -0.0132067
internal_weight=156.141 87.2499 68.8912 10.692 8.89228 76.558
internal_count=910 600 310 44 35 556
is_linear=0
shrinkage=0.02


Tree=191
num_leaves=7
num_cat=0
split_feature=31 46 47 28 29 29
split_gain=38.7587 9.04279 6.35685 4.91133 4.29433 2.15408
threshold=-0.012357342039200794 0.015173453031883572 0.0078934930277649428 0.11501683436997946 -0.028172072867892892 -0.057341452885345291
decision_type=2 2 2 2 2 2
left_child=2 4 5 -4 -2 -1
right_child=1 -3 3 -5 -6 -7
leaf_value=0.0024081014626530181 0.0088939244291308308 0.015504031335570366 0.016327971184189844 -0.011165146481371926 -0.012414900599764959 -0.013335379026265455
leaf_weight=3.3992458730936042 5.9863938465714455 48.055177293717861 5.2629016786813718 3.5406186506152153 7.3324109390377981 57.020168863236904
leaf_count=24 24 199 18 38 53 554
internal_value=5.83608e-05 0.0115311 -0.0101329 0.00525972 -0.00288499 -0.0124249
internal_weight=130.597 61.374 69.2229 8.80352 13.3188 60.4194
internal_count=910 276 634 56 77 578
is_linear=0
shrinkage=0.02


Tree=192
num_leaves=7
num_cat=0
split_feature=28 15 14 38 19 27
split_gain=44.6822 9.55949 5.25195 7.08168 5.89955 4.99093
threshold=0.14042933558932616 0.043369965740664443 0.037088223916494946 0.066385877602505625 -0.10987722162034382 -0.040112756483179239
decision_type=2 2 2 2 2 2
left_child=2 -2 3 4 -1 -6
right_child=1 -3 -4 -5 5 -7
leaf_value=-0.012937087697461953 0.015607212172761429 -0.0085663515810642625 -0.013714150766509097 -0.014475084684793939 0.01449387584839735 -0.0026537286661434327
leaf_weight=7.8830730617046347 56.716213196516037 6.7415534704923621 43.164573550224304 16.410769551992416 12.425855979323387 13.209024831652641
leaf_count=45 297 36 292 106 42 58
internal_value=0.000118914 0.012946 -0.00866945 -0.00412454 0.00121574 0.00589024
internal_weight=156.551 63.4578 93.0933 49.9287 33.518 25.6349
internal_count=876 333 543 251 145 100
is_linear=0
shrinkage=0.02


Tree=193
num_leaves=7
num_cat=0
split_feature=2 17 15 2 44 1
split_gain=41.861 16.4249 8.59184 5.91569 2.8351 1.37917
threshold=0.36491677336747769 0.10943202554744527 0.070516206618957314 0.24264069264069268 -0.012541063192430762 0.30455486542443072
decision_type=2 2 2 2 2 2
left_child=1 3 4 5 -2 -1
right_child=2 -3 -4 -5 -6 -7
leaf_value=-0.0018888359409516629 0.0047112443338404577 0.015856616057646929 0.011185639967746051 -0.012975776978600681 -0.013717839928452786 0.014267874289367211
leaf_weight=3.0671076178550747 3.0581312477588645 56.655583932995796 5.8015446215867987 12.539249353110788 62.480994760990143 4.568976029753685
leaf_count=10 13 261 25 67 482 18
internal_value=0.000232564 0.0104112 -0.0107218 -0.00490698 -0.0128 0.0083111
internal_weight=148.172 76.8309 71.3407 20.1753 65.5391 7.63608
internal_count=876 356 520 95 495 28
is_linear=0
shrinkage=0.02


Tree=194
num_leaves=7
num_cat=0
split_feature=38 62 43 19 20 47
split_gain=43.8921 6.45928 4.65148 4.04376 1.98214 1.82858
threshold=0.038991839640575052 0.17997570853395486 -0.0054815010343320916 -0.029307213844989074 0.14386751222922736 -8.1444760368108241e-05
decision_type=2 2 2 2 8 2
left_child=1 3 -2 -1 -4 -5
right_child=2 -3 4 5 -6 -7
leaf_value=-0.013562684275335761 -0.0059906099018670698 0.011711705593596269 0.016207362391944608 -0.0081844982823742266 -0.0034807863743616767 0.010460672183721605
leaf_weight=60.891208790242672 3.9306998625397673 4.1601388230919829 44.994409129023552 2.7873635739088058 1.805283561348914 3.818245328962802
leaf_count=611 20 20 184 13 14 14
internal_value=-0.000433002 -0.0104542 0.0136505 -0.0119715 0.015391 0.00255133
internal_weight=122.387 71.657 50.7304 67.4968 46.7997 6.60561
internal_count=876 658 218 638 198 27
is_linear=0
shrinkage=0.02


Tree=195
num_leaves=7
num_cat=0
split_feature=28 15 70 71 28 42
split_gain=48.9267 7.74135 3.1392 2.7656 2.30503 5.98727
threshold=0.14042933558932616 0.071895657282472644 0.015750000000000004 0.34325000000000011 0.085837477833543452 0.015311420769751014
decision_type=2 2 2 2 2 2
left_child=2 -2 -1 4 -4 -6
right_child=1 -3 3 -5 5 -7
leaf_value=0.0015359791851611605 0.015049586952772981 -0.012542556395760707 -0.013206364502301678 0.0051004075103653328 -0.013992439970532778 0.0056290253415819261
leaf_weight=9.7862477004528028 61.076473489403725 3.6171600818634024 57.98765753954649 3.9099155962467185 13.089960776269438 10.376618318259714
leaf_count=38 320 21 376 18 92 38
internal_value=3.60483e-05 0.0133394 -0.00905369 -0.0102714 -0.0110622 -0.00544063
internal_weight=159.844 64.6936 95.1504 85.3642 81.4542 23.4666
internal_count=903 341 562 524 506 130
is_linear=0
shrinkage=0.02


Tree=196
num_leaves=7
num_cat=0
split_feature=42 2 18 18 0 42
split_gain=46.7882 11.7628 4.81795 4.3172 3.05979 2.06655
threshold=0.020474291534204814 0.28598691384950931 -0.0091989236114220479 -0.0056882673272968523 0.16306680350811723 -0.011113333641065174
decision_type=2 2 2 2 2 2
left_child=3 2 -2 -1 5 -5
right_child=1 -3 -4 4 -6 -7
leaf_value=0.015078036848403682 0.015250950307763854 -0.012854232873736724 -0.0090936631466367289 0.007175741845255156 0.012714027757100335 -0.012363439890012942
leaf_weight=52.645599201321602 8.77966760098934 72.420535691082478 4.0697157382965079 2.5409601628780365 5.0896778404712677 5.1299534291028959
leaf_count=249 35 545 20 10 22 22
internal_value=-3.16554e-05 -0.0097452 0.00744054 0.0125879 0.00196547 -0.00581003
internal_weight=150.676 85.2699 12.8494 65.4062 12.7606 7.67091
internal_count=903 600 55 303 54 32
is_linear=0
shrinkage=0.02


Tree=197
num_leaves=7
num_cat=0
split_feature=38 28 46 19 52 38
split_gain=41.9673 10.0364 4.82835 4.00387 2.95169 2.07462
threshold=0.024529950270922165 0.11000076801528812 0.0079147402953547753 -0.02011267144094064 0.29105273958547101 0.058537913801300238
decision_type=2 2 2 2 2 2
left_child=3 2 5 4 -1 -2
right_child=1 -3 -4 -5 -6 -7
leaf_value=-0.013728614867857323 -0.011637551495189141 -0.010638129475355362 0.016664662793055653 0.0050637043679036898 0.0044930398868085987 0.0088398872323835805
leaf_weight=55.823494657874107 3.1405586898326865 6.3853738605976096 48.320749133825302 5.0553552880883208 3.3370622992515555 2.8236735910177231
leaf_count=578 16 57 198 21 23 10
internal_value=-7.91812e-06 0.0118203 0.0146067 -0.011193 -0.0126432 -0.00206557
internal_weight=124.886 60.6704 54.285 64.2159 59.1606 5.96423
internal_count=903 281 224 622 601 26
is_linear=0
shrinkage=0.02


Tree=198
num_leaves=7
num_cat=0
split_feature=14 38 14 38 2 17
split_gain=38.4627 6.86691 6.42047 7.67721 4.85983 2.98681
threshold=-0.028077456079759793 0.060501921201270674 0.038044359955277836 0.038991839640575052 0.39241552839683685 0.10943202554744527
decision_type=2 2 2 2 2 2
left_child=1 -1 3 4 5 -2
right_child=2 -3 -4 -5 -6 -7
leaf_value=0.014572507666941736 0.0035883701968764752 -0.0089077114579253613 -0.012796624091799966 -0.013182893323103882 0.012093152356623407 -0.011779848379028415
leaf_weight=55.094270408153534 10.690021753311163 4.8094009310007086 48.033404715359211 16.376275837421417 13.239400550723074 8.0524111762642843
leaf_count=292 39 28 327 110 56 48
internal_value=0.00010595 0.0125721 -0.00769082 -0.00246278 0.00325971 -0.00327659
internal_weight=156.295 59.9037 96.3915 48.3581 31.9818 18.7424
internal_count=900 320 580 253 143 87
is_linear=0
shrinkage=0.02


Tree=199
num_leaves=7
num_cat=0
split_feature=42 40 15 42 46 40
split_gain=49.0922 7.7225 6.50715 4.22977 2.5351 4.04617
threshold=0.032703867146465747 0.039237907562878906 0.070516206618957314 -0.0052076279289635227 0.0054817897189254339 0.13342876825054348
decision_type=2 2 2 2 2 2
left_child=1 3 4 -1 5 -2
right_child=2 -3 -4 -5 -6 -7
leaf_value=0.0098339494856210692 -0.012109309606308816 0.014042892921183865 0.0093813416428112206 -0.014905563224398765 -0.014684031957377894 0.011337671785806061
leaf_weight=3.8497821390628815 6.9855085611343366 62.986904367804527 4.8835321962833396 5.6235429942607862 58.361593432724476 3.7204883918166161
leaf_count=14 41 302 20 26 482 15
internal_value=-8.22571e-05 0.0115372 -0.0114695 -0.00487287 -0.0130566 -0.00368868
internal_weight=146.411 72.4602 73.9511 9.47333 69.0676 10.706
internal_count=900 342 558 40 538 56
is_linear=0
shrinkage=0.02


Tree=200
num_leaves=7
num_cat=0
split_feature=38 28 18 28 46 42
split_gain=40.9916 5.40321 5.3987 4.81388 4.54928 1.72925
threshold=0.038991839640575052 0.11000076801528812 0.020097596177778069 0.10291348220514096 0.009364992800828047 0.048192156076165858
decision_type=2 2 2 2 2 2
left_child=2 5 -1 4 -4 -2
right_child=1 -3 3 -5 -6 -7
leaf_value=-0.012504526477869805 0.001037979884976161 -0.0082610141447931468 -0.01129742237525432 -0.012454614070543471 0.016694645800997707 0.016395257066411033
leaf_weight=56.612560704350471 3.2877275645732871 3.5938518270850173 2.4438287243247014 5.7449840307235709 7.1442362889647484 43.91083861887455
leaf_count=573 13 28 16 60 24 186
internal_value=-3.66885e-05 0.01357 -0.00969716 0.000799151 0.00916681 0.0153692
internal_weight=122.738 50.7924 71.9456 15.333 9.58807 47.1986
internal_count=900 227 673 100 40 199
is_linear=0
shrinkage=0.02


Tree=201
num_leaves=7
num_cat=0
split_feature=28 15 70 15 38 42
split_gain=42.5673 6.45184 4.32663 2.83761 5.76231 3.91737
threshold=0.14042933558932616 0.062633350414234512 0.020833333333333339 -0.00098432679956039358 0.019885391316032626 0.022410119833081988
decision_type=2 2 2 2 2 2
left_child=2 -2 -1 4 5 -4
right_child=1 -3 3 -5 -6 -7
leaf_value=0.0014563137187308202 0.014781015710362205 -0.010295205414632799 -0.011119126166481896 -0.01283355873917053 -0.012399038753165679 0.013779369201445469
leaf_weight=15.275734998285769 59.541741341352463 3.7166378051042548 2.7329800203442591 49.740258023142815 13.536124803125857 7.5110534727573395
leaf_count=69 326 21 18 350 83 24
internal_value=0.000747248 0.0131704 -0.00815113 -0.0101401 -0.00421565 0.00673864
internal_weight=152.055 63.2584 88.7962 73.5204 23.7802 10.244
internal_count=891 347 544 475 125 42
is_linear=0
shrinkage=0.02


Tree=202
num_leaves=7
num_cat=0
split_feature=42 40 2 42 0 12
split_gain=45.3683 8.59793 6.92424 6.52984 3.33621 2.55775
threshold=0.029851669877600743 0.078767920674795253 0.28341924398625434 1.0000000180025095e-35 0.11641257293431208 78.966903804515951
decision_type=2 2 2 2 2 2
left_child=1 3 4 5 -2 -1
right_child=2 -3 -4 -5 -6 -7
leaf_value=0.014665462300059875 -0.010018326402236355 0.015110176871152035 -0.013797536012822393 -0.01456778600947862 0.013321087556929226 -0.0057504376891744906
leaf_weight=7.2931641191244143 3.0282217040657979 50.182843945920467 64.671390756964684 7.2307348996400824 5.5148281008005142 2.8514002859592438
leaf_count=32 16 247 528 35 21 12
internal_value=-0.00075276 0.0109827 -0.0115837 -0.0011117 0.00486517 0.00892595
internal_weight=140.773 67.5581 73.2144 17.3753 8.54305 10.1446
internal_count=891 326 565 79 37 44
is_linear=0
shrinkage=0.02


Tree=203
num_leaves=7
num_cat=0
split_feature=39 4 28 48 49 47
split_gain=37.9759 6.32053 6.16507 3.85503 3.77959 1.2151
threshold=-0.0074109369742668399 0.0083000413280066142 0.11352590537522925 0.011650527791598256 -0.0012293321932355121 0.0012591625704996637
decision_type=2 2 2 2 2 2
left_child=1 4 3 -2 -1 -3
right_child=2 5 -4 -5 -6 -7
leaf_value=-0.0083611543254868033 -0.0081426541681689814 -0.01381454136732641 -0.011831471327948822 0.015416896986521773 0.017580915606279116 -0.0058453361023024378
leaf_weight=3.1840498894453049 2.3494142889976493 46.660777010023594 3.1920325085520735 47.419665798544884 4.1324240267276755 11.676148660480974
leaf_count=18 13 519 23 202 14 102
internal_value=-6.39465e-05 -0.0101609 0.0124091 0.0141663 0.00664335 -0.0123449
internal_weight=118.615 65.6534 52.9611 49.7691 7.31647 58.3369
internal_count=891 653 238 215 32 621
is_linear=0
shrinkage=0.02


Tree=204
num_leaves=7
num_cat=0
split_feature=20 15 40 66 63 5
split_gain=35.2036 9.85589 4.20959 3.44121 3.03073 2.91842
threshold=0.11350661083040998 0.062633350414234512 0.067744661625936078 55.993545939071133 0.088863578840799803 0.64231404958677696
decision_type=10 2 2 2 2 2
left_child=2 -2 3 -1 -5 -6
right_child=1 -3 -4 4 5 -7
leaf_value=-0.0092489836003031237 0.013826552068776005 -0.011949470474471029 -0.010705841056243184 0.013611678916341739 -0.012591240280899769 0.01277683959341422
leaf_weight=9.7410736382007617 59.771620139479637 5.8130930960178366 61.31390854716301 7.3439552187919599 4.3249292373657227 1.8112958520650861
leaf_count=52 327 35 413 26 25 7
internal_value=0.000495167 0.0113967 -0.00799694 -0.000697601 0.0056938 -0.00436197
internal_weight=150.12 65.5847 84.5352 23.2213 13.4802 6.13623
internal_count=885 362 523 110 58 32
is_linear=0
shrinkage=0.02


Tree=205
num_leaves=7
num_cat=0
split_feature=42 15 40 42 46 40
split_gain=44.3565 8.56731 4.97569 3.36249 3.13603 3.31985
threshold=0.021365249033499237 0.062633350414234512 0.039237907562878906 -0.011731221736226738 0.0052934058299355354 0.11806137841406648
decision_type=2 2 2 2 2 2
left_child=2 4 3 -1 5 -2
right_child=1 -3 -4 -5 -6 -7
leaf_value=0.011142899481899986 -0.01001475798828616 0.0092100052104208182 0.014438502916537029 -0.012303314228399028 -0.01435040306831353 0.0098253319109918198
leaf_weight=3.3793450444936752 8.4948885142803174 7.4639624431729308 53.848051086068153 4.5857161656022063 57.717696122825146 4.2888166904449454
leaf_count=12 51 32 269 20 482 19
internal_value=-0.000254262 -0.0102297 0.0122904 -0.00222243 -0.0123878 -0.00312867
internal_weight=139.778 77.9654 61.8131 7.96506 70.5014 12.7837
internal_count=885 584 301 32 552 70
is_linear=0
shrinkage=0.02


Tree=206
num_leaves=7
num_cat=0
split_feature=38 28 46 62 16 19
split_gain=39.8339 8.60512 3.96592 3.17048 2.18922 1.69495
threshold=0.026925250574297514 0.11352590537522925 0.0079147402953547753 0.18890487322424027 0.13189769130349449 -0.02011267144094064
decision_type=2 2 2 2 2 2
left_child=3 2 -2 4 5 -1
right_child=1 -3 -4 -5 -6 -7
leaf_value=-0.013678687652978009 -0.0034135499226990123 -0.010099505110050404 0.016297917751779002 0.010487517280828012 0.010499094984905618 -9.7293920974568379e-06
leaf_weight=54.130186721682549 4.1371048837900153 5.6477390229701987 44.995305597782135 1.8312682062387455 0.95017958432435889 3.8858569338917723
leaf_count=588 18 54 193 9 5 18
internal_value=-0.000334841 0.011921 0.0146032 -0.0113919 -0.0122349 -0.0127788
internal_weight=115.578 54.7801 49.1324 60.7975 58.9662 58.016
internal_count=885 265 211 620 611 606
is_linear=0
shrinkage=0.02


Tree=207
num_leaves=7
num_cat=0
split_feature=28 40 14 28 30 3
split_gain=38.0589 8.23708 5.45987 4.0512 3.08982 2.91326
threshold=0.14373778746385865 0.077017442196986835 0.02229818588943178 -0.0079201708901896258 -0.0041698717953985711 0.24473453268977624
decision_type=2 2 2 2 2 2
left_child=1 3 -2 -1 -4 -3
right_child=2 5 4 -5 -6 -7
leaf_value=-0.01305769255509439 0.015164363696221223 -0.013018771478292609 -0.013168763302065194 0.0046430644274917682 0.011492732663930902 0.0052901704539928063
leaf_weight=5.5761324390769031 49.514904245734215 58.041638642549515 4.1310497373342514 23.277838192880154 2.420833244919776 3.1746970266103736
leaf_count=36 288 411 23 103 10 13
internal_value=0.000122751 -0.0079028 0.0129282 0.000899527 -0.00374143 -0.0119995
internal_weight=146.137 90.0703 56.0668 28.854 6.55188 61.2163
internal_count=884 563 321 139 33 424
is_linear=0
shrinkage=0.02


Tree=208
num_leaves=7
num_cat=0
split_feature=30 46 14 40 14 2
split_gain=37.5138 9.79359 9.42345 4.8954 2.3539 2.13356
threshold=-0.0041698717953985711 0.0034695073532156201 -0.010697654837773072 0.080894462048743898 0.1404174554762731 0.48993107176645495
decision_type=2 2 2 2 2 2
left_child=2 3 -1 -2 -3 -5
right_child=1 4 -4 5 -6 -7
leaf_value=-0.0073942760583578905 -0.0094100786030573511 -0.014171689503245556 0.01453127803131601 0.014151842685876275 0.0087935255369162822 -0.0066753388142904817
leaf_weight=8.5627492591738683 6.9980284050107029 56.466833420097828 52.196937128901482 9.7540245205163938 1.2092924267053593 1.7816860228776921
leaf_count=55 35 475 258 45 6 10
internal_value=-0.000248651 -0.00954044 0.0113717 0.00298757 -0.0135485 0.0106592
internal_weight=136.97 76.2099 60.7597 18.5337 57.6761 11.5357
internal_count=884 571 313 90 481 55
is_linear=0
shrinkage=0.02


Tree=209
num_leaves=7
num_cat=0
split_feature=38 20 46 18 47 18
split_gain=37.6628 6.39143 4.04111 3.79458 3.00077 2.28186
threshold=0.027231802444228511 0.092358464888138564 0.0079147402953547753 0.020097596177778069 -1.0000000180025095e-35 0.095802610820299242
decision_type=2 10 2 2 2 2
left_child=3 2 -2 -1 5 -5
right_child=1 -3 -4 4 -6 -7
leaf_value=-0.013325832954247375 -0.0029614173037915813 -0.0049729036229783459 0.016238874619479541 -0.01288982725303953 0.011529341779657322 0.010948568529399587
leaf_weight=47.731602430343628 4.5468023195862761 7.3806385621428481 43.922206312417984 5.9778690412640572 4.1604226753115636 1.2558138296008108
leaf_count=526 20 62 194 57 20 5
internal_value=0.000140073 0.0118098 0.0144143 -0.0108961 -0.000463875 -0.00792423
internal_weight=114.975 55.8496 48.469 59.1257 11.3941 7.23368
internal_count=884 276 214 608 82 62
is_linear=0
shrinkage=0.02


Tree=210
num_leaves=7
num_cat=0
split_feature=24 40 42 47 42 43
split_gain=32.244 8.71144 7.44877 4.99467 6.41174 4.86909
threshold=0.29166666666666669 0.076329722014115683 0.005319536806507306 0.0040407287782345406 1.0000000180025095e-35 0.0011485658930781991
decision_type=10 2 2 2 2 2
left_child=1 3 -2 4 -1 -6
right_child=2 -3 -4 -5 5 -7
leaf_value=-0.010937685139876098 -0.0067982114964108518 -0.012332815348914622 0.013680904269443874 -0.012088054345488939 0.019142119444901601 -0.0035925361602038952
leaf_weight=5.7541807889938417 7.5130642130970946 54.219615824520588 55.430965319275856 7.4269910752773276 11.090897858142855 5.0696036145091048
leaf_count=34 45 390 319 49 37 26
internal_value=0.000454484 -0.00765261 0.0111684 0.00111725 0.00592481 0.0122164
internal_weight=146.505 83.5613 62.944 29.3417 21.9147 16.1605
internal_count=900 536 364 146 97 63
is_linear=0
shrinkage=0.02


Tree=211
num_leaves=7
num_cat=0
split_feature=42 14 40 42 28 53
split_gain=43.805 6.80358 5.83174 2.57264 2.39812 1.92735
threshold=0.028797711331442395 0.10047655244740152 0.039237907562878906 -0.0052076279289635227 0.22549849437095049 0.10652778599751436
decision_type=2 2 2 2 2 2
left_child=2 5 3 -1 -4 -2
right_child=1 -3 4 -5 -6 -7
leaf_value=0.0069779316887134089 0.0011685829545189535 0.0087808322447313746 0.014492977747398182 -0.014203000907652169 -0.0062096515190401859 -0.013638455457674444
leaf_weight=3.4518076628446579 3.5621600747108451 5.6865977346897116 54.664527744054794 3.9173468202352515 1.8053011372685421 62.570881322026253
leaf_count=13 23 27 281 17 10 529
internal_value=-0.000383549 -0.0110267 0.0115756 -0.00463328 0.0137346 -0.0128354
internal_weight=135.659 71.8196 63.839 7.36915 56.4698 66.133
internal_count=900 579 321 30 291 552
is_linear=0
shrinkage=0.02


Tree=212
num_leaves=7
num_cat=0
split_feature=39 28 42 46 61 28
split_gain=35.7217 6.59787 6.11182 3.68288 1.93784 1.79247
threshold=-0.0079331356917668166 0.01293482311810998 0.052581103981780293 0.012895622244921684 0.11866162641228604 0.020898872822668311
decision_type=2 2 2 2 2 2
left_child=1 3 5 -1 -3 -2
right_child=2 4 -4 -5 -6 -7
leaf_value=-0.0088796995102488809 0.0063817051459675346 0.0039723710927134469 0.014822230786369989 0.016526282674317432 -0.013325556027915041 -0.012876610227654569
leaf_weight=3.0239387080073348 2.4348542839288703 2.2979844510555258 44.316623486578465 4.6072730273008347 52.746031545102596 3.8210078179836273
leaf_count=26 10 16 205 16 603 24
internal_value=-0.000127998 -0.0101477 0.0122456 0.00659653 -0.0125454 -0.00553456
internal_weight=113.248 62.6752 50.5725 7.63121 55.044 6.25586
internal_count=900 661 239 42 619 34
is_linear=0
shrinkage=0.02


Tree=213
num_leaves=7
num_cat=0
split_feature=20 42 40 40 55 42
split_gain=32.9027 5.95546 5.55783 3.97164 3.33993 3.07631
threshold=0.11264831094982092 0.01920143137671761 0.07407757091967207 0.084070205335344816 1.7783625730994153 0.0109476910150194
decision_type=10 2 2 2 2 2
left_child=2 3 4 -2 5 -1
right_child=1 -3 -4 -5 -6 -7
leaf_value=-0.0089468112872793659 0.011532323388269183 0.01347930748218009 -0.011699907720329446 -0.013040325779217644 -0.0094104944655784995 0.01013642234422503
leaf_weight=3.74645618349314 3.3730627894401533 51.000555619597435 58.837693080306053 5.7363546341657639 9.0816232860088331 11.625248998403547
leaf_count=22 14 298 424 39 53 48
internal_value=-0.000318146 0.0108578 -0.00841678 -0.00370078 -0.000367883 0.00522299
internal_weight=143.401 60.11 83.291 9.10942 24.4533 15.3717
internal_count=898 351 547 53 123 70
is_linear=0
shrinkage=0.02


Tree=214
num_leaves=7
num_cat=0
split_feature=42 2 40 46 40 17
split_gain=41.8861 11.9379 3.88813 3.35993 3.29905 3.16527
threshold=0.020474291534204814 0.28341924398625434 0.039237907562878906 0.0031599787058969302 0.13342876825054348 0.085006021678040958
decision_type=2 2 2 2 2 2
left_child=2 5 -1 4 -3 -2
right_child=1 3 -4 -5 -6 -7
leaf_value=-0.0019562516682244992 -0.0075479679623647582 -0.0098190595523398802 0.014725743707738994 -0.014388984277263006 0.011952933385848359 0.014597959236959371
leaf_weight=5.985598310828208 2.8122021034359923 6.1870105713605863 53.304303728044033 55.169488221406937 3.5556129887700081 8.6751630157232267
leaf_count=24 16 36 279 492 14 37
internal_value=0.000542327 -0.00919742 0.0130371 -0.0125066 -0.00150026 0.00900616
internal_weight=135.689 76.3995 59.2899 64.9121 9.74262 11.4874
internal_count=898 595 303 542 50 53
is_linear=0
shrinkage=0.02


Tree=215
num_leaves=7
num_cat=0
split_feature=47 28 43 28 30 54
split_gain=30.249 12.4948 8.37278 2.00599 1.12255 0.749192
threshold=1.0000000180025095e-35 0.11352590537522925 0.042551064423043454 -0.0067340594566934605 0.072595224491523405 10.821428571428573
decision_type=2 2 2 2 2 2
left_child=2 -2 3 -1 -4 -5
right_child=1 -3 4 5 -6 -7
leaf_value=0.0043838269916256509 0.01521030944205148 -0.012430198950904772 -0.0018316955766476642 -0.013332071045141778 0.013919002080335634 0.002807601357930868
leaf_weight=2.3281925767660132 43.013857297599316 6.9076522663235655 2.2632666751742354 51.421558789908886 5.1580072790384293 0.85256760567426582
leaf_count=13 196 85 14 562 23 5
internal_value=-0.000249588 0.0112167 -0.0095101 -0.0122135 0.0094684 -0.0130211
internal_weight=111.945 49.9215 62.0236 54.6023 7.42127 52.2741
internal_count=898 281 617 580 37 567
is_linear=0
shrinkage=0.02


Tree=216
num_leaves=7
num_cat=0
split_feature=28 14 40 38 42 8
split_gain=37.0752 6.9742 6.1661 4.0161 6.81753 2.48084
threshold=0.14042933558932616 0.02229818588943178 0.077017442196986835 0.038991839640575052 -0.0052076279289635227 0.43788720727228875
decision_type=2 2 2 2 2 2
left_child=2 -2 3 4 -1 -6
right_child=1 -3 -4 -5 5 -7
leaf_value=-0.012744532141583781 0.01506541144326492 -0.0046440115917156782 -0.012191528978386488 -0.010511121129013264 0.0023524657275080909 0.02060583034144611
leaf_weight=4.9969539418816611 48.765357449650764 7.9182140678167334 56.81816554069519 9.1256727799773198 5.3977246880531311 6.5441673845052719
leaf_count=32 300 41 415 61 19 22
internal_value=-6.35204e-05 0.0122794 -0.00855061 -0.000456549 0.00524426 0.0131746
internal_weight=139.566 56.6836 82.8827 26.0645 16.9388 11.9419
internal_count=890 341 549 134 73 41
is_linear=0
shrinkage=0.02


Tree=217
num_leaves=7
num_cat=0
split_feature=42 18 15 42 12 40
split_gain=40.366 8.4358 6.14399 5.0126 3.41285 1.60951
threshold=0.038971205791997275 -0.0091989236114220479 0.070516206618957314 0.00072863773870476833 208.95833333333337 0.10574122352710692
decision_type=2 2 2 2 2 2
left_child=1 4 -2 -3 -1 -5
right_child=2 3 -4 5 -6 -7
leaf_value=0.015342474434352651 -0.013563529899633203 0.0097932296257812485 0.0095140140052600766 -0.01522407984047369 -0.0052722319645513386 0.0031223996364035948
leaf_weight=50.439534306526184 56.43892427533865 7.1285791695117977 4.3230704665184012 7.2640073075890523 2.9558766931295386 2.0976525470614433
leaf_count=263 512 32 19 35 19 10
internal_value=2.57345e-05 0.0103239 -0.0117942 -0.00208887 0.0141253 -0.0112086
internal_weight=130.648 69.8857 60.762 16.4902 53.3954 9.36166
internal_count=890 359 531 77 282 45
is_linear=0
shrinkage=0.02


Tree=218
num_leaves=7
num_cat=0
split_feature=38 47 20 42 20 61
split_gain=37.9729 7.24151 6.83985 2.12937 1.24748 1.05919
threshold=0.048701672062630548 0.0022523642417861646 0.073376256371049581 0.035535050704177 0.11718930288527453 0.28207748100391439
decision_type=2 2 10 2 8 2
left_child=1 -1 -3 -2 -5 -4
right_child=3 2 5 4 -6 -7
leaf_value=-0.013158126116068923 -0.0036703363188027322 0.016595793745224602 -0.01261912337052 0.015855425159981951 0.000526943095434568 0.0040101370278405428
leaf_weight=50.601029872894287 2.2023857831954947 6.5248091518878919 6.3169766142964363 40.137198403477669 2.3131567612290374 1.4257706701755521
leaf_count=571 9 23 72 189 16 10
internal_value=5.01346e-05 -0.0096662 0.00276888 0.0140679 0.0150515 -0.00944854
internal_weight=109.521 64.8686 14.2676 44.6527 42.4504 7.74275
internal_count=890 676 105 214 205 82
is_linear=0
shrinkage=0.02


Tree=219
num_leaves=7
num_cat=0
split_feature=28 15 40 28 9 3
split_gain=36.8411 6.089 5.6951 3.08649 3.31371 3.02048
threshold=0.14042933558932616 0.043369965740664443 0.069080090261129448 0.086908624704955598 102.39787581699348 0.25701179554390569
decision_type=2 2 2 2 2 2
left_child=2 -2 3 4 -1 -4
right_child=1 -3 5 -5 -6 -7
leaf_value=-0.0078147977597728142 0.014739210487383596 -0.0075856510476551321 -0.012727669069729166 0.012526171804376093 0.014217385805210831 0.0064535358929692357
leaf_weight=14.187911726534372 48.650481909513474 4.8096215873956671 56.883475236594677 5.0630036741495124 2.3762023001909247 2.8960721418261519
leaf_count=80 299 30 431 19 9 12
internal_value=-0.000136771 0.0126283 -0.00857117 0.000232311 -0.00402467 -0.0117075
internal_weight=134.867 53.4601 81.4067 21.6271 16.5641 59.7795
internal_count=880 329 551 108 89 443
is_linear=0
shrinkage=0.02


Tree=220
num_leaves=7
num_cat=0
split_feature=42 2 14 0 40 39
split_gain=40.7504 7.85494 5.10035 2.51116 1.49413 0.936197
threshold=0.027517227988483679 0.28341924398625434 -0.030161374076849403 0.11077027948193593 0.10939350938506699 -0.0020364194990037036
decision_type=2 2 2 2 2 2
left_child=2 4 -1 -4 -2 -5
right_child=1 -3 3 5 -6 -7
leaf_value=-0.008819781506190106 -0.002415525113086047 -0.013382539347196794 -0.0016602093079727618 0.015008745471645222 0.013799399193060089 0.0011467395685085117
leaf_weight=3.8305081725120536 3.4864667132496825 58.512770421802998 3.9678258672356597 49.424854665994644 4.3888901174068451 2.2068559974431983
leaf_count=23 17 527 16 269 19 9
internal_value=-0.000183461 -0.0108759 0.0117432 0.0132906 0.0071576 0.0144493
internal_weight=125.818 66.3881 59.43 55.5995 7.87536 51.6317
internal_count=880 563 317 294 36 278
is_linear=0
shrinkage=0.02


Tree=221
num_leaves=7
num_cat=0
split_feature=47 20 30 20 48 18
split_gain=28.1891 10.4922 5.3041 3.48694 1.63 1.41195
threshold=0.0004980613279487188 0.13426917058522483 0.064910227194220016 0.14894089020665208 0.024825203198345223 0.081519274825772828
decision_type=2 10 2 10 2 2
left_child=2 -2 5 4 -4 -1
right_child=1 -3 3 -5 -6 -7
leaf_value=-0.012754409893460179 0.014929122615828643 -0.012098731567826943 -0.0011838753995751072 -0.011327084549196977 0.015256270459722396 0.0049215940846699391
leaf_weight=43.795441534370184 42.800230801105499 5.8487607464194289 3.7289637699723226 4.1693688929080954 5.1973075121641159 1.3884621486067761
leaf_count=494 205 76 17 59 21 8
internal_value=0.000387745 0.0115015 -0.00892701 0.00215637 0.008961 -0.0121164
internal_weight=106.929 48.649 58.2795 13.0956 8.92627 45.1839
internal_count=880 281 599 97 38 502
is_linear=0
shrinkage=0.02


Tree=222
num_leaves=7
num_cat=0
split_feature=28 15 40 70 28 44
split_gain=32.3149 8.24673 7.38651 3.07459 2.9096 2.43997
threshold=0.13499359144159967 0.062633350414234512 0.062993750448413502 0.012250000000000002 -0.0079201708901896258 0.012166364782166232
decision_type=2 2 2 2 2 2
left_child=2 -2 4 -4 -1 -6
right_child=1 -3 3 -5 5 -7
leaf_value=-0.011912327933155924 0.014598948372800959 -0.011275034601363183 0.004712590421769876 -0.012244783856980657 -0.003452415638235653 0.012095438367557661
leaf_weight=3.2403958961367634 51.252612538635731 4.7106934860348693 4.1232584640383712 54.489276148378849 5.709868140518668 10.311588123440741
leaf_count=20 317 30 18 410 28 41
internal_value=0.000788169 0.0122613 -0.00750776 -0.0109928 0.00311622 0.00667706
internal_weight=133.838 55.9633 77.8744 58.6125 19.2619 16.0215
internal_count=864 347 517 428 89 69
is_linear=0
shrinkage=0.02


Tree=223
num_leaves=7
num_cat=0
split_feature=15 46 44 14 2 35
split_gain=29.6597 12.8115 4.7824 4.16847 3.69015 3.12675
threshold=0.040300263115127022 0.0013614894018949694 0.047143805763468986 -0.030161374076849403 0.26617544471573079 -0.0020429483466101041
decision_type=2 2 2 2 2 2
left_child=1 3 -2 -1 -3 -5
right_child=2 4 -4 5 -6 -7
leaf_value=-0.0099573797826238274 0.014983516693802899 0.003771336219572219 -0.0077928491325425925 0.013177761261315058 -0.014047961854504616 -0.0070648860965812944
leaf_weight=4.9570933952927616 37.367481097579002 4.6664349958300582 3.467176489531993 14.479214653372768 54.374881938099861 3.1246101781725857
leaf_count=34 208 21 17 67 504 13
internal_value=-0.000817762 -0.0077602 0.0129096 0.00490322 -0.0126002 0.00939815
internal_weight=122.437 81.6022 40.8347 22.5609 59.0413 17.6038
internal_count=864 639 225 114 525 80
is_linear=0
shrinkage=0.02


Tree=224
num_leaves=7
num_cat=0
split_feature=38 20 46 23 72 62
split_gain=32.3649 5.96182 4.74143 2.24798 2.04032 2.01207
threshold=0.024529950270922165 0.092358464888138564 0.0079147402953547753 263.26965018382356 0.25575000000000009 0.18890487322424027
decision_type=2 10 2 10 2 2
left_child=4 2 -2 -3 5 -1
right_child=1 3 -4 -5 -6 -7
leaf_value=-0.012902197973034855 -0.0042082109716882607 0.0083646995378359023 0.015726567140157705 -0.012192140070027516 0.0049895828577116823 0.0082673637677020944
leaf_weight=47.263998009264469 4.9746351018548003 2.4460064545273772 40.409805670380592 4.9760404266417027 2.4014114364981642 1.2197445854544628
leaf_count=557 22 11 193 56 18 7
internal_value=-5.09396e-05 0.0108176 0.0134979 -0.00522865 -0.0113209 -0.0122133
internal_weight=103.692 52.8065 45.3844 7.42205 50.8852 48.4837
internal_count=864 282 215 67 582 564
is_linear=0
shrinkage=0.02


Tree=225
num_leaves=7
num_cat=0
split_feature=28 15 40 43 28 45
split_gain=33.8052 7.47999 6.17823 2.35825 2.16306 2.78076
threshold=0.14042933558932616 0.062633350414234512 0.037531013108545043 0.0011485658930781991 0.085837477833543452 -0.017423789258764668
decision_type=2 2 2 2 2 2
left_child=2 -2 3 -1 -4 -6
right_child=1 -3 4 -5 5 -7
leaf_value=0.010008616986133787 0.01440530416628309 -0.011029895619504355 -0.012290158957989235 -0.0090438088188908757 -0.010160548994437298 0.0041970211192816145
leaf_weight=8.9615209698677045 50.519926175475121 4.3561140149831763 50.380227759480476 2.6478789672255507 12.023060679435732 8.4669327065348607
leaf_count=33 320 27 385 16 89 37
internal_value=0.000185995 0.012225 -0.00787437 0.00529052 -0.0100745 -0.00430845
internal_weight=137.356 54.876 82.4796 11.6094 70.8702 20.49
internal_count=907 347 560 49 511 126
is_linear=0
shrinkage=0.02


Tree=226
num_leaves=7
num_cat=0
split_feature=42 30 18 42 43 2
split_gain=34.6713 12.7064 4.81305 2.60178 2.51552 1.5133
threshold=0.0099345188642554916 -0.0026338780120220974 -0.016172840805959484 0.066236817852183674 -0.010313951986804777 0.45738498789346255
decision_type=2 2 2 2 2 2
left_child=4 2 3 -2 5 -1
right_child=1 -3 -4 -5 -6 -7
leaf_value=0.014786933128990067 0.014167407489879951 -0.013296663445023267 -0.0092369316391305942 -0.0059085689785318956 -0.0074329047666225802 -0.00048946551264946489
leaf_weight=42.501341968774796 12.379841543734075 58.215622544288635 6.2353795468807212 2.6064920052886 1.7281042411923397 2.6913422346115103
leaf_count=236 61 532 40 18 8 12
internal_value=-0.000508704 -0.00852781 0.00456381 0.0105245 0.0129624 0.0138863
internal_weight=126.358 79.4373 21.2217 14.9863 46.9208 45.1927
internal_count=907 651 119 79 256 248
is_linear=0
shrinkage=0.02


Tree=227
num_leaves=7
num_cat=0
split_feature=43 20 29 29 20 43
split_gain=29.989 14.4031 2.95663 1.47618 1.01892 0.943283
threshold=0.0011485658930781991 0.14386751222922736 -0.054546163406249584 0.019516202754343435 0.027284462005928132 -0.0072916734886824949
decision_type=2 10 2 2 8 2
left_child=2 3 4 -2 -1 -4
right_child=1 -3 5 -5 -6 -7
leaf_value=0.012188312524933215 0.014641475289184221 -0.012694756111891086 -0.013910131440986699 0.0011111911102135675 -0.0053264160757635981 -0.0040350282270748454
leaf_weight=1.9916888326406468 47.731791272759438 8.9855372980236989 38.50728252902627 3.6378314942121497 1.6072284057736399 5.4103033058345309
leaf_count=8 231 123 462 19 18 46
internal_value=0.000358717 0.00964703 -0.0113949 0.0137228 0.00490908 -0.0128105
internal_weight=107.872 60.3552 47.5165 51.3696 3.59892 43.9176
internal_count=907 373 534 250 26 508
is_linear=0
shrinkage=0.02


Tree=228
num_leaves=7
num_cat=0
split_feature=28 30 40 23 38 71
split_gain=33.5103 4.69128 4.47578 2.88854 3.54174 2.59047
threshold=0.14042933558932616 -0.017086990654631411 0.072693103800117453 120.21736639717427 0.068259426444936031 0.21383333333333335
decision_type=2 2 2 10 2 2
left_child=2 -2 3 5 -5 -1
right_child=1 -3 -4 4 -6 -7
leaf_value=0.0050079991806357624 -0.0038230925741446703 0.014360334064101636 -0.011431651352318993 0.011325711456913334 -0.011128879217732073 -0.014133876516285965
leaf_weight=3.6235262081027049 6.0140499100089064 47.177555933594704 52.711148411035538 9.4099794924259168 2.9550617560744277 7.448162816464901
leaf_count=16 39 307 404 40 22 44
internal_value=0.000219869 0.0122718 -0.00824874 -0.000915247 0.00552823 -0.00797326
internal_weight=129.339 53.1916 76.1479 23.4367 12.365 11.0717
internal_count=872 346 526 122 62 60
is_linear=0
shrinkage=0.02


Tree=229
num_leaves=7
num_cat=0
split_feature=44 30 41 27 6 17
split_gain=30.0271 11.0727 5.61809 2.59609 2.31093 1.43488
threshold=0.006115950537361429 0.001542903024573779 0.027690588508295508 -0.18331305126131189 301.74716503267979 0.10432213930348259
decision_type=2 2 2 2 2 2
left_child=4 2 -2 -4 5 -1
right_child=1 -3 3 -5 -6 -7
leaf_value=0.0035292027868136047 -0.0082321231502431053 -0.01322524289786001 -0.0088627488052798603 0.014005244865901103 -0.006307797593265641 0.014696174103313276
leaf_weight=6.0422251001000395 9.3120318576693553 49.110805884003639 1.6298400536179531 12.499001644551752 1.9694487750530232 39.292987808585167
leaf_count=26 52 475 18 63 16 222
internal_value=0.000135758 -0.00791101 0.00330836 0.0109558 0.0123855 0.0133161
internal_weight=119.856 72.5517 23.4409 14.1288 47.3047 45.3352
internal_count=872 608 133 81 264 248
is_linear=0
shrinkage=0.02


Tree=230
num_leaves=7
num_cat=0
split_feature=28 46 43 47 28 28
split_gain=26.503 15.5454 3.464 1.48977 2.27672 1.37538
threshold=0.062516793501303639 0.0079147402953547753 -0.027008229583779676 0.0072931103602614017 0.11352590537522925 -0.0047320439599957262
decision_type=2 2 2 2 2 2
left_child=1 5 -3 -2 -5 -1
right_child=3 2 -4 4 -6 -7
leaf_value=0.0038900208176456657 -0.013425740083410456 -0.0031527335043491701 0.015946659951717738 0.0089664527100982976 -0.011425490325479249 -0.013512235472653558
leaf_weight=1.7098950818181045 37.154353320598602 3.860831454396247 39.502470433712006 2.9042188525199881 4.081387110054493 10.164687704294916
leaf_count=9 472 29 190 11 54 107
internal_value=-0.000448953 0.00871718 0.0142134 -0.0118587 -0.00288649 -0.0108989
internal_weight=99.3778 55.2379 43.3633 44.14 6.98561 11.8746
internal_count=872 335 219 537 65 116
is_linear=0
shrinkage=0.02


Tree=231
num_leaves=7
num_cat=0
split_feature=20 40 14 38 23 71
split_gain=29.198 6.42183 4.19854 3.80865 4.10877 3.50135
threshold=0.14386751222922736 0.07407757091967207 -0.04128658979800013 0.066385877602505625 120.21736639717427 0.21383333333333335
decision_type=8 2 2 2 10 2
left_child=1 3 -3 4 5 -1
right_child=-2 2 -4 -5 -6 -7
leaf_value=0.0093446334311401199 0.012832690827885875 0.0048901215273357383 -0.012277202996136058 -0.012532509354822249 0.012654738355905444 -0.013061293272091769
leaf_weight=3.7595083713531547 45.159043900668621 5.8376941755414 52.865992538630962 5.2997628003358832 11.621705085039137 5.9427697286009789
leaf_count=15 301 31 425 40 51 34
internal_value=-7.41507e-06 -0.0068729 -0.0105167 0.00125135 0.00508506 -0.00431737
internal_weight=130.486 85.3274 58.7037 26.6237 21.324 9.70228
internal_count=897 596 456 140 100 49
is_linear=0
shrinkage=0.02


Tree=232
num_leaves=7
num_cat=0
split_feature=15 44 44 36 18 30
split_gain=29.8034 13.4674 5.02717 2.78031 2.39046 1.92366
threshold=0.040300263115127022 0.006115950537361429 0.047143805763468986 0.027950499419023819 -0.10584960600012143 0.020181972310752052
decision_type=2 2 2 2 2 2
left_child=1 3 -2 5 -3 -1
right_child=2 4 -4 -5 -6 -7
leaf_value=0.014275040240396209 0.014998634914584752 0.0028548158038981808 -0.0079693107002972285 -0.0080413793581752165 -0.013043474495324977 -0.0016291701440144988
leaf_weight=11.727378979325296 40.260889463126659 3.7055087015032759 3.5826772674918166 3.2111846059560767 55.82251588255167 3.7472166940569869
leaf_count=59 233 29 18 17 521 20
internal_value=-4.3129e-05 -0.00741845 0.0129859 0.00711611 -0.012023 0.0105587
internal_weight=122.057 78.2138 43.8436 18.6858 59.528 15.4746
internal_count=897 646 251 96 550 79
is_linear=0
shrinkage=0.02


Tree=233
num_leaves=7
num_cat=0
split_feature=38 47 31 28 62 44
split_gain=30.652 5.59047 5.70688 5.00632 3.02217 1.58458
threshold=0.038991839640575052 0.0012591625704996637 -0.028064388438153089 0.11000076801528812 0.17997570853395486 0.0086193203622938735
decision_type=2 2 2 2 2 2
left_child=1 4 -3 5 -1 -2
right_child=3 2 -4 -5 -6 -7
leaf_value=-0.013958179688887268 -7.469163022198203e-05 -0.012287893441560836 0.011834633624754318 -0.01082194378252097 0.006626795817089989 0.015519333669071735
leaf_weight=42.113671444356441 2.7845150753855696 5.8560049869120112 8.1933893337845785 2.6758508533239356 2.4854719042778006 37.692458733916283
leaf_count=533 12 77 36 28 18 193
internal_value=6.11113e-05 -0.00929002 0.0016316 0.0126927 -0.0126908 0.0144706
internal_weight=101.801 58.6485 14.0494 43.1528 44.5991 40.477
internal_count=897 664 113 233 551 205
is_linear=0
shrinkage=0.02


Tree=234
num_leaves=7
num_cat=0
split_feature=28 14 70 30 21 48
split_gain=33.1442 5.13393 4.18108 2.69405 2.33505 2.38879
threshold=0.14042933558932616 0.027731579531057305 0.020833333333333339 -0.0041698717953985711 -0.01074130440328677 0.026726180658804107
decision_type=2 2 2 2 10 2
left_child=2 -2 4 -3 -1 -6
right_child=1 3 -4 -5 5 -7
leaf_value=-0.0046366863950143139 0.014817365358874172 -0.012807095454329691 -0.010452697167277123 0.010849874818205929 0.018145824449001872 -0.0059068908752330507
leaf_weight=10.31625612080097 44.564740866422653 3.981317937374115 61.675157070159912 2.2072301879525176 3.7356014028191558 1.9318768754601476
leaf_count=52 304 26 475 10 12 13
internal_value=5.54043e-05 0.0124852 -0.00812345 -0.00403394 0.000950509 0.0102907
internal_weight=128.412 50.7533 77.6589 6.18855 15.9837 5.66748
internal_count=892 340 552 36 77 25
is_linear=0
shrinkage=0.02


Tree=235
num_leaves=7
num_cat=0
split_feature=42 43 40 2 42 17
split_gain=34.7935 8.16424 5.00064 4.08995 2.27902 2.22659
threshold=0.038971205791997275 -0.007419507890758458 0.039237907562878906 0.28341924398625434 -0.011731221736226738 0.094228634850166498
decision_type=2 2 2 2 2 2
left_child=1 2 4 5 -1 -2
right_child=3 -3 -4 -5 -6 -7
leaf_value=0.0093762327358274927 -0.0089517514653617309 -0.010409515096121249 0.01435518075048931 -0.0135908731657753 -0.011319015256688308 0.012876489576432117
leaf_weight=2.6104907244443893 2.3906925022602072 6.4350731149315825 49.798457682132721 49.769793182611465 4.3238364756107321 3.2940589636564255
leaf_count=10 14 38 290 502 23 15
internal_value=-0.000331445 0.00974659 0.0121736 -0.0117806 -0.0033283 0.00373084
internal_weight=118.622 63.1679 56.7328 55.4545 6.93433 5.68475
internal_count=892 361 323 531 33 29
is_linear=0
shrinkage=0.02


Tree=236
num_leaves=7
num_cat=0
split_feature=38 28 46 52 19 38
split_gain=28.473 7.11525 4.73391 2.80384 2.95171 1.946
threshold=0.024529950270922165 0.11955350104600689 0.0079147402953547753 0.29105273958547101 -0.02011267144094064 0.065728768092275139
decision_type=2 2 2 2 2 2
left_child=3 2 5 4 -1 -2
right_child=1 -3 -4 -5 -6 -7
leaf_value=-0.013009817657775227 -0.011978568289465695 -0.011596050444602464 0.015510881473814535 0.0077581810044897092 0.0034316903935729267 0.0081893211927991684
leaf_weight=42.832621540874243 3.2764546275138846 4.3981922268867484 40.335273578763008 2.5769243575632563 4.4418159350752822 2.5393225699663162
leaf_count=566 17 57 203 19 20 10
internal_value=0.000320297 0.0107918 0.013126 -0.0103012 -0.0114259 -0.00326319
internal_weight=100.401 50.5492 46.1511 49.8514 47.2744 5.81578
internal_count=892 287 230 605 586 27
is_linear=0
shrinkage=0.02


Tree=237
num_leaves=7
num_cat=0
split_feature=14 14 20 24 63 71
split_gain=25.3099 6.14926 5.16162 5.14645 2.96918 2.68554
threshold=-0.025957329147263699 0.038044359955277836 0.061195892685062682 0.45000000000000007 0.071651514414896214 0.34325000000000011
decision_type=2 2 8 10 2 2
left_child=2 3 -1 4 -2 -6
right_child=1 -3 -4 -5 5 -7
leaf_value=-0.0076509317391488729 0.005896095848108465 -0.012386056305870441 0.013998021050947995 0.013142731504061872 -0.010190362677527771 0.009587315362804898
leaf_weight=4.2758289575576782 7.4171111807227161 37.279565580189228 42.084861397743225 7.1983265131711951 21.616794832050804 2.3291393816471091
leaf_count=29 37 316 281 41 151 10
internal_value=0.000384943 -0.00670622 0.011882 -0.0010409 -0.00460178 -0.00795945
internal_weight=122.202 75.8409 46.3607 38.5614 31.363 23.9459
internal_count=865 555 310 239 198 161
is_linear=0
shrinkage=0.02


Tree=238
num_leaves=7
num_cat=0
split_feature=42 18 15 15 7 42
split_gain=31.8729 7.93305 4.91214 4.12608 2.7027 1.7399
threshold=0.042158900029689812 -0.0091989236114220479 0.041345101727199927 0.070516206618957314 361.9356469002696 1.0000000180025095e-35
decision_type=2 2 2 2 2 2
left_child=1 4 5 -2 -1 -3
right_child=3 2 -4 -5 -6 -7
leaf_value=0.015147599634552103 -0.013206224159867741 0.0023604510092199672 0.012963444218750743 0.007757447336829564 -0.00084559228395188028 -0.013915617658491254
leaf_weight=41.092114374041557 48.44260098785162 3.3133770525455501 4.7358416616916648 3.42468237876892 4.5843078121542922 8.207469739019869
leaf_count=243 489 16 26 17 30 44
internal_value=-0.000255602 0.00936363 -0.00252597 -0.0117015 0.0135587 -0.00941998
internal_weight=113.8 61.9331 16.2567 51.8673 45.6764 11.5208
internal_count=865 359 86 506 273 60
is_linear=0
shrinkage=0.02


Tree=239
num_leaves=7
num_cat=0
split_feature=38 28 46 47 20 62
split_gain=28.8455 7.14308 3.86922 2.51954 3.62678 1.96919
threshold=0.028505430272976064 0.11000076801528812 0.0079147402953547753 0.0040407287782345406 0.073376256371049581 0.17997570853395486
decision_type=2 2 2 2 10 2
left_child=3 2 -2 5 -5 -1
right_child=1 -3 -4 4 -6 -7
leaf_value=-0.013992399175100622 -0.0030239481306979453 -0.011860022468511902 0.015389095347024789 0.015067409822084762 -0.010264721200260181 0.004336448147038153
leaf_weight=38.16185462102294 4.8341218382120124 4.2644408084452143 37.942712858319283 2.7335476279258719 4.7313490398228168 2.0548250675201407
leaf_count=508 22 52 197 10 59 17
internal_value=-0.000188903 0.0108077 0.0132867 -0.011037 -0.000304293 -0.0129734
internal_weight=94.7229 47.0413 42.7768 47.6816 7.4649 40.2167
internal_count=865 271 219 594 69 525
is_linear=0
shrinkage=0.02


Tree=240
num_leaves=7
num_cat=0
split_feature=14 10 39 14 30 67
split_gain=26.1473 5.34517 3.89984 2.95166 2.04132 1.70275
threshold=-0.024657253961934047 1.3902495847813319 0.027760364917842045 0.026669748597114396 0.10058141669548827 56.176672442813057
decision_type=2 2 2 2 2 2
left_child=2 5 -1 4 -3 -2
right_child=1 3 -4 -5 -6 -7
leaf_value=0.01324137852996876 -0.010468165918108294 0.015120615024900745 -0.0102363875171945 -0.0061490660732432421 -0.0064468971489069302 0.0039919205236927683
leaf_weight=45.159486748278141 55.301566332578659 6.8696189224719983 2.3029304295778266 6.4909420832991591 1.6435119360685346 2.957953304052352
leaf_count=306 439 36 20 45 12 19
internal_value=0.000490607 -0.00697092 0.0119145 0.00349216 0.0107169 -0.00967902
internal_weight=120.726 73.2636 47.4624 15.0041 8.51313 58.2595
internal_count=877 551 326 93 48 458
is_linear=0
shrinkage=0.02


Tree=241
num_leaves=7
num_cat=0
split_feature=2 15 17 45 2 49
split_gain=27.3843 6.93221 5.86609 3.16531 2.20643 1.71264
threshold=0.33715295966474595 0.046515694391099691 0.08951465201465203 -0.056271292415091878 0.21231060606060609 0.0092763474914108034
decision_type=2 2 2 2 2 2
left_child=2 3 4 -2 -1 -3
right_child=1 5 -4 -5 -6 -7
leaf_value=0.0088978961263183696 0.006554492484621725 0.014208705111762528 0.013737521503828119 -0.012585038342495787 -0.011453038666983198 -0.0053424255049598678
leaf_weight=2.3582526594400397 3.1025858223438254 5.0561423897743216 41.648262500762939 51.380525417625904 5.2241873294115067 1.9265358746051786
leaf_count=9 19 25 257 519 36 12
internal_value=-0.000156034 -0.00899541 0.0108395 -0.0113966 -0.00482432 0.00882099
internal_weight=110.696 61.4658 49.2307 54.4831 7.58244 6.98268
internal_count=877 575 302 538 45 37
is_linear=0
shrinkage=0.02


Tree=242
num_leaves=7
num_cat=0
split_feature=39 4 47 29 37 70
split_gain=26.5773 4.36525 3.80444 3.41442 1.62285 0.886469
threshold=-0.002354647826760137 0.020980046948356808 0.0022523642417861646 0.01355534738435653 -0.019675197263369089 0.018750000000000003
decision_type=2 2 2 2 2 2
left_child=1 2 4 5 -1 -2
right_child=3 -3 -4 -5 -6 -7
leaf_value=0.0047515522706131474 0.0022408549801571972 -0.012983737412479638 0.011845483168005351 -0.0049788975494108505 -0.012341306659544631 0.014760216173226693
leaf_weight=2.4845473133027545 2.8491118997335425 38.761517219245434 5.440554901957511 3.813423514366149 6.8086829707026473 32.388608023524284
leaf_count=17 14 563 22 22 63 176
internal_value=-0.000452087 -0.00953796 -0.000223777 0.0119218 -0.00775387 0.0138377
internal_weight=92.5464 53.4953 14.7338 39.0511 9.29323 35.2377
internal_count=877 665 102 212 80 190
is_linear=0
shrinkage=0.02


Tree=243
num_leaves=7
num_cat=0
split_feature=20 40 15 29 42 7
split_gain=25.9482 6.29904 3.99859 3.85339 4.54356 2.61709
threshold=0.14515155372256638 0.07407757091967207 0.062633350414234512 -0.033935449773029626 -0.0052076279289635227 662.57200748809532
decision_type=10 2 2 2 2 2
left_child=1 3 -2 -1 -5 -3
right_child=2 5 -4 4 -6 -7
leaf_value=-0.009931239188694976 0.014576388361232493 -0.010977721497472661 -0.0088634757237581515 -0.010237897427013596 0.010974959453530702 0.0071318318084518028
leaf_weight=7.4714496508240726 38.193087823688984 54.483219154179096 2.4959513917565337 4.4562876746058526 15.759248152375216 2.7267499193549147
leaf_count=52 282 451 15 29 67 14
internal_value=1.37912e-05 -0.00626986 0.0129604 0.00153168 0.00603667 -0.0100069
internal_weight=125.586 84.897 40.689 27.687 20.2155 57.21
internal_count=910 613 297 148 96 465
is_linear=0
shrinkage=0.02


Tree=244
num_leaves=7
num_cat=0
split_feature=42 2 17 17 2 48
split_gain=31.4734 8.88075 3.44977 2.48023 3.17164 2.11079
threshold=0.015311420769751014 0.28341924398625434 0.085006021678040958 0.1114996114996115 0.24264069264069268 0.023074737746129278
decision_type=2 2 2 2 2 2
left_child=3 2 -2 4 -1 -3
right_child=1 5 -4 -5 -6 -7
leaf_value=0.013243709785525271 -0.0092318880688598733 -0.0054216368101992407 0.012601768512595373 0.01457998871807646 -0.0086755406310562184 -0.014295834541353261
leaf_weight=4.2551387697458249 3.2484392672777167 16.84844658523798 8.9570627808570844 38.458917364478111 4.3517425656318665 40.327708385884762
leaf_count=21 17 129 44 239 21 439
internal_value=-2.42453e-05 -0.00854379 0.00653178 0.0124512 0.00241163 -0.011819
internal_weight=116.447 69.3817 12.2055 47.0658 8.60688 57.1762
internal_count=910 629 61 281 42 568
is_linear=0
shrinkage=0.02


Tree=245
num_leaves=7
num_cat=0
split_feature=38 28 62 52 48 41
split_gain=29.4817 6.87071 3.32491 2.09509 1.52258 1.4851
threshold=0.026925250574297514 0.11000076801528812 0.17997570853395486 0.29105273958547101 0.012047816482019918 0.0033640301913919484
decision_type=2 2 2 2 2 2
left_child=2 4 3 -1 -2 -4
right_child=1 -3 5 -5 -6 -7
leaf_value=-0.013281717415048293 0.00062087202229077878 -0.0095584943246398192 0.014522840158433435 0.0046264306965108377 0.01474193293457038 -0.0064789252525620658
leaf_weight=42.891662653535604 3.4016532450914374 5.0568804964423171 2.1294158287346359 2.305469248443841 39.377104431390762 1.5863655321300028
leaf_count=581 16 60 8 19 209 17
internal_value=1.12715e-05 0.011059 -0.0107983 -0.0122879 0.0136589 0.00608407
internal_weight=96.7486 47.8356 48.9129 45.1971 42.7788 3.71578
internal_count=910 285 625 600 225 25
is_linear=0
shrinkage=0.02


Tree=246
num_leaves=7
num_cat=0
split_feature=28 15 40 38 37 44
split_gain=25.1974 6.26341 5.7806 3.23522 3.15232 3.04116
threshold=0.14042933558932616 0.043369965740664443 0.077017442196986835 0.038991839640575052 -0.0010442595819882305 0.0042679431035871429
decision_type=2 2 2 2 2 2
left_child=2 -2 3 4 5 -1
right_child=1 -3 -4 -5 -6 -7
leaf_value=-0.0094865729950816789 0.014460751413227097 -0.0078929219209643419 -0.010974105150539369 -0.0095812137803168579 0.021538742740499797 0.0078441330678747333
leaf_weight=5.6483883485198065 40.500834785401821 5.0621452108025542 47.476783722639084 7.3743936866521826 2.8406205028295526 9.3904066830873472
leaf_count=37 299 33 401 56 9 36
internal_value=0.000345488 0.011861 -0.0069316 0.000796783 0.00535798 0.0011493
internal_weight=118.294 45.563 72.7306 25.2538 17.8794 15.0388
internal_count=871 332 539 138 82 73
is_linear=0
shrinkage=0.02


Tree=247
num_leaves=7
num_cat=0
split_feature=42 40 42 15 2 49
split_gain=31.6193 6.07576 7.284 4.74828 1.57117 1.14613
threshold=0.038971205791997275 0.078767920674795253 -0.0052076279289635227 0.070516206618957314 0.27361853832442073 0.016411025781356621
decision_type=2 2 2 2 2 2
left_child=1 2 -1 4 -2 -3
right_child=3 5 -4 -5 -6 -7
leaf_value=0.011705483975611126 0.00043834152645588721 0.014520426307551706 -0.013981564052522839 0.0082557600037216662 -0.014016871208153266 -0.00084968541451220265
leaf_weight=8.2091107368469221 3.1567731201648703 40.6570965051651 7.4857610240578643 3.9020494222640982 44.488282702863216 1.922897420823573
leaf_count=42 16 256 43 19 485 10
internal_value=-3.39556e-05 0.00997975 -0.000649727 -0.0113291 -0.0130698 0.0138227
internal_weight=109.822 58.2749 15.6949 51.5471 47.6451 42.58
internal_count=871 351 85 520 501 266
is_linear=0
shrinkage=0.02


Tree=248
num_leaves=7
num_cat=0
split_feature=38 47 31 28 27 54
split_gain=26.639 4.96476 4.76593 3.30266 2.00093 1.86136
threshold=0.038991839640575052 0.0012591625704996637 -0.028064388438153089 0.10385331154329819 -0.094528505037498309 8.892045454545455
decision_type=2 2 2 2 2 2
left_child=1 5 -3 -2 -4 -1
right_child=3 2 4 -5 -6 -7
leaf_value=-0.013358596477755931 0.014112830839893587 -0.012032989941433623 -0.0037563556926157172 -0.0072621560900922623 0.016869323412536247 0.0078892523465595981
leaf_weight=40.057404294610023 34.376526266336441 5.1382653340697289 2.2283105067908764 2.547118227928876 5.3411803320050222 1.0954559110105027
leaf_count=541 189 73 16 27 19 6
internal_value=-0.000408038 -0.00931369 0.00153074 0.0124857 0.0110677 -0.0126193
internal_weight=90.7843 53.8606 12.7078 36.9236 7.56949 41.1529
internal_count=871 655 108 216 35 547
is_linear=0
shrinkage=0.02


Tree=249
num_leaves=7
num_cat=0
split_feature=28 40 30 28 70 67
split_gain=29.0065 4.23411 3.98581 3.21631 2.84719 1.85969
threshold=0.14042933558932616 0.064442793374204901 -0.018290886103634704 0.051368027974719351 0.017750000000000005 28.829201570013428
decision_type=2 2 2 2 2 2
left_child=1 3 -2 5 -3 -1
right_child=2 4 -4 -5 -6 -7
leaf_value=-0.011369015617466321 -0.0031725785356058645 0.00022620259839977594 0.014126159255722699 0.008373474538055245 -0.013016818924191192 0.007850853264492556
leaf_weight=8.13361953943968 5.7418039068579665 7.5306580290198317 40.24595107883215 8.6465062424540502 44.677212208509445 1.8152775093913067
leaf_count=51 40 36 299 38 412 9
internal_value=-0.000274618 -0.00826711 0.0119448 -4.91522e-05 -0.0111382 -0.0074654
internal_weight=116.791 70.8033 45.9878 18.5954 52.2079 9.9489
internal_count=885 546 339 98 448 60
is_linear=0
shrinkage=0.02


Tree=250
num_leaves=7
num_cat=0
split_feature=42 18 2 42 12 0
split_gain=27.769 6.85119 5.16172 4.74955 3.21956 1.9069
threshold=0.038971205791997275 -0.0091989236114220479 0.28341924398625434 0.00072863773870476833 208.95833333333337 0.1216525722339676
decision_type=2 2 2 2 2 2
left_child=1 4 5 -3 -1 -2
right_child=2 3 -4 -5 -6 -7
leaf_value=0.014588023193846509 -0.0076406174296506681 0.009896843899719782 -0.013115402987158013 -0.01110630257632254 -0.0064621665937733084 0.013190404666315618
leaf_weight=41.704916179180145 1.9448334202170361 6.6771320030093184 43.460427209734917 8.855316683650015 2.5693304613232604 3.8528438955545425
leaf_count=263 14 35 486 50 19 18
internal_value=0.000225614 0.00931539 -0.0107765 -0.00202491 0.0132507 0.00610659
internal_weight=109.065 59.8067 49.2581 15.5324 44.2742 5.79768
internal_count=885 367 518 85 282 32
is_linear=0
shrinkage=0.02


Tree=251
num_leaves=7
num_cat=0
split_feature=38 47 28 28 62 43
split_gain=23.8868 5.04703 5.3309 4.25462 3.38773 1.31175
threshold=0.038991839640575052 0.0012591625704996637 0.11352590537522925 0.11000076801528812 0.17997570853395486 -0.0046630900794287491
decision_type=2 2 2 2 2 2
left_child=1 4 -3 5 -1 -2
right_child=3 2 -4 -5 -6 -7
leaf_value=-0.013342231425066667 0.00098624315358168354 0.013120867911088551 -0.011793372574044825 -0.010513851437387782 0.007934972974353775 0.015119840442171878
leaf_weight=38.04889864102006 3.0126300677657118 7.065294072031973 5.0165360048413277 2.3720110468566409 2.5984375514090052 31.843487918376923
leaf_count=540 13 29 77 26 18 182
internal_value=8.26253e-05 -0.00851637 0.00266541 0.0121662 -0.0118242 0.0139598
internal_weight=89.9573 52.7292 12.0818 37.2281 40.6473 34.8561
internal_count=885 664 106 221 558 195
is_linear=0
shrinkage=0.02


Tree=252
num_leaves=7
num_cat=0
split_feature=14 14 47 31 41 63
split_gain=25.0336 4.80748 5.05478 3.4022 3.11997 2.42762
threshold=-0.028077456079759793 0.015391834820336655 1.0000000180025095e-35 0.0074701039035130002 0.069182439348351235 0.10348884381338744
decision_type=2 2 2 2 2 2
left_child=3 2 4 -1 5 -2
right_child=1 -3 -4 -5 -6 -7
leaf_value=0.013954559264205356 0.012812283230288648 -0.011138093563220255 -0.010580111741264928 -0.003781009195153806 -0.0096800397072929357 -0.005249078014821603
leaf_weight=38.573754221200943 12.730807274580007 43.237276956439018 12.09772304445505 4.4367974549531928 3.6034404933452597 3.1993787735700598
leaf_count=283 56 391 103 31 24 21
internal_value=8.16127e-05 -0.00687999 -0.000896584 0.0120807 0.00532388 0.0090891
internal_weight=117.879 74.8686 31.6313 43.0106 19.5336 15.9302
internal_count=909 595 204 314 101 77
is_linear=0
shrinkage=0.02


Tree=253
num_leaves=7
num_cat=0
split_feature=42 18 42 15 40 53
split_gain=30.625 6.98318 3.69436 3.60168 2.25396 1.81317
threshold=0.038971205791997275 -0.0091989236114220479 1.0000000180025095e-35 0.074493829863060232 0.11806137841406648 0.10652778599751436
decision_type=2 2 2 2 2 2
left_child=1 -1 -3 5 -4 -2
right_child=3 2 4 -5 -6 -7
leaf_value=0.013423349938985248 0.00074051620324381174 0.0095674153532362156 -0.014835935424575713 0.0070046083602855955 0.0070141765419935598 -0.013942029660560304
leaf_weight=44.042467661201954 3.5287762135267249 5.3242956921458235 6.9915541186928731 3.3289306908845893 1.8145110905170438 44.219190210103989
leaf_count=289 26 28 40 18 10 498
internal_value=-0.000276318 0.00957039 -0.00253223 -0.0114594 -0.0100775 -0.012864
internal_weight=109.25 58.1728 14.1304 51.0769 8.80607 47.748
internal_count=909 367 78 542 50 524
is_linear=0
shrinkage=0.02


Tree=254
num_leaves=7
num_cat=0
split_feature=38 46 62 27 47 38
split_gain=26.3586 5.29423 3.35472 2.97901 2.19644 1.991
threshold=0.026925250574297514 0.0079147402953547753 0.18502956738250859 -0.19345899402218433 0.0040407287782345406 0.069631348789745376
decision_type=2 2 2 2 2 2
left_child=2 5 4 -3 -1 -2
right_child=1 3 -4 -5 -6 -7
leaf_value=-0.013530947992272287 -0.012620811564609152 -0.0074861691334960961 0.010130963950318362 0.014655056595210126 -0.001190530285512717 0.0082239810407978703
leaf_weight=36.861987832933664 4.1975130774080744 2.0020551458001128 2.281446546316146 38.090766187757254 7.0473292879760256 1.9912730604410169
leaf_count=538 29 30 13 220 70 9
internal_value=0.000222118 0.0107739 -0.0103547 0.0133942 -0.011621 -0.00570286
internal_weight=92.4724 46.2816 46.1908 40.0928 43.9093 6.18879
internal_count=909 288 621 250 608 38
is_linear=0
shrinkage=0.02


Tree=255
num_leaves=7
num_cat=0
split_feature=28 15 70 41 19 39
split_gain=25.996 5.31698 3.71355 2.55635 2.43291 6.35141
threshold=0.14153396847183222 0.062633350414234512 0.015750000000000004 0.051122139214337455 -0.10071016123062514 -0.011741432567675457
decision_type=2 2 2 2 2 2
left_child=2 -2 3 -1 -4 -6
right_child=1 -3 4 -5 5 -7
leaf_value=0.0098140205936671707 0.013961325562059453 -0.010092665313401521 -0.013487967591948393 -0.011440874630423988 0.0037913610109337431 -0.01266719694190744
leaf_weight=7.1539373472332937 41.534788183867931 3.3172087073326102 26.560148485004902 2.2014451995491982 16.356198884546757 19.896498665213585
leaf_count=28 319 22 258 12 87 179
internal_value=0.000195209 0.012001 -0.00720574 0.00419063 -0.00894219 -0.00533912
internal_weight=117.02 44.852 72.1682 9.35538 62.8128 36.2527
internal_count=905 341 564 40 524 266
is_linear=0
shrinkage=0.02


Tree=256
num_leaves=7
num_cat=0
split_feature=30 14 45 14 14 43
split_gain=25.0927 7.02795 5.64545 2.08937 1.97247 1.90904
threshold=-1.0000000180025095e-35 -0.011057105485097902 -0.039319261458728036 0.1404174554762731 0.01389815008839178 -0.025661352306858978
decision_type=2 2 2 2 2 2
left_child=1 5 4 -4 -2 -1
right_child=2 -3 3 -5 -6 -7
leaf_value=0.0049510706642189421 -0.0059817018021780886 0.013174024331869257 -0.012596420519095026 0.0085734708167856978 0.011549448014370167 -0.012910880610123344
leaf_weight=3.2237028554081917 3.419697053730486 42.710560224950314 46.79272510483861 1.276485040783881 5.5513358190655708 5.1477323323488218
leaf_count=19 29 269 497 8 35 48
internal_value=-0.000145614 0.00993401 -0.00918799 -0.011871 0.004937 -0.00623819
internal_weight=108.122 51.082 57.0402 48.0692 8.97103 8.37144
internal_count=905 336 569 505 64 67
is_linear=0
shrinkage=0.02


Tree=257
num_leaves=7
num_cat=0
split_feature=38 28 62 47 20 47
split_gain=24.4934 6.59775 3.17445 2.70821 2.39961 1.95789
threshold=0.026925250574297514 0.11000076801528812 0.18502956738250859 0.0040407287782345406 0.073376256371049581 -9.3298650568181818e-05
decision_type=2 2 2 2 10 2
left_child=2 5 3 -1 -5 -2
right_child=1 -3 -4 4 -6 -7
leaf_value=-0.013531072053164742 0.003540461515626665 -0.01162637914522152 0.0096970215710783635 0.013934127224416016 -0.0074822941316958491 0.015192604764728569
leaf_weight=36.59903372079134 7.8769709505140773 4.0856466367840758 2.3168520033359519 2.1755827963352194 5.1375792399048805 31.832815989851952
leaf_count=541 40 57 14 8 61 184
internal_value=-7.85386e-05 0.0105171 -0.0101265 -0.0113651 -0.000201391 0.013025
internal_weight=90.0245 43.7954 46.229 43.9122 7.31316 39.7098
internal_count=905 281 624 610 69 224
is_linear=0
shrinkage=0.02


Tree=258
num_leaves=7
num_cat=0
split_feature=28 70 14 41 41 30
split_gain=23.274 5.44387 4.44802 3.13596 2.59746 2.26652
threshold=0.14042933558932616 0.018750000000000003 0.027731579531057305 0.051122139214337455 -0.025627673045387208 -0.0041698717953985711
decision_type=2 2 2 2 2 2
left_child=1 3 -2 -1 -3 -4
right_child=2 4 5 -5 -6 -7
leaf_value=0.012942682622862753 0.014508222603043327 0.0032093449426891384 -0.0124243591376033 -0.0076864636784417855 -0.010245479824616686 0.01031570228016415
leaf_weight=7.4875072091817838 38.733314737677574 5.9907651841640464 3.5541782602667809 3.7048070803284645 50.778249002993107 1.924938991665839
leaf_count=32 307 32 25 19 457 9
internal_value=0.00102215 -0.00629874 0.0121659 0.00604379 -0.00879463 -0.00407616
internal_weight=112.174 67.9613 44.2124 11.1923 56.769 5.47912
internal_count=881 540 341 51 489 34
is_linear=0
shrinkage=0.02


Tree=259
num_leaves=7
num_cat=0
split_feature=42 15 18 42 46 40
split_gain=27.2649 6.09304 3.7912 2.65597 2.20932 2.40492
threshold=0.020474291534204814 0.070516206618957314 -0.0022983039416761826 -1.0000000180025095e-35 0.0054817897189254339 0.12039871580808086
decision_type=2 2 2 2 2 2
left_child=2 4 -1 -4 5 -2
right_child=1 -3 3 -5 -6 -7
leaf_value=0.013663907251385696 -0.0091664112632791235 0.0093403898792076764 0.0079467794826370043 -0.012596060033527453 -0.013766700923040585 0.0091308451655224762
leaf_weight=36.931263498961926 7.7814458757638914 5.4231706634163848 4.7509635388851166 3.4867150336503965 41.093667924404144 3.3404091149568558
leaf_count=253 56 30 26 16 482 18
internal_value=-0.000509431 -0.00955613 0.0109917 -0.00117056 -0.0116574 -0.003371
internal_weight=102.808 57.6387 45.1689 8.23768 52.2155 11.1219
internal_count=881 586 295 42 556 74
is_linear=0
shrinkage=0.02


Tree=260
num_leaves=7
num_cat=0
split_feature=39 42 61 29 29 10
split_gain=21.7895 5.42941 4.05794 2.16001 1.81437 1.44799
threshold=-0.0079331356917668166 0.052581103981780293 0.1122546524475785 -0.070941344383528532 -0.041449095749455996 0.56120855010035353
decision_type=2 2 2 2 2 2
left_child=2 4 5 -4 -2 -1
right_child=1 -3 3 -5 -6 -7
leaf_value=0.016859853816320082 0.0095366716043964305 0.013576085613598557 0.0065856222980428007 -0.012438199010458745 -0.01209254846544057 -0.0038438537257297284
leaf_weight=2.0536132603883739 1.318517819046974 32.130524527281523 1.9317676983773697 41.451645880937576 4.490865606814622 1.877785589545965
leaf_count=6 6 195 14 612 31 17
internal_value=-0.000728048 0.0104134 -0.00969253 -0.0114618 -0.00650391 0.0081968
internal_weight=85.2547 37.9399 47.3148 43.3834 5.80938 3.9314
internal_count=881 232 649 626 37 23
is_linear=0
shrinkage=0.02


Tree=261
num_leaves=7
num_cat=0
split_feature=14 40 38 64 14 26
split_gain=22.6327 5.232 3.64349 3.19531 2.76177 2.74775
threshold=-0.028077456079759793 0.062993750448413502 0.064181334306981905 0.55079110295803724 0.0070664593450595068 0.011889481087178912
decision_type=2 2 2 2 2 2
left_child=2 5 -1 -3 -5 -2
right_child=1 3 -4 4 -6 -7
leaf_value=0.013946581901942055 0.010420284063815467 -0.012384660518910209 -0.0074546409978747188 0.0048935363364902909 -0.010288793965898298 -0.0044702853567392268
leaf_weight=37.707015715539455 8.9424671828746813 37.562066420912743 2.8533189967274657 9.8284545466303843 7.6483874320983878 9.0495368465781194
leaf_count=288 43 358 23 66 67 54
internal_value=0.000490564 -0.00614461 0.0122979 -0.00916453 -0.00194795 0.00308967
internal_weight=113.591 73.0309 40.5603 55.0389 17.4768 17.992
internal_count=899 588 311 491 133 97
is_linear=0
shrinkage=0.02


Tree=262
num_leaves=7
num_cat=0
split_feature=42 18 2 42 12 17
split_gain=25.8545 7.62174 4.29481 3.8988 2.66388 2.52179
threshold=0.038971205791997275 -0.0091989236114220479 0.28341924398625434 1.0000000180025095e-35 161.07445421961555 0.094228634850166498
decision_type=2 2 2 2 2 2
left_child=1 4 5 -3 -1 -2
right_child=2 3 -4 -5 -6 -7
leaf_value=0.014769663461948485 -0.010716765278018041 0.0087753669558660336 -0.013108329576894173 -0.010487079953030512 -0.0029002407886113057 0.01287046918047452
leaf_weight=37.77774378657341 1.968919850885867 6.0525292903184882 42.0678317733109 9.5376119315624219 3.4150491058826438 3.8742748498916626
leaf_count=255 14 34 495 56 25 20
internal_value=-0.000211186 0.00884879 -0.0109102 -0.00293067 0.0132707 0.00451792
internal_weight=104.694 56.7829 47.911 15.5901 41.1928 5.84319
internal_count=899 370 529 90 280 34
is_linear=0
shrinkage=0.02


Tree=263
num_leaves=7
num_cat=0
split_feature=38 47 12 43 18 27
split_gain=23.9024 5.88254 5.02899 3.06792 1.3867 0.949303
threshold=0.038991839640575052 0.0012591625704996637 98.173161699876587 -0.0054815010343320916 0.095802610820299242 -0.15495647838991214
decision_type=2 2 2 2 2 2
left_child=1 4 -3 -2 -1 -5
right_child=3 2 -4 5 -6 -7
leaf_value=-0.013420776982274786 -0.0048836708326061616 0.01257272141405134 -0.011773010788091851 0.00054754778579197501 0.0069793229752411964 0.014865712396740264
leaf_weight=37.848957568407059 3.3581199944019309 7.3806586600840074 4.7404597923159599 2.0541265085339573 0.79845475032925506 29.726012907922268
leaf_count=562 22 34 76 20 4 181
internal_value=-0.000389996 -0.00909908 0.00287972 0.0120967 -0.0128339 0.0139852
internal_weight=85.9068 50.7685 12.1211 35.1383 38.6474 31.7801
internal_count=899 676 110 223 566 201
is_linear=0
shrinkage=0.02


Tree=264
num_leaves=7
num_cat=0
split_feature=24 15 23 7 69 17
split_gain=22.0417 5.69526 2.65645 2.45653 2.59462 1.91434
threshold=0.29166666666666669 0.062633350414234512 93.992358974358993 300.26739016934056 0.055607159686976139 0.13878751013787513
decision_type=8 2 10 2 2 2
left_child=3 2 -2 4 -1 -5
right_child=1 -3 -4 5 -6 -7
leaf_value=-0.011289806024531137 -0.0012405268947010819 -0.010376059464840902 0.01398717526200575 0.01051759474976189 0.0011328042972191866 -0.0053814534138705078
leaf_weight=44.519388720393181 5.0030529722571364 4.1785503923892966 38.806054472923279 3.9961401298642141 7.6887349486351004 6.7155766189098358
leaf_count=413 27 35 308 18 55 52
internal_value=2.28608e-05 0.0101167 0.0122593 -0.00771335 -0.00947341 0.000941481
internal_weight=110.907 47.9877 43.8091 62.9198 52.2081 10.7117
internal_count=908 370 335 538 468 70
is_linear=0
shrinkage=0.02


Tree=265
num_leaves=7
num_cat=0
split_feature=2 17 15 18 48 48
split_gain=23.3199 11.0005 5.07626 2.61961 1.45421 0.691886
threshold=0.36491677336747769 0.10432213930348259 0.070516206618957314 -0.0091989236114220479 0.0017679945913674883 0.037138351319802511
decision_type=2 2 2 2 2 2
left_child=1 3 4 -1 -2 -3
right_child=2 5 -4 -5 -6 -7
leaf_value=0.0068629581978037323 0.0023613720227971609 0.014416941383255374 0.0095662344948610565 -0.011446368492851756 -0.013032392967628193 0.0015713795188875051
leaf_weight=3.5981700308620939 2.3083573132753363 39.400598295032978 4.0210672914981833 9.9957186169922316 40.9512794688344 2.0218909457325926
leaf_count=22 18 272 26 70 485 15
internal_value=1.95263e-05 0.00879917 -0.0101672 -0.00646188 -0.0121762 0.0138418
internal_weight=102.297 55.0164 47.2807 13.5939 43.2596 41.4225
internal_count=908 379 529 92 503 287
is_linear=0
shrinkage=0.02


Tree=266
num_leaves=7
num_cat=0
split_feature=39 46 17 20 39 43
split_gain=21.0289 4.92496 4.85875 4.28752 1.79087 1.4028
threshold=-0.0079331356917668166 0.0099687549040147153 0.086785347483738465 0.080241768287344153 0.025897916553492363 0.072900663746827341
decision_type=2 2 2 8 2 2
left_child=2 4 3 -1 -2 -4
right_child=1 -3 5 -5 -6 -7
leaf_value=0.013051264366430677 -0.013416863384335951 0.013743166221354639 -0.013130839675094113 -0.01146159471357793 0.0060560809372570967 0.0038910511907295051
leaf_weight=5.955991540104149 3.3475254438817492 32.495811741799116 35.028687298297882 3.8854576721787453 2.5516175329685211 1.6226925291120995
leaf_count=20 29 198 581 54 12 14
internal_value=-5.32707e-05 0.0107505 -0.00901384 0.00320892 -0.00533708 -0.0122939
internal_weight=84.8878 38.395 46.4928 9.84145 5.89914 36.6514
internal_count=908 239 669 74 41 595
is_linear=0
shrinkage=0.02


Tree=267
num_leaves=7
num_cat=0
split_feature=28 40 14 43 14 3
split_gain=22.5814 6.18467 4.64538 3.69973 2.96162 1.6785
threshold=0.14042933558932616 0.077017442196986835 0.054005108208707749 0.0011485658930781991 0.037088223916494946 0.24473453268977624
decision_type=2 2 2 2 2 2
left_child=1 3 -2 4 -1 -3
right_child=2 5 -4 -5 -6 -7
leaf_value=0.01266995796036797 0.014046257790152386 -0.012024273633093054 -0.0069426746685293406 -0.0079387176362232317 -0.0062732401670634761 0.0028143922967800612
leaf_weight=10.80068162083626 37.775741569697857 41.005908273160458 4.1294679567217818 9.1240903809666616 3.8791983574628821 2.9213088005781165
leaf_count=41 312 408 30 70 28 13
internal_value=0.000483755 -0.00662757 0.0118643 0.00155352 0.00758333 -0.0109968
internal_weight=109.636 67.7312 41.9052 23.804 14.6799 43.9272
internal_count=902 560 342 139 69 421
is_linear=0
shrinkage=0.02


Tree=268
num_leaves=7
num_cat=0
split_feature=42 40 42 15 28 12
split_gain=25.9752 7.25729 4.93549 4.1427 1.98802 1.77501
threshold=0.038971205791997275 0.077496724546692666 -1.0000000180025095e-35 0.085978486056971712 0.23341688850858902 78.966903804515951
decision_type=2 2 2 2 2 2
left_child=1 2 5 -2 -3 -1
right_child=3 4 -4 -5 -6 -7
leaf_value=0.013210869871236255 -0.01283991929443074 0.013858368254973663 -0.014912756129517517 0.010247273435401546 -0.0079621700322980056 -0.005044267207441471
leaf_weight=5.1529660522937775 43.041657753288746 39.713119082152843 6.5469777733087522 2.6192445307970038 1.1266653686761845 2.5987833887338638
leaf_count=29 515 279 40 15 11 13
internal_value=-0.000299931 0.00886862 -0.0032299 -0.0113243 0.0130805 0.00721374
internal_weight=100.799 55.1385 14.2987 45.6609 40.8398 7.75175
internal_count=902 372 82 530 290 42
is_linear=0
shrinkage=0.02


Tree=269
num_leaves=7
num_cat=0
split_feature=38 46 61 24 38 62
split_gain=22.46 5.57514 2.88789 2.71533 2.10182 1.52903
threshold=0.024529950270922165 0.013189303145513016 0.11866162641228604 0.55000000000000016 0.076388500640897958 0.20939560439560442
decision_type=2 2 2 10 2 2
left_child=2 4 -1 -3 -2 -4
right_child=1 3 5 -5 -6 -7
leaf_value=0.0066565922264635738 -0.010663748611225751 0.014733092977116898 -0.012670208622735296 -0.0084112741435034069 0.0097299746455010265 0.0069237748710014391
leaf_weight=3.0065446235239497 5.6815016455948344 32.206997279077768 37.658233396708965 1.5367964282631863 2.0032589435577393 1.0616015344858158
leaf_count=21 46 201 590 28 10 6
internal_value=-0.000273163 0.0100375 -0.0105055 0.0134673 -0.00483931 -0.0119722
internal_weight=83.1549 41.4286 41.7264 33.7438 7.68476 38.7198
internal_count=902 285 617 229 56 596
is_linear=0
shrinkage=0.02


Tree=270
num_leaves=7
num_cat=0
split_feature=14 40 27 39 66 20
split_gain=21.1002 5.22515 3.4002 2.9736 2.87188 2.52004
threshold=-0.024657253961934047 0.063677384158751321 -0.18331305126131189 0.038044360509158728 74.017586794837896 0.081760024571854981
decision_type=2 2 2 2 2 10
left_child=3 4 -3 -1 5 -2
right_child=1 2 -4 -5 -6 -7
leaf_value=0.013025890786802699 -0.01168039142288785 0.010202058191241535 -0.010420445360121209 -0.0093202595104766254 0.010073171864026318 0.010399145213770134
leaf_weight=40.234829232096672 5.8121384307742145 2.6433414518833152 48.184970334172249 1.8400409221649159 9.7829016223549825 2.0787954553961754
leaf_count=321 42 20 466 20 47 9
internal_value=0.000863593 -0.00596087 -0.00917182 0.011855 0.00327016 -0.00534832
internal_weight=110.577 68.5021 50.8283 42.0749 17.6738 7.89093
internal_count=925 584 486 341 98 51
is_linear=0
shrinkage=0.02


Tree=271
num_leaves=7
num_cat=0
split_feature=42 2 40 40 42 47
split_gain=26.1589 6.62738 3.77522 2.09146 1.70335 1.23055
threshold=0.020474291534204814 0.28341924398625434 0.046196865117441095 0.082055938349493332 -0.0052076279289635227 -0.0080823166815012591
decision_type=2 2 2 2 2 2
left_child=2 3 4 -2 -1 -3
right_child=1 5 -4 -5 -6 -7
leaf_value=0.0051497949094280468 -0.0082563577592579471 -0.0036853505918145952 0.012998586781980688 0.011768102676388829 -0.012959897437075586 -0.013825600738931019
leaf_weight=3.8700410425662994 2.1396175324916822 6.374400731176137 37.007393307983875 6.060040570795536 2.6983871608972541 42.225185517221689
leaf_count=18 14 49 271 36 13 524
internal_value=-0.000951304 -0.00982072 0.0105706 0.00621343 -0.00301925 -0.0125967
internal_weight=100.375 56.7992 43.5758 8.19966 6.56843 48.5996
internal_count=925 623 302 50 31 573
is_linear=0
shrinkage=0.02


Tree=272
num_leaves=7
num_cat=0
split_feature=38 28 61 46 62 24
split_gain=23.9106 4.88157 3.94132 3.00893 1.57482 1.14116
threshold=0.024529950270922165 0.086908624704955598 0.11866162641228604 0.0079147402953547753 0.20939560439560442 1.0000000180025095e-35
decision_type=2 2 2 2 2 8
left_child=2 3 5 -2 -4 -1
right_child=1 -3 4 -5 -6 -7
leaf_value=0.014983605144504397 -0.0025131189925129359 -0.0069686195756407813 -0.013157702740079574 0.014861748371821467 0.006851789846501438 -0.004579808318344562
leaf_weight=2.1149109303951259 4.2112450972199431 5.0361745804548255 37.343227569013834 33.293568253517151 1.0553194284439076 1.3291706107556818
leaf_count=7 20 62 605 208 6 17
internal_value=9.52942e-07 0.0104385 -0.0106067 0.0128962 -0.0124478 0.00810189
internal_weight=84.3836 42.541 41.8426 37.5048 38.3985 3.44408
internal_count=925 290 635 228 611 24
is_linear=0
shrinkage=0.02


Tree=273
num_leaves=7
num_cat=0
split_feature=28 14 40 28 66 56
split_gain=22.7502 4.62934 4.21213 3.06937 3.33496 1.87667
threshold=0.14042933558932616 0.051529110768046137 0.069080090261129448 0.085837477833543452 74.017586794837896 0.29261805915931505
decision_type=2 2 2 2 2 2
left_child=2 -2 3 4 -1 -6
right_child=1 -3 -4 -5 5 -7
leaf_value=-0.012693309636338206 0.014029694169073206 -0.0067310060404854677 -0.0105229908759812 0.012422081628436424 -0.0076330009479493137 0.011277231605784262
leaf_weight=7.6965819746255892 36.150362521409988 4.2605949640274039 44.908986672759056 5.1394602656364432 2.3629852086305618 5.065514512360096
leaf_count=57 315 30 435 21 17 21
internal_value=0.000106097 0.0117312 -0.0071704 0.000404853 -0.00419569 0.00507001
internal_weight=105.584 40.411 65.1735 20.2645 15.1251 7.4285
internal_count=896 345 551 116 95 38
is_linear=0
shrinkage=0.02


Tree=274
num_leaves=7
num_cat=0
split_feature=42 15 18 42 53 49
split_gain=25.412 4.75524 4.71086 2.93605 1.7903 1.73973
threshold=0.029851669877600743 0.070516206618957314 -0.0066902143271999606 1.0000000180025095e-35 0.10913557342128773 -0.0001721849019665051
decision_type=2 2 2 2 2 2
left_child=2 4 -1 -4 5 -2
right_child=1 -3 3 -5 -6 -7
leaf_value=0.013435824313522906 0.010380942911500888 0.0089547249572699411 0.0087704953079131252 -0.0098480241694435585 -0.013736484396560196 -0.010299083560561133
leaf_weight=35.057237558066845 2.1427482850849628 3.8686984553933135 5.4356199502944929 6.1690871864557266 40.243628945201635 2.3755315728485575
leaf_count=259 10 22 32 36 508 29
internal_value=-0.000568931 -0.0105799 0.00986743 -0.00112321 -0.012427 -0.000387837
internal_weight=95.2926 48.6306 46.6619 11.6047 44.7619 4.51828
internal_count=896 569 327 68 547 39
is_linear=0
shrinkage=0.02


Tree=275
num_leaves=7
num_cat=0
split_feature=28 46 30 31 46 32
split_gain=19.9924 10.0655 1.63952 1.6032 1.87236 1.15679
threshold=0.062516793501303639 0.009364992800828047 0.038554358572323519 -0.011062904089384191 0.016394411820974966 0.063076946953105215
decision_type=2 2 2 2 2 2
left_child=1 2 -1 -2 -5 -3
right_child=3 5 -4 4 -6 -7
leaf_value=-0.01204930775893673 -0.012876191432647809 0.014418028538613079 0.0066518429795812605 -0.011602109109097574 0.0069393424296211583 -0.001833202106987534
leaf_weight=8.0229977592825872 27.839278664439917 35.377998258918524 1.6761605590581883 3.0481449887156478 3.7558427751064301 1.6179861426353443
leaf_count=111 486 226 7 32 22 12
internal_value=0.000528011 0.00899002 -0.00849782 -0.01081 -0.00178942 0.0136778
internal_weight=81.3384 46.6951 9.69916 34.6433 6.80399 36.996
internal_count=896 356 118 540 54 238
is_linear=0
shrinkage=0.02


Tree=276
num_leaves=7
num_cat=0
split_feature=28 40 14 63 42 32
split_gain=20.7045 5.08119 4.48566 3.42902 2.83588 1.67961
threshold=0.14042933558932616 0.077017442196986835 0.056778597250631647 0.086250656397689487 -0.0052076279289635227 0.042348730304084863
decision_type=2 2 2 2 2 2
left_child=1 3 -2 4 -1 -5
right_child=2 -3 -4 5 -6 -7
leaf_value=-0.0099218774652295935 0.013762522272822555 -0.010924352716550836 -0.0087501712398968239 -0.010505796308659457 0.01259307840289668 0.0055807781260296379
leaf_weight=2.0423361435532579 35.235857754945755 40.188037633895874 3.2490938231348983 9.0451441928744298 9.4945727810263634 2.7889443859457961
leaf_count=18 313 403 28 66 42 17
internal_value=0.00028289 -0.00669722 0.0116884 0.000721608 0.00813385 -0.00657522
internal_weight=102.044 63.559 38.485 23.371 11.5369 11.8341
internal_count=887 546 341 143 60 83
is_linear=0
shrinkage=0.02


Tree=277
num_leaves=7
num_cat=0
split_feature=2 18 44 58 4 9
split_gain=20.6553 8.92207 5.11199 2.7362 1.71572 1.1019
threshold=0.36491677336747769 -0.0091989236114220479 -0.0070301425343186471 0.65035482606992046 0.040472290472290486 42.895962732919266
decision_type=2 2 2 2 2 2
left_child=1 -1 5 -3 -5 -2
right_child=2 3 -4 4 -6 -7
leaf_value=0.013708107565173128 0.011375080898571708 0.011337866694699555 -0.012864931292334708 -0.011411684220665321 0.0075110102012269026 -0.0048993918830307895
leaf_weight=35.640728857368231 4.0278492271900168 2.5953299403190604 37.670250177383423 10.454274654388426 1.5802391320466984 1.7983359694480894
leaf_count=263 25 15 487 74 11 12
internal_value=-0.000235335 0.00842015 -0.0102032 -0.00451502 -0.00854135 0.00636989
internal_weight=93.767 50.2706 43.4964 14.6298 12.0345 5.82619
internal_count=887 363 524 100 85 37
is_linear=0
shrinkage=0.02


Tree=278
num_leaves=7
num_cat=0
split_feature=38 47 20 62 4 0
split_gain=20.2889 4.74111 4.61668 3.05955 1.2829 0.990281
threshold=0.047234573437959435 0.0040407287782345406 0.086130680991322442 0.17997570853395486 0.069136223967224325 0.057307060755336627
decision_type=2 2 10 2 2 2
left_child=1 3 -3 5 -2 -1
right_child=4 2 -4 -5 -6 -7
leaf_value=0.0027035762134172904 0.013966512894614575 0.014152760795318549 -0.010212348954736484 0.0080219827374964324 -0.00084781631251091259 -0.013484727695499988
leaf_weight=1.2621621191501606 26.958072308450941 5.9631050825119001 4.683945570141077 2.3910378850996485 2.4307590276002875 33.723413981497288
leaf_count=5 181 25 73 18 17 568
internal_value=-8.7335e-05 -0.00804543 0.00347734 -0.0113329 0.0127536 -0.0128418
internal_weight=77.4125 48.0237 10.6471 37.3766 29.3888 34.9856
internal_count=887 689 98 591 198 573
is_linear=0
shrinkage=0.02


Tree=279
num_leaves=7
num_cat=0
split_feature=28 14 70 41 42 28
split_gain=19.6451 4.07859 4.07545 4.32378 3.51318 2.65693
threshold=0.14042933558932616 0.02229818588943178 0.028583333333333339 0.050751619962317453 0.0099345188642554916 -0.0079201708901896258
decision_type=2 2 2 2 2 2
left_child=2 -2 3 4 -1 -6
right_child=1 -3 -4 -5 5 -7
leaf_value=-0.0094802129490239827 0.014182484057181524 -0.003149649612388462 -0.010551540446874109 -0.011210512065184728 -0.0097371780489467191 0.012878857081260658
leaf_weight=4.2124367803335252 32.67735356092453 6.0893143564462653 37.47356192022562 8.846236437559126 1.7007337734103227 12.509681537747378
leaf_count=34 303 40 376 80 13 53
internal_value=0.000356329 0.0114493 -0.00635904 -0.000428193 0.00505985 0.00970991
internal_weight=103.509 38.7667 64.7427 27.2691 18.4229 14.2104
internal_count=899 343 556 180 100 66
is_linear=0
shrinkage=0.02


Tree=280
num_leaves=7
num_cat=0
split_feature=46 14 15 18 48 16
split_gain=19.5272 6.28166 4.95761 3.21167 1.90187 1.67665
threshold=0.0094282828965074148 -0.028077456079759793 0.085978486056971712 -0.0091989236114220479 0.011190172337594737 -0.0035845017193519564
decision_type=2 2 2 2 2 2
left_child=1 -1 4 -3 -2 -5
right_child=2 3 -4 5 -6 -7
leaf_value=-0.0096478847856127682 0.00078094201995656132 0.01332032622970801 0.010794187972373206 0.0069022823040791629 -0.013519664396274986 -0.0086209327096528586
leaf_weight=6.2614860199391833 4.0197759568691245 35.261324666440487 3.4036331921815863 5.3771658837795258 35.857858203351498 3.9386372119188291
leaf_count=69 34 255 25 33 464 19
internal_value=-0.000341212 0.00799396 -0.0100912 0.0106293 -0.0120943 0.000139722
internal_weight=94.1199 50.8386 43.2813 44.5771 39.8776 9.3158
internal_count=899 376 523 307 498 52
is_linear=0
shrinkage=0.02


Tree=281
num_leaves=7
num_cat=0
split_feature=39 61 46 38 71 29
split_gain=20.3753 4.75126 3.42907 3.19699 1.28299 1.05815
threshold=-0.0074109369742668399 0.1122546524475785 0.0079147402953547753 0.054080530104933341 0.25416666666666671 0.015990974738232747
decision_type=2 2 2 2 2 2
left_child=1 4 -2 -3 -1 -4
right_child=2 3 5 -5 -6 -7
leaf_value=-0.0025879497687554052 -0.0057877367014319689 -0.012660060186144942 0.014661977942540639 0.0061697466183009099 0.016896128377720691 0.00048659718608410675
leaf_weight=1.8466748297214497 3.564534429460763 37.058693639934063 27.93019483238459 3.3926460556685916 2.428176648914814 2.3472635820507994
leaf_count=17 25 623 186 23 8 17
internal_value=-6.01202e-05 -0.00883887 0.0114627 -0.0109701 0.00958432 0.0136137
internal_weight=78.5682 44.7262 33.842 40.4513 4.27485 30.2775
internal_count=899 671 228 646 25 203
is_linear=0
shrinkage=0.02


Tree=282
num_leaves=7
num_cat=0
split_feature=28 42 70 71 41 46
split_gain=20.4298 5.04814 3.71957 3.15393 1.66375 1.37063
threshold=0.11290454205342343 0.0042233526491819587 0.015750000000000004 0.34325000000000011 0.028636731433778293 -3.6742787823762663e-05
decision_type=2 2 2 2 2 2
left_child=2 4 5 -4 -2 -1
right_child=1 -3 3 -5 -6 -7
leaf_value=0.012244556187602507 0.0062021331711406913 0.012741030804837985 -0.011692207766181786 0.0075583543839513132 -0.011815426906510156 -0.0028990733903662708
leaf_weight=3.3062243834137917 2.5279318690299979 37.696931555867195 43.383320160210133 3.0186679735779753 4.3443974554538727 4.7050985470414144
leaf_count=12 15 323 439 17 46 26
internal_value=-6.03119e-06 0.00991399 -0.00816367 -0.0103068 -0.00524186 0.00401587
internal_weight=98.9826 44.5693 54.4133 46.402 6.87233 8.01132
internal_count=878 384 494 456 61 38
is_linear=0
shrinkage=0.02


Tree=283
num_leaves=7
num_cat=0
split_feature=42 30 41 28 41 27
split_gain=21.2661 7.09774 3.26623 1.66113 1.39435 1.35669
threshold=0.0099345188642554916 -0.0026338780120220974 0.030193433097217313 0.20257919654557607 0.119855127834925 -0.17891670688017716
decision_type=2 2 2 2 2 2
left_child=3 2 -2 -1 -3 -4
right_child=1 4 5 -5 -6 -7
leaf_value=0.01292452538326712 -0.0072921428957833066 -0.012900001030436835 -0.0047854132623212772 -0.0062120677134617818 0.0027087660608919968 0.013555537512455569
leaf_weight=32.996707245707512 5.8539970740675917 38.391439888626337 1.4355918616056431 1.3498719856142987 2.0964987725019446 7.9881160445511332
leaf_count=250 43 486 19 8 23 49
internal_value=-0.000162054 -0.0077434 0.0036985 0.012018 -0.012046 0.0105705
internal_weight=90.1122 55.7656 15.2777 34.3466 40.4879 9.42371
internal_count=878 620 111 258 509 68
is_linear=0
shrinkage=0.02


Tree=284
num_leaves=7
num_cat=0
split_feature=38 28 41 46 28 46
split_gain=19.3512 5.50694 2.5852 2.43453 3.21361 2.37138
threshold=0.028505430272976064 0.11000076801528812 0.010682403593812369 0.0099687549040147153 0.10291348220514096 0.0063559159734093229
decision_type=2 2 2 2 2 2
left_child=2 5 3 -1 -5 -2
right_child=1 -3 -4 4 -6 -7
leaf_value=-0.011871935587970164 -0.0028005105239109819 -0.011345235706638319 -0.013268545370414797 0.012557010995975077 -0.010674406355448238 0.014544504878017155
leaf_weight=5.2165879718959323 3.1782358437776557 3.4400685280561438 25.107856135815382 5.4814093187451345 2.8444314859807491 30.442047484219074
leaf_count=84 15 51 458 22 45 203
internal_value=0.000200339 0.0103844 -0.00958041 -0.00230036 0.0043267 0.0128713
internal_weight=75.7106 37.0604 38.6503 13.5424 8.32584 33.6203
internal_count=878 269 609 151 67 218
is_linear=0
shrinkage=0.02


Tree=285
num_leaves=7
num_cat=0
split_feature=14 28 14 28 67 46
split_gain=18.7333 3.55505 3.5533 3.85571 2.5224 2.17199
threshold=-0.025957329147263699 0.062516793501303639 0.038044359955277836 0.069106359073981952 28.829201570013428 0.0054817897189254339
decision_type=2 2 2 2 2 2
left_child=1 -1 3 4 -2 -5
right_child=2 -3 -4 5 -6 -7
leaf_value=-0.0057242364931164823 -0.0095321808565258757 0.013441008403568398 -0.011286869122651587 -0.0050294380121225979 0.0075014673590757756 0.012870524486718863
leaf_weight=3.8104735165834418 18.063881121575836 32.951754786074162 29.978556610643864 3.3059911504387838 3.4687974452972403 7.6353206858038902
leaf_count=34 154 289 328 25 20 43
internal_value=0.000204014 0.0113555 -0.00643574 -0.001754 -0.00657702 0.00749368
internal_weight=99.2148 36.7622 62.4525 32.474 21.5327 10.9413
internal_count=893 323 570 242 174 68
is_linear=0
shrinkage=0.02


Tree=286
num_leaves=7
num_cat=0
split_feature=42 43 15 40 42 34
split_gain=23.201 6.88251 3.22647 3.14372 2.48125 1.08976
threshold=0.045900508776053131 -0.007419507890758458 0.070516206618957314 0.039237907562878906 -0.0052076279289635227 0.096165401914259346
decision_type=2 2 2 2 2 2
left_child=1 3 -2 4 -1 -5
right_child=2 -3 -4 5 -6 -7
leaf_value=0.0095872278567949477 -0.01327650729842531 -0.0093557179772718966 0.0067825776701158592 0.014089193435140842 -0.012591338142084333 -0.001278808070611241
leaf_weight=3.0384298115968704 35.062179036438465 6.6232633143663397 2.9174712076783171 38.240241650491953 3.0540575422346583 1.769909419119357
leaf_count=14 475 59 17 293 20 15
internal_value=0.000146798 0.00866754 -0.0116012 0.0114005 -0.00173827 0.0133948
internal_weight=90.7056 52.7259 37.9797 46.1026 6.09249 40.0102
internal_count=893 401 492 342 34 308
is_linear=0
shrinkage=0.02


Tree=287
num_leaves=7
num_cat=0
split_feature=38 28 43 41 28 39
split_gain=18.3668 5.19146 7.26932 1.99452 0.874138 0.77403
threshold=0.060501921201270674 0.062516793501303639 -0.017096219207920742 0.029509849558994581 0.11000076801528812 0.017059639134123551
decision_type=2 2 2 2 2 2
left_child=1 2 5 -4 -2 -1
right_child=4 -3 3 -5 -6 -7
leaf_value=-0.013060482277049713 0.014091452112684127 -0.012699022838869006 0.014805637360485027 -0.0052741978041711268 -0.0015913028581168772 0.0029446350157784364
leaf_weight=9.1719908677041548 23.722892738878731 29.210139535367489 8.9562478363513929 1.9252563454210747 1.3050207421183575 1.0000133514404286
leaf_count=136 168 523 40 12 10 4
internal_value=-0.000444444 -0.00738576 0.000227556 0.011108 0.013244 -0.0113643
internal_weight=75.2916 50.2636 21.0535 10.8815 25.0279 10.172
internal_count=893 715 192 52 178 140
is_linear=0
shrinkage=0.02


Tree=288
num_leaves=7
num_cat=0
split_feature=10 38 34 34 1 40
split_gain=16.8394 3.6798 3.26278 2.28261 2.08228 2.00153
threshold=1.3689122095917476 0.071658598599433215 0.081529350696360983 0.022821882805923874 0.29212154294032028 0.085365145722355554
decision_type=2 2 2 2 2 2
left_child=2 3 4 5 -1 -2
right_child=1 -3 -4 -5 -6 -7
leaf_value=0.00034901728350748016 0.01270049679061749 -0.0083690921441779073 0.0072891153902801273 0.013099504506727264 -0.010701124579428149 -0.0081368534057163575
leaf_weight=8.0501010417938215 1.9521548524498928 3.5881923958659163 4.749383106827735 32.566002458333969 41.539633881300688 3.9136395528912544
leaf_count=45 9 34 37 297 436 33
internal_value=-0.000116518 0.00927037 -0.00741167 0.0110878 -0.00893587 -0.000362337
internal_weight=96.3591 42.02 54.3391 38.4318 49.5897 5.86579
internal_count=891 373 518 339 481 42
is_linear=0
shrinkage=0.02


Tree=289
num_leaves=7
num_cat=0
split_feature=2 0 15 2 47 45
split_gain=20.406 6.0746 5.55338 3.07309 1.11263 1.0015
threshold=0.36491677336747769 0.1270166453265045 0.070516206618957314 0.24849397590361447 0.0025348489800234579 -0.060616457620987406
decision_type=2 2 2 2 2 2
left_child=1 3 5 -1 -3 -2
right_child=2 4 -4 -5 -6 -7
leaf_value=0.007842673158114882 0.0032169882024515595 0.013835879573020144 0.0095457649128725917 -0.012166989047866852 -0.0017541131563187917 -0.012960409088944722
leaf_weight=4.4775466546416265 1.2253973446786393 34.103734448552132 4.5200840532779685 6.1591239534318447 1.708866924047469 36.149028345942497
leaf_count=24 11 264 31 57 12 492
internal_value=0.000169893 0.00920547 -0.00982909 -0.00379373 0.0130645 -0.01236
internal_weight=88.3438 46.4493 41.8945 10.6367 35.8126 37.3744
internal_count=891 357 534 81 276 503
is_linear=0
shrinkage=0.02


Tree=290
num_leaves=7
num_cat=0
split_feature=47 28 28 2 28 62
split_gain=17.2007 6.47412 4.99172 1.39626 1.04982 0.895805
threshold=0.0004980613279487188 0.11501683436997946 -0.0047320439599957262 0.71535181236673784 0.14042933558932616 0.17997570853395486
decision_type=2 2 2 2 2 2
left_child=2 -2 -1 5 -5 -4
right_child=1 -3 3 4 -6 -7
leaf_value=0.010342658776182234 0.013638910350185794 -0.011182921658927654 -0.013340169990647412 0.0083000003480271471 -0.0087507941408102845 0.0010215509086322992
leaf_weight=4.0609262697398654 29.339068576693535 4.1084007360041133 30.224684935063127 2.0270974487066264 1.7629927471280096 1.6947700232267369
leaf_count=26 195 82 519 10 44 15
internal_value=-5.16695e-05 0.0103539 -0.00884218 -0.0112462 0.000197602 -0.0125698
internal_weight=73.2179 33.4475 39.7705 35.7095 3.79009 31.9195
internal_count=891 277 614 588 54 534
is_linear=0
shrinkage=0.02


Tree=291
num_leaves=7
num_cat=0
split_feature=28 15 14 63 50 28
split_gain=16.6669 5.81966 3.84366 4.88607 2.59821 2.42044
threshold=0.14042933558932616 0.043369965740664443 0.037088223916494946 0.085849075705116532 0.43800133689839577 0.062516793501303639
decision_type=2 2 2 2 2 2
left_child=2 -2 3 4 5 -1
right_child=1 -3 -4 -5 -6 -7
leaf_value=-0.0088790377134501559 0.013756047658050644 -0.010002445156145677 -0.012191099146764422 -0.0091325004408720767 0.013309908818370906 0.0089710982529349424
leaf_weight=6.133491054177286 31.440706439316273 3.9943125918507567 24.272701803594828 17.844115674495697 7.6975770518183699 4.3098459839820862
leaf_count=52 303 33 292 152 33 22
internal_value=0.000167181 0.0108769 -0.00620551 -0.00194763 0.00522758 -0.00137227
internal_weight=95.6928 35.435 60.2577 35.985 18.1409 10.4433
internal_count=887 336 551 259 107 74
is_linear=0
shrinkage=0.02


Tree=292
num_leaves=7
num_cat=0
split_feature=43 48 40 44 15 46
split_gain=17.9674 8.5983 3.68172 1.86296 1.46768 1.28071
threshold=-0.01284433322148811 0.029671120678360415 0.046196865117441095 0.0042679431035871429 0.1452302849686746 0.015091784660585979
decision_type=2 2 2 2 2 2
left_child=1 2 3 -1 -2 -4
right_child=4 -3 5 -5 -6 -7
leaf_value=0.0062558165314070806 -0.012704929745838787 -0.0088601991934734812 0.014096100718339964 -0.011967399114183366 0.0074293388462331076 0.0017941563811311914
leaf_weight=3.8684298470616332 30.51320526748896 10.650319356471298 34.361779842525721 3.2195198386907578 0.89569209516048331 4.0928333029150954
leaf_count=18 411 122 272 25 5 34
internal_value=-2.20492e-05 0.00671999 0.0104756 -0.00247784 -0.0119192 0.0128654
internal_weight=87.6018 56.1929 45.5426 7.08795 31.4089 38.4546
internal_count=887 471 349 43 416 306
is_linear=0
shrinkage=0.02


Tree=293
num_leaves=7
num_cat=0
split_feature=47 28 28 43 54 35
split_gain=15.8677 5.69257 4.95112 3.08734 1.53877 0.701628
threshold=0.0004980613279487188 0.11352590537522925 -0.011830540826103171 0.045648075753902832 8.892045454545455 -0.0071346631354503717
decision_type=2 2 2 2 2 2
left_child=2 -2 -1 4 -4 -5
right_child=1 -3 3 5 -6 -7
leaf_value=0.011828582263676482 0.013398918497067352 -0.011004772444673759 -0.013255197515045884 -0.003777850573374313 0.0061525278448788722 0.011462164545641827
leaf_weight=3.5701297447085372 27.704690326005224 3.6430761218070975 32.344074014574289 1.3395806103944781 1.164161592721938 2.1163579411804667
leaf_count=21 188 72 572 15 7 12
internal_value=-0.000194995 0.0103103 -0.00837205 -0.0105833 -0.0124222 0.00603276
internal_weight=71.8821 31.3478 40.5343 36.9642 33.5082 3.45594
internal_count=887 260 627 606 579 27
is_linear=0
shrinkage=0.02


Tree=294
num_leaves=7
num_cat=0
split_feature=28 15 40 28 34 32
split_gain=15.279 5.96637 5.2709 2.72314 2.43779 1.90398
threshold=0.13499359144159967 0.062633350414234512 0.077017442196986835 -0.0079201708901896258 -0.010333275169310872 0.11824779132302046
decision_type=2 2 2 2 2 2
left_child=2 -2 3 -1 -5 -4
right_child=1 -3 5 4 -6 -7
leaf_value=-0.011777642279027042 0.013483351650867859 -0.010676911413639727 -0.011167120776440607 -0.01051263429959123 0.007804886432194469 0.0085772310242366711
leaf_weight=3.7995500341057804 32.915876507759094 3.8980926573276511 34.603727832436562 2.5714859291911187 16.880354367196556 1.3606668971478928
leaf_count=36 317 34 389 24 82 6
internal_value=0.0007538 0.0107104 -0.00551121 0.0018754 0.00498774 -0.0102083
internal_weight=96.0298 36.814 59.2158 23.2514 19.4518 35.9644
internal_count=888 351 537 142 106 395
is_linear=0
shrinkage=0.02


Tree=295
num_leaves=7
num_cat=0
split_feature=42 18 15 42 12 40
split_gain=18.5947 7.01257 4.15326 3.54195 2.2457 1.61487
threshold=0.038971205791997275 -0.0086577192339460356 0.070516206618957314 1.0000000180025095e-35 183.52889310906133 0.12009574237024025
decision_type=2 2 2 2 2 2
left_child=1 4 -2 -3 -1 -5
right_child=2 3 -4 5 -6 -7
leaf_value=0.014155612486077504 -0.012565517092784506 0.0081603036174644102 0.0082242383379932289 -0.014642699033927946 -0.0038586773098721007 0.0055378394178324545
leaf_weight=31.229253802448511 35.572989691048861 5.300064504146575 3.6079194843769065 7.3451955169439298 2.615315292030572 1.4004052877426145
leaf_count=256 500 33 21 48 22 8
internal_value=-0.000418753 0.00787032 -0.0104941 -0.00382121 0.0126928 -0.0111746
internal_weight=87.0711 47.8902 39.1809 14.0457 33.8446 8.7456
internal_count=888 367 521 89 278 56
is_linear=0
shrinkage=0.02


Tree=296
num_leaves=7
num_cat=0
split_feature=38 47 27 28 18 43
split_gain=17.2049 6.01797 3.80457 2.25611 1.66277 1.26183
threshold=0.060501921201270674 0.00083979681747389063 -0.094528505037498309 -0.018139554957645011 0.095802610820299242 -0.026051124785198772
decision_type=2 2 2 2 2 2
left_child=1 3 -3 -1 -5 -4
right_child=-2 2 5 4 -6 -7
leaf_value=0.0087071117762085436 0.013180856827548182 -0.0094999707422771824 -0.0019472942614666775 -0.013416935712313194 0.0081731276226910485 0.014955027809699267
leaf_weight=1.4230045303702343 23.585947208106518 4.6239581890404216 2.0158088579773903 32.749941986054182 0.85718382522463699 6.7244729660451394
leaf_count=7 176 79 13 576 4 33
internal_value=-0.00049686 -0.00729486 0.00391386 -0.011561 -0.012646 0.0112571
internal_weight=71.9803 48.3944 13.3642 35.0301 33.6071 8.74028
internal_count=888 712 125 587 580 46
is_linear=0
shrinkage=0.02


Tree=297
num_leaves=7
num_cat=0
split_feature=28 14 15 63 28 68
split_gain=16.4666 4.85218 4.64355 3.28149 2.41467 2.22562
threshold=0.14042933558932616 0.037088223916494946 0.043369965740664443 0.085849075705116532 0.019314206998105394 0.27548183839881396
decision_type=2 2 2 2 2 2
left_child=1 3 -2 4 -1 -5
right_child=2 -3 -4 5 -6 -7
leaf_value=-0.0060898270095054953 0.014188230696066619 -0.012602028069529588 -0.0077006885575596311 -0.0093195555239344603 0.010134294714706093 0.0092616358654148707
leaf_weight=4.4109029024839392 30.168713748455048 23.279667764902115 3.7868505269289008 15.436106506735088 11.541700281202791 2.2284383922815314
leaf_count=41 302 293 34 135 54 14
internal_value=0.000765 -0.00578788 0.0115966 -0.000841397 0.00555371 -0.00660485
internal_weight=90.8524 56.8968 33.9556 33.6171 15.9526 17.6645
internal_count=873 537 336 244 95 149
is_linear=0
shrinkage=0.02


Tree=298
num_leaves=7
num_cat=0
split_feature=2 44 1 16 1 18
split_gain=18.6894 4.15595 3.8833 2.16405 1.26674 1.24122
threshold=0.32373653686826848 0.0042679431035871429 0.29301637060257751 -0.061880539499010449 0.39938650306748474 -0.0091989236114220479
decision_type=2 2 2 2 2 2
left_child=2 4 5 -3 -2 -1
right_child=1 3 -4 -5 -6 -7
leaf_value=0.0065319312488369653 -0.0075169192117158683 0.0021763213551832476 0.012749518640343583 -0.013292888705696962 0.007103560333167779 -0.011272972524279124
leaf_weight=1.6358175873756406 2.4569552391767484 3.7596489377319804 31.564081963151693 32.906479865312576 6.9224626608192921 3.3608881607651702
leaf_count=12 17 36 261 474 49 24
internal_value=-0.000320925 -0.00871633 0.010203 -0.011691 0.00291847 -0.00532679
internal_weight=82.6063 46.0455 36.5608 36.6661 9.37942 4.99671
internal_count=873 576 297 510 66 36
is_linear=0
shrinkage=0.02


Tree=299
num_leaves=7
num_cat=0
split_feature=38 41 43 43 24 10
split_gain=16.6148 2.47135 3.32027 2.24315 2.07081 1.37942
threshold=0.038991839640575052 0.010682403593812369 -0.017096219207920742 1.0000000180025095e-35 0.29166666666666669 1.2898253725402811
decision_type=2 2 2 2 10 2
left_child=1 2 -1 5 -4 -2
right_child=3 -3 4 -5 -6 -7
leaf_value=-0.011683849696263673 0.0085100424317905449 -0.012482665622749649 0.010971981263258537 0.013384522936138761 -0.009233584218259842 -0.011189015281126763
leaf_weight=6.8752735406160346 1.6609355285763769 24.971020132303238 6.5700088590383512 23.573750711977482 1.9184386767446993 2.1189151033759117
leaf_count=106 9 487 27 187 39 18
internal_value=-0.000632359 -0.00871158 -0.00219407 0.0111681 0.00591354 -0.00256345
internal_weight=67.6883 40.3347 15.3637 27.3536 8.48845 3.77985
internal_count=873 659 172 214 66 27
is_linear=0
shrinkage=0.02


Tree=300
num_leaves=7
num_cat=0
split_feature=14 14 39 6 31 44
split_gain=14.5694 3.49557 3.15803 3.3073 2.81444 2.72756
threshold=-0.024657253961934047 0.038044359955277836 -1.0000000180025095e-35 24.973662964876038 0.012172953639390327 0.0092816818914603447
decision_type=2 2 2 2 2 2
left_child=4 2 3 -2 -1 -5
right_child=1 -3 -4 5 -6 -7
leaf_value=0.013086491233647935 -0.0077008941245874209 -0.010764044241448502 -0.011005846493825329 -0.0035832160235626858 -0.0054679469774745106 0.013570633678357629
leaf_weight=29.181751072406769 6.8850965127348962 25.61924385279417 7.7362160831689826 4.9816282801330081 3.1170914098620406 10.366201266646383
leaf_count=282 46 313 95 36 28 61
internal_value=0.000696071 -0.00548857 -0.000776859 0.00310296 0.0111854 0.0081242
internal_weight=87.8872 55.5884 29.9691 22.2329 32.2988 15.3478
internal_count=861 551 238 143 310 97
is_linear=0
shrinkage=0.02


Tree=301
num_leaves=7
num_cat=0
split_feature=42 2 18 19 42 46
split_gain=19.7827 5.32699 2.68088 2.00246 1.96322 1.27703
threshold=0.020474291534204814 0.28341924398625434 -0.0091989236114220479 -0.060678520650889627 -0.010257249878555875 -0.0016635686371625747
decision_type=2 2 2 2 2 2
left_child=3 2 -2 -1 -5 -3
right_child=1 5 -4 4 -6 -7
leaf_value=0.012516824029867701 0.012762616937330948 0.0034157552978936381 -0.0098900014599011474 0.0099715316978337999 -0.010241873951862143 -0.013208608664366073
leaf_weight=29.231233991682529 5.1648550406098366 1.561616901308297 2.2823816053569308 2.7798366472125053 2.9114046543836585 35.501055628061295
leaf_count=259 32 13 16 17 14 510
internal_value=-0.00063571 -0.00938612 0.00547125 0.0104678 -0.000354098 -0.0124368
internal_weight=79.4324 44.5099 7.44724 34.9225 5.69124 37.0627
internal_count=861 571 48 290 31 523
is_linear=0
shrinkage=0.02


Tree=302
num_leaves=7
num_cat=0
split_feature=38 61 43 31 18 23
split_gain=15.6097 3.7731 3.06126 1.82716 1.71058 0.918202
threshold=0.026925250574297514 0.11866162641228604 -0.010313951986804777 -0.033201624032985037 0.067741848459074647 102.60416666666669
decision_type=2 2 2 2 2 10
left_child=1 -1 5 -4 -3 -2
right_child=2 4 3 -5 -6 -7
leaf_value=0.010471777975277432 0.006484273428274818 -0.012292335684244378 -0.0063084511905624439 0.013518214569133036 0.0052436650414993862 -0.010106935314039856
leaf_weight=2.7879069559276095 1.1839078105986143 30.494752541184425 1.4323613084852755 25.878872819244858 1.8556442484259594 2.9979672990739346
leaf_count=17 6 572 24 196 13 33
internal_value=-0.000158804 -0.00920087 0.00990252 0.0122923 -0.0111594 -0.00506499
internal_weight=66.6314 35.1383 31.4931 27.3112 32.3504 4.18188
internal_count=861 602 259 220 585 39
is_linear=0
shrinkage=0.02


Tree=303
num_leaves=7
num_cat=0
split_feature=28 19 47 15 36 28
split_gain=15.6795 4.58651 4.36976 4.07277 3.13617 2.10447
threshold=0.14042933558932616 -0.10987722162034382 0.004927001842716423 0.043369965740664443 0.012951512886963175 0.085837477833543452
decision_type=2 2 2 2 2 2
left_child=1 -1 4 -2 -3 -4
right_child=3 2 5 -5 -6 -7
leaf_value=-0.013786172222461417 0.013587552840019668 -0.004524756289414642 -0.013288282672866048 -0.0076230173150409744 0.0093688903553122479 0.007645650581927124
leaf_weight=18.62430053576827 29.509663216769695 10.924392726272346 12.044124849140642 3.4612000286579123 13.53623643144965 1.5834103375673283
leaf_count=239 310 82 149 30 73 6
internal_value=0.000426221 -0.00592407 -0.00182533 0.0112021 0.00322983 -0.0104995
internal_weight=89.6833 56.7125 38.0882 32.9709 24.4606 13.6275
internal_count=889 549 310 340 155 155
is_linear=0
shrinkage=0.02


Tree=304
num_leaves=7
num_cat=0
split_feature=42 30 34 18 2 46
split_gain=17.7197 6.00169 3.01168 1.49857 1.5979 1.43242
threshold=0.0099345188642554916 -0.0026338780120220974 0.026711190309817574 0.028388997903899597 0.45738498789346255 -0.0016635686371625747
decision_type=2 2 2 2 2 2
left_child=3 2 -2 4 -1 -3
right_child=1 5 -4 -5 -6 -7
leaf_value=0.014120986319400878 0.0095207501438716365 0.0032107948403293004 -0.0085024792509136825 -0.0025290443842778914 -0.0021861147077095059 -0.012691666955709982
leaf_weight=26.30359015613795 9.5370891839265806 2.0386215448379508 4.799151297658681 2.4828303530812255 2.363706372678279 33.87897938862443
leaf_count=234 64 17 53 14 14 493
internal_value=-0.000151816 -0.00745119 0.00332636 0.0114896 0.012748 -0.0117265
internal_weight=81.404 50.2538 14.3362 31.1501 28.6673 35.9176
internal_count=889 627 117 262 248 510
is_linear=0
shrinkage=0.02


Tree=305
num_leaves=7
num_cat=0
split_feature=31 29 29 62 48 48
split_gain=14.0217 2.99001 2.81023 1.36732 1.36391 0.944936
threshold=-0.0066430384624463898 0.0087547278465322249 -0.037443517601620062 0.18890487322424027 0.016371481382677668 0.024620817146136505
decision_type=2 2 2 2 2 2
left_child=2 -2 4 -4 -1 -3
right_child=1 5 3 -5 -6 -7
leaf_value=-0.0083941703489426728 0.012678963400033678 -0.011461846503276276 -0.011513451032874185 0.0067769972563012553 0.0083892032475464222 0.0046595144170273519
leaf_weight=1.9676899462938298 24.231950912624601 2.2817649096250525 30.263721592724327 1.0977248661220063 4.8299763612449169 1.8540908508002756
leaf_count=34 188 17 579 8 43 20
internal_value=-0.000387118 0.0100654 -0.00821621 -0.0106836 0.00307753 -0.00473464
internal_weight=66.5269 28.3678 38.1591 31.3614 6.79767 4.13586
internal_count=889 225 664 587 77 37
is_linear=0
shrinkage=0.02


Tree=306
num_leaves=7
num_cat=0
split_feature=20 15 40 66 42 47
split_gain=13.4115 5.26225 3.64473 2.57905 2.08399 2.41511
threshold=0.11718930288527453 0.062633350414234512 0.076329722014115683 55.993545939071133 -0.0052076279289635227 0.0040407287782345406
decision_type=10 2 2 2 2 2
left_child=2 -2 3 -1 -5 -6
right_child=1 -3 -4 4 5 -7
leaf_value=-0.0072861230859077924 0.012497484094960352 -0.011785533386786149 -0.0098563474028853289 -0.0095989657519436784 0.014910107845723585 -0.0046237033166558004
leaf_weight=8.8875739723444003 30.233177602291107 3.2363623902201644 34.558859828859568 1.9671930857002742 7.787899643182751 3.0059185698628426
leaf_count=70 316 31 413 20 32 25
internal_value=2.10656e-05 0.00987563 -0.00591703 0.000529052 0.00610597 0.00953943
internal_weight=89.677 33.4695 56.2074 21.6486 12.761 10.7938
internal_count=907 347 560 147 77 57
is_linear=0
shrinkage=0.02


Tree=307
num_leaves=7
num_cat=0
split_feature=43 14 19 14 49 43
split_gain=16.9815 8.34136 3.03296 1.71858 1.2699 1.0021
threshold=-0.01284433322148811 -0.028077456079759793 -0.054305718981959676 0.11600082557098222 0.010621331989182435 -0.064735899014463513
decision_type=2 2 2 2 2 2
left_child=1 -1 4 -2 -3 -4
right_child=3 2 5 -5 -6 -7
leaf_value=-0.011382449096507301 -0.013018138305380896 0.013546483770716839 0.0064285669422718831 0.0053896817326834576 -0.00029079015267460134 -0.0073464676160603674
leaf_weight=7.6599771156907073 28.60007115080953 33.335804678499699 2.6417672783136368 1.6496075876057137 2.8300632461905471 4.1199525222182265
leaf_count=120 433 285 14 12 22 21
internal_value=-0.000242134 0.00680865 0.0102399 -0.011874 0.012485 -0.00182978
internal_weight=80.8372 50.5876 42.9276 30.2497 36.1659 6.76172
internal_count=907 462 342 445 307 35
is_linear=0
shrinkage=0.02


Tree=308
num_leaves=7
num_cat=0
split_feature=39 4 46 43 39 46
split_gain=15.3519 3.93824 3.65079 3.50279 1.45838 0.87357
threshold=-0.0074109369742668399 0.021390986044383439 0.0099687549040147153 -0.007419507890758458 0.025897916553492363 0.012895622244921684
decision_type=2 2 2 2 2 2
left_child=1 3 4 -1 -2 -5
right_child=2 -3 -4 5 -6 -7
leaf_value=-0.010670846483068007 -0.011778231353687931 -0.012823181673454065 0.0131921457036011 -0.0017824554344439303 0.0079390927003332012 0.012799496976554185
leaf_weight=5.1617308706045151 3.1259324997663525 24.644548658281565 26.629803124815226 1.911297895014284 1.5018101334571836 5.4008731469511986
leaf_count=58 28 558 211 17 8 27
internal_value=0.000258092 -0.00833866 0.0104088 0.000815489 -0.00510579 0.00923209
internal_weight=68.376 37.1185 31.2575 12.4739 4.62774 7.31217
internal_count=907 660 247 102 36 44
is_linear=0
shrinkage=0.02


Tree=309
num_leaves=7
num_cat=0
split_feature=14 34 38 57 64 6
split_gain=15.8532 3.58115 2.56268 2.31876 1.96579 2.00707
threshold=-0.028077456079759793 0.08771664099051607 0.064181334306981905 0.21286446020488578 0.55079110295803724 24.973662964876038
decision_type=2 2 2 2 2 2
left_child=2 3 -1 4 -2 -6
right_child=1 -3 -4 -5 5 -7
leaf_value=0.013430627129865971 -0.0077826787453018744 0.0081458604612975345 -0.0052490272858795378 -0.010415302698442042 -0.0091247780777150497 0.012061503838462386
leaf_weight=27.485694348812107 6.8348207585513574 5.4880285300314418 2.748577829450368 36.327378217130899 1.6786243468523023 5.183356337249279
leaf_count=287 76 42 27 396 18 34
internal_value=0.00018608 -0.00613606 0.0116188 -0.00783184 -0.000737383 0.00637737
internal_weight=85.7465 55.5122 30.2343 50.0242 13.6968 6.86198
internal_count=880 566 314 524 128 52
is_linear=0
shrinkage=0.02


Tree=310
num_leaves=7
num_cat=0
split_feature=42 18 15 42 53 27
split_gain=18.2684 6.01473 3.41696 2.9678 1.87638 1.20325
threshold=0.038971205791997275 -0.0091989236114220479 0.074493829863060232 0.002138375346397423 0.10686340478708066 -0.13624560438447972
decision_type=2 2 2 2 2 2
left_child=1 5 4 -3 -2 -1
right_child=2 3 -4 -5 -6 -7
leaf_value=0.0012863328815097331 0.0043666387260680216 0.0070913922209213586 0.0081507003954184917 -0.011856034476634502 -0.013924731711542924 0.014420068754478503
leaf_weight=3.329281833022832 1.9705153703689564 5.0759628117084485 2.7979056462645522 6.4170457124710083 30.079381551593542 26.971925109624866
leaf_count=33 19 34 19 44 491 240
internal_value=-0.000319016 0.0085076 -0.0108471 -0.00358999 -0.012702 0.0130642
internal_weight=76.642 41.7942 34.8478 11.493 32.0499 30.3012
internal_count=880 351 529 78 510 273
is_linear=0
shrinkage=0.02


Tree=311
num_leaves=7
num_cat=0
split_feature=38 29 41 43 24 10
split_gain=15.9514 3.07983 2.76044 2.87566 1.16412 0.997589
threshold=0.027231802444228511 0.0030901153460804608 0.0087903974709284422 -0.01284433322148811 0.45000000000000007 1.2243571272258187
decision_type=2 2 2 2 10 2
left_child=2 4 3 -1 -2 -5
right_child=1 -3 -4 5 -6 -7
leaf_value=-0.010865588858633325 0.013445768049614932 -0.0043974483822622487 -0.013482063152204052 0.012997129413367964 -0.0033574694019746372 -0.0029693671867498665
leaf_weight=5.1684205587953329 25.971163082867868 4.5634537525475016 21.877702845260501 3.7979421503841859 1.3772319257259358 1.853009497746825
leaf_count=85 201 51 479 14 21 29
internal_value=0.000131494 0.0100329 -0.00954309 -0.00111137 0.012511 0.00810228
internal_weight=64.6089 31.9118 32.6971 10.8194 27.3484 5.65095
internal_count=880 273 607 128 222 43
is_linear=0
shrinkage=0.02


Tree=312
num_leaves=7
num_cat=0
split_feature=28 40 14 43 42 30
split_gain=15.6603 5.16703 3.3513 2.74461 4.69172 1.97716
threshold=0.14042933558932616 0.077017442196986835 0.02229818588943178 0.0011485658930781991 0.002138375346397423 -0.0041698717953985711
decision_type=2 2 2 2 2 2
left_child=1 3 -2 4 -1 -4
right_child=2 -3 5 -5 -6 -7
leaf_value=-0.0096368927416518799 0.013884135428742259 -0.011209172129851581 -0.011733302207920068 -0.0084990205114729243 0.013438701328706185 0.009443245567370525
leaf_weight=4.3671103008091476 26.110629826784137 33.610619068145752 3.1415023393929005 6.6631735414266577 9.8594361841678602 2.12593950331211
leaf_count=37 297 409 30 64 39 12
internal_value=-1.77056e-05 -0.00646611 0.0110363 0.00132871 0.00618751 -0.00304342
internal_weight=85.8784 54.5003 31.3781 20.8897 14.2265 5.26744
internal_count=888 549 339 140 76 42
is_linear=0
shrinkage=0.02


Tree=313
num_leaves=7
num_cat=0
split_feature=30 18 14 14 45 14
split_gain=14.1705 6.71731 3.42517 2.48606 1.4441 1.39175
threshold=0.0065964947191711207 -0.0091989236114220479 0.11484448533848594 0.056778597250631647 -0.038948686508159518 -0.030161374076849403
decision_type=2 2 2 2 2 2
left_child=1 5 4 -3 -2 -1
right_child=2 3 -4 -5 -6 -7
leaf_value=-0.0042051551965379018 0.00082247106114653225 -0.009427850054127513 0.0079828205125597566 0.010482320304714902 -0.012929402485413063 0.013186780032210993
leaf_weight=1.5099460855126405 3.2856589816510704 9.5833390653133375 3.3555372692644587 2.3873441144824019 27.945109155029058 29.925131138414145
leaf_count=25 38 73 28 19 448 257
internal_value=-3.76162e-05 0.00749852 -0.00944039 -0.00495509 -0.011502 0.0122475
internal_weight=77.9921 43.4058 34.5863 11.9707 31.2308 31.4351
internal_count=888 374 514 92 486 282
is_linear=0
shrinkage=0.02


Tree=314
num_leaves=7
num_cat=0
split_feature=31 47 61 28 43 28
split_gain=14.3632 3.09248 3.00743 2.46714 2.43829 2.78776
threshold=-0.011904703561279121 -4.6899089966772143e-05 0.11866162641228604 -0.0047320439599957262 0.013898040494014901 0.08854319761516552
decision_type=2 2 2 2 2 2
left_child=2 3 -1 -2 -4 -6
right_child=1 -3 4 -5 5 -7
leaf_value=0.0080539497601866371 0.012563957143331153 0.014145015660602925 -0.013441531731974949 -0.0063834482647656112 0.011592777692764587 -0.010998782510768216
leaf_weight=3.1443735659122458 3.3260689228773117 20.549899753183126 24.331411758437756 6.5460357852280158 3.2838815860450259 3.4590895343571901
leaf_count=21 20 169 519 68 19 72
internal_value=6.87015e-05 0.00989773 -0.00870266 0.000568686 -0.0105965 7.97537e-05
internal_weight=64.6408 30.422 34.2188 9.8721 31.0744 6.74297
internal_count=888 257 631 88 610 91
is_linear=0
shrinkage=0.02


Tree=315
num_leaves=7
num_cat=0
split_feature=24 42 38 42 18 26
split_gain=13.1961 2.65586 4.15274 3.60721 2.96361 2.67057
threshold=0.36666666666666675 -0.0052076279289635227 0.038991839640575052 0.064471200956077931 -0.0080890525202684232 0.04018602175275033
decision_type=10 2 2 2 2 2
left_child=1 -1 3 4 -3 -5
right_child=-2 2 -4 5 -6 -7
leaf_value=-0.013055568734550611 0.011817181972288664 -0.010526420817035025 -0.010863725521038217 0.014711878090618604 0.0046843804233946094 -0.0096791297957766805
leaf_weight=11.949841462075709 26.428825251758099 9.8593117892742139 14.959822028875349 8.8934468105435354 8.8772125616669708 1.4643921479582775
leaf_count=177 295 101 195 50 48 9
internal_value=0.000423547 -0.0050662 -0.00265738 0.00178296 -0.00344747 0.0107149
internal_weight=82.4329 56.004 44.0542 29.0944 18.7365 10.3578
internal_count=875 580 403 208 149 59
is_linear=0
shrinkage=0.02


Tree=316
num_leaves=7
num_cat=0
split_feature=42 18 2 43 12 5
split_gain=16.1915 4.21152 3.61217 2.13617 1.79655 1.41764
threshold=0.032703867146465747 -0.0079554104171350431 0.28341924398625434 -0.050426756423209006 183.52889310906133 0.99074074074074081
decision_type=2 2 2 2 2 2
left_child=1 4 -2 -3 -1 -4
right_child=2 3 5 -5 -6 -7
leaf_value=0.013964190627758933 0.005346801640742257 0.0094935981610532964 -0.012702889966103553 -0.0089939055531581529 -0.004946392450684285 0.0069598603547667915
leaf_weight=26.155681841075424 5.0698448941111556 2.896628025919199 31.213587831705809 6.1287531219422799 1.6863465271890152 0.93410122767090698
leaf_count=247 37 22 508 41 14 6
internal_value=-0.000326207 0.00894693 -0.00950585 -0.00270536 0.012687 -0.0119388
internal_weight=74.0849 36.8674 37.2175 9.02538 27.842 32.1477
internal_count=875 324 551 63 261 514
is_linear=0
shrinkage=0.02


Tree=317
num_leaves=7
num_cat=0
split_feature=47 28 28 46 39 43
split_gain=13.286 5.09478 4.31328 2.02986 1.12432 1.0274
threshold=0.0040407287782345406 0.01640268108632326 0.11501683436997946 0.011165837217850387 0.025897916553492363 0.074125430486555247
decision_type=2 2 2 2 2 2
left_child=1 3 -2 4 -1 -3
right_child=2 5 -4 -5 -6 -7
leaf_value=-0.012105226123478146 0.013516946905416256 -0.012343233810399713 -0.010184620389787109 0.01312980317424178 0.0077639663855576637 0.0056802239826335456
leaf_weight=2.1629187799990173 22.776885520666841 27.818304384127263 2.7857017442584029 4.7233110703527927 0.94432459771633137 0.77420594170689483
leaf_count=34 178 554 67 32 5 5
internal_value=-0.000172173 -0.00784755 0.0106479 0.00588341 -0.00564665 -0.0116798
internal_weight=61.9857 36.4231 25.5626 7.83055 3.10724 28.5925
internal_count=875 630 245 71 39 559
is_linear=0
shrinkage=0.02


Tree=318
num_leaves=7
num_cat=0
split_feature=28 40 30 70 32 5
split_gain=13.6414 4.66415 2.85389 2.80935 2.16926 1.7446
threshold=0.14373778746385865 0.077017442196986835 -0.018290886103634704 0.029166666666666671 0.11824779132302046 0.53825536062378176
decision_type=2 2 2 2 2 2
left_child=1 3 -2 -1 -3 -5
right_child=2 4 -4 5 -6 -7
leaf_value=0.0089020874492939297 -0.0040400629836066931 -0.011509016306703616 0.013532491931137203 -0.0106020033269389 0.0084355964989176659 0.0059575128662974486
leaf_weight=9.8702442571520823 3.8643401302397278 31.93530348315835 24.314565181732178 6.872638098895548 1.6370608769357193 2.9852373823523521
leaf_count=48 38 409 284 69 10 20
internal_value=3.82323e-05 -0.00588878 0.0110668 0.00178715 -0.0103206 -0.00550049
internal_weight=81.4794 53.3005 28.1789 19.7281 33.5724 9.85788
internal_count=878 556 322 137 419 89
is_linear=0
shrinkage=0.02


Tree=319
num_leaves=7
num_cat=0
split_feature=42 18 12 42 49 18
split_gain=16.2221 6.65749 2.69374 2.49625 1.33995 1.45567
threshold=0.047375973341059481 -0.0091989236114220479 207.49812663919076 0.00072863773870476833 -0.0055551248966087671 -0.030673450307902691
decision_type=2 2 2 2 2 2
left_child=1 2 -1 -3 5 -2
right_child=4 3 -4 -5 -6 -7
leaf_value=0.013781614113371161 0.0067005358060977125 0.0067734437446959686 -0.0066616597166925832 -0.010547273578972371 -0.013276280580650026 -0.010911768385900524
leaf_weight=30.224407210946083 2.9377942234277725 4.3430802673101416 2.2275606691837302 8.2893995679914934 23.878659639507532 2.6285672634840038
leaf_count=286 27 30 26 66 410 33
internal_value=4.67396e-05 0.00753042 0.0122212 -0.00453232 -0.0112828 -0.00201158
internal_weight=74.5295 45.0844 32.452 12.6325 29.445 5.56636
internal_count=878 408 312 96 470 60
is_linear=0
shrinkage=0.02


Tree=320
num_leaves=7
num_cat=0
split_feature=43 27 29 18 38 47
split_gain=13.6648 5.51681 2.22443 1.7199 1.51948 0.96522
threshold=-0.007419507890758458 -0.15680025153644234 0.044599294552060152 0.034112117757330924 -0.0016354506829249977 -1.0000000180025095e-35
decision_type=2 2 2 2 2 2
left_child=3 -2 4 -1 -3 -5
right_child=1 2 -4 5 -6 -7
leaf_value=-0.01337081343243042 -0.0094840220898242435 -0.002172530286405129 -0.0068743996317518642 -0.0077196496301234043 0.013450734682918328 0.010463907615304137
leaf_weight=21.459290089085702 5.6891025211662045 2.4521383717656198 2.0532502327114335 1.2103362865746023 26.951091751456261 1.5463167428970326
leaf_count=455 142 19 21 23 210 8
internal_value=-0.000107175 0.00744605 0.0107058 -0.0115291 0.0121192 0.00255052
internal_weight=61.3615 37.1456 31.4565 24.2159 29.4032 2.75665
internal_count=878 392 250 486 229 31
is_linear=0
shrinkage=0.02


Tree=321
num_leaves=7
num_cat=0
split_feature=28 40 15 38 42 60
split_gain=13.6262 4.925 3.47845 2.66196 3.66863 2.2743
threshold=0.14042933558932616 0.077017442196986835 0.043369965740664443 0.066385877602505625 -0.0052076279289635227 0.23410876057115612
decision_type=2 2 2 2 2 2
left_child=1 3 -2 4 -1 -6
right_child=2 -3 -4 -5 5 -7
leaf_value=-0.01111246113527958 0.013459562550086601 -0.0098947933027820293 -0.0072192034972527047 -0.01122646432158287 -0.0039974756157215132 0.014280270321361546
leaf_weight=3.2528379112482133 26.974214501678947 34.190121792256832 3.0498915314674369 3.6981845498085013 3.0672619789838782 10.648431833833454
leaf_count=34 314 427 29 46 19 48
internal_value=0.000572481 -0.00533719 0.011194 0.0023114 0.00572248 0.0101989
internal_weight=84.8809 54.8568 30.0241 20.6667 16.9685 13.7157
internal_count=917 574 343 147 101 67
is_linear=0
shrinkage=0.02


Tree=322
num_leaves=7
num_cat=0
split_feature=42 41 42 30 14 48
split_gain=16.6945 4.39566 3.52133 2.37568 1.55009 1.26653
threshold=0.038971205791997275 0.010682403593812369 -1.0000000180025095e-35 -0.0082992410975778145 0.0200722964809328 0.032729162854450343
decision_type=2 2 2 2 2 2
left_child=1 2 -1 4 -2 -3
right_child=3 5 -4 -5 -6 -7
leaf_value=0.0080236258374813563 -0.0067560145378004399 0.013735308535472737 -0.010562317846052405 -0.01290970355765265 0.011357588240075281 -0.0019441077501112238
leaf_weight=7.5053084269165993 3.5101077482104293 25.399145547300581 6.8415776379406434 28.358684230595827 2.2600036561489105 1.9847726635634888
leaf_count=57 39 244 51 492 14 20
internal_value=-0.000393453 0.00800865 -0.000950149 -0.0106026 0.000968289 0.0125704
internal_weight=75.8596 41.7308 14.3469 34.1288 5.77011 27.3839
internal_count=917 372 108 545 53 264
is_linear=0
shrinkage=0.02


Tree=323
num_leaves=7
num_cat=0
split_feature=43 28 46 29 49 48
split_gain=14.1136 9.3011 1.84634 1.5511 0.629901 0.560267
threshold=-0.0072916734886824949 0.10291348220514096 0.0079147402953547753 -0.054546163406249584 0.021082343474337451 0.029868761740269215
decision_type=2 2 2 2 2 2
left_child=3 2 -2 5 -3 -1
right_child=1 4 -4 -5 -6 -7
leaf_value=-0.005983785598167023 -0.0022542724691828743 -0.012441882118227063 0.013778063295787046 -0.013407551035173085 0.0010576697692567714 0.009403995519009712
leaf_weight=0.76304333657026546 2.9065674729645279 7.2599580287933332 27.598068080842495 22.452124942094088 1.4819298461079595 1.2315509952604768
leaf_count=18 17 158 217 479 21 7
internal_value=-0.000292528 0.00708322 0.0122274 -0.0119465 -0.0102798 0.00348489
internal_weight=63.6932 39.2465 30.5046 24.4467 8.74189 1.99459
internal_count=917 413 234 504 179 25
is_linear=0
shrinkage=0.02


Tree=324
num_leaves=7
num_cat=0
split_feature=20 15 40 10 72 65
split_gain=11.1685 5.00625 3.47768 1.96716 2.25998 1.54801
threshold=0.11350661083040998 0.057101826566892798 0.076329722014115683 1.4420765116137755 0.14216666666666669 0.45330218068535827
decision_type=10 2 2 2 2 2
left_child=2 -2 3 4 5 -1
right_child=1 -3 -4 -5 -6 -7
leaf_value=-0.0022537299537983596 0.012405160090416072 -0.010971782726038902 -0.0094315534943133737 0.013155834967226126 -0.0085285130256048634 0.015396955563677317
leaf_weight=3.7314669191837337 28.386393990367655 3.403335139155387 30.414884313941002 3.4638757519423953 8.087056025862692 2.7788395173847675
leaf_count=23 329 37 401 18 79 10
internal_value=0.000599088 0.00964419 -0.00540756 0.00150809 -0.00192211 0.0063272
internal_weight=80.2659 31.7897 48.4761 18.0612 14.5974 6.51031
internal_count=897 366 531 130 112 33
is_linear=0
shrinkage=0.02


Tree=325
num_leaves=7
num_cat=0
split_feature=42 40 2 42 18 57
split_gain=14.9426 5.55273 2.81336 2.02773 1.40504 1.64905
threshold=0.038971205791997275 0.046196865117441095 0.28341924398625434 -0.011731221736226738 -0.0099576051691529482 0.20998028841166097
decision_type=2 2 2 2 2 2
left_child=1 3 -2 -1 -3 -6
right_child=2 4 -4 -5 5 -7
leaf_value=0.0064322899919211267 0.004724329090415042 0.013333443856672698 -0.012336535936125357 -0.013278834247105553 -0.0091624871356334389 0.0094077111458569177
leaf_weight=2.4359902590513229 3.9241205640137222 26.638401009142399 28.059305239468813 5.0937853083014479 2.2146110869944087 3.8015261366963387
leaf_count=13 28 269 504 40 14 29
internal_value=-0.000134109 0.00790144 -0.0101635 -0.0068955 0.011417 0.0022402
internal_weight=72.1677 40.1843 31.9834 7.52978 32.6545 6.01614
internal_count=897 365 532 53 312 43
is_linear=0
shrinkage=0.02


Tree=326
num_leaves=7
num_cat=0
split_feature=38 20 43 17 70 25
split_gain=13.6576 3.87401 2.49205 1.0481 0.957355 0.894284
threshold=0.018116670719786829 0.089863041708114849 -0.007419507890758458 0.082079496968335955 0.018750000000000003 0.3281140971838753
decision_type=2 10 2 2 2 2
left_child=3 2 -2 5 -4 -1
right_child=1 -3 4 -5 -6 -7
leaf_value=-0.0077007710880712277 -0.0035857050972937969 -0.0074595845496981993 0.0019737827412055985 -0.012858203119419674 0.014377571161486188 0.0079079419602167723
leaf_weight=2.5575744137167957 3.8465913627296713 4.9269118458032599 3.1953825950622585 22.136579414829612 21.214290447533131 1.5215616300702093
leaf_count=32 33 86 18 533 182 13
internal_value=-0.000643604 0.00778387 0.0106059 -0.0112049 0.0128954 -0.00146791
internal_weight=59.3989 33.1832 28.2563 26.2157 24.4097 4.07914
internal_count=897 319 233 578 200 45
is_linear=0
shrinkage=0.02


Tree=327
num_leaves=7
num_cat=0
split_feature=14 40 27 43 43 28
split_gain=13.3666 3.5413 2.60999 2.19108 1.7376 1.73186
threshold=-0.030161374076849403 0.077820676126642535 -0.18331305126131189 0.0011485658930781991 -0.042713595315849243 0.085837477833543452
decision_type=2 2 2 2 2 2
left_child=5 3 -3 4 -2 -1
right_child=1 2 -4 -5 -6 -7
leaf_value=-0.0039425951334421967 -0.002528795754202012 0.0092841742637502674 -0.010550755248168594 -0.0071811220701932313 0.011884353416045698 0.013525686646279234
leaf_weight=2.0674116164445904 5.0391173101961622 2.1294031068682662 31.857655804604292 6.4994157440960398 7.465619958937169 23.540350440889597
leaf_count=21 41 22 424 65 34 285
internal_value=0.000423308 -0.00529969 -0.00907819 0.0015738 0.00631902 0.0120202
internal_weight=78.599 52.9912 33.9871 19.0042 12.5047 25.6078
internal_count=892 586 446 140 75 306
is_linear=0
shrinkage=0.02


Tree=328
num_leaves=7
num_cat=0
split_feature=42 48 17 17 53 34
split_gain=15.7451 5.80135 2.54408 1.82414 1.71905 1.54241
threshold=0.0099345188642554916 0.01916660439404182 0.11072796934865901 0.10432213930348259 0.15004873294346979 0.027710057909403566
decision_type=2 2 2 2 2 2
left_child=3 2 -2 5 -4 -1
right_child=1 -3 4 -5 -6 -7
leaf_value=0.010368938290110423 -0.0079913152616634814 -0.013138891473654588 0.012562352936632609 0.013586458634396352 -0.003730214682957568 -0.0088984318888148013
leaf_weight=2.080109819769862 5.749628126621249 26.860178809612989 7.0673321634531003 23.274499792605639 3.2590899467468262 2.6095546260476112
leaf_count=14 57 473 53 246 35 14
internal_value=-6.82936e-05 -0.00761406 0.0018458 0.0113804 0.00754496 -3.19715e-05
internal_weight=70.9004 42.9362 16.0761 27.9642 10.3264 4.68966
internal_count=892 618 145 274 88 28
is_linear=0
shrinkage=0.02


Tree=329
num_leaves=7
num_cat=0
split_feature=47 28 28 43 49 54
split_gain=13.263 4.93096 3.66585 1.69379 0.962258 0.813535
threshold=0.0004980613279487188 0.11352590537522925 0.01293482311810998 -0.0054815010343320916 0.037683005458027011 11.625000000000002
decision_type=2 2 2 2 2 2
left_child=2 -2 3 -1 5 -4
right_child=1 -3 4 -5 -6 -7
leaf_value=-0.0089435596177176811 0.013332304808302277 -0.010630623079136649 -0.013270606880235323 0.011339065313743761 0.0049973710104121534 0.0045530534256750192
leaf_weight=1.5849226191639898 22.404890246689323 3.258448150008916 25.005738107487566 3.9767986088991192 0.7864141371101131 0.60661620646715064
leaf_count=26 184 83 562 25 8 4
internal_value=-0.000491004 0.0100052 -0.00896697 0.005077 -0.0120031 -0.0126932
internal_weight=57.6238 25.6633 31.9605 5.56172 26.3988 25.6124
internal_count=892 267 625 51 574 566
is_linear=0
shrinkage=0.02


Tree=330
num_leaves=7
num_cat=0
split_feature=28 15 19 38 25 32
split_gain=13.124 4.20105 2.3255 3.65748 2.63887 1.40198
threshold=0.14042933558932616 0.043369965740664443 -0.076463724800554064 0.038991839640575052 0.17547531484121959 0.11824779132302046
decision_type=2 2 2 2 2 2
left_child=2 -2 5 4 -4 -1
right_child=1 -3 3 -5 -6 -7
leaf_value=-0.01154925620531245 0.013607913135147141 -0.0077126750395993208 -0.01053533872804769 -0.01050295868674455 0.0090887565295913637 0.0060796603689578597
leaf_weight=24.05728662386537 24.092190608382229 3.6690001375973216 2.6406605951488045 9.7417678944766504 11.094124510884283 1.3413849882781494
leaf_count=328 300 36 19 135 56 9
internal_value=-0.000141322 0.0106199 -0.0063441 -0.00168551 0.00485687 -0.0104232
internal_weight=76.6364 27.7612 48.8752 23.4766 13.7348 25.3987
internal_count=883 336 547 210 75 337
is_linear=0
shrinkage=0.02


Tree=331
num_leaves=7
num_cat=0
split_feature=42 18 15 15 12 48
split_gain=14.1901 4.9809 3.24309 2.88799 1.72119 1.27812
threshold=0.038971205791997275 -0.0091989236114220479 0.070516206618957314 0.042779240836650752 183.52889310906133 0.0091412398516737218
decision_type=2 2 2 2 2 2
left_child=1 4 -2 5 -1 -3
right_child=2 3 -4 -5 -6 -7
leaf_value=0.013681146967275981 -0.01195670631532242 0.0042757301201427258 0.0085043261188424667 0.010989756186819093 -0.0034457303707350262 -0.013800795508677704
leaf_weight=26.262586019933227 27.655124641954902 1.5163873881101588 2.7613367512822142 2.8869181945919991 2.1773729063570491 5.8127393908798695
leaf_count=268 500 11 18 24 22 40
internal_value=0.000154929 0.00810696 -0.0098876 -0.00361496 0.0122974 -0.00999647
internal_weight=69.0725 38.656 30.4165 10.216 28.44 7.32913
internal_count=883 365 518 75 290 51
is_linear=0
shrinkage=0.02


Tree=332
num_leaves=7
num_cat=0
split_feature=38 41 28 46 39 6
split_gain=12.8776 3.89285 2.93523 2.73609 1.32262 0.580371
threshold=0.060501921201270674 0.010682403593812369 0.10011550074792687 0.009364992800828047 0.021272058057922417 284.44706745213972
decision_type=2 2 2 2 2 2
left_child=1 2 3 -1 -3 -2
right_child=5 4 -4 -5 -6 -7
leaf_value=-0.0088496061740364809 0.013818068766589489 -0.012767967766322247 -0.011581040425830864 0.012003933084392371 0.0058502795547443042 0.00030054179311146819
leaf_weight=2.6411604899913064 17.950276292860512 22.038449939340357 4.0743297208100548 8.2076876088976842 1.0767364725470532 1.4100493751466263
leaf_count=42 167 523 86 45 9 11
internal_value=1.97703e-06 -0.00672326 0.00122712 0.00660871 -0.0116941 0.0128967
internal_weight=57.3987 38.0384 14.9232 10.8488 23.1152 19.3603
internal_count=883 705 173 87 532 178
is_linear=0
shrinkage=0.02


Tree=333
num_leaves=7
num_cat=0
split_feature=14 20 71 17 11 25
split_gain=11.2232 7.42456 3.4829 2.36343 1.56961 1.45446
threshold=0.017937086023635297 0.086130680991322442 0.22141666666666668 0.10943202554744527 -1.1949681104272483 0.27164424360699274
decision_type=2 10 2 2 2 2
left_child=1 2 4 5 -1 -2
right_child=3 -3 -4 -5 -6 -7
leaf_value=0.012850371093475903 -0.0060143777361872089 0.013257053914489333 -0.0086570118530185231 -0.012594378105266028 -0.0021226772602449036 0.010186029319805254
leaf_weight=5.4290259815752506 4.5247561112046268 27.03856872394681 12.790804188698528 20.534817773848772 4.5257104635238665 2.704980056732893
leaf_count=28 49 327 128 307 36 14
internal_value=0.000719314 0.00636435 -0.00204253 -0.00927206 0.00647081 0.000548142
internal_weight=77.5487 49.7841 22.7455 27.7646 9.95474 7.22974
internal_count=889 519 192 370 64 63
is_linear=0
shrinkage=0.02


Tree=334
num_leaves=7
num_cat=0
split_feature=30 48 40 0 6 2
split_gain=12.4853 3.68427 3.22101 2.5222 2.03824 1.87701
threshold=-1.0000000180025095e-35 0.018504770960174104 0.072693103800117453 0.13276009704581135 266.1233678528709 0.23317152103559874
decision_type=2 2 2 2 2 2
left_child=3 2 -2 5 -5 -1
right_child=1 -3 -4 4 -6 -7
leaf_value=0.0088091031303276467 -0.0096161603545105445 -0.01300086725160823 0.009350036629461763 0.012718896352577086 -0.0053369222730556085 -0.0097658973343403375
leaf_weight=2.7840763106942168 5.8278595581650716 23.545062150806189 6.5351637750864029 23.891813520342115 2.232674863189458 4.1887157261371613
leaf_count=22 56 442 62 243 30 34
internal_value=-0.000461466 -0.00851604 0.000358921 0.00827062 0.0110359 -0.00217466
internal_weight=69.0054 35.9081 12.363 33.0973 26.1245 6.97279
internal_count=889 560 118 329 273 56
is_linear=0
shrinkage=0.02


Tree=335
num_leaves=7
num_cat=0
split_feature=28 43 46 46 39 43
split_gain=12.17 8.72262 1.30606 0.945886 0.813132 1.01675
threshold=0.060252972929253683 -0.017096219207920742 0.0079147402953547753 0.02443601189744923 -0.0020364194990037036 0.0044810926946109103
decision_type=2 2 2 2 2 2
left_child=1 3 -3 -1 -2 -6
right_child=4 2 -4 -5 5 -7
leaf_value=-0.012707657983068995 -0.012398177626124818 -0.0004761154631059409 0.014522236378588351 0.003537136304941642 -0.0099157103769104849 0.0073453780805116196
leaf_weight=6.6796279903501263 20.700849078595642 2.5067194662988213 22.601315915584564 1.3031860031187532 1.7268075719475739 1.7585084065794943
leaf_count=125 516 16 195 9 15 13
internal_value=-0.00041519 0.00738119 0.013064 -0.00995717 -0.0109515 -0.0015107
internal_weight=57.277 33.0908 25.108 7.98281 24.1862 3.48532
internal_count=889 345 211 134 544 28
is_linear=0
shrinkage=0.02


Tree=336
num_leaves=7
num_cat=0
split_feature=28 14 40 56 1 16
split_gain=12.6616 5.90434 2.0145 2.01901 1.82771 1.1962
threshold=0.10707780842249982 0.092290094437561046 0.076329722014115683 0.29261805915931505 0.39114089571755478 -0.064341596052068392
decision_type=2 2 2 2 2 2
left_child=2 5 3 -1 -5 -2
right_child=1 -3 -4 4 -6 -7
leaf_value=-0.010519323351920016 -0.0015899818572119285 -0.011466124096490121 -0.010730629614913207 -0.0036838393158384612 0.011618350463920816 0.012979483483690366
leaf_weight=5.5381528101861504 2.2196592241525677 4.1987779997289172 25.306760836392641 6.1527643091976625 4.6815499141812325 28.331280130892992
leaf_count=54 21 63 362 50 23 332
internal_value=5.90398e-05 0.00883855 -0.00729639 -0.001676 0.00335132 0.0119041
internal_weight=76.4289 34.7497 41.6792 16.3725 10.8343 30.5509
internal_count=905 416 489 127 73 353
is_linear=0
shrinkage=0.02


Tree=337
num_leaves=7
num_cat=0
split_feature=2 15 19 45 20 43
split_gain=13.9932 4.25945 2.73521 1.53025 1.3603 1.12811
threshold=0.32163382594417084 0.062633350414234512 -0.015582963310862117 -0.043684864021592114 inf -0.0028562965119561311
decision_type=2 2 2 2 8 2
left_child=2 3 5 -2 -5 -1
right_child=1 -3 -4 4 -6 -7
leaf_value=0.013233040254762796 0.0015593076724039307 0.0080854557453307156 -0.010180279711814628 -0.012515647806088057 0.0055680275936243499 -0.00086236612892424741
leaf_weight=23.688742946833379 3.6673658229410639 5.0945998914539805 1.6823141425847996 30.487619630992416 1.2136771753430355 2.371230535209178
leaf_count=254 39 44 11 525 9 23
internal_value=-0.000414901 -0.00784325 0.0103156 -0.0102969 -0.0116742 0.011966
internal_weight=68.2056 40.4633 27.7423 35.3687 31.7013 26.06
internal_count=905 617 288 573 534 277
is_linear=0
shrinkage=0.02


Tree=338
num_leaves=7
num_cat=0
split_feature=31 28 28 46 46 62
split_gain=12.679 2.75808 2.2925 1.72881 1.62382 0.952188
threshold=-0.011904703561279121 0.098987863072906523 0.017234676038807618 0.012895622244921684 0.0046330607476512678 0.18890487322424027
decision_type=2 2 2 2 2 2
left_child=2 4 3 -1 -2 -4
right_child=1 -3 5 -5 -6 -7
leaf_value=-0.0089399916606528029 -0.0023185844078936605 -0.0095732265784858276 -0.011400889138081989 0.012388995677531281 0.013471783260871796 0.0053146962852610299
leaf_weight=1.6571171879768396 2.6216267906129422 1.9100867360830296 24.824876334518198 2.7338805347681046 22.925303570926189 0.88226864486932655
leaf_count=31 23 36 589 16 202 8
internal_value=0.000412297 0.0100524 -0.00842232 0.00417445 0.0118251 -0.0106497
internal_weight=57.5552 27.457 30.0981 4.391 25.5469 25.7071
internal_count=905 261 644 47 225 597
is_linear=0
shrinkage=0.02


Tree=339
num_leaves=7
num_cat=0
split_feature=28 70 30 41 11 41
split_gain=10.754 2.8643 2.85367 1.88451 1.63466 1.4251
threshold=0.14042933558932616 0.020833333333333339 -0.018290886103634704 0.051122139214337455 -2.3493647903911885 -0.033587238977053326
decision_type=2 2 2 2 2 2
left_child=1 3 -2 -1 -3 -6
right_child=2 4 -4 -5 5 -7
leaf_value=0.0078333590195018739 -0.0051261256634841457 0.0074633035639567668 0.013267786934498938 -0.0086767257144740317 0.0024562379434137521 -0.0098437970966259829
leaf_weight=9.1671554148197156 3.3814903162419823 2.021348785609006 23.103687219321728 2.8789535127580157 3.8635659031569913 31.403053343296055
leaf_count=49 38 15 301 24 27 435
internal_value=0.000766151 -0.00473809 0.0108183 0.00352491 -0.00742985 -0.00846572
internal_weight=75.8193 49.3341 26.4852 12.0461 37.288 35.2666
internal_count=889 550 339 73 477 462
is_linear=0
shrinkage=0.02


Tree=340
num_leaves=7
num_cat=0
split_feature=43 48 40 14 15 51
split_gain=13.1725 6.44163 3.36275 2.34729 1.30476 0.889376
threshold=-0.01284433322148811 0.032338349179551869 0.046196865117441095 -0.048234864968760983 0.1452302849686746 0.27171058468636328
decision_type=2 2 2 2 2 2
left_child=1 2 5 -4 -2 -1
right_child=4 -3 3 -5 -6 -7
leaf_value=-0.010080732443418386 -0.01301611846503088 -0.01051811748017911 -0.0084605057632301302 0.013317040450404218 0.0067886274724187406 0.0040696437168341541
leaf_weight=3.1255577690899363 23.346987154334787 6.9485952705144873 1.4632364287972475 28.834813617169857 0.81590554118156333 2.374378077685833
leaf_count=25 424 107 24 288 6 15
internal_value=-0.000582613 0.00605786 0.00947375 0.0120286 -0.0121042 -0.0042856
internal_weight=66.9095 42.7466 35.798 30.2981 24.1629 5.49994
internal_count=889 459 352 312 430 40
is_linear=0
shrinkage=0.02


Tree=341
num_leaves=7
num_cat=0
split_feature=39 46 17 10 38 53
split_gain=12.584 3.03208 2.76532 2.41233 1.43963 1.21888
threshold=-0.0074109369742668399 0.015091784660585979 0.086785347483738465 0.56120855010035353 0.076388500640897958 0.17561849812046509
decision_type=2 2 2 2 2 2
left_child=2 4 3 -1 5 -2
right_child=1 -3 -4 -5 -6 -7
leaf_value=0.010750539432278317 -0.012177351822493321 0.013540808618104272 -0.012399702181983295 -0.0091520189118145853 0.010034475853594699 0.0062884087745841821
leaf_weight=4.0274632349610355 3.6648368239402798 19.237819258123636 22.519019279628992 3.7385841999202967 1.967012472450733 1.3304543793201444
leaf_count=22 35 186 566 57 15 8
internal_value=-0.000335568 0.00961975 -0.00898028 0.00121837 -0.00155459 -0.0070306
internal_weight=56.4852 26.2001 30.2851 7.76605 6.9623 4.99529
internal_count=889 244 645 79 58 43
is_linear=0
shrinkage=0.02


Tree=342
num_leaves=7
num_cat=0
split_feature=28 40 15 42 43 21
split_gain=10.9484 4.55985 3.72366 2.58525 4.0953 1.38935
threshold=0.14042933558932616 0.077017442196986835 0.062633350414234512 -0.0052076279289635227 0.0011485658930781991 0.0018732773877718838
decision_type=2 2 2 2 2 10
left_child=1 3 -2 -1 -5 -6
right_child=2 -3 -4 4 5 -7
leaf_value=-0.011240558233623688 0.012978240609286387 -0.0097053175492776388 -0.010599980028276213 0.013405213593165275 -0.011317279981030241 0.0073957069454129651
leaf_weight=3.3914795406162765 24.839131060987715 29.591833431273699 2.239771530032157 9.9505417719483358 4.5375527068972579 1.4316947124898431
leaf_count=37 330 402 24 42 52 9
internal_value=0.000738448 -0.00489264 0.01072 0.00259687 0.00603485 -0.00641187
internal_weight=75.982 48.9031 27.0789 19.3113 15.9198 5.96925
internal_count=896 542 354 140 103 61
is_linear=0
shrinkage=0.02


Tree=343
num_leaves=7
num_cat=0
split_feature=43 2 40 43 46 2
split_gain=12.1542 4.66238 3.02609 2.58536 1.35737 1.1006
threshold=-0.01284433322148811 0.42907444668008049 0.077496724546692666 -0.044446194424006845 -4.5364006621844757e-05 0.25789823744595947
decision_type=2 2 2 2 2 2
left_child=1 2 3 -1 -3 -2
right_child=5 4 -4 -5 -6 -7
leaf_value=0.0081752888079850324 0.0020343857332903899 0.0072430615470031965 0.013048464091708607 -0.010326634048822857 -0.0096907301797833755 -0.012820828789848976
leaf_weight=5.9440645053982735 1.9092283621430421 1.6419525966048238 23.834542207419872 4.347443148493765 7.5323317088186723 21.804704550653696
leaf_count=47 10 10 249 32 126 422
internal_value=-0.000358809 0.00591536 0.00926951 0.000137151 -0.00624601 -0.0115909
internal_weight=67.0143 43.3003 34.126 10.2915 9.17428 23.7139
internal_count=896 464 328 79 136 432
is_linear=0
shrinkage=0.02


Tree=344
num_leaves=7
num_cat=0
split_feature=38 18 28 2 28 6
split_gain=12.122 4.44121 2.38013 1.28649 1.10777 0.678135
threshold=0.060501921201270674 0.020097596177778069 0.077957273480776343 0.28598691384950931 -0.0047320439599957262 284.44706745213972
decision_type=2 2 2 2 2 2
left_child=1 4 3 -3 -1 -2
right_child=5 2 -4 -5 -6 -7
leaf_value=0.0049605966194939564 0.013670148675622171 -0.0042575350337089443 -0.0084249027678662842 0.013725864931496554 -0.011994989871636354 -0.00077736970107158011
leaf_weight=1.1120309680700327 16.474761903285984 1.5672917291522006 3.4739738386124372 5.7025418803095818 25.960967630147934 1.2912264056503762
leaf_count=12 164 12 76 31 591 10
internal_value=-0.000573374 -0.00694402 0.00369344 0.00980284 -0.0111466 0.0126346
internal_weight=55.5828 37.8168 10.7438 7.26983 27.073 17.766
internal_count=896 722 119 43 603 174
is_linear=0
shrinkage=0.02


Tree=345
num_leaves=7
num_cat=0
split_feature=14 38 42 26 34 51
split_gain=10.1065 6.72895 3.3109 2.49374 1.87867 1.37735
threshold=0.038044359955277836 0.066385877602505625 -0.011731221736226738 0.050894822048487283 -0.010333275169310872 0.19800367939538585
decision_type=2 2 2 2 2 2
left_child=1 2 -1 4 -4 -6
right_child=-2 -3 3 -5 5 -7
leaf_value=-0.0094527942203101699 -0.010708020984840397 -0.010455336676610218 -0.0067063353822524666 -0.0053724116244005839 0.0021805609377727716 0.013824577660807262
leaf_weight=3.1102578155696383 21.969861999154091 8.3437303192913514 1.6057776547968377 3.3743995763361445 5.1365351416170588 30.785276602953672
leaf_count=37 336 126 19 24 55 313
internal_value=0.000389186 0.00515926 0.00828595 0.00982824 0.011299 0.0122637
internal_weight=74.3258 52.356 44.0122 40.902 37.5276 35.9218
internal_count=910 574 448 411 387 368
is_linear=0
shrinkage=0.02


Tree=346
num_leaves=7
num_cat=0
split_feature=42 18 42 2 2 18
split_gain=13.6896 4.41894 1.99988 1.78096 1.42399 1.14119
threshold=0.032703867146465747 -0.0086577192339460356 -1.0000000180025095e-35 0.28341924398625434 0.49774774774774783 -0.0091989236114220479
decision_type=2 2 2 2 2 2
left_child=1 4 -3 5 -1 -2
right_child=3 2 -4 -5 -6 -7
leaf_value=0.013356607821862333 0.0096712046296150173 0.0063002849234009639 -0.010233080046633201 -0.011859504907259063 -0.0052561512671589943 -0.0081972797256897253
leaf_weight=23.581610929220918 2.2644213214516644 4.3277866542339325 5.6585821956396085 27.255681091919541 1.2500289417803276 1.5819144509732748
leaf_count=266 18 34 40 525 11 16
internal_value=-0.000639016 0.00787116 -0.00314674 -0.0101144 0.0122524 0.00214723
internal_weight=65.92 34.818 9.98637 31.102 24.8316 3.84634
internal_count=910 351 74 559 277 34
is_linear=0
shrinkage=0.02


Tree=347
num_leaves=7
num_cat=0
split_feature=38 46 54 39 71 49
split_gain=12.1991 2.83633 1.46977 1.60358 1.52159 1.24268
threshold=0.027231802444228511 0.013189303145513016 4.0501253132832087 -0.010129677921971123 0.25416666666666671 0.0048109362102680157
decision_type=2 2 2 2 2 2
left_child=2 5 3 -1 -4 -2
right_child=1 -3 4 -5 -6 -7
leaf_value=-0.013380640843664322 -0.010336928682781082 0.012628884100427522 -0.0096682697018902475 -0.00013082793342379187 0.0096190980258087574 0.0060791110496077319
leaf_weight=18.680342312902219 2.9277111031115082 21.953478826209903 1.9691111966967572 4.5110536683350793 2.6593428384512663 2.5751939062029123
leaf_count=502 33 230 37 58 27 23
internal_value=0.000238949 0.00952371 -0.00893701 -0.0109153 0.00115368 -0.00290124
internal_weight=55.2762 27.4564 27.8199 23.1914 4.62845 5.50291
internal_count=910 286 624 560 64 56
is_linear=0
shrinkage=0.02


Tree=348
num_leaves=7
num_cat=0
split_feature=20 40 15 60 63 42
split_gain=8.82585 3.97471 3.19361 1.9998 2.06224 2.15768
threshold=0.13251124784562388 0.076329722014115683 0.062633350414234512 0.23410876057115612 0.10348884381338744 -1.0000000180025095e-35
decision_type=10 2 2 2 2 2
left_child=1 3 -2 -1 5 -5
right_child=2 -3 -4 4 -6 -7
leaf_value=-0.0081773438156941373 0.013218423596713965 -0.0085574528722660703 -0.0088143252285973334 -0.0052904736410457325 -0.0068189381338197306 0.013715558560086345
leaf_weight=4.1551599353551891 20.523594241589311 29.700287275016308 2.2967639267444602 2.4877272285521039 3.1110627613961688 9.7565768249332869
leaf_count=35 291 412 23 23 33 54
internal_value=0.000706891 -0.00405937 0.010724 0.00287131 0.00617826 0.00974613
internal_weight=72.0312 49.2108 22.8204 19.5105 15.3554 12.2443
internal_count=871 557 314 145 110 77
is_linear=0
shrinkage=0.02


Tree=349
num_leaves=7
num_cat=0
split_feature=42 30 41 53 48 18
split_gain=12.2583 5.00238 2.29586 1.56591 1.08547 1.02881
threshold=0.0099345188642554916 -0.0072666089504507146 0.030193433097217313 0.10913557342128773 0.034843303228073254 -0.025996659408412833
decision_type=2 2 2 2 2 2
left_child=4 2 -2 5 -1 -3
right_child=1 3 -4 -5 -6 -7
leaf_value=0.012292234716352213 -0.0067644323216626036 0.0092092183783314338 0.010949037370607585 -0.012736450649972956 -0.00150576774615245 -0.0084107801383155861
leaf_weight=20.978156514465812 3.8596302606165391 1.8944230377674105 6.7416242957115173 26.150385538116097 2.3163834884762755 1.4620583839714552
leaf_count=232 31 17 64 484 19 24
internal_value=-0.000353935 -0.00700497 0.00447285 -0.0111402 0.0109147 0.00136522
internal_weight=63.4027 40.1081 10.6013 29.5069 23.2945 3.35648
internal_count=871 620 95 525 251 41
is_linear=0
shrinkage=0.02


Tree=350
num_leaves=7
num_cat=0
split_feature=38 47 20 28 54 28
split_gain=11.614 4.66038 3.81166 1.48662 0.778619 0.455825
threshold=0.060501921201270674 0.00083979681747389063 0.073376256371049581 -0.018139554957645011 11.625000000000002 0.11000076801528812
decision_type=2 2 10 2 2 2
left_child=1 3 -3 -1 -5 -2
right_child=5 2 -4 4 -6 -7
leaf_value=0.0082190825668043716 0.013649850717808363 0.013191415554080155 -0.0090720801443530084 -0.012957516885793916 0.0045678590018718894 -0.00011478907930276177
leaf_weight=0.81962988525629299 15.57731591910124 6.232927739620207 4.4403609093278646 23.939158897846941 0.58895410597324271 1.004023641347884
leaf_count=4 163 36 94 562 4 8
internal_value=-0.000537863 -0.0068847 0.00394552 -0.0114217 -0.0123743 0.0128573
internal_weight=52.6024 36.021 10.6733 25.3477 24.5281 16.5813
internal_count=871 700 130 570 566 171
is_linear=0
shrinkage=0.02


Tree=351
num_leaves=7
num_cat=0
split_feature=14 14 47 16 31 46
split_gain=9.30723 3.09901 2.38216 2.42663 1.92336 1.71407
threshold=-0.024657253961934047 0.094492715292091176 0.0040407287782345406 -0.0035845017193519564 0.0074701039035130002 0.0041201024621329201
decision_type=2 2 2 2 2 2
left_child=4 2 3 5 -1 -2
right_child=1 -3 -4 -5 -6 -7
leaf_value=0.012263560877196617 -0.01084711781816467 -0.012860504523631654 -0.0091291199746423909 0.0078744871396662034 -0.0038670495290568092 0.002970125968806297
leaf_weight=23.034546509385113 6.1542968861758691 11.545321412384508 9.8136217743158323 12.804619118571283 2.9010056667029849 6.5382727980613708
leaf_count=302 74 213 142 91 31 55
internal_value=0.000990574 -0.00431643 -0.00124559 0.00201872 0.0103827 -0.0040324
internal_weight=72.7917 46.8561 35.3108 25.4972 25.9356 12.6926
internal_count=908 575 362 220 333 129
is_linear=0
shrinkage=0.02


Tree=352
num_leaves=7
num_cat=0
split_feature=15 48 17 45 45 34
split_gain=12.5952 3.96638 1.94414 1.63433 1.54604 0.814458
threshold=0.040300263115127022 0.011461969564853904 0.093541666666666676 -0.040278388346188299 -0.008271132391609733 0.014773171790458424
decision_type=2 2 2 2 2 2
left_child=1 4 -2 5 -1 -3
right_child=2 3 -4 -5 -6 -7
leaf_value=0.0079841127683409081 -0.0056565563956871394 0.0066213001382650514 0.013004518936481729 -0.01243062068614815 -0.0083165585331945874 -0.006756667150077029
leaf_weight=7.3854942284524441 1.941299963742497 2.5553802698850623 19.696249559521675 27.31221598573029 2.3117070533335191 2.7315295711159706
leaf_count=67 12 21 235 505 28 40
internal_value=-0.000950105 -0.00725699 0.0111543 -0.0105244 0.00368402 -0.000265864
internal_weight=63.9339 42.2963 21.6375 32.5991 9.6972 5.28691
internal_count=908 661 247 566 95 61
is_linear=0
shrinkage=0.02


Tree=353
num_leaves=7
num_cat=0
split_feature=39 46 17 10 42 28
split_gain=10.4226 2.93771 2.6499 1.99665 1.35601 1.11032
threshold=-0.0074109369742668399 0.015091784660585979 0.084303506159469341 0.47850963198974755 0.076203029789613019 0.0015404062641202478
decision_type=2 2 2 2 2 2
left_child=2 4 3 -1 -2 -4
right_child=1 -3 5 -5 -6 -7
leaf_value=0.011858179458299064 -0.0081314214527828596 0.01329780979359077 0.0036422343322566266 -0.0072245277528822762 0.0084987997395364508 -0.012430680977371884
leaf_weight=3.3841153346002129 4.2263670209795263 17.793959379196167 1.4346642643213297 3.4516577683389187 2.1752325445413589 21.082668827846646
leaf_count=15 38 183 16 48 18 590
internal_value=-0.000209027 0.00930348 -0.0080983 0.00253025 -0.00209578 -0.0112953
internal_weight=53.5487 24.1956 29.3531 6.83577 6.4016 22.5173
internal_count=908 239 669 63 56 606
is_linear=0
shrinkage=0.02


Tree=354
num_leaves=7
num_cat=0
split_feature=14 34 38 14 38 9
split_gain=9.33142 2.97215 2.80882 2.41775 2.37377 2.45566
threshold=-0.025957329147263699 0.08771664099051607 0.060501921201270674 0.038044359955277836 0.040434904557756821 47.277599965659341
decision_type=2 2 2 2 2 2
left_child=2 3 -1 4 5 -2
right_child=1 -3 -4 -5 -6 -7
leaf_value=0.012643475270884162 -0.0036301770501153342 0.008935998853849169 -0.0067374570932453096 -0.011664295521109345 -0.011671591244769269 0.011521574531069093
leaf_weight=21.867402840405706 10.564880877733236 4.7724390067160121 2.8035195246338835 18.545104496181011 6.0450833439826956 5.8375891633331767
leaf_count=289 82 43 34 317 99 30
internal_value=0.000583318 -0.00474344 0.0102644 -0.0065109 -0.00193752 0.00211448
internal_weight=70.436 45.7651 24.6709 40.9927 22.4476 16.4025
internal_count=894 571 323 528 211 112
is_linear=0
shrinkage=0.02


Tree=355
num_leaves=7
num_cat=0
split_feature=15 46 16 49 53 45
split_gain=11.687 5.56111 2.28414 1.32083 1.02785 0.92122
threshold=0.040300263115127022 0.0050188567276891393 -0.0039471743784645621 0.0094105551154370672 0.12973366814556528 -0.010685126299040322
decision_type=2 2 2 2 2 2
left_child=1 2 5 -2 -4 -1
right_child=3 -3 4 -5 -6 -7
leaf_value=0.011768491254668362 0.013488697995065873 -0.01184671982189018 0.0049461680771559317 -0.0013678537916568579 -0.010291764173774663 -0.0040444502572144422
leaf_weight=7.4842066727578631 17.873091783374552 26.359901275485754 1.9201488867402066 2.5420340262353411 4.347683060914278 1.2646719105541695
leaf_count=61 216 512 19 29 39 18
internal_value=-0.000387045 -0.00646658 0.00312757 0.0116613 -0.00558537 0.0093023
internal_weight=61.7917 41.3766 15.0167 20.4151 6.26783 8.74888
internal_count=894 649 137 245 58 79
is_linear=0
shrinkage=0.02


Tree=356
num_leaves=7
num_cat=0
split_feature=38 47 20 18 20 54
split_gain=11.9795 3.74392 3.10005 1.67959 1.45251 0.82869
threshold=0.060501921201270674 0.0040407287782345406 0.073376256371049581 0.095802610820299242 0.0018286059311186933 11.625000000000002
decision_type=2 2 10 2 8 2
left_child=1 3 -3 4 -1 -6
right_child=-2 2 -4 -5 5 -7
leaf_value=0.0037909996146237956 0.012883461798548251 0.013415827710805383 -0.0086125727471662149 0.0083051510655972032 -0.013766683233477427 0.0045117992869344974
leaf_weight=1.784715313464406 17.187701061367989 4.8746337816119176 3.6222744584083557 1.084813181310891 22.660570772364743 0.58814389444887538
leaf_count=13 181 32 81 6 577 4
internal_value=-0.000328897 -0.00706686 0.00410696 -0.0107194 -0.0118311 -0.0131373
internal_weight=51.8029 34.6152 8.49691 26.1182 25.0334 23.2487
internal_count=894 713 113 600 594 581
is_linear=0
shrinkage=0.02


Tree=357
num_leaves=7
num_cat=0
split_feature=14 14 63 38 41 8
split_gain=9.40772 2.61481 2.70882 2.55812 2.45219 1.91931
threshold=-0.028077456079759793 0.053073519099555551 0.08777610849439664 0.060501921201270674 0.065154801928426556 0.74831309588758843
decision_type=2 2 2 2 2 2
left_child=3 2 4 -1 -2 -4
right_child=1 -3 5 -5 -6 -7
leaf_value=0.012396603393387422 0.0082031149565448044 -0.011740442238255227 -0.011452238424170013 -0.0074634009044683503 -0.0099594945924812283 0.004774747607997433
leaf_weight=19.771996639668945 11.659925706684591 16.166019257158041 11.112439088523386 2.2926639318466178 2.9690097086131564 3.2186223678290835
leaf_count=279 83 278 133 26 41 31
internal_value=-0.000335223 -0.00554539 -0.00181075 0.0100989 0.00411554 -0.00773408
internal_weight=67.1907 45.126 28.96 22.0647 14.6289 14.3311
internal_count=871 566 288 305 124 164
is_linear=0
shrinkage=0.02


Tree=358
num_leaves=7
num_cat=0
split_feature=46 18 49 18 16 10
split_gain=10.1274 3.21167 2.12392 1.62977 1.10007 1.01992
threshold=0.0056549705148071635 0.0014984055726773306 0.0049612342992675614 -0.046065562106984308 -0.0039471743784645621 1.432975467418065
decision_type=2 2 2 2 2 2
left_child=1 -1 3 5 -3 -2
right_child=2 4 -4 -5 -6 -7
leaf_value=0.011854557270630641 0.011179455952403166 0.0042312552996981159 -0.012521397426484905 -0.0065710966566617773 -0.0097777375795330152 -0.006242684117334806
leaf_weight=23.325176928192381 3.7046119421720496 3.6116185411810875 15.904925571754573 9.1731735989451426 3.5255912914872161 1.1398901920765636
leaf_count=266 41 32 342 139 23 28
internal_value=0.000396534 0.00837912 -0.00773822 -0.00183867 -0.00304 0.00671338
internal_weight=60.385 30.4624 29.9226 14.0177 7.13721 4.8445
internal_count=871 321 550 208 55 69
is_linear=0
shrinkage=0.02


Tree=359
num_leaves=7
num_cat=0
split_feature=38 43 20 39 28 16
split_gain=11.8895 3.61173 1.73816 1.33468 1.07892 0.700643
threshold=0.018116670719786829 -0.007419507890758458 0.1177953114020303 -0.0074109369742668399 -0.0079201708901896258 0.13464695715977135
decision_type=2 2 10 2 2 2
left_child=3 4 -3 5 -2 -1
right_child=1 2 -4 -5 -6 -7
leaf_value=-0.013262215765613341 0.008034809042051087 0.013662335844981886 -0.0049762106818726209 0.0015942787735671879 -0.009957558996983978 0.0049484631248682557
leaf_weight=18.435101268813021 0.97252026200294484 20.332029297947887 1.7079577017575491 2.7941259164363137 4.0731000732630518 0.39808524027466674
leaf_count=538 5 196 38 28 63 3
internal_value=-2.98137e-05 0.00866291 0.0120647 -0.0108181 -0.00573421 -0.0126472
internal_weight=48.7129 27.0856 22.04 21.6273 5.04562 18.8332
internal_count=871 302 234 569 68 541
is_linear=0
shrinkage=0.02


Tree=360
num_leaves=7
num_cat=0
split_feature=14 20 66 29 63 38
split_gain=9.2643 6.27086 2.58986 1.84687 1.82076 1.59195
threshold=0.038044359955277836 0.081760024571854981 70.200814697813627 -0.014305052872061018 0.095089492720022276 0.071658598599433215
decision_type=2 10 2 2 2 2
left_child=1 2 3 -1 -5 -4
right_child=-2 -3 5 4 -6 -7
leaf_value=-0.012980862873342054 -0.0102284541919785 0.012225774099233595 0.0096364212720085815 0.0076109192917381751 -0.011526760892829968 -0.0086110691462537945
leaf_weight=7.7576052770018578 19.885742425918579 25.88721502572298 7.799492195248602 4.5666425973176974 2.0980954244732857 1.6063854321837423
leaf_count=110 321 349 47 22 14 29
internal_value=0.000997363 0.00560074 -0.00179929 -0.00693961 0.000868427 0.00599198
internal_weight=69.6012 49.7154 23.8282 14.4223 6.66474 9.40588
internal_count=892 571 222 146 36 76
is_linear=0
shrinkage=0.02


Tree=361
num_leaves=7
num_cat=0
split_feature=42 15 46 40 42 27
split_gain=11.6851 4.99558 2.20187 3.1006 2.04028 1.42515
threshold=0.00072863773870476833 0.042779240836650752 0.0054817897189254339 0.084070205335344816 0.078356685644693919 -0.1131021468006974
decision_type=2 2 2 2 2 2
left_child=-1 2 3 -2 -3 -5
right_child=1 4 -4 5 -6 -7
leaf_value=0.011840539958163636 -0.013558176479695773 0.012726728956947424 -0.012919929045418299 -0.0062883055539833975 -0.0091981184167273019 0.012341440378106814
leaf_weight=19.185685630887747 4.0009451285004598 5.7646812424063674 24.37286633066833 1.6396370176225898 1.467096224427223 4.3626724295318127
leaf_count=226 42 59 501 24 13 27
internal_value=-0.000705996 -0.00663341 -0.0097816 -0.00165582 0.00770181 0.00708113
internal_weight=60.7936 41.6079 34.3761 10.0033 7.23178 6.00231
internal_count=892 666 594 93 72 51
is_linear=0
shrinkage=0.02


Tree=362
num_leaves=7
num_cat=0
split_feature=28 43 47 68 61 26
split_gain=10.4508 7.58531 1.05283 0.654552 0.623792 0.379908
threshold=0.069106359073981952 -0.017096219207920742 0.0055123050795253476 0.29606843538141253 0.1122546524475785 0.092519663117170484
decision_type=2 2 2 2 2 2
left_child=1 2 5 -3 -2 -1
right_child=4 3 -4 -5 -6 -7
leaf_value=-0.012687942277090167 0.00089129516196657411 0.013132018640847749 0.0070074511681578449 0.00041487457465867197 -0.012792878202361788 0.0017928977296733739
leaf_weight=6.9043938778340834 1.299270555377009 21.482347544282678 0.74929004907608021 1.8161395341157902 17.759152283892035 0.54539327882230271
leaf_count=142 17 201 4 15 504 9
internal_value=-0.000519609 0.00649726 -0.00926851 0.0121986 -0.0118621 -0.0115411
internal_weight=50.556 31.4976 8.19908 23.2985 19.0584 7.44979
internal_count=892 371 155 216 521 151
is_linear=0
shrinkage=0.02


Tree=363
num_leaves=7
num_cat=0
split_feature=14 40 27 50 1 23
split_gain=8.36199 2.84892 2.18094 1.87588 1.67734 1.5952
threshold=-0.028077456079759793 0.077017442196986835 -0.18058732991397661 0.35872876237493773 0.33436853002070399 4.6703696236559198
decision_type=2 2 2 2 2 8
left_child=-1 3 -3 5 -4 -2
right_child=1 2 4 -5 -6 -7
leaf_value=0.010343266637522408 0.0089752263118943135 0.0089276270202307533 -0.00090631656423021941 0.0071305508479123291 -0.01267564838710613 -0.010139300271463645
leaf_weight=21.576443284749985 1.5039565116167093 1.9431691691279436 6.5394365452230003 10.067250818014143 19.653523396700621 5.6754491366446018
leaf_count=313 5 24 73 73 340 61
internal_value=0.000365875 -0.00449843 -0.008318 0.00184718 -0.00987866 -0.0055274
internal_weight=66.9592 45.3828 28.1361 17.2467 26.193 7.17941
internal_count=889 576 437 139 413 66
is_linear=0
shrinkage=0.02


Tree=364
num_leaves=7
num_cat=0
split_feature=30 14 45 49 2 14
split_gain=9.74788 3.87761 2.49104 1.66068 1.55885 0.873215
threshold=-1.0000000180025095e-35 0.0200722964809328 -0.048509912578064182 -0.0012293321932355121 0.24849397590361447 -0.025957329147263699
decision_type=2 2 2 2 2 2
left_child=1 3 -2 5 -4 -1
right_child=2 -3 4 -5 -6 -7
leaf_value=-0.0053311365317984926 0.0061705660813102447 0.013308619424696973 0.0060228299184201571 -0.0092459284317707568 -0.011466136985637468 0.010507255969621656
leaf_weight=1.3154835887253282 3.5603384617716101 17.368659287691116 1.6015232689678693 5.0536439716815966 25.855505188927054 3.335443589836359
leaf_count=17 35 219 14 60 517 27
internal_value=-0.000717899 0.00789718 -0.00824929 -0.00212639 -0.0102702 0.00587682
internal_weight=58.0906 27.0732 31.0174 9.70457 27.457 4.65093
internal_count=889 323 566 104 531 44
is_linear=0
shrinkage=0.02


Tree=365
num_leaves=7
num_cat=0
split_feature=43 28 29 48 21 21
split_gain=10.0023 7.40539 1.60599 0.816557 1.30007 0.709283
threshold=-0.007419507890758458 0.10291348220514096 -0.054546163406249584 0.022459732934928808 -1.0000000180025095e-35 -0.011557552860238412
decision_type=2 2 2 2 10 10
left_child=2 3 -1 4 -2 -3
right_child=1 5 -4 -5 -6 -7
leaf_value=0.00488610586621067 0.0093096057760738843 -0.012221329637078922 -0.013013872233931722 0.014342753514527575 -0.008209551708884523 0.0057708233128899887
leaf_weight=1.7463705893605972 5.7691616304218769 6.2691160589456558 16.410051487386227 17.697360895574093 1.406967818737036 0.40676618739962478
leaf_count=23 44 175 459 180 6 2
internal_value=0.000346243 0.00708799 -0.011127 0.0120366 0.00529078 -0.0105161
internal_weight=49.7058 31.5494 18.1564 24.8735 7.17613 6.67588
internal_count=889 407 482 230 50 177
is_linear=0
shrinkage=0.02


Tree=366
num_leaves=7
num_cat=0
split_feature=28 40 14 10 46 52
split_gain=9.92502 3.9341 2.35264 2.06828 2.01089 1.49799
threshold=0.14042933558932616 0.076329722014115683 0.051529110768046137 1.3689122095917476 0.013817397389635578 0.21093716893982048
decision_type=2 2 2 2 2 2
left_child=1 3 -2 4 5 -1
right_child=2 -3 -4 -5 -6 -7
leaf_value=0.0093472037952944467 0.01320157986229307 -0.010070191242155989 -0.0041067266460514881 0.012321723123168871 -0.011001258458048229 -0.0056102955632300142
leaf_weight=5.6332796849310416 20.043655350804332 25.566883698105812 3.2140839882194987 4.4458368867635718 5.1350634880363932 3.6345547027885914
leaf_count=30 320 410 33 25 60 31
internal_value=0.000416171 -0.00510669 0.010739 0.00179407 -0.00204455 0.00350623
internal_weight=67.6734 44.4156 23.2577 18.8487 14.4029 9.26783
internal_count=909 556 353 146 121 61
is_linear=0
shrinkage=0.02


Tree=367
num_leaves=7
num_cat=0
split_feature=43 34 17 16 39 12
split_gain=10.1068 3.78569 2.12429 1.92893 1.32882 1.1529
threshold=-0.014477130865979652 0.081529350696360983 0.1082709215239336 -0.022945482497334409 -0.0020364194990037036 196.86747592295347
decision_type=2 2 2 2 2 2
left_child=1 2 3 -1 5 -4
right_child=-2 -3 4 -5 -6 -7
leaf_value=0.0097140582652070137 -0.010990373542337659 -0.0087195751966543805 0.013099660234536792 -0.009302599742944645 -0.0063785149983649819 -0.0046036761525444685
leaf_weight=2.7303546667098999 22.09914942458272 5.2561541460454455 22.382357664406307 4.0084004085510996 1.0597542375326146 1.093861088156699
leaf_count=22 446 118 274 28 9 12
internal_value=-0.000591149 0.00582502 0.00846387 -0.00133798 0.0111029 0.0121204
internal_weight=58.63 36.5309 31.2747 6.73876 24.536 23.4762
internal_count=909 463 345 50 295 286
is_linear=0
shrinkage=0.02


Tree=368
num_leaves=7
num_cat=0
split_feature=38 47 20 43 54 20
split_gain=9.25124 3.21324 2.31462 1.58941 1.15767 0.807286
threshold=0.038991839640575052 0.0012591625704996637 0.073376256371049581 -0.01650227738643564 8.892045454545455 0.092358464888138564
decision_type=2 2 10 2 2 10
left_child=1 4 -3 -2 -1 -5
right_child=3 2 -4 5 -6 -7
leaf_value=-0.011931467531539017 -0.0051478955563227279 0.012305145154446027 -0.0066163815001041007 0.013573880888201011 0.0057455713469842856 0.00030971088806511313
leaf_weight=20.253766143694527 1.8411414232105041 4.3026937395334226 4.153122141957283 16.030387498438362 1.0185618922114361 2.1101406998932353
leaf_count=559 17 23 94 184 7 25
internal_value=0.00013154 -0.00686131 0.00329484 0.0103665 -0.0108651 0.0121278
internal_weight=49.7098 29.7281 8.45582 19.9817 21.2723 18.1405
internal_count=909 683 117 226 566 209
is_linear=0
shrinkage=0.02


Tree=369
num_leaves=7
num_cat=0
split_feature=28 40 15 32 42 28
split_gain=8.60932 3.80757 3.11066 1.88812 1.95481 1.82961
threshold=0.14373778746385865 0.069080090261129448 0.062633350414234512 0.076682754814445253 0.047375973341059481 -0.0079201708901896258
decision_type=2 2 2 2 2 2
left_child=1 5 -2 -3 -5 -1
right_child=2 3 -4 4 -6 -7
leaf_value=-0.010486830315684353 0.012732640513479991 -0.011468590784123621 -0.0088865199248980807 -0.0095270005417655099 0.012431300210475098 0.0058114406908143859
leaf_weight=2.4654287174344072 19.044868897646669 24.099987205117944 2.349268775433301 2.1551531963050357 2.3710024729371071 13.107156265527006
leaf_count=32 306 381 27 43 9 87
internal_value=-7.37674e-05 -0.00509689 0.0100678 -0.00931659 0.00214377 0.00275404
internal_weight=65.5929 44.1987 21.3941 28.6261 4.52616 15.5726
internal_count=885 552 333 433 52 119
is_linear=0
shrinkage=0.02


Tree=370
num_leaves=7
num_cat=0
split_feature=15 46 44 42 40 42
split_gain=10.2842 5.89876 2.16711 2.12366 1.43349 1.30022
threshold=0.040300263115127022 0.0054817897189254339 0.010390275113362024 0.078356685644693919 0.13749221343511533 -0.010257249878555875
decision_type=2 2 2 2 2 2
left_child=1 2 -1 -2 -4 -3
right_child=3 5 4 -5 -6 -7
leaf_value=0.0097505087287461083 0.013350283157852472 0.0053977379786105248 -0.010603330280813452 -0.0085259805709625401 0.009008805747207289 -0.012919968675466492
leaf_weight=8.7992390729486925 17.94437495619059 1.1284091696143175 4.1213977076113215 1.2862677387893189 1.2344417385756967 22.900605458766222
leaf_count=82 227 11 50 14 10 491
internal_value=-4.30206e-05 -0.00602115 0.00404969 0.0115379 -0.00537682 -0.0118785
internal_weight=57.4147 38.1841 14.1551 19.2306 5.35584 24.029
internal_count=885 644 142 241 60 502
is_linear=0
shrinkage=0.02


Tree=371
num_leaves=7
num_cat=0
split_feature=38 17 46 39 63 4
split_gain=8.60999 4.09214 2.68749 2.06042 1.26767 0.992034
threshold=0.060501921201270674 0.086785347483738465 0.0094282828965074148 -0.006587790783100708 0.10548162774725277 0.020980046948356808
decision_type=2 2 2 2 2 2
left_child=1 2 -1 -3 -5 -4
right_child=-2 3 5 4 -6 -7
leaf_value=-0.010591808956649939 0.012310458223265458 -0.012601576641303552 0.01487210859500205 -0.0065532561695952462 0.010648524644449984 -0.0016507702289482529
leaf_weight=2.2497360408306104 14.895707741379736 19.051223773509264 5.3251841887831688 2.7597973830997971 2.1720633506774902 1.646109504625201
leaf_count=32 169 578 27 33 14 32
internal_value=0.000151231 -0.00550396 0.00540847 -0.00974812 0.00154064 0.011253
internal_weight=48.0998 33.2041 9.22103 23.9831 4.93186 6.97129
internal_count=885 716 91 625 47 59
is_linear=0
shrinkage=0.02


Tree=372
num_leaves=7
num_cat=0
split_feature=14 40 38 46 42 28
split_gain=8.26615 3.57341 2.48024 1.80034 3.41336 2.5458
threshold=-0.025957329147263699 0.077017442196986835 0.068259426444936031 0.0079147402953547753 0.002138375346397423 0.055728626006045397
decision_type=2 2 2 2 2 2
left_child=2 3 -1 4 -2 -5
right_child=1 -3 -4 5 -6 -7
leaf_value=0.012825459336427694 -0.0065504545935285569 -0.0089872754637435586 -0.0087037903923471438 -0.012169136106218024 0.017020959751321049 0.0080116677479129452
leaf_weight=19.601578004658226 3.2412083223462123 24.507659986615181 1.6924951672554005 4.831589285284279 5.5687410198152065 3.4748369716107845
leaf_count=291 33 414 24 64 22 24
internal_value=0.000945825 -0.00423082 0.0108006 0.00269976 0.00856523 -0.00377315
internal_weight=62.9181 41.624 21.2941 17.1164 8.80995 8.30643
internal_count=872 557 315 143 55 88
is_linear=0
shrinkage=0.02


Tree=373
num_leaves=7
num_cat=0
split_feature=42 30 48 63 7 28
split_gain=11.1745 3.99496 1.85221 1.27636 0.889312 0.880817
threshold=0.0099345188642554916 -0.0026338780120220974 0.011650527791598256 0.12770643921642141 507.58927666666676 0.051368027974719351
decision_type=2 2 2 2 2 2
left_child=3 2 -2 4 -1 -4
right_child=1 -3 5 -5 -6 -7
leaf_value=0.012623525076822129 0.011014562082525164 -0.011823236285427904 0.0073945470885648824 -0.0064690000190413023 -0.0042079456867636991 -0.0085798962130648505
leaf_weight=19.63918540999294 4.6784949488937837 23.598482500761747 1.0172619521617887 1.0417263954877842 0.87719958648085494 4.2765537649393082
leaf_count=249 42 502 9 7 8 55
internal_value=-0.000342264 -0.00748155 0.0029338 0.010614 0.0117418 -0.00482307
internal_weight=55.1289 33.5708 9.97231 21.5581 20.5164 5.29382
internal_count=872 608 106 264 257 64
is_linear=0
shrinkage=0.02


Tree=374
num_leaves=7
num_cat=0
split_feature=38 46 12 62 38 10
split_gain=10.0711 2.66189 2.76428 1.55025 1.18901 0.428785
threshold=0.060501921201270674 0.01738987986134179 94.11419027588768 0.20454205886747351 0.0036688356189717654 0.99625048337842059
decision_type=2 2 2 2 2 2
left_child=1 3 4 -1 -3 -6
right_child=-2 2 -4 -5 5 -7
leaf_value=-0.013361003836551453 0.01231764276490285 -0.0073939955820979779 -0.010401161119254243 0.0069355836178299273 0.013424558424928346 0.00083125517897538175
leaf_weight=17.479771997779615 14.510768804699181 1.0401779618114213 4.8857064247131348 1.0358573347330082 4.56452277302742 1.5140951219946144
leaf_count=463 171 21 163 8 30 16
internal_value=-0.000896017 -0.00736991 3.75153e-05 -0.0119283 0.00760039 0.0108483
internal_weight=45.0309 30.5201 12.0045 18.5156 7.1188 6.07862
internal_count=872 701 230 471 67 46
is_linear=0
shrinkage=0.02


Tree=375
num_leaves=7
num_cat=0
split_feature=12 40 20 23 71 70
split_gain=7.18072 3.89976 3.09543 1.91325 1.55784 1.16599
threshold=101.86956521739131 0.077820676126642535 0.073907668954902486 114.85995641025642 0.21383333333333335 0.015750000000000004
decision_type=2 2 8 8 2 2
left_child=1 3 -2 4 -1 -3
right_child=2 5 -4 -5 -6 -7
leaf_value=0.0061421991837428682 -0.0068335736550126204 0.00056588659639408118 0.011615169769192 0.0077264964168998309 -0.011616276807150062 -0.011954610811535701
leaf_weight=2.3390276171267059 3.7197738289833069 3.3577769137918976 19.684596624225382 9.5256138071417791 4.3690216578543186 20.231207389384508
leaf_count=14 58 21 316 79 45 368
internal_value=-6.0342e-05 -0.0051902 0.00852315 0.00229011 -0.00543057 -0.0102218
internal_weight=63.227 39.8226 23.4044 16.2337 6.70805 23.589
internal_count=901 527 374 138 59 389
is_linear=0
shrinkage=0.02


Tree=376
num_leaves=7
num_cat=0
split_feature=42 48 41 34 30 41
split_gain=10.258 4.69268 4.32705 1.08657 0.813212 0.75158
threshold=0.0099345188642554916 0.01916660439404182 0.043963751637877295 0.092597291738023543 -0.010511435987293363 0.073437937846435208
decision_type=2 2 2 2 2 2
left_child=3 2 -2 -1 5 -3
right_child=1 4 -4 -5 -6 -7
leaf_value=0.012188374816325937 -0.0083682698308800239 -0.0086342395067646564 0.012830848720419301 -0.003433332724196039 -0.013651606914455256 0.0068077707960225997
leaf_weight=19.534296113997701 6.5143796466290933 1.7823055069893627 6.9657040908932686 1.5282231494784344 17.998510496690869 1.3484638426452873
leaf_count=255 85 23 64 14 446 14
internal_value=0.000238714 -0.00640481 0.00271576 0.0109507 -0.0120833 -0.00194523
internal_weight=55.6719 34.6094 13.4801 21.0625 21.1293 3.13077
internal_count=901 632 149 269 483 37
is_linear=0
shrinkage=0.02


Tree=377
num_leaves=7
num_cat=0
split_feature=39 17 10 46 38 34
split_gain=8.74321 2.76869 3.0422 2.68059 0.850098 0.601288
threshold=-0.0074109369742668399 0.094228634850166498 0.67933445705665163 0.0079147402953547753 0.076388500640897958 0.11410740803748455
decision_type=2 2 2 2 2 2
left_child=1 2 -1 -2 -3 -5
right_child=3 4 -4 5 -6 -7
leaf_value=0.01150992688216868 -0.0069051787415746373 -0.012979771622065045 -0.011198937874376567 0.01305275497108222 0.0040081474770655616 -0.001239822981768041
leaf_weight=4.5321101248264339 2.8377096001058844 16.986289281398061 3.1361186895519495 16.485640406608585 0.82152234017848869 1.0854098014533509
leaf_count=29 27 565 71 188 9 12
internal_value=-0.000205883 -0.00788649 0.00200203 0.00930227 -0.0120246 0.0121506
internal_weight=45.8848 25.476 7.66823 20.4088 17.8078 17.5711
internal_count=901 674 100 227 574 200
is_linear=0
shrinkage=0.02


Tree=378
num_leaves=7
num_cat=0
split_feature=24 40 43 42 42 1
split_gain=8.09465 3.65626 2.41693 2.65541 1.43328 1.29891
threshold=0.36666666666666675 0.076329722014115683 0.0011485658930781991 -0.0052076279289635227 -0.010257249878555875 0.33436853002070399
decision_type=10 2 2 2 2 2
left_child=1 2 3 -1 -2 -3
right_child=4 5 -4 -5 -6 -7
leaf_value=-0.0086511894297066523 -0.004262969024188836 -0.0018261746610276095 -0.0077255251688228945 0.012159890438956109 0.012981862043302466 -0.011812682006327509
leaf_weight=2.4215133450925377 1.6916619203984762 7.7395241558551815 5.1793440096080294 9.4037838988006097 16.380501683801413 18.060941606760025
leaf_count=30 22 88 63 48 276 345
internal_value=0.000358873 -0.00438193 0.00273096 0.00755606 0.0112288 -0.00899689
internal_weight=60.8773 42.8051 17.0046 11.8253 18.0722 25.8005
internal_count=872 574 141 78 298 433
is_linear=0
shrinkage=0.02


Tree=379
num_leaves=7
num_cat=0
split_feature=44 14 2 34 17 53
split_gain=8.88477 3.70952 2.74274 2.06198 1.54665 1.34052
threshold=0.019342520264114583 0.010190739662082783 0.28341924398625434 -1.0000000180025095e-35 0.08951465201465203 0.11008538431445922
decision_type=2 2 2 2 2 2
left_child=1 3 4 -1 -2 -5
right_child=2 -3 -4 5 -6 -7
leaf_value=0.010868923035835731 -0.0087860365391698742 0.012247183253783354 -0.012474312187634146 0.0077850978389245743 0.010547272950407501 -0.010488797513739528
leaf_weight=2.5352546367794266 1.7765984013676668 17.749925397336483 19.633616676554084 1.2374105677008644 3.2655143104493618 6.917817696928978
leaf_count=21 16 249 469 8 33 76
internal_value=-0.000635072 0.00687586 -0.00922256 -0.00232715 0.00340845 -0.00716857
internal_weight=53.1161 28.4404 24.6757 10.6905 5.04211 8.15523
internal_count=872 354 518 105 49 84
is_linear=0
shrinkage=0.02


Tree=380
num_leaves=7
num_cat=0
split_feature=38 28 41 43 8 44
split_gain=8.54728 2.3272 2.03703 1.94265 1.57672 1.44202
threshold=0.024529950270922165 0.11352590537522925 0.010682403593812369 -0.017096219207920742 0.73107848659281116 0.006115950537361429
decision_type=2 2 2 2 2 2
left_child=2 5 3 -1 -5 -2
right_child=1 -3 -4 4 -6 -7
leaf_value=-0.010979566166515957 -0.0040031138879352514 -0.0066573760233820589 -0.012988384363403702 0.011231932978846965 -0.0085964167720404636 0.013218293204010868
leaf_weight=3.529602600261569 1.7280371021479428 2.6176553275436154 13.068177931010721 4.4723726417869347 1.4265114683657882 17.082233306020498
leaf_count=87 16 61 453 28 30 197
internal_value=0.000270711 0.00909632 -0.00816499 -0.000875204 0.00588588 0.011514
internal_weight=43.9246 21.4279 22.4967 9.42849 5.89888 18.8103
internal_count=872 274 598 145 58 213
is_linear=0
shrinkage=0.02


Tree=381
num_leaves=7
num_cat=0
split_feature=28 19 38 14 16 71
split_gain=7.58642 2.31295 4.38424 2.24058 1.97448 1.8314
threshold=0.14153396847183222 -0.1088646722740149 0.057463375336035953 0.02229818588943178 -0.04127284803731867 0.24375000000000002
decision_type=2 2 2 2 2 2
left_child=1 -1 4 -2 -3 -6
right_child=3 2 -4 -5 5 -7
leaf_value=-0.011141260739480262 0.013194465282286807 -0.0088882626571917273 -0.012656238432335199 -0.0032717393463895135 0.010893009070085636 -0.0026534546271499027
leaf_weight=12.842538142576812 16.622223161160949 3.079752471297982 8.1110108196735364 3.6409011967480174 11.515216376632457 5.3715162985026828
leaf_count=234 299 37 159 36 65 46
internal_value=0.000497843 -0.00444595 -0.00110571 0.0102211 0.00396633 0.00667656
internal_weight=61.1832 40.92 28.0775 20.2631 19.9665 16.8867
internal_count=876 541 307 335 148 111
is_linear=0
shrinkage=0.02


Tree=382
num_leaves=7
num_cat=0
split_feature=46 14 15 19 48 17
split_gain=9.02121 2.98081 2.96135 2.49368 1.48921 0.721062
threshold=0.0063559159734093229 -0.030161374076849403 0.085978486056971712 -0.011416584705378095 0.011461969564853904 0.08951465201465203
decision_type=2 2 2 2 2 2
left_child=1 -1 4 5 -2 -3
right_child=2 3 -4 -5 -6 -7
leaf_value=-0.0087725017577140567 0.0022547580138465484 0.00050820413158984162 0.0093473271713567334 -0.011564897477063766 -0.012369978762494949 0.013064002108199881
leaf_weight=3.0074314363300827 2.8668320514261785 2.0960589051246741 2.6032689847052088 1.1790223866701079 21.047133658081293 19.878067459911108
leaf_count=51 38 15 31 5 487 249
internal_value=-0.000304664 0.00787793 -0.00837013 0.0103144 -0.0105966 0.0119406
internal_weight=52.6778 26.1606 26.5172 23.1531 23.914 21.9741
internal_count=876 320 556 269 525 264
is_linear=0
shrinkage=0.02


Tree=383
num_leaves=7
num_cat=0
split_feature=39 46 61 34 62 19
split_gain=8.49877 2.94691 2.72173 0.62394 0.49646 0.527356
threshold=-0.0079331356917668166 0.0099687549040147153 0.1122546524475785 0.11410740803748455 0.2233614961857108 -0.012549328091471966
decision_type=2 2 2 2 2 2
left_child=2 -2 -1 -3 5 -4
right_child=1 3 4 -5 -6 -7
leaf_value=0.0082592931071305987 -0.0076252086166927746 0.012958788574745639 -0.012037231107328563 -0.0014084181634978401 0.0042800317109779702 6.1084809007717547e-05
leaf_weight=2.7516780495643642 2.9516223203390863 16.265731159597639 19.127216884866364 1.1009010486304749 0.37351011857390304 1.5414700843393792
leaf_count=21 32 191 606 13 2 11
internal_value=-0.000323722 0.00894314 -0.00827849 0.0120209 -0.0107177 -0.0111738
internal_weight=44.1121 20.3183 23.7939 17.3666 21.0422 20.6687
internal_count=876 236 640 204 619 617
is_linear=0
shrinkage=0.02


Tree=384
num_leaves=7
num_cat=0
split_feature=14 28 46 40 18 43
split_gain=7.99571 5.39723 2.2764 1.84553 1.267 1.16356
threshold=0.017937086023635297 0.062516793501303639 0.0079147402953547753 0.072693103800117453 0.0027787250031204862 -0.017096219207920742
decision_type=2 2 2 2 2 2
left_child=1 2 4 -2 -1 -4
right_child=3 -3 5 -5 -6 -7
leaf_value=-0.0058507768760188809 0.00051936380002028711 0.011709717101527649 0.0032791267091166949 -0.012693260688416308 0.01195788006464738 -0.012719498419854815
leaf_weight=1.7141754589974869 5.6807365119457272 23.768816892057657 1.8946185745298851 14.716245004907249 3.5574921220541 7.0301757492125025
leaf_count=18 55 340 13 306 16 122
internal_value=0.000673578 0.00605682 -0.00355544 -0.00916114 0.00615752 -0.009335
internal_weight=58.3623 37.9653 14.1965 20.397 5.27167 8.92479
internal_count=870 509 169 361 34 135
is_linear=0
shrinkage=0.02


Tree=385
num_leaves=7
num_cat=0
split_feature=42 14 42 2 41 22
split_gain=10.4475 3.81317 1.55957 1.27583 1.2406 0.591259
threshold=0.042158900029689812 0.017937086023635297 1.0000000180025095e-35 0.28341924398625434 0.072312479151850073 -0.013288616168032679
decision_type=2 2 2 2 2 8
left_child=1 2 -1 -2 -4 -5
right_child=3 -3 4 5 -6 -7
leaf_value=0.0065862554969376222 0.0019966687615051919 0.011942949696771763 -0.011356326326842038 0.0039312481737305586 0.0079668468236863549 -0.013434996855519486
leaf_weight=3.7461682334542292 2.3380136583000448 19.420779179781675 5.7994529809802771 0.40306300297379494 0.89723858237266529 18.050147324800495
leaf_count=31 24 267 64 3 6 475
internal_value=-0.000594638 0.00690269 -0.00269533 -0.0111861 -0.00806864 -0.0128731
internal_weight=50.6549 29.8636 10.4429 20.7912 6.69669 18.4532
internal_count=870 368 101 502 70 478
is_linear=0
shrinkage=0.02


Tree=386
num_leaves=7
num_cat=0
split_feature=47 28 28 30 62 15
split_gain=8.73374 3.0607 2.22523 1.42642 0.885014 0.444051
threshold=1.0000000180025095e-35 0.11501683436997946 -0.011830540826103171 0.098313135061013732 0.17997570853395486 0.066423733779847019
decision_type=2 2 2 2 2 2
left_child=2 5 -1 4 -4 -2
right_child=1 -3 3 -5 -6 -7
leaf_value=0.0086550420339444288 0.013151801020685623 -0.0094117761544644726 -0.012954923848616292 0.0041542041306705767 0.0023160375208722533 -0.00058439984282762864
leaf_weight=2.0547411963343647 16.024896685034044 2.2469452042132607 17.980816606432207 2.0125748999416819 1.3483795300126065 0.90852770581841369
leaf_count=19 185 89 514 37 16 10
internal_value=-0.000212708 0.00952575 -0.00825947 -0.0102025 -0.0118281 0.0124233
internal_weight=42.5769 19.1804 23.3965 21.3418 19.3292 16.9334
internal_count=870 284 586 567 530 195
is_linear=0
shrinkage=0.02


Tree=387
num_leaves=7
num_cat=0
split_feature=28 5 30 35 71 41
split_gain=8.30944 1.93332 1.8165 1.45969 2.003 1.4544
threshold=0.14042933558932616 0.076655982905982925 -0.018290886103634704 -0.014900140026037149 0.34325000000000011 0.033932993915084732
decision_type=2 2 2 2 2 2
left_child=1 -1 -2 4 -3 -5
right_child=2 3 -4 5 -6 -7
leaf_value=0.0040140483350971107 -0.0033032273558911318 -0.012326233632267092 0.012666065097125626 0.003203112704032765 0.0074470317927452876 -0.0097001002582571445
leaf_weight=6.8746335264295331 2.9517717547714737 18.373323978856209 17.1200953386724 8.3701991662383062 1.6293993405997742 4.6157590970396987
leaf_count=62 42 326 300 76 13 74
internal_value=7.20002e-05 -0.00518972 0.0102723 -0.0071694 -0.0104376 -0.00174887
internal_weight=59.9352 39.8633 20.0719 32.9887 20.0027 12.986
internal_count=893 551 342 489 339 150
is_linear=0
shrinkage=0.02


Tree=388
num_leaves=7
num_cat=0
split_feature=43 14 40 30 16 14
split_gain=8.85504 4.09798 2.71729 1.601 1.09024 0.867493
threshold=-0.01284433322148811 -0.028077456079759793 0.077496724546692666 -0.0041698717953985711 -0.012392848087727363 0.077058241601184019
decision_type=2 2 2 2 2 2
left_child=1 -1 3 -3 -5 -2
right_child=5 2 -4 4 -6 -7
leaf_value=-0.0093835320417598178 -0.012294946269174753 0.0091418622635617407 0.012671886236040266 0.0036384859425678535 -0.012803314459673259 0.0020438785114331457
leaf_weight=5.0694632045924655 16.710949551314119 3.0618796497583389 20.106645934283733 2.0118413195014 3.2825266942381877 1.5760940499603737
leaf_count=122 410 29 277 13 18 24
internal_value=-0.000165106 0.00590082 0.00884917 -0.000720251 -0.00697004 -0.0110172
internal_weight=51.8194 33.5324 28.4629 8.35625 5.29437 18.287
internal_count=893 459 337 60 31 434
is_linear=0
shrinkage=0.02


Tree=389
num_leaves=7
num_cat=0
split_feature=46 28 48 28 44 41
split_gain=7.04276 6.87429 1.19179 0.689814 0.54935 0.448351
threshold=0.009364992800828047 0.10707780842249982 0.011650527791598256 -0.0079201708901896258 -1.0000000180025095e-35 0.0014152518363182156
decision_type=2 2 2 2 2 2
left_child=3 2 5 -1 -3 -2
right_child=1 4 -4 -5 -6 -7
leaf_value=0.0035626983611497316 0.0052720424348018761 0.0036473636605679084 0.01214679566315895 -0.012426748211880308 -0.012108982350267703 -0.0081122395323958291
leaf_weight=0.74778199568390924 0.9189582690596646 0.55040976405143727 20.810131642967463 12.855774644762274 6.635706251487135 1.2121481634676454
leaf_count=9 7 10 235 367 247 18
internal_value=9.6878e-05 0.00547071 0.0107386 -0.011364 -0.010604 -0.00250028
internal_weight=43.7309 30.1274 22.9412 13.6036 7.18612 2.13111
internal_count=893 517 260 376 257 25
is_linear=0
shrinkage=0.02


Tree=390
num_leaves=7
num_cat=0
split_feature=24 1 47 15 2 39
split_gain=5.99197 2.79427 2.44221 2.31835 1.67837 1.96503
threshold=0.36666666666666675 0.29550637156270965 0.0004980613279487188 0.040300263115127022 0.32163382594417084 -0.010379005360254474
decision_type=8 2 2 2 2 2
left_child=1 2 -1 -2 -3 -6
right_child=3 4 -4 -5 5 -7
leaf_value=0.011021086135157804 0.012137300919165888 -0.01269038339780963 -0.0093336920866169057 -0.0075000897964008833 0.0033989643690654089 -0.0089150813931118747
leaf_weight=6.9827258214354497 16.706961043179039 10.792388936504723 2.4728629551827908 2.0970828216522923 9.5194199495017546 9.4216324333101493
leaf_count=45 285 228 31 30 95 173
internal_value=0.000685597 -0.00376324 0.00531426 0.00967915 -0.00672897 -0.00286618
internal_weight=57.9931 39.189 9.45559 18.804 29.7334 18.9411
internal_count=887 572 76 315 496 268
is_linear=0
shrinkage=0.02


Tree=391
num_leaves=7
num_cat=0
split_feature=15 48 49 41 45 34
split_gain=9.29279 3.94456 1.64919 1.20099 1.05578 0.782306
threshold=0.040300263115127022 0.011461969564853904 0.010905452956020868 0.033932993915084732 -0.054335989902297349 -1.0000000180025095e-35
decision_type=2 2 2 2 2 2
left_child=1 3 -2 5 -3 -1
right_child=2 4 -4 -5 -6 -7
leaf_value=0.0068413634752217288 0.013314085452755699 0.0040222757060584197 -0.0040461925264100237 0.010898606484439591 -0.011784695633606795 -0.0076610280756944683
leaf_weight=1.4130013957619665 14.787803273648025 1.3475903216749454 2.0753451641648999 4.2903601471334696 22.920892244204879 3.0850024688988906
leaf_count=13 214 21 24 51 525 39
internal_value=-0.00062511 -0.0067413 0.0110707 0.00437974 -0.0107825 -0.00268954
internal_weight=49.92 33.0568 16.8631 8.78836 24.2685 4.498
internal_count=887 649 238 103 546 52
is_linear=0
shrinkage=0.02


Tree=392
num_leaves=7
num_cat=0
split_feature=38 47 43 28 28 66
split_gain=8.49212 2.20327 1.39331 1.28891 0.958689 0.80487
threshold=0.038991839640575052 0.0040407287782345406 -0.0054815010343320916 0.11352590537522925 0.01293482311810998 57.163071676069883
decision_type=2 2 2 2 2 2
left_child=1 4 -2 -3 5 -1
right_child=2 3 -4 -5 -6 -7
leaf_value=0.0067888814075390191 -0.0035319597469326757 0.0091797642635160302 0.012376128109876171 -0.0084892810186307562 -0.012499778877965866 -0.0089545879761709045
leaf_weight=1.8506662659347122 2.1087435856461552 3.7100947536528102 14.926436729729174 1.6162179019302128 16.098911695182323 1.3887773696333168
leaf_count=18 22 22 202 65 540 18
internal_value=-0.000201754 -0.00758796 0.0103203 0.00332386 -0.010609 -0.000480648
internal_weight=41.6998 24.6647 17.0352 5.32631 19.3384 3.23944
internal_count=887 663 224 87 576 36
is_linear=0
shrinkage=0.02


Tree=393
num_leaves=7
num_cat=0
split_feature=28 41 47 42 15 32
split_gain=7.43801 2.25467 2.73877 4.18736 1.98383 1.30136
threshold=0.14042933558932616 0.050751619962317453 -4.2282071686616339e-05 -0.0052076279289635227 0.062633350414234512 0.076682754814445253
decision_type=2 2 2 2 2 2
left_child=1 2 3 -1 -2 -4
right_child=4 -3 5 -5 -6 -7
leaf_value=-0.011559508080226964 0.012541873131046407 -0.010627017211347473 -0.012612598911181645 0.0093482212596394908 -0.0071437823473591167 0.0052697664636760354
leaf_weight=4.3215891886502531 17.62390170246363 13.361040741205214 7.1364364605397004 13.09710757806897 1.6542535461485375 1.4392711967229841
leaf_count=80 325 255 120 83 23 8
internal_value=0.000712734 -0.00426496 -0.000722346 0.00381503 0.0105837 -0.00937447
internal_weight=58.6336 39.3554 25.9944 17.4187 19.2782 8.57571
internal_count=894 546 291 163 348 128
is_linear=0
shrinkage=0.02


Tree=394
num_leaves=7
num_cat=0
split_feature=42 48 41 40 66 14
split_gain=9.34701 4.47907 4.13536 0.854712 0.724288 0.556382
threshold=0.00072863773870476833 0.01916660439404182 0.036940442947567549 0.082792401536174842 232.62063431617892 0.10249875106230831
decision_type=2 2 2 2 2 2
left_child=4 2 3 -2 -1 -3
right_child=1 5 -4 -5 -6 -7
leaf_value=0.012767247820096084 -0.012299118954937294 -0.012863400990970221 0.011711715161824808 0.0013195104459517108 -0.0038348476672019796 0.0020952830499907523
leaf_weight=15.186706315726038 4.8524687178432924 19.021717548370365 7.5442974921315908 2.429807111620903 0.69307250156998712 0.77427320741116901
leaf_count=221 65 474 87 30 6 11
internal_value=-0.000408698 -0.00620999 0.0020607 -0.00814445 0.0118584 -0.0122057
internal_weight=50.5023 34.6226 14.8266 7.28228 15.8798 19.796
internal_count=894 667 182 95 227 485
is_linear=0
shrinkage=0.02


Tree=395
num_leaves=7
num_cat=0
split_feature=47 31 43 28 54 28
split_gain=8.2686 3.22165 2.49028 1.33947 1.10941 0.912524
threshold=0.0004980613279487188 -0.029887033207629428 0.062150160065662534 -0.018139554957645011 8.892045454545455 0.10385331154329819
decision_type=2 2 2 2 2 2
left_child=2 -2 3 -1 -5 -3
right_child=1 5 -4 4 -6 -7
leaf_value=0.0071374612366687865 -0.0086863628840391019 0.013836180459082541 0.010256802409502573 -0.012561152556273816 0.0051373052646284181 -0.0032966926443584181
leaf_weight=1.0129206329584182 2.6777675151824978 14.702449444681402 1.8304989859461773 19.214432112872604 0.99875439144670863 0.97777575626969415
leaf_count=7 81 179 17 583 8 19
internal_value=-0.000505815 0.00923626 -0.00832409 -0.0103159 -0.0114857 0.0126342
internal_weight=41.4146 18.358 23.0566 21.2261 20.2132 15.6802
internal_count=894 279 615 598 591 198
is_linear=0
shrinkage=0.02


Tree=396
num_leaves=7
num_cat=0
split_feature=28 44 40 40 67 66
split_gain=7.28863 3.72578 2.67339 1.50798 1.36693 1.0963
threshold=0.085837477833543452 0.0086193203622938735 0.030380307703031687 0.07407757091967207 43.286761823882948 179.52695560253702
decision_type=2 2 2 2 2 2
left_child=2 3 -1 -2 5 -4
right_child=1 -3 4 -5 -6 -7
leaf_value=0.0068704994385510275 0.0074324604956959263 0.011369657188407045 -0.011979892813373336 -0.0095698214897736982 0.0037500089485720872 0.0027821069898803768
leaf_weight=4.3826911039650467 2.2416431419551399 23.358113633468747 19.116407947614796 5.3192260675132275 2.5146125033497801 1.8622623998671759
leaf_count=24 25 343 366 105 25 18
internal_value=0.000964885 0.00753667 -0.00633287 -0.00424962 -0.00897591 -0.0106025
internal_weight=58.795 30.919 27.876 7.56087 23.4933 20.9787
internal_count=906 473 433 130 409 384
is_linear=0
shrinkage=0.02


Tree=397
num_leaves=7
num_cat=0
split_feature=15 2 18 44 44 65
split_gain=7.7703 3.67755 3.60946 1.92454 0.872038 0.799511
threshold=0.040300263115127022 0.34913147648996706 -0.0091989236114220479 0.047143805763468986 -0.017119415235092535 0.36788399570354463
decision_type=2 2 2 2 2 2
left_child=1 2 -1 -2 -4 -3
right_child=3 5 4 -5 -6 -7
leaf_value=0.010806926387151266 0.012913412121126927 -0.00028109766464808528 0.0062344483581815548 -0.0056843598080914218 -0.010983800166596591 -0.012539712397285034
leaf_weight=7.3116638660430908 13.818082496523855 2.438846098259094 0.75017699599266041 2.0321657266467801 5.6723842155188304 18.64365242049098
leaf_count=86 222 47 7 17 61 466
internal_value=-0.000885082 -0.00613807 0.00186279 0.0103331 -0.00840367 -0.0111986
internal_weight=50.667 34.8167 13.7342 15.8502 6.42256 21.0825
internal_count=906 667 154 239 68 513
is_linear=0
shrinkage=0.02


Tree=398
num_leaves=7
num_cat=0
split_feature=39 61 46 28 29 29
split_gain=8.01883 2.53552 1.52609 1.50692 0.753127 0.597212
threshold=-0.0033239944954707857 0.11866162641228604 0.014213387749502185 0.0056156911559795556 -0.014305052872061018 -0.037443517601620062
decision_type=2 2 2 2 2 2
left_child=1 -1 4 -3 -2 -5
right_child=2 3 -4 5 -6 -7
leaf_value=0.0077674782152701788 0.005424243211366515 0.0044242750855556547 0.012740073245324612 -0.0015431025994089031 -0.0091204522891501702 -0.012829747971335285
leaf_weight=3.0440479312092092 2.2428192757070069 2.134585220366719 13.622962739318607 2.4214378260076144 1.5567540079355264 17.124682271853082
leaf_count=27 17 33 185 57 18 569
internal_value=-0.000277322 -0.0074844 0.00980151 -0.00987388 -0.00119363 -0.0115747
internal_weight=42.1473 24.7248 17.4225 21.6807 3.79957 19.5461
internal_count=906 686 220 659 35 626
is_linear=0
shrinkage=0.02


Tree=399
num_leaves=7
num_cat=0
split_feature=14 64 63 40 20 27
split_gain=7.45145 2.53176 2.17433 1.86561 1.27072 1.08668
threshold=-0.030161374076849403 0.57517123287671235 0.10593767792230545 0.063677384158751321 0.076810438400462797 -0.17041474872245158
decision_type=2 2 2 2 10 2
left_child=-1 3 -3 4 -2 -5
right_child=1 2 -4 5 -6 -7
leaf_value=0.010996617891361785 -0.0052844088611672026 0.0089051748348756132 -0.0094179610270597805 0.0059058805141314332 0.0090047998125442688 -0.011231467282107752
leaf_weight=17.537247654050589 4.89689874276519 7.9545797854661924 2.7249253280460835 0.98902916535735386 3.3173493258655071 20.395659165456891
leaf_count=308 50 83 41 15 24 397
internal_value=0.000470376 -0.00426812 0.00382387 -0.00721732 0.000837317 -0.0102104
internal_weight=57.8157 40.2784 10.6795 29.5989 8.21425 21.3847
internal_count=918 610 124 486 74 412
is_linear=0
shrinkage=0.02


Tree=400
num_leaves=7
num_cat=0
split_feature=42 18 15 15 7 2
split_gain=8.3894 3.32354 2.30785 1.60514 1.48605 1.05227
threshold=0.038971205791997275 -0.0091989236114220479 0.070516206618957314 0.042779240836650752 344.21391714575196 0.21231060606060609
decision_type=2 2 2 2 2 2
left_child=1 4 -2 5 -1 -3
right_child=2 3 -4 -5 -6 -7
leaf_value=0.013327046433520846 -0.011432493387445855 0.0054912930188157974 0.0073409600844755538 0.0096017865852778481 -0.0028975278381863784 -0.011207773750203508
leaf_weight=16.8721600919962 19.934293899685148 1.3060645014047603 2.3022838048636904 2.0391146168112755 2.218940131366252 5.4144662469625473
leaf_count=252 527 9 22 25 33 50
internal_value=-0.000318685 0.00689093 -0.00925649 -0.00307877 0.0113909 -0.00767157
internal_weight=50.0873 27.8507 22.2366 8.75965 19.0911 6.72053
internal_count=918 369 549 84 285 59
is_linear=0
shrinkage=0.02


Tree=401
num_leaves=7
num_cat=0
split_feature=47 28 28 62 38 43
split_gain=8.12535 3.07134 2.56268 1.33277 1.23715 0.892368
threshold=1.0000000180025095e-35 0.11352590537522925 -0.011830540826103171 0.17997570853395486 0.060501921201270674 -0.027008229583779676
decision_type=2 2 2 2 2 2
left_child=2 5 -1 4 -4 -2
right_child=1 -3 3 -5 -6 -7
leaf_value=0.0090538920521510587 -0.0017438589479514535 -0.0095703260973060995 -0.013411215209225832 0.0046856450360204709 0.0034647161078981727 0.013547413327348058
leaf_weight=2.3031156342476633 1.4513498302549184 2.2852025767788282 17.212489003315575 1.6136644706130017 1.5199685245752323 15.069373272359369
leaf_count=23 13 89 572 16 16 189
internal_value=-0.000268158 0.00918832 -0.0081765 -0.0104597 -0.0119357 0.0121812
internal_weight=41.4552 18.8059 22.6492 20.3461 18.7325 16.5207
internal_count=918 291 627 604 588 202
is_linear=0
shrinkage=0.02


Tree=402
num_leaves=7
num_cat=0
split_feature=14 28 32 44 71 27
split_gain=6.60686 5.05761 1.62368 1.20758 1.1789 1.1937
threshold=0.038044359955277836 0.062516793501303639 0.042980393008816939 0.010390275113362024 0.22941666666666669 -0.012169242536780587
decision_type=2 2 2 2 2 2
left_child=1 2 4 -3 5 -1
right_child=-2 3 -4 -5 -6 -7
leaf_value=-0.0066259972095469447 -0.0096501694991368396 0.00088888479987543308 0.0068009968003565147 0.012432023382338968 -0.012667172636816946 0.0098422218007313631
leaf_weight=3.5278544779866934 16.033984875306487 4.5444397926330593 3.491189392283558 20.73869589343667 6.1828128695487976 1.8813169691711644
leaf_count=54 323 51 30 321 101 15
internal_value=0.000848761 0.00515153 -0.00386021 0.01047 -0.00735618 -0.00025635
internal_weight=56.4003 40.3663 15.0832 25.2831 11.592 5.40917
internal_count=895 572 200 372 170 69
is_linear=0
shrinkage=0.02


Tree=403
num_leaves=7
num_cat=0
split_feature=42 48 41 43 43 48
split_gain=9.38399 3.62345 1.67906 1.22237 0.906075 0.674148
threshold=0.0099345188642554916 0.011461969564853904 0.043963751637877295 -0.007419507890758458 -0.082319740151278673 0.038219061540507505
decision_type=2 2 2 2 2 2
left_child=3 2 -2 5 -3 -1
right_child=1 4 -4 -5 -6 -7
leaf_value=0.012830417514850709 -0.0057414899746554195 0.0047537768283293603 0.011380867566912126 -0.0071348619847403927 -0.012004837144924372 -0.0017640976015562363
leaf_weight=15.798185862600809 3.1944163963198688 0.85893173329532757 4.3289531525224447 0.82760066166520019 21.739997098222371 1.1255442313849915
leaf_count=239 48 11 46 6 534 11
internal_value=-0.000590272 -0.00731267 0.00429008 0.0105986 -0.0111934 0.0118155
internal_weight=47.8736 30.1223 7.52337 17.7513 22.5989 16.9237
internal_count=895 639 94 256 545 250
is_linear=0
shrinkage=0.02


Tree=404
num_leaves=7
num_cat=0
split_feature=38 47 62 28 20 28
split_gain=8.72344 3.42484 2.01835 1.89313 0.486043 0.372021
threshold=0.060501921201270674 0.0040407287782345406 0.18890487322424027 0.085837477833543452 0.065573327673781392 -0.0047320439599957262
decision_type=2 2 2 2 8 2
left_child=1 2 5 -3 -5 -1
right_child=-2 3 -4 4 -6 -7
leaf_value=0.000738146951330259 0.011979683690273309 0.01134561790066144 0.0088751406045670996 0.0050847359965377394 -0.010267579864854111 -0.013558299262235203
leaf_weight=0.65342102199793473 13.689540039747952 4.4708708897233 1.1561040095984925 0.42131507396697998 2.3753321096301083 17.501111160963777
leaf_count=9 188 36 8 2 76 576
internal_value=-0.000481501 -0.00710151 -0.0113481 0.00419 -0.00722466 -0.0130321
internal_weight=40.2677 26.5782 19.3106 7.26752 2.79665 18.1545
internal_count=895 707 593 114 78 585
is_linear=0
shrinkage=0.02


Tree=405
num_leaves=7
num_cat=0
split_feature=28 15 70 9 40 42
split_gain=7.03649 4.13841 2.42409 1.5925 1.1725 1.06219
threshold=0.10011550074792687 0.062633350414234512 0.02016666666666667 58.056318681318693 0.07407757091967207 -0.011113333641065174
decision_type=2 2 2 2 2 2
left_child=2 5 3 -1 -4 -2
right_child=1 -3 4 -5 -6 -7
leaf_value=-0.0049394515875261294 -0.0031237202146369896 -0.010174452770137017 -0.0031495095890158608 0.011302081608583633 -0.013055718269148925 0.012399368161126313
leaf_weight=4.1746780239045647 1.5350649543106616 3.5058700405061236 8.372226024046542 3.6404144242405891 13.341633718460796 19.994416065514088
leaf_count=37 15 69 95 20 318 334
internal_value=0.000300227 0.00793359 -0.00621941 0.00305003 -0.00954299 0.011203
internal_weight=54.5643 25.0354 29.529 7.81509 21.7139 21.5295
internal_count=888 418 470 57 413 349
is_linear=0
shrinkage=0.02


Tree=406
num_leaves=7
num_cat=0
split_feature=42 15 42 40 2 16
split_gain=8.50201 4.00157 1.35879 1.19483 1.57899 1.03559
threshold=0.0072682559549917545 0.042779240836650752 0.083115024335519247 0.13342876825054348 0.37198879551820735 0.056327132331911119
decision_type=2 2 2 2 2 2
left_child=5 3 -3 -2 -5 -1
right_child=1 2 -4 4 -6 -7
leaf_value=0.012170699609178355 -0.012122101469081124 0.012131874909449503 -0.0076870879700211923 0.010306167318715267 -0.0091558238226213083 -0.0047613084681029519
leaf_weight=14.830421105027197 20.339322598651059 4.4457644820213309 1.0943646673113105 1.9366297051310528 2.8678728695958853 1.0694983191788185
leaf_count=227 462 51 15 15 108 10
internal_value=-0.000652407 -0.00674972 0.00764018 -0.0100913 -0.000886926 0.0108174
internal_weight=46.5839 30.684 5.54013 25.1438 4.8045 15.8999
internal_count=888 651 66 585 123 237
is_linear=0
shrinkage=0.02


Tree=407
num_leaves=7
num_cat=0
split_feature=38 61 19 28 48 16
split_gain=7.32315 1.82075 1.5267 1.32679 0.920098 0.61996
threshold=0.038991839640575052 0.11866162641228604 -0.029307213844989074 0.11955350104600689 0.014562304870421454 -0.010317595567141872
decision_type=2 2 2 2 2 2
left_child=1 -1 -3 4 -2 -4
right_child=3 2 5 -5 -6 -7
leaf_value=0.0065141693790061054 -0.0018004452604325856 -0.011552615178945676 -0.0067225479628694133 -0.0071104651102123018 0.012932931328847161 0.0068024044854541775
leaf_weight=2.7880948185920742 1.6503248624503672 16.27802852541209 1.2237035073339941 1.0402836818248022 14.394632987678049 2.5902893394231752
leaf_count=26 13 590 13 27 202 17
internal_value=0.000350592 -0.00692863 -0.00901444 0.00994284 0.0114008 0.00196794
internal_weight=39.9654 22.8801 20.092 17.0852 16.045 3.81399
internal_count=888 646 620 242 215 30
is_linear=0
shrinkage=0.02


Tree=408
num_leaves=7
num_cat=0
split_feature=28 40 15 66 28 28
split_gain=6.59116 2.7294 2.21992 1.57976 1.77986 1.36455
threshold=0.14042933558932616 0.07407757091967207 0.043369965740664443 55.993545939071133 0.094529692400577833 0.086908624704955598
decision_type=2 2 2 2 2 2
left_child=1 3 -2 4 -1 -3
right_child=2 5 -4 -5 -6 -7
leaf_value=-0.010812584723713917 0.012982101734009795 -0.012425463554095828 -0.0066333076029538064 0.0072541600442171004 0.0092169103610111724 -0.0017970685565060665
leaf_weight=4.7282456681132308 15.103653427213432 13.422937991097571 2.0632930248975745 8.8395934458821994 1.6885357648134229 7.8439951539039603
leaf_count=57 305 308 29 66 12 107
internal_value=0.00050933 -0.00428758 0.0103892 0.00210507 -0.00500988 -0.00876209
internal_weight=53.6903 36.5233 17.1669 15.2564 6.41678 21.2669
internal_count=884 550 334 135 69 415
is_linear=0
shrinkage=0.02


Tree=409
num_leaves=7
num_cat=0
split_feature=15 46 49 45 16 17
split_gain=7.73335 4.02766 1.58336 1.14215 0.843384 0.423652
threshold=0.040300263115127022 0.0013614894018949694 0.0094105551154370672 -0.038948686508159518 -0.022945482497334409 0.17407773386034259
decision_type=2 2 2 2 2 2
left_child=1 3 -2 -1 -5 -4
right_child=2 -3 5 4 -6 -7
leaf_value=0.010519262803532006 0.013138088376798109 -0.011141738617766765 -0.0078917312895769448 0.0060407201559231219 -0.0074596287760289835 0.005452718764611693
leaf_weight=4.3889654763042927 13.349168058484791 20.422448994591832 1.6077258046716445 2.2302054204046726 3.4459870625287312 0.63987130671739567
leaf_count=49 218 523 17 27 39 11
internal_value=-0.000398542 -0.00621349 0.0106577 0.00388926 -0.00204497 -0.00358348
internal_weight=46.0844 30.4876 15.5968 10.0652 5.67619 2.2476
internal_count=884 638 246 115 66 28
is_linear=0
shrinkage=0.02


Tree=410
num_leaves=7
num_cat=0
split_feature=38 17 10 43 62 28
split_gain=7.23993 2.28364 1.73178 1.38699 0.994495 0.646221
threshold=0.038991839640575052 0.086785347483738465 0.5500837458021739 -0.037566724655296049 0.20454205886747351 0.10385331154329819
decision_type=2 2 2 2 2 2
left_child=1 2 -1 -2 -3 -5
right_child=3 4 -4 5 -6 -7
leaf_value=0.0095701291170714221 -0.0075171522273230927 -0.011940290873246988 -0.0084202643320086083 0.013037215545062522 0.0057080692581440847 -0.0024608297042944104
leaf_weight=4.2393120601773289 0.94933949783444482 15.930000931024551 2.6652991967275739 13.012116517871613 0.80697051994502622 0.85265207849443037
leaf_count=23 12 576 58 186 7 22
internal_value=-0.000230392 -0.00700266 0.00243884 0.0103367 -0.0108155 0.0119827
internal_weight=38.4557 23.6416 6.90461 14.8141 16.737 13.8648
internal_count=884 664 81 220 583 208
is_linear=0
shrinkage=0.02


Tree=411
num_leaves=7
num_cat=0
split_feature=28 40 15 38 42 46
split_gain=6.28548 2.58571 1.77787 1.47651 2.19479 1.57416
threshold=0.14153396847183222 0.077017442196986835 0.062633350414234512 0.060501921201270674 -0.0052076279289635227 0.0083438431466148748
decision_type=2 2 2 2 2 2
left_child=1 3 -2 4 -1 -6
right_child=2 -3 -4 -5 5 -7
leaf_value=-0.0099607172874280232 0.012236142966800272 -0.0084881911211573523 -0.0070942730790104968 -0.0098414588718238379 0.016707682349543021 0.0014130388875048371
leaf_weight=2.2678781859576693 15.284758225083353 21.667026603594422 1.4998185671865929 2.3846238497644654 4.3904735855758172 5.7840311266481876
leaf_count=33 319 421 21 46 17 41
internal_value=0.000422165 -0.00423037 0.0102071 0.00213486 0.00499153 0.00891748
internal_weight=53.2786 36.494 16.7846 14.827 12.4424 10.1745
internal_count=898 558 340 137 91 58
is_linear=0
shrinkage=0.02


Tree=412
num_leaves=7
num_cat=0
split_feature=42 18 42 43 34 7
split_gain=7.99855 3.27327 2.4683 1.11321 1.01359 0.752597
threshold=0.0099345188642554916 -0.030673450307902691 0.066236817852183674 -0.007419507890758458 0.062303202381994653 507.58927666666676
decision_type=2 2 2 2 2 2
left_child=3 2 4 5 -2 -1
right_child=1 -3 -4 -5 -6 -7
leaf_value=0.012037311924627503 0.010648375763670566 -0.012268092182421484 -0.0096845351820959782 -0.0070231273409830609 -0.0060644763643049309 -0.0041078681693870354
leaf_weight=15.841250162571672 6.4319192208349723 16.844518588855863 4.2393540255725384 0.80882671847939391 1.1120836250483987 0.77038275822997171
leaf_count=254 70 388 136 6 37 7
internal_value=-0.000437475 -0.00686278 0.00121944 0.00992089 0.00776324 0.0110978
internal_weight=46.0483 28.6279 11.7834 17.4205 7.544 16.6116
internal_count=898 631 243 267 107 261
is_linear=0
shrinkage=0.02


Tree=413
num_leaves=7
num_cat=0
split_feature=39 46 61 28 63 46
split_gain=7.30716 1.88817 1.62673 1.16949 1.07225 0.957696
threshold=-0.0074109369742668399 0.015091784660585979 0.1122546524475785 0.019314206998105394 0.10360630018784965 0.012895622244921684
decision_type=2 2 2 2 2 2
left_child=2 4 -1 5 -2 -4
right_child=1 -3 3 -5 -6 -7
leaf_value=0.0068471111055405497 -0.0078459079192296551 0.01305240865485815 -0.0073634522132128427 -0.011802217356521729 0.0089775085099512552 0.0098202167335150158
leaf_weight=1.9950943011790538 2.9632938057184246 12.621917378157375 1.7160901930183201 15.629164803773163 1.4744736850261686 1.4951766096055505
leaf_count=17 38 184 43 592 12 12
internal_value=-5.99585e-05 0.00935331 -0.00784272 -0.00966499 -0.00163321 0.00106936
internal_weight=37.8952 17.0597 20.8355 18.8404 4.43777 3.21127
internal_count=898 234 664 647 50 55
is_linear=0
shrinkage=0.02


Tree=414
num_leaves=7
num_cat=0
split_feature=14 41 38 10 1 24
split_gain=5.32421 2.18 1.82833 1.63137 1.25799 1.1794
threshold=-0.028077456079759793 0.04779909566892674 0.060501921201270674 1.4420765116137755 0.29301637060257751 0.29166666666666669
decision_type=2 2 2 2 2 10
left_child=2 3 -1 4 -2 -6
right_child=1 -3 -4 -5 5 -7
leaf_value=0.01197194742227538 0.0044278320268273195 -0.0099100951547142369 -0.0063560970301141011 0.0091012440854750364 -0.0089050279640798934 0.0058392924842162949
leaf_weight=14.996861230582001 5.7608601655811134 12.778638772666453 1.8815331906080235 5.1299874968826762 10.18396153859794 1.9557610396295775
leaf_count=295 38 276 29 48 176 20
internal_value=0.000745855 -0.00361744 0.00968757 0.000141176 -0.00277229 -0.00626603
internal_weight=52.6876 35.8092 16.8784 23.0306 17.9006 12.1397
internal_count=882 558 324 282 234 196
is_linear=0
shrinkage=0.02


Tree=415
num_leaves=7
num_cat=0
split_feature=30 18 44 15 48 14
split_gain=6.86014 2.79937 1.70565 1.33885 1.07403 0.781166
threshold=0.0065964947191711207 -0.0091989236114220479 0.0042679431035871429 0.041988979223242039 0.034843303228073254 0.01389815008839178
decision_type=2 2 2 2 2 2
left_child=1 4 5 -3 -1 -2
right_child=2 3 -4 -5 -6 -7
leaf_value=0.011968726951941977 -0.0055667542851553517 -0.0083943853211130969 -0.012119775496499898 0.0082144039478456218 -0.0030823901582643634 0.0091220588169924153
leaf_weight=15.963060732930904 1.9257461596280365 5.5217950455844393 15.287764634937046 1.8567080870270727 1.7288117259740818 1.9390624500811098
leaf_count=244 21 61 474 25 31 26
internal_value=-0.000520665 0.00626514 -0.00927329 -0.0037334 0.0104117 0.00216317
internal_weight=44.2229 25.0704 19.1526 7.3785 17.6919 3.86481
internal_count=882 361 521 86 275 47
is_linear=0
shrinkage=0.02


Tree=416
num_leaves=7
num_cat=0
split_feature=38 41 46 34 39 71
split_gain=6.94592 2.43157 1.6495 1.05308 0.842437 0.717196
threshold=0.060501921201270674 0.0099821440359381969 0.009364992800828047 0.039008992128931379 0.019271861783715691 0.22141666666666668
decision_type=2 2 2 2 2 2
left_child=1 2 -1 5 -3 -4
right_child=-2 4 3 -5 -6 -7
leaf_value=-0.0097175459203286928 0.011620275028632122 -0.012672418727655874 -0.0028818123935680402 -0.0068262963887331688 0.0046035456361730774 0.011726204402634378
leaf_weight=3.1577950734645146 11.853679984807966 13.422605305910107 1.2819225434213875 1.426760417409241 0.73302947729826051 5.1806991975754499
leaf_count=81 176 522 17 41 10 35
internal_value=-0.000433492 -0.00632987 0.000741312 0.0055498 -0.0115331 0.00883069
internal_weight=37.0565 25.2028 11.0472 7.88938 14.1556 6.46262
internal_count=882 706 174 93 532 52
is_linear=0
shrinkage=0.02


Tree=417
num_leaves=7
num_cat=0
split_feature=28 70 15 14 60 71
split_gain=5.79092 2.33566 2.22125 1.51383 1.73852 1.00327
threshold=0.14153396847183222 0.028583333333333339 0.062633350414234512 0.015391834820336655 0.2234391033230721 0.34841666666666671
decision_type=2 2 2 2 2 2
left_child=1 3 -2 4 -1 -3
right_child=2 5 -4 -5 -6 -7
leaf_value=-0.0064025671916245466 0.012415717364117675 -0.010691272060214585 -0.0079271547157212935 -0.0072236350169419053 0.0092337983672529465 0.0049562235886426095
leaf_weight=3.2264926172792938 14.271380184218289 16.009394157677892 1.8004760146141041 5.2561178822070351 8.5650231242179853 1.2384039238095272
leaf_count=30 311 356 25 94 58 12
internal_value=0.00024756 -0.00438269 0.00980592 0.000890376 0.0047892 -0.00935773
internal_weight=50.3673 34.2954 16.0719 17.0476 11.7915 17.2478
internal_count=886 550 336 182 88 368
is_linear=0
shrinkage=0.02


Tree=418
num_leaves=7
num_cat=0
split_feature=30 17 43 2 41 2
split_gain=7.04316 2.19087 1.81446 1.14667 0.983689 0.885626
threshold=-1.0000000180025095e-35 0.10432213930348259 -0.044446194424006845 0.44884877027734177 0.119855127834925 0.38487525987525995
decision_type=2 2 2 2 2 2
left_child=1 -1 5 -3 -4 -2
right_child=2 3 4 -5 -6 -7
leaf_value=-0.0045998551612970529 0.007798395582637071 0.012870530968705565 -0.012223292007858089 -0.0011744906884588666 0.0044111172757409327 -0.0062462818390462927
leaf_weight=3.9731784835457828 3.180221330374482 14.840532492846252 15.550250556319954 2.5391888823360196 1.0619781631976355 2.2015601713210344
leaf_count=43 38 250 441 38 22 54
internal_value=-8.47483e-05 0.00791143 -0.0078543 0.0108663 -0.0109698 0.00197455
internal_weight=43.3469 21.3529 21.994 17.3797 16.6122 5.38178
internal_count=886 331 555 288 463 92
is_linear=0
shrinkage=0.02


Tree=419
num_leaves=7
num_cat=0
split_feature=38 47 20 28 28 54
split_gain=7.052 1.89629 1.56689 1.36196 0.75687 0.765328
threshold=0.038991839640575052 0.0040407287782345406 0.073376256371049581 0.11955350104600689 -0.023422908887570686 11.625000000000002
decision_type=2 2 10 2 2 2
left_child=1 4 -3 -2 -1 -6
right_child=3 2 -4 -5 5 -7
leaf_value=0.0054650684906451634 0.01171446725547096 0.011664000833504782 -0.0071806930695629111 -0.007129003230152098 -0.012476586014130812 0.0057928409447946076
leaf_weight=0.53978738188743491 13.659767936915157 2.5799052231013766 2.5481749158352613 1.0507357157766808 14.947295089252293 0.41644987463951189
leaf_count=3 197 17 72 29 565 3
internal_value=-0.000243812 -0.0075378 0.00265624 0.0100004 -0.0107875 -0.0116576
internal_weight=35.7421 21.0316 5.12808 14.7105 15.9035 15.3637
internal_count=886 660 89 226 571 568
is_linear=0
shrinkage=0.02


Tree=420
num_leaves=7
num_cat=0
split_feature=28 41 63 42 15 68
split_gain=6.14476 2.09948 1.9604 2.19368 1.75921 1.65181
threshold=0.14042933558932616 0.064349281039872752 0.086250656397689487 0.0072682559549917545 0.062633350414234512 0.27548183839881396
decision_type=2 2 2 2 2 2
left_child=1 2 3 -1 -2 -4
right_child=4 -3 5 -5 -6 -7
leaf_value=-0.0086051296180211668 0.012500832158018137 -0.012034228319960004 -0.0098513167054313077 0.0080236640315577319 -0.0069660380621886456 0.0073194743037947397
leaf_weight=3.411491051316264 14.645855855196716 8.7771911546587926 10.354575041681526 10.943062637001274 1.4630512371659268 2.0163851473480454
leaf_count=74 321 202 179 89 23 15
internal_value=0.000548435 -0.00409763 -0.00115105 0.00376863 0.010429 -0.00671449
internal_weight=51.6116 35.5027 26.7255 14.3546 16.1089 12.371
internal_count=903 559 357 163 344 194
is_linear=0
shrinkage=0.02


Tree=421
num_leaves=7
num_cat=0
split_feature=48 40 42 42 42 30
split_gain=7.214 2.78719 2.54648 2.32892 0.970203 0.666894
threshold=0.019671643955978101 0.077496724546692666 -0.0052076279289635227 0.002138375346397423 0.064880436125691818 -0.0090108691926131367
decision_type=2 2 2 2 2 2
left_child=1 3 -2 -1 -3 -4
right_child=2 4 5 -5 -6 -7
leaf_value=0.009482030153406807 0.0076082887285034775 0.01278327310798423 -0.0021807019380359303 -0.010495726351755321 -0.0044559954932537407 -0.013203034522938544
leaf_weight=2.9629944376647499 2.5563552752137211 15.015284284949299 3.0697398912161651 4.771950326859951 0.94045401737094003 14.708311937749381
leaf_count=31 45 230 43 70 22 462
internal_value=-0.0003584 0.00700983 -0.00886898 -0.00263351 0.0115643 -0.0115173
internal_weight=44.0251 23.6907 20.3344 7.73494 15.9557 17.7781
internal_count=903 353 550 101 252 505
is_linear=0
shrinkage=0.02


Tree=422
num_leaves=7
num_cat=0
split_feature=38 41 71 28 39 6
split_gain=7.07135 2.08848 1.67303 0.873192 0.812173 0.512013
threshold=0.060501921201270674 0.010682403593812369 0.24516666666666667 0.084591768480573801 0.021272058057922417 284.44706745213972
decision_type=2 2 2 2 2 2
left_child=1 2 -1 -4 -3 -2
right_child=5 4 3 -5 -6 -7
leaf_value=-0.0073802147840016158 0.012744888721611631 -0.012316352923220482 0.010957696092468654 -0.00450517846636685 0.0052604166239963489 -0.00057786769333036711
leaf_weight=5.0658047748729604 11.119556363672016 13.394923921674486 4.3350238809362054 1.3781740320846436 0.59602684900164682 1.1818498075008381
leaf_count=100 178 525 40 40 8 12
internal_value=-0.000334033 -0.00643845 0.000252868 0.00711218 -0.0112666 0.0115177
internal_weight=37.0714 24.77 10.779 5.7132 13.991 12.3014
internal_count=903 713 180 80 533 190
is_linear=0
shrinkage=0.02


Tree=423
num_leaves=7
num_cat=0
split_feature=14 20 63 68 29 66
split_gain=5.82833 3.8383 1.96485 2.14353 1.10014 0.921461
threshold=0.038044359955277836 0.086130680991322442 0.085849075705116532 0.27548183839881396 -0.018089605244283224 70.200814697813627
decision_type=2 10 2 2 2 2
left_child=1 2 4 -4 5 -1
right_child=-2 -3 3 -5 -6 -7
leaf_value=-0.0097834351628524469 -0.010165691055760111 0.011116025757584764 -0.010998689814321002 0.0096818969190194965 0.010012503709359888 0.0063310832069868438
leaf_weight=2.1726193390786652 14.611290372908114 16.807623617351055 8.9372337684035283 1.687279526144265 5.3966350909322518 1.6601270604878662
leaf_count=42 341 328 143 13 30 12
internal_value=0.00011135 0.00436839 -0.00160305 -0.00716405 0.00487309 -0.0029378
internal_weight=51.2728 36.6615 19.8539 10.6245 9.22938 3.83275
internal_count=909 568 240 156 84 54
is_linear=0
shrinkage=0.02


Tree=424
num_leaves=7
num_cat=0
split_feature=43 30 18 20 2 18
split_gain=7.60333 2.88683 1.31795 1.41063 0.776993 0.720945
threshold=-0.01284433322148811 -1.0000000180025095e-35 -0.0056882673272968523 0.12994143736141547 0.28341924398625434 -0.0091989236114220479
decision_type=2 2 2 10 2 2
left_child=1 -1 3 -3 5 -2
right_child=4 2 -4 -5 -6 -7
leaf_value=0.010821096135244094 0.0080349151911126432 0.0089624802278456071 -0.0093860178596429904 -0.0083758174009410432 -0.012782527272416962 -0.0082618302163585608
leaf_weight=18.306591227650642 1.158042509108782 4.758132878690958 4.3331122603267449 1.8700949698686598 12.510066958144305 1.1859780810773362
leaf_count=294 11 56 55 78 402 13
internal_value=0.000288468 0.00615931 -0.00188013 0.00361391 -0.0109381 -0.000215457
internal_weight=44.122 29.2679 10.9613 6.62823 14.8541 2.34402
internal_count=909 483 189 134 426 24
is_linear=0
shrinkage=0.02


Tree=425
num_leaves=7
num_cat=0
split_feature=38 47 61 42 19 20
split_gain=6.67784 1.79446 1.20062 1.1086 0.992432 0.52205
threshold=0.024529950270922165 -5.0962383033340225e-05 0.11866162641228604 0.076203029789613019 -0.016208975879601902 0.0048653806479038867
decision_type=2 2 2 2 2 10
left_child=2 3 -1 5 -4 -2
right_child=1 -3 4 -5 -6 -7
leaf_value=0.0047747556600174403 0.0032117932970700592 0.011800696481460577 -0.012660689397268797 0.0064496960348464387 0.00081786309556772631 -0.011644904959129137
leaf_weight=1.7002734504640127 0.80876511335373225 12.351949336007236 13.637011504732076 3.225408217869699 2.4312560893595192 2.4217448960989714
leaf_count=17 6 197 583 49 18 39
internal_value=-0.000501294 0.00761205 -0.00903721 -0.00090987 -0.0106928 -0.00804549
internal_weight=36.5764 18.8079 17.7685 6.45592 16.0683 3.23051
internal_count=909 291 618 94 601 45
is_linear=0
shrinkage=0.02


Tree=426
num_leaves=7
num_cat=0
split_feature=24 40 46 42 29 44
split_gain=4.50062 3.56623 1.64552 2.46466 1.33167 1.21291
threshold=0.36666666666666675 0.076329722014115683 0.015091784660585979 1.0000000180025095e-35 -0.023484376567369663 0.047143805763468986
decision_type=10 2 2 2 2 2
left_child=1 2 3 -1 -4 -3
right_child=-2 5 4 -5 -6 -7
leaf_value=-0.0080091628514729982 0.00982731637303637 -0.011632841296023067 -0.010964792005893375 0.013660364023715678 0.0062067624918073026 -0.00059962070860820676
leaf_weight=2.0681179985403997 13.280940830707548 14.556970844045283 3.4181901663541785 7.3352547250688076 2.2149470504373312 5.5099997278302899
leaf_count=34 282 315 56 42 22 110
internal_value=0.000329405 -0.00343667 0.00379131 0.00858275 -0.00429512 -0.0087756
internal_weight=48.3844 35.1035 15.0365 9.40337 5.63314 20.067
internal_count=861 579 154 76 78 425
is_linear=0
shrinkage=0.02


Tree=427
num_leaves=7
num_cat=0
split_feature=42 41 43 15 15 48
split_gain=6.62457 3.88609 3.74563 1.06403 1.0451 0.543704
threshold=0.064880436125691818 0.051277260378759855 -0.043181039583134802 -0.00072925950932334414 0.042779240836650752 0.011650527791598256
decision_type=2 2 2 2 2 2
left_child=1 2 3 5 -4 -1
right_child=-2 -3 4 -5 -6 -7
leaf_value=0.006055185596399241 -0.012384783410132034 0.01285786392279327 -0.012623068241636889 0.01114192229726994 0.0061353577064699981 -0.0085816085947170041
leaf_weight=0.80221163667738471 11.8900941144675 12.262648992240427 7.6112253181636351 6.3206064235419053 0.7689106985926627 1.5327809695154426
leaf_count=10 394 203 132 93 13 16
internal_value=-0.000384367 0.00473376 -0.0015028 0.00732663 -0.0104313 -0.00324517
internal_weight=41.1885 29.2984 17.0357 8.6556 8.38014 2.33499
internal_count=861 467 264 119 145 26
is_linear=0
shrinkage=0.02


Tree=428
num_leaves=7
num_cat=0
split_feature=39 46 17 10 30 35
split_gain=5.67944 2.21156 1.89306 1.57203 0.958474 0.739992
threshold=-0.0074109369742668399 0.015091784660585979 0.087272773433533068 0.5500837458021739 0.07753756763516749 -0.030463649015114832
decision_type=2 2 2 2 2 2
left_child=2 4 3 -1 5 -2
right_child=1 -3 -4 -5 -6 -7
leaf_value=0.011209252517659848 0.0043127258451992204 0.01255389581424754 -0.011309178567389475 -0.0077955514151949777 0.0077599550172348522 -0.012380677320406746
leaf_weight=2.6937908660620478 0.92851066961884487 11.81940635293722 13.150095945224164 2.3480805018916726 1.4566058777272699 2.5251643788069518
leaf_count=15 11 189 555 50 16 25
internal_value=-1.43654e-06 0.00815975 -0.00754073 0.00253307 -0.00275175 -0.00793205
internal_weight=34.9217 16.7297 18.192 5.04187 4.91028 3.45368
internal_count=861 241 620 65 52 36
is_linear=0
shrinkage=0.02


Tree=429
num_leaves=7
num_cat=0
split_feature=28 15 8 46 38 48
split_gain=6.73944 3.70608 1.3335 0.99941 0.934858 0.839089
threshold=0.085837477833543452 0.070516206618957314 0.74831309588758843 1.0000000180025095e-35 0.066385877602505625 0.022459732934928808
decision_type=2 2 2 2 2 2
left_child=2 3 -1 5 -5 -2
right_child=1 -3 -4 4 -6 -7
leaf_value=-0.010798172004989138 -0.0035419675321880437 -0.010868811866541329 0.0011244310423620886 0.01277630075692845 -0.0040616417716156511 0.010293894960975228
leaf_weight=17.003114869818095 3.8830248247832122 3.4088000543415538 4.5168925430625668 16.216963898390535 0.97615458816289802 1.7669185250997541
leaf_count=351 45 94 67 299 7 18
internal_value=-0.000266265 0.00642933 -0.0083569 0.00935826 0.0116496 0.00168225
internal_weight=47.7719 26.2519 21.52 22.8431 17.1931 5.64994
internal_count=881 463 418 369 306 63
is_linear=0
shrinkage=0.02


Tree=430
num_leaves=7
num_cat=0
split_feature=42 17 18 28 32 48
split_gain=8.45965 3.00534 1.15211 0.959275 0.817004 0.51771
threshold=0.045900508776053131 0.10943202554744527 -0.0091989236114220479 0.23341688850858902 -0.014824020878627933 0.0023129002013061255
decision_type=2 2 2 2 2 2
left_child=1 2 -1 -3 -2 -4
right_child=4 3 5 -5 -6 -7
leaf_value=0.0061114050552498397 0.0029271928000811783 0.012854188385077904 0.0028450350074047791 -0.0055439144510621144 -0.011929751540785998 -0.011077980088735987
leaf_weight=2.7243049386888742 1.2463197056204105 16.442917425185446 0.92569034360349434 0.67426648735999961 14.971303980797527 3.766194187104702
leaf_count=35 32 291 9 21 450 43
internal_value=0.000153622 0.00745582 -0.00291823 0.0118635 -0.0106843 -0.00831379
internal_weight=40.751 24.5334 7.41619 17.1172 16.2176 4.69188
internal_count=881 399 87 312 482 52
is_linear=0
shrinkage=0.02


Tree=431
num_leaves=7
num_cat=0
split_feature=28 43 16 18 31 46
split_gain=6.29678 4.17327 0.713857 0.652874 0.575722 0.4089
threshold=0.062516793501303639 -0.01650227738643564 0.11303473678652785 0.034112117757330924 0.039933408394902968 0.0079147402953547753
decision_type=2 2 2 2 2 2
left_child=1 3 4 -1 -2 -3
right_child=2 5 -4 -5 -6 -7
leaf_value=-0.010710533224784378 -0.01173258630384218 0.0012426421485274238 0.0039244887251337094 0.0041929813897286427 0.0039090381259730403 0.013463495328329758
leaf_weight=3.9329888261854675 12.555792896077032 1.418648488819598 0.94541236944496709 0.94990191049873818 0.54915904998779375 13.378134846687315
leaf_count=134 500 13 23 10 6 195
internal_value=0.000189242 0.00734665 -0.00965784 -0.00759134 -0.0108465 0.0124447
internal_weight=33.73 19.6797 14.0504 4.88289 13.105 14.7968
internal_count=881 352 529 144 506 208
is_linear=0
shrinkage=0.02


Tree=432
num_leaves=7
num_cat=0
split_feature=10 40 38 71 29 34
split_gain=4.64785 2.16762 1.8293 1.38689 1.1985 1.00875
threshold=1.432975467418065 0.077017442196986835 0.076388500640897958 0.17291666666666669 -0.015398906478555156 -0.01011388383120145
decision_type=2 2 2 2 2 2
left_child=1 4 5 -3 -1 -2
right_child=2 3 -4 -5 -6 -7
leaf_value=-0.0032696119251687601 -0.0055802012114312743 0.0054243626832454397 -0.008359832042236141 -0.010626967631884405 0.0084006062844170417 0.011416871133485659
leaf_weight=7.2694290149956942 0.94133473932743505 1.8445827979594493 1.6714981086552132 15.977233458310364 5.2007751204073447 15.302006842568517
leaf_count=89 13 24 28 385 48 309
internal_value=0.000264548 -0.00447188 0.00808633 -0.0087657 0.00185984 0.0101654
internal_weight=48.2069 30.292 17.9148 17.8218 12.4702 16.2433
internal_count=896 546 350 409 137 322
is_linear=0
shrinkage=0.02


Tree=433
num_leaves=7
num_cat=0
split_feature=15 42 48 40 12 42
split_gain=7.67578 3.65599 1.16782 0.941721 0.915972 0.559734
threshold=0.040300263115127022 0.00072863773870476833 0.004970841727716729 0.084070205335344816 78.966903804515951 0.064880436125691818
decision_type=2 2 2 2 2 2
left_child=1 4 3 -3 -1 -2
right_child=5 2 -4 -5 -6 -7
leaf_value=0.011466197856392437 0.013062730171510158 -0.0083951135133843741 -0.011427827209063093 0.0087373395573013962 -0.0039916500690883438 -0.0027353885220300547
leaf_weight=4.1769868880510357 11.980229794979092 1.3504338487982779 19.200642654672265 1.8468825705349443 1.5869388319551943 0.62792305089533407
leaf_count=52 226 21 553 15 17 12
internal_value=-0.000276969 -0.00605836 -0.00964646 0.00122507 0.00724937 0.0121327
internal_weight=40.77 28.1619 22.398 3.19732 5.76393 12.6082
internal_count=896 658 589 36 69 238
is_linear=0
shrinkage=0.02


Tree=434
num_leaves=7
num_cat=0
split_feature=47 38 28 28 67 26
split_gain=6.80211 2.74049 2.17206 1.26409 0.773529 0.382839
threshold=1.0000000180025095e-35 0.068259426444936031 0.11352590537522925 -0.018139554957645011 43.286761823882948 0.10503698820385406
decision_type=2 2 2 2 2 2
left_child=1 3 4 -1 -2 -5
right_child=2 -3 -4 5 -6 -7
leaf_value=0.0068685325827362795 0.013018275200311702 0.0077893831948174378 -0.0085708881617813128 -0.013270253192813457 -0.0033245127734637704 0.0021683162489207538
leaf_weight=0.82006771489977737 13.215210625901815 2.9089646972715846 1.6826623855158676 14.318763135932386 0.86928720399737436 0.39988728612661439
leaf_count=5 196 31 85 564 8 7
internal_value=-4.11359e-05 -0.00808831 0.00929497 -0.011352 0.0118561 -0.0127395
internal_weight=34.2148 18.4477 15.7672 15.5387 14.0845 14.7187
internal_count=896 607 289 576 204 571
is_linear=0
shrinkage=0.02


Tree=435
num_leaves=7
num_cat=0
split_feature=14 34 19 38 32 46
split_gain=5.52097 1.68045 1.72046 1.35057 1.09461 0.819559
threshold=-0.028077456079759793 0.095827435757271026 -0.0069035704040154014 0.060501921201270674 0.10417188298193129 0.0099687549040147153
decision_type=2 2 2 2 2 2
left_child=3 2 4 -1 -2 -4
right_child=1 -3 5 -5 -6 -7
leaf_value=0.011747326089688141 -0.0088250296795308828 0.0076673357967266421 0.013718148323035216 -0.0051579744956863939 0.0049874495712837119 -0.0035915379479827788
leaf_weight=13.444080157205461 24.461580218747262 3.1754335761070243 1.563265949487689 1.5992182102054346 1.8881485909223545 1.3282451070845125
leaf_count=290 479 33 5 25 26 19
internal_value=9.89197e-05 -0.00453304 -0.00606766 0.00974068 -0.0076891 0.00688711
internal_weight=47.46 32.4167 29.2412 15.0433 26.3497 2.89151
internal_count=877 562 529 315 505 24
is_linear=0
shrinkage=0.02


Tree=436
num_leaves=7
num_cat=0
split_feature=42 18 42 49 18 34
split_gain=6.84447 3.1974 1.41344 1.28697 0.859541 0.837461
threshold=0.038971205791997275 -0.011780022201083149 0.002138375346397423 -0.0043511497675406434 -0.027742077774837223 0.11854711147068572
decision_type=2 2 2 2 2 2
left_child=1 5 -3 4 -2 -1
right_child=3 2 -4 -5 -6 -7
leaf_value=0.01286503905000789 0.0067931459558297118 0.0057031683376427954 -0.010007421435829816 -0.012423393420450188 -0.008250442873346071 -0.0043163371272786502
leaf_weight=14.422834660857916 2.4446148164570332 3.1154812872409812 4.4108734540641308 13.09446059912443 1.7184016928076769 0.75844140537083227
leaf_count=259 38 34 46 439 47 14
internal_value=-0.000341304 0.00675511 -0.00359797 -0.00953742 0.000188214 0.011793
internal_weight=39.9651 22.7076 7.52635 17.2575 4.16302 15.1813
internal_count=877 353 80 524 85 273
is_linear=0
shrinkage=0.02


Tree=437
num_leaves=7
num_cat=0
split_feature=39 61 40 38 28 45
split_gain=5.92581 1.99765 1.22977 1.13706 0.706805 0.802333
threshold=-0.0074109369742668399 0.1122546524475785 0.032203902022081198 0.055043962053720509 0.019314206998105394 -0.010920242109671371
decision_type=2 2 2 2 2 2
left_child=1 -1 -2 4 5 -3
right_child=2 3 -4 -5 -6 -7
leaf_value=0.0076104530528656577 -0.0044519724908155048 -0.0085033400368266301 0.01145817146561841 0.004707554387125318 -0.012967397759260051 0.0085441976576826444
leaf_weight=2.4543892331421402 1.7155668791383494 1.4186384137719872 12.983110893517731 1.4850411508232344 12.40220672637224 1.0396248362958456
leaf_count=23 19 39 211 20 559 6
internal_value=0.000266327 -0.00701738 0.00943591 -0.00952597 -0.0111555 -0.000907839
internal_weight=33.4986 18.7999 14.6987 16.3455 14.8605 2.45826
internal_count=877 647 230 624 604 45
is_linear=0
shrinkage=0.02


Tree=438
num_leaves=7
num_cat=0
split_feature=14 14 56 56 64 9
split_gain=5.02287 1.85479 1.23662 1.6148 1.24632 0.967991
threshold=-0.028077456079759793 0.037088223916494946 0.32268272764393635 0.26687370600414084 0.55079110295803724 12.259760561797755
decision_type=2 2 2 2 2 2
left_child=-1 2 3 -2 5 -5
right_child=1 -3 -4 4 -6 -7
leaf_value=0.0094111180760100901 -0.0067328066679631848 -0.010009737699513918 -0.0072582886755973098 0.0090523258687712303 0.012449607435685748 -0.0072900176212528428
leaf_weight=13.927044969052075 4.0759195238351849 13.236847734078763 6.3118034079670897 1.353259950876234 5.5942994114011526 2.8098141606897116
leaf_count=303 66 334 82 9 49 47
internal_value=-0.000282515 -0.00448282 -0.000549587 0.0027944 0.00703009 -0.00125335
internal_weight=47.309 33.3819 20.1451 13.8333 9.75737 4.16307
internal_count=890 587 253 171 105 56
is_linear=0
shrinkage=0.02


Tree=439
num_leaves=7
num_cat=0
split_feature=46 14 40 43 43 39
split_gain=5.96743 2.85878 2.19448 1.69346 0.874766 0.661157
threshold=0.0061653258800265518 0.062739837757289141 0.078767920674795253 -0.051472560502953263 0.003349693576015889 -0.0020364194990037036
decision_type=2 2 2 2 2 2
left_child=2 -2 3 -1 -4 -3
right_child=1 5 4 -5 -6 -7
leaf_value=0.0094845140240989532 -0.011223732179691815 0.010523221624749972 0.012728126941366998 -0.0089516416245114423 -0.0034892788316866013 -0.0049503293715064019
leaf_weight=2.2516469247639179 15.818448551930489 2.9263404719531541 13.602045027539132 4.2280315253883627 1.0484171863645304 0.85635177977383037
leaf_count=30 485 48 234 46 19 28
internal_value=0.000146472 -0.00760334 0.00735422 -0.00213367 0.0114188 0.0067176
internal_weight=40.7313 19.6011 21.1301 6.47968 14.6505 3.78269
internal_count=890 561 329 76 253 76
is_linear=0
shrinkage=0.02


Tree=440
num_leaves=7
num_cat=0
split_feature=43 24 62 38 19 59
split_gain=5.72682 2.80554 1.31988 1.90057 0.768733 0.295769
threshold=-0.017096219207920742 0.36666666666666675 0.11992509363295882 0.042737372579688238 -0.028910878800836533 0.74585827934060533
decision_type=2 10 2 2 2 2
left_child=5 2 3 4 -2 -1
right_child=1 -3 -4 -5 -6 -7
leaf_value=-0.011705490686287968 -0.012285747048559283 -0.0095945993257770396 0.012236659755521902 0.010412485460584852 0.0049871621114475507 0.0025215198163021989
leaf_weight=10.572770528495308 2.6600820189341907 3.1618932578712693 12.823336850851772 3.4682414159178734 0.80403928458691254 0.27900666091591197
leaf_count=435 43 168 174 61 5 4
internal_value=0.000216729 0.00584404 0.00865821 0.00133071 -0.00805753 -0.0111578
internal_weight=33.7694 22.9176 19.7557 6.93236 3.46412 10.8518
internal_count=890 451 283 109 48 439
is_linear=0
shrinkage=0.02


Tree=441
num_leaves=7
num_cat=0
split_feature=28 15 70 21 69 48
split_gain=4.92912 3.0729 2.31763 1.2757 1.11709 1.04
threshold=0.10291348220514096 0.039504830860242299 0.020583333333333339 -0.01074130440328677 -0.21223707664884134 0.032954585107337751
decision_type=2 2 2 10 2 2
left_child=2 -2 3 4 -1 -3
right_child=1 5 -4 -5 -6 -7
leaf_value=0.0076232425115762515 0.011392684962202757 -0.010991915547939619 -0.0091563052678599616 0.01099001465255353 -0.009307234400552639 0.0071523489352275848
leaf_weight=1.5744026638567445 16.793395081534985 3.3521671034395686 17.234081503003836 3.5256562922149914 3.1722607053816319 0.98866697400808323
leaf_count=11 330 79 382 21 33 10
internal_value=0.000685819 0.00763973 -0.00514693 0.00329261 -0.00334227 -0.00629396
internal_weight=46.6406 21.1342 25.5064 8.27232 4.74666 4.34083
internal_count=866 419 447 65 44 89
is_linear=0
shrinkage=0.02


Tree=442
num_leaves=7
num_cat=0
split_feature=42 18 53 15 15 34
split_gain=5.78685 3.02659 1.18613 1.05855 0.974489 0.835737
threshold=0.042158900029689812 -0.0091989236114220479 0.10757373425736193 0.042779240836650752 0.070516206618957314 0.11854711147068572
decision_type=2 2 2 2 2 2
left_child=1 5 -2 -3 -4 -1
right_child=2 3 4 -5 -6 -7
leaf_value=0.012066336900161382 0.0041678369477879977 -0.0075571325897481716 -0.012320752901131146 0.0081672628860501636 0.003863719663402842 -0.0045648893242189953
leaf_weight=15.076982969418168 1.9240098465234066 5.9348553596064439 13.03675816208124 1.3755149394273756 1.2042819559574116 0.80386299919337112
leaf_count=273 27 60 454 21 14 17
internal_value=1.26322e-05 0.00631426 -0.00886918 -0.00397168 -0.0107884 0.0110039
internal_weight=39.3563 23.1912 16.165 7.31037 14.241 15.8808
internal_count=866 371 495 81 468 290
is_linear=0
shrinkage=0.02


Tree=443
num_leaves=7
num_cat=0
split_feature=43 28 68 28 44 18
split_gain=5.29123 4.08658 1.09243 0.61193 0.494178 0.410539
threshold=-0.01284433322148811 0.098987863072906523 0.29606843538141253 -0.011830540826103171 -0.00066981565225935475 -0.044476146809647336
decision_type=2 2 2 2 2 2
left_child=3 2 5 -1 -3 -2
right_child=1 4 -4 -5 -6 -7
leaf_value=0.003680919523757801 0.0016270559461445087 0.0042236788473831366 -0.0048271248495438783 -0.012459587691170478 -0.011494685434438325 0.012707066523620712
leaf_weight=0.58944821357727306 1.8405108675360669 0.4145928481593727 1.2907839007675637 10.790597956627606 4.4410071056336156 12.447387773543598
leaf_count=6 30 6 10 458 189 167
internal_value=-0.00101122 0.00503272 0.0099188 -0.0113938 -0.00966048 0.0114796
internal_weight=31.8143 20.4343 15.5787 11.38 4.8556 14.2879
internal_count=866 402 207 464 195 197
is_linear=0
shrinkage=0.02


Tree=444
num_leaves=7
num_cat=0
split_feature=28 70 41 14 32 71
split_gain=4.92924 2.2832 2.3339 1.68219 1.4262 1.15634
threshold=0.14042933558932616 0.028583333333333339 0.050751619962317453 0.02229818588943178 0.024574254827885379 0.34325000000000011
decision_type=2 2 2 2 2 2
left_child=1 2 4 -2 -1 -3
right_child=3 5 -4 -5 -6 -7
leaf_value=-0.0016444788741371455 0.012774690572170701 -0.01088406802560149 -0.0095702618486095386 -0.0030469651857848072 0.011552375392039436 0.0049852829322888674
leaf_weight=5.4766265284270066 11.608615214005111 14.557728262618186 4.6933947391808024 2.9888617116957894 6.4097585789859295 1.4999855831265438
leaf_count=57 309 349 80 40 45 18
internal_value=0.000259384 -0.00405517 0.00116397 0.00954752 0.00581619 -0.00919632
internal_weight=47.235 32.6375 16.5798 14.5975 11.8864 16.0577
internal_count=898 549 182 349 102 367
is_linear=0
shrinkage=0.02


Tree=445
num_leaves=7
num_cat=0
split_feature=42 41 42 2 7 63
split_gain=6.2408 2.54208 3.83964 0.774126 0.759991 0.688605
threshold=0.00072863773870476833 0.051277260378759855 0.064880436125691818 0.23317152103559874 507.58927666666676 0.12770643921642141
decision_type=2 2 2 2 2 2
left_child=4 3 -3 -2 5 -1
right_child=1 2 -4 -5 -6 -7
leaf_value=0.012874989970331435 0.00086284333668393612 0.011591669629521821 -0.010675515916372674 -0.012188182104425509 -0.0051491719406076839 -0.0037024896095533321
leaf_weight=11.222805583849544 1.9167760498821795 5.8443401511758548 4.6748206978663802 14.428558099083601 0.61227502673864442 0.66697961091995317
leaf_count=215 18 83 213 357 5 7
internal_value=-0.000591555 -0.00598517 0.00162822 -0.0106962 0.0105832 0.0117299
internal_weight=39.3666 26.8645 10.5192 16.3453 12.5021 11.8898
internal_count=898 671 296 375 227 222
is_linear=0
shrinkage=0.02


Tree=446
num_leaves=7
num_cat=0
split_feature=43 28 46 29 28 38
split_gain=5.2882 4.06349 1.5574 0.539717 0.507602 0.50394
threshold=-0.017096219207920742 0.098987863072906523 0.0079147402953547753 0.040195705974335159 -0.014787535095022194 0.066385877602505625
decision_type=2 2 2 2 2 2
left_child=4 2 -2 -4 -1 -3
right_child=1 5 3 -5 -6 -7
leaf_value=0.0030025428864063394 -0.004450690209206346 -0.011317172802516632 0.013007476983005613 -0.00097072808653722684 -0.01201681452452494 0.0023467532902233866
leaf_weight=0.59618460014462549 2.1107027456164422 4.237799769267439 14.83382612466812 1.0443278178572644 9.7282835906371439 0.9785034991800784
leaf_count=7 19 205 214 6 438 9
internal_value=0.000329215 0.00559777 0.0100127 0.0120851 -0.010961 -0.00878883
internal_weight=33.5296 23.2052 17.9889 15.8782 10.3245 5.2163
internal_count=898 453 239 220 445 214
is_linear=0
shrinkage=0.02


Tree=447
num_leaves=7
num_cat=0
split_feature=27 41 47 15 66 62
split_gain=4.20688 2.56254 1.8301 1.625 1.07576 1.31059
threshold=-0.15495647838991214 0.032011267418132199 0.0004980613279487188 0.038827151055179247 74.017586794837896 0.11325401989032439
decision_type=2 2 2 2 2 2
left_child=-1 2 3 4 5 -2
right_child=1 -3 -4 -5 -6 -7
leaf_value=0.011075247953140514 0.0086249191682132957 -0.0092661619267890936 -0.0071138087332874387 -0.0089865046604236734 0.012862431058215169 -0.0075354544057919708
leaf_weight=10.019593467935918 3.3708860874176043 14.279327059164642 5.9708791226148596 1.8889619801193465 6.6218417286872864 2.7330782040953636
leaf_count=288 27 346 114 54 41 27
internal_value=0.000272779 -0.00305391 0.00148489 0.0052285 0.0078395 0.00134687
internal_weight=44.8846 34.865 20.5856 14.6148 12.7258 6.10396
internal_count=897 609 263 149 95 54
is_linear=0
shrinkage=0.02


Tree=448
num_leaves=7
num_cat=0
split_feature=44 2 0 30 15 41
split_gain=5.90943 2.83461 1.28781 1.18709 0.76524 0.668382
threshold=0.006115950537361429 0.28341924398625434 0.090097402597402607 0.040709168164186918 0.074493829863060232 0.12771054767593379
decision_type=2 2 2 2 2 2
left_child=3 2 -2 -1 5 -3
right_child=1 4 -4 -5 -6 -7
leaf_value=0.011227142646255428 -0.0075873657029786766 -0.012069240491609292 0.010147548851680567 -0.0050167106848758173 0.0037507461446134576 0.0048485580778825548
leaf_weight=13.219821186736224 1.5244030542671705 15.850509747862819 4.2904317136853933 1.4813696779310692 0.99579568579792876 0.47667671367526132
leaf_count=234 15 542 64 18 16 8
internal_value=-0.000180138 -0.00638815 0.00506708 0.00937506 -0.0103 -0.011324
internal_weight=37.839 23.1378 5.81483 14.7012 17.323 16.3272
internal_count=897 645 79 252 566 550
is_linear=0
shrinkage=0.02


Tree=449
num_leaves=7
num_cat=0
split_feature=38 46 28 38 39 16
split_gain=6.46006 2.38976 1.6378 0.823856 0.642924 0.462098
threshold=0.018116670719786829 0.0083438431466148748 0.11501683436997946 0.069631348789745376 -0.0074109369742668399 0.13464695715977135
decision_type=2 2 2 2 2 2
left_child=4 3 -3 -2 5 -1
right_child=1 2 -4 -5 -6 -7
leaf_value=-0.012759510208512872 -0.010818379980320271 0.012871512250029258 -0.0075196301661587918 0.0056682340786454307 0.00043141988289717263 0.0035838250672797275
leaf_weight=11.028489730320871 2.6060293959453733 13.386196073144673 1.1162821669131506 1.0709507055580614 1.8311834447085846 0.32555740047246295
leaf_count=541 43 218 49 10 32 4
internal_value=-0.000170555 0.00740301 0.0109182 -0.00583128 -0.0103985 -0.0120387
internal_weight=31.3647 18.1795 14.5025 3.67698 13.1852 11.354
internal_count=897 320 267 53 577 545
is_linear=0
shrinkage=0.02


Tree=450
num_leaves=7
num_cat=0
split_feature=28 42 38 19 28 60
split_gain=4.92406 1.85119 2.86399 2.06244 1.72171 1.80183
threshold=0.14042933558932616 0.002138375346397423 0.066385877602505625 -0.10987722162034382 -0.0047320439599957262 0.22055563641248979
decision_type=2 2 2 2 2 2
left_child=1 -1 3 -3 -5 -6
right_child=-2 2 -4 4 5 -7
leaf_value=-0.012133004400563321 0.010302312355665475 -0.0078101201959715543 -0.01208158309041144 -0.0091842620397750742 -0.0049521324213365686 0.011845955031262989
leaf_weight=6.7936958987265816 13.63952233828604 4.7438539173454073 5.9799333028495303 1.7256966549903179 2.6244970187544814 11.248756382614372
leaf_count=203 342 77 166 29 24 70
internal_value=0.000611167 -0.00356526 -0.000990864 0.00268266 0.00615194 0.00854885
internal_weight=46.756 33.1164 26.3227 20.3428 15.599 13.8733
internal_count=911 569 366 200 123 94
is_linear=0
shrinkage=0.02


Tree=451
num_leaves=7
num_cat=0
split_feature=46 15 40 43 14 44
split_gain=5.70486 2.49011 2.14357 1.39099 0.930079 0.662718
threshold=0.0056549705148071635 0.042779240836650752 0.077496724546692666 -0.050426756423209006 -0.04128658979800013 0.047143805763468986
decision_type=2 2 2 2 2 2
left_child=2 -2 3 -1 -4 -3
right_child=1 5 4 -5 -6 -7
leaf_value=0.0072280140331693263 -0.011341811622854222 0.009871139954381004 -0.0049413202877137226 -0.010276017889307711 0.012250424377771758 -0.0059810978564931163
leaf_weight=2.2112336959689856 16.39489120524377 2.7220463361591096 0.85777148045599716 3.3432193621993092 12.513597063720221 0.7089262083172797
leaf_count=29 527 52 16 41 235 11
internal_value=-0.000901162 -0.0081999 0.00677248 -0.00326803 0.0108805 0.00598505
internal_weight=38.7517 19.8259 18.9258 5.55445 13.3714 3.43097
internal_count=911 590 321 70 251 63
is_linear=0
shrinkage=0.02


Tree=452
num_leaves=7
num_cat=0
split_feature=43 20 46 39 3 20
split_gain=5.02914 2.5768 1.77035 0.842313 0.817449 0.353554
threshold=-0.017096219207920742 0.12372221660979622 0.0094282828965074148 0.025897916553492363 0.21464285714285716 0.013055926029244132
decision_type=2 10 2 2 2 8
left_child=5 2 3 -2 -4 -1
right_child=1 -3 4 -5 -6 -7
leaf_value=0.00084588127539458272 -0.010253934366948277 -0.008627640305280097 0.012001592553613166 0.0070351257887437089 -0.0029418907908789023 -0.011945301806391544
leaf_weight=0.80492398981004776 2.1219872552901573 3.5532593866810194 15.024908462539317 0.90791053324937809 1.2267564712092269 9.2793824048712832
leaf_count=13 26 201 224 8 9 430
internal_value=0.000195637 0.00536607 0.00824312 -0.00461309 0.0107684 -0.0109401
internal_weight=32.9191 22.8348 19.2816 3.0299 16.2517 10.0843
internal_count=911 468 267 34 233 443
is_linear=0
shrinkage=0.02


Tree=453
num_leaves=7
num_cat=0
split_feature=14 38 6 42 34 23
split_gain=4.29534 3.16986 2.1215 1.21815 0.853676 0.801169
threshold=0.03606814114871678 0.066385877602505625 24.973662964876038 -0.011731221736226738 0.097745093985410772 4.6703696236559198
decision_type=2 2 2 2 2 8
left_child=1 2 -1 -4 5 -2
right_child=4 -3 3 -5 -6 -7
leaf_value=-0.0040909183206136483 0.0057251654956032207 -0.0096406265972438683 -0.0070575842131406575 0.010745386758340412 0.0039273129056651571 -0.011888009390647387
leaf_weight=4.9786163438111606 0.55047634430229386 4.5361355766654006 0.98535167984665051 20.827000841498371 1.3282756879925717 10.83348324149847
leaf_count=58 3 118 17 370 10 327
internal_value=0.000444988 0.00441419 0.00705516 0.00966703 -0.008945 -0.0106428
internal_weight=44.0393 31.3271 26.791 21.8124 12.7122 11.384
internal_count=903 563 445 387 340 330
is_linear=0
shrinkage=0.02


Tree=454
num_leaves=7
num_cat=0
split_feature=42 30 63 41 15 7
split_gain=6.78829 2.67773 0.866341 0.845815 0.668316 0.659314
threshold=0.0099345188642554916 -0.0082992410975778145 0.12789210729792425 0.041835271219645247 0.089637792725260304 523.19658176321718
decision_type=2 2 2 2 2 2
left_child=2 3 5 -2 -3 -1
right_child=1 4 -4 -5 -6 -7
leaf_value=0.011767609457850752 -0.0042937175983221131 -0.012053758967684127 -0.0057176294583559852 0.0093495154845468619 0.0039449882331907384 -0.0046284943837427159
leaf_weight=13.244367025792593 2.3342989953234818 16.091357287019495 0.77099480852484781 3.367509838193655 0.658164132386445 0.54206770099699575
leaf_count=261 33 528 6 56 13 6
internal_value=-0.000594529 -0.00737511 0.00966476 0.00395678 -0.0112383 0.0108535
internal_weight=37.0088 22.4513 14.5574 5.70181 16.7495 13.7864
internal_count=903 630 273 89 541 267
is_linear=0
shrinkage=0.02


Tree=455
num_leaves=7
num_cat=0
split_feature=43 31 46 22 27 29
split_gain=5.62882 2.46681 0.982279 0.618727 0.538144 0.421148
threshold=-0.017096219207920742 -0.028064388438153089 0.0079147402953547753 0.045047961898367475 -0.051959979866161847 -0.079504688548346497
decision_type=2 2 2 10 2 2
left_child=5 4 -3 -4 -2 -1
right_child=1 2 3 -5 -6 -7
leaf_value=0.0029628241471509969 -0.01029215521387938 -0.0033339341974721001 0.012618219334725464 -0.00063835702881715611 0.0030132990065327536 -0.011733147996096698
leaf_weight=0.4535162309184696 2.8451086971908808 1.6300699422135974 12.922892446629701 1.4626757986843575 1.2343985550105596 10.442045122385023
leaf_count=7 156 23 219 28 12 458
internal_value=7.98771e-05 0.00628107 0.00971704 0.0113165 -0.0064655 -0.0109238
internal_weight=30.9907 20.0951 16.0156 14.3856 4.07951 10.8956
internal_count=903 438 270 247 168 465
is_linear=0
shrinkage=0.02


Tree=456
num_leaves=7
num_cat=0
split_feature=14 14 63 41 21 68
split_gain=4.41502 1.64357 1.40599 1.45668 0.800208 0.757913
threshold=-0.028077456079759793 0.054005108208707749 0.087513676148796501 0.066101722634675675 -0.015025463373031874 0.1849838969404187
decision_type=2 2 2 2 10 2
left_child=4 2 3 -2 -1 -4
right_child=1 -3 5 -5 -6 -7
leaf_value=0.011507919846759347 0.0076864354889853628 -0.010416763837478719 -0.0089233017640821602 -0.0083753823612238015 -0.00082446559443279663 0.002649872956011619
leaf_weight=11.031825453042982 8.6771105583757215 9.5232165884226543 7.1159161925315839 2.0523691568523637 2.395667288452386 2.6088672429323196
leaf_count=281 80 284 132 42 30 37
internal_value=0.000270326 -0.00399186 -0.000654415 0.00416197 0.009403 -0.00586098
internal_weight=43.405 29.9775 20.4543 10.7295 13.4275 9.72478
internal_count=886 575 291 122 311 169
is_linear=0
shrinkage=0.02


Tree=457
num_leaves=7
num_cat=0
split_feature=46 40 43 2 44 17
split_gain=5.63788 2.00454 1.29234 1.15664 1.15328 1.01729
threshold=0.0099687549040147153 0.078767920674795253 -0.010313951986804777 0.32037735849056609 0.0042679431035871429 0.10432213930348259
decision_type=2 2 2 2 2 2
left_child=1 4 -3 5 -1 -2
right_child=3 2 -4 -5 -6 -7
leaf_value=0.0059037563112395025 -0.0081159281729313634 0.012799601467342903 -0.0031753394596803469 -0.011650697132910242 -0.0086573937058524349 0.0092438852966264147
leaf_weight=3.1029684375971582 1.5981474444270127 12.708700210787356 1.9667554646730394 11.677860076539217 3.7184802107512951 1.8265291750431059
leaf_count=36 25 250 38 452 54 31
internal_value=0.000179642 0.00664174 0.0105927 -0.00885973 -0.0021258 0.00113946
internal_weight=36.5994 21.4969 14.6755 15.1025 6.82145 3.42468
internal_count=886 378 288 508 90 56
is_linear=0
shrinkage=0.02


Tree=458
num_leaves=7
num_cat=0
split_feature=39 17 42 37 8 29
split_gain=4.98625 1.56395 0.863155 1.04284 0.75268 0.62997
threshold=-0.0033239944954707857 0.087272773433533068 0.052581103981780293 0.023441913679200215 0.77710320702940672 -0.077429244404768519
decision_type=2 2 2 2 2 2
left_child=1 4 -2 -4 -1 -3
right_child=2 5 3 -5 -6 -7
leaf_value=0.0066132364568590452 -0.0026913498461683854 0.0041395879853378583 0.012524463572613899 -0.0064968123159240563 -0.00777906074205906 -0.011656285079050779
leaf_weight=3.521584661677486 1.8416640181094397 0.60908698942512529 9.7891805842518771 0.67694002762436944 1.1877994984388349 12.287983816117043
leaf_count=42 23 12 182 5 33 589
internal_value=-0.000606784 -0.00727405 0.00876074 0.0108349 0.00225651 -0.0106661
internal_weight=29.9142 17.6065 12.3078 10.4661 4.70938 12.8971
internal_count=886 676 210 187 75 601
is_linear=0
shrinkage=0.02


Tree=459
num_leaves=7
num_cat=0
split_feature=28 14 70 67 42 38
split_gain=4.93358 3.13456 1.73698 1.36133 1.10451 0.849637
threshold=0.086908624704955598 0.094492715292091176 0.018750000000000003 69.808943167427785 0.0042233526491819587 0.079023562230440519
decision_type=2 2 2 2 2 2
left_child=2 4 -1 -4 -2 -6
right_child=1 -3 3 -5 5 -7
leaf_value=0.0032192065158334871 -0.0017634854606780733 -0.010190026716032027 -0.01107823742711319 0.007651866918068735 0.012317952180015152 -0.0051790030305760076
leaf_weight=5.3687854912132051 2.6418362725526157 2.8600945789366952 14.20695937797427 1.0293556954711665 17.277890471741561 0.6533457487821569
leaf_count=44 37 93 372 8 359 4
internal_value=0.000852413 0.00699159 -0.00612983 -0.0094195 0.00974183 0.0114405
internal_weight=44.0383 23.4332 20.6051 15.2363 20.5731 17.9312
internal_count=917 493 424 380 400 363
is_linear=0
shrinkage=0.02


Tree=460
num_leaves=7
num_cat=0
split_feature=15 46 44 24 44 48
split_gain=5.07183 3.12715 1.40878 1.14532 0.929449 0.683316
threshold=0.040300263115127022 0.0054817897189254339 0.050047778160071624 0.36666666666666675 0.017572877335401117 0.011190172337594737
decision_type=2 2 2 8 2 2
left_child=1 3 -2 4 -1 -3
right_child=2 5 -4 -5 -6 -7
leaf_value=0.010746064699190545 0.012449956346921262 0.00052807489924366284 -0.0069594645155756094 -0.0061499127230205475 -0.003531500445693829 -0.012427060553163758
leaf_weight=5.3033653944730768 9.9347394742071611 1.7441477673128236 1.0793626699596632 3.0878734281286606 1.9972640480846164 13.554326747544108
leaf_count=71 226 32 11 53 27 497
internal_value=-0.000682769 -0.00552355 0.0101269 0.00281086 0.0068852 -0.0110083
internal_weight=36.7011 25.687 11.0141 10.3885 7.30063 15.2985
internal_count=917 680 237 151 98 529
is_linear=0
shrinkage=0.02


Tree=461
num_leaves=7
num_cat=0
split_feature=38 28 43 37 47 20
split_gain=5.6124 2.0391 2.45141 1.08072 0.427687 0.249964
threshold=0.060501921201270674 0.069106359073981952 -0.017096219207920742 -0.0084289035883654603 0.0055123050795253476 0.1177953114020303
decision_type=2 2 2 2 2 10
left_child=1 2 4 -4 -1 -2
right_child=5 -3 3 -5 -6 -7
leaf_value=-0.011386909294632737 0.01254051809558821 -0.012022852378665719 0.012320875262794071 -0.0047032720809544008 0.0039733454327145756 -0.0001838879607158946
leaf_weight=4.2068117158487439 8.7054096832871402 10.338073366321622 4.4947685394436121 1.4401869941502861 0.33907122164964665 0.62889086455106813
leaf_count=154 169 531 38 14 2 9
internal_value=-0.000406059 -0.00614427 0.000196379 0.00810726 -0.00973135 0.0117484
internal_weight=30.1532 20.8189 10.4808 5.93496 4.54588 9.3343
internal_count=917 739 208 52 156 178
is_linear=0
shrinkage=0.02


Tree=462
num_leaves=7
num_cat=0
split_feature=14 38 26 23 42 1
split_gain=3.84028 2.85019 1.59169 1.15271 1.01855 0.920868
threshold=0.038044359955277836 0.055043962053720509 0.022757796638723519 122.92344539682541 -0.011113333641065174 0.30455486542443072
decision_type=2 2 2 10 2 2
left_child=1 2 4 -4 -1 -2
right_child=5 -3 3 -5 -6 -7
leaf_value=-0.0062835548447749967 0.003419964807666404 -0.0086283739040842761 -0.0086100680155738272 0.0062229345521607375 0.011291015446563061 -0.011138319443882055
leaf_weight=0.80245349556208267 1.6124514993280161 4.5610037520527831 3.0956588145345441 3.3133302927017212 17.253347868099812 9.1903662662953121
leaf_count=17 18 120 38 39 325 293
internal_value=0.000827831 0.00460831 0.00731797 -0.00113677 0.0102212 -0.00885967
internal_weight=39.8286 29.0258 24.4648 6.40899 18.0558 10.8028
internal_count=850 539 419 77 342 311
is_linear=0
shrinkage=0.02


Tree=463
num_leaves=7
num_cat=0
split_feature=30 42 14 43 14 69
split_gain=5.95523 1.9278 1.3471 0.667848 0.564878 0.453222
threshold=-1.0000000180025095e-35 0.0066735948092799752 -0.025957329147263699 -0.0058541431732031931 0.11484448533848594 0.086963616570760141
decision_type=2 2 2 2 2 2
left_child=2 -2 -1 5 -3 -4
right_child=1 4 3 -5 -6 -7
leaf_value=-0.0063745768747597185 0.0047268897772935036 -0.012426315781778345 0.012474854463309256 -0.001460858343945215 0.0029938796014575327 -0.00093322114316373328
leaf_weight=1.6339944489300258 3.006654309108856 13.486599958501753 11.389312557876107 1.582217149436471 0.64631070755422193 0.95233163051307279
leaf_count=46 45 483 233 18 12 13
internal_value=-0.000711542 -0.0086081 0.00798232 0.00998138 -0.0115699 0.0114478
internal_weight=32.6974 17.1396 15.5579 13.9239 14.1329 12.3416
internal_count=850 540 310 264 495 246
is_linear=0
shrinkage=0.02


Tree=464
num_leaves=7
num_cat=0
split_feature=39 46 4 42 71 29
split_gain=4.35342 1.36255 1.25303 0.713004 0.528757 0.378492
threshold=-0.0074109369742668399 0.015091784660585979 0.0083000413280066142 0.076203029789613019 0.23216666666666672 -0.067472946929872754
decision_type=2 2 2 2 2 2
left_child=2 3 4 -2 -1 -4
right_child=1 -3 5 -5 -6 -7
leaf_value=-0.005480962118500775 -0.0074752521062688747 0.012057358461026004 0.0026960138768604945 0.007016849484363135 0.0079970938193505339 -0.010725680838770076
leaf_weight=1.0077746100723772 2.3249778365716334 8.7130312658846361 0.51820810325443645 1.3328850409016011 2.0632583377882838 11.683182161301373
leaf_count=14 28 177 12 18 22 579
internal_value=-0.00034291 0.00812421 -0.00727919 -0.00182177 0.0033143 -0.0099946
internal_weight=27.6433 12.3709 15.2724 3.65786 3.07103 12.2014
internal_count=850 223 627 46 36 591
is_linear=0
shrinkage=0.02


Tree=465
num_leaves=7
num_cat=0
split_feature=28 40 14 42 43 32
split_gain=4.0715 2.00697 1.64516 1.37584 1.40051 1.18742
threshold=0.14042933558932616 0.07407757091967207 0.054005108208707749 -1.0000000180025095e-35 0.0011485658930781991 0.11824779132302046
decision_type=2 2 2 2 2 2
left_child=1 3 -2 -1 -5 -3
right_child=2 5 -4 4 -6 -7
leaf_value=-0.0097501029873639893 0.011779640985015582 -0.0097693521717572424 -0.0072904864012805909 0.01100451904797827 -0.0034043206608293992 0.0075195609181023682
leaf_weight=2.1291485093534002 10.770408499985932 16.090844007208947 1.4432876296341408 5.7090150229632854 3.8845429755747318 1.0261490456759919
leaf_count=35 300 417 30 31 54 8
internal_value=-9.98939e-05 -0.00419037 0.00914494 0.00209794 0.0053996 -0.00837505
internal_weight=41.0534 28.8397 12.2137 11.7227 9.59356 17.117
internal_count=875 545 330 120 85 425
is_linear=0
shrinkage=0.02


Tree=466
num_leaves=7
num_cat=0
split_feature=44 48 14 46 43 40
split_gain=5.0271 2.19812 1.36621 1.0622 0.804924 0.756163
threshold=0.018761529987155478 0.012225011937690098 -0.030161374076849403 0.017909558586859681 -0.074935369835782764 0.066246729281944375
decision_type=2 2 2 2 2 2
left_child=2 5 -1 -4 -3 -2
right_child=1 4 3 -5 -6 -7
leaf_value=-0.0073349279946156015 -0.0057987640832209697 0.0048039972338822989 0.010894223394676572 -0.0045789292702106844 -0.012352674893156685 0.0090188791798771969
leaf_weight=1.4655185891315365 1.2577333934605146 0.68061488959938365 15.107516407966616 1.4425733508542169 11.810780494473871 3.0777804479002953
leaf_count=43 24 12 283 20 447 46
internal_value=0.000550221 -0.00709539 0.00768895 0.00936146 -0.0111311 0.00443911
internal_weight=34.8425 16.8269 18.0156 16.5501 12.4914 4.33551
internal_count=875 529 346 303 459 70
is_linear=0
shrinkage=0.02


Tree=467
num_leaves=7
num_cat=0
split_feature=43 28 28 37 16 52
split_gain=4.28336 2.38821 1.62361 0.921031 0.633218 0.526714
threshold=0.0011485658930781991 0.08854319761516552 -0.0067340594566934605 0.020487878472411878 0.11303473678652785 0.2925452524610988
decision_type=2 2 2 2 2 2
left_child=2 3 -1 -2 -3 -4
right_child=1 4 5 -5 -6 -7
leaf_value=0.0072124077958541644 0.012257030508649324 -0.009102856031365212 -0.012538422493520829 -0.0046016855493833837 0.00600005813566415 0.0022375366111323726
leaf_weight=1.5066044991835958 10.738235203549262 3.420341237448155 10.366075496189294 0.9410750940442093 0.71437650360167015 0.75248259119689542
leaf_count=16 191 134 501 10 9 14
internal_value=-0.000527203 0.00624433 -0.00884487 0.0106428 -0.00583311 -0.0114363
internal_weight=28.4392 15.814 12.6252 11.6793 4.13472 11.1186
internal_count=875 344 531 201 143 515
is_linear=0
shrinkage=0.02


Tree=468
num_leaves=7
num_cat=0
split_feature=14 38 27 71 40 27
split_gain=4.08177 2.87325 1.89351 2.10379 1.45053 0.575264
threshold=0.017937086023635297 0.066385877602505625 -0.050699185774800141 0.21725000000000003 0.037531013108545043 -0.18058732991397661
decision_type=2 2 2 2 2 2
left_child=1 2 -1 -4 -2 -6
right_child=4 -3 3 -5 5 -7
leaf_value=0.011059550248730095 0.0064481481763993178 -0.0087059894563446469 0.0091705148122066104 -0.010260104955563147 0.0035425877140708708 -0.011337508743950933
leaf_weight=17.252531394362453 1.7596042286604632 4.2912192977964869 3.2846789304167059 3.6571749579161406 0.68491782993078132 11.391391480341552
leaf_count=353 14 117 22 45 8 356
internal_value=0.000705998 0.00499597 0.0076753 -0.00106907 -0.00786768 -0.0102872
internal_weight=42.3215 28.4856 24.1944 6.94185 13.8359 12.0763
internal_count=915 537 420 67 378 364
is_linear=0
shrinkage=0.02


Tree=469
num_leaves=7
num_cat=0
split_feature=46 40 48 2 48 35
split_gain=4.99446 2.01648 1.31588 1.22907 0.961662 0.29301
threshold=0.0094282828965074148 0.078767920674795253 0.010783831863071651 0.48993107176645495 0.0091412398516737218 -0.064050931853866552
decision_type=2 2 2 2 2 2
left_child=1 4 -2 -3 -1 -4
right_child=2 3 5 -5 -6 -7
leaf_value=0.0042510892735806959 0.0045165505082187113 0.012315618713907635 -0.0020863756274397162 -0.004197386623301858 -0.0092706980485358324 -0.012185721044210958
leaf_weight=3.31035356409848 2.0087515665218225 11.921543238684533 1.7831417927518458 1.5946610290557135 3.2561200456693769 11.164967264980078
leaf_count=44 35 257 82 33 51 413
internal_value=-0.000370257 0.00602924 -0.00880226 0.0102124 -0.00279305 -0.0110442
internal_weight=35.0395 20.0827 14.9569 13.5162 6.56647 12.9481
internal_count=915 385 530 290 95 495
is_linear=0
shrinkage=0.02


Tree=470
num_leaves=7
num_cat=0
split_feature=38 41 71 39 28 28
split_gain=4.65647 1.74118 1.71222 0.668205 0.604929 0.566649
threshold=0.060501921201270674 0.010682403593812369 0.2494166666666667 0.019271861783715691 0.11955350104600689 0.092163871020955565
decision_type=2 2 2 2 2 2
left_child=1 2 -1 -3 -2 -4
right_child=4 3 5 -5 -6 -7
leaf_value=-0.0074064733534635633 0.011816469475306709 -0.012314823772715696 0.01070524676954164 0.0041021999074050217 -0.0045654197800920763 -0.0032358690412108418
leaf_weight=4.8479447886347824 8.6965126357972586 9.9783732891082728 3.9804202103987336 0.6195673421025284 0.47825038433075029 1.0154532259330151
leaf_count=108 179 525 45 11 8 39
internal_value=-0.000563127 -0.00583304 0.000321127 -0.0110841 0.0105978 0.00780452
internal_weight=29.6165 20.4418 9.84382 10.5979 9.17476 4.99587
internal_count=915 728 192 536 187 84
is_linear=0
shrinkage=0.02


Tree=471
num_leaves=7
num_cat=0
split_feature=14 20 47 41 40 56
split_gain=3.52698 2.405 1.40278 1.52724 1.25303 0.936256
threshold=0.033466373987978242 0.11718930288527453 0.0040407287782345406 0.050751619962317453 0.062993750448413502 0.26752374713396659
decision_type=2 10 2 2 2 2
left_child=1 2 3 5 -2 -1
right_child=4 -3 -4 -5 -6 -7
leaf_value=-0.0039824689162577045 0.002047723083901074 0.011884253503715365 -0.0076973943848142028 -0.0057910131839328414 -0.011395860447894724 0.010164321062978486
leaf_weight=1.7651900295168221 3.4858405925333491 10.413021691143511 5.2396736908704034 4.1081271804869166 8.8300672825425846 8.3261100742965919
leaf_count=16 39 306 126 57 297 61
internal_value=0.000902746 0.00459632 0.000301913 0.00356593 -0.00772282 0.00755378
internal_weight=42.168 29.8521 19.4391 14.1994 12.3159 10.0913
internal_count=902 566 260 134 336 77
is_linear=0
shrinkage=0.02


Tree=472
num_leaves=7
num_cat=0
split_feature=42 40 42 15 43 12
split_gain=5.07302 2.75535 1.45172 1.10161 0.798983 0.779385
threshold=0.042158900029689812 0.078767920674795253 0.00072863773870476833 0.070516206618957314 0.0019161838163145805 78.966903804515951
decision_type=2 2 2 2 2 2
left_child=1 2 5 -2 -3 -1
right_child=3 4 -4 -5 -6 -7
leaf_value=0.010070655220252587 -0.011290771593294637 0.012244129399995482 -0.011482011106672676 0.0053256147017430614 -0.0044870983122126933 -0.0051621358715616527
leaf_weight=2.3440427705645592 13.13760028965771 11.667635452002283 3.6329987104982138 1.2103385515511025 0.75525690894574005 1.4452707618474958
leaf_count=34 511 259 53 15 17 13
internal_value=-0.000931065 0.00552098 -0.00381632 -0.00963341 0.0109684 0.00439601
internal_weight=34.1931 19.8452 7.42231 14.3479 12.4229 3.78931
internal_count=902 376 100 526 276 47
is_linear=0
shrinkage=0.02


Tree=473
num_leaves=7
num_cat=0
split_feature=46 29 63 24 43 52
split_gain=4.54315 2.36744 1.30352 0.73442 0.567104 0.422755
threshold=0.0094282828965074148 -0.018089605244283224 0.088620794340095843 0.36666666666666675 -0.027008229583779676 0.19425104815144204
decision_type=2 2 2 8 2 2
left_child=-1 4 -3 5 -2 -4
right_child=1 2 3 -5 -6 -7
leaf_value=-0.011274166554288046 -0.0021392627698658051 -0.0090713609046744904 -0.0033029742586382855 -0.005900810822189957 0.012090413532539885 0.011375690627189022
leaf_weight=9.0545968087390083 0.93968609161675054 4.5827237088233215 0.51010561734437976 1.1348847439512608 10.250969701446593 2.8242480149492621
leaf_count=379 20 171 10 85 207 30
internal_value=-0.000204727 0.00504432 -0.0024597 0.00473888 0.0108181 0.00888613
internal_weight=29.2972 20.2426 9.05196 4.46924 11.1907 3.33435
internal_count=902 523 296 125 227 40
is_linear=0
shrinkage=0.02


Tree=474
num_leaves=7
num_cat=0
split_feature=20 15 40 70 45 42
split_gain=3.64604 1.80968 1.50924 1.06225 0.828963 1.32525
threshold=0.11718930288527453 0.040300263115127022 0.07407757091967207 0.012250000000000002 0.0012573559499686195 -0.0052076279289635227
decision_type=8 2 2 2 2 2
left_child=2 -2 4 -4 5 -1
right_child=1 -3 3 -5 -6 -7
leaf_value=-0.0084457806889798159 0.010210342384772459 -0.0067540426264473472 0.005174629995743558 -0.010356081583718658 -0.0069321501836067381 0.0089277468660335733
leaf_weight=1.5148114673793314 12.446992723271249 2.3582114465534678 1.390353601425885 13.742707150988279 2.592111200094223 5.5815228428691643
leaf_count=30 321 46 9 401 44 44
internal_value=-0.000321784 0.00725185 -0.0049451 -0.00869689 0.00118049 0.00463403
internal_weight=39.6267 14.8052 24.8215 15.1331 9.68845 7.09633
internal_count=895 367 528 410 118 74
is_linear=0
shrinkage=0.02


Tree=475
num_leaves=7
num_cat=0
split_feature=48 30 40 44 15 14
split_gain=5.16299 2.06954 1.85554 0.732235 0.696819 0.532835
threshold=0.019671643955978101 -0.0082992410975778145 0.069622154894040014 0.006115950537361429 -0.00012214871517837427 -0.027071778427857043
decision_type=2 2 2 2 2 2
left_child=2 4 3 -1 -2 -4
right_child=1 -3 5 -5 -6 -7
leaf_value=0.0049626163740960055 -0.0061806624907107125 -0.01156654690070277 -0.0010099165744808208 -0.0078130391131831841 0.0087724374054522509 0.012670188850281242
leaf_weight=2.4262778377160457 1.0159714175388219 11.878676037304102 1.0972776059061313 2.8726717391982675 2.7883579935878506 11.534875559620554
leaf_count=31 26 462 25 60 52 239
internal_value=0.000440815 -0.00768379 0.00757733 -0.00210417 0.00432383 0.011495
internal_weight=33.6141 15.683 17.9311 5.29895 3.80433 12.6322
internal_count=895 540 355 91 78 264
is_linear=0
shrinkage=0.02


Tree=476
num_leaves=7
num_cat=0
split_feature=43 20 43 30 48 18
split_gain=4.26779 2.52275 0.894866 0.72921 0.775263 0.514905
threshold=-0.017096219207920742 0.080241768287344153 0.067551580354704016 0.017710523765978949 0.023911872906617598 0.034112117757330924
decision_type=2 10 2 2 2 2
left_child=5 3 -3 4 -2 -1
right_child=1 2 -4 -5 -6 -7
leaf_value=-0.012120026452878354 -0.0067854458054347443 -0.010160118883800537 0.0060951604007116146 0.012107266402357677 0.0089065684325854138 0.0024279500131258367
leaf_weight=8.1162482127547264 1.6614825623109966 3.7652403861284247 1.1291327290236948 10.248165966942905 1.3982849530875681 0.75295631866902191
leaf_count=436 18 200 19 195 8 19
internal_value=-7.78511e-05 0.0054185 -0.00601218 0.00974884 0.000813136 -0.0107641
internal_weight=27.0715 18.2023 4.89437 13.3079 3.05977 8.8692
internal_count=895 440 219 221 26 455
is_linear=0
shrinkage=0.02


Tree=477
num_leaves=7
num_cat=0
split_feature=28 40 28 30 70 60
split_gain=3.04482 2.88458 1.42744 1.29499 1.0893 0.959987
threshold=0.14042933558932616 0.077017442196986835 -0.0079201708901896258 -0.018290886103634704 0.016750000000000004 0.22055563641248979
decision_type=2 2 2 2 2 2
left_child=1 2 -1 -2 -3 -4
right_child=3 4 5 -5 -6 -7
leaf_value=-0.0091359587414308139 -0.004284193279817986 0.0018295271341900515 -0.0049857288853526411 0.012009892370506372 -0.010554155293954788 0.0092283900302279342
leaf_weight=1.7643118239939219 1.8349867109209306 3.2898768447339526 1.6359852068126208 10.084546135738488 12.071086166426538 9.9388342611491662
leaf_count=40 37 30 15 294 381 88
internal_value=0.00128362 -0.00227457 0.00436225 0.00936401 -0.00795221 0.00698265
internal_weight=40.6196 28.7001 13.3391 11.9195 15.361 11.5748
internal_count=885 554 143 331 411 103
is_linear=0
shrinkage=0.02


Tree=478
num_leaves=7
num_cat=0
split_feature=42 48 1 30 34 7
split_gain=4.91914 2.39603 1.72694 0.754926 0.546009 0.616624
threshold=0.00072863773870476833 0.01916660439404182 0.31096096096096099 0.001542903024573779 0.092597291738023543 507.58927666666676
decision_type=2 2 2 2 2 2
left_child=4 2 -2 -4 5 -1
right_child=1 -3 3 -5 -6 -7
leaf_value=0.012483527313957141 -0.010276476885112575 -0.011796501578898643 0.0098216876575766814 -0.0025140621754787579 -0.0023979781795394552 -0.0039958048921624641
leaf_weight=8.5958088953047938 2.84518811106682 12.673061117529867 4.9509030133485794 2.4642770644277334 0.9784455783665188 0.54292851313948709
leaf_count=210 41 480 77 62 10 5
internal_value=-0.00123906 -0.00631212 0.00090792 0.00591057 0.00979385 0.0112069
internal_weight=33.0506 22.9334 10.2604 7.41518 10.1172 9.13874
internal_count=885 660 180 139 225 215
is_linear=0
shrinkage=0.02


Tree=479
num_leaves=7
num_cat=0
split_feature=38 46 62 29 38 48
split_gain=4.08341 2.13007 0.840466 0.82353 0.641546 0.458968
threshold=0.018116670719786829 0.010143638211963934 0.18502956738250859 0.0087547278465322249 0.069631348789745376 0.028111411686414154
decision_type=2 2 2 2 2 2
left_child=2 4 -1 -3 -2 -5
right_child=1 3 -4 5 -6 -7
leaf_value=-0.010484206369948464 -0.01019578999779981 0.011763819598565747 0.0056652491403774994 -0.0078728304442445534 0.0046533854407600694 0.0052960650341527405
leaf_weight=10.915903465822339 2.8058823989704282 10.575490475632249 0.81772486492991525 0.96614340599626247 0.98902434855699528 1.3136893454939125
leaf_count=549 50 214 12 13 12 35
internal_value=-0.000382281 0.00585817 -0.00900222 0.00959532 -0.00616243 -0.000983484
internal_weight=28.3839 16.6502 11.7336 12.8553 3.79491 2.27983
internal_count=885 324 561 262 62 48
is_linear=0
shrinkage=0.02


Tree=480
num_leaves=7
num_cat=0
split_feature=14 28 70 41 34 9
split_gain=3.59287 2.42143 1.7169 1.45021 1.16805 0.897645
threshold=0.017937086023635297 0.13499359144159967 0.028833333333333339 0.050751619962317453 0.09432767846536276 13.392873045918369
decision_type=2 2 2 2 2 2
left_child=1 2 3 -1 -2 -4
right_child=4 -3 5 -5 -6 -7
leaf_value=0.008795483950267519 -0.010043107091982157 0.012486778494123196 0.0052695837384743698 -0.0067966649601674221 0.0051098220925088426 -0.010076895089734089
leaf_weight=8.4508643597364479 11.041114673018454 9.2699912656098586 1.2917118668556202 2.3704996388405553 1.8057710286229838 5.6655011344701052
leaf_count=59 350 302 11 34 17 121
internal_value=0.000654632 0.00475478 0.000272948 0.00509389 -0.00769799 -0.00692343
internal_weight=39.8955 27.0486 17.7786 10.8214 12.8469 6.95721
internal_count=894 527 225 93 367 132
is_linear=0
shrinkage=0.02


Tree=481
num_leaves=7
num_cat=0
split_feature=43 46 19 0 21 30
split_gain=4.52574 2.13322 1.30903 0.716307 0.612528 0.590786
threshold=-0.01284433322148811 0.0094282828965074148 -0.0069035704040154014 0.15318947980238304 -0.023286008494643472 -0.0082992410975778145
decision_type=2 2 2 2 8 2
left_child=1 2 3 4 -1 -3
right_child=-2 5 -4 -5 -6 -7
leaf_value=-0.0049299163006293637 -0.010393737854902132 0.0035407126482315723 -0.0091100761248170022 0.012593380354478653 0.0078526521866659031 -0.0081467328445430226
leaf_weight=1.8660694137215612 11.240854069590567 1.8626566296443341 0.80627661198377865 10.54544172529131 2.2598381293937555 4.3886475320905438
leaf_count=28 429 37 4 232 35 129
internal_value=-0.000605907 0.00469207 0.00852123 0.0100097 0.00223744 -0.00465627
internal_weight=32.9698 21.7289 15.4776 14.6713 4.12591 6.2513
internal_count=894 465 299 295 63 166
is_linear=0
shrinkage=0.02


Tree=482
num_leaves=7
num_cat=0
split_feature=38 41 71 43 49 63
split_gain=4.36143 1.87367 1.44124 0.685399 0.451539 0.420227
threshold=0.060501921201270674 0.010682403593812369 0.22141666666666668 -0.031128159869344061 0.025260781051568964 0.088620794340095843
decision_type=2 2 2 2 2 2
left_child=1 2 -1 -4 -3 -5
right_child=-2 4 3 5 -6 -7
leaf_value=-0.00861015922651376 0.010973052389762579 -0.01215974901934553 -0.0050620162506726319 -0.00043626897128500036 0.0014761794452171845 0.012030118451129754
leaf_weight=2.9624364031478816 8.4859666582196933 9.2542725261300767 1.0231568356975911 1.3128613112494347 0.84912912454456169 3.7421214748173952
leaf_count=72 181 502 44 31 27 37
internal_value=-0.00021617 -0.00547454 0.00116336 0.00647034 -0.010984 0.00925506
internal_weight=27.6299 19.144 9.04058 6.07814 10.1034 5.05498
internal_count=894 713 184 112 529 68
is_linear=0
shrinkage=0.02


Tree=483
num_leaves=7
num_cat=0
split_feature=28 42 66 5 15 39
split_gain=4.5295 2.71645 1.24721 0.883641 0.786647 0.732722
threshold=0.085837477833543452 0.015311420769751014 70.200814697813627 0.423494983277592 0.070516206618957314 -0.0053384258167847405
decision_type=2 2 2 2 2 2
left_child=2 -2 -1 -4 -3 -5
right_child=1 4 3 5 -6 -7
leaf_value=-0.011073113543936168 -0.0052369416229749366 0.011520555639855648 -0.0076632733012973733 0.0078405922817245503 -0.0055417880325118541 -0.0069357513920625859
leaf_weight=9.9129057107493299 5.1390674225986031 15.293450236320492 3.1823219768702966 4.0488480692729354 0.58587453886866647 0.96676448732614506
leaf_count=260 134 341 92 46 10 25
internal_value=0.000494052 0.00666584 -0.00664257 -0.000663769 0.0106 0.00431294
internal_weight=39.1292 21.0184 18.1108 8.19793 15.8793 5.01561
internal_count=908 485 423 163 351 71
is_linear=0
shrinkage=0.02


Tree=484
num_leaves=7
num_cat=0
split_feature=42 18 2 42 12 20
split_gain=5.6744 2.55338 1.18523 0.894105 0.688235 0.431325
threshold=0.045900508776053131 -0.011780022201083149 0.28598691384950931 -0.0052076279289635227 208.95833333333337 0.12089720408203651
decision_type=2 2 2 2 2 10
left_child=1 4 -2 5 -1 -3
right_child=2 3 -4 -5 -6 -7
leaf_value=0.012495124296037313 0.0043250667919748223 0.009083508347562011 -0.012035085564867709 -0.0086039330899546455 -0.0036162233470548606 -0.0043166104465193079
leaf_weight=12.090042172931135 1.5412258449941862 1.6845168471336367 11.708361676894127 3.9298460176214567 0.72763051837682802 0.7606368027627467
leaf_count=282 24 26 483 62 25 6
internal_value=-0.000307164 0.00652133 -0.00996206 -0.00347542 0.011385 0.00487202
internal_weight=32.4423 19.1927 13.2496 6.375 12.8177 2.44515
internal_count=908 401 507 94 307 32
is_linear=0
shrinkage=0.02


Tree=485
num_leaves=7
num_cat=0
split_feature=39 61 63 20 14 60
split_gain=4.46327 1.5719 0.798149 0.427744 0.345051 0.300802
threshold=-0.0074109369742668399 0.1122546524475785 0.072444448182475751 0.006356301599403571 -0.032089760370056487 0.19529901114424739
decision_type=2 2 2 8 2 2
left_child=1 -1 -2 -3 -4 -5
right_child=2 3 4 5 -6 -7
leaf_value=0.0080233060083832117 -0.0025923563494261062 0.0029201517296093648 0.00095254378127673474 0.00087201226694715007 0.012229282114969176 -0.010989825314943882
leaf_weight=1.6065298262983585 1.7302385978400696 0.63996574282646113 1.4324509855359782 0.7639402998611321 8.192984411492942 12.144580924883483
leaf_count=19 34 13 30 28 167 617
internal_value=-0.000347271 -0.00725574 0.00871364 -0.00949443 0.0107987 -0.0102756
internal_weight=26.5107 15.155 11.3557 13.5485 9.62544 12.9085
internal_count=908 677 231 658 197 645
is_linear=0
shrinkage=0.02


Tree=486
num_leaves=7
num_cat=0
split_feature=34 42 63 59 39 70
split_gain=3.0287 1.55559 1.26991 1.4914 1.02617 0.987428
threshold=0.034533418227008679 0.015311420769751014 0.1050896512024561 0.65921764461090315 0.035682234816610252 0.029583333333333336
decision_type=2 2 2 2 2 2
left_child=1 -1 3 5 -2 -3
right_child=4 2 -4 -5 -6 -7
leaf_value=-0.011348510312560442 0.0080276145231011325 0.011273956752880754 -0.0099471136241833496 -0.0069527203443386434 -0.0073724366551037477 -0.0024403380758794067
leaf_weight=7.4038459490984705 15.162592254579069 5.5839928332716209 3.2968737427145234 3.5740037560462943 1.1569512467831362 2.6330818552523851
leaf_count=233 351 47 80 58 36 62
internal_value=0.00023341 -0.0044506 -0.00057071 0.0026237 0.00657321 0.00709137
internal_weight=38.8113 22.4918 15.088 11.7911 16.3195 8.21707
internal_count=867 480 247 167 387 109
is_linear=0
shrinkage=0.02


Tree=487
num_leaves=7
num_cat=0
split_feature=42 30 41 17 12 46
split_gain=4.54936 1.82097 1.02722 1.01024 0.714921 0.697659
threshold=0.015311420769751014 -0.0082992410975778145 0.030193433097217313 0.10432213930348259 180.59294871794876 -1.0000000180025095e-35
decision_type=2 2 2 2 2 2
left_child=3 2 -2 -1 -5 -3
right_child=1 5 -4 4 -6 -7
leaf_value=-0.0012144685580989846 -0.0065532402103110378 -0.0018047090676463851 0.009414197918519376 0.012592667814775369 -0.0039938345950987471 -0.012577494730204657
leaf_weight=3.1857226155698326 1.7673387480899734 3.5578286293894097 3.1012018574401736 9.4702631160616839 0.69416042789816934 9.9900530381128103
leaf_count=31 27 47 51 250 9 452
internal_value=-0.000182487 -0.00648824 0.00348886 0.00836221 0.0112037 -0.010067
internal_weight=31.7666 18.4164 4.86854 13.3501 10.1644 13.5479
internal_count=867 577 78 290 259 499
is_linear=0
shrinkage=0.02


Tree=488
num_leaves=7
num_cat=0
split_feature=47 38 28 18 28 43
split_gain=3.86263 1.71614 1.31201 0.856714 0.646295 0.466782
threshold=1.0000000180025095e-35 0.068259426444936031 0.11352590537522925 0.095802610820299242 -0.018139554957645011 -0.027008229583779676
decision_type=2 2 2 2 2 2
left_child=1 3 5 4 -1 -2
right_child=2 -3 -4 -5 -6 -7
leaf_value=0.0049464002649784126 -0.0009070931078628084 0.0074925290843915185 -0.0074221597956854336 0.0059847920872692882 -0.011570704674238336 0.011753641824748893
leaf_weight=0.48457461781799693 1.1579807819798578 2.1627609413117161 1.1974670160561789 0.74136323668062765 11.809828507713974 9.3551907166838628
leaf_count=4 13 28 85 6 554 177
internal_value=-0.000118703 -0.00659052 0.00813836 -0.00929438 -0.0105966 0.0104015
internal_weight=26.9092 15.1985 11.7106 13.0358 12.2944 10.5132
internal_count=867 592 275 564 558 190
is_linear=0
shrinkage=0.02


Tree=489
num_leaves=7
num_cat=0
split_feature=24 63 15 15 41 29
split_gain=3.24205 1.33952 2.20981 1.12294 1.03116 0.703806
threshold=0.36666666666666675 0.086533286533286555 0.030578743318465777 0.066423733779847019 0.050751619962317453 -0.032288753317070741
decision_type=10 2 2 2 2 2
left_child=1 2 4 -2 5 -1
right_child=3 -3 -4 -5 -6 -7
leaf_value=-0.0026662685516775624 0.010986650161901946 -0.0082261053021774316 -0.010608233359378305 -0.0069434368114790939 -0.0045794875953021627 0.010815736544323456
leaf_weight=1.5030619036406268 9.5997083354741299 12.397425926290451 4.097659000195562 0.92126031778752882 2.6280656727030864 6.8090535625815418
leaf_count=24 285 280 168 22 62 57
internal_value=3.83505e-08 -0.00362626 0.000442391 0.00895021 0.00512322 0.00835329
internal_weight=37.9562 27.4353 15.0378 10.521 10.9402 8.31212
internal_count=898 591 311 307 143 81
is_linear=0
shrinkage=0.02


Tree=490
num_leaves=7
num_cat=0
split_feature=48 18 15 15 15 43
split_gain=4.86712 1.84363 1.43723 0.696257 0.573561 0.489878
threshold=0.019671643955978101 -0.0080890525202684232 0.088054714436698975 0.041345101727199927 -0.0037448389944800728 -0.071906463636586052
decision_type=2 2 2 2 2 2
left_child=1 4 5 -3 -1 -2
right_child=2 3 -4 -5 -6 -7
leaf_value=-0.0035071638681184471 0.0028651675020865621 -0.0065436124689870643 0.0071038289938157011 0.0068256800404471688 0.011819792527515563 -0.011564534264037134
leaf_weight=0.62865095399320203 0.6328913541510709 4.0776785081252482 1.3800655957311381 1.3229348491877315 11.200247144326568 12.335601852275428
leaf_count=24 17 58 39 22 253 485
internal_value=-0.000353374 0.00664426 -0.00864146 -0.00271392 0.0107953 -0.0107056
internal_weight=31.5781 17.2295 14.3486 5.40061 11.8289 12.9685
internal_count=898 357 541 80 277 502
is_linear=0
shrinkage=0.02


Tree=491
num_leaves=7
num_cat=0
split_feature=38 46 62 72 20 38
split_gain=4.59695 1.24953 0.738011 0.609703 0.607283 0.476195
threshold=0.018116670719786829 0.010143638211963934 0.18502956738250859 0.25575000000000009 0.14242954647295167 0.069631348789745376
decision_type=2 2 2 2 10 2
left_child=2 5 3 -1 -3 -2
right_child=1 4 -4 -5 -6 -7
leaf_value=-0.011098945548636628 -0.0082346682828410931 0.011617721979986236 0.00519747567595665 0.004303017457690966 -0.003818490479246886 0.0048627078969487331
leaf_weight=10.171988694928585 1.73179677221924 10.878404986113306 0.83007086813449937 0.61527364514768201 0.650212677195669 1.0240778960287569
leaf_count=555 47 214 15 14 41 12
internal_value=0.00042788 0.00778866 -0.0085228 -0.00992993 0.0105118 -0.00336884
internal_weight=25.9018 14.2845 11.6173 10.7873 11.5286 2.75587
internal_count=898 314 584 569 255 59
is_linear=0
shrinkage=0.02


Tree=492
num_leaves=7
num_cat=0
split_feature=14 20 30 19 63 51
split_gain=3.52519 1.62126 1.19933 0.848718 0.890711 0.812323
threshold=0.03606814114871678 0.11718930288527453 0.076213525389478967 -0.12643354981060026 0.1050896512024561 0.20058384136660953
decision_type=2 10 2 2 2 2
left_child=1 2 3 -1 5 -5
right_child=-2 -3 -4 4 -6 -7
leaf_value=-0.0069274613701888997 -0.0085810303520032147 0.011093728627417429 -0.0098102679830488967 -0.0045780919030441675 -0.0047666306686231933 0.0091672829247718378
leaf_weight=1.9342875182628638 10.100303257815538 9.2228435110300762 2.4097037222236386 1.408482583239677 2.3417428694665441 10.027419507503508
leaf_count=40 338 298 84 20 32 74
internal_value=0.00100187 0.00471939 0.00106472 0.00321981 0.00501679 0.00724236
internal_weight=37.4448 27.3445 18.1216 15.7119 13.7776 11.4359
internal_count=886 548 250 166 126 94
is_linear=0
shrinkage=0.02


Tree=493
num_leaves=7
num_cat=0
split_feature=15 44 49 36 35 18
split_gain=4.26497 1.99522 1.13683 1.12021 0.744024 0.632478
threshold=0.040300263115127022 0.0069253703380776225 0.0094105551154370672 0.00044875995793719486 -0.014900140026037149 -0.10319348590014722
decision_type=2 2 2 2 2 2
left_child=1 3 -2 -1 -5 -3
right_child=2 5 -4 4 -6 -7
leaf_value=0.0094750059253983637 0.012342483486939818 0.0031174930292821403 -0.0044188638035423007 0.0033297611120527838 -0.011330018245043292 -0.011146677541693318
leaf_weight=3.4911877997219625 8.2985034901648742 0.94749256316572683 1.4274438908323634 2.046224270947278 1.8106692209839819 12.605083090253169
leaf_count=41 222 31 25 46 14 507
internal_value=-0.000654127 -0.00569517 0.00969985 0.00249785 -0.00446823 -0.0100037
internal_weight=30.6266 20.9007 9.72595 7.34808 3.85689 13.5526
internal_count=886 639 247 101 60 538
is_linear=0
shrinkage=0.02


Tree=494
num_leaves=7
num_cat=0
split_feature=43 28 46 16 29 48
split_gain=4.01438 2.49064 0.851949 0.59482 0.4639 0.334752
threshold=-0.01284433322148811 0.08854319761516552 0.0079147402953547753 0.11303473678652785 -0.054546163406249584 0.012047816482019918
decision_type=2 2 2 2 2 2
left_child=4 2 -2 -3 -1 -4
right_child=1 3 5 -5 -6 -7
leaf_value=0.0019329972797831477 -0.002235921019222709 -0.0091782706713238755 0.0010606716513706783 0.0055626194824134169 -0.012181089349684102 0.01289948365937406
leaf_weight=0.75775142665952699 1.7452565673738742 3.9895137795247129 1.2647388167679299 0.67975351866334666 8.0747820218093675 9.0392858870327455
leaf_count=24 17 188 11 12 442 192
internal_value=-0.000671487 0.00504072 0.00963774 -0.00642963 -0.0108968 0.0116687
internal_weight=25.5511 16.7185 12.0493 4.66927 8.83253 10.304
internal_count=886 420 220 200 466 203
is_linear=0
shrinkage=0.02


Tree=495
num_leaves=7
num_cat=0
split_feature=28 19 28 30 42 47
split_gain=2.86437 1.7957 1.82259 1.08663 0.885382 0.861822
threshold=0.13499359144159967 -0.066278225869858307 -0.0079201708901896258 -0.0099664558738808817 -0.0052076279289635227 0.0084140614969912333
decision_type=2 2 2 2 2 2
left_child=1 -1 -3 -2 -4 -6
right_child=3 2 4 -5 5 -7
leaf_value=-0.0076621381359326703 -0.0024680256674713139 -0.01004276645559796 -0.006866035099409991 0.01182210417432507 0.011934388162960882 -0.0021368089884652559
leaf_weight=13.861953349784015 2.3469086075201622 2.5205519413575521 0.94249474629759689 8.5410849414765817 6.4128717854619044 1.920588983222842
leaf_count=365 56 85 17 281 41 38
internal_value=0.000644405 -0.00301369 0.00262056 0.00879336 0.00670401 0.00880995
internal_weight=36.5465 25.6585 11.7965 10.888 9.27596 8.33346
internal_count=883 546 181 337 96 79
is_linear=0
shrinkage=0.02


Tree=496
num_leaves=7
num_cat=0
split_feature=30 48 14 19 18 19
split_gain=4.30466 1.87712 0.893061 0.72944 0.645049 0.589154
threshold=-0.0076658674143759353 0.012225011937690098 -0.019735267531359162 -0.026649452268898473 -0.081525478771824297 -0.036495407591455357
decision_type=2 2 2 2 2 2
left_child=2 3 -1 -2 -3 -4
right_child=1 4 5 -5 -6 -7
leaf_value=-0.0044728522840718756 0.0066188324184609992 0.00069425817741304411 0.011954749321290157 -0.0075449228786706717 -0.011790396441971527 -0.0027787576428551738
leaf_weight=1.2564235432073481 4.44731071498245 1.7885255208238984 9.4472541362047178 1.0646033082157398 11.307416327297682 0.83724131807684976
leaf_count=37 84 64 227 13 449 9
internal_value=-0.000417332 -0.00625748 0.00874708 0.00314463 -0.0101571 0.0106154
internal_weight=30.1488 18.6079 11.5409 5.51191 13.0959 10.2845
internal_count=883 610 273 97 513 236
is_linear=0
shrinkage=0.02


Tree=497
num_leaves=7
num_cat=0
split_feature=46 20 43 3 31 37
split_gain=3.72531 1.96191 0.967887 0.759912 0.507287 0.313544
threshold=0.010818527639084504 0.11718930288527453 -0.017096219207920742 0.21464285714285716 0.068821256502200348 0.011331978910574041
decision_type=2 10 2 2 2 2
left_child=4 2 -2 5 -1 -4
right_child=1 -3 3 -5 -6 -7
leaf_value=-0.011879696025596923 -0.0038676984963794893 -0.0079270865110880866 0.012619613403724731 -0.0034083524149805624 0.0040769596749731284 0.00055300436351745546
leaf_weight=7.7948520975187439 1.8055830718949462 2.994674684945493 9.7815057467669231 1.0778670543804754 0.39762987941503514 1.038489308208226
leaf_count=385 46 223 196 9 6 18
internal_value=-0.000432425 0.00494891 0.00811051 0.0100872 -0.010746 0.0116062
internal_weight=24.8906 16.6981 13.7034 11.8979 8.19248 10.82
internal_count=883 492 269 223 391 214
is_linear=0
shrinkage=0.02


Tree=498
num_leaves=7
num_cat=0
split_feature=20 40 66 20 15 3
split_gain=2.55258 1.9271 1.09852 1.36504 0.952439 0.907888
threshold=0.14515155372256638 0.076329722014115683 70.200814697813627 0.080241768287344153 0.057101826566892798 0.24473453268977624
decision_type=10 2 2 8 2 2
left_child=1 2 3 -1 -2 -3
right_child=4 5 -4 -5 -6 -7
leaf_value=-0.010264549464174691 0.011927448799226923 -0.0087271433648702119 0.0082321968405792666 0.0076203443677442693 -0.005428782654255896 0.0038997806102220147
leaf_weight=3.175194129347803 6.9195310920476905 14.341868259012701 6.5436719562858343 1.9717153515666721 0.90501846000552166 2.0839607268571845
leaf_count=58 271 425 64 20 15 24
internal_value=0.000112178 -0.0027467 0.00330087 -0.00328799 0.00953226 -0.00699329
internal_weight=35.941 28.1164 11.6906 5.14691 7.82455 16.4258
internal_count=877 591 142 78 286 449
is_linear=0
shrinkage=0.02


Tree=499
num_leaves=7
num_cat=0
split_feature=48 19 44 14 14 16
split_gain=4.13493 1.48918 1.40193 0.886431 0.735483 0.625804
threshold=0.019671643955978101 -0.062806385752403146 0.006115950537361429 -0.04128658979800013 1.0000000180025095e-35 -0.04127284803731867
decision_type=2 2 2 2 2 2
left_child=1 3 4 -1 -2 -3
right_child=2 5 -4 -5 -6 -7
leaf_value=-0.0056472736867211205 -0.0056746845445470396 0.0057102851589708251 -0.011400125489133946 0.011830027092572179 0.0085831955187186879 -0.0071486997870148982
leaf_weight=0.70360234286636014 1.8061668677255505 1.5293651036918161 9.8361736154183728 10.751020010560749 2.068841990083456 2.9833285119384554
leaf_count=33 25 17 458 252 50 42
internal_value=7.31644e-05 0.00679907 -0.00768921 0.0103892 0.00213669 -0.00254544
internal_weight=29.6785 15.9673 13.7112 11.4546 3.87501 4.51269
internal_count=877 344 533 285 75 59
is_linear=0
shrinkage=0.02


Tree=500
num_leaves=7
num_cat=0
split_feature=38 17 46 10 20 53
split_gain=3.90822 1.25304 1.23069 0.757527 0.590014 0.535397
threshold=0.026925250574297514 0.082079496968335955 0.0079147402953547753 0.65365488811053085 0.1177953114020303 0.19634512683578106
decision_type=2 2 2 2 10 2
left_child=1 3 -2 -1 -4 -3
right_child=2 5 4 -5 -6 -7
leaf_value=0.0087411452559902954 -0.0042656617155542803 -0.012540021262547305 0.012079855881068441 -0.0072424665484052096 -0.002595252727325483 0.00064842660751092385
leaf_weight=2.011585919186476 2.2215028321370474 8.437492785509674 8.7224630108103121 1.0284905610606072 0.87851604819297868 1.3063649823889125
leaf_count=13 34 511 195 34 40 50
internal_value=-0.000249489 -0.00763334 0.00770747 0.00287951 0.0106189 -0.0108761
internal_weight=24.6064 12.7839 11.8225 3.04008 9.60098 9.74386
internal_count=877 608 269 47 235 561
is_linear=0
shrinkage=0.02


Tree=501
num_leaves=7
num_cat=0
split_feature=28 15 14 63 34 14
split_gain=3.31582 1.30972 1.24198 1.50256 0.939421 0.793409
threshold=0.14042933558932616 0.062633350414234512 0.017937086023635297 0.085849075705116532 0.11410740803748455 0.01389815008839178
decision_type=2 2 2 2 2 2
left_child=2 -2 3 -1 -4 -5
right_child=1 -3 4 5 -6 -7
leaf_value=0.0055108964856268716 0.011592073807466888 -0.0065662219572109829 -0.010859733665536775 -0.0078756656798205458 0.0066947584550000692 0.0076283890567164295
leaf_weight=8.1833949200809055 9.3058685753494483 1.2111948039382685 8.8784674536436761 7.6982425730675441 0.71570280939340669 0.73886666446924198
leaf_count=81 310 25 330 137 4 5
internal_value=0.000119924 0.00911232 -0.00369 -0.000262817 -0.00904189 -0.00585346
internal_weight=36.7317 10.5171 26.2147 16.6205 9.59417 8.43711
internal_count=892 335 557 223 334 142
is_linear=0
shrinkage=0.02


Tree=502
num_leaves=7
num_cat=0
split_feature=46 18 14 15 42 40
split_gain=4.14972 2.16098 1.08336 0.873219 0.868022 0.590211
threshold=0.0094282828965074148 -0.0091989236114220479 -0.04128658979800013 0.085978486056971712 1.0000000180025095e-35 0.12712824465270992
decision_type=2 2 2 2 2 2
left_child=1 2 -1 -2 -3 -6
right_child=3 4 -4 -5 5 -7
leaf_value=-0.0063808213551985096 -0.010469118736784624 0.0050836963773832709 0.01175766889474493 0.0055603334716900366 -0.011728236217999293 0.0044061598791902499
leaf_weight=0.84233146160841244 10.952042401768264 2.0663102250546244 11.737043411470948 0.9085027854889639 3.1841996219009165 0.5919878277927636
leaf_count=32 479 27 269 24 52 9
internal_value=-9.53771e-05 0.00574259 0.0101626 -0.0089044 -0.00386855 -0.00880592
internal_weight=30.2824 18.4219 12.5794 11.8605 5.8425 3.77619
internal_count=892 389 301 503 88 61
is_linear=0
shrinkage=0.02


Tree=503
num_leaves=7
num_cat=0
split_feature=47 28 43 62 28 25
split_gain=3.69283 1.54 1.34586 1.06655 1.01998 0.243184
threshold=0.0004980613279487188 0.084591768480573801 0.043578704867871298 0.17997570853395486 -0.0079201708901896258 0.50593727467106764
decision_type=2 2 2 2 2 2
left_child=2 -2 3 4 -1 -3
right_child=1 5 -4 -5 -6 -7
leaf_value=0.0057802748543299785 0.0119290309657445 -0.0080277547739304577 0.00605144818915906 0.0060688943587035886 -0.012521678672531716 0.0035521220132986031
leaf_weight=0.78689716942608257 8.5509967431426031 1.6077320999465872 2.1534962975420049 1.0539035415276874 10.278382189106198 0.35304491408169258
leaf_count=10 188 77 37 18 557 5
internal_value=-5.97761e-05 0.00849618 -0.00650491 -0.00902728 -0.0108489 -0.00544724
internal_weight=24.7845 10.5118 14.2727 12.1192 11.0653 1.96078
internal_count=892 270 622 585 567 82
is_linear=0
shrinkage=0.02


Tree=504
num_leaves=7
num_cat=0
split_feature=28 19 63 60 70 15
split_gain=3.06934 1.7971 1.5742 1.26238 1.26008 1.13232
threshold=0.14042933558932616 -0.10987722162034382 0.10207674619143434 0.23410876057115612 0.029583333333333336 0.074493829863060232
decision_type=2 2 2 2 2 2
left_child=1 -1 3 -3 -5 -2
right_child=5 2 -4 4 -6 -7
leaf_value=-0.010899012571218994 0.011636255823017017 -0.0053650359220305914 -0.0081821397882719527 0.011649905338859554 -0.0020955412152702147 -0.0067555075547483245
leaf_weight=6.7916911290958515 9.4402079116553033 3.5862730080261889 5.0547152040526262 6.9977528415620309 3.6003595376387239 0.8758711516857155
leaf_count=233 314 64 123 61 73 22
internal_value=0.000891039 -0.0027944 0.000463794 0.00388078 0.00720228 0.00961574
internal_weight=36.3469 26.0308 19.2391 14.1844 10.5981 10.3161
internal_count=890 554 321 198 134 336
is_linear=0
shrinkage=0.02


Tree=505
num_leaves=7
num_cat=0
split_feature=18 2 15 44 5 7
split_gain=3.73139 2.35668 1.19389 0.954694 0.502698 0.432904
threshold=-0.03095038116486953 0.43437243642329787 0.086732737633877649 -0.017119415235092535 0.99074074074074081 10.890893827160495
decision_type=2 2 2 2 2 2
left_child=1 -1 3 -2 -3 -5
right_child=2 4 -4 5 -6 -7
leaf_value=0.011193853703132379 0.0054812774426572109 -0.0084299297357005275 0.007019597242630642 0.0027720194462836005 0.0056631397480049663 -0.01148929514813412
leaf_weight=9.8786157537251729 1.0088734291493882 3.433654990047216 1.3011974021792401 0.53860253095626731 0.55305647756904353 12.53680103830993
leaf_count=253 19 178 31 3 4 402
internal_value=-0.00102163 0.00626918 -0.0075737 -0.0092979 -0.00573128 -0.0107466
internal_weight=29.2508 13.8653 15.3855 14.0843 3.98671 13.0754
internal_count=890 435 455 424 182 405
is_linear=0
shrinkage=0.02


Tree=506
num_leaves=7
num_cat=0
split_feature=46 28 43 38 49 28
split_gain=3.36074 3.28702 0.817185 0.751729 0.528327 0.393353
threshold=0.009364992800828047 0.082110370901903956 -0.017096219207920742 0.069631348789745376 0.016411025781356621 0.16290756653125071
decision_type=2 2 2 2 2 2
left_child=3 2 -2 -1 -3 -6
right_child=1 4 -4 -5 5 -7
leaf_value=-0.012296944080812763 -0.0018675419881344789 -0.010761280800750919 0.012108752781502663 0.0048429054494068752 0.0075971740678341003 -0.0057179669458681448
leaf_weight=6.9244580697268274 1.6707548396661884 3.7985523021779946 10.523512037470937 0.63705356046557415 0.86323667131364323 0.73456275183707476
leaf_count=355 39 211 214 7 5 59
internal_value=-9.07122e-05 0.00468764 0.0101974 -0.0104559 -0.00741069 0.00163106
internal_weight=25.1521 17.5906 12.1943 7.56151 5.39635 1.5978
internal_count=890 528 253 362 275 64
is_linear=0
shrinkage=0.02


Tree=507
num_leaves=7
num_cat=0
split_feature=28 15 66 19 34 2
split_gain=3.41469 1.97687 1.89016 1.01127 0.757955 0.646894
threshold=0.085837477833543452 0.070516206618957314 87.002551020408177 -0.066278225869858307 -0.014666347888682483 0.30079365079365084
decision_type=2 2 2 2 2 2
left_child=2 4 -1 -4 -2 -6
right_child=1 -3 3 -5 5 -7
leaf_value=-0.011058399343995249 -0.0056875951485559576 -0.0092320061520105787 -0.0068260599675713024 0.0070760288781576688 -0.001999977182191377 0.011159974362870225
leaf_weight=9.5775467995554227 0.71586308814585287 1.9617920452728856 2.385396265424788 4.6213303292170158 1.3535091904923326 13.807364752516149
leaf_count=291 12 84 85 48 25 359
internal_value=0.00065318 0.00655255 -0.00570413 0.00208172 0.00893441 0.00993404
internal_weight=34.4228 17.8385 16.5843 7.00673 15.8767 15.1609
internal_count=904 480 424 133 396 384
is_linear=0
shrinkage=0.02


Tree=508
num_leaves=7
num_cat=0
split_feature=2 0 48 2 42 43
split_gain=4.01756 2.399 1.25408 0.590416 0.516268 0.386737
threshold=0.36491677336747769 0.1270166453265045 0.0087315428259305567 0.18469785575048733 -0.0052076279289635227 -0.078822181369726671
decision_type=2 2 2 2 2 2
left_child=1 3 -2 -1 -4 -5
right_child=2 -3 4 5 -6 -7
leaf_value=0.0048978606944747507 0.0044630790159853814 0.011184507549523172 0.0024127282810972425 0.004025592293619369 -0.012104368810820233 -0.010317335733894794
leaf_weight=1.1429966595023895 1.9966108743101347 10.82288507837802 0.74684522300958534 0.35765651613473926 9.874317364767192 3.259585932828486
leaf_count=16 37 276 17 3 489 66
internal_value=-0.000335296 0.00628633 -0.0083742 -0.0048585 -0.0109638 -0.00833446
internal_weight=28.2009 15.5831 12.6178 4.76024 10.6212 3.61724
internal_count=904 361 543 85 506 69
is_linear=0
shrinkage=0.02


Tree=509
num_leaves=7
num_cat=0
split_feature=47 28 28 62 35 3
split_gain=3.28171 1.3993 1.24329 0.98209 0.497566 0.484194
threshold=0.0004980613279487188 0.11352590537522925 -0.0067340594566934605 0.18890487322424027 0.030455891384764514 0.21464285714285716
decision_type=2 2 2 2 2 2
left_child=2 5 -1 4 -4 -2
right_child=1 -3 3 -5 -6 -7
leaf_value=0.0072206592716054898 0.011534428278244229 -0.0077148878502723362 -0.011742507391074717 0.0065030443662836722 0.0020020900740900694 -0.0033771126564775202
leaf_weight=1.4540592245757586 8.3643554253503645 1.3022965504787851 10.232205943204459 0.84413594286888916 0.868400794919581 0.5267277806997307
leaf_count=27 192 94 561 9 18 3
internal_value=-0.000542715 0.00760223 -0.00683676 -0.00897361 -0.0105907 0.0103989
internal_weight=23.5922 10.1934 13.3988 11.9447 11.1006 8.89108
internal_count=904 289 615 588 579 195
is_linear=0
shrinkage=0.02


Tree=510
num_leaves=7
num_cat=0
split_feature=6 34 9 17 46 22
split_gain=2.86127 1.03199 0.888905 1.16082 0.962242 0.771418
threshold=136.83333333333334 0.010912761118825597 129.4216989530133 0.10943202554744527 0.0079147402953547753 0.066743766230465212
decision_type=2 2 2 2 2 10
left_child=2 -2 3 4 -1 -6
right_child=1 -3 -4 -5 5 -7
leaf_value=0.0062795718838631531 -0.003804857060315435 0.0095230515886183652 0.0076795528763677224 -0.0097845427277889231 -0.0081825621501760912 0.006639145384913012
leaf_weight=3.929511723108595 2.3445777473971239 10.213869614526628 1.3341450253501523 11.287369760684667 5.1918059680610895 1.0013997657224534
leaf_count=39 46 319 16 362 112 9
internal_value=-0.000403786 0.00693771 -0.00457893 -0.0056514 -0.00057738 -0.00519619
internal_weight=35.3027 12.5584 22.7442 21.4101 10.1227 6.19321
internal_count=903 365 538 522 160 121
is_linear=0
shrinkage=0.02


Tree=511
num_leaves=7
num_cat=0
split_feature=42 41 42 40 12 14
split_gain=3.90677 1.81448 2.35384 0.68129 0.563828 0.380587
threshold=0.015311420769751014 0.051277260378759855 0.064880436125691818 0.039237907562878906 8.7321544451654791 -0.034922206013938813
decision_type=2 2 2 2 2 2
left_child=3 -2 -3 4 -1 -5
right_child=1 2 -4 5 -6 -7
leaf_value=0.0067276950891911229 -0.010984655456251879 0.011134978098807093 -0.0096156007716240686 -0.0022668671002261851 -0.0077345357986708472 0.011593183679468402
leaf_weight=1.1036301143467455 10.052506589330735 3.8091348102316251 3.0344364373013377 0.5390431247651567 1.2253827005624769 8.9801861140876991
leaf_count=10 354 55 208 8 11 257
internal_value=8.41071e-05 -0.00595951 0.0018813 0.00849561 -0.000919107 0.0106674
internal_weight=28.7443 16.8961 6.84357 11.8482 2.32901 9.51923
internal_count=903 617 263 286 21 265
is_linear=0
shrinkage=0.02


Tree=512
num_leaves=7
num_cat=0
split_feature=28 2 21 16 42 67
split_gain=2.93232 1.38706 0.933938 0.907484 0.783735 0.287407
threshold=0.07978439301188657 0.25098425196850399 0.030543090981720592 0.11303473678652785 0.00072863773870476833 66.065187327131014
decision_type=2 2 10 2 2 2
left_child=1 -1 4 -2 -3 -6
right_child=3 2 -4 -5 5 -7
leaf_value=-0.0067781346813057253 -0.010892135579174421 -0.0055028030084300272 -0.0048524511135649732 0.0053736178007763539 0.011513758442027899 -0.0015831905120310724
leaf_weight=2.3470474951900568 7.3081000875681621 0.68742351047694583 1.4434381779283274 1.0143763697706161 10.984222555998709 0.47121367603540498
leaf_count=95 469 58 20 27 227 7
internal_value=0.000481347 0.00542275 0.00785066 -0.00854585 0.00961501 0.0108912
internal_weight=24.2558 15.9333 13.5863 8.32248 12.1429 11.4554
internal_count=903 407 312 496 292 234
is_linear=0
shrinkage=0.02


Tree=513
num_leaves=7
num_cat=0
split_feature=28 41 47 42 60 42
split_gain=2.88466 1.30275 1.56403 1.97449 0.910925 0.81432
threshold=0.13499359144159967 0.058930575209988019 0.0036954758109173798 0.002138375346397423 0.22055563641248979 -0.011113333641065174
decision_type=2 2 2 2 2 2
left_child=1 2 3 -1 -5 -2
right_child=5 -3 -4 4 -6 -7
leaf_value=-0.0089425258337692878 -0.0043383078871313662 -0.010872306964044754 -0.0096874959692322977 -0.0067656427896131965 0.0088530810176252403 0.010649078377254746
leaf_weight=3.3475873582065168 1.135032492689789 5.8366622347384682 4.5164720853790632 0.98965080268680949 9.5983587270602566 9.1349436277523601
leaf_count=95 27 214 131 12 89 328
internal_value=0.000348234 -0.0034119 -0.000614451 0.00277782 0.00693535 0.00875471
internal_weight=34.5587 24.2887 18.4521 13.9356 10.588 10.27
internal_count=896 541 327 196 101 355
is_linear=0
shrinkage=0.02


Tree=514
num_leaves=7
num_cat=0
split_feature=48 43 15 46 41 44
split_gain=3.99823 2.47377 0.848653 0.588402 0.540457 0.530603
threshold=0.029671120678360415 -0.0067819834226483236 -0.0027622649411984542 0.019537622768636218 0.044799536479288034 -0.017950300135911711
decision_type=2 2 2 2 2 2
left_child=1 2 -1 -4 -3 -2
right_child=5 4 3 -5 -6 -7
leaf_value=-0.0035380978372802035 0.0041861622464270474 -0.010697363994553613 0.011468471813762648 -0.0017183534264078356 0.002549000291739521 -0.011612549401474851
leaf_weight=1.531579097732904 0.44199216552078624 3.1034051803872016 12.629952992312608 1.2353024706244458 1.2931916629895566 8.2827612180262786
leaf_count=41 14 96 288 18 42 397
internal_value=0.000125561 0.0050721 0.00875271 0.0102571 -0.00705079 -0.010464
internal_weight=28.5182 19.7934 15.3968 13.8653 4.3966 8.72475
internal_count=896 485 347 306 138 411
is_linear=0
shrinkage=0.02


Tree=515
num_leaves=7
num_cat=0
split_feature=38 46 63 24 72 38
split_gain=3.5546 1.67812 0.874638 0.496422 0.466181 0.439947
threshold=0.018116670719786829 0.015091784660585979 0.10424537747813899 0.29166666666666669 0.25575000000000009 0.085705821076467278
decision_type=2 2 2 10 2 2
left_child=4 2 5 -3 -1 -2
right_child=1 3 -4 -5 -6 -7
leaf_value=-0.010478911398075668 -0.011543125628326672 0.012026434722778367 0.006660739494623996 -0.0025148895506297681 0.003255824786326098 0.0031851543119697334
leaf_weight=9.056151004973799 2.5046171196736391 7.9236033707857114 1.4502500412054358 0.7027588509954511 0.64296816941350776 0.58111598528921593
leaf_count=567 51 190 26 38 15 9
internal_value=-0.00067427 0.00592693 -0.00344973 0.0107036 -0.00934921 -0.00866873
internal_weight=22.8615 13.1623 4.53598 8.62636 9.69912 3.08573
internal_count=896 314 86 228 582 60
is_linear=0
shrinkage=0.02


Tree=516
num_leaves=7
num_cat=0
split_feature=28 41 71 15 21 28
split_gain=2.70012 1.28752 1.67261 0.96285 0.945151 0.750843
threshold=0.14153396847183222 0.050751619962317453 0.22141666666666668 0.062633350414234512 0.030543090981720592 0.10011550074792687
decision_type=2 2 2 2 10 2
left_child=1 2 -1 -2 5 -4
right_child=3 -3 4 -5 -6 -7
leaf_value=0.0072457691491760899 0.011850342311412099 -0.0085597039651000191 -0.010144824198481214 -0.0053314626157270504 0.0081167173794296447 0.0024638621466048674
leaf_weight=7.6823504446074429 8.3196220267564023 7.8439177861437193 6.2318220967426878 0.93050345405936319 1.1247438546270121 2.1020139353349805
leaf_count=103 305 271 153 23 9 29
internal_value=0.00110347 -0.00235782 0.000795639 0.00977045 -0.00463511 -0.00704133
internal_weight=34.235 24.9848 17.1409 9.25013 9.45858 8.33384
internal_count=893 565 294 328 191 182
is_linear=0
shrinkage=0.02


Tree=517
num_leaves=7
num_cat=0
split_feature=44 2 36 0 16 46
split_gain=3.20854 1.6763 1.25024 0.906349 0.855131 0.523125
threshold=0.0069253703380776225 0.28341924398625434 0.027950499419023819 0.090097402597402607 -0.061880539499010449 0.02242757690640106
decision_type=2 2 2 2 2 2
left_child=2 3 5 -2 -3 -1
right_child=1 4 -4 -5 -6 -7
leaf_value=0.011134948205040143 -0.0067401731297972176 0.0027137898973711026 -0.0049665506345615198 0.0097031566370236726 -0.011591533572942037 -0.0039854726073645262
leaf_weight=8.916058512404561 1.2307177614420681 1.5577859235927487 2.1766299167647949 2.738455381244421 10.734140465036029 0.51578419283032495
leaf_count=236 17 45 36 60 494 5
internal_value=-0.000666418 -0.00624734 0.00702677 0.00427423 -0.00971081 0.0100053
internal_weight=27.8696 16.2611 11.6085 3.96917 12.2919 9.43184
internal_count=893 616 277 77 539 241
is_linear=0
shrinkage=0.02


Tree=518
num_leaves=7
num_cat=0
split_feature=47 31 28 43 29 18
split_gain=3.36422 1.49898 1.15557 1.21212 0.612518 0.474387
threshold=1.0000000180025095e-35 -0.029887033207629428 -0.011830540826103171 0.068577143983866301 0.04277074171384903 0.095802610820299242
decision_type=2 2 2 2 2 2
left_child=2 -2 -1 5 -3 -4
right_child=1 4 3 -5 -6 -7
leaf_value=0.0071357143152955688 -0.0077355182186517411 0.012139653100703848 -0.012048906976303286 0.0070132121214760389 -0.003638197417606175 0.0035214955858859733
leaf_weight=1.2436493793502457 1.4190254709683348 7.8120170109905285 10.353988644666966 0.98764565121382553 0.65991324326023448 0.41661612968891937
leaf_count=16 78 189 575 12 18 5
internal_value=-0.000822062 0.00754969 -0.00727506 -0.0092391 0.0106563 -0.0111986
internal_weight=22.8929 9.89096 13.0019 11.7583 8.47193 10.7706
internal_count=893 285 608 592 207 580
is_linear=0
shrinkage=0.02


Tree=519
num_leaves=7
num_cat=0
split_feature=14 40 50 50 50 27
split_gain=2.62239 1.97948 1.3113 0.987308 0.623092 0.57354
threshold=-0.030161374076849403 0.077017442196986835 0.35872876237493773 0.55787572490688964 0.24766385048643116 -0.18331305126131189
decision_type=2 2 2 2 2 2
left_child=-1 2 -2 -4 -3 -6
right_child=1 4 3 -5 5 -7
leaf_value=0.0091437482552107607 -0.0050793774740589773 0.0030059972022510512 0.010853519522209771 -0.0061650792297649635 0.0043299734625296474 -0.01056640926461002
leaf_weight=9.0777938850224 4.1658291043713707 1.3560327887535084 6.005071559920907 1.0030060932040212 0.6009732820093604 10.8276879619807
leaf_count=301 62 25 56 25 20 393
internal_value=0.00054732 -0.00294568 0.00307558 0.00795209 -0.00804964 -0.00949773
internal_weight=33.0364 23.9586 11.1739 7.00808 12.7847 11.4287
internal_count=882 581 143 81 438 413
is_linear=0
shrinkage=0.02


Tree=520
num_leaves=7
num_cat=0
split_feature=44 14 15 50 48 44
split_gain=3.41529 1.32919 1.12464 0.998876 0.65973 0.440045
threshold=0.017572877335401117 1.0000000180025095e-35 0.040300263115127022 0.43635234911434723 0.0017679945913674883 0.047143805763468986
decision_type=2 2 2 2 2 2
left_child=1 3 4 -1 -2 -4
right_child=2 -3 5 -5 -6 -7
leaf_value=0.0050903187661598672 0.0014660874469552873 0.010720642117366484 0.0081632242617173233 -0.00981650161712843 -0.012166046749857723 -0.0052701962667514113
leaf_weight=3.176482709124687 1.4148627659305919 8.0861335489898902 1.582895249128341 2.1872360855340958 9.269795209169386 0.7183547019958495
leaf_count=53 25 236 35 37 484 12
internal_value=-0.000801597 0.00604721 -0.00782028 -0.00157579 -0.0103899 0.00364368
internal_weight=26.4358 13.4499 12.9859 5.36372 10.6847 2.30125
internal_count=882 326 556 90 509 47
is_linear=0
shrinkage=0.02


Tree=521
num_leaves=7
num_cat=0
split_feature=47 20 28 38 60 52
split_gain=3.30391 1.41969 1.21699 0.705089 0.770494 0.494551
threshold=0.0004980613279487188 0.086130680991322442 -0.011830540826103171 0.073437528073747524 0.21973859473859478 0.21751807710600873
decision_type=2 10 2 2 2 2
left_child=2 -2 -1 4 5 -4
right_child=1 -3 3 -5 -6 -7
leaf_value=0.0074377913014696401 0.011523682427097197 -0.0057138235436897987 -0.0065271697298387877 0.0042733425558469582 -0.012458440492386012 0.0072870537646548533
leaf_weight=1.4666268061846501 8.3458807719871384 1.7478585042990733 1.0627985522150987 1.0140033401548869 8.4188456130214018 1.0887732426635919
leaf_count=25 193 96 66 15 471 16
internal_value=0.00013931 0.0082928 -0.00630804 -0.00850105 -0.0099899 0.000557426
internal_weight=23.1448 10.0937 13.051 11.5844 10.5704 2.15157
internal_count=882 289 593 568 553 82
is_linear=0
shrinkage=0.02


Tree=522
num_leaves=7
num_cat=0
split_feature=28 70 15 41 21 71
split_gain=2.47743 1.60525 1.11934 0.768058 0.680658 0.811841
threshold=0.14373778746385865 0.020833333333333339 0.062633350414234512 0.051122139214337455 -0.023286008494643472 0.22775000000000004
decision_type=2 2 2 2 10 2
left_child=1 3 -2 -1 5 -3
right_child=2 4 -4 -5 -6 -7
leaf_value=0.0073938805542952939 0.011226562946345314 0.0036769584025081532 -0.0062152277213451661 -0.0052164952261940598 -0.010868448458163116 -0.0070006246932720305
leaf_weight=5.969586192630234 8.0388116016983968 4.1391176264733094 1.0935436468571413 1.862227759324014 6.7463530264794818 5.6626076512038708
leaf_count=51 329 74 25 27 258 161
internal_value=0.000380372 -0.00296831 0.00873074 0.00414428 -0.00637887 -0.00256867
internal_weight=33.5122 24.3799 9.13236 7.83181 16.5481 9.80173
internal_count=925 571 354 78 493 235
is_linear=0
shrinkage=0.02


Tree=523
num_leaves=7
num_cat=0
split_feature=42 48 41 49 63 16
split_gain=4.03942 1.99113 0.888246 0.645845 0.493717 0.257315
threshold=0.0099345188642554916 0.012225011937690098 0.036940442947567549 0.010621331989182435 0.13456716784792497 -0.057661772848525965
decision_type=2 2 2 2 2 2
left_child=3 2 -2 4 -1 -3
right_child=1 5 -4 -5 -6 -7
leaf_value=0.011418462386323037 -0.0049283932223499411 -0.0010233064869051385 0.0096684176856813402 -0.0037348243439603501 -0.0040799920554291623 -0.011648836033546044
leaf_weight=8.6384717505425197 2.1362846475094583 1.208674694411459 2.8056531539186835 0.9774199668318041 0.41008799709379751 10.796272628009314
leaf_count=249 45 47 51 13 4 516
internal_value=-0.00076564 -0.00659363 0.00359105 0.00878997 0.0103799 -0.01074
internal_weight=26.9729 16.9469 4.94194 10.026 9.04856 12.0049
internal_count=925 659 96 266 253 563
is_linear=0
shrinkage=0.02


Tree=524
num_leaves=7
num_cat=0
split_feature=47 20 28 49 62 49
split_gain=2.94314 1.31629 1.2455 0.75776 0.946385 0.356437
threshold=1.0000000180025095e-35 0.073376256371049581 -0.011830540826103171 0.020115596047740578 0.17997570853395486 0.018330325594656038
decision_type=2 10 2 2 2 2
left_child=2 -2 -1 4 -4 -3
right_child=1 5 3 -5 -6 -7
leaf_value=0.0076658909012820601 0.011845556816011358 -0.0068292617658679182 -0.011991989260614516 0.0042112969069968646 0.0042867056142917364 0.0043522423489105958
leaf_weight=1.5414307601749904 7.5212366012856346 1.9316539545543494 8.9493510527536255 1.1917072734795517 1.151540612336247 1.0102524161338804
leaf_count=25 183 93 543 40 16 25
internal_value=0.000341177 0.00782219 -0.0058824 -0.0082049 -0.00991718 -0.00285951
internal_weight=23.2972 10.4631 12.834 11.2926 10.1009 2.94191
internal_count=925 301 624 599 559 118
is_linear=0
shrinkage=0.02


Tree=525
num_leaves=7
num_cat=0
split_feature=28 40 15 50 68 32
split_gain=2.62112 1.80565 1.41576 1.17336 1.10084 1.04246
threshold=0.13499359144159967 0.077017442196986835 0.062633350414234512 0.35872876237493773 0.27548183839881396 0.093417304681933058
decision_type=2 2 2 2 2 2
left_child=1 3 -2 4 -1 -3
right_child=2 5 -4 -5 -6 -7
leaf_value=-0.0099583302056298218 0.011327806182792659 -0.010457854915744273 -0.0070461644200288092 0.0073652716328405123 0.0072513184854327241 0.0049919052368724414
leaf_weight=3.4648714084178227 8.3574506966397148 11.023766628466545 1.333170112222432 6.4518775567412376 1.373239569365978 1.4347100974991907
leaf_count=58 320 383 32 70 10 26
internal_value=0.000104593 -0.00347324 0.00837739 0.0022483 -0.00466821 -0.00843996
internal_weight=33.4391 23.7485 9.69062 11.29 4.83811 12.4585
internal_count=899 547 352 138 68 409
is_linear=0
shrinkage=0.02


Tree=526
num_leaves=7
num_cat=0
split_feature=42 48 19 17 24 34
split_gain=3.73915 1.72568 1.31933 0.575155 0.470726 0.380595
threshold=0.0099345188642554916 0.01916660439404182 -0.076463724800554064 0.10432213930348259 0.45000000000000007 0.027710057909403566
decision_type=2 2 2 2 10 2
left_child=3 2 4 5 -2 -1
right_child=1 -3 -4 -5 -6 -7
leaf_value=0.0066369231118897469 0.0098521465309787618 -0.011397640818698826 -0.0078885123782997078 0.011246359579312805 -0.0030626699888312652 -0.0054658567945110158
leaf_weight=0.86442001722753259 3.6965566659346223 9.3970205541700107 3.0191822033375528 7.4260645862668753 0.96676611527800549 1.3490749243646858
leaf_count=13 67 484 55 233 33 14
internal_value=-0.000565041 -0.00608198 0.000983845 0.00886285 0.00710671 -0.000144918
internal_weight=26.7191 17.0795 7.6825 9.63956 4.66332 2.21349
internal_count=899 639 155 260 100 27
is_linear=0
shrinkage=0.02


Tree=527
num_leaves=7
num_cat=0
split_feature=39 17 71 48 10 30
split_gain=2.52596 1.64088 1.05244 0.692864 0.711688 0.351765
threshold=-0.0079331356917668166 0.086785347483738465 0.25416666666666671 0.023599246360920423 1.3823403984168749 0.11224088323373935
decision_type=2 2 2 2 2 2
left_child=1 2 -1 4 -2 -3
right_child=3 5 -4 -5 -6 -7
leaf_value=-0.0062983672830860208 0.0064005968684434957 -0.011527212980886469 0.010205606362088653 0.010595969256286008 -0.0078467445257050863 0.0024639860592573339
leaf_weight=1.7836971613578514 2.1549184899777161 7.3729151142761111 2.695176790934056 6.9715398605912924 1.5248222402296958 0.44076077267527569
leaf_count=46 43 553 36 188 15 18
internal_value=0.000503693 -0.00547582 0.00368301 0.00728228 8.157e-05 -0.010548
internal_weight=22.9438 12.2925 4.47887 10.6513 3.67974 7.81368
internal_count=899 653 82 246 58 571
is_linear=0
shrinkage=0.02


Tree=528
num_leaves=7
num_cat=0
split_feature=28 14 66 5 18 1
split_gain=2.64716 1.84408 1.38856 0.974445 0.880287 0.869966
threshold=0.085837477833543452 0.015391834820336655 70.200814697813627 0.423494983277592 -0.0022983039416761826 0.72177419354838723
decision_type=2 2 2 2 2 2
left_child=2 -2 5 -4 -3 -1
right_child=1 4 3 -5 -6 -7
leaf_value=-0.011690777373217389 0.0099222081753273083 -0.0092334985052882675 -0.0067641350418499594 0.0061624028043717098 0.0056643590956258864 0.0075129064408515495
leaf_weight=8.3391710491850972 11.709044791758062 3.1639365935698152 2.917661693878471 4.8028243724256754 1.7206600122153748 0.37459844350814897
leaf_count=273 324 110 90 68 16 1
internal_value=0.000395843 0.00585808 -0.00513903 0.00106184 -0.00391478 -0.0101768
internal_weight=33.0279 16.5936 16.4343 7.72049 4.8846 8.71377
internal_count=882 450 432 158 126 274
is_linear=0
shrinkage=0.02


Tree=529
num_leaves=7
num_cat=0
split_feature=48 43 17 40 16 15
split_gain=3.49605 2.55164 1.07753 0.623192 0.486708 0.436289
threshold=0.029671120678360415 -0.01284433322148811 0.10432213930348259 0.12712824465270992 -0.022945482497334409 -0.0047968500134153635
decision_type=2 2 2 2 2 2
left_child=1 2 4 -3 -1 -4
right_child=-2 3 5 -5 -6 -7
leaf_value=0.0053829400008018891 -0.010736810288471295 -0.0098306238028809181 -0.0022292919098688062 0.0047576376312838805 -0.0063836165136133757 0.012717957458865638
leaf_weight=1.8033113684505226 8.13705733604729 4.1864236779511002 0.54984763637185352 0.8570691905915736 1.8312487415969396 9.3602005252614564
leaf_count=22 402 134 17 19 27 261
internal_value=-0.00053855 0.00424602 0.00861639 -0.00697453 -0.000643761 0.0117603
internal_weight=26.7252 18.5881 13.5446 5.04349 3.63456 9.91005
internal_count=882 480 327 153 49 278
is_linear=0
shrinkage=0.02


Tree=530
num_leaves=7
num_cat=0
split_feature=46 28 16 39 48 25
split_gain=3.09539 2.80999 0.721833 0.68361 0.582038 0.220223
threshold=0.009364992800828047 0.07978439301188657 0.11303473678652785 0.025897916553492363 0.011461969564853904 0.59471955796278764
decision_type=2 2 2 2 2 2
left_child=3 4 -3 -1 -2 -6
right_child=1 2 -4 -5 5 -7
leaf_value=-0.012439487071684061 -0.0020472513489405266 -0.0098036989938542415 0.0054626263786817569 0.0045360851263585699 0.012312221013193965 -0.00066132136222970552
leaf_weight=6.0179294324480024 1.0823247283697117 4.1676843063905826 0.91917638713493932 0.58043718338012684 9.3142107753083074 0.44706519879400808
leaf_count=350 23 252 23 9 216 9
internal_value=6.21239e-05 0.00481925 -0.00660089 -0.0105457 0.0102816 0.0117118
internal_weight=22.5288 15.9305 5.08686 6.59837 10.8436 9.76128
internal_count=882 523 275 359 248 225
is_linear=0
shrinkage=0.02


Tree=531
num_leaves=7
num_cat=0
split_feature=14 41 66 20 34 45
split_gain=2.66428 1.25759 0.784869 0.735417 0.56644 0.531614
threshold=-0.028077456079759793 0.033319756467433244 56.693240454076381 0.079127559384970833 -1.0000000180025095e-35 -0.052843120324114777
decision_type=2 2 2 8 2 2
left_child=3 2 -2 -1 -4 -6
right_child=1 -3 4 -5 5 -7
leaf_value=-0.0035758519652529732 -0.0046570346705985958 -0.0090736687361895451 -0.0057741076421863472 0.011072369131561694 -0.0050917888405388632 0.0088785847812862372
leaf_weight=1.1555173732340351 5.9258070681244153 9.3479056097567064 0.97457993496209372 7.0329471109434962 0.63871305622160424 5.2883511753752828
leaf_count=25 117 350 30 287 17 65
internal_value=-0.000281375 -0.00388607 0.000277167 0.00884108 0.00456693 0.00685538
internal_weight=30.3638 22.1754 12.8275 8.18846 6.90164 5.92706
internal_count=891 579 229 312 112 82
is_linear=0
shrinkage=0.02


Tree=532
num_leaves=7
num_cat=0
split_feature=46 15 40 43 42 27
split_gain=3.63958 1.90217 0.886346 0.742901 0.59806 0.350535
threshold=0.0056549705148071635 0.042779240836650752 0.080118729600868105 -0.051472560502953263 -0.010257249878555875 -0.17041474872245158
decision_type=2 2 2 2 2 2
left_child=2 4 3 -1 -2 -4
right_child=1 -3 5 -5 -6 -7
leaf_value=0.0078836561427437623 0.0038109197932818402 0.0074459196835043508 -0.0010879786732948679 -0.0067282670686620374 -0.011460351921831639 0.012093313795358969
leaf_weight=1.4741341555491092 0.66111618094146152 2.302923801355063 0.7136474484577765 2.1849732547998455 9.8317277454771084 8.0524533204734308
leaf_count=30 13 61 18 39 499 231
internal_value=0.000475722 -0.00675655 0.00787218 -0.000412982 -0.0102503 0.0110187
internal_weight=25.221 12.7958 12.4252 3.65911 10.4928 8.7661
internal_count=891 573 318 69 512 249
is_linear=0
shrinkage=0.02


Tree=533
num_leaves=7
num_cat=0
split_feature=46 24 30 17 39 32
split_gain=3.05838 2.07918 0.722423 0.545972 0.313962 0.250297
threshold=0.009364992800828047 0.29166666666666669 0.0002428313089010842 0.08951465201465203 0.049675983656316459 0.05101904583443715
decision_type=2 8 2 2 2 2
left_child=4 2 3 -2 -1 -4
right_child=1 -3 5 -5 -6 -7
leaf_value=-0.012241318950022952 0.0066990795637979633 -0.0082510328662454314 0.012169143145665799 -0.007740557633855517 0.0027700357258125126 0.00076192793909324818
leaf_weight=5.5549170100130167 1.015573143959043 2.9122273768298337 7.8267031670548004 1.1997062154114244 0.25005698949098576 0.99521385692059983
leaf_count=372 5 256 192 38 5 23
internal_value=-0.000175813 0.00489178 0.00875695 -0.00109616 -0.0112826 0.0110909
internal_weight=19.7544 13.9494 11.0372 2.21528 5.80497 8.82192
internal_count=891 514 258 43 377 215
is_linear=0
shrinkage=0.02


Tree=534
num_leaves=7
num_cat=0
split_feature=42 39 40 16 30 44
split_gain=2.10009 2.21356 1.48419 1.02279 0.81391 0.558306
threshold=0.014673992212033556 -0.011320401174265875 0.032203902022081198 -0.054300893147516842 0.042227339589625705 0.0092816818914603447
decision_type=2 2 2 2 2 2
left_child=4 3 -3 -2 -1 -5
right_child=1 2 -4 5 -6 -7
leaf_value=-0.010241851392032405 -0.0033800552485128955 0.0083776127181602912 -0.0086011759014523789 0.00052899295278468496 0.0056261680985695795 0.011926328995555237
leaf_weight=6.9483436886221197 2.1960995523259088 1.9242856837809048 6.6852571070194244 2.1480598431080571 0.8829904869198798 10.080959846265612
leaf_count=269 48 18 222 34 14 285
internal_value=0.000332707 0.00338735 -0.00432942 0.00797514 -0.00801824 0.0101157
internal_weight=30.866 23.0347 8.60954 14.4251 7.83133 12.229
internal_count=890 607 240 367 283 319
is_linear=0
shrinkage=0.02


Tree=535
num_leaves=7
num_cat=0
split_feature=42 15 42 18 2 2
split_gain=4.23172 1.50747 0.712825 0.559505 0.539907 0.452327
threshold=0.0066735948092799752 0.042779240836650752 0.078356685644693919 -0.054262719774220196 0.36491677336747769 0.45946969696969703
decision_type=2 2 2 2 2 2
left_child=5 3 -3 4 -2 -1
right_child=1 2 -4 -5 -6 -7
leaf_value=0.011936670097494571 0.0067872007782227781 0.0097932705492820744 -0.0064177730814221649 -0.011044437986326386 -0.0067732536491695427 -0.0015967738016906159
leaf_weight=7.3850246062502283 1.1717145796865254 2.3054823987185951 0.79657611716538657 10.461991532240061 1.5677708825096486 0.87160128355026234
leaf_count=236 17 52 15 443 114 13
internal_value=-0.000442147 -0.00626474 0.00508073 -0.00910071 -0.000709269 0.0104899
internal_weight=24.5602 16.3035 3.10206 13.2015 2.73949 8.25663
internal_count=890 641 67 574 131 249
is_linear=0
shrinkage=0.02


Tree=536
num_leaves=7
num_cat=0
split_feature=47 31 38 62 29 29
split_gain=2.46506 1.01233 0.985549 1.0737 0.866461 0.605241
threshold=0.0004980613279487188 -0.029887033207629428 0.068259426444936031 0.18890487322424027 0.043113783242892049 -0.032861169805573236
decision_type=2 2 2 2 2 2
left_child=2 -2 3 5 -3 -1
right_child=1 4 -4 -5 -6 -7
leaf_value=0.00049932894036038944 -0.0059234406474965307 0.012150266961083869 0.0059901950919267555 0.0074057790948951416 -0.0048994018462950933 -0.01219382131516835
leaf_weight=1.7239673314616064 1.2572151310741899 7.0367565006017667 1.6811946425586928 0.89563924539834339 0.84434335352852929 7.693131210748108
leaf_count=57 69 181 28 8 19 528
internal_value=3.15969e-05 0.00742156 -0.00573674 -0.00800899 0.00997766 -0.0100452
internal_weight=21.1322 9.13831 11.9939 10.3127 7.8811 9.4171
internal_count=890 269 621 593 200 585
is_linear=0
shrinkage=0.02


Tree=537
num_leaves=7
num_cat=0
split_feature=14 40 1 24 37 56
split_gain=2.44399 1.43396 1.13447 0.833226 0.753329 0.574937
threshold=-0.036578905016491491 0.077017442196986835 0.29301637060257751 0.45000000000000007 -0.0087108212087580236 0.28444321417273022
decision_type=2 2 2 10 2 2
left_child=-1 4 -3 -4 5 -2
right_child=1 2 3 -5 -6 -7
leaf_value=0.0098212790519988762 -0.008569067939392442 0.004315518248224068 -0.011743242975035491 0.0023388214972896232 0.0090004879076466607 0.0023765062382142808
leaf_weight=7.0438284501433399 1.8971323976293204 2.3048868263140312 9.2400853615254146 1.6548797460272897 3.4701618598774093 4.822421639226377
leaf_count=274 38 35 387 46 36 74
internal_value=0.000269312 -0.00289203 -0.00702685 -0.00958746 0.00261355 -0.00142349
internal_weight=30.4334 23.3896 13.1999 10.895 10.1897 6.71955
internal_count=890 616 468 433 148 112
is_linear=0
shrinkage=0.02


Tree=538
num_leaves=7
num_cat=0
split_feature=42 40 42 40 42 43
split_gain=3.57325 1.48799 1.4352 0.596993 0.598387 0.430155
threshold=0.038971205791997275 0.078767920674795253 1.0000000180025095e-35 0.13457431936877456 0.085537135997427835 -0.017096219207920742
decision_type=2 2 2 2 2 2
left_child=1 2 -1 -2 -5 -3
right_child=3 5 -4 4 -6 -7
leaf_value=0.0067244018404340493 -0.011121245773412516 0.012306089217684875 -0.010684551577249598 0.0078598419882745137 -0.0072340759692296275 0.00035695127190402273
leaf_weight=2.9260813184082535 8.0887533724307996 7.4967538425698867 2.7025108728557825 1.085750428028404 1.1183972056023774 1.4751880727708329
leaf_count=46 418 246 42 17 92 29
internal_value=-0.000298262 0.00591558 -0.00198521 -0.00885594 0.000333637 0.0105742
internal_weight=24.8934 14.6005 5.62859 10.2929 2.20415 8.97194
internal_count=890 363 88 527 109 275
is_linear=0
shrinkage=0.02


Tree=539
num_leaves=7
num_cat=0
split_feature=38 46 63 62 20 30
split_gain=2.91355 1.2931 0.601602 0.561313 0.457646 0.373069
threshold=0.018116670719786829 0.015173453031883572 0.10424537747813899 0.18502956738250859 0.11350661083040998 0.10728780785981475
decision_type=2 2 2 2 10 2
left_child=3 2 5 -1 -3 -2
right_child=1 4 -4 -5 -6 -7
leaf_value=-0.0093649479689206366 -0.010640114864847425 0.011939101428841336 0.0057877131015019092 0.004695033779374371 -0.0026326190113625 0.0035713837546885487
leaf_weight=8.5065954178571701 1.9586180364713062 7.2070415820926428 1.2408743724226949 0.68043894134461957 0.60316350311040867 0.4400569675490259
leaf_count=561 44 199 25 14 35 12
internal_value=-3.43107e-05 0.00645769 -0.00288121 -0.00796493 0.0106427 -0.00774921
internal_weight=20.6368 11.4498 3.63955 9.18703 7.81021 2.39868
internal_count=890 315 81 575 234 56
is_linear=0
shrinkage=0.02


Tree=540
num_leaves=7
num_cat=0
split_feature=28 44 40 66 16 23
split_gain=2.32668 2.1683 1.31263 1.40022 0.656351 0.654601
threshold=0.085837477833543452 0.010390275113362024 0.076329722014115683 70.200814697813627 -0.054300893147516842 620.45704411764711
decision_type=2 2 2 2 2 8
left_child=2 -2 3 5 -3 -1
right_child=1 4 -4 -5 -6 -7
leaf_value=-0.011078893580449577 -0.0053692417378250982 -0.00090052025298829885 -0.010918597164181077 0.0068157046984329908 0.011544383554245672 0.0050353028990205266
leaf_weight=3.1406495934352265 4.7176400395110276 1.843108576722442 7.0835500042885533 4.8448000475764275 9.9221146311610919 0.68856074661016453
leaf_count=65 146 42 318 50 308 4
internal_value=0.000211592 0.00530974 -0.00511984 0.00025481 0.00967698 -0.00773862
internal_weight=32.2404 16.4829 15.7576 8.67401 11.7652 3.82921
internal_count=933 496 437 119 350 69
is_linear=0
shrinkage=0.02


Tree=541
num_leaves=7
num_cat=0
split_feature=30 18 14 44 56 44
split_gain=3.39814 1.26488 0.768379 0.477943 0.437179 0.414434
threshold=-1.0000000180025095e-35 -0.0091989236114220479 0.095928999440468107 -0.017950300135911711 0.19522868435911919 0.020886564215222898
decision_type=2 2 2 2 2 2
left_child=1 -1 3 -2 -5 -3
right_child=2 5 -4 4 -6 -7
leaf_value=0.010088744007952963 0.0035930736792952602 0.0037317181806871568 0.0046457764695363021 0.0037990017660666921 -0.010765580605284781 -0.0074036947079088823
leaf_weight=9.3523497860878688 0.6450063232332458 1.520839450880888 1.2698917449451972 0.40749246580526133 10.743315550498663 2.1223150761798024
leaf_count=280 11 29 44 6 522 41
internal_value=-0.000513203 0.00648298 -0.00743798 -0.00900028 -0.00996448 -0.00295265
internal_weight=26.0612 12.9955 13.0657 11.7958 11.1508 3.64315
internal_count=933 350 583 539 528 70
is_linear=0
shrinkage=0.02


Tree=542
num_leaves=7
num_cat=0
split_feature=43 28 48 16 28 47
split_gain=2.97927 2.20996 0.847562 0.722306 0.405192 0.21468
threshold=-0.017096219207920742 0.08854319761516552 0.011461969564853904 0.11303473678652785 -0.014787535095022194 -0.0096071308788250494
decision_type=2 2 2 2 2 2
left_child=4 2 -2 -3 -1 -4
right_child=1 3 5 -5 -6 -7
leaf_value=0.0031266229024948973 -0.003315331584862333 -0.0091675421784734798 -0.00024881988283367027 0.0063749701672403559 -0.011263731012813223 0.012574928148550402
leaf_weight=0.45450065098702985 1.2658094912767399 3.6770280813798299 0.51126888021826644 0.81871090130880464 6.1724277632311004 8.722972244024275
leaf_count=7 19 213 6 12 464 212
internal_value=0.000302991 0.00519481 0.00994585 -0.00569216 -0.00999624 0.01191
internal_weight=21.6227 14.9958 10.5001 4.49574 6.62693 9.23424
internal_count=933 462 237 225 471 218
is_linear=0
shrinkage=0.02


Tree=543
num_leaves=7
num_cat=0
split_feature=28 40 22 14 45 30
split_gain=2.27494 1.58211 1.08873 0.828165 0.752223 0.573859
threshold=0.14042933558932616 0.077017442196986835 0.039818837594958453 0.054005108208707749 0.020919821347105783 -1.0000000180025095e-35
decision_type=2 2 8 2 2 2
left_child=1 2 -1 -2 -3 -4
right_child=3 4 5 -5 -6 -7
leaf_value=-0.0033930288073483663 0.011562528770183756 -0.009147607007915521 -0.0027201579125484781 -0.004178800866862795 0.003323472029072674 0.011672676160096953
leaf_weight=4.7904930161312276 6.891751140356063 10.472325681708751 0.99812372773885716 1.0775085296481846 1.7921721162274469 4.0681383917108178
leaf_count=90 303 364 19 31 55 34
internal_value=0.000674762 -0.00266371 0.00313871 0.00920557 -0.00721208 0.00885612
internal_weight=30.0905 22.1213 9.85676 7.96926 12.2645 5.06626
internal_count=896 562 143 334 419 53
is_linear=0
shrinkage=0.02


Tree=544
num_leaves=7
num_cat=0
split_feature=14 49 34 33 2 9
split_gain=2.83788 1.19373 1.04675 0.891363 0.645102 0.402545
threshold=0.017937086023635297 0.0094105551154370672 0.020306854329987915 -0.0072916381506800505 0.50782970393931992 25.076968750000002
decision_type=2 2 2 2 2 2
left_child=2 4 3 -1 -2 -5
right_child=1 -3 -4 5 -6 -7
leaf_value=0.0067982596353937056 0.010961095642453685 -0.005350600390740836 -0.011432406405414135 0.0016848613681541386 -0.0042258870633583925 -0.010293089699161755
leaf_weight=2.8264452968724072 8.8874393678270245 2.0194688858464351 6.5260033258236945 1.3574579656124135 0.73664749972522336 2.1611235798336565
leaf_count=62 284 82 367 22 19 60
internal_value=-0.00014543 0.00671348 -0.0063869 -0.000347524 0.0095103 -0.00632184
internal_weight=24.5146 11.6436 12.871 6.34503 9.62409 3.51858
internal_count=896 385 511 144 303 82
is_linear=0
shrinkage=0.02


Tree=545
num_leaves=7
num_cat=0
split_feature=38 47 62 20 28 6
split_gain=3.07595 1.31723 0.973059 0.7232 0.361533 0.298155
threshold=0.060501921201270674 0.0040407287782345406 0.18890487322424027 0.073376256371049581 -0.0067340594566934605 314.73607652613242
decision_type=2 2 2 10 2 2
left_child=1 2 4 -3 -1 -2
right_child=5 3 -4 -5 -6 -7
leaf_value=0.0026400060212726697 0.011310469468429549 0.0095455799110993438 0.006457199705057909 -0.0047367961604108041 -0.012134666349386659 -0.0025027848560794366
leaf_weight=0.36622438579797645 5.5277773961424819 2.0927991066128011 0.74730339739471752 1.7797447168268261 8.8071188605390489 0.33420943655073632
leaf_count=7 170 32 8 79 595 5
internal_value=-0.000836019 -0.00593253 -0.00953392 0.00335666 -0.0113433 0.010273
internal_weight=19.6552 13.7932 9.92065 3.87254 9.17334 5.86199
internal_count=896 721 610 111 602 175
is_linear=0
shrinkage=0.02


Tree=546
num_leaves=7
num_cat=0
split_feature=14 38 42 63 40 51
split_gain=2.25012 1.975 0.918342 0.958547 0.797152 0.760878
threshold=0.033466373987978242 0.066385877602505625 -0.0052076279289635227 0.10593767792230545 0.062993750448413502 0.20506979732492261
decision_type=2 2 2 2 2 2
left_child=1 2 -1 5 -2 -4
right_child=4 -3 3 -5 -6 -7
leaf_value=-0.0051676744364594039 0.0018249729328557944 -0.0084719023008476124 0.0010326013171702993 -0.0012002399818309181 -0.010688324630696558 0.012375607374515003
leaf_weight=1.6613030675798715 2.5268188035115582 3.1633363664150229 3.147581495344645 3.4020229587331405 5.8613904947414994 11.640329865738748
leaf_count=35 39 122 69 80 296 255
internal_value=0.00121923 0.00443093 0.00679472 0.00809961 -0.007126 0.0101796
internal_weight=31.4028 23.0146 19.8512 18.1899 8.38821 14.7879
internal_count=896 561 439 404 335 324
is_linear=0
shrinkage=0.02


Tree=547
num_leaves=7
num_cat=0
split_feature=15 46 19 42 42 2
split_gain=3.25632 1.7808 1.03758 0.935371 0.536233 0.486614
threshold=0.040300263115127022 0.0013614894018949694 -0.07984338856469296 0.078356685644693919 0.0072682559549917545 0.26617544471573079
decision_type=2 2 2 2 2 2
left_child=1 2 -1 -2 -4 -3
right_child=3 5 4 -5 -6 -7
leaf_value=0.0084911235060796779 0.01204702003043231 -1.9082749154852869e-05 0.0038746030194175217 -0.0060419555594066988 -0.010200442106768515 -0.011787909173311578
leaf_weight=3.7959930691868067 6.5615643970668307 1.6391772972419847 1.0587185742333596 0.72148563712835301 1.8889457825571296 8.9894406856037659
leaf_count=82 225 22 11 15 22 519
internal_value=-0.000696941 -0.00536534 0.00248352 0.00974196 -0.00544418 -0.0101306
internal_weight=24.6553 17.3723 6.74366 7.28305 2.94766 10.6286
internal_count=896 656 115 240 33 541
is_linear=0
shrinkage=0.02


Tree=548
num_leaves=7
num_cat=0
split_feature=43 28 28 37 44 46
split_gain=2.80677 1.53998 1.26705 0.713582 0.428989 0.219621
threshold=0.0011485658930781991 0.08854319761516552 -0.014787535095022194 0.020487878472411878 0.024088665717931005 0.032985502524341868
decision_type=2 2 2 2 2 2
left_child=2 3 -1 -2 -3 -4
right_child=1 4 5 -5 -6 -7
leaf_value=0.0072250611055745678 0.011490103688776969 0.0033160456957511165 -0.012297814493296802 -0.0042500848552975675 -0.0091738501529782732 -0.00067743993185307631
leaf_weight=1.0488972570747126 7.477836072444914 1.0537294629029923 7.3621832579374331 0.81070292741060246 2.147523928899318 0.83637825399637211
leaf_count=11 205 31 480 8 114 47
internal_value=-0.000994895 0.0054165 -0.00871213 0.00965874 -0.00525192 -0.0113149
internal_weight=20.7373 11.4898 9.24746 8.28854 3.20125 8.19856
internal_count=896 358 538 213 145 527
is_linear=0
shrinkage=0.02


Tree=549
num_leaves=7
num_cat=0
split_feature=34 40 45 42 39 32
split_gain=1.82333 1.67993 0.864354 0.98096 0.804074 0.654828
threshold=0.037236458297468723 0.078767920674795253 0.013537589900368985 -0.0052076279289635227 0.035682234816610252 0.076682754814445253
decision_type=2 2 2 2 2 2
left_child=1 2 3 -1 -2 -3
right_child=4 5 -4 -5 -6 -7
leaf_value=-0.0068299247309210279 0.009066916498528442 -0.0096881431498374235 -0.0068648468345772762 0.010040336923189968 -0.006258011354948168 0.0022977045661786029
leaf_weight=0.98130135424435128 10.262538428418335 8.3937323521822673 1.4682090654969213 5.7537184171378666 0.85032814927399236 1.8460536831989873
leaf_count=27 345 324 28 56 38 57
internal_value=0.00142042 -0.00242426 0.00405658 0.00701711 0.00747446 -0.00751513
internal_weight=29.5559 18.443 8.20323 6.73502 11.1129 10.2398
internal_count=875 492 111 83 383 381
is_linear=0
shrinkage=0.02


Tree=550
num_leaves=7
num_cat=0
split_feature=15 42 40 42 42 49
split_gain=3.10076 1.29621 0.817927 1.35204 0.723111 0.688259
threshold=0.038827151055179247 -0.011731221736226738 0.084070205335344816 0.062297527219252115 0.07339097965290084 -0.00021296355595191074
decision_type=2 2 2 2 2 2
left_child=1 -1 -3 5 -2 -4
right_child=4 2 3 -5 -6 -7
leaf_value=0.0064595711098935915 0.011308603780552189 -0.012663125278211555 0.0095958472580822806 -0.010336903011563005 -0.0053838254619781971 -0.0046542708763665968
leaf_weight=2.2218881174922052 6.3332319967448703 6.5458066794089955 2.6127548543736339 3.7264738460071385 0.60552337951958168 1.4091066420078275
leaf_count=46 220 224 44 285 17 39
internal_value=-0.00105742 -0.00571726 -0.00790864 -0.00290367 0.00935723 0.00467054
internal_weight=23.4548 16.516 14.2941 7.74834 6.93876 4.02186
internal_count=875 638 592 368 237 83
is_linear=0
shrinkage=0.02


Tree=551
num_leaves=7
num_cat=0
split_feature=47 28 28 42 62 36
split_gain=3.10786 1.06269 1.03947 0.410684 0.292062 0.262754
threshold=1.0000000180025095e-35 0.11352590537522925 -0.011830540826103171 0.11662049065753909 0.2233614961857108 0.055333814509359529
decision_type=2 2 2 2 2 2
left_child=2 5 -1 4 -4 -2
right_child=1 -3 3 -5 -6 -7
leaf_value=0.0064896306865032827 0.011357731294058348 -0.0068151257969768994 -0.011712331194355791 0.0008422361252696743 0.0027008642624141211 -0.0014412945096897113
leaf_weight=1.146524507552386 6.8000396238639933 1.001897035166621 8.3472868911921942 1.1634488459676511 0.24191722087562162 0.47010601870715607
leaf_count=21 190 87 495 71 2 9
internal_value=-0.000869718 0.00785466 -0.00759481 -0.00970013 -0.0110671 0.0104559
internal_weight=19.1712 8.27204 10.8992 9.75265 8.5892 7.27015
internal_count=875 286 589 568 497 199
is_linear=0
shrinkage=0.02


Tree=552
num_leaves=7
num_cat=0
split_feature=28 44 66 19 1 16
split_gain=2.64879 1.50649 1.30331 0.926634 0.805776 0.542802
threshold=0.085837477833543452 0.010390275113362024 74.505946784117725 -0.076276348741378661 0.72177419354838723 -0.054300893147516842
decision_type=2 2 2 2 2 2
left_child=2 -2 4 -4 -1 -3
right_child=1 5 3 -5 -6 -7
leaf_value=-0.011567993670940304 -0.0033143417545071748 -0.00023959555168817079 -0.0079024639417127045 0.0060287698564439008 0.0070736246669956329 0.011676024932682421
leaf_weight=7.7766941040754336 4.1918089194223276 1.7450227234512556 1.9096045745536683 4.6406829254701725 0.37471479177474964 9.4437035564333183
leaf_count=276 138 39 79 66 1 293
internal_value=0.00074913 0.00635363 -0.00514538 0.00145866 -0.0100317 0.00995044
internal_weight=30.0822 15.3805 14.7017 6.55029 8.15141 11.1887
internal_count=892 470 422 145 277 332
is_linear=0
shrinkage=0.02


Tree=553
num_leaves=7
num_cat=0
split_feature=15 2 18 49 45 2
split_gain=2.89675 1.43504 1.33492 0.809715 0.404361 0.394568
threshold=0.039504830860242299 0.34815546772068517 -0.0091989236114220479 0.0094105551154370672 -0.060616457620987406 0.18469785575048733
decision_type=2 2 2 2 2 2
left_child=1 2 -1 -2 -3 -4
right_child=3 4 5 -5 -6 -7
leaf_value=0.009240223376887572 0.011666564761388686 0.0030189373555129183 0.0033488386022227103 -0.00348154618346962 -0.010902832252995962 -0.0092485550802342085
leaf_weight=3.3709531147032976 6.0338477548211804 0.49497856665402906 0.77533452957869231 1.2782556107267735 9.2565607479773409 2.7078098286874592
leaf_count=75 216 13 8 33 491 56
internal_value=-0.000848444 -0.00541135 0.00153321 0.0089182 -0.00998111 -0.00632292
internal_weight=23.9177 16.6056 6.8541 7.3121 9.75154 3.48314
internal_count=892 643 139 249 504 64
is_linear=0
shrinkage=0.02


Tree=554
num_leaves=7
num_cat=0
split_feature=46 28 49 39 48 28
split_gain=2.63537 2.51973 0.605765 0.482281 0.466907 0.301273
threshold=0.009364992800828047 0.07978439301188657 0.016411025781356621 0.049675983656316459 0.011461969564853904 0.12361181016951613
decision_type=2 2 2 2 2 2
left_child=3 4 -3 -1 -2 -4
right_child=1 2 5 -5 -6 -7
leaf_value=-0.011420850284048855 -0.0019179570185757051 -0.010126706431754008 0.0073182033080691246 0.0040832227886006874 0.011919173980144825 -0.0047172055863435791
leaf_weight=5.8343541915528503 0.8070769663900127 3.268742599990218 1.0276593202725051 0.40728380903601635 8.16873338120058 0.53984816512092937
leaf_count=376 18 211 8 7 213 59
internal_value=-0.000101802 0.00473699 -0.00610893 -0.00998502 0.0106074 0.00295035
internal_weight=20.0537 13.8121 4.83625 6.24164 8.97581 1.56751
internal_count=892 509 278 383 231 67
is_linear=0
shrinkage=0.02


Tree=555
num_leaves=7
num_cat=0
split_feature=28 40 42 46 15 23
split_gain=2.26713 1.55072 1.02057 1.57633 1.00785 0.822296
threshold=0.14042933558932616 0.077017442196986835 -1.0000000180025095e-35 0.0083438431466148748 0.043369965740664443 162.69580601851854
decision_type=2 2 2 2 2 8
left_child=1 2 -1 -4 -2 -5
right_child=4 -3 3 5 -6 -7
leaf_value=-0.0089601587858949231 0.011276227652100885 -0.0083331832738047559 0.012767515840619432 -0.0095509227487798627 -0.0052377662562311531 0.0047253309750310054
leaf_weight=1.7299700630828745 6.7183099407702676 11.108710686676202 4.0250772275030648 2.3346118265762925 1.2037932612001894 2.2647093692794442
leaf_count=40 298 415 21 48 34 38
internal_value=-7.03843e-05 -0.00345585 0.00204987 0.00495989 0.00846106 -0.00293282
internal_weight=29.3852 21.4631 10.3544 8.6244 7.9221 4.59932
internal_count=894 562 147 107 332 86
is_linear=0
shrinkage=0.02


Tree=556
num_leaves=7
num_cat=0
split_feature=44 15 18 27 48 48
split_gain=3.00773 1.2448 1.03958 0.587662 0.416503 0.343911
threshold=0.017031028812939396 0.062633350414234512 -0.0056882673272968523 -0.16130372238092031 0.017836315728159791 -0.0015372791481885375
decision_type=2 2 2 2 2 2
left_child=2 5 3 -1 -4 -2
right_child=1 -3 4 -5 -6 -7
leaf_value=-0.0036485516609946179 0.0019111481389942617 0.0062435358889670481 0.0041660029325021521 0.011770785498861614 -0.006642483088772572 -0.010677380882027734
leaf_weight=0.65744809852912922 0.64710237551480432 1.6611734265461553 1.7934918291866808 7.6351180002093306 2.0036107306368649 9.0594359054230136
leaf_count=29 15 39 31 248 36 496
internal_value=-1.4897e-05 -0.00708663 0.00666794 0.0102872 -0.00173307 -0.00973803
internal_weight=23.4574 11.3677 12.0897 8.29257 3.7971 9.70654
internal_count=894 550 344 277 67 511
is_linear=0
shrinkage=0.02


Tree=557
num_leaves=7
num_cat=0
split_feature=46 28 48 38 21 36
split_gain=2.79457 2.12252 0.635548 0.626189 0.487226 0.284534
threshold=0.0094282828965074148 0.095936624139737747 0.011461969564853904 0.069631348789745376 -0.014127596694181446 0.051863068536803413
decision_type=2 2 2 2 10 2
left_child=3 2 -2 -1 -3 -4
right_child=1 4 5 -5 -6 -7
leaf_value=-0.011818582157097768 -0.003003934317144164 -0.010054781625134524 0.01217907267570871 0.0042181606884618425 0.0047818587846882206 -0.0013449069582429588
leaf_weight=5.7148972153663662 0.98452902166172762 2.7406202745623891 8.3071916280314291 0.62435900792479504 0.50629965029656787 0.4659907631576069
leaf_count=385 22 248 213 10 6 10
internal_value=0.000123034 0.00535621 0.00979948 -0.00987958 -0.00716006 0.0113966
internal_weight=19.3439 13.0046 9.75771 6.33926 3.24692 8.77318
internal_count=894 499 245 395 254 223
is_linear=0
shrinkage=0.02


Tree=558
num_leaves=7
num_cat=0
split_feature=14 28 63 68 30 36
split_gain=2.09183 1.36327 1.10475 0.873965 0.557957 0.481001
threshold=0.038044359955277836 0.13499359144159967 0.085849075705116532 0.29606843538141253 0.044617952920598683 0.014737441530576831
decision_type=2 2 2 2 2 2
left_child=1 2 5 -4 -2 -1
right_child=4 -3 3 -5 -6 -7
leaf_value=-0.00093010743634228804 -0.010253508564143211 0.01081205491677778 -0.0083839460020191919 0.0071965831795374269 0.0010531048061210495 0.008883515229387344
leaf_weight=2.9327688897028619 5.9636231577023846 6.509411987848579 5.5369610972702503 1.0203728396445511 2.0980462357401848 4.2837439589202404
leaf_count=45 277 316 145 9 63 49
internal_value=0.000547548 0.00395648 0.000204048 -0.00532804 -0.00751948 0.00526748
internal_weight=28.3449 20.2833 13.7738 6.55733 8.06167 7.21651
internal_count=904 564 248 154 340 94
is_linear=0
shrinkage=0.02


Tree=559
num_leaves=7
num_cat=0
split_feature=48 15 44 44 14 43
split_gain=3.21571 1.77436 0.639798 0.615053 0.61473 0.423013
threshold=0.011461969564853904 0.040300263115127022 0.047143805763468986 -0.017119415235092535 -0.028077456079759793 -0.0028562965119561311
decision_type=2 2 2 2 2 2
left_child=4 3 -3 -2 -1 -6
right_child=1 2 -4 -5 5 -7
leaf_value=-0.0050278680619075299 0.0033710057077979815 0.0095999153002294668 -0.0059853528059263077 -0.011007917594216597 0.011896951361757221 -0.0013948774183190401
leaf_weight=0.57846293598413456 0.87710156198590894 2.5768953310325737 0.71398673858493555 10.344386037439106 6.701711012981832 0.86968211550265717
leaf_count=26 21 90 13 535 201 18
internal_value=-0.000565825 -0.00609006 0.00561168 -0.00970016 0.00886163 0.0103856
internal_weight=22.6622 14.5124 3.29088 11.2215 8.14986 7.57139
internal_count=904 659 103 556 245 219
is_linear=0
shrinkage=0.02


Tree=560
num_leaves=7
num_cat=0
split_feature=47 38 20 20 2 61
split_gain=2.85331 1.56958 0.672985 0.597813 0.341221 0.225484
threshold=0.0040407287782345406 0.068259426444936031 0.079127559384970833 0.0018286059311186933 0.81216931216931221 0.094945255474452567
decision_type=2 2 10 8 2 2
left_child=1 3 -2 -1 5 -5
right_child=2 -3 -4 4 -6 -7
leaf_value=0.0038076271096110386 0.011933212120024406 0.0070940165821068834 -0.002754501212398145 0.0019080819264889277 0.001661457517707974 -0.012197972879586499
leaf_weight=0.78191667236387907 5.6361075080931178 2.2044708244502536 1.1321064778603611 0.21421614987775406 0.58583766268566329 8.0560404048301262
leaf_count=13 164 45 76 5 31 570
internal_value=-0.000136613 -0.00591757 0.0094381 -0.00928076 -0.0107054 -0.0116662
internal_weight=18.6107 11.8425 6.76821 9.63801 8.85609 8.27026
internal_count=904 664 240 619 606 575
is_linear=0
shrinkage=0.02


Tree=561
num_leaves=7
num_cat=0
split_feature=34 9 38 40 51 1
split_gain=1.87545 1.27721 1.2215 1.05195 0.72598 0.686698
threshold=0.034807593071332917 47.277599965659341 0.062757111539558194 0.12478062386055788 0.28677491867392818 0.29212154294032028
decision_type=2 2 2 2 2 2
left_child=1 5 -2 4 -3 -1
right_child=2 3 -4 -5 -6 -7
leaf_value=0.00083477279119432925 0.0092230498432313811 0.0091837275400360255 -0.006517364179176346 -0.0088767321715145543 -0.0054371643094000208 -0.010445732134677001
leaf_weight=2.6819643974304253 9.6513740755617601 5.0636600591242305 1.6669554114341725 1.5109270345419643 1.0300199743360279 7.7240587612614036
leaf_count=35 355 70 52 48 36 301
internal_value=0.000499908 -0.0034557 0.00656393 0.00259868 0.00629426 -0.00772009
internal_weight=29.329 18.0106 11.3183 7.60461 6.09368 10.406
internal_count=897 490 407 154 106 336
is_linear=0
shrinkage=0.02


Tree=562
num_leaves=7
num_cat=0
split_feature=46 14 43 17 69 48
split_gain=2.87991 1.35459 0.948268 0.673642 0.516567 0.436002
threshold=0.0058596666357361906 0.084790536565506766 -0.0058541431732031931 0.10551619433198382 -0.0099168232295167007 0.0087315428259305567
decision_type=2 2 2 2 2 2
left_child=2 5 3 4 -1 -2
right_child=1 -3 -4 -5 -6 -7
leaf_value=0.0059520052600122728 0.00082120493244132442 0.0065091449682263868 -0.0052720901847774252 0.011399483275575746 -0.0076983809949865102 -0.011272863313871199
leaf_weight=1.4515044223517182 1.2190643483772863 1.7913878210820247 1.6084033180959547 7.8225354142487049 1.0259777260944227 8.2699660556390864
leaf_count=23 29 65 43 243 10 484
internal_value=5.40754e-05 -0.00688146 0.006648 0.00881122 -0.000289112 -0.00978897
internal_weight=23.1888 11.2804 11.9084 10.3 2.47748 9.48903
internal_count=897 578 319 276 33 513
is_linear=0
shrinkage=0.02


Tree=563
num_leaves=7
num_cat=0
split_feature=47 29 29 39 31 61
split_gain=2.32403 0.820058 0.720525 0.64249 0.603937 0.567944
threshold=0.0040407287782345406 0.04277074171384903 -0.075577016534294619 0.039076911401036848 -0.029887033207629428 0.1122546524475785
decision_type=2 2 2 2 2 2
left_child=2 4 -1 5 -2 -4
right_child=1 -3 3 -5 -6 -7
leaf_value=0.0062943366424996318 -0.0039002778049529521 -0.0061694625180679311 0.0026749045619632221 0.0056885948710105059 0.011931999623975871 -0.010292154952209505
leaf_weight=0.96973897144198495 0.63899525254964817 0.81019305018708099 1.1389567097648967 0.6946100667119034 5.6690900381654492 9.322860640473662
leaf_count=24 39 37 15 16 172 594
internal_value=-0.000813542 0.00763895 -0.00597926 -0.00747613 0.010014 -0.00877025
internal_weight=19.2444 7.11828 12.1262 11.1564 6.30809 10.4618
internal_count=897 248 649 625 211 609
is_linear=0
shrinkage=0.02


Tree=564
num_leaves=7
num_cat=0
split_feature=14 28 63 51 14 40
split_gain=2.01396 1.43194 1.14478 0.698591 0.590583 0.435719
threshold=0.038044359955277836 0.13499359144159967 0.085849075705116532 0.20827977720651245 0.01389815008839178 0.037531013108545043
decision_type=2 2 2 2 2 2
left_child=1 2 3 -1 5 -4
right_child=-2 -3 4 -5 -6 -7
leaf_value=-0.0045138977736627409 -0.0082871094259277453 0.011047643265765033 0.0013503406829079366 0.0081001169346607768 0.0039461504035872078 -0.010931140366101696
leaf_weight=1.6549308877438358 6.9790130397304884 5.8192124469205728 1.2291043438017366 5.6748198438435793 1.4077341463416813 4.1422006953507662
leaf_count=27 311 298 18 69 26 113
internal_value=0.000272233 0.00352256 -0.000106961 0.0050521 -0.0056175 -0.00834995
internal_weight=26.907 19.928 14.1088 7.32975 6.77904 5.37131
internal_count=862 551 253 96 157 131
is_linear=0
shrinkage=0.02


Tree=565
num_leaves=7
num_cat=0
split_feature=30 48 14 40 44 41
split_gain=2.69371 1.0853 1.01271 0.791743 0.785412 0.256327
threshold=-1.0000000180025095e-35 0.018504770960174104 0.0200722964809328 0.069622154894040014 0.0080507743092378004 0.030193433097217313
decision_type=2 2 2 2 2 2
left_child=2 3 4 -2 -1 -6
right_child=1 -3 -4 -5 5 -7
leaf_value=0.0079830712805113481 -0.0062264093812182952 -0.011443124948996394 0.01135023745800562 0.0074083596402322698 -0.0095317722644444811 0.0018301586364307867
leaf_weight=1.4169391430914418 2.4731505238451046 6.7059042607434094 6.0284170508384705 2.3487146943807602 1.8846305906772616 0.70845348108559836
leaf_count=27 50 440 226 57 33 29
internal_value=-0.00045628 -0.00678464 0.00676725 0.000546771 -0.00101283 -0.00678217
internal_weight=21.5662 11.5278 10.0384 4.82187 4.01002 2.59308
internal_count=862 547 315 107 89 62
is_linear=0
shrinkage=0.02


Tree=566
num_leaves=7
num_cat=0
split_feature=39 47 42 4 26 35
split_gain=2.48481 1.08104 0.851624 0.675065 0.379525 0.19834
threshold=-0.0079331356917668166 0.0040407287782345406 0.042158900029689812 0.028436657681940706 0.10076798467641447 -0.0061590052680145632
decision_type=2 2 2 2 2 2
left_child=1 4 5 -3 -1 -2
right_child=2 3 -4 -5 -6 -7
leaf_value=-0.01116621703721284 0.0027344887985267909 0.0088965398699379968 0.010846219845999448 -0.0068959182379293386 0.0030687194525369217 -0.0070999757091923252
leaf_weight=6.6907702768221515 0.71226949943229556 1.8861502315849068 6.3990386724472046 0.83412820333614934 0.41330667631700624 0.93289208970963755
leaf_count=537 18 22 204 59 11 11
internal_value=0.000143057 -0.00632934 0.00787359 0.00350209 -0.0100616 -0.00341805
internal_weight=17.8686 9.82436 8.0442 2.72028 7.10408 1.64516
internal_count=862 629 233 81 548 29
is_linear=0
shrinkage=0.02


Tree=567
num_leaves=7
num_cat=0
split_feature=42 28 41 42 47 43
split_gain=1.79923 1.3934 1.15576 0.98444 0.881556 0.768735
threshold=0.002138375346397423 -0.0079201708901896258 0.051277260378759855 0.066236817852183674 0.0040407287782345406 0.067551580354704016
decision_type=2 2 2 2 2 2
left_child=-1 -2 4 -4 -3 -5
right_child=1 2 3 5 -6 -7
leaf_value=-0.0085360799827043192 -0.0092781322084713527 0.010702749184268874 -0.0087876276975320938 0.0097418248093956404 -0.00040356952881880423 -0.0059291934707469199
leaf_weight=5.3252931879833367 2.1478280555456939 10.948841406032441 2.9916073661297551 2.5807816348969941 3.6646095039322963 1.1117132091894744
leaf_count=237 122 216 81 120 100 32
internal_value=0.00101071 0.00343962 0.00508077 -0.00165461 0.00807015 0.00476561
internal_weight=28.7707 23.4454 21.2976 6.6841 14.6135 3.69249
internal_count=908 671 549 233 316 152
is_linear=0
shrinkage=0.02


Tree=568
num_leaves=7
num_cat=0
split_feature=42 41 42 15 43 7
split_gain=2.92707 1.81705 1.43513 0.731995 0.547429 0.426709
threshold=0.00072863773870476833 0.058930575209988019 0.084551863895899915 0.089637792725260304 -0.085323637636610508 507.58927666666676
decision_type=2 2 2 2 2 2
left_child=5 3 -3 4 -2 -1
right_child=1 2 -4 -5 -6 -7
leaf_value=0.011093957023358691 0.0040635644707247374 0.010356660149016095 -0.0084237806981995525 0.0054485700279526105 -0.011651689374375836 -0.0037245050267564169
leaf_weight=6.3592428620904711 0.4851163537241544 3.6621616897173217 1.604026051238179 0.65269397757947523 9.8556418130174244 0.39102314040064801
leaf_count=230 9 86 162 18 399 4
internal_value=-0.000359683 -0.00493047 0.0042049 -0.00929231 -0.0106211 0.00986576
internal_weight=23.0099 16.2596 5.26619 10.9935 10.3408 6.75027
internal_count=908 674 248 426 408 234
is_linear=0
shrinkage=0.02


Tree=569
num_leaves=7
num_cat=0
split_feature=43 39 37 29 7 11
split_gain=2.38604 1.17071 0.661992 0.629351 0.451116 0.330383
threshold=-0.0054815010343320916 -0.010379005360254474 0.023441913679200215 -0.053333294917973208 193.18550176366844 -1.1222835459997775
decision_type=2 2 2 2 2 2
left_child=3 4 -3 -1 5 -2
right_child=1 2 -4 -5 -6 -7
leaf_value=0.0035633423303976473 -0.0047245487278636733 0.011112434029463117 -0.0053764326379124715 -0.011219900786803133 -0.0080850549801547728 0.0068195987352604685
leaf_weight=0.87667196197435338 0.75031492253765497 6.2750466009601933 0.51994650997221459 6.5216005970723945 2.1435941895470023 1.5316323707811532
leaf_count=29 10 209 4 491 141 24
internal_value=-0.00109353 0.00460297 0.00932285 -0.00925243 -0.00302659 0.00274083
internal_weight=18.6188 11.2205 6.79499 7.39827 4.42554 2.28195
internal_count=908 388 213 520 175 34
is_linear=0
shrinkage=0.02


Tree=570
num_leaves=7
num_cat=0
split_feature=14 28 41 29 66 1
split_gain=1.93691 1.60397 0.916377 0.779672 0.789705 0.548654
threshold=0.03606814114871678 0.12998602156198122 0.050751619962317453 -0.015398906478555156 95.693214582730363 0.30455486542443072
decision_type=2 2 2 2 2 2
left_child=1 2 3 4 -1 -2
right_child=5 -3 -4 -5 -6 -7
leaf_value=-0.0086728816961082564 0.0022545311106088955 0.010830917784768707 -0.0086797802578279255 0.0067358021350042135 0.0049995830683892606 -0.010643318953273096
leaf_weight=3.0344932582229367 1.2461155727505673 6.0448268670588723 3.2906338423490515 5.6395243126899066 2.0533850975334644 5.9639163827523589
leaf_count=86 20 309 91 50 28 313
internal_value=-0.000176762 0.00304126 -0.000815304 0.00213155 -0.00324005 -0.00841108
internal_weight=27.2729 20.0629 14.018 10.7274 5.08788 7.21003
internal_count=897 564 255 164 114 333
is_linear=0
shrinkage=0.02


Tree=571
num_leaves=7
num_cat=0
split_feature=42 48 18 24 14 53
split_gain=2.94064 2.03835 1.47095 0.321701 0.166217 0.168228
threshold=0.00072863773870476833 0.01916660439404182 -0.0091989236114220479 0.45000000000000007 0.10249875106230831 0.10578917969996809
decision_type=2 2 2 10 2 2
left_child=-1 2 3 -2 5 -3
right_child=1 4 -4 -5 -6 -7
leaf_value=0.010837482666644013 0.010615179575746134 -0.00096460352391761835 -0.0076673664434500676 -0.0017870950689482955 0.00092074040638901085 -0.012240283730191322
leaf_weight=6.2541576502844718 4.1700139422900975 0.75964715005829742 2.4851660430431357 0.68712246790528286 0.31242200685665 6.9839441408403218
leaf_count=221 92 28 57 32 14 453
internal_value=0.000244814 -0.00445602 0.00301398 0.00885511 -0.0108452 -0.011371
internal_weight=21.6525 15.3983 7.3423 4.85714 8.05601 7.74359
internal_count=897 676 181 124 495 481
is_linear=0
shrinkage=0.02


Tree=572
num_leaves=7
num_cat=0
split_feature=43 28 46 62 28 48
split_gain=2.2782 2.11492 0.858389 0.385963 0.250475 0.225821
threshold=-0.017096219207920742 0.08854319761516552 0.0079147402953547753 0.14142136248948697 -0.014787535095022194 0.006779358576421677
decision_type=2 2 2 2 2 2
left_child=4 2 -2 -3 -1 -4
right_child=1 3 5 -5 -6 -7
leaf_value=0.0019978050823850181 -0.0035025007418656075 -0.01033597570867177 -0.00072662723369649627 0.0022626719959685875 -0.010852875357770719 0.012542260537612999
leaf_weight=0.36146989557892073 1.2913147890940289 2.5564127182587977 0.43384469114243973 0.91266870126128186 5.0731306951493051 7.3032376393675804
leaf_count=7 17 179 6 44 432 212
internal_value=-2.8949e-05 0.00464108 0.00948049 -0.00725681 -0.0098205 0.0118002
internal_weight=17.9321 12.4975 9.0284 3.46908 5.4346 7.73708
internal_count=897 458 235 223 439 218
is_linear=0
shrinkage=0.02


Tree=573
num_leaves=7
num_cat=0
split_feature=24 41 10 62 65 64
split_gain=1.81778 0.910558 1.02602 0.737909 0.472492 0.433736
threshold=0.36666666666666675 0.050751619962317453 1.5577495197913334 0.077485187623436494 0.53468323977546117 0.61930641821946175
decision_type=10 2 2 2 2 2
left_child=1 2 3 -1 -3 -5
right_child=-2 4 -4 5 -6 -7
leaf_value=0.0088070529497640635 0.0081782345448568067 -0.010375594329258884 0.0086701175784926563 -0.0066172605199672383 0.0035749688868169129 0.0035756239545074804
leaf_weight=0.89095714408904925 6.5812907628715029 6.0019232714548698 2.9684106614440671 8.2245991155505163 0.62639475520700205 1.3712317179888476
leaf_count=7 300 275 47 220 10 25
internal_value=-0.000229021 -0.00324127 -0.000103948 -0.00312613 -0.00876141 -0.00496072
internal_weight=26.6648 20.0835 13.4552 10.4868 6.62832 9.59583
internal_count=884 584 299 252 285 245
is_linear=0
shrinkage=0.02


Tree=574
num_leaves=7
num_cat=0
split_feature=48 17 42 42 19 42
split_gain=2.8978 1.55073 0.816445 0.42814 0.274857 0.25115
threshold=0.029671120678360415 0.10432213930348259 0.066236817852183674 0.0066735948092799752 -0.064195114051402866 -0.018459448152491256
decision_type=2 2 2 2 2 2
left_child=1 3 4 -1 -3 -2
right_child=5 2 -4 -5 -6 -7
leaf_value=0.0032103678192500185 0.0025037650025204489 0.011517568044499398 -0.0052177396132938262 -0.007756893742015083 0.00064757283351818808 -0.011178903236024969
leaf_weight=1.4845303185284162 0.22701605223119248 8.5187828899361175 0.91914961719885546 3.1509798746556044 1.1681817495264084 6.111639874521642
leaf_count=19 11 283 58 95 26 392
internal_value=1.65204e-05 0.00472867 0.00870435 -0.00429818 0.01039 -0.0104145
internal_weight=21.5803 15.2416 10.6061 4.63551 9.68696 6.33866
internal_count=884 481 367 114 309 403
is_linear=0
shrinkage=0.02


Tree=575
num_leaves=7
num_cat=0
split_feature=43 24 63 70 52 39
split_gain=2.90519 1.07989 0.581449 0.439576 0.343159 0.191523
threshold=-0.010313951986804777 0.36666666666666675 0.071887047822163902 0.012250000000000002 0.2902923764649028 0.049675983656316459
decision_type=2 10 2 2 2 2
left_child=4 2 -2 -4 5 -1
right_child=1 -3 3 -5 -6 -7
leaf_value=-0.011663862176523185 -0.0014419982830020538 -0.0069100414006101106 -0.0029560437984153215 0.011814231810387647 0.0019135196883901745 0.0019415753610288334
leaf_weight=5.497188858222219 1.6555254869163025 1.3607093421742309 0.49993762187659552 7.544799707364291 0.62678226549178351 0.16283284872770298
leaf_count=467 40 147 6 202 19 3
internal_value=0.000324987 0.00633237 0.00866213 0.010671 -0.00966291 -0.0110397
internal_weight=17.3478 11.061 9.70026 8.04474 6.2868 5.66002
internal_count=884 395 248 208 489 470
is_linear=0
shrinkage=0.02


Tree=576
num_leaves=7
num_cat=0
split_feature=6 71 16 34 51 37
split_gain=1.41874 1.14134 0.793327 0.601706 0.532157 0.65433
threshold=143.76630743637946 0.17616666666666669 0.034710238946102319 0.08771664099051607 0.25284390683309749 -0.014499037520731959
decision_type=2 2 2 2 2 2
left_child=1 -1 3 -3 5 -4
right_child=-2 2 4 -5 -6 -7
leaf_value=0.0069930016720985604 0.0066156286817759041 -0.0093557630672928896 -0.0045925043979853745 0.0034315331231860192 -0.0059489893359906034 0.010055169092528699
leaf_weight=3.1100646527484122 8.8445595819503051 9.4830114617943746 1.1707760365679858 1.1892586862668384 1.6696610562503336 2.4225084139034148
leaf_count=40 355 359 36 29 58 32
internal_value=0.000410816 -0.00265696 -0.00484205 -0.00775891 0.00136722 0.00532181
internal_weight=27.8898 19.0453 15.9352 10.6723 5.26295 3.59328
internal_count=909 554 514 388 126 68
is_linear=0
shrinkage=0.02


Tree=577
num_leaves=7
num_cat=0
split_feature=30 18 2 34 42 16
split_gain=2.68042 0.950299 0.913151 0.817697 0.52464 0.394434
threshold=-0.0044411263757870986 -0.032913262261137215 0.43437243642329787 0.022451786745528893 0.10384007492005683 -0.047228743607775646
decision_type=2 2 2 2 2 2
left_child=3 2 -2 4 -1 -3
right_child=1 5 -4 -5 -6 -7
leaf_value=0.011162523538080657 0.0088773067354382482 -0.00068664230962758269 -0.0074330898374001773 -0.0018999699477037066 -0.004510676406543567 -0.012511466245535624
leaf_weight=6.5397293511778134 1.8723832168616357 1.4705402613617478 1.6490107788704333 3.0379371140152216 0.42538394778966893 6.4888472352176887
leaf_count=221 53 65 151 96 3 320
internal_value=-0.000868319 -0.00717777 0.00128471 0.00636742 0.00975918 -0.0106472
internal_weight=21.4838 11.4808 3.52139 10.0031 6.96511 7.95939
internal_count=909 589 204 320 224 385
is_linear=0
shrinkage=0.02


Tree=578
num_leaves=7
num_cat=0
split_feature=39 61 42 69 60 23
split_gain=1.70676 1.26686 0.782784 0.494796 0.38966 0.252082
threshold=-0.0079331356917668166 0.1122546524475785 0.076203029789613019 -0.13912941932781209 0.19529901114424739 419.2826086956523
decision_type=2 2 2 2 2 8
left_child=1 -1 3 -2 -3 -5
right_child=2 4 -4 5 -6 -7
leaf_value=0.0071078466021096756 -0.007567275699789505 0.0023876635333706874 0.011064742177054792 0.007323777352245613 -0.009779797679448898 -0.0030810581944400207
leaf_weight=1.9086768487468386 1.3080183584243061 0.81152876326814105 4.8715894906781614 1.8189819194376453 7.2007778119295835 0.71722383052110661
leaf_count=24 20 34 171 43 600 17
internal_value=0.000389816 -0.00505469 0.00646955 -0.000435711 -0.00841922 0.00434215
internal_weight=18.6368 9.92098 8.71581 3.84422 8.01231 2.53621
internal_count=909 658 251 80 634 60
is_linear=0
shrinkage=0.02


Tree=579
num_leaves=7
num_cat=0
split_feature=14 40 66 1 20 43
split_gain=1.811 1.08734 0.77266 0.688081 0.663243 0.570952
threshold=-0.025957329147263699 0.077017442196986835 70.200814697813627 0.33436853002070399 0.080241768287344153 0.074125430486555247
decision_type=2 2 2 2 8 2
left_child=5 2 4 -3 -2 -1
right_child=1 3 -4 -5 -6 -7
leaf_value=0.0097908163341953198 -0.0093589603980418178 0.00076502765439984588 0.0069198067923555064 -0.01005364560477909 0.00478109376225679 -0.0047292042732141075
leaf_weight=7.2953898059204247 2.2415280854329485 3.1730430037714523 5.0614690436050296 6.8109586448408663 1.4408262092620137 0.64287645276635874
leaf_count=302 56 80 62 350 17 18
internal_value=0.000773138 -0.00263888 0.00238887 -0.00685871 -0.00398678 0.00821738
internal_weight=26.6661 18.7278 8.74382 9.984 3.68235 7.93827
internal_count=885 565 135 430 73 320
is_linear=0
shrinkage=0.02


Tree=580
num_leaves=7
num_cat=0
split_feature=15 44 36 42 2 18
split_gain=2.54071 1.39638 0.979786 0.741775 0.37123 0.41775
threshold=0.040300263115127022 0.0069253703380776225 0.021563372419746197 0.078356685644693919 0.27361853832442073 -0.0091989236114220479
decision_type=2 2 2 2 2 2
left_child=1 2 -1 -2 5 -3
right_child=3 4 -4 -5 -6 -7
leaf_value=0.0082891992680524315 0.011266854350999734 0.0062066890170094889 -0.0068536393191269999 -0.0055236696730850653 -0.011415054532126396 -0.0070945083441432116
leaf_weight=3.3989633498713401 5.7311664074659339 0.84289784450083971 1.8682044548913834 0.62690779473632563 7.2628090265206993 0.95035947300493517
leaf_count=70 231 13 28 14 513 16
internal_value=-0.000602369 -0.00521513 0.00268163 0.00908561 -0.00961797 -0.000858692
internal_weight=20.6813 14.3232 5.26717 6.35807 9.05607 1.79326
internal_count=885 640 98 245 542 29
is_linear=0
shrinkage=0.02


Tree=581
num_leaves=7
num_cat=0
split_feature=43 20 48 29 21 22
split_gain=2.29999 0.825774 0.985434 0.554535 0.371373 0.225873
threshold=-0.01284433322148811 0.14386751222922736 0.023599246360920423 -0.018937143111950754 0.012345013278570497 0.061004018438525133
decision_type=2 10 2 2 8 8
left_child=-1 2 3 4 -2 -4
right_child=1 -3 5 -5 -6 -7
leaf_value=-0.010254915948472949 0.0074270933939669607 -0.0073793639818008133 0.011535911641069608 -0.0076092164090031415 -0.0057405056141936655 -0.001308229094802137
leaf_weight=5.3803471571300205 2.0998950134962797 1.2189271827228356 6.0455637527629742 1.7892464422620813 0.35664898157119784 0.38640745123848219
leaf_count=460 40 163 177 30 1 14
internal_value=-0.000455739 0.00442752 0.00629184 -0.00114161 0.00440769 0.0106921
internal_weight=17.277 11.8967 10.6778 4.24579 2.45654 6.43197
internal_count=885 425 262 71 41 191
is_linear=0
shrinkage=0.02


Tree=582
num_leaves=7
num_cat=0
split_feature=14 38 57 26 25 31
split_gain=1.7625 0.903275 0.743466 0.666861 0.651134 0.516403
threshold=-0.025957329147263699 0.060501921201270674 0.21286446020488578 0.025476305901970812 0.25038237291951981 -0.047431501370220237
decision_type=2 2 2 2 2 2
left_child=1 -1 3 4 -2 -4
right_child=2 -3 5 -5 -6 -7
leaf_value=0.010016059047533967 -0.0049556539797618948 -0.0059055546898825854 0.00086860532414489468 -0.0064884732045149395 0.0098908574383568659 -0.0082252124237930345
leaf_weight=6.3992011183872846 0.95176506228745239 1.0644824244081972 3.025004560127857 1.5654629888013003 3.1130286855623126 9.7069638483226246
leaf_count=283 38 33 79 49 47 355
internal_value=-0.000308986 0.00731584 -0.00362602 0.00216631 0.00612248 -0.00615869
internal_weight=25.8259 7.46368 18.3622 5.63026 4.06479 12.732
internal_count=884 316 568 134 85 434
is_linear=0
shrinkage=0.02


Tree=583
num_leaves=7
num_cat=0
split_feature=48 15 44 44 14 64
split_gain=2.46261 1.47845 0.669687 0.548336 0.397984 0.37737
threshold=0.011461969564853904 0.039504830860242299 -0.017950300135911711 0.053327495480644603 -0.025957329147263699 0.66289926289926304
decision_type=2 2 2 2 2 2
left_child=4 2 -2 -3 -1 -6
right_child=1 3 -4 -5 5 -7
leaf_value=-0.0035550663137641682 0.0053288173928271029 0.0094473536636863181 -0.010076617636451575 -0.0055162903136586226 0.011023947027239148 -0.0022148358223178948
leaf_weight=0.51741045806556929 0.64468178991228242 2.3921251539140935 9.4899278343655151 0.62314885109662999 6.2654061382636455 0.63638837728649367
leaf_count=23 16 96 531 12 198 8
internal_value=-0.000128485 -0.00521884 -0.00870608 0.00575125 0.00844196 0.00967744
internal_weight=20.5691 13.1499 10.1346 3.01527 7.4192 6.90179
internal_count=884 655 547 108 229 206
is_linear=0
shrinkage=0.02


Tree=584
num_leaves=7
num_cat=0
split_feature=39 17 42 6 58 30
split_gain=2.28443 1.18919 0.558416 0.387203 0.349878 0.288494
threshold=-0.0074109369742668399 0.086785347483738465 0.052581103981780293 37.784611341352161 0.79782258381480187 0.11224088323373935
decision_type=2 2 2 2 2 2
left_child=1 3 -2 -1 -5 -3
right_child=2 5 -4 4 -6 -7
leaf_value=0.0085245131817184971 -0.0011375867189486963 -0.01111630266189847 0.011142129336409306 -0.0073779326044877136 0.0053026698945205777 0.0024354997437744988
leaf_weight=1.6019413438625654 1.6906005940400053 5.9415055904537439 5.5475404029712081 1.1001239321194587 0.58160925935953844 0.3380405013449489
leaf_count=17 40 564 198 43 6 16
internal_value=0.000621308 -0.00556957 0.00848404 0.00351858 -0.00265046 -0.0101524
internal_weight=16.8014 9.56322 7.23814 3.28367 1.68173 6.27955
internal_count=884 646 238 66 49 580
is_linear=0
shrinkage=0.02


Tree=585
num_leaves=7
num_cat=0
split_feature=28 70 40 14 43 42
split_gain=1.83953 1.25084 0.952428 0.69032 0.609247 0.638567
threshold=0.14153396847183222 0.015750000000000004 0.07407757091967207 0.027731579531057305 0.0011485658930781991 0.002138375346397423
decision_type=2 2 2 2 2 2
left_child=1 -1 4 -2 5 -3
right_child=3 2 -4 -5 -6 -7
leaf_value=0.0049604226437645667 0.011363782661006922 -0.0064303487277037469 -0.010022049706344485 -0.0020233890145640934 -0.0072128262353082498 0.0079438436938325356
leaf_weight=4.7488272888585987 5.0965657811611882 0.88700391631573339 8.4934281483292562 1.7014238992705939 1.9179462585598228 3.2685999125242233
leaf_count=40 299 30 413 37 55 27
internal_value=-7.68841e-05 -0.00324371 -0.0060651 0.00818339 0.000102969 0.00422356
internal_weight=26.1138 19.3158 14.567 6.79799 6.07355 4.1556
internal_count=901 565 525 336 112 57
is_linear=0
shrinkage=0.02


Tree=586
num_leaves=7
num_cat=0
split_feature=42 40 48 18 7 63
split_gain=2.53336 1.59372 0.884736 0.42328 0.59877 0.390559
threshold=0.00072863773870476833 0.12712824465270992 0.028352108766712448 -0.0091989236114220479 64.505864503205146 0.12770643921642141
decision_type=2 2 2 2 2 2
left_child=5 3 -3 4 -2 -1
right_child=1 2 -4 -5 -6 -7
leaf_value=0.0099843925841446926 0.0067861792743121509 0.010182549002064101 -0.0068170169830343158 -0.012348812565291646 -0.0069315950714302467 -0.0036614618929702901
leaf_weight=6.2376007987186339 0.90224367566406716 2.6256157993338998 1.0159767321310935 6.0380118014290911 3.3136170255020261 0.43960100598633278
leaf_count=233 18 64 115 250 215 6
internal_value=-0.000636699 -0.00541959 0.00499291 -0.00923259 -0.00325762 0.0087261
internal_weight=20.5727 13.8955 3.64159 10.2539 4.21586 6.6772
internal_count=901 662 179 483 233 239
is_linear=0
shrinkage=0.02


Tree=587
num_leaves=7
num_cat=0
split_feature=43 28 18 44 2 30
split_gain=2.30232 1.56944 0.596943 0.453447 0.431862 0.209861
threshold=-0.01284433322148811 0.082110370901903956 0.034112117757330924 0.024088665717931005 0.25098425196850399 0.11224088323373935
decision_type=2 2 2 2 2 2
left_child=2 4 -1 -3 -2 -5
right_child=1 3 -4 5 -6 -7
leaf_value=-0.01094575411097359 -0.0027354262421919098 0.0042426696498290258 0.003636645740945999 -0.0094677841797976611 0.011817288051569331 0.0024149304940258719
leaf_weight=4.934798737056556 0.5346316695213299 1.1344447769224646 0.87063564406707872 2.3059387770481412 7.2321701599285007 0.29943595686927427
leaf_count=445 8 40 24 161 214 9
internal_value=0.000863908 0.0059151 -0.00854582 -0.00403098 0.0106178 -0.00781108
internal_weight=17.3121 11.5066 5.80543 3.73982 7.7668 2.60537
internal_count=901 432 469 210 222 170
is_linear=0
shrinkage=0.02


Tree=588
num_leaves=7
num_cat=0
split_feature=28 70 40 21 48 60
split_gain=1.52351 0.999423 0.663833 0.641343 0.68292 0.562901
threshold=0.14042933558932616 0.018750000000000003 0.07407757091967207 -0.01074130440328677 0.022459732934928808 0.45814189635309716
decision_type=2 2 2 10 2 2
left_child=1 3 -3 4 -1 -4
right_child=-2 2 5 -5 -6 -7
leaf_value=-0.0079946434649823643 0.00791690182895919 -3.4288078403111586e-06 -0.011011979454007738 0.0099605212835356637 0.0059854710766114047 0.0024530511827802939
leaf_weight=1.9937034137547018 6.5700986729934803 5.2319021839648467 6.5808076956309378 2.4120675614103737 1.665481057949364 1.1001169015653429
leaf_count=20 328 106 356 19 19 30
internal_value=0.000285789 -0.00261923 -0.00563145 0.00367778 -0.00171262 -0.009023
internal_weight=25.5542 18.9841 12.9128 6.07125 3.65918 7.68092
internal_count=878 550 492 58 39 386
is_linear=0
shrinkage=0.02


Tree=589
num_leaves=7
num_cat=0
split_feature=43 40 2 15 11 58
split_gain=2.46568 1.36435 0.645605 0.537523 0.494275 0.283841
threshold=-0.041933656167389088 0.12647627836658418 0.43244784876140813 0.085978486056971712 0.83839273342834419 0.78943181818181829
decision_type=2 2 2 2 2 2
left_child=4 3 -3 -2 5 -1
right_child=1 2 -4 -5 -6 -7
leaf_value=0.010288701808186859 -0.010958499984255785 0.0094231243519740382 -0.0056443347593690598 0.0041083923091046149 -0.0039096347768568266 -0.0020189917047772257
leaf_weight=6.6373444739729193 8.2667064717970753 2.1156998286023732 0.97248526103794564 0.54413421638310033 0.75598086463287462 0.503002444282174
leaf_count=248 408 58 110 20 25 9
internal_value=-0.00039915 -0.00596782 0.00445828 -0.00970409 0.00771988 0.00928017
internal_weight=19.7954 11.899 3.08819 8.81084 7.89633 7.14035
internal_count=878 596 168 428 282 257
is_linear=0
shrinkage=0.02


Tree=590
num_leaves=7
num_cat=0
split_feature=38 46 28 43 25 43
split_gain=2.19171 1.07219 1.26602 0.415974 0.380457 0.248814
threshold=0.060501921201270674 0.009364992800828047 0.062516793501303639 -0.017096219207920742 0.48928284179974624 -0.027008229583779676
decision_type=2 2 2 2 2 2
left_child=1 -1 3 -3 -4 -2
right_child=5 2 4 -5 -6 -7
leaf_value=-0.011351465133750363 -0.0022868258521867029 -0.0028643481205505735 -0.0095907357023479016 0.010230469212116211 0.0035161739067419598 0.010916769558305117
leaf_weight=4.4730666740797478 0.28960157185792912 0.79536788165569339 3.0577237145043914 2.995731957256794 0.57468081265687931 4.8105138586834064
leaf_count=354 4 27 254 40 16 183
internal_value=3.9539e-05 -0.00463467 0.000279688 0.00745876 -0.0072057 0.00991505
internal_weight=16.9967 11.8966 7.4235 3.7911 3.6324 5.10012
internal_count=878 691 337 67 270 187
is_linear=0
shrinkage=0.02


Tree=591
num_leaves=7
num_cat=0
split_feature=14 44 38 40 20 40
split_gain=1.88278 0.887332 1.29866 0.805198 0.567892 0.480577
threshold=-0.025957329147263699 0.012578157068933895 0.026925250574297514 0.12647627836658418 0.054558166157476502 0.01852293298215266
decision_type=2 2 2 2 8 2
left_child=4 5 3 -3 -1 -2
right_child=1 2 -4 -5 -6 -7
leaf_value=-0.0035067891382236666 0.0024374887405316397 0.0075200600174555182 -0.0089001155184014781 -0.0061837613963796846 0.010005514786816725 -0.010892277311962007
leaf_weight=0.98560274858027963 0.90698541700840252 6.1082024052739126 3.3758956314995885 1.431140473578125 6.0402923133224249 5.6395417787134647
leaf_count=27 9 85 184 44 294 258
internal_value=-0.00018512 -0.00369396 -4.40999e-05 0.00449924 0.00790923 -0.00896723
internal_weight=24.4877 17.4618 10.9152 7.53934 7.0259 6.54653
internal_count=901 580 313 129 321 267
is_linear=0
shrinkage=0.02


Tree=592
num_leaves=7
num_cat=0
split_feature=46 2 42 0 43 27
split_gain=2.82017 1.02137 0.795647 0.570076 0.314265 0.269326
threshold=0.0050188567276891393 0.3161681181370693 0.046701445477244453 0.11416040100250628 -0.076123308340527079 -0.17891670688017716
decision_type=2 2 2 2 2 2
left_child=2 3 5 -2 -3 -1
right_child=1 4 -4 -5 -6 -7
leaf_value=-0.0019092385434048029 -0.0061315507637511105 0.0025043034186209988 -0.0034051922455666595 0.0080283341867374795 -0.011259977504002551 0.010920724264500623
leaf_weight=0.41571943089365859 0.99055476579815005 0.368396212812513 1.661943297833204 1.8202545456588266 7.1234206780791283 7.2608478497713831
leaf_count=16 26 14 40 56 500 249
internal_value=4.07521e-05 -0.00686618 0.00758785 0.00273872 -0.0103679 0.010086
internal_weight=19.6411 10.3026 9.33851 2.81081 7.49182 7.67657
internal_count=901 596 305 82 514 265
is_linear=0
shrinkage=0.02


Tree=593
num_leaves=7
num_cat=0
split_feature=38 29 72 62 63 46
split_gain=2.39475 0.770049 0.767131 0.637493 0.339412 0.176177
threshold=0.026925250574297514 0.0030901153460804608 0.20625000000000002 0.18502956738250859 0.088620794340095843 0.015173453031883572
decision_type=2 2 2 2 2 2
left_child=2 -2 3 -1 -4 -3
right_child=1 5 4 -5 -6 -7
leaf_value=-0.011659194149101522 0.01094855782983648 -0.0065925795164411393 -0.0052758848386284607 0.0047035229104993035 0.0065255177256236009 0.0026940034012590303
leaf_weight=5.8078580233268458 5.871212395373731 0.87247081333771326 0.64559573726728592 0.55694746877998103 1.6249728901311753 0.70575839094817638
leaf_count=468 219 26 91 10 59 28
internal_value=0.000226933 0.00798642 -0.00660106 -0.00978315 0.00258283 -0.00300559
internal_weight=16.0848 7.44944 8.63537 6.36481 2.27057 1.57823
internal_count=901 273 628 478 150 54
is_linear=0
shrinkage=0.02


Tree=594
num_leaves=7
num_cat=0
split_feature=10 40 46 65 20 1
split_gain=1.32369 0.851081 0.919112 0.780598 0.673141 0.635987
threshold=1.432975467418065 0.076329722014115683 0.0082359417689924306 0.35637109030766684 0.080241768287344153 0.3227076454152909
decision_type=2 2 2 2 8 2
left_child=1 2 -1 -2 -4 -3
right_child=3 5 4 -5 -6 -7
leaf_value=0.0069084852860079749 -0.0060265452849402965 0.0011227913431776189 -0.010144754898407229 0.0082499781496518272 0.0047630657380928615 -0.0099626237328585086
leaf_weight=4.6585489911958629 1.0910650966688979 2.6413023932836932 2.3421114534139633 8.0771016539074463 1.1618135981261732 6.2110216007567942
leaf_count=58 31 58 65 324 26 343
internal_value=0.000368454 -0.00290141 0.00168993 0.00612539 -0.00524166 -0.00687678
internal_weight=26.183 17.0148 8.16247 9.16817 3.50393 8.85232
internal_count=905 550 149 355 91 401
is_linear=0
shrinkage=0.02


Tree=595
num_leaves=7
num_cat=0
split_feature=43 41 16 2 14 14
split_gain=2.38579 0.988848 0.974156 0.552595 0.431339 0.391229
threshold=-0.032453667695278479 0.066351226998850307 0.023798810576785876 0.41612554112554118 -0.025957329147263699 0.066988106106462372
decision_type=2 2 2 2 2 2
left_child=2 -2 4 -3 -1 -4
right_child=1 3 5 -5 -6 -7
leaf_value=-0.0024417553098835358 -0.010286976252373162 0.0082214758581699368 -0.007966322912211117 -0.005618087247102943 0.010920539066979137 0.0044550016837463097
leaf_weight=0.72917241510003794 7.2462724428623897 1.6849932684563103 1.5937968790531161 1.1169565659947691 7.0298897852189857 0.8495097393169998
leaf_count=34 371 53 58 131 222 36
internal_value=-0.000169539 -0.00675655 0.00634197 0.00267793 0.00952939 -0.003608
internal_weight=20.2506 10.0482 10.2024 2.80195 7.75906 2.44331
internal_count=905 555 350 184 256 94
is_linear=0
shrinkage=0.02


Tree=596
num_leaves=7
num_cat=0
split_feature=43 28 21 21 30 9
split_gain=1.95903 1.35126 0.649822 0.367878 0.349052 0.304947
threshold=-0.017096219207920742 0.098987863072906523 0.016272199322061174 -0.014127596694181446 0.081448517128711692 11.431860784313725
decision_type=2 2 10 10 2 2
left_child=-1 2 5 -3 -4 -2
right_child=1 3 4 -5 -6 -7
leaf_value=-0.009550802966910632 -0.0031515489165962829 -0.0095217509080068527 -0.0083521335986506615 0.003820874750707858 0.0048868190486785939 0.010485228234889225
leaf_weight=5.2238992527127293 0.27636718936264326 2.2008865836542104 0.82669112458825089 0.50473530869930883 0.55015216581523418 7.5322868754155934
leaf_count=447 5 209 4 9 26 205
internal_value=-0.000354009 0.00411371 0.00763428 -0.00667328 -0.00323179 0.0096996
internal_weight=17.115 11.8911 9.1855 2.70562 1.37684 7.80865
internal_count=905 458 240 218 30 210
is_linear=0
shrinkage=0.02


Tree=597
num_leaves=7
num_cat=0
split_feature=28 19 28 15 19 42
split_gain=1.73708 1.13962 1.06666 0.790214 0.659502 0.593198
threshold=0.13499359144159967 -0.10987722162034382 0.017234676038807618 0.044825023044661003 0.0043462190383834485 -0.0052076279289635227
decision_type=2 2 2 2 2 2
left_child=1 -1 4 -2 -3 -4
right_child=3 2 5 -5 -6 -7
leaf_value=-0.010211044650234851 0.010962323185097241 -0.010631223101172005 -0.0066848425970011862 -0.0046494456403576977 0.004427271707341085 0.0060170685141397312
leaf_weight=4.7879983540624425 5.8533057849854222 3.2265631011687228 0.89837293652817507 1.0063446904532609 0.96867560409009446 8.0862451652064902
leaf_count=235 323 158 28 35 15 102
internal_value=0.00048254 -0.00281197 0.000406532 0.00837184 -0.00697132 0.00420469
internal_weight=24.8275 17.9679 13.1799 6.85965 4.19524 8.98462
internal_count=896 538 303 358 173 130
is_linear=0
shrinkage=0.02


Tree=598
num_leaves=7
num_cat=0
split_feature=46 40 43 43 43 64
split_gain=2.36302 0.922331 0.618302 0.546105 0.491571 0.31165
threshold=0.0056549705148071635 0.077496724546692666 -0.0072916734886824949 -0.044684579324963038 -0.051472560502953263 0.4560464716991931
decision_type=2 2 2 2 2 2
left_child=1 4 -3 -2 -1 -5
right_child=3 2 -4 5 -6 -7
leaf_value=0.0052254368672243609 0.00062277770736326955 0.011738640850932716 -0.0039825472535952363 0.0011896777763857681 -0.0074170233637461877 -0.011098573554893132
leaf_weight=1.2232616697438063 2.5173623329028487 5.9955133949406445 0.66923701856285323 0.72634257143363168 1.9046646072529272 6.2413609642535448
leaf_count=27 92 226 22 39 40 450
internal_value=-0.000521799 0.00607297 0.00984637 -0.00726027 -0.00240471 -0.00982905
internal_weight=19.2777 9.79268 6.66475 9.48507 3.12793 6.9677
internal_count=896 315 248 581 67 489
is_linear=0
shrinkage=0.02


Tree=599
num_leaves=7
num_cat=0
split_feature=28 2 49 63 48 28
split_gain=1.93571 1.07497 0.456491 0.419459 0.413533 0.2472
threshold=0.062516793501303639 0.25098425196850399 0.016411025781356621 0.069329080559062631 0.012047816482019918 0.10707780842249982
decision_type=2 2 2 2 2 2
left_child=1 -1 -2 -3 -5 -4
right_child=2 3 5 4 -6 -7
leaf_value=-0.0077788346343942117 -0.01035412300145803 -0.002859252888948977 0.0062156427104161777 -0.0021189308737161162 0.010876927374094954 -0.0047945982165561564
leaf_weight=1.2749624191783357 5.0218111388385305 0.82097805943339874 0.78221022197976686 0.78637410304509092 6.6788426891434938 0.55231828754767776
leaf_count=86 460 25 9 25 221 70
internal_value=-0.000111241 0.0053814 -0.00798165 0.00802593 0.00941937 0.00155699
internal_weight=15.9175 9.56116 6.35634 8.28619 7.46522 1.33453
internal_count=896 357 539 271 246 79
is_linear=0
shrinkage=0.02


Tree=600
num_leaves=7
num_cat=0
split_feature=24 1 27 21 14 18
split_gain=2.00123 0.901133 0.743601 0.608299 0.449734 0.368655
threshold=0.36666666666666675 0.30979683410195691 -0.046952473215761285 0.016272199322061174 0.092290094437561046 -0.0086577192339460356
decision_type=10 2 2 8 2 2
left_child=1 2 -1 -3 -2 -5
right_child=4 3 -4 5 -6 -7
leaf_value=0.0076552752262976547 0.010409764043630211 -0.0085140755398231214 -0.0051483626940054487 -0.005511336906192316 -0.004154029838083757 0.0069229359125459423
leaf_weight=3.2948177680373192 5.1557808695361009 10.705150701105588 2.2403255794197383 0.67377775255590711 0.43845464149489988 1.3691981192678255
leaf_count=63 275 464 39 13 23 25
internal_value=-0.000730821 -0.00395606 0.00247824 -0.00672684 0.00881146 0.00235856
internal_weight=23.8775 18.2833 5.53514 12.7481 5.59424 2.04298
internal_count=902 604 102 502 298 38
is_linear=0
shrinkage=0.02


Tree=601
num_leaves=7
num_cat=0
split_feature=46 19 14 14 36 47
split_gain=1.8516 0.871676 0.773442 0.716841 0.335283 0.252183
threshold=0.0094282828965074148 -0.080890234345056419 -0.034922206013938813 0.078243759503524649 0.00044875995793719486 -0.0058392739760875232
decision_type=2 2 2 2 2 2
left_child=1 2 -1 -2 -3 -6
right_child=3 4 -4 -5 5 -7
leaf_value=-0.0051433099325335083 -0.0095065857692225326 0.0036377838865747532 0.010992261958963519 0.0043510123545913706 0.0016762262111807591 -0.0090543709486314398
leaf_weight=0.79961475590243924 6.1950744059868148 1.8277364093810335 6.6950362762436271 1.2551619955338535 0.92216066364198912 1.558173493947834
leaf_count=51 459 31 268 58 15 20
internal_value=0.000349951 0.00512984 0.00886792 -0.00693334 -0.00181874 -0.00572953
internal_weight=19.253 11.8027 7.49465 7.45024 4.30807 2.48033
internal_count=902 385 319 517 66 35
is_linear=0
shrinkage=0.02


Tree=602
num_leaves=7
num_cat=0
split_feature=28 45 49 49 29 31
split_gain=2.13251 0.841726 0.622082 0.445411 0.300234 0.273614
threshold=0.062516793501303639 -0.015072580391551424 0.016411025781356621 0.0070661138504563925 0.0030901153460804608 -0.023230194900325792
decision_type=2 2 2 2 2 2
left_child=1 3 -2 -1 -3 -4
right_child=2 4 5 -5 -6 -7
leaf_value=-0.0068381154528806779 -0.010378959531400285 0.011542986424881028 -0.0046341868767334387 0.0052374789244627705 -0.0021211824343442746 0.0069020499775198797
leaf_weight=1.7285527982749047 5.0024436230305591 5.6383104091510159 0.52394702564924955 1.2651772759854791 0.40075086220167566 0.96963132638484217
leaf_count=112 465 198 64 35 16 12
internal_value=0.000671159 0.00666418 -0.00743953 -0.00170125 0.0104637 0.00261962
internal_weight=15.5288 9.03279 6.49602 2.99373 6.03906 1.49358
internal_count=902 361 541 147 214 76
is_linear=0
shrinkage=0.02


Tree=603
num_leaves=7
num_cat=0
split_feature=28 6 19 38 45 15
split_gain=1.84499 1.04447 1.28262 1.29911 0.622301 0.528411
threshold=0.14373778746385865 24.973662964876038 -0.10987722162034382 0.066385877602505625 -0.049699797847750173 0.043369965740664443
decision_type=2 2 2 2 2 2
left_child=1 -1 -3 4 -4 -2
right_child=5 2 3 -5 -6 -7
leaf_value=-0.010606078079020786 0.010955101662239895 -0.0094005620505046069 -0.0056589063345288629 -0.0088115882441559476 0.0087887391786687103 -0.0033836378031045799
leaf_weight=4.5667263879440787 5.0020762523636213 3.3228195346891907 0.696431093383583 1.789637400768697 7.1486047627404252 0.75788907054811705
leaf_count=173 292 158 22 111 89 26
internal_value=-0.00010039 -0.0033601 -0.000229415 0.00352008 0.00701139 0.00884698
internal_weight=23.2842 17.5242 12.9575 9.63467 7.84504 5.75997
internal_count=871 553 380 222 111 318
is_linear=0
shrinkage=0.02


Tree=604
num_leaves=7
num_cat=0
split_feature=48 42 18 42 42 30
split_gain=2.13692 1.15209 0.954618 0.320625 0.308358 0.259
threshold=0.019671643955978101 0.005319536806507306 -0.0091989236114220479 0.069246920298800127 0.0099345188642554916 -0.010511435987293363
decision_type=2 2 2 2 2 2
left_child=2 -2 3 -1 -4 -3
right_child=1 5 4 -5 -6 -7
leaf_value=0.010814579426247646 0.0053769236172256782 -0.00039681062779781541 0.0032632861414392672 -0.0024897997487324823 -0.0069986353769876776 -0.011926130323754202
leaf_weight=6.3882737774401903 1.7119589345529655 0.96252138540148724 1.2923251902684589 0.43472129618749011 1.6610674238763747 5.6524340184405446
leaf_count=235 60 32 24 20 50 450
internal_value=-1.82676e-05 -0.00702639 0.00604893 0.00975699 -0.00281867 -0.0105209
internal_weight=18.1033 8.32691 9.77639 6.823 2.95339 6.61496
internal_count=871 542 329 255 74 482
is_linear=0
shrinkage=0.02


Tree=605
num_leaves=7
num_cat=0
split_feature=46 28 48 28 49 61
split_gain=1.67741 1.67472 0.6143 0.416123 0.407194 0.169399
threshold=0.009364992800828047 0.082110370901903956 0.011461969564853904 -0.011830540826103171 0.021082343474337451 0.11509363937421492
decision_type=2 2 2 2 2 2
left_child=3 2 -2 -1 5 -3
right_child=1 4 -4 -5 -6 -7
leaf_value=0.0033056462680576639 -0.0042977068104029428 0.0018505183213853589 0.011107623493790004 -0.010803533197482697 0.0036483711139211061 -0.010126646223842526
leaf_weight=0.52580273710191239 0.65986935188993623 0.22601536847651083 6.765467646997422 4.0641626282595107 0.79865711531601835 2.5055282362736762
leaf_count=12 21 7 229 341 33 228
internal_value=0.000168436 0.00438742 0.00939099 -0.00888504 -0.00588678 -0.00890529
internal_weight=15.5455 10.9555 7.42534 4.58997 3.5302 2.73154
internal_count=871 518 250 353 268 235
is_linear=0
shrinkage=0.02


Tree=606
num_leaves=7
num_cat=0
split_feature=42 38 40 71 2 64
split_gain=1.45716 1.6738 1.11468 0.677295 0.566455 0.475117
threshold=0.002138375346397423 0.066385877602505625 0.12712824465270992 0.2737500000000001 0.5335585585585586 0.57203907203907212
decision_type=2 2 2 2 2 2
left_child=-1 2 3 -2 -4 -5
right_child=1 -3 4 5 -6 -7
leaf_value=-0.0082787445715217182 0.010199770690477892 -0.008779691519174437 -0.0091683890964126338 -0.0050688276703945417 0.0050067779549731054 0.0072062973199988134
leaf_weight=4.7188170030713108 10.582009510137146 3.0073762699030331 1.9955187067389482 2.1127302101813252 1.0098161925561724 1.1206987556070087
leaf_count=231 255 166 62 59 74 30
internal_value=0.000693186 0.00312334 0.00562473 0.00794025 -0.00434455 -0.000117046
internal_weight=24.547 19.8281 16.8208 13.8154 3.00533 3.23343
internal_count=877 646 480 344 136 89
is_linear=0
shrinkage=0.02


Tree=607
num_leaves=7
num_cat=0
split_feature=42 48 41 49 15 15
split_gain=2.65524 1.4344 1.25815 0.487183 0.288318 0.23035
threshold=0.0066735948092799752 0.01916660439404182 0.051878964822330335 0.010621331989182435 0.042779240836650752 0.070516206618957314
decision_type=2 2 2 2 2 2
left_child=3 2 4 -1 -2 -3
right_child=1 5 -4 -5 -6 -7
leaf_value=0.01064103547914033 -0.0086614206989106719 -0.012297282662405276 0.010231141957831183 -0.0028802235851069476 0.003283630474353177 0.0014021927818141991
leaf_weight=5.8308134898543384 2.4389793933369206 6.4148009838536382 2.4552999334409833 0.82632459048181761 0.47916741203516711 0.31975950580090273
leaf_count=234 86 460 60 14 12 11
internal_value=-0.000580941 -0.00601992 0.00163526 0.00880573 -0.00636255 -0.0115496
internal_weight=18.7651 12.108 5.37345 6.65714 2.91815 6.73456
internal_count=877 629 158 248 98 471
is_linear=0
shrinkage=0.02


Tree=608
num_leaves=7
num_cat=0
split_feature=38 47 20 54 0 18
split_gain=1.92267 1.04493 0.608481 0.495918 0.3252 0.232777
threshold=0.060501921201270674 0.00083979681747389063 0.073376256371049581 8.892045454545455 0.057307060755336627 -0.018818256425120913
decision_type=2 2 10 2 2 2
left_child=1 3 5 4 -1 -3
right_child=-2 2 -4 -5 -6 -7
leaf_value=0.0018777316522038145 0.009379739351543891 -0.0022673843425491556 -0.0049130606483357188 0.0038737765372385308 -0.011473106365959525 0.0099506129787232823
leaf_weight=0.52553192712366747 4.6138697937130919 0.37774450238794122 1.6445981464348731 0.60485080303624261 6.2250140127725899 2.1199962254613638
leaf_count=5 181 8 96 7 545 35
internal_value=-0.000363871 -0.0047115 0.00290314 -0.00883405 -0.0103256 0.00798287
internal_weight=16.1116 11.4977 4.14234 7.3554 6.75055 2.49774
internal_count=877 696 139 557 550 43
is_linear=0
shrinkage=0.02


Tree=609
num_leaves=7
num_cat=0
split_feature=28 64 1 71 30 6
split_gain=1.52687 0.862255 0.737664 0.648118 0.598508 0.571873
threshold=0.14042933558932616 0.57517123287671235 0.31096096096096099 0.25958333333333339 -0.018290886103634704 24.973662964876038
decision_type=2 2 2 2 2 2
left_child=1 2 3 -1 -2 -3
right_child=4 5 -4 -5 -6 -7
leaf_value=0.0075761989995111493 -0.0029779341464619791 -0.0062144176969295929 -0.0079911654719021404 -0.006677173225331021 0.010845346968023084 0.0075067537170174772
leaf_weight=2.2082010786980457 1.1216814974322913 0.81345571344718237 9.2811849261634034 1.1745471041649578 4.9378807353787115 3.5474640112370253
leaf_count=30 41 32 390 28 286 64
internal_value=0.000356029 -0.00274651 -0.00529661 0.00223288 0.00822716 0.00426552
internal_weight=23.0844 17.0249 12.6639 3.38275 6.05956 4.36092
internal_count=871 544 448 58 327 96
is_linear=0
shrinkage=0.02


Tree=610
num_leaves=7
num_cat=0
split_feature=18 2 43 17 2 15
split_gain=2.05599 1.52699 0.685502 0.374532 0.472438 0.284618
threshold=-0.0091989236114220479 0.43437243642329787 -0.053386039708134991 0.10943202554744527 0.26835686777920414 0.057101826566892798
decision_type=2 2 2 2 2 2
left_child=1 3 -2 4 -1 -3
right_child=2 5 -4 -5 -6 -7
leaf_value=0.0073519390461614332 0.0033560945823794463 -0.0083951605536650674 -0.010315568189720204 0.01159448473110313 -0.0065618741826279697 0.0034983347231294028
leaf_weight=1.0791147500276581 1.3393604727461932 2.3107562772929664 5.9482093187980345 6.0746440524235368 0.8554718536324798 0.45048528909683216
leaf_count=23 33 222 295 261 27 10
internal_value=-7.3809e-05 0.00530284 -0.00770113 0.00944998 0.00105983 -0.00604057
internal_weight=18.058 10.7705 7.28757 8.00923 1.93459 2.76124
internal_count=871 543 328 311 50 232
is_linear=0
shrinkage=0.02


Tree=611
num_leaves=7
num_cat=0
split_feature=38 46 28 71 39 28
split_gain=1.81661 1.00305 1.05238 0.683236 0.338031 0.105913
threshold=0.066385877602505625 0.009364992800828047 0.097557098598229572 0.23216666666666672 0.0099488365467738944 -0.023422908887570686
decision_type=2 2 2 2 2 2
left_child=1 5 3 4 -3 -1
right_child=-2 2 -4 -5 -6 -7
leaf_value=0.0011691198045773847 0.0097991981366706924 -0.0079906930254845833 -0.0092403318919176882 0.0097844313465045626 0.0047843535406978353 -0.011669783559177551
leaf_weight=0.089443154633044197 3.9389355126768359 1.1534422351978717 2.0318131453823298 3.1717948052100837 0.51781628467142571 4.1155499329324803
leaf_count=1 163 25 250 59 11 362
internal_value=-0.000447481 -0.00459986 0.000362921 0.0052837 -0.00372324 -0.0112245
internal_weight=15.0188 11.0799 6.87487 4.84305 1.67126 4.20499
internal_count=871 708 345 95 36 363
is_linear=0
shrinkage=0.02


Tree=612
num_leaves=7
num_cat=0
split_feature=42 29 63 15 31 45
split_gain=1.0803 1.08461 0.806429 0.476397 0.460837 0.444573
threshold=0.002138375346397423 -0.036791301175568066 0.1050896512024561 0.070516206618957314 -0.044307335655553871 -0.052843120324114777
decision_type=2 2 2 2 2 2
left_child=-1 -2 3 5 -4 -3
right_child=1 2 4 -5 -6 -7
leaf_value=-0.0071157195574201981 -0.0065696677801341651 -0.0041293564054853708 0.004321921187900082 -0.0049537486956051863 -0.0080304528943564504 0.0089291373661242769
leaf_weight=4.5201643849723068 3.0951696620322826 0.57005016040057022 1.2427707398310306 0.57687876373529512 1.9018357279710461 11.596400166396043
leaf_count=238 180 10 53 38 50 327
internal_value=0.000750365 0.00288576 0.00500773 0.00714385 -0.00328378 0.00805013
internal_weight=23.5033 18.9831 15.8879 12.7433 3.14461 12.1665
internal_count=896 658 478 375 103 337
is_linear=0
shrinkage=0.02


Tree=613
num_leaves=7
num_cat=0
split_feature=30 0 45 18 15 39
split_gain=2.19891 0.801617 0.696187 0.459694 0.376756 0.3012
threshold=-1.0000000180025095e-35 0.13276009704581135 -0.04795198355802395 -0.085828818444974905 -0.00072925950932334414 -0.012835467737893003
decision_type=2 2 2 2 2 2
left_child=1 5 -2 -4 -3 -1
right_child=2 4 3 -5 -6 -7
leaf_value=-0.0065581799035696496 0.0039418070913404182 -0.00058121010777965865 0.0017369918957126007 -0.010897473534238594 0.011128992627974352 0.0045891372251447519
leaf_weight=1.7524562650360169 1.3438288401812304 1.2135086650960145 1.0488128717988718 7.1508323284797362 5.3365295534022152 0.64358277898281979
leaf_count=40 35 39 61 466 240 15
internal_value=-0.000887737 0.00590426 -0.0072107 -0.00926826 0.00916984 -0.00309433
internal_weight=18.4896 8.94608 9.54347 8.19965 6.55004 2.39604
internal_count=896 334 562 527 279 55
is_linear=0
shrinkage=0.02


Tree=614
num_leaves=7
num_cat=0
split_feature=43 29 63 15 24 50
split_gain=2.10991 0.89433 0.59445 0.338614 0.203317 0.154404
threshold=-0.017096219207920742 -0.018524630040393921 0.088620794340095843 -0.0012677414321858695 0.29166666666666669 0.18569258689391252
decision_type=2 2 2 2 10 2
left_child=5 4 -3 -4 -2 -1
right_child=1 2 3 -5 -6 -7
leaf_value=0.0018375357386426778 0.010458093764118286 -0.0080959637310749708 0.0078075539162300971 -0.003828012332323823 -0.0015703070964228863 -0.010587300344370394
leaf_weight=0.14073367416858751 5.3876495072618127 1.9172297220211456 1.7823264952749016 0.81391000980511297 0.35269412258639921 4.5747128732036799
leaf_count=1 197 127 60 29 34 448
internal_value=-6.79318e-05 0.00496189 -0.00160304 0.00410971 0.00959573 -0.00995986
internal_weight=14.9693 10.2538 4.51347 2.59624 5.74034 4.71545
internal_count=896 447 216 89 231 449
is_linear=0
shrinkage=0.02


Tree=615
num_leaves=7
num_cat=0
split_feature=20 8 33 34 40 3
split_gain=1.29489 0.910254 0.759387 0.614452 0.540247 0.470651
threshold=0.081760024571854981 0.4494871830224651 -1.0000000180025095e-35 0.022821882805923874 0.07407757091967207 0.29061583577712619
decision_type=10 2 2 2 2 2
left_child=1 5 4 -2 -3 -1
right_child=3 2 -4 -5 -6 -7
leaf_value=-0.010469516162792432 -0.001958238770966781 0.0032209133734476814 0.0077204875830169054 0.0084901942493307587 -0.0085236255410853206 0.0042414929708282038
leaf_weight=5.1428423384204525 2.6406712690368277 2.055708703584969 3.0275711421854794 7.3303604056127369 2.5856025782413781 0.46153454668819893
leaf_count=217 98 37 70 350 108 4
internal_value=0.000654102 -0.00334464 0.00119677 0.00579682 -0.00367293 -0.00879924
internal_weight=23.2443 13.2733 7.66888 9.97103 4.64131 5.60438
internal_count=884 436 215 448 145 221
is_linear=0
shrinkage=0.02


Tree=616
num_leaves=7
num_cat=0
split_feature=43 40 43 46 2 2
split_gain=2.03878 1.14901 0.732425 0.607278 0.253171 0.244862
threshold=-0.0079191488597780812 0.077496724546692666 -0.052320876984408751 0.0088976510795749 0.24264069264069268 0.39241552839683685
decision_type=2 2 2 2 2 2
left_child=1 2 -1 -3 -2 -5
right_child=4 3 -4 5 -6 -7
leaf_value=0.0045068114721813759 0.0026370829735457334 0.011192792636979315 -0.0089137473852718904 0.0050087826759551137 -0.010795505056703233 -0.0052704706115948522
leaf_weight=2.040766712743789 0.23585907183587451 5.5390595835633576 2.7639889805577713 0.62998704239726055 5.2701115505769849 1.2060697246342895
leaf_count=55 6 235 68 29 407 84
internal_value=-0.000778637 0.0037846 -0.00341911 0.00832556 -0.0099032 -0.00122098
internal_weight=17.6858 12.1799 4.80476 7.37512 5.50597 1.83606
internal_count=884 471 123 348 413 113
is_linear=0
shrinkage=0.02


Tree=617
num_leaves=7
num_cat=0
split_feature=47 28 62 31 3 2
split_gain=1.86721 0.660009 0.796598 0.646373 0.58617 0.244359
threshold=0.0004980613279487188 -0.011830540826103171 0.18890487322424027 -0.028064388438153089 0.21294035577258461 0.86767044325183873
decision_type=2 2 2 2 2 2
left_child=1 -1 5 -2 -5 -3
right_child=3 2 -4 4 -6 -7
leaf_value=0.0058300267932225999 -0.0049799034318513029 -0.010908589134947881 0.0061198364917566415 0.011489721431826933 -0.0042364776295109952 0.0015220168778243895
leaf_weight=0.92113569751381774 0.84595279954373825 6.453649913892149 0.75836696149781335 5.2464814013801524 0.58984730858355749 0.4431857841555028
leaf_count=22 79 545 9 197 9 23
internal_value=-8.04957e-05 -0.00596794 -0.00789714 0.00726897 0.00951314 -0.0100182
internal_weight=15.2586 8.57634 7.6552 6.68228 5.83633 6.89684
internal_count=884 599 577 285 206 568
is_linear=0
shrinkage=0.02


Tree=618
num_leaves=7
num_cat=0
split_feature=14 38 51 62 16 40
split_gain=1.56866 1.19812 0.717727 0.905525 0.573658 0.465574
threshold=0.033466373987978242 0.066385877602505625 0.19595231969813912 0.17997570853395486 -0.05680678223086643 0.062329411485455989
decision_type=2 2 2 2 2 2
left_child=1 2 -1 4 -4 -2
right_child=5 -3 3 -5 -6 -7
leaf_value=-0.0036158731755000168 0.0014097570762441039 -0.0071540284279183949 -0.0015935684918847413 -0.0053161244750245338 0.011264473625139699 -0.009587889973485246
leaf_weight=1.8868633629754246 1.8111750045791257 2.2581223929300895 1.3232319783419377 1.1827879520133127 10.15563499787822 4.5438191331923008
leaf_count=63 36 117 36 25 318 300
internal_value=0.00113479 0.00430227 0.00642618 0.0080778 0.00977333 -0.00668803
internal_weight=23.1616 16.8066 14.5485 12.6617 11.4789 6.35499
internal_count=895 559 442 379 354 336
is_linear=0
shrinkage=0.02


Tree=619
num_leaves=7
num_cat=0
split_feature=15 46 24 42 42 18
split_gain=2.22656 1.22849 0.882207 0.441798 0.281206 0.272157
threshold=0.040300263115127022 0.0050188567276891393 0.36666666666666675 0.07880743920011242 -0.010257249878555875 -0.0086577192339460356
decision_type=2 2 8 2 2 2
left_child=1 2 5 -2 -3 -1
right_child=3 4 -4 -5 -6 -7
leaf_value=0.0097502309636258097 0.010812970515005134 0.0020760388867488767 -0.0079330469344598871 -0.0040528274959003071 -0.011197247800249806 -0.00048805735740802279
leaf_weight=2.3465099288150668 4.6466761156916609 0.38593084458261806 1.5788239259272812 0.40450711455196131 6.8229983290657392 1.3732579001225551
leaf_count=67 222 11 49 13 509 24
internal_value=-0.000988251 -0.00545665 0.00174849 0.00914947 -0.0103203 0.0066679
internal_weight=17.5587 12.5075 5.29859 5.05118 7.20893 3.71977
internal_count=895 660 140 235 520 91
is_linear=0
shrinkage=0.02


Tree=620
num_leaves=7
num_cat=0
split_feature=38 18 62 47 47 18
split_gain=1.78631 0.910211 0.512336 0.40154 0.343356 0.229531
threshold=0.060501921201270674 0.020097596177778069 0.18311382579372656 0.00083979681747389063 0.0072931103602614017 0.095802610820299242
decision_type=2 2 2 2 2 2
left_child=1 2 4 5 -1 -3
right_child=-2 3 -4 -5 -6 -7
leaf_value=-0.012061511935315929 0.0090582308726333809 -0.0062862288304255014 0.0042082237567538476 0.0077694882535547204 -0.0001364111800884146 0.0041664045663785138
leaf_weight=5.3533141547813994 4.3410615138709554 1.379500952549279 0.57852952321991313 1.7911771656945346 1.1661027288064358 0.46335808560252179
leaf_count=536 180 69 18 33 53 6
internal_value=-0.000564785 -0.00489758 -0.00867914 0.00276754 -0.0102303 -0.00311698
internal_weight=15.073 10.732 7.09795 3.63404 6.51942 1.84286
internal_count=895 715 607 108 589 75
is_linear=0
shrinkage=0.02


Tree=621
num_leaves=7
num_cat=0
split_feature=24 63 68 19 5 16
split_gain=1.13876 0.850489 0.817749 0.724173 0.520091 0.407858
threshold=0.36666666666666675 0.085849075705116532 0.28253929978067915 -0.13872290652795524 0.8123011664899259 -0.054300893147516842
decision_type=10 2 2 2 2 2
left_child=1 3 -3 -1 5 -5
right_child=-2 2 -4 4 -6 -7
leaf_value=-0.0066939527595025533 0.0084923201492027728 -0.0083483793214204609 0.0060080218521645842 -0.004087571172940032 -0.0060566943727728443 0.0079087001548636335
leaf_weight=1.8767308257520223 5.150945672299712 7.0544747048988921 1.2121327277272937 0.68990583391860294 0.74845316680148233 7.0429619732312858
leaf_count=126 303 270 20 27 23 134
internal_value=0.0010147 -0.00138071 -0.00582212 0.00236442 0.00486345 0.00649291
internal_weight=23.7756 18.6247 8.26661 10.3581 8.48132 7.73287
internal_count=903 600 290 310 184 161
is_linear=0
shrinkage=0.02


Tree=622
num_leaves=7
num_cat=0
split_feature=14 48 43 44 44 40
split_gain=1.91262 1.22515 0.704355 0.32131 0.280016 0.242484
threshold=0.076281816547236037 0.0091412398516737218 -0.051472560502953263 0.010390275113362024 0.046338797518110132 0.084070205335344816
decision_type=2 2 2 2 2 2
left_child=1 3 -3 -1 -2 -5
right_child=4 2 -4 5 -6 -7
leaf_value=0.0082236358205463565 0.010592000402969882 0.0012190673301673339 -0.010690640155270506 -0.0062447094584709211 -0.002783742588787266 0.0043278330059236631
leaf_weight=2.0757330507040055 3.9871036256663492 2.3182138875126839 7.8180758561938983 0.93510595103725769 0.3023953535594045 0.65204061241820455
leaf_count=48 221 78 493 29 19 15
internal_value=-0.00108277 -0.00472097 -0.00810196 0.00436625 0.00930105 -0.00190728
internal_weight=18.0887 13.7992 10.1363 3.66288 4.2895 1.58715
internal_count=903 663 571 92 240 44
is_linear=0
shrinkage=0.02


Tree=623
num_leaves=7
num_cat=0
split_feature=43 47 6 29 2 6
split_gain=1.70193 0.729217 0.575876 0.41971 0.307595 0.277557
threshold=-0.017096219207920742 -1.0000000180025095e-35 63.123904411764713 0.04277074171384903 0.75235849056603787 14.153220438144333
decision_type=2 2 2 2 2 2
left_child=-1 2 5 -3 -4 -2
right_child=1 3 4 -5 -6 -7
leaf_value=-0.0092711945954581359 -0.0033415501811207855 0.010656953437820322 -0.0083724584356863457 -0.0034101326239017482 0.0032092393423328999 0.0080098972449155082
leaf_weight=4.6572637786157438 0.57564367353916202 4.5646776938810927 2.5350509462878112 0.51720527629367996 0.64214433194138099 1.9266192596405742
leaf_count=455 15 203 136 31 26 37
internal_value=-0.000272323 0.00407933 -0.000920764 0.00889998 -0.00582377 0.00519002
internal_weight=15.4186 10.7613 5.67946 5.08188 3.1772 2.50226
internal_count=903 448 214 234 162 52
is_linear=0
shrinkage=0.02


Tree=624
num_leaves=7
num_cat=0
split_feature=14 40 38 27 44 66
split_gain=1.31718 1.14026 0.658291 0.597639 0.780911 0.500245
threshold=-0.029515509968961458 0.07407757091967207 0.060501921201270674 -0.080104251485070208 0.020042142043062261 70.200814697813627
decision_type=2 2 2 2 2 2
left_child=2 5 -1 4 -3 -2
right_child=1 3 -4 -5 -6 -7
leaf_value=0.010454165017521919 -0.0030749486343630574 -0.0087500721042939114 -0.0041203900995913671 -0.011319417472000865 0.0050801927973520653 0.0066735839879288727
leaf_weight=5.0800995500758317 2.5941860787570503 1.9494430683553252 0.97993848007172335 4.4510661396197921 2.6938480287790298 4.705656822770834
leaf_count=293 68 78 29 282 91 62
internal_value=0.000583443 -0.0023985 0.00784758 -0.00681027 -0.00124792 0.00325611
internal_weight=22.4542 16.3942 6.06004 9.09436 4.64329 7.29984
internal_count=903 581 322 451 169 130
is_linear=0
shrinkage=0.02


Tree=625
num_leaves=7
num_cat=0
split_feature=2 46 0 0 42 18
split_gain=2.07645 1.11395 0.779868 0.441765 0.435331 0.184217
threshold=0.32163382594417084 -8.800730663140645e-05 0.11077027948193593 0.19937888198757767 -0.011113333641065174 0.0099664936158985768
decision_type=2 2 2 2 2 2
left_child=2 3 5 -2 -3 -1
right_child=1 4 -4 -5 -6 -7
leaf_value=0.0026608695857133365 -0.0048962402088399996 0.0026808261331344929 0.010774257352909071 0.008111011949652594 -0.011035133407636651 -0.0069476649655220244
leaf_weight=0.67058739997446781 0.82379819080233696 0.65464805811643678 4.892557255923748 1.8649738375097511 7.1860837922431493 0.89730894984677434
leaf_count=11 22 18 244 39 542 27
internal_value=-0.000936041 -0.00620934 0.00733887 0.00387882 -0.00971624 -0.00340226
internal_weight=16.99 10.5295 6.46045 2.68877 7.84073 1.5679
internal_count=903 621 282 61 560 38
is_linear=0
shrinkage=0.02


Tree=626
num_leaves=7
num_cat=0
split_feature=43 28 16 47 49 28
split_gain=1.90964 1.54631 0.471636 0.288744 0.228951 0.10205
threshold=-0.017096219207920742 0.07978439301188657 0.11303473678652785 -0.0096071308788250494 0.018549172001257941 -0.018139554957645011
decision_type=2 2 2 2 2 2
left_child=5 3 4 -2 -3 -1
right_child=1 2 -4 -5 -6 -7
leaf_value=0.0012379088546089242 -0.0014520429743760375 -0.0097273037531811456 0.0055120454336763701 0.010834963021766215 0.0015560071986078735 -0.010686987976247637
leaf_weight=0.098431739956140851 0.60905200475826848 2.5950256951618949 0.64441031124442805 6.3550003673881275 0.58874846203252662 3.8774860978592196
leaf_count=2 8 205 10 218 31 429
internal_value=0.000200095 0.00457259 -0.00485353 0.00971299 -0.00776758 -0.0102023
internal_weight=14.7682 10.7922 3.82818 6.96405 3.18377 3.97592
internal_count=903 472 246 226 236 431
is_linear=0
shrinkage=0.02


Tree=627
num_leaves=7
num_cat=0
split_feature=14 63 20 5 40 46
split_gain=1.22904 0.970906 0.99904 0.570477 0.527369 0.441346
threshold=0.017937086023635297 0.084319837489492858 0.12994143736141547 0.62994086523498305 0.062993750448413502 0.009364992800828047
decision_type=2 2 10 2 2 2
left_child=1 -1 3 -3 -2 -5
right_child=4 2 -4 5 -6 -7
leaf_value=0.0082936120582925953 0.0014854025936395551 -0.0093786996340238481 0.0087495401452354956 0.0083086132134949659 -0.0094600783399642549 -0.0047924007602867507
leaf_weight=7.2012320118956286 2.2087294887751332 3.7072357041761279 1.8299300661310551 1.0632869377732279 4.6325875287875533 1.1350680515170095
leaf_count=226 46 118 142 6 329 29
internal_value=0.00030833 0.00348513 -0.00142822 -0.00539227 -0.00618754 0.00216078
internal_weight=21.7781 14.9368 7.73552 5.90559 6.84132 2.19835
internal_count=896 521 295 153 375 35
is_linear=0
shrinkage=0.02


Tree=628
num_leaves=7
num_cat=0
split_feature=15 46 35 30 20 38
split_gain=1.79169 1.16885 0.48624 0.419145 0.333676 0.319503
threshold=0.040300263115127022 0.0050188567276891393 -0.0020429483466101041 0.044617952920598683 0.14894089020665208 0.016432817352121085
decision_type=2 2 2 2 10 2
left_child=1 2 4 -2 5 -1
right_child=3 -3 -4 -5 -6 -7
leaf_value=0.0097949037324330003 0.010701719534137255 -0.0095448313191381761 -0.0059892611141663292 -0.0033296181788104798 -0.0043519805437672119 -0.0030645019913010259
leaf_weight=2.8756583100184807 4.0205403300933531 7.0922794309444726 1.1349749807268397 0.54263971652835596 0.47007624385878433 0.46781644644215692
leaf_count=68 224 525 23 13 31 12
internal_value=-0.000816208 -0.00482796 0.00240041 0.00873457 0.00562284 0.00770433
internal_weight=16.604 12.0408 4.94853 4.56318 3.81355 3.34347
internal_count=896 659 134 237 111 80
is_linear=0
shrinkage=0.02


Tree=629
num_leaves=7
num_cat=0
split_feature=46 28 43 43 56 30
split_gain=1.57337 1.4919 0.534474 0.327555 0.225791 0.152398
threshold=0.009364992800828047 0.097557098598229572 -0.017096219207920742 0.043578704867871298 0.22886904761904764 0.10846830337247403
decision_type=2 2 2 2 2 2
left_child=3 2 -2 5 -3 -1
right_child=1 4 -4 -5 -6 -7
leaf_value=-0.01126106862912116 -0.0023674266151289896 0.002848581275054394 0.01067848835144641 0.0028496681960308496 -0.0091787629729713754 0.0015412665017428338
leaf_weight=3.4730483212042613 1.1207861509174106 0.29017697181552682 6.5913996445015055 0.43983168574050058 2.039391464786604 0.16296166856773187
leaf_count=360 42 6 213 8 261 6
internal_value=0.000485881 0.0046932 0.00872845 -0.00876226 -0.00727502 -0.0104786
internal_weight=14.1176 10.0418 7.71219 4.07584 2.32957 3.63601
internal_count=896 522 255 374 267 366
is_linear=0
shrinkage=0.02


Tree=630
num_leaves=7
num_cat=0
split_feature=14 20 66 3 40 40
split_gain=1.3711 0.938591 1.07274 0.69584 0.553615 0.463017
threshold=0.038044359955277836 0.080241768287344153 70.200814697813627 0.16492174851592015 0.074612855477917558 0.062993750448413502
decision_type=2 8 2 2 2 2
left_child=1 2 3 -1 -4 -2
right_child=5 -3 4 -5 -6 -7
leaf_value=-0.0092941994669337048 0.0010827730788164909 0.0082163847637955045 0.0092127842162797596 0.0060816376536879302 -0.0042848433766408392 -0.01027159416085578
leaf_weight=4.4415443916805089 1.7628417965024699 7.4874736592173621 3.2942138966172934 0.756987805943936 1.0163741740398107 4.0357374660670757
leaf_count=139 35 358 29 7 47 299
internal_value=0.000505784 0.00337668 -0.000853318 -0.0064353 0.00582267 -0.00716819
internal_weight=22.7952 16.9966 9.50912 5.19853 4.31059 5.79858
internal_count=914 580 222 146 76 334
is_linear=0
shrinkage=0.02


Tree=631
num_leaves=7
num_cat=0
split_feature=15 44 41 43 2 1
split_gain=1.91928 1.14242 0.84289 0.457082 0.430085 0.412615
threshold=0.038827151055179247 -0.017119415235092535 0.070685470522692626 -0.082319740151278673 0.45946969696969703 0.28228076506676297
decision_type=2 2 2 2 2 2
left_child=1 -1 3 -3 -4 -2
right_child=5 2 4 -5 -6 -7
leaf_value=0.0078504152503402723 -0.0039601826936458834 0.003836040677522125 0.0076526949311646521 -0.010663267856842844 -0.0052852112363603321 0.010553677241795291
leaf_weight=1.6302213417366171 0.38577309669926663 0.46419727569445868 1.4920445531606668 8.4339915569871646 0.85392561298795033 4.5134191936813295
leaf_count=43 7 14 42 439 124 245
internal_value=-0.000658411 -0.00468919 -0.00699991 -0.00959574 0.00277123 0.00893325
internal_weight=17.7736 12.8744 11.2442 8.89819 2.34597 4.89919
internal_count=914 662 619 453 166 252
is_linear=0
shrinkage=0.02


Tree=632
num_leaves=7
num_cat=0
split_feature=46 28 39 63 38 38
split_gain=1.89542 1.26923 0.462386 0.372695 0.469255 0.235311
threshold=0.009364992800828047 0.10707780842249982 0.025897916553492363 0.084575484272258764 0.032021745985761532 0.083682094954851932
decision_type=2 2 2 2 2 2
left_child=2 3 -1 4 -2 -3
right_child=1 5 -4 -5 -6 -7
leaf_value=-0.011551609555976594 -0.0054756654069097778 -0.0088323914738804108 0.0036132996529567602 0.011070854100394528 0.0073315771121692597 0.003348729419036705
leaf_weight=4.0100525668822238 1.237943769898264 1.8644295842386784 0.47794447094202031 5.2106793229468167 1.3837854964658616 0.24793465435504902
leaf_count=371 39 267 10 179 47 1
internal_value=2.10926e-05 0.00482965 -0.00957251 0.00837599 0.00144204 -0.00678608
internal_weight=14.4328 9.94477 4.488 7.83241 2.62173 2.11236
internal_count=914 533 381 265 86 268
is_linear=0
shrinkage=0.02


Tree=633
num_leaves=7
num_cat=0
split_feature=28 38 19 8 15 71
split_gain=1.28261 0.929351 1.2606 0.633641 0.493279 0.487259
threshold=0.14042933558932616 0.060501921201270674 -0.10987722162034382 0.43565681614290935 0.062633350414234512 0.21383333333333335
decision_type=2 2 2 2 2 2
left_child=1 2 -1 5 -2 -4
right_child=4 -3 3 -5 -6 -7
leaf_value=-0.0076632052254680116 0.01093004109027019 -0.010157580939483903 0.0063275457653257155 0.0089512012615608899 -0.0042844754517066012 -0.0047926184327201742
leaf_weight=3.7140393555164364 4.964062495622783 2.7320290612988165 1.547906792722644 5.1712678545154631 0.45245593087747682 3.1534970314241946
leaf_count=224 321 175 18 78 23 62
internal_value=0.00160049 -0.00130361 0.00105106 0.00473261 0.00918948 -0.000663719
internal_weight=21.7353 16.3187 13.5867 9.87267 5.41652 4.7014
internal_count=901 557 382 158 344 80
is_linear=0
shrinkage=0.02


Tree=634
num_leaves=7
num_cat=0
split_feature=15 18 2 49 2 8
split_gain=1.80055 0.963272 0.934409 0.388333 0.344902 0.190122
threshold=0.038827151055179247 -0.03095038116486953 0.45505050505050509 0.0092763474914108034 0.16557017543859651 0.81923918376448845
decision_type=2 2 2 2 2 2
left_child=1 2 5 -2 -3 -1
right_child=3 4 -4 -5 -6 -7
leaf_value=0.0090633712239455971 0.010612679260885336 0.0022946971624076421 -0.0081964534397757673 -0.0020716823027207521 -0.010594504663884834 -0.0018741022643637656
leaf_weight=2.6067918231710805 3.7563422010280183 0.57544731348753053 1.4721743422560392 0.84794825920835126 6.6068571144714952 0.40523646445944894
leaf_count=78 214 7 161 33 392 16
internal_value=-0.00118891 -0.00530396 0.00178569 0.00832383 -0.00940758 0.00749151
internal_weight=16.2708 11.6665 4.4842 4.60429 7.1823 3.01203
internal_count=901 654 255 247 399 94
is_linear=0
shrinkage=0.02


Tree=635
num_leaves=7
num_cat=0
split_feature=38 28 60 28 51 39
split_gain=2.05871 0.888433 0.505688 0.272999 0.268685 0.234795
threshold=0.060501921201270674 -0.0079201708901896258 0.20297095070422538 0.11955350104600689 0.3327879352799849 -0.006587790783100708
decision_type=2 2 2 2 2 2
left_child=1 -1 -3 -2 -4 -6
right_child=3 2 4 -5 5 -7
leaf_value=0.0069545151535848997 0.010863711929716609 0.0026933079402190717 -0.011170323480004907 -0.002814973012837793 -0.0057396622408050699 0.0048501193491516346
leaf_weight=1.1026036250405002 3.7778977900743493 1.1194651813711951 6.3885031049139798 0.25691176950931538 0.73472904297523201 0.63628277322277405
leaf_count=23 174 55 534 7 94 14
internal_value=-0.00105578 -0.00584812 -0.007981 0.00960663 -0.00965265 -0.000852207
internal_weight=14.0164 9.98158 8.87898 4.03481 7.75951 1.37101
internal_count=901 720 697 181 642 108
is_linear=0
shrinkage=0.02


Tree=636
num_leaves=7
num_cat=0
split_feature=28 46 43 40 42 17
split_gain=1.41102 1.08039 0.918541 0.80352 0.793781 0.572006
threshold=0.085837477833543452 0.0056549705148071635 0.0011485658930781991 0.077820676126642535 -0.0052076279289635227 0.1167748917748918
decision_type=2 2 2 2 2 2
left_child=2 5 3 4 -1 -2
right_child=1 -3 -4 -5 -6 -7
leaf_value=-0.0068454520568280511 0.0059393265285826533 0.0099903389450795976 -0.010907243323362672 -0.0069765343169663286 0.0087854716338895533 -0.006626343477163065
leaf_weight=0.95693337591364969 1.3918160619214157 6.7660172716714442 3.833014297299087 2.7365400367416441 3.7408439442515391 2.8383409669622779
leaf_count=28 42 320 219 157 27 117
internal_value=0.00068039 0.00553149 -0.00411895 0.000259222 0.00495886 -0.00214686
internal_weight=22.2635 10.9962 11.2673 7.43432 4.69778 4.23016
internal_count=910 479 431 212 55 159
is_linear=0
shrinkage=0.02


Tree=637
num_leaves=7
num_cat=0
split_feature=48 18 42 42 42 68
split_gain=1.9498 1.10831 0.817794 0.395044 0.297317 0.22269
threshold=0.019671643955978101 -0.0091989236114220479 -0.0052076279289635227 0.002138375346397423 0.069246920298800127 0.39107142857142857
decision_type=2 2 2 2 2 2
left_child=1 4 -2 -3 -1 -4
right_child=2 3 5 -5 -6 -7
leaf_value=0.010531187313227495 0.0052802762907562034 0.0039767800332441254 -0.010877324193355834 -0.0074497723275053383 -0.0024719889994022208 0.0020755732463588299
leaf_weight=6.0309031289070845 1.0243279132992036 1.1466749757528325 6.2644741034600866 2.2223484697751701 0.40726945037022222 0.25953468168154348
leaf_count=247 48 20 500 61 22 12
internal_value=-0.0005785 0.00509809 -0.00768743 -0.00354059 0.00948687 -0.0101547
internal_weight=17.3555 9.8072 7.54834 3.36902 6.43817 6.52401
internal_count=910 350 560 81 269 512
is_linear=0
shrinkage=0.02


Tree=638
num_leaves=7
num_cat=0
split_feature=28 43 48 16 29 46
split_gain=2.03007 1.76696 0.267731 0.181454 0.159924 0.13326
threshold=0.07978439301188657 -0.017096219207920742 0.014806053481072281 0.13464695715977135 -0.052801344904806237 0.01738987986134179
decision_type=2 2 2 2 2 2
left_child=1 4 5 -2 -1 -3
right_child=3 2 -4 -5 -6 -7
leaf_value=0.0018542920548702557 -0.010922135453286764 -0.0034058642505206522 0.011502462061730331 0.0017771379256294919 -0.0090975340515312402 0.0047772194348486216
leaf_weight=0.2833567687775943 4.296056143939496 0.69327030889689722 5.5301619730889797 0.21228434098884452 2.1328945981804281 0.51893376931548119
leaf_count=14 486 16 213 10 160 11
internal_value=-0.000355191 0.00496921 0.0098939 -0.0101101 -0.00764636 0.000673189
internal_weight=13.667 9.15862 6.74237 4.50834 2.41625 1.2122
internal_count=910 414 240 496 174 27
is_linear=0
shrinkage=0.02


Tree=639
num_leaves=7
num_cat=0
split_feature=28 15 70 71 40 59
split_gain=1.48617 0.801549 0.764213 0.671258 0.439256 0.319583
threshold=0.11290454205342343 0.040300263115127022 0.016750000000000004 0.34841666666666671 0.02628970106268325 0.59076704545454561
decision_type=2 2 2 2 2 2
left_child=2 -2 5 4 -4 -1
right_child=1 -3 3 -5 -6 -7
leaf_value=-0.0041187067018692396 0.010181354685991668 -0.0043992457064022383 0.0015121353854772362 0.005643300991222803 -0.0099111171246338819 0.0059547347626176406
leaf_weight=1.0042092213407183 5.53463778970763 1.3368041086941955 1.3143378710374198 0.91379430377855975 7.4164094710722566 3.0508074136450887
leaf_count=14 307 70 19 16 409 28
internal_value=0.000139155 0.00714625 -0.00362253 -0.00649312 -0.00821277 0.00313881
internal_weight=20.571 6.87144 13.6996 9.64454 8.73075 4.05502
internal_count=863 377 486 444 428 42
is_linear=0
shrinkage=0.02


Tree=640
num_leaves=7
num_cat=0
split_feature=18 42 12 42 34 15
split_gain=1.89413 1.40159 0.50895 0.499016 0.183106 0.180579
threshold=-0.0091989236114220479 0.062297527219252115 161.07445421961555 -1.0000000180025095e-35 0.044256717485111306 0.086732737633877649
decision_type=2 2 2 2 2 2
left_child=1 2 -1 4 -2 -5
right_child=3 -3 -4 5 -6 -7
leaf_value=0.010619569961716596 0.0059999991512734632 -0.0071752599622003877 -0.00320045017067972 -0.010951321929606688 -0.0037037544122328417 0.0019617092636572591
leaf_weight=6.5588218269404042 0.72498328797519185 2.0755413582082838 0.77881660452112544 5.3008914527017614 0.52643461152911186 0.1682743951678275
leaf_count=286 17 201 46 300 7 6
internal_value=-0.000554712 0.00504271 0.00894479 -0.00803241 0.00208596 -0.0103122
internal_weight=16.1338 9.41318 7.33764 6.72058 1.25142 5.46917
internal_count=863 533 332 330 24 306
is_linear=0
shrinkage=0.02


Tree=641
num_leaves=7
num_cat=0
split_feature=28 46 38 38 2 61
split_gain=1.54417 1.09134 0.256765 0.252277 0.176481 0.151077
threshold=0.062516793501303639 0.009364992800828047 0.069631348789745376 0.066385877602505625 0.21231060606060609 0.1122546524475785
decision_type=2 2 2 2 2 2
left_child=1 2 -1 5 -3 -2
right_child=3 4 -4 -5 -6 -7
leaf_value=-0.0078473079642958441 0.0013719924011633986 -0.0020307886360913362 0.0038015645622439336 0.001666263523553409 0.010388315616232187 -0.0098276708561666742
leaf_weight=1.6512301140464845 0.28297829860821355 0.17416206374764431 0.37200566753745068 0.73666578158736218 5.6260500829666853 3.9870580018032342
leaf_count=112 13 10 7 13 220 488
internal_value=0.000470175 0.00576416 -0.00515648 -0.00738462 0.00977161 -0.00896596
internal_weight=12.8302 7.82345 2.02324 5.0067 5.80021 4.27004
internal_count=863 349 119 514 230 501
is_linear=0
shrinkage=0.02


Tree=642
num_leaves=7
num_cat=0
split_feature=10 63 65 38 69 68
split_gain=1.09188 0.641611 0.778428 0.558259 0.398678 0.378131
threshold=1.3633297634552548 0.085419670363861874 0.43556371766208885 0.076388500640897958 0.041824734446130503 -0.063491199118773059
decision_type=2 2 2 2 2 2
left_child=1 2 5 -2 -3 -1
right_child=3 4 -4 -5 -6 -7
leaf_value=0.0037109504323049733 0.0081623789768760675 -0.0088972051572731026 0.0067963744752805181 -0.005087162108846118 0.0025598571308911543 -0.0086081158457309709
leaf_weight=0.77807365963235531 6.5903323888778678 5.3336041518487036 3.7032966953702271 0.82529577892273653 1.0318958293646572 2.1957694711163658
leaf_count=24 313 227 84 35 37 150
internal_value=0.000585962 -0.00285529 0.00143988 0.00625855 -0.00694454 -0.00526221
internal_weight=20.4583 13.0426 6.67714 7.41563 6.3655 2.97384
internal_count=870 522 258 348 264 174
is_linear=0
shrinkage=0.02


Tree=643
num_leaves=7
num_cat=0
split_feature=18 2 16 48 2 15
split_gain=1.61645 0.846579 0.624626 0.292556 0.260038 0.25116
threshold=-0.03095038116486953 0.43083176985616017 -0.024169341130431867 -0.00017542792166284619 0.39411255411255414 0.081617648430370351
decision_type=2 2 2 2 2 2
left_child=1 -1 4 -3 -2 -4
right_child=2 3 5 -5 -6 -7
leaf_value=0.010312426572660663 0.0043904941108940032 0.0048011983914302767 -0.010410287701157164 -0.006517677225786115 -0.0052292757994218666 0.0021686041968348351
leaf_weight=4.8075581626035282 2.2314667389728133 0.52954102633520994 5.2451786920428258 1.666820299811661 0.75572183006443072 0.36327255144715298
leaf_count=264 67 7 291 166 61 14
internal_value=-0.000433683 0.00622847 -0.00594553 -0.0031404 0.00125567 -0.00939066
internal_weight=15.5996 7.00392 8.59564 2.19636 2.98719 5.60845
internal_count=870 437 433 173 128 305
is_linear=0
shrinkage=0.02


Tree=644
num_leaves=7
num_cat=0
split_feature=43 28 37 28 48 56
split_gain=1.66627 1.08199 0.655293 0.31513 0.224544 0.207137
threshold=-0.01284433322148811 0.098987863072906523 0.020487878472411878 -0.014787535095022194 0.0023129002013061255 0.22730392156862747
decision_type=2 2 2 2 2 2
left_child=3 2 4 -1 -2 -3
right_child=1 5 -4 -5 -6 -7
leaf_value=0.0028587783009156433 -0.001622825491620964 0.002935517294623199 -0.0055556350478902384 -0.01063148734896995 0.011032504450343147 -0.0085533457609648627
leaf_weight=0.3772862134501328 0.35347566753625681 0.28146867523901153 0.59453113190829743 4.0842266671825218 5.7452773898839951 1.6168981846421955
leaf_count=8 6 5 8 461 208 174
internal_value=-0.000382461 0.00466455 0.00823604 -0.00917613 0.0101737 -0.00642481
internal_weight=13.0532 8.59165 6.69328 4.46151 6.09875 1.89837
internal_count=870 401 222 469 214 179
is_linear=0
shrinkage=0.02


Tree=645
num_leaves=7
num_cat=0
split_feature=34 8 38 67 44 11
split_gain=1.27435 0.625422 0.586227 0.517911 0.453358 0.395281
threshold=0.037236458297468723 0.7819208902343826 0.064181334306981905 69.808943167427785 0.010736551646714812 1.1392588231053031
decision_type=2 2 2 2 2 2
left_child=1 3 -2 5 -3 -1
right_child=2 4 -4 -5 -6 -7
leaf_value=-0.0088733486658912689 0.008437019304957943 -0.0058938361623460875 -0.004378163580947652 0.0051466485043385034 0.0072639456302208737 0.0036667539182227704
leaf_weight=8.1776618924923223 5.8445840538479379 0.68977977475151364 1.1342836953699587 0.72844576276838857 2.1449158643372357 0.58500803401693779
leaf_count=402 352 27 53 14 41 12
internal_value=-0.000267928 -0.00404057 0.00606648 -0.00636053 0.00336017 -0.00774632
internal_weight=19.3047 12.3258 6.97887 9.49112 2.8347 8.76267
internal_count=901 496 405 428 68 414
is_linear=0
shrinkage=0.02


Tree=646
num_leaves=7
num_cat=0
split_feature=42 41 42 43 14 31
split_gain=1.7876 1.45571 0.616396 0.303669 0.287244 0.222969
threshold=0.064880436125691818 0.024573737497591553 -0.0052076279289635227 -0.078822181369726671 -0.048234864968760983 -0.076554525419603878
decision_type=2 2 2 2 2 2
left_child=1 2 5 -4 -3 -1
right_child=-2 4 3 -5 -6 -7
leaf_value=-0.0035887057760137322 -0.010072369519960432 -0.0027992589450043844 0.0037556228214348369 -0.0088419838545382573 0.01109863881711616 0.0077642071626367508
leaf_weight=0.30415189266204823 3.8445251167286196 0.26267424854449828 0.34602332115173373 3.3690942598041129 5.8972823210060605 1.3589010462164877
leaf_count=3 410 34 6 128 274 46
internal_value=0.000261162 0.00423304 -0.00312653 -0.00712099 0.0101978 0.00511998
internal_weight=15.3827 11.5381 5.37817 3.71512 6.15996 1.66305
internal_count=901 491 183 134 308 49
is_linear=0
shrinkage=0.02


Tree=647
num_leaves=7
num_cat=0
split_feature=38 28 47 43 47 34
split_gain=1.67465 0.75968 0.509758 0.294688 0.153753 0.138318
threshold=0.019885391316032626 0.10707780842249982 0.0043287960584864173 -0.007419507890758458 0.00083979681747389063 0.034533418227008679
decision_type=2 2 2 2 2 2
left_child=2 3 -1 4 -2 -4
right_child=1 -3 5 -5 -6 -7
leaf_value=-0.010541362496098657 -0.0048396779399437709 -0.0063469362266532423 0.0047358836555207685 0.010659431477232971 0.0042885599049985118 -0.0036714273022405612
leaf_weight=3.9655492876190692 0.53252393729053427 0.85134248086251307 1.042024719994515 4.8044523093849421 0.43599773943424225 0.36968682031147171
leaf_count=530 20 75 13 206 7 50
internal_value=8.93492e-05 0.00640887 -0.00747995 0.00894933 -0.000639343 0.00192481
internal_weight=12.0016 6.62432 5.37726 5.77297 0.968522 1.41171
internal_count=901 308 593 233 27 63
is_linear=0
shrinkage=0.02


Tree=648
num_leaves=7
num_cat=0
split_feature=14 25 34 65 34 38
split_gain=1.36093 0.758247 0.656085 0.542039 0.411708 0.370994
threshold=-0.028077456079759793 0.24555644236917948 -1.0000000180025095e-35 0.35637109030766684 0.090993627936157243 0.060501921201270674
decision_type=2 2 2 2 2 2
left_child=5 4 -3 -4 -2 -1
right_child=1 2 3 -5 -6 -7
leaf_value=0.010095705683167479 -0.0090197586357982813 -0.0072092939956330962 -0.0059609200536011788 0.0060059156152042969 0.0041218412924890254 -0.0027725991750282299
leaf_weight=4.5194757329300073 5.779729926493018 1.9505368405953047 1.0545863290317337 6.2967919148504734 0.51981409452855576 0.62717702845111478
leaf_count=283 285 99 43 135 15 28
internal_value=0.000304845 -0.00268541 0.00100034 0.00378102 -0.00751925 0.00833161
internal_weight=20.7481 15.6015 9.30192 7.35138 6.29954 5.14665
internal_count=888 577 277 178 300 311
is_linear=0
shrinkage=0.02


Tree=649
num_leaves=7
num_cat=0
split_feature=43 48 34 46 15 38
split_gain=1.80386 1.17424 0.593122 0.357318 0.21693 0.200388
threshold=-0.01284433322148811 0.032338349179551869 0.083875802016540435 0.015173453031883572 0.1452302849686746 0.026925250574297514
decision_type=2 2 2 2 2 2
left_child=1 2 3 5 -2 -1
right_child=4 -3 -4 -5 -6 -7
leaf_value=0.011457507732961215 -0.010003214963427222 -0.0073127384192677829 -0.0042200792978772566 -0.00087709848040911926 0.0025253626702070836 0.00028726856010505823
leaf_weight=6.4478666167706251 4.5942706675268701 1.9181195616256435 0.98468544380739409 1.116514162160456 0.22101142443716515 0.76022413140162814
leaf_count=266 415 114 40 33 5 15
internal_value=8.16235e-05 0.00443825 0.00733394 0.00900663 -0.0090928 0.0104579
internal_weight=16.0427 11.2274 9.30929 8.3246 4.81528 7.20809
internal_count=888 468 354 314 420 281
is_linear=0
shrinkage=0.02


Tree=650
num_leaves=7
num_cat=0
split_feature=38 41 71 28 39 28
split_gain=1.37568 0.980633 0.734742 0.307612 0.263717 0.248525
threshold=0.066385877602505625 0.015812383105698161 0.2501666666666667 -0.0079201708901896258 0.019271861783715691 0.11000076801528812
decision_type=2 2 2 2 2 2
left_child=1 2 3 -1 -3 -2
right_child=5 4 -4 -5 -6 -7
leaf_value=0.0044287005193365658 0.010370070124838125 -0.011408244499781129 0.0078219432479882112 -0.0076339383948351306 0.0023772494730657681 -0.0027535278514386552
leaf_weight=0.41573837958276305 3.0817919401451959 4.2323452353011817 2.5662058133166283 2.1979991968255472 0.27651304006576527 0.25049853511154641
leaf_count=7 160 503 83 113 15 7
internal_value=-0.000572059 -0.00438834 0.00157788 -0.00502069 -0.0102848 0.00897566
internal_weight=13.0211 9.6888 5.17994 2.61374 4.50886 3.33229
internal_count=888 721 203 120 518 167
is_linear=0
shrinkage=0.02


Tree=651
num_leaves=7
num_cat=0
split_feature=28 66 14 63 1 8
split_gain=1.23779 0.842934 0.793514 0.395624 0.361695 0.326438
threshold=0.08120417182156793 70.200814697813627 0.094492715292091176 0.086250656397689487 0.39938650306748474 0.82054468655565593
decision_type=2 2 2 2 2 2
left_child=1 5 4 -3 -2 -1
right_child=2 3 -4 -5 -6 -7
leaf_value=-0.011167783810979983 0.0098205736432790142 0.0053458737144829642 -0.0068714710249036057 -0.0043570722265439859 0.0011199994596642773 0.0015913881188564225
leaf_weight=4.0153386909514683 6.1838289704173786 3.1604711185209453 1.0383467152714718 1.8864797852002082 2.9898578957654536 0.68255815468728531
leaf_count=238 250 62 101 90 132 22
internal_value=0.000827588 -0.00406407 0.00544161 0.00159829 0.00737372 -0.00936005
internal_weight=19.9569 9.74485 10.212 5.04695 9.17369 4.6979
internal_count=895 412 483 152 382 260
is_linear=0
shrinkage=0.02


Tree=652
num_leaves=7
num_cat=0
split_feature=43 15 1 62 2 41
split_gain=1.71147 0.766021 0.513559 0.445018 0.313331 0.14526
threshold=-0.023593925175323358 -0.00072925950932334414 0.29550637156270965 0.093450292397660825 0.25098425196850399 0.02688460866986803
decision_type=2 2 2 2 2 2
left_child=1 3 -3 -1 5 -2
right_child=4 2 -4 -5 -6 -7
leaf_value=0.0054659828782255126 -0.0040299459565032343 -0.0029901920360694213 0.0098384120741452415 -0.0078265078911477787 -0.010381864690747696 0.0049402595075282822
leaf_weight=0.68095002952031825 0.38753811269998628 1.0597379766404609 5.4231885026674718 1.9687686914112417 4.9679026361554861 0.54617557115852833
leaf_count=16 5 17 280 101 456 20
internal_value=-0.00105544 0.00424252 0.00762201 -0.0038488 -0.00868074 0.00105848
internal_weight=15.0343 9.13265 6.48293 2.64972 5.90162 0.933714
internal_count=895 414 297 117 481 25
is_linear=0
shrinkage=0.02


Tree=653
num_leaves=7
num_cat=0
split_feature=28 48 16 45 72 70
split_gain=1.24706 0.784848 0.560307 0.384261 0.384752 0.134348
threshold=0.069106359073981952 0.011650527791598256 0.11303473678652785 -0.014913294181259125 0.15925000000000003 0.046833333333333345
decision_type=2 2 2 2 2 2
left_child=1 5 -2 4 -3 -1
right_child=2 3 -4 -5 -6 -7
leaf_value=-0.0076888489387760377 -0.0098238400688725903 -0.0060422130628524189 0.0048396497495442536 0.010502115749488486 0.0060706992372710922 0.0018798948952306153
leaf_weight=1.2208912521600703 4.0966683640144774 1.0092531202826651 0.66211762954480935 4.2317555136978626 1.1978072114288805 0.34798589884303499
leaf_count=82 497 39 22 192 41 22
internal_value=-3.05394e-05 0.00461876 -0.00729751 0.00754776 0.000374764 -0.00566085
internal_weight=12.7665 8.00769 4.75879 6.43882 2.20706 1.56888
internal_count=895 376 519 272 80 104
is_linear=0
shrinkage=0.02


Tree=654
num_leaves=7
num_cat=0
split_feature=24 67 1 62 26 51
split_gain=1.03407 0.637459 0.646763 0.481681 0.373011 0.314718
threshold=0.36666666666666675 28.65654702794723 0.33658606245239914 0.10896188765838573 -0.032257116067637946 0.20058384136660953
decision_type=10 2 2 2 2 2
left_child=1 2 3 5 -4 -1
right_child=-2 -3 4 -5 -6 -7
leaf_value=-0.0036957747988059725 0.0073381658479741829 0.0052247659300250285 0.00031852461368541058 -0.0042702012904445247 -0.01018757680592655 0.0083328764727486834
leaf_weight=0.53997457120567771 4.5365020874887696 2.5125796338543287 1.6279560578987 3.1013644863851368 5.5582001307047904 2.2375985570251942
leaf_count=19 300 55 73 100 305 38
internal_value=-0.000152574 -0.00264508 -0.00442241 0.000548552 -0.00805935 0.00563513
internal_weight=20.1142 15.5777 13.0651 5.87894 7.18616 2.77757
internal_count=890 590 535 157 378 57
is_linear=0
shrinkage=0.02


Tree=655
num_leaves=7
num_cat=0
split_feature=18 42 42 26 15 43
split_gain=1.73723 1.35963 0.521952 0.445345 0.226483 0.182778
threshold=-0.0091989236114220479 0.066236817852183674 0.0072682559549917545 -0.034492183956933591 0.040300263115127022 -0.050426756423209006
decision_type=2 2 2 2 2 2
left_child=1 3 5 4 -1 -2
right_child=2 -3 -4 -5 -6 -7
leaf_value=-0.0048466400168795396 0.0060597896002061134 -0.0079170452718461144 -0.010185620529735888 0.011008565776191663 0.0052526689416460808 -0.0033637272790943973
leaf_weight=0.98144951090216526 0.76432426739484072 1.6544449345674364 4.7452614647336304 6.0334750972688189 0.61419339803978801 0.67012903932482071
leaf_count=61 19 193 304 269 28 16
internal_value=0.000111951 0.0053764 -0.00744396 0.00884261 -0.000433245 0.00208407
internal_weight=15.4633 9.28356 6.17971 7.62912 1.59564 1.43445
internal_count=890 551 339 358 89 35
is_linear=0
shrinkage=0.02


Tree=656
num_leaves=7
num_cat=0
split_feature=28 38 41 63 38 69
split_gain=1.34171 0.549417 0.45493 0.411714 0.287332 0.160202
threshold=0.017234676038807618 0.066385877602505625 0.010682403593812369 0.088620794340095843 0.0077195410919698353 0.11750749397831604
decision_type=2 2 2 2 2 2
left_child=4 2 3 5 -1 -2
right_child=1 -3 -4 -5 -6 -7
leaf_value=-0.0031559759471567299 -0.0075520264197295722 0.0053253519982506981 -0.010021802911956739 0.0052133368295352719 0.0099794658532510634 0.0027283367101477675
leaf_weight=0.30245174351148429 1.5940235971938803 1.2413208680227397 4.076431198278442 1.677494532195851 3.6788145690225065 0.23424627445638169
leaf_count=28 83 40 506 59 171 3
internal_value=9.98479e-05 -0.00419434 -0.00619177 -0.000502471 0.00854834 -0.00573591
internal_weight=12.8048 8.82352 7.5822 3.50576 3.98127 1.82827
internal_count=890 691 651 145 199 86
is_linear=0
shrinkage=0.02


Tree=657
num_leaves=7
num_cat=0
split_feature=10 40 46 38 42 38
split_gain=1.19186 0.801509 0.593356 0.472323 0.463796 0.514241
threshold=1.432975467418065 0.07407757091967207 -6.5810430056680949e-05 0.076388500640897958 0.045900508776053131 0.018116670719786829
decision_type=2 2 2 2 2 2
left_child=1 -1 -2 -4 -3 -6
right_child=2 4 3 -5 5 -7
leaf_value=0.0026484269647707327 -0.003637682344787702 -0.010644825848676742 0.01101854488145089 -0.003762819968787556 0.0051924060160486417 -0.0070454030257505853
leaf_weight=6.3106968682259339 1.1577349808067081 3.703464733902365 5.5940884412266305 0.50080305850133289 1.8829373936168852 1.6358961546793578
leaf_count=142 33 248 286 27 33 133
internal_value=0.00114082 -0.00236065 0.00716873 0.00944482 -0.00652727 -0.000797013
internal_weight=20.7856 13.533 7.25263 6.09489 7.2223 3.51883
internal_count=902 556 346 313 414 166
is_linear=0
shrinkage=0.02


Tree=658
num_leaves=7
num_cat=0
split_feature=18 42 42 43 27 20
split_gain=1.5979 0.951668 0.739656 0.336121 0.32469 0.314844
threshold=-0.03095038116486953 0.066236817852183674 -0.0052076279289635227 -0.078822181369726671 -0.16309211390777514 0.12089720408203651
decision_type=2 2 2 2 2 10
left_child=1 4 5 -4 -1 -2
right_child=2 -3 3 -5 -6 -7
leaf_value=-0.002809094898721106 0.0078700677930247081 -0.0065871405311413037 0.0036541545317242204 -0.0095389267635618731 0.010536193972594057 -0.0045457972421168507
leaf_weight=0.40854586823843408 1.2863163398578752 1.1532008273061363 0.34302251227199931 6.6952303098514676 5.436853788094596 0.47494402434676875
leaf_count=38 47 126 6 416 262 7
internal_value=-0.000448157 0.00621106 -0.00583784 -0.00852133 0.00932936 0.00408823
internal_weight=15.7981 6.9986 8.79951 7.03825 5.8454 1.76126
internal_count=902 426 476 422 300 54
is_linear=0
shrinkage=0.02


Tree=659
num_leaves=7
num_cat=0
split_feature=38 41 28 43 43 28
split_gain=1.42483 0.728856 0.49653 0.465453 0.331702 0.268931
threshold=0.038991839640575052 0.010682403593812369 0.11000076801528812 -0.017096219207920742 -0.037566724655296049 0.096775068064131373
decision_type=2 2 2 2 2 2
left_child=1 3 4 -1 -2 -5
right_child=2 -3 -4 5 -6 -7
leaf_value=-0.0068906128249818163 -0.0033875689506671289 -0.010881759770013247 -0.0050057981522898835 0.0073525375302281107 0.010646489193959456 -0.0031970354379548191
leaf_weight=1.292341256747022 0.30906454287469376 4.2474330638069659 0.56157595617696632 2.1008788496255861 3.7489717248827228 0.73165279487147916
leaf_count=96 5 506 32 22 198 43
internal_value=-0.00123824 -0.00593597 0.00681691 0.000286356 0.00911922 0.00450438
internal_weight=12.9919 8.37231 4.61961 4.12487 4.05804 2.83253
internal_count=902 667 235 161 203 65
is_linear=0
shrinkage=0.02


Tree=660
num_leaves=7
num_cat=0
split_feature=28 42 38 53 63 15
split_gain=1.00568 0.880536 1.2252 0.749791 0.64231 0.449899
threshold=0.16133876962762525 0.0099345188642554916 0.060501921201270674 0.14338556571741148 0.10649457158478483 0.062633350414234512
decision_type=2 2 2 2 2 2
left_child=1 -1 3 -3 -5 -2
right_child=5 2 -4 4 -6 -7
leaf_value=-0.0093680749948057852 0.010651068478457008 -0.0029645779784428041 -0.0095070528607163352 0.010093863238874059 -0.0042407129235183224 -0.0042396362684090664
leaf_weight=3.4817299107089665 3.508610215503722 3.3675392512232047 2.469305877108126 5.5867988332174718 0.95307480730116356 0.42545044701546419
leaf_count=240 296 71 176 75 26 13
internal_value=0.000589923 -0.00176245 0.000917492 0.0041491 0.00771947 0.00850783
internal_weight=19.7925 15.8584 12.3767 9.90741 6.53987 3.93406
internal_count=897 588 348 172 101 309
is_linear=0
shrinkage=0.02


Tree=661
num_leaves=7
num_cat=0
split_feature=2 19 4 2 18 20
split_gain=1.44745 0.843092 0.685177 0.50505 0.252436 0.246961
threshold=0.32163382594417084 -0.015582963310862117 0.058381532741169188 0.5335585585585586 -0.070350573610163489 0.14674660209179485
decision_type=2 2 2 2 2 8
left_child=1 5 4 -4 -2 -1
right_child=2 -3 3 -5 -6 -7
leaf_value=0.01069703934130551 0.0015018958579720535 -0.0067084127613356191 0.007557683287688341 -0.0051948782573178389 -0.010041306374476375 -0.0016823507878022293
leaf_weight=4.7346155410632491 0.59065755014307697 0.85014560865238387 1.7076964862644675 1.3641950502060352 5.2321565567981443 0.44606580538675178
leaf_count=263 34 9 54 181 337 19
internal_value=-0.000345904 0.0066136 -0.00525612 0.00200944 -0.00882187 0.00953141
internal_weight=14.9255 6.03083 8.89471 3.07189 5.82281 5.18068
internal_count=897 291 606 235 371 282
is_linear=0
shrinkage=0.02


Tree=662
num_leaves=7
num_cat=0
split_feature=38 47 71 71 47 28
split_gain=1.5943 0.867986 0.406047 0.362538 0.239329 0.211946
threshold=0.060501921201270674 0.0040407287782345406 0.2421666666666667 0.27416666666666673 -0.0064195644810912805 0.11955350104600689
decision_type=2 2 2 2 2 2
left_child=1 3 -3 -1 -5 -2
right_child=5 2 -4 4 -6 -7
leaf_value=-0.011282111538300733 0.010531988023120314 -0.0042935022937615787 0.0076891180483878128 0.0050042608739567429 -0.0051953879233426507 -0.0023759046218096483
leaf_weight=4.4190228560473752 3.3027264587581171 1.0547967690508815 1.8465022949967531 0.76996686914935708 0.922038529301062 0.20878941379487503
leaf_count=458 175 50 65 41 102 6
internal_value=-0.000499656 -0.0049141 0.00334884 -0.00875631 -0.000419152 0.00940799
internal_weight=12.5238 9.01233 2.9013 6.11103 1.69201 3.51152
internal_count=897 716 115 601 143 181
is_linear=0
shrinkage=0.02


Tree=663
num_leaves=7
num_cat=0
split_feature=40 14 31 60 34 38
split_gain=0.932073 0.931675 0.865207 0.504468 0.441977 0.367712
threshold=0.077017442196986835 -0.011057105485097902 -0.028064388438153089 0.21973859473859478 -0.01203560672135001 0.068259426444936031
decision_type=2 2 2 2 2 2
left_child=3 2 -2 -1 -5 -6
right_child=1 -3 -4 4 5 -7
leaf_value=-0.0043581642513309234 0.0087935817190581533 -0.0084273515947905428 -0.0056050601438904111 -0.0047384584759259168 0.0096315624169659147 -0.0032692680421488656
leaf_weight=1.2192812939174489 2.7889025388285518 5.4703332278877479 2.0836212984286249 0.53237361647188652 6.3340778741985559 0.51668752310797561
leaf_count=41 172 373 88 27 143 24
internal_value=0.000514079 -0.00339365 0.00273037 0.00507654 0.00696864 0.00836609
internal_weight=18.9453 10.3429 4.87252 8.60242 7.38314 6.85077
internal_count=868 633 260 235 194 167
is_linear=0
shrinkage=0.02


Tree=664
num_leaves=7
num_cat=0
split_feature=49 42 30 46 42 15
split_gain=1.47601 0.880702 0.544682 0.33488 0.218875 0.210732
threshold=-0.0002829579153249046 0.00072863773870476833 0.001542903024573779 0.022186381745191528 0.041468567549974529 0.070516206618957314
decision_type=2 2 2 2 2 2
left_child=2 -2 3 -1 -4 -3
right_child=1 5 4 -5 -6 -7
leaf_value=0.0098056999375843567 0.0039498295559719345 -0.011047086079532576 0.0026838056149294182 -0.003577091774497543 -0.0064929718794045389 0.0016895054619704213
leaf_weight=4.8719243472442031 1.8271280443295834 5.0489892868790776 1.3043115087784829 0.3451083288528024 1.0326358089223502 0.30160856759175647
leaf_count=186 82 419 55 7 98 21
internal_value=-0.000489758 -0.00653702 0.00534877 0.00848745 -0.00210178 -0.0101761
internal_weight=14.7317 7.17773 7.55398 5.21703 2.33695 5.3506
internal_count=868 522 346 193 153 440
is_linear=0
shrinkage=0.02


Tree=665
num_leaves=7
num_cat=0
split_feature=43 17 71 39 27 39
split_gain=1.67357 0.523665 0.435314 0.363892 0.168384 0.126096
threshold=0.012605423644503748 0.083683473389355764 0.25058333333333338 -0.014678014495208737 -0.071829147298289972 0.049675983656316459
decision_type=2 2 2 2 2 2
left_child=1 2 -1 4 -2 -3
right_child=3 5 -4 -5 -6 -7
leaf_value=-0.0056350451787596356 -0.0052946427178963817 -0.010592258937613643 0.0072519307366040201 0.010124854035778624 0.0041154209099753493 0.0015003375110767339
leaf_weight=1.0906686885282399 0.68552695703692734 4.0758540926035494 1.1271431886125354 3.8287640661001205 0.43812386132776715 0.12401012890040863
leaf_count=29 73 538 21 191 11 5
internal_value=-0.00020604 -0.00652947 0.00113272 0.00770859 -0.00141538 -0.0100153
internal_weight=11.3701 6.41768 2.21781 4.95241 1.12365 4.19986
internal_count=868 593 50 275 84 543
is_linear=0
shrinkage=0.02


Tree=666
num_leaves=7
num_cat=0
split_feature=14 7 38 53 34 40
split_gain=1.18596 0.818507 1.01175 0.546248 0.431593 0.345581
threshold=0.038044359955277836 64.505864503205146 0.073437528073747524 0.12230937806997659 -0.010333275169310872 0.13182266055552369
decision_type=2 2 2 2 2 2
left_child=1 3 4 -1 -3 -6
right_child=-2 2 -4 -5 5 -7
leaf_value=0.0046837705180611368 -0.0076464714853871516 -0.0043912672598193717 -0.0073497700236730135 -0.0089372530872257154 0.010266100981576567 -0.00013532059160326564
leaf_weight=1.0541393384337454 4.5509441262111059 0.49979357840493221 1.2826883252710093 2.3285738541744649 8.0143142458982748 1.4586287830024947
leaf_count=18 325 17 83 66 293 90
internal_value=0.000310742 0.00311538 0.00561759 -0.0045924 0.00780326 0.00880451
internal_weight=19.1891 14.6381 11.2554 3.38271 9.97274 9.47294
internal_count=892 567 483 84 400 383
is_linear=0
shrinkage=0.02


Tree=667
num_leaves=7
num_cat=0
split_feature=48 46 42 30 30 18
split_gain=1.8827 0.833954 0.306923 0.254628 0.227431 0.154716
threshold=0.011461969564853904 0.0025834807186149119 -0.018459448152491256 0.010335037723771772 0.029698860445076979 -0.11600700597802553
decision_type=2 2 2 2 2 2
left_child=4 3 -3 -2 -1 -4
right_child=1 2 5 -5 -6 -7
leaf_value=0.0094423784688479426 0.0056856420041187204 0.0031171078255746863 0.0012319183993444631 -0.0038684622290295306 -0.0012925580293407673 -0.011068058344312952
leaf_weight=4.7572587081231186 2.0323772355914103 0.2982135284692039 0.23522767750546236 0.90662843547761429 0.65742641361430276 5.6033486106898653
leaf_count=213 85 19 22 33 28 492
internal_value=-0.000350711 -0.00572189 -0.00946054 0.00250451 0.00814068 -0.0104648
internal_weight=14.4905 9.0758 6.13679 2.93901 5.41469 5.83858
internal_count=892 651 533 118 241 514
is_linear=0
shrinkage=0.02


Tree=668
num_leaves=7
num_cat=0
split_feature=46 28 38 16 63 44
split_gain=1.44738 1.25192 0.346136 0.310837 0.203369 0.151145
threshold=0.009364992800828047 0.08854319761516552 0.076388500640897958 0.11303473678652785 0.074272893314419761 -0.00042629002322951826
decision_type=2 2 2 2 2 2
left_child=2 4 -1 -3 -2 -6
right_child=1 3 -4 -5 5 -7
leaf_value=-0.01078251471446884 0.00032263309447349599 -0.0084269255177516246 0.0034356971439685586 0.0038659259673077912 -0.0014883973326129474 0.011010026286262091
leaf_weight=3.4290781819727285 1.0013316036201994 2.1305260057561104 0.32826541736721981 0.45963634038344015 0.17769701499491919 4.8307960415259004
leaf_count=368 38 248 8 17 10 203
internal_value=-6.29552e-05 0.00441169 -0.00907924 -0.0057763 0.00900023 0.0103927
internal_weight=12.3573 8.59999 3.75734 2.59016 6.00982 5.00849
internal_count=892 516 376 265 251 213
is_linear=0
shrinkage=0.02


Tree=669
num_leaves=7
num_cat=0
split_feature=14 38 27 17 33 40
split_gain=1.0548 0.919832 0.590763 0.466346 0.458293 0.363778
threshold=0.017937086023635297 0.066385877602505625 -0.037414032143062707 0.1082709215239336 -1.0000000180025095e-35 0.13182266055552369
decision_type=2 2 2 2 2 2
left_child=1 2 5 -2 -4 -1
right_child=3 -3 4 -5 -6 -7
leaf_value=0.011039051478925109 0.0015500039594892319 -0.006852919279336415 -0.0054971997645270844 -0.0090246559434853345 0.00625938515768371 0.00026284044400580209
leaf_weight=5.6275541801005593 2.1019276892766348 1.8472315790131677 2.169295771978796 4.0648461212404072 1.289183809421959 1.606355397030711
leaf_count=267 60 109 35 318 18 89
internal_value=0.000524767 0.00378458 0.00605125 -0.00570696 -0.000693817 0.00896864
internal_weight=18.7064 12.5396 10.6924 6.16677 3.45848 7.23391
internal_count=896 518 409 378 53 356
is_linear=0
shrinkage=0.02


Tree=670
num_leaves=7
num_cat=0
split_feature=42 40 42 15 34 2
split_gain=1.59568 0.891277 0.476356 0.449568 0.348048 0.195654
threshold=0.0099345188642554916 0.13206885056766796 0.085537135997427835 0.085978486056971712 0.037825141662249262 0.53553391053391064
decision_type=2 2 2 2 2 2
left_child=4 3 -3 -2 5 -1
right_child=1 2 -4 -5 -6 -7
leaf_value=0.010830082510300534 -0.010327882766435655 0.0085836402914616656 -0.0055080124148954423 0.0039464531389807999 -0.00068737469156056569 -0.0022301272132793509
leaf_weight=3.731323468498887 6.097948541864751 1.6213847317267212 0.67550880694761861 0.48193280771374691 1.4896074072457848 0.17018598318099964
leaf_count=221 461 48 101 19 45 1
internal_value=-0.000475929 -0.00548621 0.0040257 -0.00889966 0.00734139 0.00992163
internal_weight=14.2679 8.87677 2.29689 6.57988 5.39112 3.90151
internal_count=896 629 149 480 267 222
is_linear=0
shrinkage=0.02


Tree=671
num_leaves=7
num_cat=0
split_feature=46 28 62 28 3 2
split_gain=1.31408 0.686168 0.365929 0.414659 0.327662 0.117449
threshold=0.016655920688285433 0.12361181016951613 0.18890487322424027 -0.0047320439599957262 0.21464285714285716 0.21231060606060609
decision_type=2 2 2 2 2 2
left_child=2 4 3 -1 5 -2
right_child=1 -3 -4 -5 -6 -7
leaf_value=0.0035048507798189255 -0.0014438650513549079 -0.006258091759116461 0.0044220789541339796 -0.010086153181802475 -0.0020720186415052024 0.010359675063448575
leaf_weight=0.55809918511658896 0.11761604668572534 0.86962321447208513 0.42603659722954024 4.5271115647628903 0.73017149278894056 4.5797530596610159
leaf_count=23 5 180 7 473 14 194
internal_value=-0.000240063 0.00560567 -0.00675452 -0.00826371 0.00818444 0.00986258
internal_weight=11.8084 6.29716 5.51125 5.08521 5.42754 4.69737
internal_count=896 393 503 496 213 199
is_linear=0
shrinkage=0.02


Tree=672
num_leaves=7
num_cat=0
split_feature=24 19 32 67 23 34
split_gain=1.00675 0.756909 0.618654 0.453305 0.378137 0.382038
threshold=0.36666666666666675 -0.011416584705378095 0.073209918392778295 69.808943167427785 6.6392479435957705 0.037236458297468723
decision_type=10 2 2 2 8 2
left_child=1 2 3 4 -1 -6
right_child=-2 -3 -4 -5 5 -7
leaf_value=0.0017209317343408654 0.0075178231197964651 0.0067214939772672934 0.0039480975840294995 0.0049613532281036011 -0.011558789346233094 -0.001617908195014431
leaf_weight=1.1621993454173161 4.052161091938614 1.9060457092709846 2.0444283462129542 0.57816972117871124 5.8906177156604826 2.46485192514956
leaf_count=16 283 33 73 11 349 100
internal_value=-0.00021825 -0.00280132 -0.00469416 -0.00664232 -0.00775191 -0.00911264
internal_weight=18.0985 14.0463 12.1403 10.0958 9.51767 8.35547
internal_count=865 582 549 476 465 449
is_linear=0
shrinkage=0.02


Tree=673
num_leaves=7
num_cat=0
split_feature=42 49 63 30 49 15
split_gain=1.60282 0.729721 0.449872 0.379085 0.316349 0.197324
threshold=0.0066735948092799752 -0.0002829579153249046 0.12770643921642141 -0.0026338780120220974 0.013083639785097049 0.070516206618957314
decision_type=2 2 2 2 2 2
left_child=2 3 4 -2 -1 -3
right_child=1 5 -4 -5 -6 -7
leaf_value=0.010861485047856516 0.0057617939060895093 -0.01097335049766629 -0.0043265752384805999 -0.0041952538560909572 -0.0024543043290658831 0.001548202375112362
leaf_weight=4.3511775056831548 2.0203968919813633 4.3501809015870085 0.53768689371645439 2.122745534637942 0.44793541822582472 0.30371659528464068
leaf_count=228 62 405 9 134 9 18
internal_value=-0.000295606 -0.00534741 0.00756141 0.000836491 0.00940973 -0.0100269
internal_weight=14.1338 8.79704 5.3368 4.14314 4.79911 4.6539
internal_count=865 619 246 196 237 423
is_linear=0
shrinkage=0.02


Tree=674
num_leaves=7
num_cat=0
split_feature=43 28 2 21 28 46
split_gain=1.32245 0.889775 0.277386 0.211191 0.209061 0.185778
threshold=-0.017096219207920742 0.092163871020955565 0.25317269076305227 -0.011557552860238412 -0.014787535095022194 -9.1516235397201917e-05
decision_type=2 2 2 10 2 2
left_child=4 2 -2 -3 -1 -4
right_child=1 3 5 -5 -6 -7
leaf_value=0.0022872443940026447 -0.0024731990386270327 -0.0079304056458868524 -0.0018848399298125901 0.0031314403133078997 -0.0096107812585724487 0.010396890931520695
leaf_weight=0.29777789581567082 0.44670915883034457 1.3809446790255604 0.23195795901119698 0.35186043800786126 3.1020130456890911 5.3139774338342249
leaf_count=7 11 201 5 7 421 213
internal_value=0.000712719 0.00516846 0.00854408 -0.00536027 -0.00828567 0.00967374
internal_weight=11.1252 7.72545 5.99264 1.73281 3.39979 5.54594
internal_count=865 437 229 208 428 218
is_linear=0
shrinkage=0.02


Tree=675
num_leaves=7
num_cat=0
split_feature=14 38 42 40 28 17
split_gain=0.937174 0.883862 0.662227 0.594563 0.557764 0.41714
threshold=0.037088223916494946 0.066385877602505625 0.002138375346397423 0.13182266055552369 -0.0047320439599957262 0.1082709215239336
decision_type=2 2 2 2 2 2
left_child=1 2 -1 4 -4 -2
right_child=5 -3 3 -5 -6 -7
leaf_value=-0.0041991498282230389 0.0014935437368554865 -0.0071959298262943309 -0.0046884304549198634 -0.0019060820212322047 0.010709532286754237 -0.0096824472482377501
leaf_weight=1.7685653576627398 1.6413121391087759 1.7959419251419593 0.49307412840425691 1.9553949013352383 7.8142856839112946 3.0367915756069124
leaf_count=53 50 117 19 93 284 277
internal_value=0.000762731 0.00337341 0.00538225 0.00725963 0.00939006 -0.00618888
internal_weight=18.5054 13.8273 12.0313 10.2628 8.30736 4.6781
internal_count=893 566 449 396 303 327
is_linear=0
shrinkage=0.02


Tree=676
num_leaves=7
num_cat=0
split_feature=48 17 2 2 44 15
split_gain=1.56207 0.930637 0.591017 0.427789 0.181267 0.178588
threshold=0.029671120678360415 0.1082709215239336 0.43244784876140813 0.24264069264069268 -0.017950300135911711 0.057101826566892798
decision_type=2 2 2 2 2 2
left_child=1 3 -3 -1 -2 -4
right_child=4 2 5 -5 -6 -7
leaf_value=0.0045526159465320215 0.0021298778041910576 0.010564770996590811 -0.0057988011807852055 -0.0076719077315626693 -0.010187060808796904 0.0039060109292810793
leaf_weight=0.9473195299506173 0.18762783985584963 5.4018189902417362 0.94663345324806847 2.3173122683074325 3.8839434240944692 0.37695326190441847
leaf_count=23 14 268 76 105 398 9
internal_value=-0.000138381 0.00410729 0.00798974 -0.0038889 -0.00931142 -0.00254337
internal_weight=14.0616 9.99004 6.72541 3.26463 4.07157 1.32359
internal_count=893 481 353 128 412 85
is_linear=0
shrinkage=0.02


Tree=677
num_leaves=7
num_cat=0
split_feature=38 41 31 43 28 60
split_gain=1.48597 0.418345 0.50688 0.407225 0.215425 0.173549
threshold=0.038991839640575052 0.0087903974709284422 -0.023230194900325792 1.0000000180025095e-35 0.16813421839676237 0.19724190283400814
decision_type=2 2 2 2 2 2
left_child=1 2 -1 -2 -5 -3
right_child=3 5 -4 4 -6 -7
leaf_value=-0.0074987725324082363 -0.0027492843563135241 0.0010825631809886296 0.0054487620331431577 0.010699021245297948 -0.0023618698596794912 -0.011144253585314816
leaf_weight=1.1799180952366444 0.90858109272085119 0.33079005754552815 1.7204393460415301 3.3595928982831542 0.20951737090945233 3.598739156499505
leaf_count=106 28 31 39 190 16 483
internal_value=-0.00103945 -0.00655597 -0.000390652 0.00703571 0.00958319 -0.0101042
internal_weight=11.3076 6.82989 2.90036 4.47769 3.56911 3.92953
internal_count=893 659 145 234 206 514
is_linear=0
shrinkage=0.02


Tree=678
num_leaves=7
num_cat=0
split_feature=40 27 42 47 42 29
split_gain=1.21288 1.01191 0.51792 0.518815 0.422226 0.692567
threshold=0.077017442196986835 -0.18331305126131189 -0.010257249878555875 0.0040407287782345406 0.064880436125691818 -0.0075041697291317591
decision_type=2 2 2 2 2 2
left_child=2 -2 -1 -4 -3 -6
right_child=1 4 3 -5 5 -7
leaf_value=-0.0040083944204051935 0.0081090490704408495 -0.0090411390995565263 0.010089943846391973 -0.0016484840636461903 -0.0078741234803302411 0.0067593188797180487
leaf_weight=1.1111401878297318 1.6113477111794043 5.4636806203052384 6.5006592432037014 1.5661746207624672 1.433531519956887 1.7622105753980575
leaf_count=34 174 314 150 70 124 41
internal_value=0.00123401 -0.00334979 0.00618872 0.00788047 -0.00610081 -0.000117087
internal_weight=19.4487 10.2708 9.17797 8.06683 8.65942 3.19574
internal_count=907 653 254 220 479 165
is_linear=0
shrinkage=0.02


Tree=679
num_leaves=7
num_cat=0
split_feature=18 42 42 30 14 32
split_gain=1.62707 1.20095 0.594164 0.472658 0.170995 0.155025
threshold=-0.0091989236114220479 0.066236817852183674 1.0000000180025095e-35 0.042227339589625705 -0.04128658979800013 0.10417188298193129
decision_type=2 2 2 2 2 2
left_child=1 3 -2 4 -1 -6
right_child=2 -3 -4 -5 5 -7
leaf_value=-0.0015733432160144494 0.0032259736492945409 -0.0072871017442615741 -0.010264241856556607 -0.0036798400854336655 0.011498963528657501 -0.00015764492596540526
leaf_weight=0.23118917807005246 1.1581245465204126 1.694357246160507 4.9866585182026029 0.63527991552837182 5.5772831817157558 0.46157377306371916
leaf_count=25 32 197 315 43 270 25
internal_value=-0.000423872 0.00498067 -0.00762605 0.00853183 0.0101051 0.0107122
internal_weight=14.7445 8.59968 6.14478 6.90533 6.27005 6.03886
internal_count=907 560 347 363 320 295
is_linear=0
shrinkage=0.02


Tree=680
num_leaves=7
num_cat=0
split_feature=47 38 20 28 62 38
split_gain=1.63391 0.631203 0.4925 0.237132 0.214413 0.170767
threshold=0.0004980613279487188 0.068259426444936031 0.073376256371049581 -0.023422908887570686 0.17997570853395486 0.048701672062630548
decision_type=2 2 10 2 2 2
left_child=1 3 -2 -1 -5 -4
right_child=2 -3 5 4 -6 -7
leaf_value=0.0025413132596536197 0.0095775568882921682 0.0047112446946009851 -0.0053959507082812696 -0.011749238807535273 0.00059448080272941017 0.0037820846548812397
leaf_weight=0.22140560392290343 3.6538478867150843 0.82303610444068898 1.087172136409208 4.9531766037689522 0.51849910803139199 0.44876632932573546
leaf_count=5 174 26 98 573 16 15
internal_value=-0.00146076 -0.00763025 0.00626671 -0.00985176 -0.0106684 -0.00228039
internal_weight=11.7059 6.51612 5.18979 5.69308 5.47168 1.53594
internal_count=907 620 287 594 589 113
is_linear=0
shrinkage=0.02


Tree=681
num_leaves=7
num_cat=0
split_feature=40 14 1 66 20 38
split_gain=0.958976 0.941657 0.461757 0.459892 0.487534 0.384307
threshold=0.077017442196986835 -0.036578905016491491 0.33436853002070399 70.200814697813627 0.080241768287344153 0.060501921201270674
decision_type=2 2 2 2 8 2
left_child=3 5 -3 4 -1 -2
right_child=1 2 -4 -5 -6 -7
leaf_value=-0.0068250060454309452 0.0087220751994494788 0.00021909608510903091 -0.0099466712312347109 0.0082550149129880269 0.0055229417773128521 -0.004426856767840796
leaf_weight=1.5796104427427069 2.0503469714894895 2.4975960515439493 4.9306752181146294 5.4047375908121467 1.5518605285324159 0.54557544691488136
leaf_count=61 180 85 362 122 56 16
internal_value=0.00055716 -0.00348877 -0.0069082 0.00517597 -0.00085008 0.00549603
internal_weight=18.5604 10.0242 7.42827 8.53621 3.13147 2.59592
internal_count=882 643 447 239 117 196
is_linear=0
shrinkage=0.02


Tree=682
num_leaves=7
num_cat=0
split_feature=18 2 15 44 56 48
split_gain=1.38073 0.711279 0.674167 0.355539 0.296326 0.246626
threshold=-0.03095038116486953 0.43083176985616017 0.042779240836650752 -0.017119415235092535 0.19522868435911919 -0.00017542792166284619
decision_type=2 2 2 2 2 2
left_child=1 -1 3 -2 -5 -3
right_child=2 5 -4 4 -6 -7
leaf_value=0.010262106843000454 0.0033275338814587403 0.0044165331066478089 0.0046035568868485867 0.0030092968426403857 -0.010416642143749854 -0.0063596186588613015
leaf_weight=4.2084532750304788 0.50313932728022326 0.47619331488385808 1.4577515046112237 0.29936083499342192 5.5801527604926378 1.3437866382300849
leaf_count=248 14 7 56 7 373 177
internal_value=-0.000218781 0.00641164 -0.00546545 -0.0080772 -0.00939499 -0.00297376
internal_weight=13.8688 6.02843 7.8404 6.38265 5.87951 1.81998
internal_count=882 432 450 394 380 184
is_linear=0
shrinkage=0.02


Tree=683
num_leaves=7
num_cat=0
split_feature=38 46 71 38 27 28
split_gain=1.29587 0.597288 0.679137 0.255736 0.220467 0.186493
threshold=0.060501921201270674 0.009364992800828047 0.25858333333333339 0.024529950270922165 -0.15454925006713505 0.11955350104600689
decision_type=2 2 2 2 2 2
left_child=1 -1 3 -3 -4 -2
right_child=5 2 4 -5 -6 -7
leaf_value=-0.010485702908427546 0.0095325950193922166 -0.0082775658650329174 -0.0029691882115349733 0.0022699423325690526 0.0088378589212864886 -0.0023615605768297788
leaf_weight=3.1113360617309791 3.1538137947209193 2.2136839695740496 0.28504366497509215 0.78603557939641167 1.8380814297124741 0.20741119980812062
leaf_count=357 175 192 72 40 40 6
internal_value=-0.000606988 -0.00480719 -0.000209095 -0.00563722 0.00680953 0.00842544
internal_weight=11.5954 8.23418 5.12284 2.99972 2.12313 3.36122
internal_count=882 701 344 232 112 181
is_linear=0
shrinkage=0.02


Tree=684
num_leaves=7
num_cat=0
split_feature=28 40 32 50 15 28
split_gain=0.883963 0.93179 0.51765 0.515004 0.479186 0.381927
threshold=0.13499359144159967 0.076329722014115683 0.093417304681933058 0.35690988835725684 0.043369965740664443 0.062516793501303639
decision_type=2 2 2 2 2 2
left_child=1 3 -3 5 -2 -1
right_child=4 2 -4 -5 -6 -7
leaf_value=-0.0073794796328288731 0.010041130297366979 -0.0087427543807175375 0.0042986004788609358 0.006560984361151552 -0.0038983984754705609 0.0042473194831584345
leaf_weight=1.8298947503790279 3.5985682830214492 6.0632946777623147 0.83994485996663559 4.4385717990808189 0.67968080192804325 1.0480669271200893
leaf_count=50 303 384 25 76 36 16
internal_value=0.000476014 -0.00199382 -0.00681283 0.00282546 0.00750756 -0.00314195
internal_weight=18.498 14.2198 6.90324 7.31653 4.27825 2.87796
internal_count=890 551 409 142 339 66
is_linear=0
shrinkage=0.02


Tree=685
num_leaves=7
num_cat=0
split_feature=48 41 42 42 25 2
split_gain=1.5059 0.715963 0.622992 0.473257 0.183931 0.142949
threshold=0.019671643955978101 0.033932993915084732 0.0042233526491819587 0.002138375346397423 0.12144736324690057 0.45738498789346255
decision_type=2 2 2 2 2 2
left_child=1 3 5 -1 -5 -2
right_child=2 -3 -4 4 -6 -7
leaf_value=0.0063450886025304002 0.0055518566642605719 0.010262207960631389 -0.010169746372598936 0.0031454220659759835 -0.0070641409447888262 -0.0033587960014215012
leaf_weight=1.2617232571356001 1.0963955405168233 3.9897254314273596 4.6721616687718779 0.28225819719955358 2.2854807269759476 0.29917053505778302
leaf_count=46 55 214 473 6 91 5
internal_value=-0.000270615 0.00525905 -0.00713231 -0.00099908 -0.00537479 0.00303696
internal_weight=13.8869 7.81919 6.06773 3.82946 2.56774 1.39557
internal_count=890 357 533 143 97 60
is_linear=0
shrinkage=0.02


Tree=686
num_leaves=7
num_cat=0
split_feature=47 28 31 60 43 28
split_gain=1.18839 0.574474 0.465983 0.39948 0.259928 0.162522
threshold=0.0004980613279487188 -0.011830540826103171 -0.029887033207629428 0.21973859473859478 0.050052803549933765 0.058139690496509917
decision_type=2 2 2 2 2 2
left_child=1 -1 -2 5 -5 -3
right_child=2 3 -4 4 -6 -7
leaf_value=0.0057862317223862205 -0.0044186421890657843 0.0053460362916205317 0.0092670428881067718 -0.010576434621519205 0.002037939364209831 -0.0039004797071737758
leaf_weight=0.86505990149453271 0.61697973147965957 0.8024405710166318 3.7921756671275944 4.7055312125012279 0.40976667939685274 0.40330492635257542
leaf_count=25 76 17 198 496 14 64
internal_value=-0.000417038 -0.00519382 0.00688914 -0.00728159 -0.00939793 0.00188705
internal_weight=11.5953 7.1861 4.40916 6.32104 5.1153 1.20575
internal_count=890 616 274 591 510 81
is_linear=0
shrinkage=0.02


Tree=687
num_leaves=7
num_cat=0
split_feature=28 36 1 38 15 55
split_gain=1.10196 0.547853 0.53197 0.524082 0.469149 0.411797
threshold=0.14042933558932616 0.012951512886963175 0.31187728124691733 0.055043962053720509 0.062633350414234512 1.752049180327869
decision_type=2 2 2 2 2 2
left_child=1 2 -1 5 -2 -3
right_child=4 3 -4 -5 -6 -7
leaf_value=0.0012922488409192899 0.010277674055605592 0.0075276329061577333 -0.0095942560610066552 -0.0075020661046367697 -0.0041141941453421947 -0.0023627166489924713
leaf_weight=2.2884402633644658 3.5721064093522719 3.3766854975838214 4.8006372617091984 1.1447642277926204 0.5534367780201136 2.119244194123894
leaf_count=52 312 82 280 85 22 50
internal_value=-6.98906e-05 -0.00284575 -0.00635466 0.00124151 0.00792101 0.00393726
internal_weight=17.8553 13.7298 7.08908 6.64069 4.12554 5.49593
internal_count=883 549 332 217 334 132
is_linear=0
shrinkage=0.02


Tree=688
num_leaves=7
num_cat=0
split_feature=18 2 43 14 48 16
split_gain=1.51217 0.74345 0.646034 0.404204 0.218162 0.210012
threshold=-0.030673450307902691 0.45505050505050509 -0.063197838948359411 0.096209282723822773 0.0078253303149232456 -0.057661772848525965
decision_type=2 2 2 2 2 2
left_child=1 -1 -2 5 -3 -4
right_child=2 4 3 -5 -6 -7
leaf_value=0.010208271838282443 0.0044398102103279744 0.003952163853683778 0.00028141783917835713 0.0029764968357453513 -0.0065631344042287798 -0.011451448419948961
leaf_weight=4.3656953349709511 1.2483106008730827 0.40958573622629035 0.62943878653459151 0.62735187751241017 1.263283696491271 4.7813728875480601
leaf_count=263 39 5 35 37 155 349
internal_value=-0.000379022 0.00646313 -0.00614503 -0.00865321 -0.00347317 -0.0102556
internal_weight=13.325 6.03856 7.28647 6.03816 1.67287 5.41081
internal_count=883 423 460 421 160 384
is_linear=0
shrinkage=0.02


Tree=689
num_leaves=7
num_cat=0
split_feature=38 41 71 28 53 49
split_gain=1.16176 0.710768 0.5461 0.264291 0.269606 0.218165
threshold=0.060501921201270674 0.0099821440359381969 0.26725000000000004 -0.0079201708901896258 0.19463875902035327 0.018549172001257941
decision_type=2 2 2 2 2 2
left_child=1 2 3 -1 -5 -3
right_child=-2 5 -4 4 -6 -7
leaf_value=0.0046143532669868812 0.0092570865756886576 -0.010456960999657492 0.0081553183338209986 -0.0087460159276308413 0.0032355569751380824 0.0010741004451962322
leaf_weight=0.45416664797812734 3.1861296002753088 3.2088633880484854 1.8725977784488348 1.7983331647701546 0.43956145457923401 0.57095611025579263
leaf_count=8 178 479 50 101 16 51
internal_value=0.000538467 -0.00342492 0.00185465 -0.0035499 -0.00612018 -0.00885484
internal_weight=11.5306 8.34448 4.56466 2.69206 2.23789 3.77982
internal_count=883 705 175 125 117 530
is_linear=0
shrinkage=0.02


Tree=690
num_leaves=7
num_cat=0
split_feature=14 38 34 48 19 62
split_gain=0.975506 0.745495 0.725551 0.823108 0.476141 0.448199
threshold=0.054005108208707749 0.066385877602505625 0.034533418227008679 0.02051496926578358 -0.12643354981060026 0.14045883281349822
decision_type=2 2 2 2 2 2
left_child=1 2 3 -1 -5 -6
right_child=-2 -3 -4 4 5 -7
leaf_value=-0.0053954828671764774 -0.0075720860931739352 -0.0067434564040499854 0.01008713043184113 -0.0046424286354925584 0.011631014765417454 -0.0022225231521167074
leaf_weight=3.7106158982496726 3.37808635062538 1.7555171474814404 4.9929542117752126 0.71042974153533567 2.8567218803800647 0.85963523434475053
leaf_count=86 287 129 311 26 27 20
internal_value=0.000835065 0.00309948 0.00479957 0.000806346 0.00604114 0.00863474
internal_weight=18.264 14.8859 13.1304 8.1374 4.42679 3.71636
internal_count=886 599 470 159 73 47
is_linear=0
shrinkage=0.02


Tree=691
num_leaves=7
num_cat=0
split_feature=49 43 30 14 40 40
split_gain=1.33267 0.607986 0.575639 0.404541 0.248107 0.220266
threshold=-0.0002829579153249046 -0.040449923533115405 0.001542903024573779 0.026669748597114396 0.041333245722011837 0.16026287420709531
decision_type=2 2 2 2 2 2
left_child=2 4 -1 -4 -2 -3
right_child=1 5 3 -5 -6 -7
leaf_value=0.0091945413594294034 -0.0045198944033431063 -0.010796255556978751 -0.0069864419006712168 0.0052169377557506223 0.0055390445426845144 0.001531782140118689
leaf_weight=4.4093717988580465 0.68691282905638251 4.2446918736677617 1.4281439541373404 1.0259101872798053 1.5178856411948798 0.3943497729487716
leaf_count=196 10 364 111 44 111 50
internal_value=-0.000327969 -0.00614051 0.0055118 -0.00185146 0.00197267 -0.00966249
internal_weight=13.7073 6.84384 6.86343 2.45405 2.2048 4.63904
internal_count=886 535 351 155 121 414
is_linear=0
shrinkage=0.02


Tree=692
num_leaves=7
num_cat=0
split_feature=38 41 46 20 38 70
split_gain=1.1136 0.737207 0.509989 0.358442 0.14884 0.148425
threshold=0.066385877602505625 0.015812383105698161 0.009364992800828047 0.086909879711796367 0.048701672062630548 0.018250000000000002
decision_type=2 2 2 10 2 2
left_child=1 2 -1 5 -3 -4
right_child=-2 4 3 -5 -6 -7
leaf_value=-0.0069415231337687372 0.0084146800870799118 -0.010681517407147113 -0.0021762626894808114 -0.0039523371828633644 0.0015462234314272767 0.0087362681598708216
leaf_weight=1.2598846440669129 2.7497029909864077 3.7011308365035807 0.17780612781643945 0.78531424957327534 0.18058472056873132 2.5347466531675309
leaf_count=93 159 505 4 59 14 52
internal_value=-0.000909112 -0.00444171 0.000968099 0.00472693 -0.00991245 0.00762744
internal_weight=11.3892 8.63947 4.75775 3.49787 3.88172 2.71255
internal_count=886 727 208 115 519 56
is_linear=0
shrinkage=0.02


Tree=693
num_leaves=7
num_cat=0
split_feature=14 31 33 20 16 40
split_gain=0.858627 0.73573 0.508474 0.468527 0.416723 0.378924
threshold=0.038044359955277836 -0.020306786654861474 -0.001136616662256849 0.073376256371049581 -0.05680678223086643 0.089472676075012678
decision_type=2 2 2 10 2 2
left_child=1 4 3 -3 -1 -4
right_child=-2 2 5 -5 -6 -7
leaf_value=-0.0027403194092305554 -0.0066834412998028492 -0.0083967579040562252 0.0094515652547138614 0.0032696777744355711 0.0084958986797724206 -0.0040836578036413879
leaf_weight=1.1125889811664826 4.3117772017139933 3.5224556843750179 1.2667405861429877 1.3453129073604939 6.2286079465411603 0.59696313319727767
leaf_count=47 340 128 13 44 300 41
internal_value=0.000243528 0.00266851 -0.00199221 -0.00516475 0.00666863 0.00520403
internal_weight=18.3844 14.0727 6.73147 4.86777 7.3412 1.8637
internal_count=913 573 226 172 347 54
is_linear=0
shrinkage=0.02


Tree=694
num_leaves=7
num_cat=0
split_feature=48 18 42 42 42 30
split_gain=1.5995 0.796625 0.605099 0.324765 0.268633 0.178239
threshold=0.019671643955978101 -0.0056882673272968523 0.0042233526491819587 0.002138375346397423 0.070055193256859591 -0.018723461930457069
decision_type=2 2 2 2 2 2
left_child=1 4 -2 -3 -1 -4
right_child=2 3 5 -5 -6 -7
leaf_value=0.01076485834598347 0.0036486869259898082 0.0046710382051061913 0.0011594228640546308 -0.0068752403700150459 -0.0022747503725190745 -0.010556043639173297
leaf_weight=4.8914762679487467 1.1968297190032897 0.69200035743415389 0.36759669892489899 1.620250250212848 0.35902646859176446 4.6317339029628783
leaf_count=262 61 18 16 57 22 477
internal_value=2.50931e-05 0.0058647 -0.00692698 -0.00305274 0.00965194 -0.00964494
internal_weight=13.7589 7.56275 6.19616 2.31225 5.2505 4.99933
internal_count=913 359 554 75 284 493
is_linear=0
shrinkage=0.02


Tree=695
num_leaves=7
num_cat=0
split_feature=38 41 71 39 42 60
split_gain=1.33862 0.606001 0.458343 0.251612 0.204332 0.174207
threshold=0.038991839640575052 0.0099821440359381969 0.27125000000000005 -0.0074109369742668399 0.050081852506567791 0.19529901114424739
decision_type=2 2 2 2 2 2
left_child=1 2 3 -1 -2 -3
right_child=4 5 -4 -5 -6 -7
leaf_value=-0.0077565257801805836 -0.00060464192109380849 0.0012144140680603016 0.0070680401982670255 0.0028772140995033178 0.0096580098305078087 -0.011009523467120173
leaf_weight=1.4736010574270042 0.8154409006237987 0.31329607893712852 1.461564272874966 0.73982143355533514 3.1561066063586622 3.4457539591239765
leaf_count=110 23 30 37 16 204 493
internal_value=-0.000410379 -0.00523273 0.000688285 -0.00441296 0.00785309 -0.00994962
internal_weight=11.4056 7.43404 3.67499 2.21342 3.97155 3.75905
internal_count=913 686 163 126 227 523
is_linear=0
shrinkage=0.02


Tree=696
num_leaves=7
num_cat=0
split_feature=28 42 36 72 18 60
split_gain=0.749771 0.653813 0.588403 0.574268 0.542303 0.336281
threshold=0.085837477833543452 0.061772142519030217 0.012951512886963175 0.16383333333333336 -0.013135057694682982 0.22055563641248979
decision_type=2 2 2 2 2 2
left_child=2 4 -1 5 -2 -4
right_child=1 -3 3 -5 -6 -7
leaf_value=-0.0081036779249534143 -0.0055638219531884622 0.0098247519749701546 -0.0044025836307071227 -0.0067142832186174685 0.0056984875162078589 0.0079138559061241748
leaf_weight=4.2555606379173714 2.8018491356633604 3.5698042069561779 0.45283426949754391 1.379061294486746 2.115866656880824 2.8317263121716678
leaf_count=246 167 226 26 95 66 61
internal_value=0.000372938 0.00437418 -0.00349178 0.00140437 -0.000574053 0.00558459
internal_weight=17.4067 8.48752 8.91918 4.66362 4.91772 3.28456
internal_count=887 459 428 182 233 87
is_linear=0
shrinkage=0.02


Tree=697
num_leaves=7
num_cat=0
split_feature=18 42 42 12 14 20
split_gain=1.40377 1.29137 0.521619 0.352806 0.163477 0.158475
threshold=-0.0091989236114220479 0.066236817852183674 1.0000000180025095e-35 107.20618034447823 0.02229818588943178 0.12089720408203651
decision_type=2 2 2 2 2 10
left_child=1 3 5 -1 -5 -2
right_child=2 -3 -4 4 -6 -7
leaf_value=0.010944988290274528 0.0060204211207280436 -0.0078026327723800786 -0.010166282183125666 -0.0049783461650423268 0.0041739062400581017 -0.0031877936835200283
leaf_weight=4.9201240406837314 0.74856300605460979 1.6223918693140147 4.2696813007351011 0.58651901199482359 0.55096172727644444 0.48343482241034508
leaf_count=261 25 200 312 53 29 7
internal_value=-0.000343077 0.00494349 -0.00734808 0.00897911 -0.000666519 0.00259776
internal_weight=13.1817 7.68 5.50168 6.0576 1.13748 1.232
internal_count=887 543 344 343 82 32
is_linear=0
shrinkage=0.02


Tree=698
num_leaves=7
num_cat=0
split_feature=43 39 4 46 43 18
split_gain=1.20493 0.583856 0.531521 0.251835 0.110744 0.0968751
threshold=-0.017096219207920742 -0.0033239944954707857 0.026936332305459828 0.0094282828965074148 -0.0054815010343320916 0.095802610820299242
decision_type=2 2 2 2 2 2
left_child=5 2 3 -2 -3 -1
right_child=1 4 -4 -5 -6 -7
leaf_value=-0.0095811435118504148 -0.0040960840956305216 -0.00097272779920456283 -0.0079130648698481423 0.0069185623065205031 0.009832009207235733 0.0012972535298527771
leaf_weight=3.04014208924491 0.4113084382843234 0.23001313954591784 1.5450537208234889 1.8781313071958718 3.3191120470874012 0.11654354026541103
leaf_count=438 18 7 185 39 197 3
internal_value=-0.000173231 0.00420601 -0.00124263 0.00429608 0.00907187 -0.00896405
internal_weight=10.5403 7.38362 3.83449 2.28944 3.54913 3.15669
internal_count=887 446 242 57 204 441
is_linear=0
shrinkage=0.02


Tree=699
num_leaves=7
num_cat=0
split_feature=40 27 42 38 51 65
split_gain=0.979801 0.911507 0.512617 0.57344 0.419371 0.423783
threshold=0.077017442196986835 -0.18331305126131189 0.061772142519030217 0.024529950270922165 0.19704877395149406 0.3638991066736732
decision_type=2 2 2 2 2 2
left_child=4 -2 -3 -4 -1 -6
right_child=1 2 3 -5 5 -7
leaf_value=-0.004411014492328477 0.008047586282185628 -0.0096462388153778326 0.0062642250680262973 -0.0069944128707127885 -0.003957509488147967 0.0086087796707937526
leaf_weight=0.75567918224260378 1.4728181189857421 4.4228597974870336 1.8727570925839248 1.3920363443903623 0.64752288488671172 7.1968393456190825
leaf_count=31 169 319 37 132 27 194
internal_value=0.00134085 -0.00306534 -0.00587564 0.000296546 0.0058646 0.0072413
internal_weight=17.7605 9.16047 7.68765 3.26479 8.60004 7.84436
internal_count=909 657 488 169 252 221
is_linear=0
shrinkage=0.02


Tree=700
num_leaves=7
num_cat=0
split_feature=18 42 16 42 43 12
split_gain=1.35117 0.739279 0.59804 0.417349 0.237996 0.231162
threshold=-0.03095038116486953 0.066236817852183674 -0.047603361056129577 -0.0052076279289635227 -0.0082470765981137988 183.52889310906133
decision_type=2 2 2 2 2 2
left_child=1 5 4 -4 -2 -1
right_child=2 -3 3 -5 -6 -7
leaf_value=0.010157035250665247 0.00641517545849831 -0.0058093767588485038 0.0019571493791814805 -0.010695434874441467 -0.0042901392870095274 -0.0020449781368583196
leaf_weight=4.6517896617297083 1.3248288913164286 0.96977054490707804 0.9387689922004937 4.652003776980564 0.45127646136097599 0.36028140387497831
leaf_count=276 45 134 28 344 43 39
internal_value=-0.000333662 0.00618469 -0.0057331 -0.00859629 0.00312957 0.00908567
internal_weight=13.3487 5.98184 7.36688 5.59077 1.77611 5.01207
internal_count=909 449 460 372 88 315
is_linear=0
shrinkage=0.02


Tree=701
num_leaves=7
num_cat=0
split_feature=43 28 21 30 28 48
split_gain=0.939457 0.842291 0.49011 0.265629 0.190272 0.157747
threshold=-0.01284433322148811 0.10291348220514096 0.016272199322061174 -0.0044411263757870986 -0.014787535095022194 0.0023129002013061255
decision_type=2 2 10 2 2 2
left_child=4 2 3 -2 -1 -5
right_child=1 -3 -4 5 -6 -7
leaf_value=0.0019453295392753321 -0.0019684467931169402 -0.0079804251227704459 -0.0036523123462166409 -0.0016038185852807003 -0.010049212716255062 0.010945493964529641
leaf_weight=0.27247926173731718 0.50757231842726414 1.3854445375036446 1.0824375022202728 0.18084079958498556 3.2768028388964012 3.7178911990486085
leaf_count=8 12 196 30 4 488 171
internal_value=-0.00178295 0.00255717 0.006037 0.00865253 -0.00890319 0.0101548
internal_weight=10.4235 6.87419 5.48874 4.4063 3.54928 3.89873
internal_count=909 413 217 187 496 175
is_linear=0
shrinkage=0.02


Tree=702
num_leaves=7
num_cat=0
split_feature=14 6 40 12 29 63
split_gain=0.899233 0.910573 0.419619 0.271512 0.269035 0.248239
threshold=0.038044359955277836 24.973662964876038 0.13060359317818793 127.23449447748514 -0.064073732120652996 0.11567436892112219
decision_type=2 2 2 2 2 2
left_child=1 -1 4 -4 -3 -6
right_child=-2 2 3 -5 5 -7
leaf_value=-0.0058815273201334867 -0.0065349578784326262 -0.0032258058176014653 -0.005926190675406038 0.0048614322550283228 0.0096692939195624356 -0.00048911872552016866
leaf_weight=2.5472070043906596 4.1214392059482625 0.35189547669142385 1.2484222468920041 0.65780717134475697 6.9237409806810311 0.98891979921609152
leaf_count=89 331 34 38 79 289 43
internal_value=0.000655097 0.00329166 0.00590988 -0.00181172 0.00769419 0.00848727
internal_weight=16.8394 12.718 10.1708 1.90623 8.26456 7.91266
internal_count=903 572 483 117 366 332
is_linear=0
shrinkage=0.02


Tree=703
num_leaves=7
num_cat=0
split_feature=43 40 2 14 2 2
split_gain=1.35192 0.863226 0.415439 0.336183 0.316276 0.125602
threshold=-0.044446194424006845 0.12584389384315656 0.39241552839683685 0.092290094437561046 0.42907444668008049 0.21231060606060609
decision_type=2 2 2 2 2 2
left_child=2 3 -1 5 -3 -2
right_child=1 4 -4 -5 -6 -7
leaf_value=0.010128838195859644 0.0014523378007296661 0.0080657849768917076 -0.0021748066550033415 0.0020399781179780527 -0.0040362457928593866 -0.010819645369440091
leaf_weight=3.4813379584811628 0.12025216175243247 1.4783629318699243 1.0459369828458873 0.68050312204286445 0.5817367904819547 4.9760074438527226
leaf_count=211 7 68 70 36 118 393
internal_value=-0.000378342 -0.00520518 0.00740713 -0.00879522 0.00444615 -0.0103393
internal_weight=12.3641 7.83686 4.52727 5.77676 2.0601 5.09626
internal_count=903 622 281 436 186 400
is_linear=0
shrinkage=0.02


Tree=704
num_leaves=7
num_cat=0
split_feature=38 41 28 43 71 28
split_gain=1.0891 0.640376 0.325535 0.318325 0.29113 0.246957
threshold=0.038991839640575052 0.010682403593812369 0.10011550074792687 -0.0054815010343320916 0.22141666666666668 0.15821555117422115
decision_type=2 2 2 2 2 2
left_child=1 2 4 -2 -1 -5
right_child=3 -3 -4 5 -6 -7
leaf_value=-0.0036791039480015453 -0.0029143666823606379 -0.0099547436834974603 -0.0059685673900652979 0.010411945307672041 0.0076985977890505356 -0.0027250342534856863
leaf_weight=0.60771985072642642 0.62027246109209988 3.6038308704737574 0.76539199450053264 3.0139923701062803 1.8557198506314305 0.24952758196741331
leaf_count=33 26 515 83 184 45 17
internal_value=-0.000565901 -0.00514471 0.00130845 0.00689349 0.00463992 0.00900394
internal_weight=10.7165 6.83266 3.22883 3.88379 2.46344 3.26352
internal_count=903 676 161 227 78 201
is_linear=0
shrinkage=0.02


Tree=705
num_leaves=7
num_cat=0
split_feature=28 40 22 42 39 15
split_gain=0.784438 0.827365 0.474863 0.407173 0.713431 0.394987
threshold=0.14042933558932616 0.076329722014115683 0.039818837594958453 0.061772142519030217 -0.0079331356917668166 0.043369965740664443
decision_type=2 2 8 2 2 2
left_child=1 2 -1 -3 -5 -2
right_child=5 3 -4 4 -6 -7
leaf_value=-0.0015011421658007885 0.0099356926313586523 -0.0094771882648040946 0.0079653917040561472 0.0068360094869518171 -0.0081046801479661926 -0.0033493159538657813
leaf_weight=3.7442600666545349 3.5292875953018656 3.8238802091218531 3.2027915162034333 1.7404979858547451 1.3965756574179975 0.59438706981018175
leaf_count=95 323 271 53 21 124 30
internal_value=0.00103041 -0.00134499 0.00331633 -0.00582923 -0.000166642 0.00774083
internal_weight=18.0317 13.908 6.94705 6.96095 3.13707 4.12367
internal_count=917 564 148 416 145 353
is_linear=0
shrinkage=0.02


Tree=706
num_leaves=7
num_cat=0
split_feature=42 49 40 63 42 7
split_gain=1.18127 0.82742 0.672309 0.350728 0.299207 0.263667
threshold=0.0066735948092799752 -0.0002829579153249046 0.082792401536174842 0.12770643921642141 0.063274123920234529 507.58927666666676
decision_type=2 2 2 2 2 2
left_child=3 2 -2 5 -4 -1
right_child=1 -3 4 -5 -6 -7
leaf_value=0.010117670094112867 -0.006818125245976644 -0.010080450253637574 0.0089740286141533985 -0.0039844440698378935 -0.0029472999094238999 -0.0027202054780242823
leaf_weight=3.5077805644832565 1.591762346215545 4.4726959082763633 2.2685093556065117 0.45346100814640511 0.59075807151384641 0.31954974401742209
leaf_count=235 89 451 76 7 51 8
internal_value=-0.000842506 -0.00485654 0.00127908 0.00686025 0.00638547 0.00870435
internal_weight=13.2045 8.92373 4.45103 4.28079 2.85927 3.82733
internal_count=917 667 216 250 127 243
is_linear=0
shrinkage=0.02


Tree=707
num_leaves=7
num_cat=0
split_feature=46 39 7 39 43 46
split_gain=1.22083 0.624806 0.457593 0.225724 0.181401 0.152018
threshold=0.0094282828965074148 -0.010379005360254474 189.94311985789361 0.049675983656316459 -0.007419507890758458 0.014213387749502185
decision_type=2 2 2 2 2 2
left_child=3 2 4 -1 -2 -3
right_child=1 5 -4 -5 -6 -7
leaf_value=-0.010463363618629658 -0.0034596601006418193 -0.00099026257052212694 -0.0076325173986111199 0.0025290417221346855 0.0063577021345786076 0.0094215498792061449
leaf_weight=3.1376054146094252 0.34277782717254002 0.43521960824728001 1.7361566335894165 0.22356792539358128 1.4909818165469917 3.6350653520785272
leaf_count=383 37 16 256 6 25 194
internal_value=-0.00063684 0.00376795 -0.00212091 -0.00921743 0.0039493 0.00833252
internal_weight=11.0014 7.6402 3.56992 3.36117 1.83376 4.07028
internal_count=917 528 318 389 62 210
is_linear=0
shrinkage=0.02


Tree=708
num_leaves=7
num_cat=0
split_feature=10 28 62 38 71 19
split_gain=1.04489 0.492114 0.589873 0.485805 0.370324 0.358576
threshold=1.3633297634552548 0.10011550074792687 0.078125775360244301 0.076388500640897958 0.34841666666666671 -0.12947895589585592
decision_type=2 2 2 2 2 2
left_child=1 2 -1 -2 -4 -3
right_child=3 5 4 -5 -6 -7
leaf_value=0.0053683830285324568 0.0077299805746359439 -0.0049753796441982081 -0.0098156547160742694 -0.004903120903085546 0.0031814275418508208 0.0064751858235679019
leaf_weight=0.78675982821732926 5.9247942550573489 0.84213534113951061 5.6886611799709499 0.76487196143716563 0.53051981749013055 1.9620243923272935
leaf_count=15 346 74 358 35 14 55
internal_value=0.000211268 -0.00380922 -0.00639429 0.00583577 -0.00841984 0.00263247
internal_weight=16.4998 9.8101 7.00594 6.68967 6.21918 2.80416
internal_count=897 516 387 381 372 129
is_linear=0
shrinkage=0.02


Tree=709
num_leaves=7
num_cat=0
split_feature=42 49 14 63 7 18
split_gain=1.33877 0.741799 0.384828 0.235467 0.26602 0.182651
threshold=0.0066735948092799752 -0.0002829579153249046 -0.0095153080159034436 0.12770643921642141 507.58927666666676 -0.0028202672677817282
decision_type=2 2 2 2 2 2
left_child=3 2 -2 4 -1 -4
right_child=1 -3 5 -5 -6 -7
leaf_value=0.0099636285136108366 -0.0059758201343676131 -0.01004220357988676 0.0076061743411200882 -0.0030132075200660843 -0.0028654647908327828 -0.00188455724245402
leaf_weight=3.9056715131737292 0.90479141729883883 4.081911550834775 1.8428084051702174 0.29685196932405222 0.30285974359139789 0.66676880186423648
leaf_count=237 98 456 66 6 7 27
internal_value=-0.00020745 -0.00517103 0.00160818 0.00749036 0.00866751 0.0052661
internal_weight=12.0017 7.49628 3.41437 4.50538 4.20853 2.50958
internal_count=897 647 191 250 244 93
is_linear=0
shrinkage=0.02


Tree=710
num_leaves=7
num_cat=0
split_feature=46 29 62 43 66 30
split_gain=1.14047 0.648027 0.291983 0.285781 0.142315 0.136202
threshold=0.0099687549040147153 -0.0075041697291317591 0.1331476818020301 -0.027008229583779676 126.28714139344264 0.10846830337247403
decision_type=2 2 2 2 2 2
left_child=5 3 -3 -2 -4 -1
right_child=1 2 4 -5 -6 -7
leaf_value=-0.0099351507478845844 -0.0023066735667903828 -0.0071084958041978345 0.005211415203510426 0.0097892986706504467 -0.003386228317592989 0.0016140320091643171
leaf_weight=2.7476022340124477 0.53118428611196566 1.4877528599463405 1.2261630105786023 3.9585253900149837 0.35455815226305265 0.17350455792620767
leaf_count=365 28 176 50 225 43 10
internal_value=-8.71081e-05 0.00401241 -0.0026225 0.00819871 0.00271808 -0.00901249
internal_weight=10.4793 7.55818 3.06847 4.48971 1.58072 2.92111
internal_count=897 522 269 253 93 375
is_linear=0
shrinkage=0.02


Tree=711
num_leaves=7
num_cat=0
split_feature=42 38 40 34 28 34
split_gain=1.03031 0.844259 0.685733 0.582546 0.470317 0.36872
threshold=0.002138375346397423 0.066385877602505625 0.12712824465270992 -0.014666347888682483 -0.0079201708901896258 0.068787688287003129
decision_type=2 2 2 2 2 2
left_child=-1 2 3 -2 -5 -4
right_child=1 -3 5 4 -6 -7
leaf_value=-0.0087702635564015294 -0.0054358640348605037 -0.0073240759996111848 -0.0081440154654020564 -0.0045430615416820414 0.0095090059806626336 0.0044103099116230707
leaf_weight=2.7287682429887381 0.68909044587053259 1.7859770020004351 1.4583198344334953 0.47213003505021056 8.8192695004399866 0.71473597735166539
leaf_count=238 29 169 63 17 302 89
internal_value=0.000675605 0.00298798 0.00494496 0.00705814 0.00842291 -0.00392621
internal_weight=16.6683 13.9395 12.1535 9.98049 9.2914 2.17306
internal_count=907 669 500 348 319 152
is_linear=0
shrinkage=0.02


Tree=712
num_leaves=7
num_cat=0
split_feature=48 46 17 23 64 39
split_gain=1.08236 0.597706 0.500782 0.235362 0.185824 0.127159
threshold=0.029671120678360415 0.016655920688285433 0.071259309410968183 380.44592857142862 0.62692489931295914 -0.0020364194990037036
decision_type=2 2 2 10 2 2
left_child=1 2 -1 4 5 -4
right_child=-2 -3 3 -5 -6 -7
leaf_value=-0.0040626083998389594 -0.0083774230470086992 -0.0056540292633992283 0.010876831272091783 -0.00021117988143230952 -0.00096418593734610633 -0.0011636359752815507
leaf_weight=1.0787958621513078 3.1780903534963736 1.4088430327828971 4.7866994638461602 1.1745966437738387 0.46780028333887447 0.1797020714730041
leaf_count=27 407 109 251 83 18 12
internal_value=0.000197906 0.00372693 0.00589903 0.00784536 0.00934894 0.0103192
internal_weight=12.2745 9.09644 7.68759 6.6088 5.4342 4.9664
internal_count=907 500 391 364 281 263
is_linear=0
shrinkage=0.02


Tree=713
num_leaves=7
num_cat=0
split_feature=38 28 18 51 50 28
split_gain=1.11179 0.417641 0.250278 0.251994 0.149675 0.135682
threshold=0.060501921201270674 -0.011830540826103171 0.095802610820299242 0.19595231969813912 0.71984011627906985 0.11000076801528812
decision_type=2 2 2 2 2 2
left_child=1 -1 3 -3 -5 -2
right_child=5 2 -4 4 -6 -7
leaf_value=0.0050810930184523881 0.0089165897724551319 0.0012663155412174726 0.0033682644224986152 -0.0096456966871461235 0.0015437953569149413 -0.0019409452717677575
leaf_weight=0.66533394251018751 2.5723022338934247 0.85214037436526258 0.36257318127900351 5.372583044343628 0.2432403981219976 0.16673698928207148
leaf_count=20 178 71 6 609 16 7
internal_value=-0.00129631 -0.00519689 -0.00671905 -0.00765983 -0.00900095 0.00791331
internal_weight=10.2349 7.49587 6.83054 6.46796 5.61582 2.73904
internal_count=907 722 702 696 625 185
is_linear=0
shrinkage=0.02


Tree=714
num_leaves=7
num_cat=0
split_feature=34 38 71 19 15 7
split_gain=0.73847 0.628553 0.614451 0.645279 0.466566 0.314859
threshold=0.034807593071332917 0.062757111539558194 0.2121666666666667 -0.10987722162034382 0.042779240836650752 491.36561866176481
decision_type=2 2 2 2 2 2
left_child=2 4 3 -1 -2 -4
right_child=1 -3 5 -5 -6 -7
leaf_value=-0.0067076925302093264 0.0097685627089923784 -0.0057572337900986667 -0.0084296831849668789 0.0064815720774383072 -0.0040359606648274135 0.0033238441385680974
leaf_weight=1.3217375511303542 4.6857722182758144 0.96721734385937441 5.0310843433253467 3.2947258499916661 0.60920275887474407 0.52576407231390465
leaf_count=67 317 47 321 71 35 15
internal_value=0.000241792 0.00519422 -0.00299872 0.00218342 0.00779148 -0.00698029
internal_weight=16.4355 6.26219 10.1733 4.61646 5.29497 5.55685
internal_count=873 399 474 138 352 336
is_linear=0
shrinkage=0.02


Tree=715
num_leaves=7
num_cat=0
split_feature=18 2 15 48 2 65
split_gain=1.25115 0.853111 0.357815 0.25346 0.232423 0.231597
threshold=-0.0091989236114220479 0.43244784876140813 0.041345101727199927 0.0075468927103531187 0.18469785575048733 0.55607966457023073
decision_type=2 2 2 2 2 2
left_child=1 5 4 -3 -2 -1
right_child=2 3 -4 -5 -6 -7
leaf_value=0.0099543144895065279 0.001614963825454068 0.0037429886164389277 0.0020637044618571341 -0.007131308295929676 -0.010383799153576548 -0.002643183283065655
leaf_weight=4.7823962627444416 0.46192472800612439 0.52251553907990489 1.0750909836497156 1.6729774994309989 3.8297200165688992 0.24202276952564705
leaf_count=299 7 14 38 221 289 5
internal_value=-0.000190899 0.0049774 -0.00683357 -0.00418185 -0.0090312 0.00900948
internal_weight=12.5866 7.21991 5.36674 2.19549 4.29164 5.02442
internal_count=873 539 334 235 296 304
is_linear=0
shrinkage=0.02


Tree=716
num_leaves=7
num_cat=0
split_feature=38 61 42 63 20 18
split_gain=1.08973 0.436839 0.333335 0.314609 0.251473 0.122714
threshold=0.024529950270922165 0.11866162641228604 0.032703867146465747 0.10708313425704731 0.12372221660979622 -0.081525478771824297
decision_type=2 2 2 2 10 2
left_child=1 -1 -2 -3 5 -4
right_child=2 3 4 -5 -6 -7
leaf_value=0.0042381405888667319 -0.0029250967454906348 -0.010376253610219323 -0.0014194574439790192 0.0012150176317460696 -0.0028892856477419028 0.010488095955852626
leaf_weight=0.77516905567608763 0.77347034565173078 3.4693341506645083 0.1366588035598405 0.93967225868254889 0.27392102719750244 3.3243740780744702
leaf_count=20 23 511 3 74 49 193
internal_value=-0.000151701 -0.00590132 0.0063308 -0.00813795 0.00846054 0.00980513
internal_weight=9.6926 5.18418 4.50842 4.40901 3.73495 3.46103
internal_count=873 605 268 585 245 196
is_linear=0
shrinkage=0.02


Tree=717
num_leaves=7
num_cat=0
split_feature=14 38 51 34 34 69
split_gain=0.824893 0.64998 0.523335 0.551274 0.402843 0.35467
threshold=0.017937086023635297 0.066385877602505625 0.19704877395149406 -1.0000000180025095e-35 0.09432767846536276 0.055607159686976139
decision_type=2 2 2 2 2 2
left_child=1 2 -1 -4 5 -2
right_child=4 -3 3 -5 -6 -7
leaf_value=-0.0033485269365299847 -0.0096342572477944987 -0.0061963439053512002 -0.0031933975000828408 0.009186761981328952 0.0038787060239132871 0.0023735133581830213
leaf_weight=1.6701839370653058 3.7104804515838614 1.4586346077267069 1.2156257848255325 7.3811307658907017 0.94741691043600429 0.81238354137167323
leaf_count=64 329 112 33 325 16 33
internal_value=0.000671447 0.00359468 0.0054122 0.0072858 -0.00518166 -0.00743822
internal_weight=17.1959 11.7256 10.2669 8.59676 5.47028 4.52286
internal_count=912 534 422 358 378 362
is_linear=0
shrinkage=0.02


Tree=718
num_leaves=7
num_cat=0
split_feature=48 0 42 43 30 64
split_gain=1.22301 0.720196 0.513084 0.371065 0.176314 0.157744
threshold=0.019671643955978101 0.1270166453265045 -0.018459448152491256 -0.0072916734886824949 -0.016305629657833554 0.48348009606287762
decision_type=2 2 2 2 2 2
left_child=1 5 -2 -3 -4 -1
right_child=2 3 4 -5 -6 -7
leaf_value=0.002703848005377439 0.0050302795529041759 0.010158849136523851 0.00014148078208155333 -0.0016587110396756072 -0.010299637702626136 -0.0065981695266619789
leaf_weight=0.39322063513100136 0.58633404551073898 4.3059119579847893 0.70731762773357321 1.0119605769868947 4.2443319472949952 1.5144206236582247
leaf_count=16 41 249 37 55 473 41
internal_value=-0.000585046 0.00458831 -0.00700422 0.00800344 -0.009035 -0.00441028
internal_weight=12.7635 7.22551 5.53798 5.31787 4.95165 1.90764
internal_count=912 361 551 304 510 57
is_linear=0
shrinkage=0.02


Tree=719
num_leaves=7
num_cat=0
split_feature=47 3 63 5 30 31
split_gain=1.05918 0.390971 0.344819 0.273236 0.215972 0.197074
threshold=0.0004980613279487188 0.18607748184019374 0.10424537747813899 0.83285163776493276 0.10728780785981475 -0.029887033207629428
decision_type=2 2 2 2 2 2
left_child=2 5 3 4 -1 -2
right_child=1 -3 -4 -5 -6 -7
leaf_value=-0.0099419517199581114 -0.0020455433816723547 -0.003687543829792105 0.0023630818462418292 0.0024344493076526312 0.0022035472178947462 0.01011819072739583
leaf_weight=4.0962689507286996 0.26676982850767705 0.65592483710497607 1.3958799651591105 0.57714791269972909 0.29836554627399881 3.233658847399056
leaf_count=470 40 55 100 37 24 186
internal_value=-0.000361442 0.00662085 -0.00519903 -0.00736235 -0.00886174 0.00894264
internal_weight=10.524 4.15635 6.36766 4.97178 4.39463 3.50043
internal_count=912 281 631 531 494 226
is_linear=0
shrinkage=0.02


Tree=720
num_leaves=7
num_cat=0
split_feature=23 71 15 43 45 53
split_gain=0.842774 0.575483 0.570048 0.61234 0.315609 0.278682
threshold=120.21736639717427 0.2101666666666667 0.039909278344780939 0.042551064423043454 -0.050337863846477648 0.1113766018136149
decision_type=10 2 2 2 2 2
left_child=1 -1 3 4 -2 -3
right_child=2 5 -4 -5 -6 -7
leaf_value=0.00251012532559191 -0.0028742685302987616 0.00077538468194785881 -0.005831646308871531 -0.0040964771348499136 0.0096521669857516906 -0.010352300149215841
leaf_weight=2.6684804831165847 0.45953296520747144 0.97091350867412973 1.0516741352621455 1.27388922823593 6.2917385760229072 3.3066154455300421
leaf_count=78 27 35 99 104 339 193
internal_value=0.000649692 -0.0042596 0.0044564 0.00630139 0.00853873 -0.0081582
internal_weight=16.0228 6.94601 9.07683 8.02516 6.75127 4.27753
internal_count=875 306 569 470 366 228
is_linear=0
shrinkage=0.02


Tree=721
num_leaves=7
num_cat=0
split_feature=48 18 2 15 15 43
split_gain=1.42935 0.590346 0.452956 0.25774 0.234807 0.173222
threshold=0.011461969564853904 -0.03095038116486953 0.45738498789346255 0.062633350414234512 -0.0026914534891296061 -0.099167979727253872
decision_type=2 2 2 2 2 2
left_child=4 2 -2 5 -1 -3
right_child=1 3 -4 -5 -6 -7
leaf_value=-0.0022502475075735031 0.0066233438529185416 0.0019683970174541455 -0.0059976414465110995 0.0022676716417913598 0.0091811279050095368 -0.010943902306944723
leaf_weight=0.44113501743413497 1.7487037091050299 0.15063074231147755 0.98208886361680914 0.38425801671110082 3.8217705450952053 4.3501980169676244
leaf_count=25 112 1 151 20 197 369
internal_value=-0.000450661 -0.00543535 0.00169341 -0.00903098 0.00779539 -0.0102325
internal_weight=11.8788 7.61588 2.73079 4.88509 4.26291 4.50083
internal_count=875 653 263 390 222 370
is_linear=0
shrinkage=0.02


Tree=722
num_leaves=7
num_cat=0
split_feature=38 17 53 10 20 20
split_gain=0.878608 0.595044 0.433272 0.313046 0.0858953 0.0833992
threshold=0.068259426444936031 0.086785347483738465 0.19463875902035327 0.36116964382224875 0.1177953114020303 1.0000000180025095e-35
decision_type=2 2 2 2 10 8
left_child=1 3 5 -1 -2 -3
right_child=4 2 -4 -5 -6 -7
leaf_value=0.0070482785684138766 0.0089399336449191152 0.00085275644779495713 0.0028531266211064932 -0.0037802741804454304 -0.00082281435448354283 -0.010479266884268515
leaf_weight=1.6166052990593018 2.2184061869047587 0.12293571862392139 0.85100208141375322 0.98685523553285737 0.22717888373881567 3.7893300250871107
leaf_count=29 157 9 69 67 7 537
internal_value=-0.000486078 -0.00394637 -0.00762587 0.00303367 0.00805744 -0.0100221
internal_weight=9.81231 7.36673 4.76327 2.60346 2.44559 3.91227
internal_count=875 711 615 96 164 546
is_linear=0
shrinkage=0.02


Tree=723
num_leaves=7
num_cat=0
split_feature=14 28 66 19 44 30
split_gain=0.804716 0.729288 0.627605 0.424975 0.308305 0.271193
threshold=0.017937086023635297 0.062516793501303639 74.017586794837896 -0.0069035704040154014 0.0092816818914603447 0.044617952920598683
decision_type=2 2 2 2 2 2
left_child=1 2 3 -1 -3 -2
right_child=5 4 -4 -5 -6 -7
leaf_value=-0.0097560464843484112 -0.0077301274016921516 -0.00052637439439511924 0.0046290461472994577 0.0043472247151539398 0.0099674793010503578 0.0017090108007870935
leaf_weight=2.5070660957135265 3.8000468104146412 1.2904186849482355 2.6092760055325925 0.4940401408821361 4.4067017734050751 1.2102528954856095
leaf_count=111 298 33 58 6 302 70
internal_value=0.00048189 0.00338598 -0.00166597 -0.00692813 0.0078669 -0.00554509
internal_weight=16.3178 11.3075 5.61038 3.00111 5.69712 5.0103
internal_count=878 510 175 117 335 368
is_linear=0
shrinkage=0.02


Tree=724
num_leaves=7
num_cat=0
split_feature=43 30 46 17 2 61
split_gain=1.11694 0.432366 0.404019 0.237718 0.160124 0.142221
threshold=-0.041933656167389088 -0.0026338780120220974 0.015091784660585979 0.10035971223021585 0.38345364741641347 0.11866162641228604
decision_type=2 2 2 2 2 2
left_child=2 3 5 -2 -5 -1
right_child=1 -3 -4 4 -6 -7
leaf_value=-0.00197996124535101 -0.0044661152145806298 -0.0088079445473117531 -0.0033485205883489648 0.0069337532728051708 -0.0027884987046448545 0.0091934631391227921
leaf_weight=0.15486619272269342 1.0653835332486781 4.2592449099756777 0.92100728373043228 1.2851809924468396 0.33296052203513671 3.8120685101021081
leaf_count=3 34 467 51 75 27 221
internal_value=-0.000615633 -0.00546654 0.00603274 0.000788289 0.00463226 0.00844645
internal_weight=11.8307 6.94277 4.88794 2.68353 1.61814 3.96693
internal_count=878 603 275 136 102 224
is_linear=0
shrinkage=0.02


Tree=725
num_leaves=7
num_cat=0
split_feature=46 63 24 70 38 38
split_gain=0.960945 0.607369 0.314294 0.293532 0.285066 0.234688
threshold=0.0094282828965074148 0.08371068538059627 0.36666666666666675 0.012750000000000003 0.069631348789745376 0.028505430272976064
decision_type=2 2 8 2 2 2
left_child=4 5 3 -3 -1 -2
right_child=1 2 -4 -5 -6 -7
leaf_value=-0.0099726948970483582 -0.006731198460064227 -0.0029556136223495011 -0.0032891138270041442 0.010638003234363525 0.0026755900637093089 0.0026169596442957434
leaf_weight=2.6503446332644676 1.4914614702574911 0.29957030341029156 0.42567075870465476 3.8651606530183926 0.43747211061418045 1.1615017284639177
leaf_count=359 150 3 112 195 11 48
internal_value=-3.93844e-05 0.00389543 0.00773207 0.00927726 -0.00796457 -0.00304245
internal_weight=10.3312 7.24336 4.5904 4.16473 3.08782 2.65296
internal_count=878 508 310 198 370 198
is_linear=0
shrinkage=0.02


Tree=726
num_leaves=7
num_cat=0
split_feature=26 34 40 20 22 65
split_gain=0.73297 0.527308 0.523574 0.672559 0.311625 0.229304
threshold=0.014178218729400229 0.037825141662249262 0.066823836024637276 0.13550661229319932 0.077696738846876209 0.3638991066736732
decision_type=2 2 2 8 10 2
left_child=2 -2 5 4 -4 -1
right_child=1 -3 3 -5 -6 -7
leaf_value=-0.0023146994019657562 -0.0081258943217922801 0.0042131222953195168 -0.0069615386340442613 0.0066443692081988538 0.0039836486605185056 0.0096210264267529311
leaf_weight=0.35563882905989741 4.1813977730926135 1.1850756087806074 3.5287022090051332 2.3759757520165286 0.64009221270680416 3.5113737503997982
leaf_count=13 260 43 218 232 20 107
internal_value=0.000286484 -0.0051673 0.00330397 -0.000339567 -0.0048354 0.00827328
internal_weight=15.7783 5.36647 10.4118 6.54477 4.16879 3.86701
internal_count=893 303 590 470 238 120
is_linear=0
shrinkage=0.02


Tree=727
num_leaves=7
num_cat=0
split_feature=16 43 15 44 15 11
split_gain=1.14575 0.674598 0.525143 0.276513 0.247154 0.163681
threshold=-0.0055999058829913342 -0.0054815010343320916 0.046515694391099691 -0.017119415235092535 -0.0026914534891296061 -1.9326829296274786
decision_type=2 2 2 2 2 2
left_child=1 4 3 -2 -1 -5
right_child=2 -3 -4 5 -6 -7
leaf_value=-0.0016962792525100116 0.0028109250524606254 -0.0051741967310627033 0.0048693458251095204 0.00044542409514558914 0.010274414635259332 -0.010423906300939811
leaf_weight=0.50192796485498536 0.40421761712059368 1.0888490844517944 0.85277495277114201 0.53032207721844304 3.9960417253896594 4.254536263179034
leaf_count=38 13 122 81 30 233 376
internal_value=-0.000249163 0.00576539 -0.00583969 -0.00810202 0.00887304 -0.00935047
internal_weight=11.6287 5.58682 6.04185 5.18908 4.49797 4.78486
internal_count=893 393 500 419 271 406
is_linear=0
shrinkage=0.02


Tree=728
num_leaves=7
num_cat=0
split_feature=43 28 68 28 18 44
split_gain=0.880407 0.642992 0.478812 0.164215 0.146313 0.144502
threshold=-0.017096219207920742 0.098987863072906523 0.26715023686252715 -0.014787535095022194 -0.076520455646284999 -0.00066981565225935475
decision_type=2 2 2 2 2 2
left_child=3 2 4 -1 -2 -3
right_child=1 5 -4 -5 -6 -7
leaf_value=0.001955835446076797 -0.0017399264994669159 0.0024698137803152386 -0.003644246427748883 -0.0093198949035917401 0.009761767751019149 -0.0075594259315253281
leaf_weight=0.24634694214910302 0.18308362062089045 0.23704476957209419 0.92303422512486566 2.5406739850295708 4.3114658587146559 1.2405289789894591
leaf_count=7 10 8 27 455 185 201
internal_value=-0.000155408 0.00366059 0.0066665 -0.00806995 0.00906186 -0.005603
internal_weight=9.68218 6.89516 5.41758 2.78702 4.49455 1.47757
internal_count=893 431 222 462 195 209
is_linear=0
shrinkage=0.02


Tree=729
num_leaves=7
num_cat=0
split_feature=28 42 38 37 34 15
split_gain=0.703298 0.591457 0.731898 0.513222 0.382272 0.368076
threshold=0.14042933558932616 0.002138375346397423 0.066385877602505625 -0.018253207862673013 -0.014666347888682483 0.071895657282472644
decision_type=2 2 2 2 2 2
left_child=1 -1 3 -3 -5 -2
right_child=5 2 -4 4 -6 -7
leaf_value=-0.0092433959557835597 0.0096435308452646681 -0.0044222338129422398 -0.008696662302506715 -0.0049903507879698883 0.006765222954836129 -0.0039769124591542051
leaf_weight=2.0585082746110883 3.1725738418754186 2.0368260422255835 1.6918263903353352 0.55282115680165489 6.7424272680655122 0.39949251804500807
leaf_count=194 312 56 161 29 118 23
internal_value=0.000803895 -0.00145432 0.000647932 0.00301978 0.0053802 0.00758359
internal_weight=16.6545 13.0824 11.0239 9.33207 7.29525 3.57207
internal_count=893 558 364 203 147 335
is_linear=0
shrinkage=0.02


Tree=730
num_leaves=7
num_cat=0
split_feature=18 42 42 28 40 23
split_gain=1.22128 0.971312 0.500221 0.24999 0.204115 0.167371
threshold=-0.0091989236114220479 0.066236817852183674 1.0000000180025095e-35 0.22549849437095049 0.12799725055675934 276.4772727272728
decision_type=2 2 2 2 2 10
left_child=1 3 5 -1 -4 -2
right_child=2 -3 4 -5 -6 -7
leaf_value=0.0096726952955119034 0.0061755894645893752 -0.0067146920941598201 -0.010945796982071035 -0.0028706795136260745 0.00074366942556268099 -0.003354074767431508
leaf_weight=4.9023131427820772 0.78303163405507781 1.4119179442059246 3.7902734105009586 0.27062974800355721 0.54340375727042545 0.43829413596540689
leaf_count=305 23 193 258 40 65 9
internal_value=-0.000597421 0.00491089 -0.00688 0.00865774 -0.00961543 0.00278533
internal_weight=12.1399 6.58486 5.555 5.17294 4.33368 1.22133
internal_count=893 538 355 345 323 32
is_linear=0
shrinkage=0.02


Tree=731
num_leaves=7
num_cat=0
split_feature=43 28 21 44 48 28
split_gain=0.863979 0.755136 0.381533 0.229019 0.212819 0.16324
threshold=-0.017096219207920742 0.08854319761516552 0.044090412021276428 0.0080507743092378004 0.014806053481072281 -0.011830540826103171
decision_type=2 2 10 2 2 2
left_child=5 2 4 -3 -2 -1
right_child=1 3 -4 -5 -6 -7
leaf_value=0.0018591160992626544 4.7382634733387461e-05 0.0034698761013067943 -0.0036480057991815861 -0.0074547001307840926 0.010672514683257387 -0.0094762176388473902
leaf_weight=0.25112868379801545 0.91546539217233647 0.38527202024124596 0.60601685475558031 1.863975780084729 3.5276983799412847 2.659569414332509
leaf_count=8 24 14 12 211 194 430
internal_value=-0.000565817 0.0031344 0.00703466 -0.00509144 0.00889422 -0.00827292
internal_weight=10.2091 7.29843 5.04918 2.24925 4.44316 2.9107
internal_count=893 455 230 225 218 438
is_linear=0
shrinkage=0.02


Tree=732
num_leaves=7
num_cat=0
split_feature=44 35 32 31 44 29
split_gain=0.641742 0.470119 0.455925 0.349077 0.312114 0.281764
threshold=0.010736551646714812 -0.011227342274534686 0.041616335879992777 -0.028064388438153089 -0.0090963402861050004 0.047550132123512313
decision_type=2 2 2 2 2 2
left_child=1 -1 3 -2 -3 -5
right_child=2 4 -4 5 -6 -7
leaf_value=-0.0085932745628672612 0.0046868872368846758 0.0072162172584094566 0.0079467772381189936 -0.0052063579562256134 -0.0044896356339497578 0.00510993284647401
leaf_weight=3.0581387188285589 2.8010500080417851 1.0809342744760213 4.0501369198318571 3.7836630027741167 0.73618537583388644 0.50182303274050344
leaf_count=247 138 16 223 228 26 18
internal_value=0.000767996 -0.00470636 0.0033548 7.21997e-05 0.00256348 -0.00326011
internal_weight=16.0119 4.87526 11.1367 7.08654 1.81712 4.28549
internal_count=896 289 607 384 42 246
is_linear=0
shrinkage=0.02


Tree=733
num_leaves=7
num_cat=0
split_feature=42 40 42 18 28 27
split_gain=1.07865 1.14497 0.564293 0.27399 0.188446 0.141008
threshold=0.064880436125691818 0.078767920674795253 -0.0052076279289635227 0.03034247898271181 0.16133876962762525 -0.18331305126131189
decision_type=2 2 2 2 2 2
left_child=1 2 4 5 -1 -3
right_child=-2 3 -4 -5 -6 -7
leaf_value=0.0069990406327824928 -0.0092717717686175479 -0.0016586573797926114 -0.0091898577842809918 -0.0024800732816009983 -0.0034885382475747777 0.010498137030464472
leaf_weight=1.0127278189174833 2.8187926423270264 0.14075147965922852 2.3710085505153966 0.41481863637454797 0.3071385733783244 4.6084976976271728
leaf_count=36 409 24 115 21 4 287
internal_value=-0.00026678 0.00324973 -0.00457312 0.00867573 0.00410677 0.00991202
internal_weight=11.6737 8.85494 3.69087 5.16407 1.31987 4.74925
internal_count=896 487 155 332 40 311
is_linear=0
shrinkage=0.02


Tree=734
num_leaves=7
num_cat=0
split_feature=38 71 6 49 19 29
split_gain=0.97511 0.466841 0.307518 0.271021 0.213345 0.175724
threshold=0.038991839640575052 0.27516666666666673 143.76630743637946 0.018330325594656038 -0.077289598553713187 -0.075577016534294619
decision_type=2 2 2 2 2 2
left_child=1 3 -2 5 -3 -1
right_child=2 4 -4 -5 -6 -7
leaf_value=0.0018030904696090906 0.0094283705546799722 -0.0040524129320618817 -0.0016352286958818687 0.0022494487976399877 0.0059776976632541804 -0.01059981630596332
leaf_weight=0.21261756506282781 2.4593212110921745 0.51811343000736076 1.0487835796084253 0.50117094279266883 1.1842495894525198 3.8507971026701857
leaf_count=9 176 131 55 43 24 458
internal_value=-0.000898742 -0.00535982 0.00649176 -0.00824038 0.00255508 -0.0097229
internal_weight=9.77505 6.26695 3.5081 4.56459 1.70236 4.06341
internal_count=896 665 231 510 155 467
is_linear=0
shrinkage=0.02


Tree=735
num_leaves=7
num_cat=0
split_feature=40 27 23 71 1 38
split_gain=0.766638 0.700573 0.464175 0.400521 0.372993 0.314797
threshold=0.077017442196986835 -0.19345899402218433 118.8103888221154 0.21383333333333335 0.3144009216589862 0.068259426444936031
decision_type=2 2 8 2 2 2
left_child=2 -2 3 -1 -3 -4
right_child=1 4 5 -5 -6 -7
leaf_value=0.0047169047934736514 0.0071485424416826392 0.0016551463851360146 0.0092181079307865621 -0.0075622660484097586 -0.0080730028427991839 -0.0028194974867666481
leaf_weight=1.1183037981390964 1.1789322781842191 1.6881468279752869 4.7168974026571959 1.2186035658232865 5.4763685232028365 0.55461483215913165
leaf_count=15 173 58 153 47 450 34
internal_value=0.000546939 -0.0034525 0.00482434 -0.00203357 -0.00585882 0.007704
internal_weight=15.9519 8.34345 7.60842 2.33691 7.16452 5.27151
internal_count=930 681 249 62 508 187
is_linear=0
shrinkage=0.02


Tree=736
num_leaves=7
num_cat=0
split_feature=15 46 35 43 43 46
split_gain=1.2999 0.79982 0.548806 0.208754 0.117533 0.0941997
threshold=0.040300263115127022 0.0013614894018949694 -0.0020429483466101041 -0.0072916734886824949 -0.082319740151278673 0.022277819963684633
decision_type=2 2 2 2 2 2
left_child=1 2 3 -1 -3 -2
right_child=5 4 -4 -5 -6 -7
leaf_value=0.0083317740795137325 0.0099633008825624637 0.0013904355745294182 -0.0064551829493262941 -0.0022702781155414702 -0.0097342506956711004 -0.0003796730555926844
leaf_weight=2.2973889983259146 2.7776335417293025 0.15968656563199957 1.1217528078705052 0.49206184572540257 4.5632415674626836 0.30947699374519277
leaf_count=82 233 8 21 24 543 19
internal_value=-0.000393954 -0.00437529 0.00211545 0.00635599 -0.00918088 0.00908723
internal_weight=11.7212 8.63413 3.9112 2.78945 4.72293 3.08711
internal_count=930 678 127 106 551 252
is_linear=0
shrinkage=0.02


Tree=737
num_leaves=7
num_cat=0
split_feature=47 43 28 31 62 14
split_gain=1.15005 0.572235 0.464567 0.280659 0.259892 0.0793943
threshold=0.0040407287782345406 0.050634216930324376 -0.0079201708901896258 -0.029887033207629428 0.17997570853395486 -0.069430540737400306
decision_type=2 2 2 2 2 2
left_child=1 2 -1 -2 -4 -5
right_child=3 -3 4 5 -6 -7
leaf_value=0.0043511216920098942 -0.0030248545923454778 0.0057353686562693984 -0.010834329285017126 -0.0010782110999663806 0.001527335181559248 0.0099026649667201382
leaf_weight=0.56046145549044002 0.38864759122952852 0.83251753880176682 4.3428069677902386 0.08489023847505528 0.51886246178764839 2.9763182390015568
leaf_count=16 67 33 608 7 17 182
internal_value=-0.000397968 -0.00527469 -0.00759501 0.00764203 -0.00947954 0.00940764
internal_weight=9.7045 6.25465 5.42213 3.44986 4.86167 3.06121
internal_count=930 674 641 256 625 189
is_linear=0
shrinkage=0.02


Tree=738
num_leaves=7
num_cat=0
split_feature=28 70 41 71 71 41
split_gain=0.810562 0.560649 0.534146 0.340034 0.333201 0.314406
threshold=0.14042933558932616 0.020833333333333339 0.051122139214337455 0.34325000000000011 0.19383333333333336 -0.012032616470843525
decision_type=2 2 2 2 2 2
left_child=1 2 5 4 -3 -1
right_child=-2 3 -4 -5 -6 -7
leaf_value=-0.0020508215291581235 0.007655161313750364 0.0010269106218079123 -0.0055472477184512273 0.0041706315970786098 -0.0091077142145157049 0.0096342438570672997
leaf_weight=0.8608307316899303 3.2975583104416737 1.4183813305571673 1.2758622164838014 0.59785197069868434 4.9570124079473317 2.2702107515651715
leaf_count=14 344 68 28 17 383 28
internal_value=0.000182186 -0.00242665 0.00278625 -0.00565733 -0.00701946 0.00670286
internal_weight=14.6777 11.3801 4.4069 6.97325 6.37539 3.13104
internal_count=882 538 70 468 451 42
is_linear=0
shrinkage=0.02


Tree=739
num_leaves=7
num_cat=0
split_feature=42 41 42 15 43 6
split_gain=1.03296 0.726258 0.574423 0.331412 0.261143 0.144173
threshold=0.0066735948092799752 0.051277260378759855 0.064471200956077931 0.089637792725260304 -0.078822181369726671 297.22728192673554
decision_type=2 2 2 2 2 2
left_child=5 3 -3 4 -2 -1
right_child=1 2 -4 -5 -6 -7
leaf_value=0.0088626815720242291 0.0026892887730637911 0.0085625060491253801 -0.0058498683632449968 0.0035463359292636112 -0.010906897913256179 -0.0019437948845111535
leaf_weight=3.0241110469214623 0.24497611983679224 1.7688047299161556 0.95867695368360717 0.35040550911799062 4.1446064478950575 0.20072215888649214
leaf_count=222 6 76 204 16 351 7
internal_value=-0.000204771 -0.00421905 0.00328638 -0.00835796 -0.00978992 0.00788918
internal_weight=10.6923 7.46747 2.72748 4.73999 4.38958 3.22483
internal_count=882 653 280 373 357 229
is_linear=0
shrinkage=0.02


Tree=740
num_leaves=7
num_cat=0
split_feature=43 28 70 11 52 29
split_gain=1.08723 0.489179 0.458033 0.167892 0.0900309 0.069274
threshold=-0.01284433322148811 0.1272276929704059 0.02016666666666667 -0.41654807995635718 0.16753887559808614 -0.054546163406249584
decision_type=2 2 2 2 2 2
left_child=5 2 3 -2 -4 -1
right_child=1 -3 4 -5 -6 -7
leaf_value=0.00049508299949000182 0.0032642446910540017 -0.0058678135077939045 -4.510595923618464e-05 -0.0054678089780359207 0.010266534622440503 -0.0095393862544164796
leaf_weight=0.19505124073475633 0.75273439520969987 0.77167639171238978 0.3559883940033618 0.89195804717019178 3.632420955458656 2.5151139519875869
leaf_count=22 17 185 23 11 186 438
internal_value=-4.56761e-05 0.00438614 0.00646368 -0.00174822 0.00952162 -0.00887841
internal_weight=9.11494 6.40478 5.6331 1.64469 3.98841 2.71017
internal_count=882 422 237 28 209 460
is_linear=0
shrinkage=0.02


Tree=741
num_leaves=7
num_cat=0
split_feature=28 63 68 42 38 43
split_gain=0.720577 0.497391 0.640923 0.386411 0.353613 0.306968
threshold=0.14042933558932616 0.085849075705116532 0.27548183839881396 0.0072682559549917545 0.032021745985761532 -0.056667341851279932
decision_type=2 2 2 2 2 2
left_child=1 3 -3 -1 -5 -2
right_child=5 2 -4 4 -6 -7
leaf_value=-0.0058617451021650419 -0.0025416256497402508 -0.0097484852027128928 0.0041805253025348193 0.0063485420902878202 -0.0043064605034677274 0.0089885765913463658
leaf_weight=1.3372303659562002 0.73735735332593355 4.3850316796451807 1.1219994351267812 3.6969797278288752 0.90815909393131722 2.7149693490937361
leaf_count=137 45 267 29 79 46 305
internal_value=-0.00042429 -0.0028695 -0.00670426 0.00113813 0.00385389 0.00650819
internal_weight=14.9017 11.4494 5.50703 5.94237 4.60514 3.45233
internal_count=908 558 296 262 125 350
is_linear=0
shrinkage=0.02


Tree=742
num_leaves=7
num_cat=0
split_feature=48 43 0 40 64 31
split_gain=1.10998 0.712155 0.513248 0.181474 0.173764 0.152752
threshold=0.028764105083731523 -0.007419507890758458 0.1216525722339676 0.13999873442535901 0.51162947937795822 -0.062907635351133834
decision_type=2 2 2 2 2 2
left_child=1 2 4 -3 -1 -4
right_child=-2 3 5 -5 -6 -7
leaf_value=0.0036407633233843488 -0.0085275368062565342 -0.0074312015574841432 -0.0012296611510724915 0.0028577865319402897 -0.0054835282147460843 0.010509417248359711
leaf_weight=0.54924349999055155 3.0630886958679193 1.4646178362891067 0.26885316637344558 0.34560752823017526 0.99669817835092545 4.5477685942314574
leaf_count=19 422 122 23 14 24 284
internal_value=0.000189384 0.0040299 0.00698602 -0.00514892 -0.00208509 0.00975541
internal_weight=11.2359 8.17279 6.36256 1.81023 1.54594 4.81662
internal_count=908 486 350 136 43 307
is_linear=0
shrinkage=0.02


Tree=743
num_leaves=7
num_cat=0
split_feature=38 47 62 28 28 48
split_gain=0.965336 0.496669 0.504021 0.391786 0.174667 0.0383348
threshold=0.060501921201270674 0.0012591625704996637 0.18890487322424027 -0.018139554957645011 0.11501683436997946 0.012225011937690098
decision_type=2 2 2 2 2 2
left_child=1 2 3 -1 -3 -2
right_child=5 4 -4 -5 -6 -7
leaf_value=0.0036145523558663716 -0.00051351346721944678 0.00621450949586436 0.0051502128016214553 -0.01087871804325888 -0.0034185024382242324 0.0093285137873556703
leaf_weight=0.38955096062272732 0.060248557478189801 1.4709298426751045 0.5528955275658517 3.7085820154752587 0.34155316743999709 2.4740352993831038
leaf_count=7 3 45 8 583 83 179
internal_value=0.000443064 -0.00367568 -0.00676036 -0.00906228 0.00382918 0.00901544
internal_weight=8.9978 6.46351 4.65103 4.09813 1.81248 2.53428
internal_count=908 726 598 590 128 182
is_linear=0
shrinkage=0.02


Tree=744
num_leaves=7
num_cat=0
split_feature=40 14 27 46 46 39
split_gain=0.624559 0.553534 0.364813 0.407111 0.30228 0.28747
threshold=0.077820676126642535 -0.04128658979800013 -0.039296060627532929 0.0082359417689924306 0.026567532839451024 -0.0090793922527190821
decision_type=2 2 2 2 2 2
left_child=2 -2 -1 -4 -3 -6
right_child=1 4 3 -5 5 -7
leaf_value=0.0074325877786906571 0.0047392795383862001 -0.008244026824654525 0.004316565805026369 -0.0072736148527481649 0.0063858367632389432 -0.0052283149328183507
leaf_weight=4.3286469648592174 1.7545177172869442 4.5326953760813922 1.7461626939475539 1.1908283769153056 0.81945891701616347 0.63357695797458269
leaf_count=179 177 338 24 42 21 82
internal_value=0.000377676 -0.00337283 0.00429784 -0.00103664 -0.00608866 0.00125474
internal_weight=15.0059 7.74025 7.26564 2.93699 5.98573 1.45304
internal_count=863 618 245 66 441 103
is_linear=0
shrinkage=0.02


Tree=745
num_leaves=7
num_cat=0
split_feature=48 40 45 14 44 14
split_gain=1.36003 0.578406 0.238584 0.225031 0.183894 0.0745263
threshold=0.019671643955978101 0.061742287738804393 -0.043684864021592114 -0.048234864968760983 0.0080507743092378004 0.12289962699820305
decision_type=2 2 2 2 2 2
left_child=1 4 -2 -3 -1 -4
right_child=2 3 5 -5 -6 -7
leaf_value=0.0026242432320639779 0.001403522369541701 -0.0025657829776674101 -0.0096307546397037362 0.010112406494294185 -0.0062627284562458904 0.00098039255322811378
leaf_weight=0.93254391662776459 0.72604309837333847 0.23279483267106105 3.8961849132319917 3.9421227558050305 1.055325082503259 0.095585059374570736
leaf_count=22 60 23 441 253 49 15
internal_value=-0.000390899 0.00544665 -0.00763532 0.00904626 -0.00261072 -0.00923116
internal_weight=10.8806 6.16279 4.71781 4.17492 1.98787 3.99177
internal_count=863 347 516 276 71 456
is_linear=0
shrinkage=0.02


Tree=746
num_leaves=7
num_cat=0
split_feature=46 28 38 50 48 69
split_gain=0.961852 0.711236 0.28127 0.27615 0.232212 0.080531
threshold=0.009364992800828047 0.082110370901903956 0.076388500640897958 0.46420563741191551 0.011650527791598256 -0.054172403424646666
decision_type=2 2 2 2 2 2
left_child=2 4 -1 -3 -2 -5
right_child=1 3 -4 5 -6 -7
leaf_value=-0.010202807918084967 -0.0014212353394312338 -0.007944157911076553 0.003127177770262334 -0.0024300777425182562 0.0099256878012639067 0.0047560392434603041
leaf_weight=2.482757997582667 0.58506648009642948 1.2907979047158735 0.29264681413769711 0.21609597653150558 3.5392096235882491 0.7750687216175719
leaf_count=353 24 191 8 35 206 46
internal_value=-0.000137593 0.00406288 -0.00834124 -0.0038731 0.00835279 0.00275572
internal_weight=9.18164 6.40624 2.7754 2.28196 4.12428 0.991165
internal_count=863 502 361 272 230 81
is_linear=0
shrinkage=0.02


Tree=747
num_leaves=7
num_cat=0
split_feature=14 40 50 1 34 9
split_gain=0.744149 0.726087 0.422996 0.360991 0.285146 0.215268
threshold=-0.036578905016491491 0.077820676126642535 0.35872876237493773 0.33436853002070399 -0.0067741603876318298 30.721209691470055
decision_type=2 2 2 2 2 2
left_child=-1 2 -2 5 -4 -3
right_child=1 3 4 -5 -6 -7
leaf_value=0.0080210669833800617 -0.003833195350142976 -0.0047059714092281182 -0.0035048663652070379 -0.00955372371125374 0.0077268643546142971 0.0043473964590421471
leaf_weight=2.8570830230601141 1.8944790912792067 0.9738956876099113 0.50959432730451215 3.7509019004646689 3.5976824245881289 1.2467880113981662
leaf_count=291 66 53 24 380 71 41
internal_value=0.000326418 -0.00198643 0.00273355 -0.0064419 0.00591993 0.000148596
internal_weight=14.8304 11.9733 6.00176 5.97159 4.10728 2.22068
internal_count=926 635 161 474 95 94
is_linear=0
shrinkage=0.02


Tree=748
num_leaves=7
num_cat=0
split_feature=18 42 42 16 15 28
split_gain=0.979889 0.611546 0.59252 0.275289 0.208203 0.181565
threshold=-0.03095038116486953 0.066236817852183674 0.002138375346397423 -0.047228743607775646 -0.00012214871517837427 0.22549849437095049
decision_type=2 2 2 2 2 2
left_child=1 5 4 -4 -2 -1
right_child=2 -3 3 -5 -6 -7
leaf_value=0.0098501647843798334 -0.0031064699099849344 -0.0050448703464933521 0.0010133085053978504 -0.010363712428979318 0.0068068860349270108 -0.0022069663302668715
leaf_weight=3.7956315290648495 0.65300673618912686 0.94890615087933827 0.8356777753215282 3.6762143831001595 1.1421495070680974 0.19574486231431354
leaf_count=275 10 140 63 355 50 33
internal_value=-0.000195117 0.00585272 -0.00508502 -0.00845496 0.00337954 0.00893517
internal_weight=11.2473 4.94028 6.30705 4.51189 1.79516 3.99138
internal_count=926 448 478 418 60 308
is_linear=0
shrinkage=0.02


Tree=749
num_leaves=7
num_cat=0
split_feature=28 47 38 10 43 43
split_gain=0.931015 0.629659 0.329918 0.203954 0.167138 0.0551325
threshold=0.017234676038807618 0.0040407287782345406 0.010184038659884461 1.5577495197913334 0.067551580354704016 -0.0054815010343320916
decision_type=2 2 2 2 2 2
left_child=2 4 -1 5 -2 -3
right_child=1 3 -4 -5 -6 -7
leaf_value=-0.0037241374116913453 -0.0098869070294763297 -0.00080963373087079708 0.0095845459546123526 -0.0032963988683794498 0.0018317871837265401 0.0072528228688904161
leaf_weight=0.3697647204389799 3.4783732506912206 0.18168626748956751 2.6092617824906483 0.62803373346105207 0.23039635783061374 1.2166824929881841
leaf_count=34 576 11 182 66 10 47
internal_value=-0.000285939 -0.00479121 0.00741185 0.00322291 -0.0089245 0.00630448
internal_weight=8.7142 5.73517 2.97903 2.0264 3.70877 1.39837
internal_count=926 710 216 124 586 58
is_linear=0
shrinkage=0.02


Tree=750
num_leaves=7
num_cat=0
split_feature=28 66 40 40 34 12
split_gain=0.750261 0.873839 0.605759 0.539456 0.291645 0.275241
threshold=0.085837477833543452 74.017586794837896 0.13126422993372613 0.055078901001681287 -0.014666347888682483 119.38025210084034
decision_type=2 2 2 2 2 2
left_child=1 -1 4 -3 -2 -4
right_child=2 3 5 -5 -6 -7
leaf_value=-0.0091694655592047432 -0.0033239950319214934 0.0080453987452847736 -0.0067493269219827054 -0.0041060330185273448 0.0091252481844074085 0.0043394759964708656
leaf_weight=3.8256034783553332 0.34675289597362269 2.2554377899505198 1.4849632603581997 1.8115725212264804 5.2903168890625238 0.56650331057608116
leaf_count=276 23 26 70 128 298 80
internal_value=0.000805056 -0.00332875 0.0049433 0.00289064 0.00797402 -0.0032686
internal_weight=15.5812 7.89261 7.68854 4.06701 5.63707 2.05147
internal_count=901 430 471 154 321 150
is_linear=0
shrinkage=0.02


Tree=751
num_leaves=7
num_cat=0
split_feature=46 2 0 0 16 43
split_gain=0.942257 0.582678 0.340249 0.312013 0.247089 0.225171
threshold=0.0034695073532156201 0.32163382594417084 0.1434624697336562 0.11272900561262313 -0.022945482497334409 -0.010313951986804777
decision_type=2 2 2 2 2 2
left_child=2 3 4 -2 -1 -4
right_child=1 -3 5 -5 -6 -7
leaf_value=0.0046126387388680089 -0.0047120589056008858 -0.0094845669042576113 0.0097857830644727008 0.0071228032167631374 -0.0054461910647915683 -0.0018049814751060986
leaf_weight=0.78128787758760188 0.64377957629039873 3.895316025824286 2.870916321408004 1.1363057387061415 1.2252025129273532 0.4746707691811024
leaf_count=32 29 511 202 73 31 23
internal_value=-0.000635486 -0.00583621 0.00493 0.00268729 -0.00129801 0.00810436
internal_weight=11.0275 5.6754 5.35208 1.78009 2.00649 3.34559
internal_count=901 613 288 102 63 225
is_linear=0
shrinkage=0.02


Tree=752
num_leaves=7
num_cat=0
split_feature=38 62 72 23 28 56
split_gain=0.86143 0.477801 0.360323 0.259237 0.194197 0.128469
threshold=0.038991839640575052 0.18311382579372656 0.22500000000000003 401.42012291666674 -0.014787535095022194 0.46785225718194262
decision_type=2 2 2 10 2 2
left_child=1 2 4 -2 -1 -6
right_child=3 -3 -4 -5 5 -7
leaf_value=0.0021705851918150687 0.0089924398847092569 0.0055214846525115362 0.0029545301299567527 -0.0014346572860198933 -0.01027335679563611 0.0015686135881473513
leaf_weight=0.2537611131556331 2.4935308638960128 0.75011950219050039 0.77332071890123177 0.97413191106170405 4.2259927325649187 0.13213593931868661
leaf_count=7 179 23 81 52 557 2
internal_value=-0.000538099 -0.00480547 -0.00688339 0.00639779 -0.00876553 -0.00968857
internal_weight=9.60299 6.13533 5.38521 3.46766 4.61189 4.35813
internal_count=901 670 647 231 566 559
is_linear=0
shrinkage=0.02


Tree=753
num_leaves=7
num_cat=0
split_feature=28 72 6 16 16 46
split_gain=0.78462 0.520794 0.390303 0.38746 0.304152 0.295096
threshold=0.10011550074792687 0.13316666666666668 143.76630743637946 -0.060752947270347767 -0.022945482497334409 -0.0016635686371625747
decision_type=2 2 2 2 2 2
left_child=1 4 -3 -2 -1 -5
right_child=3 2 -4 5 -6 -7
leaf_value=-0.004355208352796007 -0.0038680657102600851 -0.0097031981350648791 0.0018784982819342528 -0.0024376408765020762 0.0054695581117612828 0.009439258252401786
leaf_weight=1.0442155832424762 0.74059599777683605 3.3854012067895383 1.196575755253434 0.56889025191776443 2.6248825383372587 4.3965905725490311
leaf_count=38 52 302 51 38 65 335
internal_value=0.00086113 -0.00297291 -0.00688397 0.0060218 0.00233954 0.00789801
internal_weight=13.9572 8.25108 4.58198 5.70608 3.6691 4.96548
internal_count=881 456 353 425 103 373
is_linear=0
shrinkage=0.02


Tree=754
num_leaves=7
num_cat=0
split_feature=15 2 40 42 42 34
split_gain=0.938217 0.713433 0.433785 0.212722 0.195627 0.17326
threshold=0.042779240836650752 0.24264069264069268 0.12712824465270992 0.078356685644693919 0.099976273425660733 -0.0067741603876318298
decision_type=2 2 2 2 2 2
left_child=1 -1 5 -2 -4 -3
right_child=3 2 4 -5 -6 -7
leaf_value=0.0058175354986642518 0.009536392878384644 0.00022419444609387588 0.00577928354823142 -0.0026770396021057871 -0.0041996189388367059 -0.010471855492724887
leaf_weight=1.4602088276296852 2.3414209124166523 0.63625590864103188 0.87796475400682517 0.23863725457340468 0.44238192297052592 4.3659094201866546
leaf_count=50 214 56 49 11 93 408
internal_value=-0.000718731 -0.00418048 -0.00696869 0.00797451 0.00206686 -0.00930067
internal_weight=10.3628 7.78272 6.32251 2.58006 1.32035 5.00217
internal_count=881 656 606 225 142 464
is_linear=0
shrinkage=0.02


Tree=755
num_leaves=7
num_cat=0
split_feature=28 43 46 21 46 49
split_gain=0.858157 0.938448 0.259627 0.0858132 0.0563067 0.0487836
threshold=0.095936624139737747 -0.017096219207920742 0.0079147402953547753 0.044090412021276428 0.032985502524341868 -0.024003944656498421
decision_type=2 2 2 10 2 2
left_child=1 4 -3 5 -1 -4
right_child=-2 2 3 -5 -6 -7
leaf_value=-0.0078787583357314648 -0.0092264439510675398 -0.0017488130155805617 -0.0005000538016509497 -0.00069474004193240233 0.001030707897804587 0.010213699612539011
leaf_weight=1.4717146215261889 2.1073502021608874 0.67948170262388874 0.082417219411582088 0.19189687771722663 0.080885149538516887 3.564742821734399
leaf_count=203 438 22 4 10 2 202
internal_value=-0.000513513 0.00338793 0.00766806 0.00935174 -0.00719265 0.00991609
internal_weight=8.17849 6.07114 4.51854 3.83906 1.5526 3.64716
internal_count=881 443 238 216 205 206
is_linear=0
shrinkage=0.02


Tree=756
num_leaves=7
num_cat=0
split_feature=42 63 64 28 31 36
split_gain=0.587717 0.578629 0.459814 0.368114 0.291342 0.26665
threshold=0.002138375346397423 0.10593767792230545 0.57355191256830607 0.022390971334730895 -0.044307335655553871 0.0070769438578487864
decision_type=2 2 2 2 2 2
left_child=-1 2 3 -2 -3 -5
right_child=1 4 -4 5 -6 -7
leaf_value=-0.0066287573411257681 -0.0057804061362695183 0.0034361935025831627 0.0098903599717953868 -0.0012984751356393449 -0.0079243250649381099 0.0069782686292825646
leaf_weight=2.6322612119838604 1.3396826144307832 0.64885337487794492 3.1400760270189494 2.2380894441157579 1.8407253422774363 2.6736092434730381
leaf_count=231 90 49 136 142 121 114
internal_value=0.000511236 0.00248492 0.0047013 0.00109035 -0.00482725 0.00362516
internal_weight=14.5133 11.881 9.39146 6.25138 2.48958 4.9117
internal_count=883 652 482 346 170 256
is_linear=0
shrinkage=0.02


Tree=757
num_leaves=7
num_cat=0
split_feature=18 30 8 2 40 67
split_gain=1.06169 0.542677 0.223596 0.209165 0.186438 0.165545
threshold=-0.0091989236114220479 0.0088233362050198442 0.81923918376448845 0.16557017543859651 0.12712824465270992 -299.14529914529908
decision_type=2 2 2 2 2 2
left_child=1 2 -1 -2 5 -5
right_child=3 -3 -4 4 -6 -7
leaf_value=0.0098397530806077146 0.002295547918917523 -0.0033205853007572286 -0.0014691999607279588 0.0019546428954110395 0.0013597405704591063 -0.0099523449158490339
leaf_weight=3.6947931137401611 0.51580939535051573 1.6300427567912263 0.54276821645908047 0.19229566259309638 0.52315084461588401 3.583107467158698
leaf_count=256 11 246 36 6 72 256
internal_value=-0.000217066 0.00512489 0.00838729 -0.00648935 -0.00777779 -0.00906356
internal_weight=10.682 5.8676 4.23756 4.81436 4.29855 3.7754
internal_count=883 538 292 345 334 262
is_linear=0
shrinkage=0.02


Tree=758
num_leaves=7
num_cat=0
split_feature=38 72 0 53 48 27
split_gain=1.04874 0.390951 0.290166 0.164854 0.127226 0.0732976
threshold=0.038991839640575052 0.22316666666666671 0.080540540540540564 0.2345911737342817 0.012047816482019918 -0.19345899402218433
decision_type=2 2 2 2 2 2
left_child=1 2 -1 -4 -2 -6
right_child=4 -3 3 -5 5 -7
leaf_value=0.0011747124936811577 -0.0012928393231400217 0.0037724330580707062 -0.010367121267509046 0.0017248489836918244 -0.00098244669919422345 0.0093399539614937629
leaf_weight=1.0422492297366259 0.31006927229464087 0.93525383330415923 3.5931909778155391 0.21225849969778199 0.10479160002432797 2.5558477123267949
leaf_count=18 13 93 531 13 16 199
internal_value=-0.000553145 -0.005282 -0.00737523 -0.00947408 0.00766421 0.00877608
internal_weight=8.75366 5.78295 4.8477 3.80545 2.97071 2.66064
internal_count=883 655 562 544 228 215
is_linear=0
shrinkage=0.02


Tree=759
num_leaves=7
num_cat=0
split_feature=40 28 28 42 45 14
split_gain=0.843989 0.930891 0.312744 0.398179 0.355765 0.245122
threshold=0.07407757091967207 0.13499359144159967 -0.0079201708901896258 -0.0052076279289635227 0.014291719177872352 0.017937086023635297
decision_type=2 2 2 2 2 2
left_child=2 -2 -1 -4 -5 -3
right_child=1 5 3 4 -6 -7
leaf_value=-0.0047114968425966356 -0.0086094149997840048 0.0081316889501041219 -0.0027663852563125815 0.010125596102700822 -0.0020307791993767902 -0.002503301814064315
leaf_weight=0.51033495366573323 5.1411715808790177 1.5089783796574923 1.1619510021992026 4.316284739645198 0.81368156545795489 0.74892174080014218
leaf_count=30 421 204 38 133 36 44
internal_value=1.33472e-05 -0.00438712 0.00474871 0.00605692 0.00818069 0.00491855
internal_weight=14.2013 7.39907 6.80225 6.29192 5.12997 2.2579
internal_count=906 669 237 207 169 248
is_linear=0
shrinkage=0.02


Tree=760
num_leaves=7
num_cat=0
split_feature=18 42 42 16 27 16
split_gain=0.864972 0.505563 0.460983 0.276052 0.157918 0.143752
threshold=-0.03095038116486953 0.066236817852183674 -0.0052076279289635227 -0.047603361056129577 -0.16309211390777514 0.028161089753228567
decision_type=2 2 2 2 2 2
left_child=1 4 5 -4 -1 -2
right_child=2 -3 3 -5 -6 -7
leaf_value=-0.0018029682586891591 0.006100260950688741 -0.0046741601871279782 0.0011087265048202012 -0.0098881131871825251 0.0093455845290940538 -0.0031240397636833252
leaf_weight=0.2456038381205875 0.99130231235176303 0.85830964567139734 0.91403709491714824 3.4384464860195294 3.5397760136984289 0.28312638169154525
leaf_count=38 46 135 66 348 268 5
internal_value=-0.000189143 0.00558058 -0.00507428 -0.00780305 0.00839663 0.00357845
internal_weight=10.2706 4.64369 5.62691 4.35248 3.78538 1.27443
internal_count=906 441 465 414 306 51
is_linear=0
shrinkage=0.02


Tree=761
num_leaves=7
num_cat=0
split_feature=43 28 46 21 66 28
split_gain=0.957556 0.525943 0.53483 0.117795 0.0995277 0.0821705
threshold=-0.017096219207920742 0.10707780842249982 0.0079147402953547753 -0.011557552860238412 179.52695560253702 -0.023422908887570686
decision_type=2 2 2 10 2 2
left_child=5 2 -2 -3 -4 -1
right_child=1 3 4 -5 -6 -7
leaf_value=0.0012223425544515343 -0.0033907522866661066 -0.0068018301936876805 0.010595795870633173 0.0023439212834229528 -0.00028235666511720593 -0.0091211571496370193
leaf_weight=0.098379071801901197 1.0576849037315694 1.001713214558549 3.6588910133577888 0.21761278063058842 0.30759134888648976 2.3625957827316597
leaf_count=3 26 197 212 5 7 456
internal_value=0.00019876 0.00431519 0.00697496 -0.00484892 0.00986522 -0.00847396
internal_weight=8.70447 6.24349 5.02417 1.21933 3.96648 2.46097
internal_count=906 447 245 202 219 459
is_linear=0
shrinkage=0.02


Tree=762
num_leaves=7
num_cat=0
split_feature=14 63 44 39 6 16
split_gain=0.679329 0.47273 0.421799 0.316024 0.264984 0.228414
threshold=0.038044359955277836 0.087374890653579187 0.020042142043062261 0.015402614600119333 28.192801178787878 -0.05680678223086643
decision_type=2 2 2 2 2 2
left_child=1 5 -3 4 -4 -1
right_child=-2 2 3 -5 -6 -7
leaf_value=-0.0017452842130593876 -0.0060464275872223272 -0.0068324359861318823 -0.0033200875730956814 -0.0051478603456150017 0.0081076750629197319 0.0082798447552312575
leaf_weight=0.72232362604700018 3.660604977980257 1.9654343125876037 0.47228843532502729 0.6180034338030963 2.2267116731964052 4.4062802577391249
leaf_count=37 345 62 18 81 125 228
internal_value=0.000415337 0.00301811 -0.00116474 0.00299832 0.00575101 0.0068135
internal_weight=14.0716 10.411 5.28244 3.317 2.699 5.1286
internal_count=896 551 286 224 143 265
is_linear=0
shrinkage=0.02


Tree=763
num_leaves=7
num_cat=0
split_feature=42 40 14 42 11 17
split_gain=1.01577 0.657013 0.304274 0.268415 0.232963 0.140294
threshold=0.0099345188642554916 0.12712824465270992 0.10249875106230831 0.1005386867695643 0.83839273342834419 0.083683473389355764
decision_type=2 2 2 2 2 2
left_child=4 2 -2 -3 5 -1
right_child=1 3 -4 -5 -6 -7
leaf_value=-0.00067282228678570988 -0.010108545383121319 0.0070365504581974348 0.0027419010084443135 -0.0043423382310797294 -0.0027636544422734084 0.0095509797618398007
leaf_weight=0.47977468557655889 4.3260769092012197 1.3614775587338952 0.42712759668938804 0.46541013114619989 0.43026115093380202 2.76121697248891
leaf_count=10 448 67 19 97 10 245
internal_value=-0.000773024 -0.00523378 -0.00867792 0.00362708 0.00663097 0.00823573
internal_weight=10.2513 6.58009 4.7532 1.82689 3.67125 3.24099
internal_count=896 631 467 164 265 255
is_linear=0
shrinkage=0.02


Tree=764
num_leaves=7
num_cat=0
split_feature=46 39 71 38 38 42
split_gain=0.71791 0.444891 0.391154 0.245611 0.151586 0.150211
threshold=0.009364992800828047 -0.0079331356917668166 0.27125000000000005 0.069631348789745376 0.054080530104933341 0.052581103981780293
decision_type=2 2 2 2 2 2
left_child=3 2 4 -1 -2 -3
right_child=1 5 -4 -5 -6 -7
leaf_value=-0.0092666034427916141 -0.0080293200170712606 -0.00047797720137135859 0.0051819323442906066 0.0026410584309172159 0.0019414912587770125 0.009762787853217025
leaf_weight=2.1332486680475999 1.4991572750732305 0.5763477319851521 1.2138175087748093 0.41167997755110253 0.36926780245266844 2.5270367176271975
leaf_count=365 208 15 82 13 20 193
internal_value=0.000250525 0.00386104 -0.00145417 -0.00713872 -0.00606887 0.00820792
internal_weight=8.73056 6.18563 3.08224 2.54493 1.86843 3.10338
internal_count=896 518 310 378 228 208
is_linear=0
shrinkage=0.02


Tree=765
num_leaves=7
num_cat=0
split_feature=28 66 17 23 18 71
split_gain=0.739257 0.766688 0.456195 0.437674 0.296795 0.233719
threshold=0.085837477833543452 70.200814697813627 0.1167748917748918 273.0871567298106 0.011176068669224716 0.34841666666666671
decision_type=2 2 2 8 2 2
left_child=1 -1 -2 -4 5 -3
right_child=2 4 3 -5 -6 -7
leaf_value=-0.010109074502558765 0.0084879951220572618 -0.0064188207265871104 -0.006289734593229972 0.004918835270231907 0.0055537340318730843 0.0042140438597302763
leaf_weight=3.3702199682593346 3.4679421002510935 1.4458391938824204 1.8103752594906839 1.7834688320290295 2.2177596082910895 0.42755770916119207
leaf_count=263 148 103 106 220 56 6
internal_value=-0.000132262 -0.00425367 0.00420983 -0.000867485 0.00160808 -0.00337009
internal_weight=14.5232 7.46138 7.06179 3.59384 4.09116 1.8734
internal_count=902 428 474 326 165 109
is_linear=0
shrinkage=0.02


Tree=766
num_leaves=7
num_cat=0
split_feature=30 0 18 65 2 2
split_gain=0.94437 0.525151 0.279854 0.256109 0.17549 0.13712
threshold=0.001542903024573779 0.13276009704581135 -0.085828818444974905 0.42871066555277088 0.43083176985616017 0.26835686777920414
decision_type=2 2 2 2 2 2
left_child=1 3 -2 -1 -3 -4
right_child=2 4 5 -5 -6 -7
leaf_value=0.0039780701366696012 0.0027117674078238302 0.0098983527392618193 0.00086511049174519978 -0.0066506388746826895 -0.00059863121496763004 -0.0092009067527748459
leaf_weight=0.68793929880484928 0.68658874114044 3.397779936902225 0.434975398005918 1.2082324654329566 0.61680714087560762 3.2301509415265173
leaf_count=33 69 247 15 24 48 466
internal_value=0.000131882 0.00500545 -0.00618609 -0.0027524 0.00848782 -0.00807691
internal_weight=10.2625 5.91076 4.35172 1.89617 4.01459 3.66513
internal_count=902 352 550 57 295 481
is_linear=0
shrinkage=0.02


Tree=767
num_leaves=7
num_cat=0
split_feature=38 27 66 52 2 17
split_gain=0.670462 0.461005 0.318113 0.246525 0.188649 0.15623
threshold=0.066385877602505625 -0.046952473215761285 47.844841820223245 0.28925015402349114 0.78346121057118512 0.11968821475863731
decision_type=2 2 2 2 2 2
left_child=1 3 5 4 -1 -3
right_child=-2 2 -4 -5 -6 -7
leaf_value=-0.0098478616495655501 0.007909948049441607 0.0082850151131842048 -0.0038339012635422672 0.0027502727053324914 0.0014180290582156251 -0.0020784404643864247
leaf_weight=3.0601166037376979 2.1256162817589939 1.5462105378974231 1.2318469814490525 0.45282061293255527 0.42669811542145897 0.31331340537872154
leaf_count=436 160 44 113 32 56 61
internal_value=5.5906e-05 -0.0030078 0.0023975 -0.00687596 -0.00846043 0.00642266
internal_weight=9.15662 7.03101 3.09137 3.93964 3.48681 1.85952
internal_count=902 742 218 524 492 105
is_linear=0
shrinkage=0.02


Tree=768
num_leaves=7
num_cat=0
split_feature=14 20 66 38 62 31
split_gain=0.56558 0.485956 0.462099 0.272956 0.267539 0.270126
threshold=0.054005108208707749 0.073376256371049581 74.017586794837896 0.055043962053720509 0.079455266955266959 -0.031333005699957568
decision_type=2 10 2 2 2 2
left_child=1 2 4 -3 -1 -6
right_child=-2 3 -4 -5 5 -7
leaf_value=0.0037489522735039537 -0.0067787656670372709 0.0083930372530928148 0.0040938388536476853 -0.0025628691623178464 0.0014760983685863085 -0.0096601596745603709
leaf_weight=0.4873972954228506 2.3800378218293199 4.0989785606507212 2.9933427188079804 0.62551058572717 0.8522083580028269 2.3921851944178343
leaf_count=10 278 347 83 22 22 145
internal_value=0.000512941 0.00245142 -0.00104991 0.00674819 -0.00516904 -0.0070764
internal_weight=13.8297 11.4496 6.72513 4.72449 3.73179 3.24439
internal_count=907 629 260 369 177 167
is_linear=0
shrinkage=0.02


Tree=769
num_leaves=7
num_cat=0
split_feature=48 30 0 15 54 2
split_gain=0.905944 0.413368 0.406923 0.2232 0.120195 0.0955585
threshold=0.018504770960174104 -0.0076658674143759353 0.1216525722339676 -0.0027622649411984542 3.6201923076923079 0.35968750000000005
decision_type=2 2 2 2 2 2
left_child=2 5 4 -4 -1 -2
right_child=1 -3 3 -5 -6 -7
leaf_value=0.0019710891294064266 0.004948412231211779 -0.0091352425247342127 -0.002050533814689017 0.0091840003782057058 -0.0056105584352452997 -0.002341588742173615
leaf_weight=0.83196694520302095 0.78687375178560592 3.2902496623573825 0.4569323370233177 3.5729464590549469 0.82997013861313462 0.44046805007383227
leaf_count=36 48 484 40 247 14 38
internal_value=-0.000122129 -0.00611195 0.0048349 0.00775574 -0.0025005 0.00245548
internal_weight=10.2094 4.51759 5.69182 4.02988 1.66194 1.22734
internal_count=907 570 337 287 50 86
is_linear=0
shrinkage=0.02


Tree=770
num_leaves=7
num_cat=0
split_feature=48 31 28 71 24 39
split_gain=0.606006 0.637915 0.253106 0.246395 0.149154 0.0864064
threshold=0.023911872906617598 -0.029887033207629428 -0.011830540826103171 0.27516666666666673 0.36666666666666675 0.040390242592380228
decision_type=2 2 2 2 8 2
left_child=2 -2 -1 5 -3 -4
right_child=1 4 3 -5 -6 -7
leaf_value=0.0035943601283896184 -0.0060079436168470656 0.0091636756001955942 -0.010130719522634644 0.0013543291189719632 -0.001357051033232724 0.0011313590805357501
leaf_weight=0.40764160268008742 1.0394423952093346 2.8926052412716676 2.6052657307591298 0.77866825682576735 0.35223595413845021 0.091662296094000228
leaf_count=22 239 208 299 84 48 7
internal_value=-0.000680417 0.00408431 -0.00569712 -0.0073465 0.00797097 -0.00954546
internal_weight=8.16752 4.28428 3.88324 3.4756 3.24484 2.69693
internal_count=907 495 412 390 256 306
is_linear=0
shrinkage=0.02


Tree=771
num_leaves=7
num_cat=0
split_feature=28 40 15 42 28 32
split_gain=0.624946 0.720893 0.439248 0.343245 0.42134 0.320947
threshold=0.13499359144159967 0.077017442196986835 0.043369965740664443 0.0072682559549917545 -0.0047320439599957262 0.076682754814445253
decision_type=2 2 2 2 2 2
left_child=1 3 -2 -1 -5 -3
right_child=2 5 -4 4 -6 -7
leaf_value=-0.0048166087034964972 0.00932339365817305 -0.0091697426290866611 -0.0043532466342482857 -0.0050838037042489747 0.0077700730256544141 0.0022988534405384022
leaf_weight=1.0032073096372167 2.7929161959327771 4.1108211593236774 0.59360566781833757 0.57813027733936939 3.342223800253123 0.77786700520664442
leaf_count=42 311 353 36 36 56 43
internal_value=0.000120817 -0.00247035 0.00648019 0.00271253 0.00522655 -0.00726441
internal_weight=13.1988 9.81225 3.38652 4.92356 3.92035 4.88869
internal_count=877 530 347 134 92 396
is_linear=0
shrinkage=0.02


Tree=772
num_leaves=7
num_cat=0
split_feature=43 40 16 46 15 45
split_gain=0.819373 0.658899 0.301365 0.278906 0.156116 0.12441
threshold=-0.01284433322148811 0.077496724546692666 -0.0039471743784645621 0.010398275590247533 0.1452302849686746 -0.048509912578064182
decision_type=2 2 2 2 2 2
left_child=1 2 -1 -3 -2 -4
right_child=4 3 5 -5 -6 -7
leaf_value=0.003184004389387225 -0.0092654054697471726 0.0099477477097213857 0.0018473345526855464 -0.001086761175855946 0.0021152833617717188 -0.0082811773342237743
leaf_weight=1.2302136436337607 2.4106563210953031 3.2936576374340802 0.20578793622553337 0.93227958981879044 0.18276842078194011 1.6802956234896553
leaf_count=46 406 244 13 96 8 64
internal_value=-0.000123854 0.00332582 -0.00312599 0.00777129 -0.00809791 -0.0069189
internal_weight=9.93566 7.34223 3.1163 4.22594 2.59342 1.88608
internal_count=877 463 123 340 414 77
is_linear=0
shrinkage=0.02


Tree=773
num_leaves=7
num_cat=0
split_feature=47 28 38 28 62 71
split_gain=0.749301 0.513065 0.424668 0.246035 0.132541 0.0807435
threshold=0.0040407287782345406 -0.0067340594566934605 0.075374115922767895 0.11352590537522925 0.17997570853395486 0.15925000000000003
decision_type=2 2 2 2 2 2
left_child=1 -1 4 5 -3 -2
right_child=3 2 -4 -5 -6 -7
leaf_value=0.0057400339994767777 -0.0011143735981673597 -0.010417583250590539 0.0044096190653084922 -0.0031888463355010232 0.0003621395416946538 0.0094738696388147799
leaf_weight=0.8040101344231515 0.101106929592789 3.2119289261754607 0.48930026218295086 0.30889027472585429 0.43801302707288403 2.3222849911544472
leaf_count=35 3 571 16 65 22 165
internal_value=-4.1615e-05 -0.00444791 -0.00715866 0.00698607 -0.00932428 0.00883564
internal_weight=7.67553 4.94325 4.13924 2.73228 3.64994 2.42339
internal_count=877 644 609 233 593 168
is_linear=0
shrinkage=0.02


Tree=774
num_leaves=7
num_cat=0
split_feature=14 38 27 19 33 72
split_gain=0.547396 0.518308 0.517698 0.508536 0.211249 0.203366
threshold=0.017937086023635297 0.066385877602505625 -0.037414032143062707 -0.0069035704040154014 -0.02235024761229917 0.083500000000000019
decision_type=2 2 2 2 2 2
left_child=1 2 5 -4 -2 -1
right_child=4 -3 3 -5 -6 -7
leaf_value=-0.0028069799404312479 0.0012013369144197956 -0.0065839603486366896 -0.0075778589978718848 0.0061003388820775632 -0.0074025576869197586 0.0085142983206117004
leaf_weight=0.2366446852684011 1.2348891862202434 1.1123630984220652 1.6153913806192579 0.92518212273716827 3.1144993812777111 5.2184221467468888
leaf_count=2 69 104 47 9 307 349
internal_value=-1.94515e-05 0.0027198 0.00460217 -0.00228065 -0.0051918 0.00766441
internal_weight=13.4574 9.108 7.99564 2.54057 4.34939 5.45507
internal_count=887 511 407 56 376 351
is_linear=0
shrinkage=0.02


Tree=775
num_leaves=7
num_cat=0
split_feature=49 14 14 19 45 40
split_gain=0.934778 0.374497 0.327981 0.281446 0.20688 0.113162
threshold=-0.00021296355595191074 -0.028077456079759793 0.094492715292091176 -0.044911138523130271 -0.043085742880270811 0.15341207054035769
decision_type=2 2 2 2 2 2
left_child=1 -1 4 -3 -2 -6
right_child=2 3 -4 -5 5 -7
leaf_value=-0.0046179329604550496 0.0014375524665345008 0.0089847625235996067 0.0036740937888841588 -0.0019545203235945322 -0.010388179903723675 0.00040118175126926069
leaf_weight=0.6080284088384359 0.5488440252374861 3.9343297296436504 0.59484471392352123 0.77447792957536865 2.9955826010555033 0.35042242985218752
leaf_count=96 40 242 86 24 349 50
internal_value=5.1899e-05 0.00529375 -0.00598921 0.00715833 -0.00791414 -0.00942591
internal_weight=9.80653 5.31684 4.48969 4.70881 3.89485 3.34601
internal_count=887 362 525 266 439 399
is_linear=0
shrinkage=0.02


Tree=776
num_leaves=7
num_cat=0
split_feature=46 39 7 42 39 49
split_gain=0.761993 0.344244 0.319603 0.198537 0.154881 0.146215
threshold=0.009364992800828047 -0.010379005360254474 154.42822462436064 0.032703867146465747 0.025897916553492363 0.0030771757158209183
decision_type=2 2 2 2 2 2
left_child=4 2 5 -3 -1 -2
right_child=1 3 -4 -5 -6 -7
leaf_value=-0.0091989712310215736 -0.00283424307286749 -0.0025505748450152109 -0.0060161599379820454 0.0090936854367525532 0.001383870062813616 0.0065928770893696042
leaf_weight=2.0997754763811831 0.29192865523509715 0.25160543527454171 1.4228881997987626 2.7034508236683905 0.38509642239660014 1.1342338481917975
leaf_count=366 26 9 249 199 11 27
internal_value=-3.01034e-05 0.00386801 -0.0010827 0.00770803 -0.0076324 0.00429036
internal_weight=8.28898 5.80411 2.84905 2.95506 2.48487 1.42616
internal_count=887 510 302 208 377 53
is_linear=0
shrinkage=0.02


Tree=777
num_leaves=7
num_cat=0
split_feature=24 40 32 1 33 28
split_gain=0.64064 0.571313 0.363702 0.322699 0.299609 0.169887
threshold=0.36666666666666675 0.076329722014115683 0.024574254827885379 0.32087118565105993 -1.0000000180025095e-35 0.10291348220514096
decision_type=10 2 2 2 2 2
left_child=1 2 4 5 -1 -3
right_child=-2 3 -4 -5 -6 -7
leaf_value=-0.0061001143854874495 0.0074113958672517135 -0.0033092453454949917 0.0062755792274305647 -0.0087660478201311044 0.0046846065053703255 0.0053344160052934833
leaf_weight=1.9009904894046488 2.652862378861756 1.0059550921432672 2.8880971381440759 3.9162871646694839 0.71639618044718911 0.68961647991091002
leaf_count=65 300 49 81 392 12 18
internal_value=7.41797e-05 -0.0021438 0.00226645 -0.00615886 -0.00266926 0.000881045
internal_weight=13.7702 11.1173 5.50548 5.61186 2.61739 1.69557
internal_count=917 617 158 459 77 67
is_linear=0
shrinkage=0.02


Tree=778
num_leaves=7
num_cat=0
split_feature=14 42 46 72 41 43
split_gain=0.85768 0.467207 0.375053 0.22972 0.184324 0.175906
threshold=0.010190739662082783 0.068066758698136762 -0.0010987961157749974 0.24483333333333338 0.066101722634675675 -0.078822181369726671
decision_type=2 2 2 2 2 2
left_child=2 3 -1 -2 5 -4
right_child=1 -3 4 -5 -6 -7
leaf_value=0.003825179953160058 0.0090855941331407543 -0.0050009227335816968 0.0019829059682074366 -0.0026332659400566346 0.00051892109463464017 -0.010023472363825683
leaf_weight=0.79993467777967442 3.5427500416990374 0.75295071920845646 0.21524207014590535 0.33423897880129505 0.83743669651448716 3.5813775970600545
leaf_count=29 297 92 10 15 144 330
internal_value=-0.000603695 0.00514993 -0.00554447 0.00774252 -0.00755373 -0.00907131
internal_weight=10.0639 4.62994 5.43399 3.87699 4.63406 3.79662
internal_count=917 404 513 312 484 340
is_linear=0
shrinkage=0.02


Tree=779
num_leaves=7
num_cat=0
split_feature=43 28 46 48 44 50
split_gain=0.837595 0.547133 0.341733 0.192705 0.0977986 0.0682789
threshold=-0.017096219207920742 0.098987863072906523 0.0083438431466148748 0.011461969564853904 -0.00066981565225935475 0.18569258689391252
decision_type=2 2 2 2 2 2
left_child=5 2 -2 -4 -3 -1
right_child=1 4 3 -5 -6 -7
leaf_value=0.0011220293789901685 -0.0022190010410442461 0.002179973271112487 -0.0012446709759267466 0.010693782017423532 -0.006083335158985138 -0.00855723006433016
leaf_weight=0.0858070328831676 0.8458185433410107 0.20709577423986059 0.39448432158678803 3.4539014119654894 1.1976041793823238 2.1195722275879234
leaf_count=1 21 8 8 211 211 457
internal_value=0.000600109 0.00437535 0.00734036 0.0094657 -0.00446514 -0.00794807
internal_weight=8.30428 6.0989 4.6942 3.84839 1.4047 2.20538
internal_count=917 459 240 219 219 458
is_linear=0
shrinkage=0.02


Tree=780
num_leaves=7
num_cat=0
split_feature=44 28 68 19 47 41
split_gain=0.502521 0.645771 0.493798 0.397164 0.297565 0.265802
threshold=0.010390275113362024 0.085837477833543452 0.12067073465015007 -0.046380575673008455 0.0040407287782345406 0.119855127834925
decision_type=2 2 2 2 2 2
left_child=3 2 -2 -1 -4 -3
right_child=1 5 4 -5 -6 -7
leaf_value=-0.0072168714963723136 -0.0072009466335166295 0.0091439613760034913 0.0067788815327856642 0.0033779940321471019 -0.0046084322049104202 -0.0030124499226605568
leaf_weight=3.3618484192993492 2.2470776473637653 4.3410066873766482 1.9394114103633913 1.3838146240450448 0.51899877050891507 0.34756946866400529
leaf_count=268 160 318 44 24 65 19
internal_value=0.000719681 0.00330209 -0.00183268 -0.00407723 0.00373747 0.00787165
internal_weight=14.1397 9.39406 4.70549 4.74566 2.45841 4.68858
internal_count=898 606 269 292 109 337
is_linear=0
shrinkage=0.02


Tree=781
num_leaves=7
num_cat=0
split_feature=18 42 42 12 15 16
split_gain=0.991082 0.676153 0.367233 0.328843 0.1237 0.106933
threshold=-0.0091989236114220479 0.064880436125691818 1.0000000180025095e-35 154.08625730994154 -1.0000000180025095e-35 -0.057661772848525965
decision_type=2 2 2 2 2 2
left_child=1 3 4 -1 -2 -4
right_child=2 -3 5 -5 -6 -7
leaf_value=0.0095345922293181527 -0.0032868771760461452 -0.0058950219171890073 0.00038324744312124079 -0.0029022224534807806 0.0052275071691064105 -0.010176348936986228
leaf_weight=4.0690759955905378 0.28985387645661831 1.1232143595116211 0.34435579727869514 0.54644164722412814 0.69315607286989678 3.179600220406428
leaf_count=295 4 191 32 63 27 286
internal_value=-0.000540597 0.00464881 -0.00679257 0.00780755 0.00232545 -0.00928786
internal_weight=10.2457 5.73873 4.50697 4.61552 0.98301 3.52396
internal_count=898 549 349 358 31 318
is_linear=0
shrinkage=0.02


Tree=782
num_leaves=7
num_cat=0
split_feature=46 28 44 38 43 69
split_gain=0.730513 0.754798 0.26753 0.177795 0.143512 0.0842995
threshold=0.009364992800828047 0.084591768480573801 0.0092816818914603447 0.069631348789745376 -0.017096219207920742 0.2065494393476045
decision_type=2 2 2 2 2 2
left_child=3 4 -3 -1 -2 -6
right_child=1 2 -4 -5 5 -7
leaf_value=-0.0093715966917491851 -0.0008367946815845146 0.0035070820671680731 -0.0080715934410301917 0.0018972785796387318 0.0096744031743244471 -0.00085377304715162879
leaf_weight=2.2341450568055738 0.48974379885476116 0.49343003286048803 1.5368519808398557 0.31833593174815167 3.1831231638789181 0.1622267672792076
leaf_count=362 33 25 257 11 205 5
internal_value=-0.000511409 0.0033489 -0.00502886 -0.00782773 0.00790684 0.00908487
internal_weight=8.41786 5.86538 2.03028 2.55248 3.83509 3.34535
internal_count=898 525 282 373 243 210
is_linear=0
shrinkage=0.02


Tree=783
num_leaves=7
num_cat=0
split_feature=28 19 15 21 67 12
split_gain=0.648362 0.453439 0.412818 0.324715 0.284627 0.240693
threshold=0.11290454205342343 -0.0069035704040154014 0.040300263115127022 0.016272199322061174 43.286761823882948 12.52049180327869
decision_type=2 2 2 10 2 2
left_child=1 3 5 4 -1 -2
right_child=2 -3 -4 -5 -6 -7
leaf_value=-0.0073356204909248799 -0.0025672212360713592 0.0057382855344269776 -0.0036898126319470049 0.0043246272830223592 0.0026566117841247661 0.010049664107067502
leaf_weight=5.9831060215365133 0.29500142484903458 1.2370096002705384 0.81158205890096713 0.72307177213951934 0.83397462847642589 3.1628087523858994
leaf_count=411 5 26 72 29 31 326
internal_value=0.000410126 -0.00266591 0.00603976 -0.00455514 -0.00592974 0.00863883
internal_weight=13.0466 8.77716 4.26939 7.54015 6.81708 3.45781
internal_count=900 497 403 471 442 331
is_linear=0
shrinkage=0.02


Tree=784
num_leaves=7
num_cat=0
split_feature=48 17 2 2 25 15
split_gain=0.864656 0.800507 0.300197 0.187818 0.131357 0.0907043
threshold=0.030755356955952193 0.10432213930348259 0.48450974129671037 0.16557017543859651 0.11834125942074676 0.045196692858482997
decision_type=2 2 2 2 2 2
left_child=1 3 -3 -1 -5 -6
right_child=-2 2 -4 4 5 -7
leaf_value=0.0035285011017564291 -0.0080995613284694911 0.0099155287854098169 -0.0022255414030949942 0.0022580710234237208 -0.0086766617382336309 0.00079673466284370029
leaf_weight=0.34160026954486999 2.6279120554681867 3.840777853387408 0.59233475860673923 0.20078648324124548 1.7180732546839865 0.28956804051995266
leaf_count=10 402 309 70 7 95 7
internal_value=-3.81587e-06 0.00367575 0.00818225 -0.0042566 -0.00618524 -0.00749968
internal_weight=9.61105 6.98314 4.43311 2.55003 2.20843 2.00764
internal_count=900 498 379 119 109 102
is_linear=0
shrinkage=0.02


Tree=785
num_leaves=7
num_cat=0
split_feature=38 41 28 46 39 28
split_gain=0.759307 0.378496 0.236395 0.281152 0.145303 0.119277
threshold=0.060501921201270674 0.010682403593812369 0.10011550074792687 0.009364992800828047 0.019271861783715691 0.11000076801528812
decision_type=2 2 2 2 2 2
left_child=1 2 3 -1 -3 -2
right_child=5 4 -4 -5 -6 -7
leaf_value=-0.0041985286079591136 0.0088615598326931729 -0.009695285065152142 -0.0055737864650276785 0.0068631908339117234 0.0018875180210803793 -0.001769533582903055
leaf_weight=0.58325496304314661 1.8646137001924219 2.5116488973144446 0.67815006489399809 1.7367420666851101 0.16272489819675673 0.15021046623587597
leaf_count=45 176 525 92 44 11 7
internal_value=-0.000658472 -0.00435667 0.00069577 0.00365526 -0.00866863 0.00774493
internal_weight=7.68735 5.67252 2.99815 2.32 2.67437 2.01482
internal_count=900 717 181 89 536 183
is_linear=0
shrinkage=0.02


Tree=786
num_leaves=7
num_cat=0
split_feature=40 20 56 50 38 32
split_gain=0.571588 0.526557 0.389122 0.262358 0.221066 0.221038
threshold=0.078767920674795253 0.13109149255503985 0.26752374713396659 0.24766385048643116 0.068259426444936031 0.12570983441410352
decision_type=2 10 2 2 2 2
left_child=2 3 -1 -2 -4 -5
right_child=1 -3 4 5 -6 -7
leaf_value=-0.003933101056073033 0.0031702856637121982 0.0047407176010247319 0.0077173267241063869 -0.0085926081230654257 -0.0029211910116165836 0.0028685903138655684
leaf_weight=1.0529704249929634 0.52882132842205454 1.7180454786866901 5.103559912648052 4.2958405285608023 0.37211338547058392 0.28682575724087644
leaf_count=50 19 223 161 394 35 8
internal_value=0.000761866 -0.00307572 0.00465162 -0.00604876 0.0066549 -0.00748992
internal_weight=13.3582 6.82953 6.52864 5.11149 5.47567 4.58267
internal_count=890 644 246 421 196 402
is_linear=0
shrinkage=0.02


Tree=787
num_leaves=7
num_cat=0
split_feature=48 41 42 44 41 15
split_gain=0.849247 0.5359 0.308593 0.234113 0.151825 0.0893039
threshold=0.019671643955978101 0.033932993915084732 -0.0052076279289635227 0.006115950537361429 0.085607625865594103 0.066423733779847019
decision_type=2 2 2 2 2 2
left_child=1 3 -2 -1 5 -4
right_child=2 -3 4 -5 -6 -7
leaf_value=0.0038727563072703274 0.0032735408752701863 0.00942315029848078 -0.010205433371922727 -0.0050075283565531991 0.00078362520620188926 0.00109746860071748
leaf_weight=1.1064680984709414 0.56273714220151294 2.7133107068948448 3.0103806493571037 1.8528539952822027 0.48033569147810329 0.10474369395524252
leaf_count=56 47 204 402 88 83 10
internal_value=-0.000422531 0.00432561 -0.0064828 -0.00154772 -0.00838985 -0.00965105
internal_weight=9.83083 5.67263 4.1582 2.95932 3.59546 3.11512
internal_count=890 348 542 144 495 412
is_linear=0
shrinkage=0.02


Tree=788
num_leaves=7
num_cat=0
split_feature=43 17 47 34 29 48
split_gain=0.667385 0.452401 0.197363 0.184482 0.166737 0.141343
threshold=0.042551064423043454 0.084626402482692778 0.0087216659014079673 0.034533418227008679 -0.075577016534294619 0.011650527791598256
decision_type=2 2 2 2 2 2
left_child=1 3 4 5 -3 -1
right_child=-2 2 -4 -5 -6 -7
leaf_value=-0.0020867600131177963 0.0074103800609872181 0.0019555468794964811 0.002150056918204466 -0.0037248003893863781 -0.0098076951831400187 0.0075557005131417802
leaf_weight=0.34587269485928152 1.8927708155242724 0.20892144122626666 0.37002146500162769 0.50218640535604198 3.2201185252051805 1.2082133446820078
leaf_count=13 173 14 50 41 568 31
internal_value=-0.000727316 -0.00405512 -0.00751812 0.00270942 -0.00881129 0.0054329
internal_weight=7.7481 5.85533 3.79906 2.05627 3.42904 1.55409
internal_count=890 717 632 85 582 44
is_linear=0
shrinkage=0.02


Tree=789
num_leaves=7
num_cat=0
split_feature=40 28 70 28 30 30
split_gain=0.594365 0.43908 0.360779 0.357913 0.233714 0.220429
threshold=0.077017442196986835 0.13499359144159967 0.016750000000000004 -0.0079201708901896258 -0.017086990654631411 -0.0041698717953985711
decision_type=2 2 2 2 2 2
left_child=3 2 -2 -1 -3 -5
right_child=1 4 -4 5 -6 -7
leaf_value=-0.0049924612280233876 0.0016064990096560144 -0.003675973640290459 -0.0085904179962749769 -0.00026078562089626109 0.0070291587809482459 0.0081514194203720167
leaf_weight=0.56510904431343068 1.5925455249380318 0.48500981996767234 3.5962192299775779 1.526437589433044 1.397030220367014 4.5762908218894154
leaf_count=40 30 41 380 56 202 163
internal_value=0.000885686 -0.00296479 -0.00570688 0.00482301 0.00395215 0.00630685
internal_weight=13.7386 7.0708 5.18876 6.66784 1.88204 6.10273
internal_count=912 653 410 259 243 219
is_linear=0
shrinkage=0.02


Tree=790
num_leaves=7
num_cat=0
split_feature=18 42 42 12 23 40
split_gain=0.866637 0.762719 0.367838 0.263823 0.129266 0.110561
threshold=-0.0091989236114220479 0.066236817852183674 1.0000000180025095e-35 121.84404578472376 276.4772727272728 0.12712824465270992
decision_type=2 2 2 2 10 2
left_child=1 3 4 -1 -2 -4
right_child=2 -3 5 -5 -6 -7
leaf_value=0.0095985355775778519 0.0055042312954338944 -0.0066535572047485038 -0.010140266914597587 -0.0013382181434403939 -0.0031008700152136935 0.0002998440514626299
leaf_weight=3.7922592196846381 0.65268781548365928 1.1308145368238909 2.8893811278976504 0.80666170734912146 0.37281494308263063 0.39012201316654671
leaf_count=287 25 194 251 81 8 66
internal_value=-0.000433107 0.00436919 -0.00644348 0.00778381 0.00238946 -0.00911848
internal_weight=10.0347 5.72974 4.30501 4.59892 1.0255 3.2795
internal_count=912 562 350 368 33 317
is_linear=0
shrinkage=0.02


Tree=791
num_leaves=7
num_cat=0
split_feature=46 29 70 39 28 26
split_gain=0.760449 0.425657 0.222436 0.2033 0.151157 0.116637
threshold=0.014626364607885451 -0.018524630040393921 0.029833333333333337 0.025897916553492363 0.13499359144159967 0.082206566609803702
decision_type=2 2 2 2 2 2
left_child=3 -2 -3 5 -4 -1
right_child=1 2 4 -5 -6 -7
leaf_value=-0.0094525788222577754 0.008570848177005496 -0.0063733291639888169 0.005963241422331139 0.0021505236908170521 -0.0033353891632952708 0.001256503973312023
leaf_weight=2.7818322646198803 2.4125690918881446 1.0244462221162396 0.83475035487208493 0.43934946646913875 0.32925091695506126 0.21327556436881412
leaf_count=443 200 76 31 15 123 24
internal_value=-0.000915789 0.00408027 -0.00200567 -0.00701962 0.00300716 -0.00856637
internal_weight=8.03547 4.60102 2.18845 3.43446 1.164 2.99511
internal_count=912 430 230 482 154 467
is_linear=0
shrinkage=0.02


Tree=792
num_leaves=7
num_cat=0
split_feature=40 28 32 43 28 38
split_gain=0.619692 0.543028 0.345865 0.249689 0.224732 0.180927
threshold=0.061742287738804393 0.13499359144159967 0.080647496320042714 -0.047070390027940119 -0.0079201708901896258 -0.012036530110305083
decision_type=2 2 2 2 2 2
left_child=4 2 5 -3 -1 -2
right_child=1 3 -4 -5 -6 -7
leaf_value=-0.0036927327907167792 -0.00059764729091100501 -0.0033703290656800573 0.0029147363795797849 0.0071079055079755092 0.0065807377384651325 -0.0098324982443006269
leaf_weight=0.35813420661725093 1.1944208040367801 0.6784890883136544 0.86779847159050394 1.5621913440991191 3.9993196208961317 3.8198745334520927
leaf_count=19 88 51 46 236 125 315
internal_value=-0.000209197 -0.00336564 -0.0062857 0.00387411 0.00520471 -0.00809786
internal_weight=12.4802 8.12277 5.88209 2.24068 4.35745 5.0143
internal_count=880 736 449 287 144 403
is_linear=0
shrinkage=0.02


Tree=793
num_leaves=7
num_cat=0
split_feature=18 42 15 27 40 2
split_gain=0.819196 0.682004 0.248843 0.195568 0.133495 0.0894266
threshold=-0.0091989236114220479 0.066236817852183674 0.041345101727199927 -0.18331305126131189 0.047697349166152515 0.16557017543859651
decision_type=2 2 2 2 2 2
left_child=1 3 5 -1 -5 -2
right_child=2 -3 -4 4 -6 -7
leaf_value=-0.0025498352191731682 0.00058734610321842294 -0.0058815286855224873 0.0026091759008723746 -0.00047754739036101802 0.0099815178101124429 -0.0091754198518780652
leaf_weight=0.23392288619652291 0.2894363375380643 1.1134384683100504 0.55207963590510178 0.44611568562686521 3.6760743802879006 2.6737538117449731
leaf_count=43 5 193 34 20 295 290
internal_value=0.000150823 0.00470004 -0.00640078 0.00799786 0.00897736 -0.00831423
internal_weight=8.98482 5.46955 3.51527 4.35611 4.12219 2.96319
internal_count=880 551 329 358 315 295
is_linear=0
shrinkage=0.02


Tree=794
num_leaves=7
num_cat=0
split_feature=47 38 54 20 20 49
split_gain=0.838847 0.406538 0.234645 0.185632 0.146082 0.0584231
threshold=0.0004980613279487188 0.073437528073747524 8.892045454545455 0.13426917058522483 0.0048653806479038867 -0.024003944656498421
decision_type=2 2 2 10 10 2
left_child=1 2 4 5 -1 -2
right_child=3 -3 -4 -5 -6 -7
leaf_value=0.00041713691610499397 -0.00083480939561263873 0.0049662190142134759 0.0027237487283252016 -0.002625083784613944 -0.0099801351224685884 0.008931934479532163
leaf_weight=0.53520181332714933 0.089531112229452314 0.64852897683158506 0.38235109345987428 0.24337044858839352 2.9800875554210506 2.6517138481140137
leaf_count=21 6 24 8 76 552 193
internal_value=0.000154039 -0.00489154 -0.00721087 0.0071383 -0.00865535 0.00847507
internal_weight=7.53078 4.54617 3.89764 2.98462 3.51529 2.74124
internal_count=880 605 581 275 573 199
is_linear=0
shrinkage=0.02


Tree=795
num_leaves=7
num_cat=0
split_feature=28 66 40 0 71 23
split_gain=0.544728 0.427791 0.491475 0.394094 0.344721 0.310363
threshold=0.085837477833543452 74.017586794837896 0.055078901001681287 0.18002136752136755 0.16958333333333336 205.37074704545458
decision_type=2 2 2 2 2 10
left_child=1 4 -3 -2 -1 -5
right_child=3 2 -4 5 -6 -7
leaf_value=0.002883393144446111 0.0076959005216713453 0.0070916833414759583 -0.0055399766100110437 -0.0059112526645578971 -0.0096254667833350609 0.0042945171810202867
leaf_weight=0.63215487729758058 3.6563507420942187 1.8021063725464048 1.2527525131590662 1.5453501904848965 3.0541240794118494 1.2915996415540574
leaf_count=20 208 25 122 81 255 192
internal_value=0.000260262 -0.0034782 0.00182286 0.00408764 -0.0073228 -0.00135652
internal_weight=13.2344 6.74114 3.05486 6.4933 3.68628 2.83695
internal_count=903 422 147 481 275 273
is_linear=0
shrinkage=0.02


Tree=796
num_leaves=7
num_cat=0
split_feature=18 12 46 15 44 38
split_gain=0.786341 0.539693 0.249808 0.227566 0.163251 0.125581
threshold=-0.0091989236114220479 117.78022642813933 0.015173453031883572 0.041988979223242039 -0.017119415235092535 0.026084201394302189
decision_type=2 2 2 2 2 2
left_child=1 2 5 4 -2 -1
right_child=3 -3 -4 -5 -6 -7
leaf_value=0.010180073448049257 0.002171782224315195 -0.0048961989237129517 -0.001762327795174861 0.0016139253320133352 -0.0092842311776631103 -0.00041165666401845989
leaf_weight=3.0857210158137609 0.18825851194560561 1.208612162619829 0.68679896811954666 0.8298755264841019 3.0221263010753319 0.41786469449289132
leaf_count=248 6 218 75 39 302 15
internal_value=-0.000439271 0.00425422 0.00732828 -0.00631087 -0.00825618 0.00910591
internal_weight=9.43926 5.399 4.19038 4.04026 3.21038 3.50359
internal_count=903 556 338 347 308 263
is_linear=0
shrinkage=0.02


Tree=797
num_leaves=7
num_cat=0
split_feature=38 41 71 28 28 26
split_gain=0.692106 0.461658 0.263868 0.252302 0.200411 0.102815
threshold=0.038991839640575052 0.013600278554633501 0.22141666666666668 0.092163871020955565 0.11955350104600689 -0.093849673547540466
decision_type=2 2 2 2 2 2
left_child=1 2 -1 -4 5 -2
right_child=4 -3 3 -5 -6 -7
leaf_value=-0.0048847760366250723 -0.0011662365351824855 -0.0088341778837069326 0.0077794027865470067 -0.0037750177201329974 -0.0028734387456227782 0.0091654295432316065
leaf_weight=0.76112380716949735 0.19944275449961502 2.5363271137466654 1.558824337669648 0.37860574561636884 0.2684828535420819 2.3894860015716404
leaf_count=63 7 508 42 58 27 198
internal_value=9.6893e-05 -0.00403237 0.00164907 0.00500501 0.00674607 0.00826633
internal_weight=8.09229 5.23488 2.69855 1.93743 2.85741 2.58893
internal_count=903 671 163 100 232 205
is_linear=0
shrinkage=0.02


Tree=798
num_leaves=7
num_cat=0
split_feature=28 15 36 50 44 54
split_gain=0.59866 0.461425 0.420228 0.353287 0.216806 0.216799
threshold=0.085837477833543452 0.070516206618957314 0.012951512886963175 0.35872876237493773 0.010390275113362024 2.5461647727272729
decision_type=2 2 2 2 2 2
left_child=2 4 -1 -4 -2 -5
right_child=1 -3 3 5 -6 -7
leaf_value=-0.0078140251639896002 -0.00011961151886866851 -0.0055266022681381014 -0.0049661257936730735 -0.0028060361425448804 0.008887153487281663 0.0078622375563151548
leaf_weight=2.928313497803174 1.3353262688033281 0.68246794864535321 1.2505442777182909 0.47362889419309828 3.8789275859016925 1.7460352680645881
leaf_count=239 66 91 93 48 324 42
internal_value=0.000704358 0.00489829 -0.00330032 0.00140451 0.00693252 0.00542135
internal_weight=12.2952 5.89672 6.39852 3.47021 5.21425 2.21966
internal_count=903 481 422 183 390 90
is_linear=0
shrinkage=0.02


Tree=799
num_leaves=7
num_cat=0
split_feature=42 41 42 11 2 14
split_gain=0.794712 0.511843 0.385963 0.207969 0.141722 0.0915492
threshold=0.002138375346397423 0.051277260378759855 0.066236817852183674 0.69389607473067916 0.23317152103559874 0.16758947638955171
decision_type=2 2 2 2 2 2
left_child=3 4 -3 -1 -2 -6
right_child=1 2 -4 -5 5 -7
leaf_value=0.0084733454089610371 0.00048748094534535499 0.0071250332541122419 -0.0052991941587913005 -0.0022589151733666841 -0.010198014461924308 0.0011795438685777621
leaf_weight=2.3998374866787349 0.52464649220928583 1.3977124755037951 0.79862936655990768 0.46299137291498471 3.167244584881701 0.095607539638876804
leaf_count=214 16 85 204 16 361 7
internal_value=-0.000752168 -0.00471225 0.00236286 0.00660221 -0.00845161 -0.00966613
internal_weight=8.84667 5.98384 2.19634 2.86283 3.7875 3.26285
internal_count=903 673 289 230 384 368
is_linear=0
shrinkage=0.02


Tree=800
num_leaves=7
num_cat=0
split_feature=43 28 46 58 29 46
split_gain=0.724062 0.569175 0.292744 0.1816 0.0766268 0.0543681
threshold=-0.010313951986804777 0.085837477833543452 0.0079147402953547753 0.79782258381480187 -0.053333294917973208 0.073602201875355308
decision_type=2 2 2 2 2 2
left_child=4 2 -2 5 -1 -3
right_child=1 3 -4 -5 -6 -7
leaf_value=0.0008310409723083571 -0.0016300794565363313 -0.0076940676403828645 0.0099418987238122872 0.0031493427080450864 -0.0089339850614757587 0.0010290580880132373
leaf_weight=0.1812980197137225 0.80807011947035823 1.2065290104364974 2.7977142299059778 0.35631976346485306 1.9276982549345119 0.081100251525640377
leaf_count=25 17 187 210 11 451 2
internal_value=-0.000234278 0.00371472 0.00755771 -0.00438479 -0.00809725 -0.00693498
internal_weight=7.35873 5.24973 3.60578 1.64395 2.109 1.28763
internal_count=903 427 227 200 476 189
is_linear=0
shrinkage=0.02


Tree=801
num_leaves=7
num_cat=0
split_feature=63 42 28 38 5 0
split_gain=0.454289 0.496858 0.391757 0.272171 0.260108 0.220002
threshold=0.086533286533286555 0.0072682559549917545 0.14373778746385865 0.032021745985761532 0.076655982905982925 0.073281559814937225
decision_type=2 2 2 2 2 2
left_child=1 -1 4 -3 -2 -6
right_child=2 3 -4 -5 5 -7
leaf_value=-0.0047677277882913188 0.002506551122148825 0.0082992382658556661 0.004527765388092536 -0.0011763012594549281 0.001599656362350537 -0.0092027864948032341
leaf_weight=1.3108176635578273 0.79672983405180264 4.4791309374850243 1.2530403190758077 1.2662620344199238 0.59659170452505383 3.1550094478297979
leaf_count=161 25 233 153 76 8 250
internal_value=0.000780123 0.00394596 -0.0030845 0.00634608 -0.00561972 -0.00750982
internal_weight=12.8576 7.05621 5.80137 5.74539 4.54833 3.7516
internal_count=906 470 436 309 283 258
is_linear=0
shrinkage=0.02


Tree=802
num_leaves=7
num_cat=0
split_feature=42 41 42 43 19 15
split_gain=0.835421 0.52553 0.451939 0.234719 0.176386 0.136952
threshold=0.0099345188642554916 0.051277260378759855 0.064880436125691818 -0.078822181369726671 -0.043676057370558456 0.12685924478191149
decision_type=2 2 2 2 2 2
left_child=4 3 -3 -2 -1 -5
right_child=1 2 -4 5 -6 -7
leaf_value=0.0080558105956866147 0.0025765725372799138 0.0073417931432507586 -0.0060308487288153415 -0.010770041344318264 -0.0020200341448386523 0.001593243007955505
leaf_weight=2.4509140197187667 0.26583383907564018 1.4044662483502182 0.80183374334592361 3.4990475903032352 0.43945564562454809 0.13195433141663659
leaf_count=244 11 69 205 361 11 5
internal_value=-0.00117189 -0.00515314 0.00211662 -0.00886081 0.0063984 -0.0100737
internal_weight=8.99351 6.10314 2.2063 3.89684 2.89037 3.631
internal_count=906 651 274 377 255 366
is_linear=0
shrinkage=0.02


Tree=803
num_leaves=7
num_cat=0
split_feature=43 28 62 48 9 28
split_gain=0.756255 0.561168 0.188461 0.160962 0.138027 0.128187
threshold=-0.01284433322148811 0.08854319761516552 0.13479947998739367 0.006779358576421677 11.431860784313725 -0.014787535095022194
decision_type=2 2 2 2 2 2
left_child=5 3 -3 -2 -5 -1
right_child=1 2 -4 4 -6 -7
leaf_value=0.0018182797282655151 -0.0011107260643073962 -0.0071649519434788577 0.0021219338092421103 -0.001740908781215381 0.010109646915009953 -0.0088273716004105204
leaf_weight=0.17653298052027855 0.46448059100657735 1.0195486845914272 0.91464623471256334 0.14094595983624492 2.994276778306812 2.1265489870565943
leaf_count=6 13 147 64 2 221 453
internal_value=0.000101918 0.00403444 -0.00354687 0.00799352 0.00928473 -0.00770794
internal_weight=7.83698 5.5339 1.93419 3.5997 3.13522 2.30308
internal_count=906 447 211 236 223 459
is_linear=0
shrinkage=0.02


Tree=804
num_leaves=7
num_cat=0
split_feature=42 63 68 28 47 14
split_gain=0.489971 0.505601 0.451294 0.405658 0.26079 0.286049
threshold=0.002138375346397423 0.085419670363861874 0.23686231708303015 0.12162145305831326 0.010075212542205109 0.078243759503524649
decision_type=2 2 2 2 2 2
left_child=-1 4 3 -3 5 -2
right_child=1 2 -4 -5 -6 -7
leaf_value=-0.0065200349772980516 0.0087879830401371237 -0.0083058759585296609 0.006058899496990176 0.0035802845848309389 -0.0032863100595041379 -0.0034544209447760531
leaf_weight=2.1275627483846629 4.5830046003684384 2.8388328978326176 1.1037854633759705 0.9752951853442936 0.4763189717195927 0.34507719450630236
leaf_count=223 216 190 42 135 41 48
internal_value=0.000528429 0.00242875 -0.00203892 -0.00515415 0.00617782 0.00749262
internal_weight=12.4499 10.3223 4.91791 3.81413 5.4044 4.92808
internal_count=895 672 367 325 305 264
is_linear=0
shrinkage=0.02


Tree=805
num_leaves=7
num_cat=0
split_feature=42 41 42 25 7 14
split_gain=0.88377 0.57046 0.429437 0.180221 0.172569 0.0801969
threshold=0.00072863773870476833 0.051277260378759855 0.064880436125691818 0.11304093950763652 507.58927666666676 0.094492715292091176
decision_type=2 2 2 2 2 2
left_child=4 3 -3 -2 -1 -5
right_child=1 2 -4 5 -6 -7
leaf_value=0.00892622233787543 0.0018229164614423749 0.0075532717182924839 -0.0056893708133121937 -0.010073376397251978 -0.002351156599391873 0.00066536802932565687
leaf_weight=2.2409215341322128 0.30451838648878027 1.4530706461519005 0.72334096278063942 3.6186674204654996 0.22300413157790888 0.16925552091561247
leaf_count=214 29 85 196 348 5 18
internal_value=-0.000882776 -0.00476631 0.00274649 -0.00851646 0.00752144 -0.00955479
internal_weight=8.73278 6.26885 2.17641 4.09244 2.46393 3.78792
internal_count=895 676 281 395 219 366
is_linear=0
shrinkage=0.02


Tree=806
num_leaves=7
num_cat=0
split_feature=46 63 24 21 29 57
split_gain=0.709699 0.458751 0.20241 0.161819 0.0791583 0.0776616
threshold=0.009364992800828047 0.08371068538059627 0.36666666666666675 -0.014602712419420285 -0.036791301175568066 0.31158186076218869
decision_type=2 2 8 8 2 2
left_child=5 3 -3 4 -2 -1
right_child=1 2 -4 -5 -6 -7
leaf_value=-0.0081958599684781013 0.001461807939982426 0.0094731435809013304 -0.0022731057429251984 0.0026248835924922733 -0.0070154554183008864 0.00079965347348647995
leaf_weight=2.0881770330597651 0.18196734320372354 2.8486675031017517 0.2947585992515086 0.85533003462478552 1.0407592522678892 0.24803707981482137
leaf_count=333 21 200 119 45 138 39
internal_value=0.000173477 0.00414641 0.00808892 -0.00250776 -0.00566379 -0.00728738
internal_weight=7.5577 5.22148 3.14343 2.07806 1.22273 2.33621
internal_count=895 523 319 204 159 372
is_linear=0
shrinkage=0.02


Tree=807
num_leaves=7
num_cat=0
split_feature=34 42 41 47 3 32
split_gain=0.464183 0.44652 0.481462 0.538279 0.212594 0.194904
threshold=0.08771664099051607 0.002138375346397423 0.050751619962317453 0.0004980613279487188 0.21464285714285716 0.050338634726145512
decision_type=2 2 2 2 2 2
left_child=1 -1 3 -3 -5 -4
right_child=-2 2 5 4 -6 -7
leaf_value=-0.0079511361038214698 0.0075629495809060787 0.0071687964718882636 -0.0075568811906854298 -0.0065838820852986988 0.0039956792831076626 0.0023646442940966164
leaf_weight=1.7992368427803729 2.2926179480273285 4.5423773119691742 1.8311471985653045 1.4705216831061987 0.32262376928701986 0.5601226242724805
leaf_count=218 276 110 135 124 3 39
internal_value=0.000990735 -0.000972693 0.00113561 0.00391947 -0.00393135 -0.00522091
internal_weight=12.8186 10.526 8.72679 6.33552 1.79315 2.39127
internal_count=905 629 411 237 127 174
is_linear=0
shrinkage=0.02


Tree=808
num_leaves=7
num_cat=0
split_feature=18 48 48 44 40 44
split_gain=0.818367 0.422425 0.20053 0.14323 0.121337 0.121179
threshold=-0.0091989236114220479 0.019671643955978101 0.0091412398516737218 0.0080507743092378004 0.13206885056766796 0.0092816818914603447
decision_type=2 2 2 2 2 2
left_child=1 -1 5 -3 -4 -2
right_child=2 3 4 -5 -6 -7
leaf_value=0.0079108193732976683 0.0044080477123686328 0.0024582301675679132 -0.0094688166043271332 -0.0058351488596113735 0.00093533035717551492 -0.0034105338932838175
leaf_weight=3.3229876088444144 0.53296705381944753 0.70317752542905487 2.7579100340371956 0.96010801079683006 0.31735599564854045 0.65501363668590784
leaf_count=274 17 56 243 227 62 26
internal_value=-0.00061371 0.00450157 -0.00631509 -0.00272247 -0.00842909 0.000508648
internal_weight=9.24952 4.98627 4.26325 1.66329 3.07527 1.18798
internal_count=905 557 348 283 305 43
is_linear=0
shrinkage=0.02


Tree=809
num_leaves=7
num_cat=0
split_feature=47 38 20 62 17 20
split_gain=0.676165 0.371358 0.319915 0.259632 0.153132 0.0764838
threshold=0.0036954758109173798 0.073437528073747524 0.073376256371049581 0.18890487322424027 0.030453913849004172 -0.0045169863064281951
decision_type=2 2 10 2 2 8
left_child=1 3 -2 4 -1 -6
right_child=2 -3 -4 -5 5 -7
leaf_value=0.0013323342365781229 0.0089710126081163459 0.0045530710443245012 -0.0025738521410121891 0.0031921440269250742 0.00062569482099261568 -0.010256447414225753
leaf_weight=0.31465527601540122 1.9874322998803111 0.61897239089012135 0.87699254148174066 0.34304642979986955 0.15712881367653608 3.2415894147707154
leaf_count=5 172 34 92 7 7 588
internal_value=-0.000866574 -0.0051749 0.00568498 -0.00726618 -0.00870461 -0.00972548
internal_weight=7.53982 4.67539 2.86442 4.05642 3.71337 3.39872
internal_count=905 641 264 607 600 595
is_linear=0
shrinkage=0.02


Tree=810
num_leaves=7
num_cat=0
split_feature=28 19 28 15 48 52
split_gain=0.520315 0.420844 0.374629 0.331861 0.216428 0.233737
threshold=0.14153396847183222 -0.050146141895013756 0.022390971334730895 0.062633350414234512 0.033953820064988642 0.19796823432343238
decision_type=2 2 2 2 2 2
left_child=1 4 -3 -2 -1 -6
right_child=3 2 -4 -5 5 -7
leaf_value=-0.008002134734734722 0.0089301438949195757 -0.0036686915086562612 0.0068773123005643763 -0.0038114027734006701 0.0050649353924734431 -0.0049235924773850274
leaf_weight=3.4981480933492994 2.2526958268135799 1.5912646250799292 2.0020930478349328 0.46647995267994691 0.89926183666102566 0.85075635090470314
leaf_count=332 311 88 41 26 34 57
internal_value=-7.08592e-05 -0.00247398 0.00242519 0.00630723 -0.00567967 0.00018446
internal_weight=11.5607 8.84152 3.59336 2.71918 5.24817 1.75002
internal_count=889 552 129 337 423 91
is_linear=0
shrinkage=0.02


Tree=811
num_leaves=7
num_cat=0
split_feature=46 15 40 43 14 45
split_gain=0.776672 0.457363 0.333261 0.156771 0.10976 0.0887886
threshold=0.0058596666357361906 0.044075773741253224 0.077496724546692666 -0.051472560502953263 -0.048234864968760983 -0.060616457620987406
decision_type=2 2 2 2 2 2
left_child=2 5 3 -1 -4 -2
right_child=1 -3 4 -5 -6 -7
leaf_value=0.0032071068389026968 0.0011448928113487486 0.0040694341022037544 -0.0015631965392976527 -0.0055699353948354359 0.0091708641589964054 -0.009432054762366365
leaf_weight=0.6365583564620465 0.12640244688373137 0.84917178936302651 0.13056267402134869 0.75467987987212815 2.7674051385838538 2.8900461414596066
leaf_count=29 11 63 12 40 242 492
internal_value=4.17045e-05 -0.00572927 0.00534262 -0.00189226 0.0084103 -0.00881413
internal_weight=8.15483 3.86562 4.28921 1.39124 2.89797 3.01645
internal_count=889 566 323 69 254 503
is_linear=0
shrinkage=0.02


Tree=812
num_leaves=7
num_cat=0
split_feature=38 62 28 72 44 72
split_gain=0.690714 0.274613 0.210316 0.185795 0.160326 0.132595
threshold=0.026925250574297514 0.18502956738250859 0.11000076801528812 0.092500000000000013 0.0031638338257866595 0.22616666666666671
decision_type=2 2 2 2 2 2
left_child=1 3 4 -1 -2 -5
right_child=2 -3 -4 5 -6 -7
leaf_value=0.0023689473938220008 -0.0017015290647258736 0.0039073935248751931 -0.002197211152556043 -0.0097313498584157294 0.0090639956570163736 0.00080217421531383209
leaf_weight=0.30501246737549159 0.3240290561225273 0.45289379206951696 0.63292685034684826 2.5628802197752525 2.4356492799706757 0.3854767758748493
leaf_count=8 14 16 57 522 201 71
internal_value=6.2755e-05 -0.00526781 0.00575967 -0.00716343 0.00768359 -0.0084998
internal_weight=7.09887 3.70626 3.39261 3.25337 2.75968 2.94836
internal_count=889 617 272 601 215 593
is_linear=0
shrinkage=0.02


Tree=813
num_leaves=7
num_cat=0
split_feature=40 2 39 36 47 45
split_gain=0.502958 0.471731 0.50613 0.307009 0.2686 0.179774
threshold=0.077017442196986835 0.42907444668008049 -0.0093416893253113562 -1.0000000180025095e-35 0.0040407287782345406 -0.052843120324114777
decision_type=2 2 2 2 2 2
left_child=3 -2 -3 -1 5 -5
right_child=1 2 -4 4 -6 -7
leaf_value=-0.0016496968688532367 -0.0078122211120981193 0.0065411876093890752 -0.0063338961890981984 -0.0021458785378862602 -0.0029086671540807379 0.0095320332534741155
leaf_weight=2.0104405977763236 3.0306679529603571 2.2257698869798337 1.0147712829057125 0.22982610343024168 0.48487396584823717 3.4860389085952193
leaf_count=97 324 196 129 7 35 104
internal_value=0.000570169 -0.00318371 0.0019665 0.00427623 0.00688422 0.00850788
internal_weight=12.4824 6.27121 3.24054 6.21118 4.20074 3.71587
internal_count=892 649 325 243 146 111
is_linear=0
shrinkage=0.02


Tree=814
num_leaves=7
num_cat=0
split_feature=18 16 14 42 43 43
split_gain=0.819202 0.434275 0.340317 0.224793 0.143882 0.142692
threshold=-0.03095038116486953 -0.041948335201092389 -0.034922206013938813 -0.0052076279289635227 -0.011739469820767732 -0.0079191488597780812
decision_type=2 2 2 2 2 2
left_child=2 4 -1 -3 -2 -4
right_child=1 3 5 -5 -6 -7
leaf_value=-0.0041439856182472843 0.0055169477441451287 0.0013169531896084952 0.0094972481927902159 -0.0098893309148980531 -0.0033473074796362252 -0.00067598557912110203
leaf_weight=0.4892390253953639 1.0798921351088209 0.60520865302532945 2.690822340431624 3.1249353121966124 0.32519136928021897 0.49943760992027764
leaf_count=132 46 24 250 337 53 50
internal_value=-0.000384357 -0.00515711 0.00595527 -0.0081771 0.00292665 0.00812338
internal_weight=8.81473 5.13523 3.6795 3.73014 1.40508 3.19026
internal_count=892 460 432 361 99 300
is_linear=0
shrinkage=0.02


Tree=815
num_leaves=7
num_cat=0
split_feature=43 28 68 16 28 16
split_gain=0.584942 0.379819 0.358442 0.209321 0.108611 0.0634506
threshold=-0.01284433322148811 0.08854319761516552 0.26715023686252715 0.11303473678652785 -0.011830540826103171 -0.054300893147516842
decision_type=2 2 2 2 2 2
left_child=4 2 -2 5 -1 -3
right_child=1 3 -4 -5 -6 -7
leaf_value=0.0016267581697073188 0.0088679558505076646 0.0008753258467836041 -0.0034343726346585403 0.0039456765402109198 -0.0084517991505345599 -0.0074499926067990076
leaf_weight=0.16439721174538169 2.8911196778062735 0.20953881950117637 0.66118216281756748 0.39770442200824607 2.0078311344259419 1.1157441083341835
leaf_count=6 207 22 25 10 459 163
internal_value=-0.000463436 0.00312536 0.00632672 -0.00337447 -0.00741668 -0.00632333
internal_weight=7.44752 5.27529 3.5523 1.72299 2.17223 1.32528
internal_count=892 427 232 195 465 185
is_linear=0
shrinkage=0.02


Tree=816
num_leaves=7
num_cat=0
split_feature=10 35 15 32 28 19
split_gain=0.510531 0.313019 0.364272 0.185954 0.157371 0.148062
threshold=1.432975467418065 -1.0000000180025095e-35 -0.00098432679956039358 -0.014824020878627933 0.017234676038807618 0.025608900811527061
decision_type=2 2 2 2 2 2
left_child=1 2 4 -2 -1 -4
right_child=3 -3 5 -5 -6 -7
leaf_value=-0.0042262280344915228 -0.002492232565134909 0.0043358687488118403 -0.0080278279005038516 0.0072422128658311468 0.00392299998164021 0.0023414099243226939
leaf_weight=0.44667222304269705 0.43392303609289262 1.4924419054295865 3.7589284507557754 3.5522038112394512 2.0423934126738459 0.18420800566673268
leaf_count=40 33 56 360 309 83 2
internal_value=0.000820359 -0.00210685 -0.00398399 0.00589523 0.00166845 -0.00716775
internal_weight=11.9108 7.92464 6.4322 3.98613 2.48907 3.94314
internal_count=883 541 485 342 123 362
is_linear=0
shrinkage=0.02


Tree=817
num_leaves=7
num_cat=0
split_feature=48 43 17 16 40 32
split_gain=0.701258 0.510914 0.266194 0.138966 0.11947 0.082646
threshold=0.029671120678360415 -0.0067819834226483236 0.10432213930348259 -0.022945482497334409 0.13999873442535901 0.13332026174747519
decision_type=2 2 2 2 2 2
left_child=1 2 3 -1 -3 -4
right_child=-2 4 5 -5 -6 -7
leaf_value=0.0038287801468677579 -0.0078386448608745007 -0.006817916303377909 0.0092449458100632674 -0.0041134558398969526 0.0022361734262868337 -0.0011642355121273536
leaf_weight=0.65554348332807422 2.3010390114504844 1.196331711602397 3.2010615512263034 0.90170854295138247 0.25149436655919988 0.10482305218465615
leaf_count=24 400 120 289 34 13 3
internal_value=-0.000206314 0.00326805 0.00615173 -0.000580264 -0.00497415 0.00872116
internal_weight=8.612 6.31096 4.86314 1.55725 1.44783 3.30588
internal_count=883 483 350 58 133 292
is_linear=0
shrinkage=0.02


Tree=818
num_leaves=7
num_cat=0
split_feature=47 28 29 18 43 43
split_gain=0.638782 0.410703 0.237559 0.201204 0.146984 0.122215
threshold=0.0004980613279487188 -0.011830540826103171 0.04277074171384903 0.095802610820299242 -0.027008229583779676 0.068577143983866301
decision_type=2 2 2 2 2 2
left_child=1 -1 4 5 -2 -3
right_child=2 3 -4 -5 -6 -7
leaf_value=0.0047630060245185757 -0.001220935010741143 -0.010101395672731436 -0.0037085580879086528 0.0024758648948641441 0.0085838944636044655 0.0013869265393722395
leaf_weight=0.56060753297060717 0.47783107403665859 3.0452338790055373 0.39857042126823206 0.24944029189646233 2.1577836323995143 0.16260108281858254
leaf_count=25 23 569 48 6 205 7
internal_value=-0.00106909 -0.00572421 0.00498615 -0.00811182 0.00695941 -0.00932785
internal_weight=7.05207 4.01788 3.03419 3.45728 2.63561 3.20783
internal_count=883 607 276 582 228 576
is_linear=0
shrinkage=0.02


Tree=819
num_leaves=7
num_cat=0
split_feature=10 71 71 44 14 34
split_gain=0.663991 0.279635 0.292906 0.241033 0.206934 0.173392
threshold=1.3633297634552548 0.21658333333333338 0.34325000000000011 0.0092816818914603447 0.023471639509697485 -1.0000000180025095e-35
decision_type=2 2 2 2 2 2
left_child=1 4 -3 -2 5 -1
right_child=3 2 -4 -5 -6 -7
leaf_value=-0.0031169725618759359 -0.0014496042934224237 -0.0080098302883729218 0.0034188777881356313 0.0077184570191429196 -0.0044427567414200972 0.0065823460825591637
leaf_weight=0.35896916268393386 1.2064497894607482 3.9776974359992892 0.50656676618382324 3.1040672336239368 0.78681506158318359 1.5126688377931716
leaf_count=15 51 361 20 307 79 45
internal_value=-0.000150656 -0.00372784 -0.00633079 0.00536268 0.00119313 0.00428445
internal_weight=11.4532 7.14272 4.48426 4.31052 2.65845 1.87164
internal_count=878 520 381 358 139 60
is_linear=0
shrinkage=0.02


Tree=820
num_leaves=7
num_cat=0
split_feature=42 15 41 42 42 5
split_gain=0.789681 0.439654 0.230412 0.14295 0.122098 0.11401
threshold=0.00072863773870476833 0.042779240836650752 0.066351226998850307 0.078356685644693919 0.064880436125691818 0.031342062193126026
decision_type=2 2 2 2 2 2
left_child=-1 2 5 -3 -4 -2
right_child=1 3 4 -5 -6 -7
leaf_value=0.0082187596745508656 -9.4745622961917893e-05 0.0067449392224570694 0.0045010134739373025 -0.002824682067952204 -0.0036689137795782949 -0.0097206409101620699
leaf_weight=2.1664361832663417 0.58552568580489639 0.97459094226360299 0.62488334020599712 0.25841120490804315 0.37438961712177843 2.9192466388922185
leaf_count=209 34 68 27 16 138 386
internal_value=-2.11876e-05 -0.00389085 -0.00653641 0.00437254 0.00113597 -0.00849051
internal_weight=7.90348 5.73705 4.50405 1.233 0.999273 3.50477
internal_count=878 669 585 84 165 420
is_linear=0
shrinkage=0.02


Tree=821
num_leaves=7
num_cat=0
split_feature=46 28 16 39 67 37
split_gain=0.574439 0.486436 0.195687 0.1778 0.102995 0.0689623
threshold=0.009364992800828047 0.082110370901903956 0.11303473678652785 0.025897916553492363 46.486372981111181 0.017975273613490435
decision_type=2 2 2 2 2 2
left_child=3 4 -3 -1 5 -2
right_child=1 2 -4 -5 -6 -7
leaf_value=-0.0086419606669881927 0.00897698044578445 -0.0061326516039179055 0.0037366404134084596 0.0020603043386949087 -0.0010478374342894846 -0.00082828697844454318
leaf_weight=1.7832795666181485 2.9226875569438571 1.429673063510563 0.40760168305132527 0.37491508107632388 0.28480809764005233 0.13720742985606182
leaf_count=350 227 247 18 11 17 8
internal_value=0.000247573 0.0037666 -0.00339785 -0.00671911 0.00757835 0.00844159
internal_weight=7.34017 5.18198 1.83727 2.15819 3.3447 3.05989
internal_count=878 517 265 361 252 235
is_linear=0
shrinkage=0.02


Tree=822
num_leaves=7
num_cat=0
split_feature=28 40 43 31 46 41
split_gain=0.515572 0.485608 0.345672 0.270422 0.238733 0.190092
threshold=0.14153396847183222 0.077017442196986835 0.0011485658930781991 -0.029887033207629428 -0.0010987961157749974 0.027690588508295508
decision_type=2 2 2 2 2 2
left_child=1 2 4 5 -1 -3
right_child=-2 3 -4 -5 -6 -7
leaf_value=-0.0028087421979928538 0.0069118011027073205 0.0044402467160216163 -0.0053473267819833864 -0.0095310575066385964 0.0071573475610699931 -0.0045363627859431157
leaf_weight=0.68600387126207385 2.3494638940319428 0.91551424888893851 0.89250081544741977 2.529275626875461 2.8002361431717855 0.85981882165651768
leaf_count=25 328 37 62 252 49 118
internal_value=0.000160053 -0.0021919 0.00229501 -0.00632831 0.00500732 2.46972e-05
internal_weight=11.0328 8.68335 4.37874 4.30461 3.48624 1.77533
internal_count=871 543 136 407 74 155
is_linear=0
shrinkage=0.02


Tree=823
num_leaves=7
num_cat=0
split_feature=48 17 30 23 16 30
split_gain=0.621172 0.576192 0.121505 0.10463 0.103928 0.0589978
threshold=0.022459732934928808 0.10432213930348259 -0.016305629657833554 437.87827247686533 -0.040436440389896154 0.038029114337937271
decision_type=2 2 2 10 2 2
left_child=1 4 -2 5 -1 -3
right_child=2 3 -4 -5 -6 -7
leaf_value=0.0018920372746640492 0.00095966802041922068 0.0091512713458542488 -0.0082814842965739082 -0.00082080109445069609 -0.0058594687054061316 -0.00062870644122084679
leaf_weight=0.41136597131844599 0.45444334717467461 2.7719654599204668 2.3357658905442804 0.34359285212121893 1.4896175175672395 0.13217757106758643
leaf_count=20 42 230 453 43 59 24
internal_value=-0.000608925 0.00338057 -0.00692028 0.00769908 -0.00410808 0.00865913
internal_weight=7.93893 5.14872 2.79021 3.24774 1.90098 2.90414
internal_count=871 376 495 297 79 254
is_linear=0
shrinkage=0.02


Tree=824
num_leaves=7
num_cat=0
split_feature=46 38 63 38 12 69
split_gain=0.60123 0.264829 0.20943 0.122073 0.116193 0.040684
threshold=0.016394411820974966 0.0036688356189717654 0.10708313425704731 0.071658598599433215 115.39411764705883 -0.01397408401697736
decision_type=2 2 2 2 2 2
left_child=2 -2 3 -1 -3 -6
right_child=1 4 -4 -5 5 -7
leaf_value=-0.0089512485246265247 -0.0032109217034283232 0.0091258920507004525 0.0020101122069558284 0.0016257736669310729 -0.0023876008171693362 0.0025299781513695571
leaf_weight=1.9183101654052741 0.58573566674022037 2.2041343598393728 0.73622704861918453 0.19086664170026768 0.37227843340951949 0.32065471354871977
leaf_count=406 128 170 61 15 57 34
internal_value=0.000479961 0.00540146 -0.00538212 -0.00777905 0.00751985 3.82617e-05
internal_weight=6.32821 3.4828 2.8454 2.10918 2.89707 0.692933
internal_count=871 389 482 421 261 91
is_linear=0
shrinkage=0.02


Tree=825
num_leaves=7
num_cat=0
split_feature=28 40 42 56 28 22
split_gain=0.482295 0.422442 0.289983 0.303244 0.3546 0.189892
threshold=0.13499359144159967 0.077017442196986835 -0.0052076279289635227 0.26752374713396659 -0.0047320439599957262 -0.0094885076382164157
decision_type=2 2 2 2 2 8
left_child=1 2 -1 -4 -5 -3
right_child=-2 5 3 4 -6 -7
leaf_value=-0.0055924202985050834 0.0064728263762703388 0.0030024358264800076 -0.0041660665565907331 -0.0042546348943404491 0.0085793971741339268 -0.0069157214706921967
leaf_weight=0.68813870195299376 2.6397491483949134 0.33021082007326186 0.69599429308436622 0.4433305591810498 2.9934840884525329 4.2445894456468523
leaf_count=36 345 6 24 30 54 400
internal_value=0.000222289 -0.00198753 0.00199528 0.00410208 0.00633807 -0.00578967
internal_weight=12.0355 9.39575 4.82095 4.13281 3.43681 4.5748
internal_count=895 550 144 108 84 406
is_linear=0
shrinkage=0.02


Tree=826
num_leaves=7
num_cat=0
split_feature=48 42 44 14 35 48
split_gain=0.853419 0.218895 0.207622 0.126274 0.0917649 0.0875587
threshold=0.018504770960174104 0.0042233526491819587 0.017031028812939396 0.033466373987978242 -0.011227342274534686 0.01916660439404182
decision_type=2 2 2 2 2 2
left_child=2 4 -1 -4 -2 -3
right_child=1 5 3 -5 -6 -7
leaf_value=0.0080991871371842421 0.0044873265286307145 0.0011984342013996215 -0.0034000419373218889 0.0039627248212467945 -0.0027725645689819682 -0.0085961467618012669
leaf_weight=2.7457757918164134 0.5098363368306309 0.15371074387803707 1.0803752727806566 0.6883686720393597 0.3959670397453009 2.9942554756999016
leaf_count=218 49 10 70 43 11 494
internal_value=-9.71162e-06 -0.00594563 0.00543201 -0.000138266 0.00152414 -0.00794427
internal_weight=8.56829 4.05377 4.51452 1.76874 0.905803 3.14797
internal_count=895 564 331 113 60 504
is_linear=0
shrinkage=0.02


Tree=827
num_leaves=7
num_cat=0
split_feature=43 28 68 62 28 63
split_gain=0.551016 0.401642 0.28498 0.142352 0.114752 0.10394
threshold=-0.01284433322148811 0.08854319761516552 0.29606843538141253 0.13733010545022625 -0.014787535095022194 0.062908566545609931
decision_type=2 2 2 2 2 2
left_child=4 2 5 -3 -1 -2
right_child=1 3 -4 -5 -6 -7
leaf_value=0.0016510969519674431 -0.00093351992627977657 -0.0066934226472008416 -0.0034529936289034897 0.0019206935617413778 -0.0083003378226792542 0.0093851566937709057
leaf_weight=0.20278880698606405 0.24635902000591237 0.89255057775881119 0.4162827101536094 0.69933661934919655 1.9157756177592089 2.7153269357513636
leaf_count=9 12 143 12 52 464 203
internal_value=-0.000346758 0.00325155 0.00658182 -0.00362814 -0.00712379 0.00850785
internal_weight=7.08842 4.96986 3.37797 1.59189 2.11856 2.96169
internal_count=895 422 227 195 473 215
is_linear=0
shrinkage=0.02


Tree=828
num_leaves=7
num_cat=0
split_feature=28 36 72 1 43 69
split_gain=0.477343 0.335292 0.456462 0.206366 0.204642 0.140707
threshold=0.14042933558932616 0.012951512886963175 0.14475000000000002 0.26695402298850579 -0.056667341851279932 0.075732978190457809
decision_type=2 2 2 2 2 2
left_child=1 3 -3 -1 -2 -4
right_child=4 2 5 -5 -6 -7
leaf_value=0.0022258625200729234 -0.0021441041438577109 0.0060325248755706828 -0.0066016154612414 -0.0072082111836620777 0.0084488020188063593 0.0024092969115054549
leaf_weight=0.65846863389015009 0.51017037755809758 2.5993771727662534 1.5641427421942351 3.7756460172822699 2.0032682523597041 0.36732803715858597
leaf_count=15 41 64 150 313 288 18
internal_value=-4.13625e-05 -0.00227318 0.00146092 -0.00565545 0.0063004 -0.00465063
internal_weight=11.4784 8.96496 4.53085 4.43411 2.51344 1.93147
internal_count=889 560 232 328 329 168
is_linear=0
shrinkage=0.02


Tree=829
num_leaves=7
num_cat=0
split_feature=48 18 30 42 42 14
split_gain=0.751403 0.404602 0.244834 0.163665 0.11436 0.110698
threshold=0.019671643955978101 -0.0091989236114220479 -0.016305629657833554 0.002138375346397423 -0.011113333641065174 -0.034922206013938813
decision_type=2 2 2 2 2 2
left_child=1 5 -2 -3 -4 -1
right_child=2 3 4 -5 -6 -7
leaf_value=-0.0014189343354113751 0.0025145372163457792 0.0030100612230590331 0.0016465365740946584 -0.005532945523797783 -0.0090177839810983637 0.0091367402849362785
leaf_weight=0.1701642537955198 0.58593857579398934 0.75052415253594507 0.13929283549077887 1.0516650915378702 2.7771308403462167 2.770548467990011
leaf_count=32 54 25 15 57 470 236
internal_value=-0.000161163 0.00465054 -0.00626284 -0.00217065 -0.00821807 0.00832086
internal_weight=8.24526 4.7429 3.50236 1.80219 2.91642 2.94071
internal_count=889 350 539 82 485 268
is_linear=0
shrinkage=0.02


Tree=830
num_leaves=7
num_cat=0
split_feature=38 41 28 48 43 28
split_gain=0.549455 0.361176 0.198951 0.214751 0.117018 0.106397
threshold=0.060501921201270674 0.010682403593812369 0.10011550074792687 0.016371481382677668 0.053971633819701097 0.11955350104600689
decision_type=2 2 2 2 2 2
left_child=1 2 3 -1 -3 -2
right_child=5 4 -4 -5 -6 -7
leaf_value=-0.0025386943186900168 0.0086276454464267703 -0.0088419224886028339 -0.004740299033141126 0.0072258624540621997 0.0012576999201170428 -0.0016554962666969911
leaf_weight=0.77857152064098123 1.6790828262455759 2.0609925294411373 0.52603374194586638 1.4896335431840269 0.2726564110489561 0.13817939534783352
leaf_count=48 172 515 85 48 15 6
internal_value=0.000252497 -0.0031371 0.00164477 0.00412291 -0.00763861 0.00753566
internal_weight=6.94515 5.12789 2.79424 2.26821 2.33365 1.81726
internal_count=889 711 181 96 530 178
is_linear=0
shrinkage=0.02


Tree=831
num_leaves=7
num_cat=0
split_feature=14 28 33 51 44 19
split_gain=0.567433 0.469185 0.643278 0.187706 0.164422 0.161717
threshold=0.017937086023635297 0.062516793501303639 -1.0000000180025095e-35 0.18301520431337878 -0.017950300135911711 0.0068735161548147969
decision_type=2 2 2 2 2 2
left_child=1 2 5 -3 -5 -1
right_child=-2 3 -4 4 -6 -7
leaf_value=-0.0082924823749614563 -0.0053665723903478721 -0.0014081783824101827 0.0064292163334107397 -0.0020807943182320522 0.009556713689001994 0.0022301224992715063
leaf_weight=2.2029638425447051 3.3511449655052283 0.57728911377489556 1.5611784632783363 0.18835280369967167 3.5648355786688635 0.27287631481885899
leaf_count=126 351 29 50 5 320 4
internal_value=0.000654534 0.00338143 -0.00144043 0.00730347 0.00865779 -0.00682478
internal_weight=11.7186 8.3675 4.03702 4.33048 3.75319 2.47584
internal_count=885 534 180 354 325 130
is_linear=0
shrinkage=0.02


Tree=832
num_leaves=7
num_cat=0
split_feature=48 18 42 42 42 27
split_gain=0.826962 0.324443 0.30511 0.19291 0.130264 0.0968146
threshold=0.019671643955978101 -0.0091989236114220479 0.005319536806507306 0.002138375346397423 0.071442933520686785 -0.18331305126131189
decision_type=2 2 2 2 2 2
left_child=1 4 -2 -3 5 -1
right_child=2 3 -4 -5 -6 -7
leaf_value=-0.0013646166566197676 0.0020202409410761692 0.0039951054080071416 -0.0093857288909959553 -0.0052794191111168887 -0.0015853510617715753 0.0093800528371144696
leaf_weight=0.11244875914417241 0.84595842589624259 0.6219696255866437 2.6906043663620949 1.142718323972076 0.24627244553994376 2.739081854000688
leaf_count=13 59 23 484 60 23 223
internal_value=-0.000442934 0.00456232 -0.00681347 -0.00174789 0.00770631 0.00871205
internal_weight=8.39905 4.86249 3.53656 1.76469 3.0978 2.85153
internal_count=885 342 543 83 259 236
is_linear=0
shrinkage=0.02


Tree=833
num_leaves=7
num_cat=0
split_feature=28 2 37 63 61 41
split_gain=0.645578 0.2798 0.223874 0.142167 0.118935 0.066103
threshold=0.069106359073981952 0.25098425196850399 0.023441913679200215 0.068331647230158651 0.1122546524475785 -0.072987046087709465
decision_type=2 2 2 2 2 2
left_child=1 -1 3 -3 -2 -5
right_child=4 2 -4 5 -6 -7
leaf_value=-0.0039003627137570601 0.0014108582190989472 -0.0014343653431274309 -0.0034285769745585194 -0.0010159456022823274 -0.0084917021058956241 0.0089860824128071455
leaf_weight=0.78037973679602135 0.27041902404744211 0.36438188795000392 0.31998045649379481 0.079677020199597659 2.144669670087751 2.9253239501267667
leaf_count=92 15 27 5 3 492 251
internal_value=-0.000527802 0.00379352 0.00590564 0.00737389 -0.00729446 0.00853343
internal_weight=6.88483 4.46974 3.68936 3.36938 2.41509 3.005
internal_count=885 378 286 281 507 254
is_linear=0
shrinkage=0.02


Tree=834
num_leaves=7
num_cat=0
split_feature=16 38 15 51 27 50
split_gain=0.569709 0.308908 0.231255 0.216743 0.199991 0.169953
threshold=0.0011516305964302256 0.068259426444936031 0.070516206618957314 0.18716006763421167 -0.18331305126131189 0.4295776318911651
decision_type=2 2 2 2 2 2
left_child=4 2 3 -2 -1 -6
right_child=1 -3 -4 -5 5 -7
leaf_value=0.0036920134676967295 -0.0022451919021915048 -0.0044093550257009251 -0.003608683309813033 0.0079534381935279785 -0.007759090835581497 0.00020638706757694663
leaf_weight=0.38955834740772832 0.53195491922087956 0.72903258376754809 0.36635364813264448 4.7354225107701495 2.9739765318809077 1.397459050058387
leaf_count=65 23 98 63 293 259 103
internal_value=0.000363977 0.00402324 0.00561465 0.00672958 -0.00437587 -0.00564833
internal_weight=11.1238 6.36276 5.63373 5.26738 4.76099 4.37144
internal_count=904 477 379 316 427 362
is_linear=0
shrinkage=0.02


Tree=835
num_leaves=7
num_cat=0
split_feature=49 45 15 34 46 21
split_gain=0.713091 0.274374 0.170282 0.15236 0.133413 0.0671704
threshold=-0.0002829579153249046 -0.039775523023569889 0.070516206618957314 0.045056551903728016 0.017661634471728419 -0.0075477129521909934
decision_type=2 2 2 2 2 10
left_child=3 -2 -3 4 5 -1
right_child=1 2 -4 -5 -6 -7
leaf_value=0.008568237963042305 0.0032318010370240304 -0.0086879324245808295 0.0020305783414112529 -0.0010695011601019428 -0.0013722118914564754 -0.00080179821127841181
leaf_weight=3.0356608843430881 0.65696257411036674 2.7447583454195414 0.31180534255690862 0.90132655180059362 0.39768878719769407 0.15614359499886665
leaf_count=209 80 415 45 123 26 6
internal_value=0.000563278 -0.0052011 -0.00736349 0.00540905 0.0069144 0.00802793
internal_weight=8.20435 3.71353 3.05656 4.49082 3.58949 3.1918
internal_count=904 540 460 364 241 215
is_linear=0
shrinkage=0.02


Tree=836
num_leaves=7
num_cat=0
split_feature=38 18 42 47 30 51
split_gain=0.714858 0.246981 0.144513 0.104977 0.0746912 0.0718027
threshold=0.038991839640575052 0.020097596177778069 0.035535050704177 0.0022523642417861646 0.096625617555213539 0.50543506646123315
decision_type=2 2 2 2 2 2
left_child=1 4 -2 -3 5 -1
right_child=2 3 -4 -5 -6 -7
leaf_value=-0.0095346984857108824 -0.0017913195952693787 -0.0030471297203477792 0.0077468906757096811 0.0043588397764952064 0.00093115516272026958 0.00099352823730634084
leaf_weight=2.6169201991870081 0.39878920814953778 0.49382876150775679 1.9177801323821766 0.65236348717007786 0.13739101542159904 0.088287130463868269
leaf_count=556 11 71 211 25 24 6
internal_value=-0.00131374 -0.00595243 0.00605989 0.00123498 -0.00841772 -0.00901569
internal_weight=6.30536 3.98879 2.31657 1.14619 2.8426 2.70521
internal_count=904 682 222 96 586 562
is_linear=0
shrinkage=0.02


Tree=837
num_leaves=7
num_cat=0
split_feature=28 40 15 37 22 55
split_gain=0.523049 0.513719 0.329991 0.327752 0.242948 0.19084
threshold=0.13499359144159967 0.076329722014115683 0.062633350414234512 -0.003314803348299165 0.040243221412997708 1.15655637254902
decision_type=2 2 2 2 10 2
left_child=1 3 -2 4 -1 -3
right_child=2 5 -4 -5 -6 -7
leaf_value=-0.0055929405616046658 0.008773473434773001 0.0009404224772841792 -0.0040395627082931342 0.0073064662373874536 0.003273946163132408 -0.0090498384711219931
leaf_weight=1.8128430859651419 2.3416752791963531 0.7312514751683924 0.41472048324067134 1.5050351156387458 1.3324814664665607 2.9410005694953725
leaf_count=66 324 45 27 24 42 350
internal_value=-1.87726e-05 -0.00255615 0.00628348 0.00180649 -0.00195296 -0.00728499
internal_weight=11.079 8.32261 2.7564 4.65036 3.14532 3.67225
internal_count=878 527 351 132 108 395
is_linear=0
shrinkage=0.02


Tree=838
num_leaves=7
num_cat=0
split_feature=30 42 49 28 34 47
split_gain=0.678601 0.355438 0.213356 0.139539 0.115565 0.0946538
threshold=-0.0072666089504507146 0.0077363840537427739 0.0091275004737122207 0.14153396847183222 -0.015499131371980486 -0.0085022168192219662
decision_type=2 2 2 2 2 2
left_child=2 3 -1 -2 -3 -6
right_child=1 4 -4 -5 5 -7
leaf_value=0.0080295559965968925 0.006024751264950709 0.0014151231822034725 -0.0024412475458951326 -0.0028630179245753068 -9.1060143163358649e-05 -0.0092563756725711505
leaf_weight=2.4633626670110975 0.79220962803810813 0.26794925401918623 0.50314161251299072 0.4088814863935113 0.53345055854879353 2.8331255868542939
leaf_count=231 63 29 35 11 44 465
internal_value=-0.000332022 -0.00463742 0.00608589 0.00307301 -0.00729874 -0.00815753
internal_weight=7.80212 4.83562 2.9665 1.20109 3.63453 3.36658
internal_count=878 612 266 74 538 509
is_linear=0
shrinkage=0.02


Tree=839
num_leaves=7
num_cat=0
split_feature=46 28 48 38 63 21
split_gain=0.550166 0.435935 0.178455 0.178181 0.124519 0.0928538
threshold=0.009364992800828047 0.10707780842249982 0.011461969564853904 0.069631348789745376 0.072444448182475751 -0.011557552860238412
decision_type=2 2 2 2 2 10
left_child=3 2 -2 -1 -4 -3
right_child=1 5 4 -5 -6 -7
leaf_value=-0.0084501599064934225 -0.001892750620820225 -0.0062999260200445198 -0.00053409714323793787 0.0025120918074662863 0.009568122755663655 0.0021111679029858729
leaf_weight=1.6975107772741465 0.42523077409714494 0.86886602762388021 0.44466230541002039 0.27181065920740355 2.7114644597750157 0.1746617670869457
leaf_count=357 23 259 27 9 200 3
internal_value=0.000414691 0.0040443 0.00699412 -0.00660066 0.00835878 -0.00454792
internal_weight=6.59421 4.62489 3.58136 1.96932 3.15613 1.04353
internal_count=878 512 250 366 227 262
is_linear=0
shrinkage=0.02


Tree=840
num_leaves=7
num_cat=0
split_feature=40 42 30 42 45 20
split_gain=0.469721 0.397798 0.348286 0.201226 0.166526 0.152171
threshold=0.077017442196986835 0.064880436125691818 0.064182826439731486 1.0000000180025095e-35 0.010097082911443721 0.12089720408203651
decision_type=2 2 2 2 2 10
left_child=3 -2 -3 5 -5 -1
right_child=1 2 -4 4 -6 -7
leaf_value=-0.005286054272548575 -0.0066633425847431376 0.0064197012005210302 -0.0046694554922254144 0.0083826581745550955 -0.0011751372294597402 0.003883655539903772
leaf_weight=0.62720906105823793 3.1013869856251404 1.8987074668984862 0.96576428483240295 3.1787646329030399 0.61078605544753362 0.37414840888231993
leaf_count=36 336 153 157 144 56 8
internal_value=0.00101833 -0.00256956 0.00244012 0.00515834 0.00691845 -0.00163129
internal_weight=10.7568 5.96586 2.86447 4.79091 3.78955 1.00136
internal_count=890 646 310 244 200 44
is_linear=0
shrinkage=0.02


Tree=841
num_leaves=7
num_cat=0
split_feature=43 41 17 12 46 15
split_gain=0.587573 0.30687 0.193892 0.154082 0.122663 0.120491
threshold=-0.033128486122741649 0.050751619962317453 0.10943202554744527 181.19020884796768 0.0082359417689924306 0.089637792725260304
decision_type=2 2 2 2 2 2
left_child=2 5 -1 -4 -3 -2
right_child=1 4 3 -5 -6 -7
leaf_value=-0.0013250073977519247 -0.0091212608057387075 0.0047993117466830293 0.0081823717358215278 -0.0022490877629201935 -0.0032490918468999507 0.0017133199163982548
leaf_weight=1.2772650171536954 2.5809573817532518 0.86142948456108548 2.3932978330412884 0.23843748052604485 0.39677809271961451 0.14378319378010918
leaf_count=42 308 56 248 52 174 10
internal_value=-0.000488687 -0.00527958 0.00447392 0.00687822 0.00194638 -0.00824304
internal_weight=7.89195 3.98295 3.909 2.63174 1.25821 2.72474
internal_count=890 548 342 300 230 318
is_linear=0
shrinkage=0.02


Tree=842
num_leaves=7
num_cat=0
split_feature=39 72 42 38 20 6
split_gain=0.635913 0.260222 0.247515 0.223232 0.0402289 0.0190042
threshold=-0.0016152557272056387 0.22316666666666671 0.058950579726189827 0.054080530104933341 0.080241768287344153 94.441978912003847
decision_type=2 2 2 2 8 2
left_child=1 3 5 -1 -3 -2
right_child=2 4 -4 -5 -6 -7
leaf_value=-0.0094683343165482096 0.00065575468160536203 0.0041688248413739174 0.008498724871374326 0.002125154892069543 -0.0015213544319523909 -0.0036738690793890086
leaf_weight=2.6362776557798506 0.20805167034268413 0.5253907338483258 1.7460386629682032 0.42145838541910041 0.12848973035579547 0.35838142572902143
leaf_count=567 15 21 181 28 67 11
internal_value=-0.00108582 -0.00568094 0.00577801 -0.00774044 0.00280689 -0.00268018
internal_weight=6.02409 3.71162 2.31247 3.05774 0.65388 0.566433
internal_count=890 683 207 595 88 26
is_linear=0
shrinkage=0.02


Tree=843
num_leaves=7
num_cat=0
split_feature=28 63 44 71 41 30
split_gain=0.5338 0.458636 0.438178 0.211565 0.172127 0.142248
threshold=0.085837477833543452 0.068331647230158651 0.025861823167436477 0.34841666666666671 -0.0079890950583936787 -0.036923444712215966
decision_type=2 2 2 2 2 2
left_child=1 -1 4 -3 -2 -4
right_child=2 3 5 -5 -6 -7
leaf_value=0.0032731367132915168 0.0036487472688157417 -0.008924317859348144 -0.0016335930524575268 0.00245679311501234 -0.004712378331677025 0.0091871008775712311
leaf_weight=1.6578283584676681 0.65171914012171361 3.2940919029060756 0.24608442652970586 0.33339349064044643 1.7389014853397382 2.767666595755145
leaf_count=71 26 325 6 13 159 268
internal_value=-5.54531e-05 -0.00419176 0.00401262 -0.00757344 -0.00202914 0.00811668
internal_weight=10.6897 5.28531 5.40437 3.62749 2.39062 3.01375
internal_count=868 409 459 338 185 274
is_linear=0
shrinkage=0.02


Tree=844
num_leaves=7
num_cat=0
split_feature=49 43 18 1 7 43
split_gain=0.593599 0.233209 0.217331 0.145362 0.152766 0.1028
threshold=-0.00012540127915809345 -0.01284433322148811 -0.083669151736260591 0.29301637060257751 523.19658176321718 -0.063197838948359411
decision_type=2 2 2 2 2 2
left_child=1 3 -2 -1 -5 -4
right_child=2 -3 5 4 -6 -7
leaf_value=-0.0010262155899064098 0.0025956981198517388 -0.0031369859130035843 0.0011271237064190971 0.0085971229486850355 -0.002221690635547972 -0.0088829685553884728
leaf_weight=0.74510029959492419 0.46994830248877439 0.84301802981644858 0.22912661056034345 2.614537452696823 0.19575407204683859 2.5045976606197651
leaf_count=22 97 96 25 225 24 379
internal_value=-0.000591096 0.00386144 -0.00616849 0.0058452 0.00745823 -0.0079668
internal_weight=7.60208 4.39841 3.20367 3.55539 2.81029 2.73372
internal_count=868 367 501 271 249 404
is_linear=0
shrinkage=0.02


Tree=845
num_leaves=7
num_cat=0
split_feature=43 62 38 20 49 27
split_gain=0.683528 0.320743 0.255191 0.163865 0.126754 0.0595883
threshold=-0.017096219207920742 0.11771498437712269 0.042737372579688238 0.14386751222922736 -0.0085985083280445355 -0.0084708797651634176
decision_type=2 2 2 8 2 2
left_child=-1 2 5 4 -3 -2
right_child=1 3 -4 -5 -6 -7
leaf_value=-0.007528925332857264 -0.0069622770534598227 -0.001512737880318577 0.0048045043844005325 -0.0022467730495842947 0.00986962359982556 0.0012619839482003678
leaf_weight=1.7336098467931149 0.97577028948580835 0.16711535083595697 0.59168509382288892 0.20175986259710033 2.5969036496244375 0.099988252390175947
leaf_count=433 108 13 51 92 169 2
internal_value=0.000778202 0.00467122 -0.00176965 0.00782557 0.00896237 -0.00595816
internal_weight=6.36683 4.63322 1.66744 2.96578 2.76402 1.07576
internal_count=868 435 161 274 182 110
is_linear=0
shrinkage=0.02


Tree=846
num_leaves=7
num_cat=0
split_feature=40 28 50 45 28 45
split_gain=0.483016 0.411552 0.339734 0.261867 0.189032 0.164696
threshold=0.077017442196986835 0.14042933558932616 0.35872876237493773 0.020919821347105783 0.066310349938721411 -0.054335989902297349
decision_type=2 2 2 2 2 2
left_child=2 3 4 -2 -1 -4
right_child=1 -3 5 -5 -6 -7
leaf_value=-0.0049113677652532486 -0.0079290359723447994 0.0041414154778293263 -0.0023129243462451715 0.0026073538082683925 0.0038488689199144212 0.0085719886531780733
leaf_weight=1.3400980604346844 3.4289471165975556 1.4918693125946445 0.21550625795498524 0.67733503901399661 0.76964035280980159 3.4446595357730985
leaf_count=51 344 233 15 63 60 123
internal_value=0.000823268 -0.00309541 0.00452092 -0.00602079 -0.00150558 0.00757231
internal_weight=11.3681 5.59815 5.7699 4.10628 2.10974 3.66017
internal_count=889 640 249 407 111 138
is_linear=0
shrinkage=0.02


Tree=847
num_leaves=7
num_cat=0
split_feature=18 30 43 14 67 12
split_gain=0.704233 0.418722 0.121828 0.101322 0.097114 0.0925522
threshold=-0.0091989236114220479 0.0088233362050198442 -0.078822181369726671 0.15004816160506632 -320.25879056047194 107.20618034447823
decision_type=2 2 2 2 2 2
left_child=1 5 -2 4 -4 -1
right_child=2 -3 3 -5 -6 -7
leaf_value=0.0088321952201725427 0.0021210929076077769 -0.0034426449031595792 0.0014249815351826129 0.0016936050809414592 -0.008526312145431085 -0.0003361356572178434
leaf_weight=2.5257875248789792 0.19702225131914053 1.3105206688633186 0.14549648482352573 0.14325773087330151 3.2145936340093613 0.42164978804066766
leaf_count=226 11 258 5 11 319 59
internal_value=-0.000794694 0.00431884 -0.00634576 -0.00718719 -0.00786741 0.00776772
internal_weight=7.95833 4.25796 3.70037 3.50335 3.36009 2.94744
internal_count=889 543 346 335 324 285
is_linear=0
shrinkage=0.02


Tree=848
num_leaves=7
num_cat=0
split_feature=46 28 16 43 38 47
split_gain=0.580947 0.476851 0.177445 0.173059 0.0953869 0.0641485
threshold=0.009364992800828047 0.082110370901903956 0.11303473678652785 -0.027008229583779676 0.069631348789745376 -0.010698107919231188
decision_type=2 2 2 2 2 2
left_child=4 3 -3 -2 -1 -5
right_child=1 2 -4 5 -6 -7
leaf_value=-0.0088388333178159254 -0.0018929882082574007 -0.0062363970301718809 0.0033485674575028496 -0.00067093215493133876 0.0011088211809706641 0.0092153757411581553
leaf_weight=1.6641240998287683 0.36926563782617483 1.4206924941390751 0.39074778859503556 0.14341181144118387 0.21129674650728691 2.5744708965066816
leaf_count=359 30 259 23 3 10 205
internal_value=-0.000394016 0.00324511 -0.00371318 0.00723755 -0.00772222 0.00865357
internal_weight=6.77401 4.89859 1.81144 3.08715 1.87542 2.71788
internal_count=889 520 282 238 369 208
is_linear=0
shrinkage=0.02


Tree=849
num_leaves=7
num_cat=0
split_feature=64 28 67 63 44 32
split_gain=0.373469 0.474933 0.299644 0.210884 0.209555 0.192705
threshold=0.57517123287671235 0.11290454205342343 28.65654702794723 0.1050896512024561 0.0080507743092378004 0.11824779132302046
decision_type=2 2 2 2 2 2
left_child=1 2 5 -2 -3 -1
right_child=3 4 -4 -5 -6 -7
leaf_value=-0.008267907698488005 0.0068618087521087005 -0.0024713064738315937 0.0030278002255639241 -0.0026993146419255162 0.0072148303587982344 0.0023758102411439602
leaf_weight=3.9684966710628942 2.9440775141119961 0.75562192662619088 0.87739674770273257 0.61411452246829856 1.5680482687894253 0.34445437020622183
leaf_count=370 158 61 39 62 198 9
internal_value=0.000388937 -0.00211547 -0.00520173 0.00498147 0.00426918 -0.00713067
internal_weight=11.0722 7.51402 5.19035 3.55819 2.32367 4.31295
internal_count=897 677 418 220 259 379
is_linear=0
shrinkage=0.02


Tree=850
num_leaves=7
num_cat=0
split_feature=48 18 42 42 42 40
split_gain=0.643097 0.3307 0.248715 0.12102 0.103912 0.0971448
threshold=0.019671643955978101 -0.0099576051691529482 -0.0052076279289635227 0.069246920298800127 0.0099345188642554916 0.13342876825054348
decision_type=2 2 2 2 2 2
left_child=1 3 -2 -1 -3 -4
right_child=2 4 5 -5 -6 -7
leaf_value=0.008615013225129 0.0030611741973014502 0.0021654081805866257 -0.0089859231180096678 -0.0015154911565971737 -0.0048662513164148529 6.6770654742540783e-05
leaf_weight=2.6470915833488111 0.50265210750512812 0.72457052255049326 2.4366611900622961 0.23250603058841068 0.90777490695472807 0.53302817733492691
leaf_count=252 50 26 375 20 57 117
internal_value=-0.000242285 0.00435465 -0.00585361 0.00761726 -0.00210812 -0.00775356
internal_weight=7.98428 4.51194 3.47234 2.8796 1.63235 2.96969
internal_count=897 355 542 272 83 492
is_linear=0
shrinkage=0.02


Tree=851
num_leaves=7
num_cat=0
split_feature=43 28 46 16 29 64
split_gain=0.577414 0.460157 0.238217 0.138928 0.0674795 0.0466677
threshold=-0.017096219207920742 0.08854319761516552 0.0083438431466148748 0.11303473678652785 -0.079504688548346497 0.61655251141552525
decision_type=2 2 2 2 2 2
left_child=4 2 5 -3 -1 -2
right_child=1 3 -4 -5 -6 -7
leaf_value=0.0010116952447147306 0.0016626158976079477 -0.0064626534270279673 0.0091025336693919632 0.0028055800529469799 -0.008492996554094254 -0.003978259232635205
leaf_weight=0.11479044030420471 0.30618526099715415 1.1375974487164056 2.5573705495335162 0.26892299554310728 1.6722896469291297 0.3194073848426342
leaf_count=6 17 208 203 11 449 3
internal_value=-0.00034143 0.00340807 0.00700552 -0.00426113 -0.00773854 -0.00189301
internal_weight=6.37656 4.58948 3.18296 1.40652 1.78708 0.625593
internal_count=897 442 223 219 455 20
is_linear=0
shrinkage=0.02


Tree=852
num_leaves=7
num_cat=0
split_feature=42 22 18 71 7 23
split_gain=0.379679 0.319438 0.30225 0.271532 0.203743 0.151231
threshold=0.0099345188642554916 0.041876036722051202 -0.0091989236114220479 0.25741666666666674 222.09781122165853 380.44592857142862
decision_type=2 10 2 2 2 10
left_child=4 2 5 -4 -1 -2
right_child=1 -3 3 -5 -6 -7
leaf_value=-0.0082091908703698091 -0.0070254890333768215 0.0069147384137579525 0.0058663058749447231 -0.0036405644993711597 0.0016024010842818092 0.0023860214880781624
leaf_weight=1.5138158360496174 1.7517855783225962 2.9713816141011193 2.514063692069612 1.0128598238807169 0.85381489840801794 0.36175893945619453
leaf_count=202 111 231 145 73 51 64
internal_value=0.000584199 0.00256602 -0.000421179 0.00293502 -0.00524578 -0.00516564
internal_weight=10.9795 8.61185 5.64047 3.52692 2.36763 2.11354
internal_count=877 624 393 218 253 175
is_linear=0
shrinkage=0.02


Tree=853
num_leaves=7
num_cat=0
split_feature=46 15 18 16 15 42
split_gain=0.652424 0.374404 0.291262 0.135514 0.134093 0.0684536
threshold=0.0058596666357361906 0.044075773741253224 0.0014984055726773306 0.0011516305964302256 -0.0037448389944800728 -0.018459448152491256
decision_type=2 2 2 2 2 2
left_child=2 5 4 -4 -1 -2
right_child=1 -3 3 -5 -6 -7
leaf_value=-0.0014880443410548311 0.0010763613177288433 0.0037588283539550745 0.002789867257527983 -0.0054368305295966644 0.0087980116486093274 -0.0087442313885071465
leaf_weight=0.28603388322517309 0.086641845060513201 0.75813555531203736 0.66263337829150237 0.69885592604987323 2.6206704537617043 2.7940308522083797
leaf_count=28 8 60 29 18 237 497
internal_value=-6.12716e-06 -0.00547506 0.0048106 -0.00194702 0.00766401 -0.00824761
internal_weight=7.907 3.63881 4.26819 1.36149 2.9067 2.88067
internal_count=877 565 312 47 265 505
is_linear=0
shrinkage=0.02


Tree=854
num_leaves=7
num_cat=0
split_feature=46 29 71 39 20 39
split_gain=0.418714 0.262658 0.163623 0.132364 0.124619 0.0978321
threshold=0.009364992800828047 -0.018524630040393921 0.2685833333333334 0.0015903194808773726 0.091451051781915274 0.025897916553492363
decision_type=2 2 2 2 10 2
left_child=5 4 3 -3 -2 -1
right_child=1 2 -4 -5 -6 -7
leaf_value=-0.0082944504144623378 0.0079245909521262498 -0.0067205138125798203 0.0035812825161033847 0.0018547047246485133 -0.0015072469982673725 0.0014744268368582806
leaf_weight=1.6179796895012257 1.716011018608697 1.2843105890206064 0.69498652295442287 0.53392418520525087 0.35149498237296928 0.16735344054177392
leaf_count=356 182 202 74 16 38 9
internal_value=-0.000942678 0.00233835 -0.00183209 -0.0044378 0.00635247 -0.00717815
internal_weight=6.36606 4.58073 2.51322 1.81823 2.06751 1.78533
internal_count=877 512 292 218 220 365
is_linear=0
shrinkage=0.02


Tree=855
num_leaves=7
num_cat=0
split_feature=40 14 9 39 65 42
split_gain=0.491034 0.385619 0.210616 0.189652 0.177667 0.162147
threshold=0.07407757091967207 -0.025957329147263699 55.800336438923402 0.0015903194808773726 0.3638991066736732 -0.011731221736226738
decision_type=2 2 2 2 2 2
left_child=4 3 -3 -2 -1 -6
right_child=1 2 -4 -5 5 -7
leaf_value=-0.0030336819801575288 0.0062701896666513728 -0.0085327786945327295 0.00047582666499720877 -0.0036019311239059732 -0.0018982516653752671 0.0070878722277810391
leaf_weight=0.43513539293780912 1.2971461458364499 2.7940884897252545 1.2898359026294199 0.39745578262954939 0.52575376420281816 3.8835703638615087
leaf_count=25 203 347 98 27 25 178
internal_value=0.000468861 -0.00323294 -0.00615362 0.00347732 0.00468206 0.00586355
internal_weight=10.623 5.77853 4.08392 1.6946 4.84446 4.40932
internal_count=903 675 445 230 228 203
is_linear=0
shrinkage=0.02


Tree=856
num_leaves=7
num_cat=0
split_feature=42 17 30 7 43 58
split_gain=0.679123 0.294789 0.192425 0.1653 0.116688 0.0711531
threshold=0.045900508776053131 0.10943202554744527 -0.0090108691926131367 547.09271698434998 -0.050426756423209006 0.57009475141062504
decision_type=2 2 2 2 2 2
left_child=1 4 -2 5 -1 -3
right_child=2 3 -4 -5 -6 -7
leaf_value=0.0027900071227878885 0.0014598601253948394 -0.00086689004716641578 -0.0091960746160305029 -0.0024062552569064357 -0.0045571401532033167 0.0089719844679114289
leaf_weight=0.59400807972997416 0.55217816110234741 0.1400080472230919 2.1140776221291162 0.22738053300417949 1.1574034995865075 2.4607318706111982
leaf_count=15 37 7 478 19 67 280
internal_value=-0.000563638 0.00389346 -0.00719299 0.00708128 -0.00195692 0.00834866
internal_weight=7.24579 4.57953 2.66626 2.82812 1.75141 2.60074
internal_count=903 388 515 306 82 287
is_linear=0
shrinkage=0.02


Tree=857
num_leaves=7
num_cat=0
split_feature=46 28 25 39 29 69
split_gain=0.538842 0.435928 0.148589 0.107691 0.098775 0.0774945
threshold=0.009364992800828047 0.07978439301188657 0.3341856386714428 0.025897916553492363 0.0010126278724006262 -0.054172403424646666
decision_type=2 2 2 2 2 2
left_child=3 4 -3 -1 -2 -4
right_child=1 2 5 -5 -6 -7
leaf_value=-0.0083839269415983218 0.008615182475561178 -0.0066286806625865079 -0.0026724648908139853 0.0011622028967654329 -0.00015200576790811571 0.0042274704387460938
leaf_weight=1.6610374349402262 2.4108609788818289 0.90152146975742631 0.24079298984725028 0.30558213125914324 0.56492602534126479 0.59999089810298756
leaf_count=356 225 206 38 11 25 42
internal_value=-0.000104353 0.00349604 -0.00333903 -0.00700885 0.00733121 0.00187308
internal_weight=6.68471 4.71809 1.74231 1.96662 2.97579 0.840784
internal_count=903 536 286 367 250 80
is_linear=0
shrinkage=0.02


Tree=858
num_leaves=7
num_cat=0
split_feature=14 51 63 42 16 28
split_gain=0.474413 0.310349 0.404023 0.211946 0.193777 0.192363
threshold=0.038044359955277836 0.19595231969813912 0.10277228809837506 0.0072682559549917545 -0.05680678223086643 0.12583361992186651
decision_type=2 2 2 2 2 2
left_child=1 5 3 -3 -5 -1
right_child=-2 2 -4 4 -6 -7
leaf_value=-0.007113290855120245 -0.0061662076221731723 -0.0023632922279283311 -0.0026192552639150279 -0.0016483373005749882 0.0090831678724089746 0.0034121262400805485
leaf_weight=1.020827898522837 2.2886563105275863 0.46690904162824143 1.9313039515400303 0.45274703740142186 4.354370601940901 0.33639701572246838
leaf_count=45 330 32 169 25 271 46
internal_value=0.000422079 0.00264372 0.00427715 0.00681752 0.00796265 -0.0041637
internal_weight=10.8512 8.56256 7.20533 5.27403 4.80712 1.35722
internal_count=918 588 497 328 296 91
is_linear=0
shrinkage=0.02


Tree=859
num_leaves=7
num_cat=0
split_feature=42 41 42 14 25 40
split_gain=0.668354 0.523123 0.324311 0.159336 0.122041 0.0642171
threshold=0.00072863773870476833 0.051277260378759855 0.064880436125691818 0.094492715292091176 0.11304093950763652 0.15341207054035769
decision_type=2 2 2 2 2 2
left_child=-1 3 -3 4 -2 -6
right_child=1 2 -4 -5 5 -7
leaf_value=0.007729614867593537 0.0012537304497864396 0.0074009573619689337 -0.0045362667574124259 0.0019790540344007354 -0.0099891126597391067 0.0003326230304533074
leaf_weight=1.9818549863994119 0.23478091560537073 1.4145752731710675 0.62957812467357133 0.27920772694051255 2.9461392225930472 0.18958865827880789
leaf_count=236 29 85 208 28 314 18
internal_value=-0.00016327 -0.00365485 0.003442 -0.00751509 -0.00857444 -0.00943552
internal_weight=7.67572 5.69387 2.04415 3.64972 3.37051 3.13573
internal_count=918 682 293 389 361 332
is_linear=0
shrinkage=0.02


Tree=860
num_leaves=7
num_cat=0
split_feature=46 29 39 62 20 49
split_gain=0.510808 0.302299 0.174837 0.168809 0.11796 0.0902928
threshold=0.010818527639084504 -0.011186111376565526 0.025897916553492363 0.1331476818020301 0.11718930288527453 0.0049612342992675614
decision_type=2 2 2 2 10 2
left_child=2 4 -1 -3 -2 -5
right_child=1 3 -4 5 -6 -7
leaf_value=-0.0085483785508624361 0.0082000802271361226 -0.0057028872436531838 0.0024208928578669832 -0.0024763374435052884 -0.0017873606420718416 0.00501114109814111
leaf_weight=1.859976382518653 2.1538130778353666 0.98856706434162311 0.26362323202192772 0.27902980655198917 0.1872795425588264 0.71056135202525184
leaf_count=408 201 167 11 42 39 50
internal_value=-0.000481759 0.00334698 -0.00684757 -0.00199318 0.00710529 0.00271641
internal_weight=6.44285 4.31925 2.1236 1.97816 2.34109 0.989591
internal_count=918 499 419 259 240 92
is_linear=0
shrinkage=0.02


Tree=861
num_leaves=7
num_cat=0
split_feature=44 38 40 37 27 9
split_gain=0.358446 0.400261 0.272336 0.260489 0.221368 0.179782
threshold=0.010736551646714812 0.060501921201270674 0.13749221343511533 -1.0000000180025095e-35 -0.046952473215761285 47.277599965659341
decision_type=2 2 2 2 2 2
left_child=3 2 4 -1 -2 -6
right_child=1 -3 -4 -5 5 -7
leaf_value=-0.0065634988962393979 0.0089099371840146695 -0.0053157944449906116 -0.0026784884311667344 0.0041449673896007495 -0.0036842743744145757 0.0048982731676568518
leaf_weight=2.6237385943531994 3.4478457088116552 1.0993313036160541 1.0488587667932732 0.46004702616482962 1.0668420599540698 0.85976281901821483
leaf_count=261 263 167 96 19 44 15
internal_value=0.000581128 0.00287204 0.00480069 -0.00434219 0.00645151 0.000510767
internal_weight=10.6064 7.52264 6.42331 3.08379 5.37445 1.9266
internal_count=865 585 418 280 322 59
is_linear=0
shrinkage=0.02


Tree=862
num_leaves=7
num_cat=0
split_feature=43 53 34 17 50 30
split_gain=0.584605 0.256707 0.14148 0.138504 0.127574 0.0824982
threshold=-0.041933656167389088 0.13249640352454597 0.077466076975726786 0.11072796934865901 0.27083463687688619 -0.0082992410975778145
decision_type=2 2 2 2 2 2
left_child=2 3 4 -2 -1 -3
right_child=1 5 -4 -5 -6 -7
leaf_value=-0.0016420910628782948 -0.0031789436741483795 4.5391947418837731e-05 -0.002060414823866099 0.0048640824348394601 0.0080171919355574838 -0.0086163546348298724
leaf_weight=0.29540277202613729 0.6827869303524492 0.49412798765115473 0.41626516194082785 0.84009663824690506 2.3403520472347736 2.3575651617720723
leaf_count=11 81 47 41 87 217 381
internal_value=-0.000418469 -0.00470014 0.00536399 0.00142729 0.00678073 -0.00749337
internal_weight=7.4266 4.37458 3.05202 1.52288 2.63575 2.85169
internal_count=865 596 269 168 228 428
is_linear=0
shrinkage=0.02


Tree=863
num_leaves=7
num_cat=0
split_feature=46 38 63 20 39 67
split_gain=0.44344 0.29951 0.224959 0.16013 0.104742 0.0597064
threshold=0.009364992800828047 0.024529950270922165 0.095089492720022276 0.092358464888138564 0.025897916553492363 -5.7323947993451858
decision_type=2 2 2 10 2 2
left_child=4 2 5 -3 -1 -2
right_child=1 3 -4 -5 -6 -7
leaf_value=-0.0081688269317731193 -0.0070401731770453656 0.008667617101690419 0.0038728384241895992 -0.0016276506333576205 0.0016806049571336734 0.00042545272205838757
leaf_weight=1.5718615085934287 1.0008255927823482 1.8361787383910271 0.81963545293547202 0.41371872258605424 0.15966916410252441 0.4072753060027029
leaf_count=351 168 189 68 50 7 32
internal_value=-0.000446453 0.00289205 -0.00199529 0.00685618 -0.00697783 -0.00560086
internal_weight=6.20916 4.47763 2.22774 2.2499 1.73153 1.4081
internal_count=865 507 268 239 358 200
is_linear=0
shrinkage=0.02


Tree=864
num_leaves=7
num_cat=0
split_feature=28 66 15 54 16 46
split_gain=0.470417 0.623024 0.321417 0.301445 0.15939 0.148088
threshold=0.08854319761516552 70.200814697813627 0.070516206618957314 2.6566964285714287 -0.060752947270347767 -0.001596933575528282
decision_type=2 2 2 2 2 2
left_child=1 -1 4 -3 -2 -6
right_child=2 3 -4 -5 5 -7
leaf_value=-0.00912423504745624 -0.0018648152599575682 -0.0037072942257707852 -0.0047557546795266581 0.0060348990167431076 -0.0014468173475388417 0.0085164468701020499
leaf_weight=2.574944180669263 0.45759047230239946 1.2903906336287039 0.53804732661228616 2.0980504902545363 0.38498173980042372 3.4956867072032765
leaf_count=269 36 94 86 72 25 316
internal_value=0.000324112 -0.00321874 0.00446722 0.00232549 0.00628769 0.00743412
internal_weight=10.8397 5.96339 4.87631 3.38844 4.33826 3.88067
internal_count=898 435 463 166 377 341
is_linear=0
shrinkage=0.02


Tree=865
num_leaves=7
num_cat=0
split_feature=15 46 42 34 38 42
split_gain=0.521002 0.339446 0.212944 0.172662 0.109439 0.0799887
threshold=0.038827151055179247 0.0050188567276891393 0.078356685644693919 0.020306854329987915 0.016432817352121085 -0.010257249878555875
decision_type=2 2 2 2 2 2
left_child=1 3 -2 4 -1 -3
right_child=2 5 -4 -5 -6 -7
leaf_value=0.0063188873573176985 0.0085266204017659993 0.0010461721025376363 -0.0030213550767756287 -0.0036163878413595077 -0.0017794399489511207 -0.0081513694569255567
leaf_weight=1.290368353482336 1.709722885629162 0.18688156409189138 0.28303731814958144 0.86256824282463629 0.43256540899164964 2.7065310694160871
leaf_count=53 223 11 21 66 12 512
internal_value=-0.000537758 -0.00367098 0.00642493 0.00144684 0.00437889 -0.00744119
internal_weight=7.47167 5.47891 1.99276 2.5855 1.72293 2.89341
internal_count=898 654 244 131 65 523
is_linear=0
shrinkage=0.02


Tree=866
num_leaves=7
num_cat=0
split_feature=43 62 38 22 19 20
split_gain=0.431204 0.245312 0.267535 0.170074 0.141004 0.0886263
threshold=-0.017096219207920742 0.11992509363295882 0.042737372579688238 0.04438284664464999 -0.021041829265697917 0.14386751222922736
decision_type=2 2 2 10 2 8
left_child=-1 2 4 5 -2 -3
right_child=1 3 -4 -5 -6 -7
leaf_value=-0.0065469899825574412 -0.0077561834655102994 0.0083227045088079734 0.0049932261185067122 -0.0022652213453392047 0.0022664298866119426 -0.0012768953798165236
leaf_weight=1.7032103544916024 1.121523611131124 2.4454324395628655 0.59982679458335031 0.39730891498038534 0.25933560472913075 0.16020223277155299
leaf_count=447 117 157 61 59 7 50
internal_value=9.34481e-05 0.00307777 -0.00188293 0.00600274 -0.00571253 0.00754205
internal_weight=6.68684 4.98363 1.98069 3.00294 1.38086 2.60563
internal_count=898 451 185 266 124 207
is_linear=0
shrinkage=0.02


Tree=867
num_leaves=7
num_cat=0
split_feature=14 20 63 68 65 68
split_gain=0.428643 0.327234 0.315679 0.315904 0.247658 0.0910008
threshold=0.054005108208707749 0.091451051781915274 0.085849075705116532 0.29606843538141253 0.44108512970405561 -0.16639082156159954
decision_type=2 10 2 2 2 2
left_child=1 2 4 -4 5 -1
right_child=-2 -3 3 -5 -6 -7
leaf_value=0.0027729513759037349 -0.0066268833550657416 0.0071313275776787987 -0.0076099037253557758 0.0042190515334405692 0.0069740459265412672 -0.0043547582926002221
leaf_weight=0.28472486604005087 1.7170484499074525 2.6023951490642503 2.1040523203555499 0.53575077187269915 1.7542613795958457 1.0436272886581703
leaf_count=7 285 328 161 10 41 55
internal_value=0.000399705 0.00240424 -0.000486552 -0.00470963 0.00339766 -0.00229219
internal_weight=10.0419 8.32481 5.72242 2.6398 3.08261 1.32835
internal_count=887 602 274 171 103 62
is_linear=0
shrinkage=0.02


Tree=868
num_leaves=7
num_cat=0
split_feature=15 46 35 43 44 45
split_gain=0.630135 0.43707 0.247103 0.140491 0.0628359 0.0589847
threshold=0.040300263115127022 0.0013614894018949694 -1.0000000180025095e-35 -0.0072916734886824949 -0.016467517853223618 0.014831318080886538
decision_type=2 2 2 2 2 2
left_child=1 2 3 -1 -3 -2
right_child=5 4 -4 -5 -6 -7
leaf_value=0.0068389203149950353 0.0080944757819205321 0.00094383069410605561 -0.004729078594552634 -0.002576614880468924 -0.0088501814840900445 -0.00097217250365460943
leaf_weight=1.5602596618700773 1.6372860535047946 0.087376252980903124 0.69621007656678546 0.26373756502289336 2.7499842448742129 0.099708091234788188
leaf_count=81 228 8 19 19 524 8
internal_value=-0.000698205 -0.0040786 0.00177028 0.00504719 -0.00838121 0.00740898
internal_weight=7.09456 5.35757 2.52021 1.824 2.83736 1.73699
internal_count=887 651 119 100 532 236
is_linear=0
shrinkage=0.02


Tree=869
num_leaves=7
num_cat=0
split_feature=47 28 62 20 43 18
split_gain=0.545649 0.209788 0.237616 0.205301 0.111215 0.0609839
threshold=0.0004980613279487188 -0.0067340594566934605 0.18890487322424027 0.086130680991322442 0.071614101037173833 0.095802610820299242
decision_type=2 2 2 10 2 2
left_child=1 -1 4 -2 5 -3
right_child=3 2 -4 -5 -6 -7
leaf_value=0.0035893124487762678 0.0083447890317878311 -0.0093157192408075511 0.0033989100282512631 -0.0020562385858245904 0.0016640339572273632 0.00083799491526104968
leaf_weight=0.40668610215652767 1.9263989437604325 2.4654367159819244 0.31966083194129158 0.57221902656601731 0.13522374117746938 0.086388885043561348
leaf_count=23 189 565 7 95 5 3
internal_value=0.000179133 -0.00452014 -0.00623908 0.00605591 -0.00799653 -0.00883282
internal_weight=5.91201 3.4134 3.00671 2.49862 2.68705 2.55183
internal_count=887 603 580 284 573 568
is_linear=0
shrinkage=0.02


Tree=870
num_leaves=7
num_cat=0
split_feature=28 50 42 54 19 16
split_gain=0.426521 0.302416 0.271455 0.24417 0.225317 0.178301
threshold=0.085837477833543452 0.40939248143268997 0.014673992212033556 2.5461647727272729 0.0043462190383834485 0.11303473678652785
decision_type=2 2 2 2 2 2
left_child=1 4 -2 -3 -1 -4
right_child=2 3 5 -5 -6 -7
leaf_value=-0.0083158669202068498 -0.0023293564163275153 -0.0040311860718855634 0.0077199513931993586 0.0052577208515538001 0.0027473831435021589 -0.0023852883150700388
leaf_weight=2.6658407180802901 1.3543850437272338 1.0250151806976648 3.5302139990963046 1.6918873075628651 0.40672416030429293 0.35314025473780919
leaf_count=265 137 89 328 75 11 22
internal_value=0.000468217 -0.00303851 0.00421005 0.00161155 -0.00653638 0.00650074
internal_weight=11.0272 5.78947 5.23774 2.7169 3.07256 3.88335
internal_count=927 440 487 164 276 350
is_linear=0
shrinkage=0.02


Tree=871
num_leaves=7
num_cat=0
split_feature=18 2 2 15 65 56
split_gain=0.572852 0.503595 0.161759 0.177149 0.136672 0.0887452
threshold=-0.0091989236114220479 0.43244784876140813 0.16557017543859651 0.086732737633877649 0.55607966457023073 0.36385701676963816
decision_type=2 2 2 2 2 2
left_child=1 4 -2 5 -1 -4
right_child=2 -3 3 -5 -6 -7
leaf_value=0.0087533610955244368 0.0028324431659312236 -0.0044588952226046969 -0.0091681947874299417 0.0026429745057547065 -0.0020000040311693272 -3.3316627907042398e-05
leaf_weight=2.8298561110277665 0.25935039855539832 1.2305502234376033 2.5364626748487362 0.24144469131715585 0.16647237958386529 0.49188392027281214
leaf_count=309 9 246 282 18 4 59
internal_value=-0.000500132 0.00406464 -0.0056577 -0.00683677 0.00780495 -0.00806105
internal_weight=7.75602 4.22688 3.52914 3.26979 2.99633 3.02835
internal_count=927 559 368 359 313 341
is_linear=0
shrinkage=0.02


Tree=872
num_leaves=7
num_cat=0
split_feature=39 61 69 17 44 38
split_gain=0.487513 0.296638 0.270553 0.111917 0.0617371 0.0409927
threshold=-0.0074109369742668399 0.1122546524475785 -0.20366659202866097 0.080863121185701839 -0.0020441902216476317 0.076388500640897958
decision_type=2 2 2 2 2 2
left_child=1 -1 -2 -3 -4 -5
right_child=2 3 4 5 -6 -7
leaf_value=0.0037326739534610477 -0.0031563334314419649 0.00026893407148865053 -0.0010577445845100519 -0.0089244705845819648 0.0082006928960439273 0.00047832225531782861
leaf_weight=0.68786978709977153 0.6606997707858685 0.63400433713104609 0.084762030164711955 2.1651245853281584 2.1852998937247317 0.092629231512546428
leaf_count=22 34 41 12 599 209 10
internal_value=-0.000166727 -0.00458219 0.00502003 -0.00701097 0.00763725 -0.00851029
internal_weight=6.51039 3.57963 2.93076 2.89176 2.27006 2.25775
internal_count=927 672 255 650 221 609
is_linear=0
shrinkage=0.02


Tree=873
num_leaves=7
num_cat=0
split_feature=14 38 42 63 51 54
split_gain=0.44461 0.31425 0.268015 0.31888 0.308962 0.173683
threshold=0.038044359955277836 0.066385877602505625 0.0042233526491819587 0.10548162774725277 0.19595231969813912 4.9375000000000009
decision_type=2 2 2 2 2 2
left_child=1 2 -1 4 -4 -6
right_child=-2 -3 3 -5 5 -7
leaf_value=-0.0038628211484577567 -0.006286964095551917 -0.0050237978228570282 -0.0019054149121258874 -0.0024679439625093498 0.010269011211684746 -0.0018150269244319465
leaf_weight=0.74655062216334034 2.1525059595005587 0.98945643682964135 0.83501977042760689 1.1384509589988736 3.808411092730239 0.226044067647308
leaf_count=51 327 120 59 91 239 16
internal_value=0.000166783 0.00247452 0.00407915 0.00547641 0.00743778 0.00936592
internal_weight=9.89644 7.74393 6.75448 6.00793 4.86947 4.03446
internal_count=903 576 456 405 314 255
is_linear=0
shrinkage=0.02


Tree=874
num_leaves=7
num_cat=0
split_feature=42 19 23 16 15 1
split_gain=0.673451 0.309678 0.220833 0.169319 0.071433 0.0660745
threshold=0.0042233526491819587 -0.11336767452481115 369.97039232804241 -0.050464139945401935 0.089637792725260304 0.26401991614255771
decision_type=2 2 10 2 2 2
left_child=-1 2 5 -3 -5 -2
right_child=1 3 -4 4 -6 -7
leaf_value=0.0078300926332040971 -0.001507054038040944 0.0016248146934076428 -0.0044982296566802426 -0.0092115131343861578 0.00099228671337966046 0.0063673244920497757
leaf_weight=1.8894155875314025 0.12186862702947054 0.43770520848920558 0.57587924314429972 2.5076521068695015 0.1002011524979024 1.2275910159223711
leaf_count=228 4 52 211 302 8 98
internal_value=-0.00010868 -0.00393218 0.00184745 -0.00713945 -0.00865309 0.00531743
internal_weight=6.86031 4.9709 1.92534 3.04556 2.60785 1.34946
internal_count=903 675 313 362 310 102
is_linear=0
shrinkage=0.02


Tree=875
num_leaves=7
num_cat=0
split_feature=46 28 38 22 43 38
split_gain=0.557857 0.283773 0.19924 0.166217 0.106837 0.0799099
threshold=0.012895622244921684 0.12361181016951613 0.002484236894325875 -0.0094885076382164157 0.048344581346970693 0.11128860872008932
decision_type=2 2 2 8 2 2
left_child=4 2 -2 -4 5 -1
right_child=1 -3 3 -5 -6 -7
leaf_value=-0.0087375836499840286 -0.002449840750796419 -0.0044974369176616468 -0.0022760506678726439 0.0090066979755733852 0.0015232721609882889 0.0011285998185141079
leaf_weight=1.7594619541778231 0.44158318371046412 0.50416480441344891 0.20157697726972401 2.6659434984903787 0.23514442378655065 0.13399519352242339
leaf_count=409 32 226 3 219 9 5
internal_value=-0.000138735 0.00415241 0.00620815 0.00783013 -0.0066962 -0.00789063
internal_weight=5.94187 3.81327 3.3091 2.86752 2.1286 1.89346
internal_count=903 480 254 222 423 414
is_linear=0
shrinkage=0.02


Tree=876
num_leaves=7
num_cat=0
split_feature=40 27 1 34 60 57
split_gain=0.451475 0.321091 0.288352 0.151765 0.130924 0.12409
threshold=0.077017442196986835 -0.19345899402218433 0.3227076454152909 -0.00015427855530683596 0.21973859473859478 0.29758481886141469
decision_type=2 2 2 2 2 2
left_child=3 -2 -3 -1 -5 -6
right_child=1 2 -4 4 5 -7
leaf_value=-0.0021020041775561349 0.0052228261830130473 0.0021018581666922649 -0.0077149870698962012 -0.0011131581347139901 0.0081669829823452795 -0.00090985387943689903
leaf_weight=0.65398448449559499 0.65328531002160151 1.1701871966943143 3.2169654141180217 0.65617074957117427 3.1438260463764895 0.48634270823094983
leaf_count=42 152 65 419 41 129 31
internal_value=0.00071328 -0.00320136 -0.00519243 0.00457381 0.00579732 0.00701707
internal_weight=9.98076 5.04044 4.38715 4.94032 4.28634 3.63017
internal_count=879 636 484 243 201 160
is_linear=0
shrinkage=0.02


Tree=877
num_leaves=7
num_cat=0
split_feature=18 42 12 15 42 43
split_gain=0.623151 0.411215 0.196424 0.174524 0.0726421 0.0716221
threshold=-0.0099576051691529482 0.066236817852183674 183.52889310906133 0.042779240836650752 -0.035264538822710044 0.02828659795571541
decision_type=2 2 2 2 2 2
left_child=1 2 5 4 -2 -1
right_child=3 -3 -4 -5 -6 -7
leaf_value=0.008652857997456612 0.0011206774955395573 -0.0052272581083341466 -0.0024899732186825225 0.0020415228101957868 -0.0088928227779620558 -0.0010802719152380317
leaf_weight=2.8458273508585998 0.0899740010499962 0.76766936061903823 0.36743377870880056 0.37938637507613737 2.4554835798335262 0.10451025643851597
leaf_count=301 4 187 53 31 291 12
internal_value=-0.000905356 0.00382254 0.00664217 -0.00680064 -0.00832262 0.00812189
internal_weight=7.01028 4.08544 3.31777 2.92484 2.54546 2.95034
internal_count=879 553 366 326 295 313
is_linear=0
shrinkage=0.02


Tree=878
num_leaves=7
num_cat=0
split_feature=43 28 68 2 56 28
split_gain=0.42595 0.289795 0.261838 0.0924827 0.0644567 0.050787
threshold=-0.017096219207920742 0.098987863072906523 0.29606843538141253 0.25317269076305227 0.22730392156862747 -0.014787535095022194
decision_type=2 2 2 2 2 2
left_child=5 2 3 -2 -3 -1
right_child=1 4 -4 -5 -6 -7
leaf_value=0.00087132785266068877 -0.0014324480225300776 0.0018099863607889252 -0.003067159897629311 0.008665997473291609 -0.0051238929911932487 -0.0075060324071108391
leaf_weight=0.11033881595358241 0.11758775869384486 0.17323276668321319 0.5450948025099932 2.5384159942623228 0.90136590669862926 1.431747004331555
leaf_count=5 9 6 16 199 207 437
internal_value=-8.51007e-05 0.00316643 0.00578991 0.00794939 -0.00367245 -0.00679965
internal_weight=5.81778 4.2757 3.2011 2.656 1.0746 1.54209
internal_count=879 437 224 208 213 442
is_linear=0
shrinkage=0.02


Tree=879
num_leaves=7
num_cat=0
split_feature=34 71 19 38 16 71
split_gain=0.323426 0.34686 0.269238 0.20993 0.179537 0.165705
threshold=0.037236458297468723 0.2121666666666667 -0.1106781297698242 0.073437528073747524 -0.022945482497334409 0.34841666666666671
decision_type=2 2 2 2 2 2
left_child=1 2 -1 -2 -4 -3
right_child=3 5 4 -5 -6 -7
leaf_value=-0.004745051846318191 0.0064894522799375165 -0.0070463810868311993 -0.0030449935152766189 -0.003484173168399845 0.007191342228581912 0.0026720592998765403
leaf_weight=0.67433176550548557 2.6518662780290474 3.3530681432457645 0.28368851146660823 0.40921418252401043 1.9400639242958271 0.29808117495849717
leaf_count=64 354 343 21 41 54 10
internal_value=8.23001e-05 -0.00237315 0.00238307 0.00462652 0.005346 -0.00584905
internal_weight=9.61031 6.54923 2.89808 3.06108 2.22375 3.65115
internal_count=887 492 139 395 75 353
is_linear=0
shrinkage=0.02


Tree=880
num_leaves=7
num_cat=0
split_feature=42 40 15 42 12 44
split_gain=0.581024 0.473949 0.181955 0.171207 0.149378 0.101677
threshold=0.00072863773870476833 0.12712824465270992 0.085978486056971712 0.1005386867695643 183.52889310906133 -0.017950300135911711
decision_type=2 2 2 2 2 2
left_child=4 2 5 -3 -1 -2
right_child=1 3 -4 -5 -6 -7
leaf_value=0.0082325175687648616 0.0014657151811447511 0.006618386699750076 0.0024885262893038344 -0.0032945854888345679 -0.0021598556605453212 -0.0092894480930924613
leaf_weight=1.8097732134629043 0.11230704188346896 1.0848116200650109 0.23718297784216691 0.31929197889985506 0.24900494655594219 3.093151460285299
leaf_count=221 1 85 21 98 7 454
internal_value=-0.0004337 -0.00408132 -0.0074987 0.00393143 0.00668039 -0.0086537
internal_weight=6.90552 4.84675 3.44264 1.4041 2.05878 3.20546
internal_count=887 659 476 183 228 455
is_linear=0
shrinkage=0.02


Tree=881
num_leaves=7
num_cat=0
split_feature=38 61 19 29 21 2
split_gain=0.408692 0.233824 0.146997 0.131445 0.0671145 0.0594372
threshold=0.026925250574297514 0.11866162641228604 -0.016208975879601902 0.0030901153460804608 -0.011557552860238412 0.21231060606060609
decision_type=2 2 2 2 10 2
left_child=1 -1 -3 5 -5 -2
right_child=3 2 -4 4 -6 -7
leaf_value=0.0037108857223903165 -0.001083255645202738 -0.0081591400885926077 0.0010944224902749192 -0.0037099442874473912 0.002708070295700003 0.0078330626390612796
leaf_weight=0.54502222675364498 0.085675046779215669 1.9192438108730134 0.61700061149895158 0.43853924731956795 0.25910937646403898 1.8052933225408194
leaf_count=22 3 574 17 48 10 213
internal_value=0.000383124 -0.00399764 -0.0062351 0.00525852 -0.00113518 0.00719412
internal_weight=5.66988 3.08127 2.53624 2.58862 0.697649 1.89097
internal_count=887 613 591 274 58 216
is_linear=0
shrinkage=0.02


Tree=882
num_leaves=7
num_cat=0
split_feature=28 55 16 52 14 1
split_gain=0.365431 0.314097 0.430458 0.15711 0.149165 0.135783
threshold=0.14042933558932616 1.6202039825157846 -0.00084883462642659769 0.18229232066299536 0.054005108208707749 0.33658606245239914
decision_type=2 2 2 2 2 2
left_child=1 2 -1 5 -2 -3
right_child=4 3 -4 -5 -6 -7
leaf_value=-0.0047101465107194452 0.0080612922909727956 0.0037644181262342364 0.0061618622939983445 -0.0074288242771602597 -0.0020319506524475732 -0.004366766090450204
leaf_weight=1.5446113363141192 1.6813180388417102 0.89875324582681082 2.5576995121082273 2.5520464751170948 0.31142610684037197 0.45180068083573133
leaf_count=150 299 32 113 189 28 66
internal_value=0.000300718 -0.00173716 0.00194746 -0.00521754 0.00633203 0.00034376
internal_weight=9.99766 8.00491 4.10231 3.9026 1.99274 1.35055
internal_count=877 550 263 287 327 98
is_linear=0
shrinkage=0.02


Tree=883
num_leaves=7
num_cat=0
split_feature=48 30 17 30 41 14
split_gain=0.594948 0.243808 0.213083 0.138718 0.0624493 0.0513318
threshold=0.018504770960174104 -0.0076658674143759353 0.078843762950683807 0.041690065184604053 -0.013318622181536675 -0.034922206013938813
decision_type=2 2 2 2 2 2
left_child=2 4 -1 5 -2 -4
right_child=1 -3 3 -5 -6 -7
leaf_value=-0.0033654969387788879 -0.0023715963783350817 -0.0083308221517335562 -0.00088946524486633346 -0.0019482793120794643 0.0036679475344444995 0.0081757425510463506
leaf_weight=0.43986568914260749 0.28155104245524853 2.3149276309413835 0.07103826571256 0.28812783397734154 0.71323553728871081 2.6013706770027056
leaf_count=24 11 455 17 42 84 244
internal_value=-0.000419657 -0.00565498 0.00480314 0.00656012 0.00162661 0.00775819
internal_weight=6.71012 3.30971 3.4004 2.96054 0.994787 2.67241
internal_count=877 550 327 303 95 261
is_linear=0
shrinkage=0.02


Tree=884
num_leaves=7
num_cat=0
split_feature=46 28 43 16 28 51
split_gain=0.407697 0.451516 0.133447 0.112658 0.0920619 0.0573766
threshold=0.009364992800828047 0.07978439301188657 -0.017096219207920742 0.11303473678652785 -0.014787535095022194 0.16876563543981232
decision_type=2 2 2 2 2 2
left_child=4 2 -2 5 -1 -3
right_child=1 3 -4 -5 -6 -7
leaf_value=0.0015702277735172774 -0.0012123841346769893 0.0011845417326568014 0.0083848774835931089 0.0024886399926075937 -0.0075248164233163474 -0.0067174984397231742
leaf_weight=0.17408319283276807 0.4191645398968834 0.12202474486548442 2.4790396620519459 0.27290168340550724 1.5339166180929165 1.2025371319032272
leaf_count=9 32 8 206 20 357 245
internal_value=-9.93816e-06 0.00312102 0.0070419 -0.00396489 -0.0063603 -0.00579312
internal_weight=6.20367 4.49567 2.8982 1.59746 1.708 1.32456
internal_count=877 511 238 273 366 253
is_linear=0
shrinkage=0.02


Tree=885
num_leaves=7
num_cat=0
split_feature=20 14 19 71 22 38
split_gain=0.394934 0.34998 0.264888 0.190037 0.188119 0.180659
threshold=0.070962146025219969 0.027731579531057305 -0.0069035704040154014 0.34841666666666671 0.067966628537311502 0.076388500640897958
decision_type=10 2 2 2 10 2
left_child=2 5 3 4 -1 -2
right_child=1 -3 -4 -5 -6 -7
leaf_value=-0.0083896163737658402 0.0082413874581568486 -0.0031328037358312457 0.0038144618695010175 0.002856121303760248 0.0021907726824647133 -0.00233046554084885
leaf_weight=3.2376589681953201 2.756275111692958 1.4392702282639218 0.74922010279260565 0.36649321869481344 0.37420056108385313 0.32790951500646759
leaf_count=340 344 154 23 13 24 11
internal_value=-0.000170329 0.00366085 -0.00383523 -0.00575269 -0.00705611 0.00682199
internal_weight=9.25103 4.52345 4.72757 3.97835 3.61186 3.08418
internal_count=909 509 400 377 364 355
is_linear=0
shrinkage=0.02


Tree=886
num_leaves=7
num_cat=0
split_feature=42 40 15 42 7 43
split_gain=0.573686 0.372937 0.174429 0.148945 0.131079 0.0981146
threshold=0.0042233526491819587 0.13206885056766796 0.075647493446030389 0.099976273425660733 507.58927666666676 -0.085323637636610508
decision_type=2 2 2 2 2 2
left_child=4 2 5 -3 -1 -2
right_child=1 3 -4 -5 -6 -7
leaf_value=0.0078386001451450794 0.0014151978780608074 0.0061940003475741976 0.0025070084005433791 -0.0031595371802361875 -0.002136388717408756 -0.008878131992301197
leaf_weight=2.0694167552283038 0.13235826732125167 0.94078076304867841 0.25071197608485807 0.30201976769603789 0.19599015568383027 2.9085138084483337
leaf_count=240 7 68 27 91 6 470
internal_value=-7.05144e-05 -0.00398506 -0.00698163 0.00352569 0.00658565 -0.00819075
internal_weight=6.79979 4.53438 3.29158 1.2428 2.26541 3.04087
internal_count=909 663 504 159 246 477
is_linear=0
shrinkage=0.02


Tree=887
num_leaves=7
num_cat=0
split_feature=39 29 28 22 37 46
split_gain=0.588704 0.211448 0.100819 0.0609162 0.0592982 0.0329361
threshold=1.0000000180025095e-35 -0.037443517601620062 0.01558136130393316 0.046560019259701352 -0.042507094448832494 0.010818527639084504
decision_type=2 2 2 10 2 2
left_child=1 5 -3 -2 -4 -1
right_child=3 2 4 -5 -6 -7
leaf_value=-0.0013205267001641871 0.0083144531362756031 0.00073424231337441449 0.00089596746551522371 -0.00040445890192926999 -0.0083458370885711904 0.0039760147957806522
leaf_weight=0.10934612591518122 1.5961349634453652 0.48226306209107894 0.1061790094245233 0.26348184072412539 2.0758099972154009 0.5787977073341608
leaf_count=42 184 42 19 21 562 39
internal_value=0.000369614 -0.00431449 -0.00643809 0.00736966 -0.00775587 0.00285071
internal_weight=5.21201 3.3524 2.66425 1.85962 2.18199 0.688144
internal_count=909 704 623 205 581 81
is_linear=0
shrinkage=0.02


Tree=888
num_leaves=7
num_cat=0
split_feature=28 41 2 15 63 63
split_gain=0.424648 0.31387 0.245658 0.242371 0.19075 0.128955
threshold=0.14042933558932616 0.050751619962317453 0.45738498789346255 0.043369965740664443 0.10207674619143434 0.068331647230158651
decision_type=2 2 2 2 2 2
left_child=1 2 5 -2 -4 -1
right_child=3 -3 4 -5 -6 -7
leaf_value=0.0022903666934201571 0.0083552104024589256 -0.0078059710335182265 0.0067549258626113497 -0.0030881472889155714 -0.0033655871902784702 -0.0045316895658954279
leaf_weight=0.87067826406564597 1.9356274390593173 1.8454352426342664 1.7745272308820861 0.41251799068413664 0.33295038656797249 2.6620317149208859
leaf_count=36 318 263 57 35 39 165
internal_value=-9.29967e-06 -0.00238833 0.0002929 0.00602295 0.0045875 -0.00271596
internal_weight=9.83377 7.48562 5.64019 2.34815 2.10748 3.53271
internal_count=913 560 297 353 96 201
is_linear=0
shrinkage=0.02


Tree=889
num_leaves=7
num_cat=0
split_feature=48 43 43 64 41 14
split_gain=0.607887 0.286249 0.219085 0.106739 0.0967073 0.092312
threshold=0.018504770960174104 -0.01284433322148811 -0.067920864258076016 0.67988837325975171 0.066101722634675675 -0.028077456079759793
decision_type=2 2 2 2 2 2
left_child=1 3 -2 5 -4 -1
right_child=2 -3 4 -5 -6 -7
leaf_value=-0.00078228579954897929 0.003245172744126913 -0.0029034108004717708 -0.0084377240057769264 -0.001672156503190353 0.00018451922454381511 0.0092680503166251964
leaf_weight=0.24286354531068477 0.4281217850511897 0.79424119251780201 2.1415251379366969 0.13836411898955692 0.5731462807743809 2.577686115168035
leaf_count=20 47 70 353 5 170 248
internal_value=0.000442051 0.00527501 -0.00520966 0.00764916 -0.0070577 0.00842442
internal_weight=6.89595 3.75315 3.14279 2.95891 2.71467 2.82055
internal_count=913 343 570 273 523 268
is_linear=0
shrinkage=0.02


Tree=890
num_leaves=7
num_cat=0
split_feature=38 41 31 40 60 6
split_gain=0.415177 0.216095 0.148491 0.10604 0.0987863 0.0786371
threshold=0.060501921201270674 0.0099821440359381969 -0.023230194900325792 0.037531013108545043 0.19724190283400814 213.11306045879681
decision_type=2 2 2 2 2 2
left_child=1 2 -1 -4 -3 -2
right_child=5 4 3 -5 -6 -7
leaf_value=-0.0040924438876877405 0.0074872373584597904 0.0013572198282229321 -0.0018378509890068007 0.005990444005657283 -0.0082832762034750762 -0.00078886602819424874
leaf_weight=0.63167461217381093 1.2565438949968664 0.20236046443460542 0.48864389222580917 0.99248010019073263 1.8213366377167401 0.35548831662163127
leaf_count=119 161 34 23 45 511 20
internal_value=-0.000502282 -0.003741 0.000810331 0.00370797 -0.00718923 0.00605888
internal_weight=5.74853 4.1365 2.1128 1.48112 2.0237 1.61203
internal_count=913 732 187 68 545 181
is_linear=0
shrinkage=0.02


Tree=891
num_leaves=7
num_cat=0
split_feature=28 36 72 43 50 50
split_gain=0.375804 0.32742 0.367477 0.17728 0.172673 0.141258
threshold=0.13499359144159967 0.012951512886963175 0.16058333333333338 -0.056667341851279932 0.24766385048643116 0.34580419580419586
decision_type=2 2 2 2 2 2
left_child=1 4 5 -2 -1 -3
right_child=3 2 -4 -5 -6 -7
leaf_value=0.0023206311393389402 -0.0021599311955835801 -0.00050135212504879038 -0.005011312230720163 0.007897857599894283 -0.007116449360667838 0.0081602929011004594
leaf_weight=0.44708434632048044 0.45433537487406317 0.91968736075796265 1.1237187660299239 1.8199276091763747 3.220908788498491 1.5059316196711732
leaf_count=21 44 46 126 307 311 40
internal_value=0.000123381 -0.00217049 0.00194404 0.00584257 -0.00571546 0.00568852
internal_weight=9.49159 7.21733 3.54934 2.27426 3.66799 2.42562
internal_count=895 544 212 351 332 86
is_linear=0
shrinkage=0.02


Tree=892
num_leaves=7
num_cat=0
split_feature=48 43 43 19 1 27
split_gain=0.487472 0.243305 0.227693 0.12177 0.117927 0.0621769
threshold=0.018504770960174104 -0.0058541431732031931 -0.071906463636586052 -0.13538198433249352 0.2886752136752137 -0.13294037810109005
decision_type=2 2 2 2 2 2
left_child=1 4 -2 5 -1 -4
right_child=2 -3 3 -5 -6 -7
leaf_value=-0.0012023822746533189 0.003437021582247585 -0.0032527663815167681 -0.00296514246063322 -0.0086279684368809981 0.0079139386643805511 0.003160861207680252
leaf_weight=0.3985365987755366 0.40753363235853646 0.69747497816570092 0.28513461543479934 2.2499596897978336 2.239455713192001 0.37585386878345195
leaf_count=20 41 60 164 325 245 40
internal_value=-0.000552755 0.00425186 -0.00524827 -0.00703212 0.00658475 0.00032407
internal_weight=6.65395 3.33547 3.31848 2.91095 2.63799 0.660988
internal_count=895 325 570 529 265 204
is_linear=0
shrinkage=0.02


Tree=893
num_leaves=7
num_cat=0
split_feature=43 28 68 10 22 58
split_gain=0.485309 0.242777 0.194906 0.113788 0.073273 0.0526452
threshold=-0.01284433322148811 0.1272276929704059 0.26715023686252715 -0.77184599422198097 0.04438284664464999 0.79139469103568327
decision_type=2 2 2 2 10 2
left_child=5 2 3 -2 -5 -1
right_child=1 -3 -4 4 -6 -7
leaf_value=-0.0071995956780985812 -0.0017151308526935321 -0.0041801014752567422 -0.0024290882007139514 0.0090982304316354363 -0.00045680657583570879 0.00091667114928436404
leaf_weight=1.5488926739781161 0.16580318100750568 0.45182731002569188 0.47805404989048828 2.5702703907154505 0.25107134715653945 0.12827918748371292
leaf_count=460 4 191 26 184 19 11
internal_value=0.000445285 0.00411896 0.00589488 0.00750215 0.0083509 -0.00646829
internal_weight=5.5942 3.91703 3.4652 2.98714 2.82134 1.67717
internal_count=895 424 233 207 203 471
is_linear=0
shrinkage=0.02


Tree=894
num_leaves=7
num_cat=0
split_feature=14 49 27 1 49 2
split_gain=0.388169 0.32931 0.292299 0.175408 0.166952 0.157799
threshold=0.017937086023635297 0.016411025781356621 -0.040112756483179239 0.53378995433789966 0.00035571989355513315 0.25098425196850399
decision_type=2 2 2 2 2 2
left_child=1 2 3 -1 -2 -4
right_child=4 -3 5 -5 -6 -7
leaf_value=0.0088368525042564552 -0.0076577778380047959 -0.0042732659811700506 0.0029993523429621195 -0.0019582446955618417 0.00038239713762003259 -0.0050119332807093808
leaf_weight=3.4258609614335001 1.5602199161658066 1.1666407963493837 1.1283333199098708 0.32646149012725789 1.5799928144551811 0.8686575099127366
leaf_count=299 212 148 26 21 162 34
internal_value=0.000511347 0.00306628 0.00496809 0.00768322 -0.00449712 -0.000994986
internal_weight=10.0562 6.91595 5.74931 3.75232 3.14021 1.99699
internal_count=902 528 380 320 374 60
is_linear=0
shrinkage=0.02


Tree=895
num_leaves=7
num_cat=0
split_feature=30 17 18 42 6 42
split_gain=0.552105 0.278448 0.220142 0.131067 0.0900406 0.073692
threshold=-0.0044411263757870986 0.098724821312540623 -0.059896721002943236 -0.0052076279289635227 288.38100686498859 0.043198667192112704
decision_type=2 2 2 2 2 2
left_child=1 -1 5 -4 -3 -2
right_child=2 4 3 -5 -6 -7
leaf_value=-0.0028367956479889806 0.0041858405961906243 0.0084096576673426439 0.00055552573595500404 -0.0090181906041714392 -0.0014332506733499215 -0.0025254543877870233
leaf_weight=0.90072227152995799 0.59826988913118873 2.0080337252002214 0.55251571373082775 2.4467427122872318 0.12512257613707323 0.26305264059919864
leaf_count=45 47 240 21 432 25 92
internal_value=-0.00106766 0.00453459 -0.00549741 -0.00755663 0.00755913 0.00188056
internal_weight=6.89446 3.03388 3.86058 2.99926 2.13316 0.861323
internal_count=902 310 592 453 265 139
is_linear=0
shrinkage=0.02


Tree=896
num_leaves=7
num_cat=0
split_feature=46 63 22 20 47 38
split_gain=0.507059 0.2121 0.155902 0.140824 0.129212 0.100416
threshold=0.0094282828965074148 0.08371068538059627 -0.0094885076382164157 0.13426917058522483 0.0022523642417861646 0.069631348789745376
decision_type=2 2 10 10 2 2
left_child=5 4 -3 -4 -2 -1
right_child=1 2 3 -5 -6 -7
leaf_value=-0.0080155141619019637 -0.0048241183478355352 -0.0025063954077711829 0.0088621654011674916 -0.0017849522504922741 0.0029946233438806207 0.0014808079175199506
leaf_weight=1.4881886582588775 0.84828803117852636 0.22675706859445188 2.4028494266094649 0.23409268748946477 0.65953430923400447 0.20662994403392065
leaf_count=363 135 9 201 116 68 10
internal_value=0.000392717 0.00389692 0.00643919 0.00768608 -0.00157375 -0.00673787
internal_weight=6.06634 4.37152 2.8637 2.63694 1.50782 1.69482
internal_count=902 529 326 317 203 373
is_linear=0
shrinkage=0.02


Tree=897
num_leaves=7
num_cat=0
split_feature=28 33 33 22 15 55
split_gain=0.34681 0.33412 0.270841 0.24896 0.19531 0.136066
threshold=0.14153396847183222 -1.0000000180025095e-35 0.00095751037021978719 0.041498464099835757 0.062633350414234512 1.7342747111681647
decision_type=2 2 2 10 2 2
left_child=1 3 -3 -1 -2 -5
right_child=4 2 -4 5 -6 -7
leaf_value=-0.0067985002954697648 0.0078568057809373232 0.0068794409438889762 -0.0033410669851774641 0.0044304730658269332 -0.0028908400244732728 -0.0036492965387658351
leaf_weight=3.9072473711566991 1.7490268398541968 1.5957708975765847 0.95004878973122675 1.1007507243193684 0.32576215895824123 0.45744874305091787
leaf_count=284 323 45 141 68 20 38
internal_value=-2.39087e-05 -0.00200095 0.00319876 -0.00454311 0.00577796 0.00155917
internal_weight=10.0861 8.01127 2.54582 5.46545 2.07479 1.5582
internal_count=919 576 186 390 343 106
is_linear=0
shrinkage=0.02


Tree=898
num_leaves=7
num_cat=0
split_feature=48 41 43 43 15 57
split_gain=0.473424 0.356561 0.190353 0.119976 0.104199 0.0787512
threshold=0.022165185801993701 0.033932993915084732 -0.078822181369726671 -0.047070390027940119 0.038827151055179247 0.17677696078431376
decision_type=2 2 2 2 2 2
left_child=1 2 -1 -2 5 -4
right_child=3 -3 4 -5 -6 -7
leaf_value=0.0046597338847104734 0.0011124153066095494 0.0081900530675055854 0.0013650270702313381 -0.0076430200105792072 0.0022846447380362772 -0.0067532877797859547
leaf_weight=0.52520071645267341 0.50533049524528939 1.9910783306113442 0.22651399765163693 1.9051533901365472 0.28498857666272659 1.5266549090156329
leaf_count=32 74 225 5 451 34 98
internal_value=-0.000173101 0.00344785 -0.00150034 -0.00601955 -0.00409895 -0.00558956
internal_weight=6.96492 4.55444 2.56336 2.41048 2.03816 1.75317
internal_count=919 394 169 525 137 103
is_linear=0
shrinkage=0.02


Tree=899
num_leaves=7
num_cat=0
split_feature=43 28 21 21 28 48
split_gain=0.491561 0.292128 0.253694 0.107137 0.086323 0.0846345
threshold=-0.01284433322148811 0.098987863072906523 0.044090412021276428 -0.014127596694181446 -0.014787535095022194 0.0023129002013061255
decision_type=2 2 10 10 2 2
left_child=4 2 5 -3 -1 -2
right_child=1 3 -4 -5 -6 -7
leaf_value=0.0014157975988781351 -0.00097387417385317503 -0.0057804996121209222 -0.0033663004045028687 0.0025567964500123135 -0.0077157695722412803 0.0088648960801717518
leaf_weight=0.16551416413858522 0.1821005046367653 0.73823139548767358 0.37066968181170512 0.25597496284171928 1.5766677951323798 2.6634955119807273
leaf_count=9 7 200 12 7 465 219
internal_value=0.000236426 0.00381436 0.00633528 -0.00342822 -0.0066483 0.00814576
internal_weight=5.95265 4.21047 3.21627 0.994206 1.74218 2.8456
internal_count=919 445 238 207 474 226
is_linear=0
shrinkage=0.02


end of trees

feature_importances:
call_lift_max=489
pfr_pres_max=403
pfr_pres_min=283
hu_check_lift=275
squeeze_lift_max=275
vpip_pres_max=252
hu_strong_check_lift=251
wopen_pres_max=227
conf_rate=174
blk_call_lift_max=146
step_aside_lift_max=145
squeeze_lift_min=133
wvpip_pres_max=132
wopen_pres_min=121
vpip_pres_min=113
open_pres_max=112
raise_lift_max=106
payoff_lift_max=94
raise_rate_min=85
iso_opp_rate=83
step_aside_lift_min=77
iso_lift=75
call_lift_min=74
hands_max_frac=71
raise_rate_max=66
fold_lift_min=60
wvpip_pres_min=58
n_shared_frac=55
raise_lift_min=49
blk_call_lift_frac=44
both_contrib_rate=42
contested_rate=40
payoff_bb100_max=39
open_pres_min=38
net_bb100_max=38
loss_share_lr_max=35
call_rate_min=35
netflow_bb100=33
grossflow_bb100=32
blk_raise_lift_min=30
fold_ahead_lift_max=30
blk_netflow_max_bb100=27
pfr_min=24
sd_together_rate=22
vpip_max=22
hu_rate=21
tilt_vpip_max=21
vpip_min=19
af_max=19
call_rate_max=19
blk_fold_ahead_lift_max=18
hands_min_frac=18
nosd_flow_max_bb100=17
fold_strong_lift_max=17
fold_strong_lift_min=17
wtsd_max=17
bet_unopened_max=16
net_bb100_min=16
pfr_max=15
tilt_vpip_min=15
fold_lift_max=14
payoff_lift_min=14
adjacent_rate=13
style_dist=13
bet_unopened_min=13
flow_asym=12
loss_share_lr_min=10
fold_ahead_lift_min=9
fold_rate_max=7
af_min=6
wtsd_min=6
fold_rate_min=3

parameters:
[boosting: gbdt]
[objective: multiclass]
[metric: multi_logloss]
[tree_learner: serial]
[device_type: cpu]
[data_sample_strategy: bagging]
[data: ]
[valid: ]
[num_iterations: 300]
[learning_rate: 0.02]
[num_leaves: 7]
[num_threads: 10]
[seed: 0]
[deterministic: 0]
[force_col_wise: 0]
[force_row_wise: 0]
[histogram_pool_size: -1]
[max_depth: -1]
[min_data_in_leaf: 10]
[min_sum_hessian_in_leaf: 0.001]
[bagging_fraction: 0.8]
[pos_bagging_fraction: 1]
[neg_bagging_fraction: 1]
[bagging_freq: 1]
[bagging_seed: 7719]
[bagging_by_query: 0]
[feature_fraction: 0.6]
[feature_fraction_bynode: 1]
[feature_fraction_seed: 2437]
[extra_trees: 0]
[extra_seed: 11797]
[early_stopping_round: 0]
[early_stopping_min_delta: 0]
[first_metric_only: 0]
[max_delta_step: 0]
[lambda_l1: 0]
[lambda_l2: 1]
[linear_lambda: 0]
[min_gain_to_split: 0]
[drop_rate: 0.1]
[max_drop: 50]
[skip_drop: 0.5]
[xgboost_dart_mode: 0]
[uniform_drop: 0]
[drop_seed: 21238]
[top_rate: 0.2]
[other_rate: 0.1]
[min_data_per_group: 100]
[max_cat_threshold: 32]
[cat_l2: 10]
[cat_smooth: 10]
[max_cat_to_onehot: 4]
[top_k: 20]
[monotone_constraints: ]
[monotone_constraints_method: basic]
[monotone_penalty: 0]
[feature_contri: ]
[forcedsplits_filename: ]
[refit_decay_rate: 0.9]
[cegb_tradeoff: 1]
[cegb_penalty_split: 0]
[cegb_penalty_feature_lazy: ]
[cegb_penalty_feature_coupled: ]
[path_smooth: 0]
[interaction_constraints: ]
[verbosity: -1]
[saved_feature_importance_type: 0]
[use_quantized_grad: 0]
[num_grad_quant_bins: 4]
[quant_train_renew_leaf: 0]
[stochastic_rounding: 1]
[linear_tree: 0]
[max_bin: 255]
[max_bin_by_feature: ]
[min_data_in_bin: 3]
[bin_construct_sample_cnt: 200000]
[data_random_seed: 38]
[is_enable_sparse: 1]
[enable_bundle: 1]
[use_missing: 1]
[zero_as_missing: 0]
[feature_pre_filter: 1]
[pre_partition: 0]
[two_round: 0]
[header: 0]
[label_column: ]
[weight_column: ]
[group_column: ]
[ignore_column: ]
[categorical_feature: ]
[forcedbins_filename: ]
[precise_float_parser: 0]
[parser_config_file: ]
[objective_seed: 8855]
[num_class: 3]
[is_unbalance: 0]
[scale_pos_weight: 1]
[sigmoid: 1]
[boost_from_average: 1]
[reg_sqrt: 0]
[alpha: 0.9]
[fair_c: 1]
[poisson_max_delta_step: 0.7]
[tweedie_variance_power: 1.5]
[lambdarank_truncation_level: 30]
[lambdarank_norm: 1]
[label_gain: ]
[lambdarank_position_bias_regularization: 0]
[eval_at: ]
[multi_error_top_k: 1]
[auc_mu_weights: ]
[num_machines: 1]
[local_listen_port: 12400]
[time_out: 120]
[machine_list_filename: ]
[machines: ]
[gpu_platform_id: -1]
[gpu_device_id: -1]
[gpu_device_id_list: ]
[gpu_use_dp: 0]
[num_gpu: 1]

end of parameters

pandas_categorical:null
