tree
version=v4
num_class=3
num_tree_per_iteration=3
label_index=0
max_feature_idx=76
objective=multiclass num_class:3
feature_names=contested_rate both_contrib_rate conf_rate hu_rate sd_together_rate adjacent_rate netflow_bb100 grossflow_bb100 flow_asym nosd_flow_max_bb100 loss_share_lr_max loss_share_lr_min payoff_bb100_max payoff_bb100_min hu_check_lift hu_strong_check_lift iso_lift iso_opp_rate step_aside_lift_max step_aside_lift_min blk_call_lift_max blk_raise_lift_min blk_fold_ahead_lift_max blk_netflow_max_bb100 blk_call_lift_frac style_dist fold_lift_max fold_lift_min call_lift_max call_lift_min raise_lift_max raise_lift_min fold_ahead_lift_max fold_ahead_lift_min payoff_lift_max payoff_lift_min fold_strong_lift_max fold_strong_lift_min squeeze_lift_max squeeze_lift_min pre_fold_ahead_lift_max pre_fold_ahead_lift_min junk_call_lift_max junk_call_lift_min vpip_pres_max vpip_pres_min pfr_pres_max pfr_pres_min open_pres_max open_pres_min wopen_pres_max wopen_pres_min wvpip_pres_max wvpip_pres_min vpip_max vpip_min pfr_max pfr_min af_max af_min wtsd_max wtsd_min fold_rate_max fold_rate_min call_rate_max call_rate_min raise_rate_max raise_rate_min bet_unopened_max bet_unopened_min net_bb100_max net_bb100_min tilt_vpip_max tilt_vpip_min n_shared_frac hands_max_frac hands_min_frac
feature_infos=[0:0.52631578947368418] [0.0625:0.75] [0:1.4035087719298245] [0:0.63636363636363635] [0:0.26315789473684209] [0:1] [0:1743.9290032608696] [3.125:2135.8502728260869] [0:0.99757679347451811] [0:378.20512820512818] [-1.5666790723740924:3.6237047328385437] [-3.4638964142763609:2.1507476667297727] [0:1476.086956521739] [0:273.36956521739131] [-0.16980587912882006:0.39729048156214641] [-0.031500195798542255:0.48488429893501833] [-0.2092725871481444:0.1864663981353003] [0:0.5] [-0.24828460672678165:0.15164745936348273] [-0.35685621848023713:0.078768653434565739] [-0.06099122621413669:0.44462762598469141] [-0.099151410600179582:0.067146542287640901] [-0.033506123641355967:0.16762090812104372] [0:3465] [0:1] [0.045135487999212937:0.82085892885970158] [-0.25789355014945803:0.17724140967584257] [-0.46691662649341004:0.045922403368636733] [-0.092735235214709638:0.53106272086892792] [-0.16370638785473135:0.26310079156746036] [-0.063630272411386635:0.2355293910908606] [-0.13270297173721318:0.14526552384283803] [-0.043586223086425568:0.25297709226251469] [-0.084814671746435713:0.11527377087452469] [-0.079834490804650771:0.36334596629741561] [-0.15320003707556526:0.11135189657901812] [-0.034681119735461084:0.079786451964587307] [-0.067525150503251391:0.033925437539328598] [-0.053996729135881563:0.23943266590771742] [-0.089046209811566426:0.12458605129578122] [-0.033375656308784828:0.20083528746352458] [-0.062714671917013451:0.11898918368114375] [-0.0149199140804712:0.23189024156802163] [-0.034948400240132488:0.073410364331920566] [-0.035476864035087707:0.27364071464127931] [-0.18330673534190528:0.18120518125534321] [-0.12420323526422763:0.24326134089675755] [-0.14897282713232907:0.16118385352917172] [-0.085299837144308957:0.20203260123635719] [-0.10516703377386198:0.082585902940411127] [-0.020370846073382683:0.10751091457947497] [-0.034951049109846193:0.070328558801367874] [-0.017142362765535039:0.1256407879726206] [-0.05032779088050314:0.059984157784986093] [0.17863720073664824:0.78632478632478631] [0.14097744360902256:0.59587628865979381] [0.093846153846153843:0.3361884368308351] [0.062330623306233061:0.29166666666666669] [1.2083333333333333:23.5] [0.61538461538461542:5] [0.15714285714285714:0.48571428571428571] [0.083333333333333329:0.44444444444444442] [0.44106463878326996:0.84499999999999997] [0.33233532934131738:0.79505300353356889] [0.11235955056179775:0.58291457286432158] [0.068825910931174086:0.46979865771812079] [0.055045871559633031:0.22754491017964071] [0.025862068965517241:0.16299559471365638] [0.26806526806526809:0.81818181818181823] [0.21333333333333335:0.671875] [-210.55363321799311:506.27240143369175] [-813.36805555555554:218.81533101045295] [-0.27551020408163263:0.8107416879795396] [-0.40000000000000002:0.33625474729769206] [0.002:0.122] [0.11:0.4375] [0.056500000000000002:0.30199999999999999]
tree_sizes=871 863 864 887 891 889 882 884 890 887 888 889 889 889 894 884 890 893 886 890 887 891 884 886 892 893 892 892 896 891 890 889 887 890 890 894 887 884 889 893 886 892 894 888 887 885 879 890 883 895 895 892 895 892 889 889 890 885 886 887 890 887 892 889 895 891 886 889 891 886 896 889 885 891 891 886 892 889 885 888 895 894 893 889 886 895 891 888 891 891 888 892 886 895 890 890 886 891 891 887 893 898 887 897 895 894 898 891 892 897 886 885 892 889 896 894 890 893 891 888 893 888 888 890 896 887 890 891 893 890 890 897 891 893 894 896 887 891 891 890 890 885 888 891 894 895 893 893 894 894 889 895 884 882 896 892 890 896 888 881 888 899 888 889 889 896 888 884 888 889 898 895 895 891 898 893 892 888 891 895 896 897 892 891 895 892 891 891 890 891 893 892 891 898 895 893 894 893 893 897 894 893 897 893 901 892 893 888 891 889 894 898 891 896 900 888 891 890 894 892 893 894 890 898 898 894 893 891 892 897 887 897 895 897 890 894 893 890 888 891 895 891 892 899 890 893 893 891 886 891 905 895 893 896 890 892 891 894 890 896 891 896 901 895 889 893 892 887 895 897 895 895 888 895 896 893 895 891 886 900 894 893 891 901 892 889 898 894 894 897 891 894 895 899 901 896 894 888 890 899 889 901 897 891 892 895 890 887 898 890 898 898 896 900 902 892 898 894 896 891 895 891 897 896 895 900 897 895 896 895 898 896 894 893 900 894 899 893 893 896 900 900 894 895 898 895 905 896 882 902 896 895 898 901 895 897 894 896 903 892 901 898 896 888 898 895 895 902 895 892 894 901 893 903 897 904 904 904 895 898 900 897 898 898 897 898 895 896 900 895 902 900 895 896 903 900 895 897 897 901 894 896 899 900 891 900 894 899 899 898 900 900 894 893 899 901 900 899 908 896 905 901 904 900 904 897 891 902 895 903 900 901 900 902 897 896 908 903 901 902 895 904 903 894 895 902 900 898 897 895 895 896 902 899 897 902 903 906 901 899 900 898 900 906 902 901 905 897 897 900 903 901 900 902 899 903 895 896 902 899 907 898 902 902 905 897 901 902 903 900 904 906 897 902 905 889 898 899 896 905 904 901 907 899 901 903 899 904 898 904 908 905 903 909 903 906 897 898 902 903 906 904 904 906 907 899 902 904 908 907 908 896 909 903 900 909 900 901 901 902 905 910 906 903 897 908 905 909 909 904 910 900 898 903 899 894 901 903 900 908 902 904 906 908 905 910 902 907 903 901 906 901 906 901 904 903 904 907 905 900 902 895 901 909 903 904 904 900 901 895 908 907 905 905 907 911 904 908 917 905 911 911 906 904 905 910 898 909 905 901 905 910 909 904 905 906 908 906 902 913 905 902 911 910 901 905 900 909 912 900 904 907 901 900 906 905 904 905 907 908 904 908 902 910 911 909 903 904 905 913 906 903 908 903 912 907 909 906 912 907 911 910 911 909 909 907 903 903 902 905 911 906 908 916 909 910 906 906 911 906 909 908 909 904 904 912 908 911 904 905 911 910 907 911 907 908 910 913 907 906 907 913 917 913 907 907 905 901 911 908 910 905 909 908 906 917 910 912 910 906 911 916 906 910 914 916 894 910 903 905 915 915 907 913 907 904 913 908 911 912 908 914 916 907 908 912 911 911 917 913 909 910 914 901 913 904 896 915 904 909 913 910 910 921 916 911 922 914 911 910 917 907 914 916 914 920 904 908 910 911 912 911 908 909 914 914 908 912 906 913 918 907 906 910 920 915 911 916 912 914 912 904 908 913 906 915 911 909 906 915 911 915 919 910 916 910 909 918 911 913 907 913 908 913 915 910 914 915 903 915 916 913 914 913 908 918 910 909 917 912 906 916 914 908 912 918 901 927 920 907 918 912 917 917 915 904 917 913 904 920 914 911 913 915 913 922 912 904 917 915 914 919 918 902 912 915 913 918 916 911 911 915 912 919 922 918 916 909 907 916 920 919 918 910 916 915 913 911 920 909

Tree=0
num_leaves=7
num_cat=0
split_feature=28 42 42 38 14 38
split_gain=419.452 63.0883 17.0644 18.9009 6.77307 10.3815
threshold=0.14153396847183222 0.016002451650432133 0.066252171373528443 0.064181334306981905 -0.032089760370056487 0.060501921201270674
decision_type=2 2 2 2 2 2
left_child=2 -2 4 -4 5 -1
right_child=1 -3 3 -5 -6 -7
leaf_value=-0.90794911705670811 -0.93482824777268814 -0.88846623518091561 -0.893133350419692 -0.9405438036581435 -0.94214879483378255 -0.94123351037619629
leaf_weight=5.7495665550231916 12.577176839113234 111.39785200357437 5.7495665550231916 5.7495665550231934 179.31460693478584 7.5463061034679413
leaf_count=16 35 310 16 16 499 21
internal_value=-0.922121 -0.893237 -0.939719 -0.916451 -0.941128 -0.926886
internal_weight=328.085 123.975 204.11 11.4991 192.61 13.2959
internal_count=913 345 568 32 536 37
is_linear=0
shrinkage=1


Tree=1
num_leaves=7
num_cat=0
split_feature=46 2 42 42 47 17
split_gain=412.914 59.666 37.4597 10.8921 20.0928 7.6369
threshold=0.020474291534204814 0.25098425196850399 0.037041827492552533 -4.5677344652944168e-05 -0.007419507890758458 0.083067940552016994
decision_type=2 2 2 2 2 2
left_child=2 -2 5 4 -3 -1
right_child=1 3 -4 -5 -6 -7
leaf_value=-1.0292884368696842 -1.0106199486715981 -1.0084302239962197 -1.0508111515970147 -1.0565346916170579 -1.0525433802662374 -0.99955736311400289
leaf_weight=4.1207077503204337 12.018730938434599 4.807492375373843 5.8376693129539481 180.62435638904572 13.392300188541411 92.715924382209778
leaf_count=12 35 14 17 526 39 270
internal_value=-1.03641 -1.05241 -1.0037 -1.05505 -1.04006 -1.00074
internal_weight=313.517 210.843 102.674 198.824 18.1998 96.8366
internal_count=913 614 299 579 53 282
is_linear=0
shrinkage=1


Tree=2
num_leaves=7
num_cat=0
split_feature=39 28 28 47 47 47
split_gain=421.903 41.9144 41.4045 16.0394 7.4704 6.26694
threshold=-0.002354647826760137 0.07978439301188657 -0.0035864892966065705 -0.026051124785198772 -0.0067819834226483236 0.075458774100824966
decision_type=2 2 2 2 2 2
left_child=2 3 4 -2 -1 -4
right_child=1 -3 5 -5 -6 -7
leaf_value=-1.3943265340557087 -1.3943265340557087 -1.4052420414846216 -1.4131931842159038 -1.344164541251206 -1.3530527484358861 -1.3877630145757884
leaf_weight=2.7922302484512329 2.792230248451232 5.0260144472122184 182.05341219902039 54.448489844799042 4.4675683975219718 3.3506762981414786
leaf_count=10 10 18 652 195 16 12
internal_value=-1.39615 -1.35132 -1.4108 -1.34652 -1.36667 -1.41269
internal_weight=254.931 62.2667 192.664 57.2407 7.2598 185.404
internal_count=913 223 690 205 26 664
is_linear=0
shrinkage=1


Tree=3
num_leaves=7
num_cat=0
split_feature=28 14 44 28 71 40
split_gain=388.012 53.9364 11.3637 14.4018 6.80436 4.91862
threshold=0.14042933558932616 0.054005108208707749 0.077017442196986835 0.086908624704955598 28.65654702794723 -0.0067995571484187681
decision_type=2 2 2 2 2 2
left_child=2 -2 3 4 5 -1
right_child=1 -3 -4 -5 -6 -7
leaf_value=0.0046483548365403764 0.03172987641043809 -0.014749728398302339 -0.020240349681086896 0.016425667859396705 0.0050696755943721583 -0.018879048785133138
leaf_weight=3.5792569816112509 112.82013145089149 10.372790306806563 146.04444706439972 6.829307109117507 6.4511201381683341 32.85434764623642
leaf_count=10 311 29 409 19 18 92
internal_value=5.01532e-05 0.0277291 -0.0174209 -0.00890238 -0.0132182 -0.0165053
internal_weight=318.951 123.193 195.758 49.714 42.8847 36.4336
internal_count=888 340 548 139 120 102
is_linear=0
shrinkage=0.02


Tree=4
num_leaves=7
num_cat=0
split_feature=42 47 15 18 50 17
split_gain=387.875 62.8303 34.2152 15.2358 5.94375 3.48058
threshold=0.0024842732973173087 -0.01284433322148811 0.070516206618957314 -0.025238417963182266 -0.0025388921767142644 0.085006021678040958
decision_type=2 2 2 2 2 2
left_child=1 5 4 -3 -2 -1
right_child=2 3 -4 -5 -6 -7
leaf_value=0.010639689050480275 0.0009475656221855992 0.02409771055259852 0.022673643537256469 -0.018975604651243077 -0.019998945283124032 0.035145339831945094
leaf_weight=3.4659062325954428 5.4984088540077201 3.464213192462922 7.2784815132617942 11.96670430898666 176.30840691924095 96.869470685720444
leaf_count=10 16 10 21 35 518 278
internal_value=-1.11891e-05 0.0286786 -0.0176348 -0.00842763 -0.0193637 0.0344122
internal_weight=304.852 115.766 189.085 15.4309 181.807 100.335
internal_count=888 333 555 45 534 288
is_linear=0
shrinkage=0.02


Tree=5
num_leaves=7
num_cat=0
split_feature=38 40 28 28 24 39
split_gain=374.119 46.0553 41.601 13.2724 10.0758 6.56725
threshold=0.047234573437959435 0.045948685896307545 0.11501683436997946 -0.014787535095022194 1.0000000180025095e-35 0.0032830575259637927
decision_type=2 2 2 2 8 2
left_child=1 3 -2 -1 -3 -5
right_child=2 4 -4 5 -6 -7
leaf_value=0.020567872260064114 0.048884959824820343 0.041648077840464676 -0.011039185278752327 -0.017287695615107849 -0.0024669160582703664 0.0049827764415669483
leaf_weight=3.1103204488754264 53.377997815608978 6.0129928588867161 4.7039725780487052 172.84442329406738 2.7868626713752755 5.0547728240489951
leaf_count=11 185 21 17 626 10 18
internal_value=-5.0723e-05 -0.0136677 0.0439271 -0.0158819 0.028851 -0.0166306
internal_weight=247.891 189.809 58.082 181.01 8.79986 177.899
internal_count=888 686 202 655 31 644
is_linear=0
shrinkage=0.02


Tree=6
num_leaves=7
num_cat=0
split_feature=20 15 42 38 34 24
split_gain=319.593 41.2591 33.9812 24.042 18.8374 13.121
threshold=0.14386751222922736 0.062633350414234512 0.066252171373528443 0.064181334306981905 0.081529350696360983 0.36666666666666675
decision_type=10 2 2 2 2 8
left_child=2 -2 4 -4 -1 -6
right_child=1 -3 3 -5 5 -7
leaf_value=-0.018117891289829071 0.031291563421409846 -0.018773221829279717 0.029353338469483448 -0.018421011523909004 -0.0089774260079944664 0.026989521266128469
leaf_weight=179.94097200036049 101.34045240283012 6.3967512547969809 10.93276569247246 5.6797555685043326 9.9869784414768183 5.4716054201126108
leaf_count=507 277 18 30 16 28 15
internal_value=0.000275955 0.0281737 -0.0139664 0.012901 -0.0163047 0.00461952
internal_weight=319.749 107.737 212.012 16.6125 195.4 15.4586
internal_count=891 295 596 46 550 43
is_linear=0
shrinkage=0.02


Tree=7
num_leaves=7
num_cat=0
split_feature=46 15 42 2 1 53
split_gain=362.704 50.8406 41.94 13.0607 6.7203 3.20618
threshold=0.020474291534204814 0.062633350414234512 0.037041827492552533 0.27361853832442073 0.30053763440860221 -0.00013212393133831397
decision_type=2 2 2 2 2 2
left_child=2 3 -1 4 -2 -3
right_child=1 5 -4 -5 -6 -7
leaf_value=0.033273175660984249 -0.011992550433590937 0.031264520285412885 -0.013498446556457376 -0.019600691095404715 0.021076808928097008 0.0061733121005395492
leaf_weight=96.626515507698059 3.7508066892623892 7.3874442577362061 7.7945945560932151 182.18975901603699 4.2184474468231201 3.4629199504852277
leaf_count=274 11 21 23 540 12 10
internal_value=-0.000385799 -0.0160777 0.0296869 -0.0185062 0.00591063 0.0244533
internal_weight=305.43 201.009 104.421 190.159 7.96925 10.8504
internal_count=891 594 297 563 23 31
is_linear=0
shrinkage=0.02


Tree=8
num_leaves=7
num_cat=0
split_feature=38 41 40 20 39 40
split_gain=364.246 47.2016 32.2234 15.1311 6.98458 3.53929
threshold=0.048701672062630548 0.0064147967711978412 0.010061858577998512 0.090598990044758007 0.0099488365467738944 0.043353796405461879
decision_type=2 2 2 10 2 2
left_child=1 4 -2 -3 5 -1
right_child=2 3 -4 -5 -6 -7
leaf_value=-0.017299300675521517 -0.0030602413755843861 0.036872976257430121 0.046581053298933556 -0.012846752112427922 0.010702385186942243 0.0010448913136619721
leaf_weight=168.84683164954185 5.6313615143299094 8.4245542585849744 55.656986206769943 2.7354306280612937 3.1237771213054648 4.2005296647548667
leaf_count=619 20 29 187 10 11 15
internal_value=0.000119015 -0.0137478 0.042044 0.0246319 -0.0163044 -0.0168506
internal_weight=248.619 187.331 61.2883 11.16 176.171 173.047
internal_count=891 684 207 39 645 634
is_linear=0
shrinkage=0.02


Tree=9
num_leaves=7
num_cat=0
split_feature=28 14 14 28 47 10
split_gain=352.481 50.2367 13.6485 16.3443 5.78599 2.96286
threshold=0.14042933558932616 0.054005108208707749 -0.015798797077553214 0.085837477833543452 -0.0072916734886824949 2.016916535284297
decision_type=2 2 2 2 2 2
left_child=2 -2 3 4 -1 -4
right_child=1 -3 5 -5 -6 -7
leaf_value=0.00360279658390842 0.029854648024530219 -0.015823134131293031 -0.019005506798517445 0.017515194530458095 -0.020012692527266923 -0.0011064091318505834
leaf_weight=5.346974223852162 116.35261228680611 9.8801524341106397 165.26037585735321 9.0486896336078626 14.104491293430328 3.9138554632663718
leaf_count=15 316 28 469 25 40 11
internal_value=0.000192835 0.0261832 -0.0164526 -0.0035054 -0.0136623 -0.0186003
internal_weight=323.907 126.233 197.674 28.5002 19.4515 169.174
internal_count=904 344 560 80 55 480
is_linear=0
shrinkage=0.02


Tree=10
num_leaves=7
num_cat=0
split_feature=46 42 15 44 2 15
split_gain=359.079 46.0027 38.6377 11.7931 10.1915 2.25898
threshold=0.027517227988483679 0.040041947337738359 0.085978486056971712 0.039237907562878906 0.25098425196850399 0.046317409646437054
decision_type=2 2 2 2 2 2
left_child=1 3 4 -1 -2 -6
right_child=2 -3 -4 -5 5 -7
leaf_value=0.0050269698709773337 0.0077037159469206251 -0.014136661019594238 0.029574943607524957 0.033394445996192269 -0.01961462071254904 -0.0024347833997833308
leaf_weight=6.6538575589656821 5.2549680471420279 9.0469709336757642 6.0484366714954367 95.657651394605637 183.06458732485771 3.4224345684051505
leaf_count=19 15 27 17 268 548 10
internal_value=-0.00077449 0.0278063 -0.0169248 0.0316161 -0.0185374 -0.019314
internal_weight=309.149 111.358 197.79 102.312 191.742 186.487
internal_count=904 314 590 287 573 558
is_linear=0
shrinkage=0.02


Tree=11
num_leaves=7
num_cat=0
split_feature=38 41 40 24 39 38
split_gain=363.918 43.4718 30.0125 21.9307 5.95077 3.45324
threshold=0.047234573437959435 0.0021252109994881756 0.010061858577998512 0.29166666666666669 0.0099488365467738944 0.064181334306981905
decision_type=2 2 2 10 2 2
left_child=1 4 5 -3 -1 -2
right_child=2 3 -4 -5 -6 -7
leaf_value=-0.016968586124998981 -0.013546979802980459 0.037494423703973663 0.044586697882452973 -0.014180362088486703 0.0070537747101142023 0.012491339581081815
leaf_weight=168.67548075318336 3.3146245777606955 8.6377015709876996 60.627352565526962 4.3287736475467673 3.7164897024631491 2.8692107796669006
leaf_count=626 12 29 198 16 13 10
internal_value=0.000701324 -0.0137374 0.0403715 0.020463 -0.016413 -0.00140851
internal_weight=252.17 185.358 66.8112 12.9665 172.392 6.18384
internal_count=904 684 220 45 639 22
is_linear=0
shrinkage=0.02


Tree=12
num_leaves=7
num_cat=0
split_feature=28 15 14 47 7 44
split_gain=330.303 51.9716 14.7409 9.36562 7.46387 5.41838
threshold=0.14042933558932616 0.062633350414234512 -0.04128658979800013 0.0070598129145452377 152.04026591722024 0.07407757091967207
decision_type=2 2 2 2 2 2
left_child=2 4 3 -1 -2 -4
right_child=1 -3 5 -5 -6 -7
leaf_value=0.023174676871425506 0.00023750116147135434 -0.019182871683119999 -0.010997954483605956 -0.011729827318783427 0.029699754206723387 -0.01989073871760183
leaf_weight=5.1169575750827772 3.5653973221778861 9.1213509738445264 39.424606770277023 5.2922704219818115 110.75521850585938 141.52007567882538
leaf_count=14 10 26 112 15 299 405
internal_value=-0.000270542 0.0251204 -0.0166956 0.00595582 0.0287909 -0.0180243
internal_weight=314.796 123.442 191.354 10.4092 114.321 180.945
internal_count=881 335 546 29 309 517
is_linear=0
shrinkage=0.02


Tree=13
num_leaves=7
num_cat=0
split_feature=46 15 42 44 42 18
split_gain=347.464 38.0843 28.8477 14.6457 7.72809 13.4051
threshold=0.025583398293637389 0.062633350414234512 0.037041827492552533 0.039237907562878906 1.0000000180025095e-35 -0.00340431624988291
decision_type=2 2 2 2 2 2
left_child=2 4 3 -1 5 -2
right_child=1 -3 -4 -5 -6 -7
leaf_value=0.00279218431205206 0.018150450148756644 0.020457412113930738 -0.010136788796326613 0.032418894784161843 -0.019703767781593929 -0.017026128796898944
leaf_weight=7.3554116189479819 5.6138563752174404 9.938908785581587 7.0257408320903769 100.62757802009583 158.87342607975006 11.749043077230452
leaf_count=21 16 28 21 279 481 35
internal_value=0.000705792 -0.0161525 0.0278999 0.030445 -0.0183209 -0.00528361
internal_weight=301.184 186.175 115.009 107.983 176.236 17.3629
internal_count=881 560 321 300 532 51
is_linear=0
shrinkage=0.02


Tree=14
num_leaves=7
num_cat=0
split_feature=38 41 40 39 38 40
split_gain=309.408 41.482 32.9858 11.5457 9.19756 4.60896
threshold=0.047234573437959435 0.014955044185246957 0.010061858577998512 0.0015903194808773726 -1.0000000180025095e-35 0.013933859437387322
decision_type=2 2 2 2 2 2
left_child=1 3 -2 -1 -3 -5
right_child=2 4 -4 5 -6 -7
leaf_value=-0.016753217619072672 -0.0063866482741601087 -0.0025647745047650268 0.042486334431552655 -0.0076775801399365838 0.03961026730934649 0.023393353694846093
leaf_weight=168.12305533885956 5.8496571481227866 2.7995744049549103 55.895789831876755 2.7686738073825827 5.8355730772018415 3.2698363959789276
leaf_count=632 21 10 178 10 19 11
internal_value=-0.000520655 -0.0136095 0.0378282 -0.0157706 0.0270898 0.0100805
internal_weight=244.542 182.797 61.7454 174.162 8.63515 6.03851
internal_count=881 682 199 653 29 21
is_linear=0
shrinkage=0.02


Tree=15
num_leaves=7
num_cat=0
split_feature=28 14 44 29 74 31
split_gain=332.05 43.6 13.2108 12.8716 6.88228 5.58836
threshold=0.14042933558932616 0.054005108208707749 0.067744661625936078 0.010039552372915999 0.019416666666666669 -0.035257721440182001
decision_type=2 2 2 2 2 2
left_child=2 -2 3 4 -1 -6
right_child=1 -3 -4 -5 5 -7
leaf_value=0.0089215785854551977 0.028357192092628207 -0.013819808829810477 -0.019047236124558914 0.016794288262664686 0.0046367156988713762 -0.019294548501848308
leaf_weight=4.9486315846443203 117.14585319161415 10.10440883040428 156.41085737943649 7.2104916274547568 4.2913894057273891 21.958443731069565
leaf_count=14 315 29 451 20 12 63
internal_value=-8.94404e-05 0.0249265 -0.0164729 -0.00577223 -0.0113473 -0.0153556
internal_weight=322.07 127.25 194.82 38.409 31.1985 26.2498
internal_count=904 344 560 109 89 75
is_linear=0
shrinkage=0.02


Tree=16
num_leaves=7
num_cat=0
split_feature=46 44 52 20 46 28
split_gain=328.143 32.4795 20.8645 16.1796 13.0835 9.2884
threshold=0.028797711331442395 0.050543461277774378 0.010511483390169553 0.086130680991322442 -0.0052076279289635227 0.21208617081746878
decision_type=2 2 2 10 2 2
left_child=1 4 3 -2 -1 -3
right_child=2 5 -4 -5 -6 -7
leaf_value=0.017450162878974423 0.025048136101533048 0.030697729958419871 -0.018199353479312955 -0.0122662432355897 -0.018005415917986843 -0.0022858980731438479
leaf_weight=6.7072277069091788 7.5276092290878323 105.00598374009132 168.28882119059563 9.2962727844715101 8.0649846494197828 3.3907341361045829
leaf_count=19 21 289 513 28 24 10
internal_value=0.000716942 0.0258952 -0.0160851 0.00489815 -0.00182133 0.0296545
internal_weight=308.282 123.169 185.113 16.8239 14.7722 108.397
internal_count=904 342 562 49 43 299
is_linear=0
shrinkage=0.02


Tree=17
num_leaves=7
num_cat=0
split_feature=39 40 47 30 40 51
split_gain=290.8 41.6833 19.3873 11.4559 6.51134 15.2365
threshold=1.0000000180025095e-35 0.045187630759657621 -0.0054815010343320916 0.012944827728433065 0.020335502331026826 0.0036954758109173798
decision_type=2 2 2 2 2 2
left_child=1 4 -2 -3 -1 -6
right_child=2 3 -4 -5 5 -7
leaf_value=-0.016992831915022398 0.0032422572623517845 -0.0080155587169689155 0.040572025241162504 0.035109132063118886 -0.013082412816156462 0.023665335506967391
leaf_weight=151.77386569976807 6.3844808936119071 2.9699392318725568 54.757180392742157 7.8419276475906372 21.616259872913364 4.677471011877059
leaf_count=578 22 11 171 25 81 16
internal_value=-0.000768228 -0.0130555 0.0367889 0.0235874 -0.0153996 -0.0059177
internal_weight=250.021 188.879 61.1417 10.8119 178.068 26.2937
internal_count=904 711 193 36 675 97
is_linear=0
shrinkage=0.02


Tree=18
num_leaves=7
num_cat=0
split_feature=20 14 42 51 44 23
split_gain=295.134 47.4327 29.0937 15.0937 9.14987 11.1496
threshold=0.12611655672732905 0.056778597250631647 0.066252171373528443 0.0058123729556790659 0.039237907562878906 351.04166666666674
decision_type=10 2 2 2 2 10
left_child=2 -2 4 -4 5 -1
right_child=1 -3 3 -5 -6 -7
leaf_value=-0.012026410928363616 0.027825100811368155 -0.016945375195106332 0.025517651838918576 -0.016754196166139084 -0.018277700188362941 0.024864375238015254
leaf_weight=10.114406317472456 116.4290683567524 9.6422419250011426 9.5934403836727125 4.1396707892417899 167.0118755698204 3.6493495404720298
leaf_count=29 312 28 26 12 485 10
internal_value=0.000567242 0.0242945 -0.0148573 0.012503 -0.0169931 -0.00122349
internal_weight=320.58 126.071 194.509 13.7331 180.776 13.7638
internal_count=902 340 562 38 524 39
is_linear=0
shrinkage=0.02


Tree=19
num_leaves=7
num_cat=0
split_feature=46 44 2 46 27 46
split_gain=321.359 36.6165 31.6738 10.2964 5.94422 3.92516
threshold=0.025583398293637389 0.046196865117441095 0.25317269076305227 -0.011731221736226738 -0.16130372238092031 0.038971205791997275
decision_type=2 2 2 2 2 2
left_child=1 3 -2 -1 -3 -4
right_child=2 4 5 -5 -6 -7
leaf_value=0.018924076122450999 0.019524710138275905 0.0038796848475343231 -0.0065011877241299455 -0.016300335124089488 0.030454573722761457 -0.018920718155171067
leaf_weight=3.9280961751937857 8.6196612417697889 3.8060202300548545 12.266594231128691 9.3697690367698652 101.53587076067924 166.61651921272278
leaf_count=11 24 11 37 28 277 514
internal_value=-1.3972e-05 0.0256233 -0.0162854 -0.00529947 0.0295399 -0.0181099
internal_weight=306.143 118.64 187.503 13.2979 105.342 178.883
internal_count=902 327 575 39 288 551
is_linear=0
shrinkage=0.02


Tree=20
num_leaves=7
num_cat=0
split_feature=31 28 41 46 28 28
split_gain=254.38 41.154 33.9763 15.1186 14.7789 5.89479
threshold=-0.0056780029255238873 0.085837477833543452 0.004995613885987499 0.011494510567914189 0.069106359073981952 0.01558136130393316
decision_type=2 2 2 2 2 2
left_child=2 3 5 -2 -4 -1
right_child=1 -3 4 -5 -6 -7
leaf_value=-0.0013619226768365334 -0.0071139839619918299 -0.0091766866322930928 0.03519214130838013 0.039274841236737357 -0.0098810442022556292 -0.016545077349959844
leaf_weight=11.137235403060911 2.6541962027549735 8.342534661293028 7.0538250207900983 58.340735524892807 3.991248607635498 157.0272654145956
leaf_count=41 10 31 22 178 15 605
internal_value=-0.000713782 0.031546 -0.0133011 0.037174 0.0194364 -0.0155535
internal_weight=248.547 69.3375 179.21 60.9949 11.0451 168.165
internal_count=902 219 683 188 37 646
is_linear=0
shrinkage=0.02


Tree=21
num_leaves=7
num_cat=0
split_feature=28 42 42 31 74 41
split_gain=299.883 44.9075 18.1233 15.3288 7.04085 5.67044
threshold=0.14042933558932616 0.016002451650432133 0.066252171373528443 -0.0056780029255238873 0.017250000000000005 -0.0075436088632711163
decision_type=2 2 2 2 2 2
left_child=2 -2 4 -4 5 -1
right_child=1 -3 3 -5 -6 -7
leaf_value=0.014731731665139905 -0.01195794403138444 0.027640493511977348 0.026113452091980537 -0.01716525541249243 -0.018484203405147934 -0.011259735039555107
leaf_weight=3.9390371143817893 12.137740314006804 116.38095876574516 6.6618437767028809 4.8136125504970533 161.51743006706238 9.6264784634113294
leaf_count=11 35 311 18 14 473 28
internal_value=0.000432668 0.0238372 -0.0157317 0.00803859 -0.0173265 -0.0032193
internal_weight=315.077 128.519 186.558 11.4755 175.083 13.5655
internal_count=890 346 544 32 512 39
is_linear=0
shrinkage=0.02


Tree=22
num_leaves=7
num_cat=0
split_feature=46 15 17 2 56 2
split_gain=301.867 39.621 24.0957 10.304 8.17321 5.01237
threshold=0.024773473894264725 0.062633350414234512 0.10432213930348259 0.25789823744595947 0.18988052908547862 0.45738498789346255
decision_type=2 2 2 2 2 2
left_child=2 3 4 -2 -1 -4
right_child=1 -3 5 -5 -6 -7
leaf_value=0.019120728545671813 0.0088802925487891093 0.021172123247020481 0.029288028232588911 -0.018972985927554208 -0.011881968204322409 0.0054736035060234675
leaf_weight=4.3274392485618582 4.9327557086944571 10.067565143108366 98.033120512962341 170.75561434030533 8.4119549095630628 4.200509548187255
leaf_count=12 14 28 266 533 25 12
internal_value=-0.000174746 -0.0159123 0.0251695 -0.0181451 -0.000725507 0.0283721
internal_weight=300.729 185.756 114.973 175.688 12.7394 102.234
internal_count=890 575 315 547 37 278
is_linear=0
shrinkage=0.02


Tree=23
num_leaves=7
num_cat=0
split_feature=41 28 47 28 21 65
split_gain=223.955 48.7852 42.9256 29.875 5.20073 3.68762
threshold=1.0000000180025095e-35 0.01640268108632326 -0.01284433322148811 0.12162145305831326 -0.005073611367286456 0.1122546524475785
decision_type=2 2 2 2 10 2
left_child=1 2 -1 -2 5 -3
right_child=3 4 -4 -5 -6 -7
leaf_value=-0.015622041166760565 0.037570785394700983 0.0035903582581453099 0.035929952776544156 -0.013962727882655344 0.007082884885972719 -0.016091202195490158
leaf_weight=10.346886694431307 53.945082008838654 3.5647327005863181 14.428622484207152 4.3987210392951956 3.6013773977756491 154.30520132184029
leaf_count=40 163 13 44 17 12 601
internal_value=-0.000342156 -0.0110708 0.0146297 0.0335157 -0.01508 -0.015627
internal_weight=244.591 186.247 24.7755 58.3438 161.471 157.87
internal_count=890 710 84 180 626 614
is_linear=0
shrinkage=0.02


Tree=24
num_leaves=7
num_cat=0
split_feature=20 14 14 39 44 20
split_gain=276.701 43.6038 23.4809 11.774 7.36979 7.38256
threshold=0.12994143736141547 0.02229818588943178 -0.036578905016491491 -1.0000000180025095e-35 0.063677384158751321 0.076810438400462797
decision_type=10 2 2 2 2 10
left_child=2 -2 3 -1 5 -4
right_child=1 -3 4 -5 -6 -7
leaf_value=0.021107693802699452 0.026964910555338627 -0.010414959127374125 -0.012632621454231175 -0.013994398241039142 -0.018712281768226521 0.010323506427797542
leaf_weight=9.5953765213489515 109.80979064106941 13.538369894027708 23.694681972265247 5.1242949664592734 157.44961208105087 6.4252682924270621
leaf_count=26 293 39 69 15 466 18
internal_value=-0.000691164 0.0228114 -0.0150639 0.00877487 -0.0169712 -0.00756119
internal_weight=325.637 123.348 202.289 14.7197 187.57 30.12
internal_count=926 332 594 41 553 87
is_linear=0
shrinkage=0.02


Tree=25
num_leaves=7
num_cat=0
split_feature=48 15 14 52 27 50
split_gain=235.505 66.5335 42.3963 19.0876 10.0444 9.79749
threshold=0.012578157068933895 0.042779240836650752 -0.010697654837773072 0.029868761740269215 -0.080104251485070208 0.00073760173597908123
decision_type=2 2 2 2 2 2
left_child=2 5 4 -3 -1 -2
right_child=1 3 -4 -5 -6 -7
leaf_value=-0.017582406941619708 -0.00099820751846945127 0.027124335314769658 0.027885433420937616 -0.013688605608179543 0.013339877514252871 -0.01845649843952861
leaf_weight=10.520665168762209 14.127266049385069 18.764816373586658 101.00609600543976 5.2873681187629691 5.7198796570301047 156.76414525508881
leaf_count=33 42 51 274 16 16 494
internal_value=0.000813352 -0.0126405 0.0231006 0.0179642 -0.0065496 -0.0170275
internal_weight=312.19 194.944 117.247 24.0522 16.2405 170.891
internal_count=926 603 323 67 49 536
is_linear=0
shrinkage=0.02


Tree=26
num_leaves=7
num_cat=0
split_feature=39 41 29 18 38 50
split_gain=281.438 42.1849 16.8943 13.3611 9.99084 3.08828
threshold=1.0000000180025095e-35 0.010411457911625236 0.01355534738435653 -0.021853836869208328 0.069631348789745376 0.0079147402953547753
decision_type=2 2 2 2 2 2
left_child=1 4 5 -3 -1 -2
right_child=2 3 -4 -5 -6 -7
leaf_value=-0.016403118355406032 0.0137045438714886 -0.012688254130888648 -9.9076440616570476e-05 0.034120481571540066 0.013350883358332885 0.037590954426622733
leaf_weight=168.14791938662529 3.7997249960899344 2.6782042384147635 5.4831614494323722 8.6134656071662885 3.9287367165088645 61.070635557174683
leaf_count=666 12 10 19 26 13 180
internal_value=-0.000113748 -0.0131661 0.0336133 0.0228892 -0.0156506 0.0364211
internal_weight=253.722 183.368 70.3535 11.2917 172.077 64.8704
internal_count=926 715 211 36 679 192
is_linear=0
shrinkage=0.02


Tree=27
num_leaves=7
num_cat=0
split_feature=42 38 34 29 1 50
split_gain=226.241 66.9287 16.8314 8.08971 7.29121 9.26838
threshold=0.048169184565967881 0.060501921201270674 0.082511848922950395 0.010039552372915999 0.26782343545810955 -4.4016648341798014e-05
decision_type=2 2 2 2 2 2
left_child=2 -2 4 -4 5 -1
right_child=1 -3 3 -5 -6 -7
leaf_value=0.020785440873354023 0.025674608110739891 -0.015310503815598593 -0.013681155349861061 0.015982016756367647 -0.017531935412187696 -0.014729257314953684
leaf_weight=4.0178314447402954 109.58954599499702 17.939107149839401 4.756739914417266 9.4632028937339765 158.91368201375008 6.0959799289703351
leaf_count=11 293 53 14 26 473 18
internal_value=-0.000532359 0.0198351 -0.0147375 0.00581239 -0.0164904 -1.9856e-05
internal_weight=310.776 127.529 183.247 14.2199 169.027 10.1138
internal_count=888 346 542 40 502 29
is_linear=0
shrinkage=0.02


Tree=28
num_leaves=7
num_cat=0
split_feature=46 42 42 18 47 16
split_gain=276.509 34.1198 29.9747 26.0782 8.97533 2.75248
threshold=0.027517227988483679 0.037041827492552533 1.0000000180025095e-35 -0.015110818462147622 -0.010313951986804777 -0.0035845017193519564
decision_type=2 2 2 2 2 2
left_child=1 4 3 -2 -1 -5
right_child=2 -3 -4 5 -6 -7
leaf_value=0.028028561278964331 0.026061331395748732 -0.01207226834309243 -0.018731325334697173 0.0020480979856400327 -0.0036098310417261147 -0.017865809933545258
leaf_weight=104.85062125325203 11.273929357528688 9.1841311752796155 154.57994365692139 3.3917104005813608 3.4902254045009604 10.675518959760662
leaf_count=282 31 28 494 10 10 33
internal_value=0.000113068 0.0238573 -0.0154429 0.00456612 0.0269856 -0.0132472
internal_weight=297.446 117.525 179.921 25.3412 108.341 14.0672
internal_count=888 320 568 74 292 43
is_linear=0
shrinkage=0.02


Tree=29
num_leaves=7
num_cat=0
split_feature=39 40 40 28 24 41
split_gain=261.93 37.3433 14.2691 13.4324 9.53464 2.99647
threshold=1.0000000180025095e-35 0.043353796405461879 0.010061858577998512 -0.011830540826103171 0.29166666666666669 0.011109307119058569
decision_type=2 2 2 2 8 2
left_child=1 3 -2 -1 -3 -5
right_child=2 4 -4 5 -6 -7
leaf_value=0.019155149010966738 -0.0027206404641427298 0.031126623538760802 0.035357938578418895 -0.016407575968617982 -0.0079632693076975413 0.00048999671251592704
leaf_weight=3.6741532385349265 4.038783222436904 8.4166321456432307 65.291553735733032 154.53663523495197 2.9217185974121103 4.255523368716239
leaf_count=12 14 26 190 620 11 15
internal_value=0.000541636 -0.012574 0.0331326 -0.0150482 0.0212247 -0.0159545
internal_weight=243.135 173.805 69.3303 162.466 11.3384 158.792
internal_count=888 684 204 647 37 635
is_linear=0
shrinkage=0.02


Tree=30
num_leaves=7
num_cat=0
split_feature=20 34 15 38 44 73
split_gain=235.864 23.2995 22.5863 11.5739 8.82853 7.8885
threshold=0.14242954647295167 0.081529350696360983 0.057101826566892798 0.064181334306981905 0.063677384158751321 0.055607159686976139
decision_type=10 2 2 2 2 2
left_child=1 4 -2 -3 5 -1
right_child=2 3 -4 -5 -6 -7
leaf_value=-0.0093297320848414831 0.025710028504033491 0.017593756744778397 -0.012273948455773936 -0.014431870190248768 -0.017375987597303612 0.018367889960755494
leaf_weight=24.656928360462192 102.63127514719963 13.160434484481813 6.0954991877079001 5.7429847717285147 147.24204790592194 3.9434884786605826
leaf_count=72 274 36 18 17 443 11
internal_value=1.53439e-05 -0.0131426 0.0234881 0.0076279 -0.0154059 -0.00501921
internal_weight=303.473 194.746 108.727 18.9034 175.842 28.6004
internal_count=871 579 292 53 526 83
is_linear=0
shrinkage=0.02


Tree=31
num_leaves=7
num_cat=0
split_feature=46 42 42 18 0 63
split_gain=273.549 31.4507 23.3556 22.7733 8.17604 0.553565
threshold=0.027517227988483679 0.040608489532331198 0.0024842732973173087 -0.015110818462147622 0.11077027948193593 0.68652600506716388
decision_type=2 2 2 2 2 2
left_child=1 4 3 -2 -1 -5
right_child=2 -3 -4 5 -6 -7
leaf_value=0.0002068762267712289 0.02320056528356541 -0.014675709302504194 -0.018695203658484361 -0.017652819488018133 0.027645453182947591 -0.0055672851942817096
leaf_weight=4.5504726171493521 10.609124958515169 7.3543286919593802 152.70816031098366 9.0863199234008771 102.25718760490417 3.222735494375228
leaf_count=13 29 23 494 28 274 10
internal_value=-0.000249989 0.023733 -0.0158857 0.00283371 0.0264892 -0.0151447
internal_weight=289.788 114.162 175.626 22.9182 106.808 12.3091
internal_count=871 310 561 67 287 38
is_linear=0
shrinkage=0.02


Tree=32
num_leaves=7
num_cat=0
split_feature=38 28 40 28 39 52
split_gain=243.49 40.4762 20.5673 6.89092 4.15035 3.72008
threshold=0.038991839640575052 0.11000076801528812 0.045948685896307545 -0.0035864892966065705 0.0032830575259637927 0.014562304870421454
decision_type=2 2 2 2 2 2
left_child=2 5 3 -1 -5 -2
right_child=1 -3 -4 4 -6 -7
leaf_value=0.0090133712121838443 0.0093690317990322396 -0.01482698648502034 0.018469722512132209 -0.016298526834000421 0.002365861599655648 0.03554997953516216
leaf_weight=4.0376370102167121 3.1255795061588278 6.8091221153736106 6.878165751695632 146.48672534525394 4.6799868047237387 64.952778071165085
leaf_count=14 10 27 22 596 16 186
internal_value=0.000285844 0.0298796 -0.0134868 -0.0150122 -0.0157089 0.034501
internal_weight=236.97 74.8875 162.083 155.204 151.167 68.0784
internal_count=871 223 648 626 612 196
is_linear=0
shrinkage=0.02


Tree=33
num_leaves=7
num_cat=0
split_feature=28 15 14 28 48 44
split_gain=253.245 42.5233 9.46211 10.8891 5.04228 3.93578
threshold=0.14042933558932616 0.062633350414234512 -0.016508688831079085 0.062516793501303639 0.027237465667659101 0.037531013108545043
decision_type=2 2 2 2 2 2
left_child=2 -2 3 -1 -5 -4
right_child=1 -3 5 4 -6 -7
leaf_value=-0.014175543651211988 0.024964019340154735 -0.018028551124958551 -0.004590471720393707 -0.0022294694974841992 0.024412030987639284 -0.018138996891953314
leaf_weight=15.37661784887314 115.05179274082184 9.2919449806213361 9.9717001616954786 5.2636735439300519 4.8090892136096954 142.95517516136169
leaf_count=46 308 28 29 15 13 435
internal_value=-0.000178776 0.0216331 -0.0154194 -0.0039434 0.0115461 -0.0172911
internal_weight=302.72 124.344 178.376 25.4494 10.0728 152.927
internal_count=874 336 538 74 28 464
is_linear=0
shrinkage=0.02


Tree=34
num_leaves=7
num_cat=0
split_feature=46 2 42 42 40 19
split_gain=254.516 31.3635 31.0538 6.59298 11.0891 4.08328
threshold=0.027517227988483679 0.25098425196850399 0.037041827492552533 1.0000000180025095e-35 -0.0024124589552375203 -0.041732216276800509
decision_type=2 2 2 2 2 2
left_child=2 -2 5 4 -3 -1
right_child=1 3 -4 -5 -6 -7
leaf_value=0.026884397399098991 0.01765716416166422 0.017869585500646535 -0.011627024924102428 -0.018525175898684951 -0.01587062368858673 0.0067870621549064496
leaf_weight=102.07516205310822 10.204014509916304 5.0032676756381997 8.9835671782493574 147.97834885120392 10.231363862752911 5.037609100341796
leaf_count=273 28 14 28 485 32 14
internal_value=0.000216927 -0.015096 0.0230239 -0.0172387 -0.00437169 0.0260107
internal_weight=289.513 173.417 116.096 163.213 15.2346 107.113
internal_count=874 559 315 531 46 287
is_linear=0
shrinkage=0.02


Tree=35
num_leaves=7
num_cat=0
split_feature=31 20 19 47 20 52
split_gain=196.795 26.9008 22.9733 17.1494 11.3054 9.3117
threshold=-0.0056780029255238873 0.073907668954902486 -0.059629549157030885 -0.007419507890758458 0.092358464888138564 0.012726885583254561
decision_type=2 10 2 2 10 2
left_child=2 5 -1 -4 -5 -2
right_child=1 -3 3 4 -6 -7
leaf_value=-0.015148203197719555 -0.0027409163721639979 -0.0032967288070519019 -0.013570909175079195 0.029954007681532981 -0.0089886272632665118 0.033766327728418144
leaf_weight=140.81732042133808 2.7792063504457465 9.7265378236770612 9.6118751764297503 10.097186475992201 3.549042120575904 59.349276095628738
leaf_count=578 10 36 38 30 14 168
internal_value=-3.6814e-05 0.0273427 -0.0121204 0.00608056 0.0199038 0.0321157
internal_weight=235.93 71.855 164.075 23.2581 13.6462 62.1285
internal_count=874 214 660 82 44 178
is_linear=0
shrinkage=0.02


Tree=36
num_leaves=7
num_cat=0
split_feature=28 46 45 28 74 30
split_gain=253.793 25.1121 9.18783 7.59199 6.64902 4.07574
threshold=0.14042933558932616 1.0000000180025095e-35 -0.033587238977053326 0.031415309313742389 0.015250000000000001 0.064910227194220016
decision_type=2 2 2 2 2 2
left_child=2 -2 3 -1 5 -4
right_child=1 -3 4 -5 -6 -7
leaf_value=-0.01610993421883565 -0.0081986644349041019 0.024467638153858051 0.0078188352346772218 0.01491013127479043 -0.016859242407758514 -0.015610694699768904
leaf_weight=4.2871818244457227 9.7605842053890211 116.72248432040215 7.2558401226997358 6.870849609375 163.00291159749031 3.6402874886989594
leaf_count=13 29 313 21 19 499 11
internal_value=0.000164766 0.0219023 -0.0147303 0.00264675 -0.015854 -0.000662994
internal_weight=311.54 126.483 185.057 11.158 173.899 10.8961
internal_count=905 342 563 32 531 32
is_linear=0
shrinkage=0.02


Tree=37
num_leaves=7
num_cat=0
split_feature=2 50 0 47 14 2
split_gain=209.809 39.1196 35.2581 19.8492 14.0755 6.57512
threshold=0.32373653686826848 0.00073760173597908123 0.11272900561262313 -0.012645043171722698 0.11900274664657073 0.21231060606060609
decision_type=2 2 2 2 2 2
left_child=2 3 5 -2 -3 -1
right_child=1 4 -4 -5 -6 -7
leaf_value=0.011825589964236284 0.021101147817782287 -0.017395295100871556 0.025978177169291135 -0.014752075941587282 0.018656455209646622 -0.017319852771634035
leaf_weight=3.6340293288230887 17.866551101207737 158.46491199731827 96.60905909538269 8.3356284201145154 3.6722556650638571 9.1410070657730085
leaf_count=10 49 521 259 27 10 29
internal_value=-3.85664e-05 -0.012815 0.0218769 0.00957225 -0.0164694 -0.00877244
internal_weight=297.723 188.339 109.384 26.2022 162.137 12.775
internal_count=905 607 298 76 531 39
is_linear=0
shrinkage=0.02


Tree=38
num_leaves=7
num_cat=0
split_feature=38 41 28 28 66 28
split_gain=226.621 36.5662 21.1931 17.5513 4.85773 2.50296
threshold=0.047234573437959435 0.0021252109994881756 0.11000076801528812 0.076286760212673582 0.19190055536919007 -0.0067340594566934605
decision_type=2 2 2 2 2 2
left_child=1 4 -2 -3 5 -1
right_child=2 3 -4 -5 -6 -7
leaf_value=0.0017546424792555717 0.032634991376076526 0.03147410461031646 -0.010478136027492868 -0.011294057868058245 0.0092586828687500917 -0.016178942017994601
leaf_weight=2.9879537224769583 66.02599710226059 9.679218113422392 4.4406924545764914 5.3406874835491172 2.5398644208908072 151.95428915321827
leaf_count=11 185 28 17 21 9 634
internal_value=-0.000163855 -0.0125091 0.0298095 0.0165111 -0.0153637 -0.0158241
internal_weight=242.969 172.502 70.4667 15.0199 157.482 154.942
internal_count=905 703 202 49 654 645
is_linear=0
shrinkage=0.02


Tree=39
num_leaves=7
num_cat=0
split_feature=28 42 42 39 74 75
split_gain=237.144 41.9027 16.8975 16.3131 6.05886 5.02856
threshold=0.14042933558932616 0.017670582448213533 0.066252171373528443 -0.0033239944954707857 0.018750000000000003 0.34325000000000011
decision_type=2 2 2 2 2 2
left_child=2 -2 4 -4 -1 -6
right_child=1 -3 3 -5 5 -7
leaf_value=-0.0043243858776953296 -0.013031541483807377 0.024516225310710477 0.024872364282150214 -0.016762824969432502 -0.018167468563662862 0.0012947752449394881
leaf_weight=16.194331556558609 12.626875251531599 114.68161654472351 7.4633508026599884 5.8578246831893903 150.52653446793556 5.3700376749038687
leaf_count=48 38 308 20 18 467 16
internal_value=-0.000206924 0.0207196 -0.0146096 0.00667173 -0.016286 -0.0174931
internal_weight=312.721 127.308 185.412 13.3212 172.091 155.897
internal_count=915 346 569 38 531 483
is_linear=0
shrinkage=0.02


Tree=40
num_leaves=7
num_cat=0
split_feature=2 48 17 44 50 23
split_gain=200.382 42.922 37.1384 9.24643 7.60702 7.5177
threshold=0.33454987834549882 0.0042679431035871429 0.08951465201465203 0.050543461277774378 0.00073760173597908123 146.82357857142861
decision_type=2 2 2 2 2 8
left_child=2 3 -1 -2 5 -3
right_child=1 4 -4 -5 -6 -7
leaf_value=-0.0073592340312052598 -0.010402990327642057 0.011447074619532673 0.025370950010239902 0.017669532733214446 -0.01782712192203734 -0.016179557219258494
leaf_weight=15.660827457904814 5.3657802045345333 7.1093481779098484 98.420952469110489 19.414678335189819 146.55511897802353 6.6840984523296365
leaf_count=48 17 20 264 54 490 22
internal_value=0.000107617 -0.0127196 0.0208529 0.0114232 -0.0164983 -0.00212912
internal_weight=299.211 185.129 114.082 24.7805 160.349 13.7934
internal_count=915 603 312 71 532 42
is_linear=0
shrinkage=0.02


Tree=41
num_leaves=7
num_cat=0
split_feature=39 40 40 28 28 28
split_gain=224.188 25.2798 23.4632 6.04969 5.63152 4.19911
threshold=-0.0074109369742668399 0.0086757286053503555 0.045187630759657621 -0.0079201708901896258 0.031415309313742389 0.074991808911418267
decision_type=2 2 2 2 2 2
left_child=2 -2 3 -1 -4 -3
right_child=1 5 4 -5 -6 -7
leaf_value=0.010266547597213148 -0.00646850049142617 0.031669869738748073 0.029391361148399017 -0.01574093056840006 -0.0014931183787155822 0.0054572143507552948
leaf_weight=3.0187975019216529 7.7767380326986304 70.45322048664093 4.9155097007751447 151.68513774871826 3.7769760340452194 3.0096488595008841
leaf_count=10 30 196 14 641 14 10
internal_value=0.000132752 0.0270919 -0.0133544 -0.0151708 0.0172022 0.0306837
internal_weight=244.636 81.2396 163.396 154.704 8.69249 73.4629
internal_count=915 236 679 651 28 206
is_linear=0
shrinkage=0.02


Tree=42
num_leaves=7
num_cat=0
split_feature=28 42 44 28 42 42
split_gain=220.39 33.8234 14.1793 13.2028 17.3781 4.39807
threshold=0.14042933558932616 -9.1113012273090388e-05 0.07407757091967207 0.017234676038807618 0.013201836162079865 0.082878638474992813
decision_type=2 2 2 2 2 2
left_child=2 -2 3 -1 -5 -4
right_child=1 -3 5 4 -6 -7
leaf_value=-0.015152473420282808 -0.014219257153394576 0.023928541341439971 -0.017935298486119647 -0.012762576086195292 0.020711667077114294 0.0031844208473750663
leaf_weight=21.701070219278336 9.5008281767368299 109.78342920541763 131.71052679419518 10.207236289978029 13.055953919887541 3.7783686816692343
leaf_count=67 29 296 414 31 36 11
internal_value=-0.000197192 0.0207972 -0.0141131 -0.00426175 0.00610344 -0.0173273
internal_weight=299.737 119.284 180.453 44.9643 23.2632 135.489
internal_count=884 325 559 134 67 425
is_linear=0
shrinkage=0.02


Tree=43
num_leaves=7
num_cat=0
split_feature=42 50 46 18 44 19
split_gain=231.264 31.2947 26.5633 9.4624 8.76799 7.02589
threshold=0.0024842732973173087 0.0182607842710228 0.0077363840537427739 -0.025238417963182266 0.07518465528369199 -0.032438381348426519
decision_type=2 2 2 2 2 2
left_child=1 5 4 -3 -2 -1
right_child=2 3 -4 -5 -6 -7
leaf_value=0.025065463041417459 -0.01112549681923084 0.017693493429241806 -0.017850185935382953 -0.016121497602662821 0.02381614737756374 -0.00031317530569020688
leaf_weight=105.92689830064774 3.5361751914024335 3.6889813244342813 151.13302916288376 10.718484759330746 7.8555119633674622 4.5234700143337241
leaf_count=284 11 10 511 34 21 13
internal_value=6.00642e-05 0.0204396 -0.0156256 -0.00687686 0.0129471 0.0240326
internal_weight=287.383 124.858 162.525 14.4075 11.3917 110.45
internal_count=884 341 543 44 32 297
is_linear=0
shrinkage=0.02


Tree=44
num_leaves=7
num_cat=0
split_feature=38 39 20 40 40 40
split_gain=208.957 22.9685 18.8468 8.44143 7.7807 6.08919
threshold=0.042737372579688238 1.0000000180025095e-35 0.14894089020665208 0.010947436055001388 0.045948685896307545 0.0080733225841550984
decision_type=2 2 10 2 2 2
left_child=1 4 5 -3 -1 -2
right_child=2 3 -4 -5 -6 -7
leaf_value=-0.01549807249545033 0.0012634842872291732 -0.012483865365773639 -0.013114252317269023 0.025045741023995465 0.0092391275817135226 0.031113646476433138
leaf_weight=145.45492662489414 2.9364614039659491 2.6156083792448026 3.7753882855176917 7.6304590106010437 4.6452231407165518 67.980221390724182
leaf_count=623 10 10 16 22 16 187
internal_value=0.000177859 -0.0126845 0.027593 0.015207 -0.0146764 0.0299124
internal_weight=235.038 160.346 74.6921 10.2461 150.1 70.9167
internal_count=884 671 213 32 639 197
is_linear=0
shrinkage=0.02


Tree=45
num_leaves=7
num_cat=0
split_feature=28 15 14 38 42 7
split_gain=247.791 24.1341 10.9928 12.0968 4.85843 4.16809
threshold=0.14153396847183222 0.071895657282472644 -0.025957329147263699 0.060501921201270674 0.029101279320606896 580.6271498362122
decision_type=2 2 2 2 2 2
left_child=2 -2 3 4 -1 -4
right_child=1 -3 5 -5 -6 -7
leaf_value=-0.0029162809573428056 0.023279446669286157 -0.016452479275171013 -0.016854950236897478 -0.017351942736982384 0.022413405212722084 0.0035323184226964035
leaf_weight=4.6756263673305529 123.94585001468658 5.7491600811481467 158.3548718392849 8.6437939405441266 6.6395926177501678 3.7910673320293418
leaf_count=14 336 18 501 27 18 11
internal_value=0.000370761 0.0214058 -0.0146455 -0.000604084 0.0125599 -0.0163596
internal_weight=311.8 129.695 182.105 19.959 11.3152 162.146
internal_count=925 354 571 59 32 512
is_linear=0
shrinkage=0.02


Tree=46
num_leaves=7
num_cat=0
split_feature=2 0 48 14 20 2
split_gain=180.745 41.8787 38.2242 17.5694 7.70723 6.7266
threshold=0.33715295966474595 0.11272900561262313 0.0042679431035871429 0.017937086023635297 0.15244409597521272 0.21231060606060609
decision_type=2 2 2 2 8 2
left_child=1 5 3 -2 -3 -1
right_child=2 4 -4 -5 -6 -7
leaf_value=0.011160060827350863 -0.010433176842023956 0.025085837161726122 -0.016314571092171881 0.022841993741730793 -0.002513896854680306 -0.01734522053620632
leaf_weight=3.6543034613132468 9.653477758169176 95.937735944986343 156.57233500480652 15.249405384063719 4.0424772202968589 12.173824042081831
leaf_count=10 31 257 534 41 12 40
internal_value=-0.000228569 0.0191984 -0.0126631 0.0100382 0.0239561 -0.010492
internal_weight=297.284 115.808 181.475 24.9029 99.9802 15.8281
internal_count=925 319 606 72 269 50
is_linear=0
shrinkage=0.02


Tree=47
num_leaves=7
num_cat=0
split_feature=38 41 24 27 52 19
split_gain=203.479 32.1755 13.9466 8.66268 4.13785 3.68415
threshold=0.047234573437959435 0.0021252109994881756 0.29166666666666669 -0.16130372238092031 0.016482642338393406 -0.038260868114073025
decision_type=2 2 8 2 2 2
left_child=1 5 -3 -2 -5 -1
right_child=3 2 -4 4 -6 -7
leaf_value=-0.015802597939338955 -0.0018901065990839234 0.026512429439384717 -0.013457921298682535 0.010625632182968001 0.030329215347286411 -0.0025736089432447655
leaf_weight=144.79876288771629 3.7527144849300376 10.681766510009762 4.254524603486062 6.0603135973215094 64.214886367321014 9.3927247971296293
leaf_count=632 14 31 18 19 175 36
internal_value=-0.000195758 -0.0122952 0.014997 0.0272426 0.028803 -0.0150185
internal_weight=243.156 169.128 14.9363 74.0279 70.2752 154.191
internal_count=925 717 49 208 194 668
is_linear=0
shrinkage=0.02


Tree=48
num_leaves=7
num_cat=0
split_feature=20 14 6 45 44 23
split_gain=189.279 46.507 12.2741 7.3381 5.01721 6.31179
threshold=0.11350661083040998 0.027731579531057305 266.1233678528709 0.049092499594787238 0.037531013108545043 159.23611111111114
decision_type=10 2 2 2 2 10
left_child=2 -2 4 -4 5 -1
right_child=1 -3 3 -5 -6 -7
leaf_value=-0.011969578665451331 0.022979469090420729 -0.012468699049927659 0.018217594472603366 -0.014800775648418979 -0.015930243131067161 0.015027704249955341
leaf_weight=9.1697090268135053 111.65216284990311 16.398817509412766 6.8402380347251874 3.2052309513092041 150.02901354432106 4.2787683308124533
leaf_count=28 304 51 19 10 479 12
internal_value=1.3245e-05 0.0183784 -0.0135669 0.00729617 -0.0148855 -0.00293452
internal_weight=301.574 128.051 173.523 10.0455 163.477 13.4485
internal_count=903 355 548 29 519 40
is_linear=0
shrinkage=0.02


Tree=49
num_leaves=7
num_cat=0
split_feature=42 51 14 30 17 16
split_gain=221.217 29.3212 23.0865 14.9528 9.86516 4.09887
threshold=0.0024842732973173087 0.0022523642417861646 0.073335401401556685 0.042227339589625705 0.08951465201465203 -0.00037385340491416502
decision_type=2 2 2 2 2 2
left_child=1 4 -2 -4 5 -1
right_child=2 -3 3 -5 -6 -7
leaf_value=0.013995465695911383 -0.017576273073005463 -0.012403437194168214 0.023358282027625823 -0.015590689207991424 0.024354894041295056 -0.012111282995325217
leaf_weight=3.7081488072872162 149.32689461112022 9.6818113923072797 8.9735814630985242 5.6375540494918814 107.29124861955643 3.9216589331626883
leaf_count=10 519 31 24 19 288 12
internal_value=-5.14271e-06 0.0199933 -0.0152342 0.00829419 0.0228061 0.000728305
internal_weight=288.541 124.603 163.938 14.6111 114.921 7.62981
internal_count=903 341 562 43 310 22
is_linear=0
shrinkage=0.02


Tree=50
num_leaves=7
num_cat=0
split_feature=31 40 40 28 41 31
split_gain=176.347 29.6319 20.9743 11.9387 9.43527 6.40907
threshold=-0.0091796901111818301 0.0080733225841550984 0.045187630759657621 0.14373778746385865 0.004995613885987499 -0.020306786654861474
decision_type=2 2 2 2 2 2
left_child=2 -2 4 -3 -1 -6
right_child=1 3 -4 -5 5 -7
leaf_value=-0.015842330154540691 -0.0085643869257361286 0.028808335014608107 0.016987561522432779 -0.012043860638990475 -0.0098900047855928416 0.023262567174370332
leaf_weight=136.45097802579403 10.017401710152624 71.952499061822891 8.0855916589498502 2.4593115895986548 4.0008142590522766 3.4931387305259696
leaf_count=604 40 197 26 10 16 10
internal_value=-1.06064e-05 0.0230087 -0.0128611 0.0273164 -0.0146434 0.00648271
internal_weight=236.46 84.4292 152.031 74.4118 143.945 7.49395
internal_count=903 247 656 207 630 26
is_linear=0
shrinkage=0.02


Tree=51
num_leaves=7
num_cat=0
split_feature=28 14 14 38 74 20
split_gain=198.602 23.8446 13.3649 14.9745 4.41311 3.60328
threshold=0.14373778746385865 0.051529110768046137 -0.024657253961934047 0.060501921201270674 0.015750000000000004 0.048043442660119305
decision_type=2 2 2 2 2 8
left_child=2 -2 3 5 -4 -1
right_child=1 -3 4 -5 -6 -7
leaf_value=-0.0021783641963703301 0.022474345643499101 -0.011512271873854944 -0.0025878708209917806 -0.01713689315159048 -0.016451657114416329 0.021350264265122664
leaf_weight=3.3053390979766863 106.66848373413086 8.3444051444530469 10.223545730113981 9.0818774402141553 148.38074079155922 8.8390246927738172
leaf_count=10 292 26 31 29 480 24
internal_value=-0.000495151 0.0199306 -0.0135967 0.00125595 -0.0155798 0.0152679
internal_weight=294.843 115.013 179.831 21.2262 158.604 12.1444
internal_count=892 318 574 63 511 34
is_linear=0
shrinkage=0.02


Tree=52
num_leaves=7
num_cat=0
split_feature=46 42 42 18 17 39
split_gain=214.004 21.1686 21.0452 17.2882 5.50722 1.92471
threshold=0.027517227988483679 1.0000000180025095e-35 0.037041827492552533 -0.0080890525202684232 0.083067940552016994 -0.0020364194990037036
decision_type=2 2 2 2 2 2
left_child=2 3 4 -2 -1 -6
right_child=1 -3 -4 -5 5 -7
leaf_value=0.0023561538810403172 0.019593137596548321 -0.01763514405772949 -0.010393938837245912 -0.014275285355021115 0.024235739861431412 0.007565370509965569
leaf_weight=5.3314245641231528 11.389009922742845 143.70198929309845 7.7277501821517935 10.775879949331282 99.407438844442368 4.0047041177749625
leaf_count=15 31 508 25 35 267 11
internal_value=-0.000288319 -0.0148454 0.0203923 0.00322192 0.0226549 0.0236688
internal_weight=282.338 165.867 116.471 22.1649 108.744 103.412
internal_count=892 574 318 66 293 278
is_linear=0
shrinkage=0.02


Tree=53
num_leaves=7
num_cat=0
split_feature=38 40 28 39 20 28
split_gain=191.247 30.5082 18.8462 9.23409 6.7115 4.26576
threshold=0.047234573437959435 0.045948685896307545 0.11501683436997946 0.0032830575259637927 0.087527082063021414 -0.0035864892966065705
decision_type=2 2 2 2 10 2
left_child=1 3 -2 5 -5 -1
right_child=2 -3 -4 4 -6 -7
leaf_value=0.0068958411190051449 0.028252003260975857 0.021926001874136094 -0.013376844386327896 0.021674401887865905 -0.012968612682334221 -0.015903332412152624
leaf_weight=2.8400832265615454 75.446365177631378 9.0905180573463422 4.0478017330169669 4.111764430999755 3.0949692279100418 135.41631174087524
leaf_count=10 205 27 17 12 12 609
internal_value=0.000970777 -0.0119834 0.0259924 -0.0142377 0.00702939 -0.0153888
internal_weight=234.048 154.554 79.4942 145.463 7.20673 138.256
internal_count=892 670 222 643 24 619
is_linear=0
shrinkage=0.02


Tree=54
num_leaves=7
num_cat=0
split_feature=20 42 42 31 6 34
split_gain=181.754 46.0388 15.0658 11.2979 6.77488 3.91335
threshold=0.11350661083040998 0.018252771262230901 0.066252171373528443 -0.0011616789573294093 266.1233678528709 0.088632681753080159
decision_type=10 2 2 2 2 2
left_child=2 -2 4 -4 5 -1
right_child=1 -3 3 -5 -6 -7
leaf_value=-0.016595882446004483 -0.013706644830213832 0.022128584099257158 0.022593054098394481 -0.015242622000486102 0.0043471619022537756 0.00077353646347664629
leaf_weight=143.65335446596146 15.653578907251356 116.46459209918976 7.0512256026268005 4.3107142150402051 6.4629842936992636 5.2912507057189933
leaf_count=470 50 321 19 14 19 16
internal_value=0.000362376 0.0178117 -0.0134851 0.0081664 -0.0151101 -0.0159778
internal_weight=298.888 132.118 166.77 11.3619 155.408 148.945
internal_count=909 371 538 33 505 486
is_linear=0
shrinkage=0.02


Tree=55
num_leaves=7
num_cat=0
split_feature=2 15 14 2 50 50
split_gain=166.023 38.8386 25.1298 14.3642 11.0423 10.4346
threshold=0.33715295966474595 0.040300263115127022 0.0028654182433391216 0.2440442427680091 -8.800730663140645e-05 0.022277819963684633
decision_type=2 2 2 2 2 2
left_child=2 4 3 -1 -2 -3
right_child=1 5 -4 -5 -6 -7
leaf_value=0.016203857088550926 0.0012705860628797422 0.021213884351425398 0.02320296496393396 -0.014584679507847663 -0.017542257441903495 -0.014100998729056836
leaf_weight=10.237585037946703 13.550998091697691 15.052424460649492 90.263737738132477 12.159666925668715 139.79268008470535 3.4769263863563529
leaf_count=28 42 41 244 41 501 12
internal_value=-0.000231762 -0.0125753 0.0185442 -0.000420447 -0.0158823 0.0142045
internal_weight=284.534 171.873 112.661 22.3973 153.344 18.5294
internal_count=909 596 313 69 543 53
is_linear=0
shrinkage=0.02


Tree=56
num_leaves=7
num_cat=0
split_feature=39 41 47 28 28 47
split_gain=178.341 26.2717 15.1363 8.78548 7.5441 10.2861
threshold=-0.002354647826760137 0.010411457911625236 -0.0054815010343320916 0.055728626006045397 0.01558136130393316 -0.01284433322148811
decision_type=2 2 2 2 2 2
left_child=1 4 -2 -3 5 -1
right_child=2 3 -4 -5 -6 -7
leaf_value=-0.013902120505222338 -0.0047958538522154068 0.026578061359968173 0.027373965694536373 -0.008856336551853956 -0.015821901090099327 0.024591206616305362
leaf_weight=5.6361716985702515 6.0777230858802787 7.9137286841869336 69.96221649646759 3.4881028383970261 136.3826287984848 3.7854483127593976
leaf_count=25 22 22 190 14 625 11
internal_value=-0.000181417 -0.0123325 0.0247738 0.0158978 -0.0146333 0.00243946
internal_weight=233.246 157.206 76.0399 11.4018 145.804 9.42162
internal_count=909 697 212 36 661 36
is_linear=0
shrinkage=0.02


Tree=57
num_leaves=7
num_cat=0
split_feature=14 34 39 1 31 14
split_gain=162.746 23.7098 19.794 7.35696 8.98862 3.7386
threshold=-0.028077456079759793 0.08771664099051607 0.013887485804710614 0.28228076506676297 -0.0066430384624463898 0.056778597250631647
decision_type=2 2 2 2 2 2
left_child=2 3 -1 4 -2 -3
right_child=1 5 -4 -5 -6 -7
leaf_value=0.021249537592892335 0.014451549361863786 0.016516618355709511 -0.010656981503443321 -0.015434317294140432 -0.016250401855562861 -0.0061020023976005927
leaf_weight=101.86758932471275 7.139808177947998 11.722993314266203 7.8219131529331198 149.56158316135406 6.1780256330966932 3.22025442123413
leaf_count=283 20 33 25 493 20 10
internal_value=-0.000161399 -0.0119584 0.0188986 -0.014174 6.89377e-05 0.0115653
internal_weight=287.512 177.823 109.69 162.879 13.3178 14.9432
internal_count=884 576 308 533 40 43
is_linear=0
shrinkage=0.02


Tree=58
num_leaves=7
num_cat=0
split_feature=42 18 46 46 28 4
split_gain=189.52 26.1299 25.7343 13.0673 9.47242 3.84388
threshold=0.0024842732973173087 -0.005092113659051766 0.0099345188642554916 0.0099345188642554916 0.14153396847183222 0.026201372997711674
decision_type=2 2 2 2 2 2
left_child=1 -1 4 -3 -2 -5
right_child=2 3 -4 5 -6 -7
leaf_value=0.023135974487126957 0.020043344064646626 0.01853620684659563 -0.017178861005061101 -0.017436020277795873 -0.014499808422467403 0.0029894116636941448
leaf_weight=99.246610254049301 10.31574836373329 8.5070687830448168 138.58630499243736 10.328447371721266 3.5913559496402732 5.0774400532245627
leaf_count=269 28 23 503 34 12 15
internal_value=0.000283644 0.0186548 -0.0145785 -0.00012564 0.0107487 -0.0109324
internal_weight=275.653 123.16 152.493 23.913 13.9071 15.4059
internal_count=884 341 543 72 40 49
is_linear=0
shrinkage=0.02


Tree=59
num_leaves=7
num_cat=0
split_feature=40 31 28 31 41 52
split_gain=150.744 40.5015 11.2405 10.7538 7.45195 7.40548
threshold=0.020335502331026826 -0.027124083205897914 0.11719042661160242 0.012172953639390327 0.014955044185246957 0.016246059091051698
decision_type=2 2 2 2 2 2
left_child=3 4 -3 -1 -2 -5
right_child=1 2 -4 5 -6 -7
leaf_value=-0.015741791463505433 -0.012222208155656921 0.026572691655072835 -0.012029109435346616 -0.013404570174350313 0.018207228138182961 0.02122868613826456
leaf_weight=120.74241359531879 16.421301439404491 74.320787787437439 2.6000490933656684 3.375776529312132 3.0214385241270056 4.8755719512701035
leaf_count=560 73 204 11 13 9 14
internal_value=-0.000140951 0.018677 0.0251303 -0.0142343 -0.00683409 0.00714223
internal_weight=225.357 96.3636 76.9208 128.994 19.4427 8.25135
internal_count=884 297 215 587 82 27
is_linear=0
shrinkage=0.02


Tree=60
num_leaves=7
num_cat=0
split_feature=28 42 42 39 74 42
split_gain=185.379 26.9038 12.0736 11.8103 6.85961 4.6022
threshold=0.14042933558932616 0.016002451650432133 0.066252171373528443 -0.0033239944954707857 0.018750000000000003 -1.0000000180025095e-35
decision_type=2 2 2 2 2 2
left_child=2 -2 4 -4 5 -1
right_child=1 -3 3 -5 -6 -7
leaf_value=-0.011137743987546155 -0.010964362091367813 0.021879955757235624 0.022680629413458556 -0.015526212797567541 -0.016222539099768486 0.0096597708013020887
leaf_weight=8.5577277243137342 10.363036334514616 109.93622809648514 6.3372828364372253 4.8676505386829358 141.4473257958889 6.700165480375289
leaf_count=27 33 307 17 16 474 20
internal_value=0.000121283 0.0189836 -0.013425 0.0061706 -0.0148564 -0.00197256
internal_weight=288.209 120.299 167.91 11.2049 156.705 15.2579
internal_count=894 340 554 33 521 47
is_linear=0
shrinkage=0.02


Tree=61
num_leaves=7
num_cat=0
split_feature=46 14 42 42 50 17
split_gain=195.551 23.7245 17.8392 5.93639 11.3584 5.06933
threshold=0.025583398293637389 0.11253688710949407 0.040041947337738359 -9.782150135118825e-05 0.012266827739265395 0.083067940552016994
decision_type=2 2 2 2 2 2
left_child=2 3 5 4 -2 -1
right_child=1 -3 -4 -5 -6 -7
leaf_value=0.0022217074868574804 0.019122093477877255 0.016339717262054847 -0.011241494403895469 -0.017284532679894462 -0.016489438100636404 0.02274593524699537
leaf_weight=5.287373572587966 4.8350816369056693 8.816252648830412 6.3711999356746665 138.71813505887985 8.3245292603969556 102.98171615600586
leaf_count=15 13 25 21 512 28 280
internal_value=-1.73111e-06 -0.0142043 0.019857 -0.0160726 -0.0029787 0.0217731
internal_weight=275.334 160.694 114.64 151.878 13.1596 108.269
internal_count=894 578 316 553 41 295
is_linear=0
shrinkage=0.02


Tree=62
num_leaves=7
num_cat=0
split_feature=38 41 28 20 47 76
split_gain=175.118 23.102 19.1288 9.15995 6.28423 2.29175
threshold=0.038991839640575052 0.004995613885987499 0.11955350104600689 0.090598990044758007 -0.0054815010343320916 0.092500000000000013
decision_type=2 2 2 10 2 2
left_child=1 5 4 -3 -2 -1
right_child=2 3 -4 -5 -6 -7
leaf_value=0.0014207123351041742 -0.00085452788023794417 0.023141629461652217 -0.013363672798143355 -0.012590044731906036 0.027529741305912975 -0.015725457940184043
leaf_weight=3.030294567346572 3.2003313153982154 8.5686204433441144 4.6111605316400519 3.3505339324474326 70.542100876569748 132.41069269180298
leaf_count=12 11 24 21 15 189 622
internal_value=-0.000152606 -0.0129789 0.0238296 0.0129002 0.0263029 -0.0153342
internal_weight=225.714 147.36 78.3536 11.9192 73.7424 135.441
internal_count=894 673 221 39 200 634
is_linear=0
shrinkage=0.02


Tree=63
num_leaves=7
num_cat=0
split_feature=28 15 44 28 74 24
split_gain=182.246 20.8472 13.245 9.41553 9.40457 4.07388
threshold=0.14373778746385865 0.062633350414234512 0.067744661625936078 0.085837477833543452 0.020833333333333339 0.36666666666666675
decision_type=2 2 2 2 2 8
left_child=2 -2 3 4 -1 -4
right_child=1 -3 5 -5 -6 -7
leaf_value=0.015149474026999836 0.021170065283771397 -0.015857423438318606 -0.016853261157488506 0.015010770216004759 -0.013302045665855047 -0.0021274663447782582
leaf_weight=4.8819460570812252 109.5419639647007 5.7358192205429068 128.18624320626259 8.4995141923427564 22.96668267250061 8.3093500137329084
leaf_count=14 309 19 437 24 75 26
internal_value=-0.00017553 0.0192072 -0.0131389 -0.00233218 -0.00796216 -0.0159788
internal_weight=288.122 115.278 172.844 36.3481 27.8486 136.496
internal_count=904 328 576 113 89 463
is_linear=0
shrinkage=0.02


Tree=64
num_leaves=7
num_cat=0
split_feature=46 15 44 50 20 46
split_gain=178.274 30.3653 10.9682 7.68409 8.9621 7.45121
threshold=0.020474291534204814 0.062633350414234512 0.041876336578416794 0.0054817897189254339 0.081760024571854981 -0.011113333641065174
decision_type=2 2 2 2 10 2
left_child=2 3 5 4 -2 -1
right_child=1 -3 -4 -5 -6 -7
leaf_value=0.015918075393306627 0.0098110513580009755 0.017381288183668055 0.021966968834454977 -0.017101143234237056 -0.014327131088089855 -0.016021897344972672
leaf_weight=4.7602947354316711 9.5869019925594348 11.470508903264998 96.938513725996017 133.7529628276825 13.878484606742857 4.9287871718406659
leaf_count=13 28 32 266 499 50 16
internal_value=-0.000176822 -0.0129471 0.0199588 -0.0152557 -0.00446743 -0.000308503
internal_weight=275.316 168.689 106.628 157.218 23.4654 9.68908
internal_count=904 609 295 577 78 29
is_linear=0
shrinkage=0.02


Tree=65
num_leaves=7
num_cat=0
split_feature=39 28 50 49 47 65
split_gain=167.04 18.2956 11.9866 6.40938 6.35021 5.32162
threshold=-0.0033239944954707857 0.0015404062641202478 0.0099687549040147153 -0.026753148660884647 0.075458774100824966 0.1122546524475785
decision_type=2 2 2 2 2 2
left_child=1 3 -2 -1 5 -3
right_child=2 4 -4 -5 -6 -7
leaf_value=-0.011258948844174539 -0.0010190954147834316 0.0046750052247220963 0.025845885591165352 0.023659674732505104 0.010418235856451101 -0.015494072338189883
leaf_weight=2.2250215262174606 7.2153104692697516 5.0265212357044211 73.167326539754868 6.5586425662040693 3.473028451204299 129.7751370370388
leaf_count=10 25 20 198 18 12 621
internal_value=0.000436035 -0.0122177 0.0234515 0.0145676 -0.0140116 -0.0147131
internal_weight=227.441 147.058 80.3826 8.78366 138.275 134.802
internal_count=904 681 223 28 653 641
is_linear=0
shrinkage=0.02


Tree=66
num_leaves=7
num_cat=0
split_feature=28 14 42 38 44 29
split_gain=182.36 23.6631 14.9224 12.2366 5.83113 7.34681
threshold=0.14042933558932616 0.090845224584068004 0.066252171373528443 0.064181334306981905 0.07407757091967207 0.010039552372915999
decision_type=2 2 2 2 2 2
left_child=2 -2 4 -4 5 -1
right_child=1 -3 3 -5 -6 -7
leaf_value=-0.01160437403477352 0.020834101962764584 -0.015881833506328512 0.022231590121509312 -0.015288285505785553 -0.017422443476938235 0.01231091938995689
leaf_weight=31.362050533294678 114.78323709964752 6.7662480771541587 7.4280835986137372 5.0157968103885651 115.81783041357994 5.2599975764751425
leaf_count=103 326 23 20 17 402 15
internal_value=0.000175933 0.0186773 -0.0134934 0.00709605 -0.0152094 -0.00793351
internal_weight=286.433 121.549 164.884 12.4439 152.44 36.622
internal_count=906 349 557 37 520 118
is_linear=0
shrinkage=0.02


Tree=67
num_leaves=7
num_cat=0
split_feature=46 15 46 34 0 52
split_gain=172.419 28.1819 11.8352 9.62531 5.58599 5.14602
threshold=0.020474291534204814 0.042779240836650752 0.078356685644693919 0.092597291738023543 0.11077027948193593 0.004970841727716729
decision_type=2 2 2 2 2 2
left_child=3 5 -3 4 -1 -2
right_child=1 2 -4 -5 -6 -7
leaf_value=-0.0021025311500877924 -0.0014272903623522438 0.022043974662798563 -0.014715862884504646 -0.0026681025112815517 0.021855698940478133 -0.01663002255256249
leaf_weight=3.8783968091011038 9.7207373976707441 11.437080591917036 4.0768185257911673 7.1875174939632407 97.589440017938614 139.22990846633911
leaf_count=11 31 31 14 23 269 527
internal_value=-9.20627e-05 -0.0129809 0.0120779 0.0193574 0.0209284 -0.015654
internal_weight=273.12 164.465 15.5139 108.655 101.468 148.951
internal_count=906 603 45 303 280 558
is_linear=0
shrinkage=0.02


Tree=68
num_leaves=7
num_cat=0
split_feature=31 40 40 28 31 40
split_gain=141.227 28.7163 18.1005 7.10298 3.93506 6.69518
threshold=-0.0066430384624463898 0.045187630759657621 0.0013709305449042272 0.085837477833543452 -0.012357342039200794 0.017304160765262869
decision_type=2 2 2 2 2 2
left_child=1 4 -2 -4 -1 -6
right_child=2 -3 3 -5 5 -7
leaf_value=-0.014923373391586175 -0.011140701650887059 0.018092292805819581 0.025781984219659295 -0.0039048089395958504 -0.013431784594674636 0.020696823985930136
leaf_weight=128.62014289200306 5.6467534601688376 11.20876035094261 68.028593987226486 3.1250625848770133 4.9051008969545355 2.7653903961181641
leaf_count=622 25 34 182 12 23 8
internal_value=-0.00011244 -0.011548 0.0217163 0.0244421 -0.0140997 -0.00015967
internal_weight=224.3 147.499 76.8004 71.1537 136.291 7.67049
internal_count=906 687 219 194 653 31
is_linear=0
shrinkage=0.02


Tree=69
num_leaves=7
num_cat=0
split_feature=20 42 42 38 7 0
split_gain=152.119 35.189 8.44135 8.46583 4.15652 3.58899
threshold=0.11264831094982092 0.016002451650432133 0.06671034443941902 0.043945279609495735 608.78483733376231 0.083835341365461849
decision_type=10 2 2 2 2 2
left_child=2 -2 4 -4 5 -1
right_child=1 -3 3 -5 -6 -7
leaf_value=-0.0019652333216399736 -0.013370963086149686 0.020294339995748464 0.020933330384392677 -0.014551252587248504 0.0065587599168628156 -0.016090290611810398
leaf_weight=7.9294625520706168 13.338340222835539 106.94966307282448 4.8103402256965619 4.0659657716751099 3.0488797128200522 130.1090279519558
leaf_count=25 45 307 13 14 9 453
internal_value=-0.000197646 0.0164818 -0.0135971 0.00485137 -0.0147837 -0.0152989
internal_weight=270.252 120.288 149.964 8.87631 141.087 138.038
internal_count=866 352 514 27 487 478
is_linear=0
shrinkage=0.02


Tree=70
num_leaves=7
num_cat=0
split_feature=42 51 15 17 48 18
split_gain=172.627 21.4411 20.118 8.35155 1.68164 1.65814
threshold=0.0024842732973173087 0.0022523642417861646 0.070516206618957314 0.083683473389355764 -0.00066981565225935475 -0.0056882673272968523
decision_type=2 2 2 2 2 2
left_child=1 3 4 -1 5 -2
right_child=2 -3 -4 -5 -6 -7
leaf_value=-0.0013790224933964332 0.0040339323247217907 -0.011434354042273102 0.015239793532579893 0.02186641217778227 -0.016961952527346218 -0.013826589481831715
leaf_weight=6.4547473788261405 3.3224652707576752 8.4947658479213697 7.7639466822147361 102.03436455130577 127.27276204526424 3.3361271619796744
leaf_count=19 10 29 22 282 492 12
internal_value=0.000190358 0.0180884 -0.0146095 0.0204834 -0.01644 -0.00555158
internal_weight=258.679 116.984 141.695 108.489 133.931 6.65859
internal_count=866 330 536 301 514 22
is_linear=0
shrinkage=0.02


Tree=71
num_leaves=7
num_cat=0
split_feature=38 39 28 40 50 48
split_gain=151.569 16.1137 14.2584 6.09714 4.11217 2.21648
threshold=0.042737372579688238 0.0050493053217591172 0.11000076801528812 0.045948685896307545 0.01738987986134179 0.0097512454444193767
decision_type=2 2 2 2 2 2
left_child=1 3 5 -1 -3 -2
right_child=2 4 -4 -5 -6 -7
leaf_value=-0.014937887434247135 0.0063416386161031903 -0.0040662785680006053 -0.0099949312572650516 0.0066130156591549683 0.024166962640968955 0.025703333827929626
leaf_weight=125.35082143545151 3.246480017900466 2.8075150996446601 4.4896617978811255 4.9414031058549872 4.806755006313324 67.294387996196747
leaf_count=616 10 10 20 17 13 180
internal_value=1.95373e-05 -0.012406 0.0227205 -0.0140764 0.0144933 0.0249134
internal_weight=212.937 137.906 75.0305 130.292 7.61427 70.5409
internal_count=866 656 210 633 23 190
is_linear=0
shrinkage=0.02


Tree=72
num_leaves=7
num_cat=0
split_feature=14 34 31 6 10 15
split_gain=148.503 22.5862 15.8053 7.52859 5.41217 5.1741
threshold=-0.028077456079759793 0.08771664099051607 0.013863236934123309 297.22728192673554 0.77092847286384869 0.037798880468006578
decision_type=2 2 2 2 2 2
left_child=2 3 4 -2 -1 -3
right_child=1 5 -4 -5 -6 -7
leaf_value=-0.0040093503868163585 -0.014918627236117208 0.016258950213856503 -0.012670144316304439 0.0093896879886825671 0.020422480716608921 -0.010326776228583317
leaf_weight=3.4482476711273184 149.46946462988853 12.37579098343849 5.7830166518688193 4.635664999485015 101.84723097085953 3.0052811801433554
leaf_count=11 523 36 20 14 294 10
internal_value=-6.80015e-05 -0.0118236 0.0178145 -0.0141316 0.0195922 0.0107511
internal_weight=280.565 169.486 111.078 154.105 105.295 15.3811
internal_count=908 583 325 537 305 46
is_linear=0
shrinkage=0.02


Tree=73
num_leaves=7
num_cat=0
split_feature=46 2 14 47 15 19
split_gain=166.267 23.18 17.1436 6.8604 3.91643 3.05892
threshold=0.029851669877600743 0.25098425196850399 -0.048234864968760983 -0.0058541431732031931 0.062633350414234512 -0.043676057370558456
decision_type=2 2 2 2 2 2
left_child=2 -2 -1 5 -3 -4
right_child=1 4 3 -5 -6 -7
leaf_value=-0.014845709748562298 0.015506803192975876 -0.016379808283365053 0.021402508096015738 -0.0073361850251262555 0.0019747167603733893 0.0065064285746250176
leaf_weight=5.3758825063705435 9.3682549595832807 137.34319050610065 100.66705146431923 3.1889120340347281 4.6016660630702964 6.9716612994670859
leaf_count=20 26 537 281 10 14 20
internal_value=3.06017e-05 -0.0137493 0.0179381 0.0196469 -0.0157751 0.0205065
internal_weight=267.517 151.313 116.204 110.828 141.945 107.639
internal_count=908 577 331 311 551 301
is_linear=0
shrinkage=0.02


Tree=74
num_leaves=7
num_cat=0
split_feature=38 40 28 28 28 46
split_gain=146.711 20.927 12.6874 8.21732 5.01937 4.02403
threshold=0.047234573437959435 0.045948685896307545 0.11000076801528812 -1.0000000180025095e-35 0.08120417182156793 -1.0000000180025095e-35
decision_type=2 2 2 2 2 2
left_child=1 3 -2 5 -3 -1
right_child=2 4 -4 -5 -6 -7
leaf_value=-0.011061010912265253 0.024412545165240648 0.022825120535437299 -0.0096672815888116763 -0.014829963950472945 -0.0070934286825050652 0.018295246482408409
leaf_weight=2.158084511756897 71.606795400381088 7.389959365129469 4.1373754143714896 129.43576647341251 2.5231829136610031 3.9661237597465506
leaf_count=10 193 20 18 645 10 12
internal_value=4.91849e-05 -0.0116876 0.0224493 -0.0137554 0.0152578 0.00784997
internal_weight=221.217 145.473 75.7442 135.56 9.91314 6.12421
internal_count=908 697 211 667 30 22
is_linear=0
shrinkage=0.02


Tree=75
num_leaves=7
num_cat=0
split_feature=28 42 42 39 44 6
split_gain=169.477 18.9656 13.8336 9.41688 4.66256 5.46801
threshold=0.14373778746385865 0.017670582448213533 0.066252171373528443 0.015402614600119333 0.076329722014115683 173.38411735191642
decision_type=2 2 2 2 2 2
left_child=2 -2 4 -4 5 -1
right_child=1 -3 3 -5 -6 -7
leaf_value=-0.011231123908571838 -0.0075427015749903303 0.020512623922085773 0.020048556525896842 -0.014437219117071241 -0.017070992177319527 0.011270325519965839
leaf_weight=33.170215666294098 10.061955809593199 108.96849921345711 7.2973858714103681 4.2306904494762421 110.34034971892834 4.1285643875598899
leaf_count=112 33 318 20 15 399 12
internal_value=0.00013066 0.018098 -0.013335 0.00725043 -0.0149803 -0.00851122
internal_weight=278.198 119.03 159.167 11.5281 147.639 37.2988
internal_count=909 351 558 35 523 124
is_linear=0
shrinkage=0.02


Tree=76
num_leaves=7
num_cat=0
split_feature=46 2 44 14 46 15
split_gain=159.071 20.9523 15.4956 7.9346 6.94655 5.02175
threshold=0.029851669877600743 0.25098425196850399 0.046196865117441095 -0.04128658979800013 -0.0052076279289635227 0.062633350414234512
decision_type=2 2 2 2 2 2
left_child=2 -2 4 -4 -1 -3
right_child=1 5 3 -5 -6 -7
leaf_value=0.011397824772830654 0.014291402721661002 -0.016313045592491943 -0.0093798588544991724 0.021024185903532017 -0.016395215178222736 0.0060003816049542984
leaf_weight=5.9159376621246338 9.2128000855445844 137.90696142613888 3.0203020274639121 97.867851585149765 6.5546824336051923 3.6781853735446921
leaf_count=17 26 547 11 275 22 11
internal_value=-0.000362417 -0.0137813 0.0174527 0.0200308 -0.00334313 -0.0156954
internal_weight=264.157 150.798 113.359 100.888 12.4706 141.585
internal_count=909 584 325 286 39 558
is_linear=0
shrinkage=0.02


Tree=77
num_leaves=7
num_cat=0
split_feature=39 28 28 46 51 46
split_gain=144.943 17.8105 15.7347 11.5657 3.99376 3.70716
threshold=-0.0074109369742668399 0.11352590537522925 -1.0000000180025095e-35 0.022410119833081988 0.019143805788651345 0.035535050704177
decision_type=2 2 2 2 2 2
left_child=2 3 5 -2 -4 -1
right_child=1 -3 4 -5 -6 -7
leaf_value=-0.0056730089979652358 -0.009031022342195015 -0.013686230186781934 -0.014841642336101047 0.024599136902598084 0.0084834247427427387 0.022192182471760521
leaf_weight=2.2560719698667517 3.8336418569087973 5.0598353743553153 124.13115386664867 76.014412015676498 2.4010817408561698 5.2404438555240631
leaf_count=10 17 23 631 205 9 14
internal_value=0.000271066 0.020579 -0.0126512 0.0228928 -0.014336 0.0141255
internal_weight=218.937 84.9079 134.029 79.8481 126.532 7.49652
internal_count=909 245 664 222 640 24
is_linear=0
shrinkage=0.02


Tree=78
num_leaves=7
num_cat=0
split_feature=28 42 42 39 44 29
split_gain=157.412 18.9846 12.524 10.2508 5.9434 10.6693
threshold=0.14042933558932616 0.016002451650432133 0.066252171373528443 -0.0033239944954707857 0.060741359332530935 0.010039552372915999
decision_type=2 2 2 2 2 2
left_child=2 -2 4 -4 5 -1
right_child=1 -3 3 -5 -6 -7
leaf_value=-0.01109117464593515 -0.009490992670278026 0.020256665299657896 0.02109459424480957 -0.012946251923309671 -0.016025109446248777 0.020326151606944981
leaf_weight=21.666945695877079 8.753340542316435 106.45059925317764 6.9732789099216461 5.4651368558406812 122.47299687564373 4.3840044736862174
leaf_count=73 29 314 19 19 446 12
internal_value=0.00017275 0.0179342 -0.0125717 0.00628748 -0.0141826 -0.00524813
internal_weight=276.166 115.204 160.962 12.4384 148.524 26.051
internal_count=912 343 569 38 531 85
is_linear=0
shrinkage=0.02


Tree=79
num_leaves=7
num_cat=0
split_feature=42 18 46 46 15 44
split_gain=163.103 21.9541 20.8704 10.3978 5.5685 4.74472
threshold=0.0024842732973173087 -0.0099576051691529482 -0.011731221736226738 0.0099345188642554916 0.081617648430370351 0.12712824465270992
decision_type=2 2 2 2 2 2
left_child=1 -1 -2 -3 -4 -5
right_child=2 3 4 5 -6 -7
leaf_value=0.02163463890412564 0.016744420903309357 0.017820467936953636 -0.016546725628728803 -0.015041374018362417 0.0085683152354691997 0.0094422141625511696
leaf_weight=94.031239449977875 7.4879071414470664 7.5174845457077053 135.76438230276108 12.07554344832897 3.0474601089954367 3.4225057810544959
leaf_count=265 21 21 545 41 9 10
internal_value=-0.000126204 0.01739 -0.0141629 -0.000130346 -0.015938 -0.00938995
internal_weight=263.347 117.047 146.3 23.0155 138.812 15.498
internal_count=912 337 575 72 554 51
is_linear=0
shrinkage=0.02


Tree=80
num_leaves=7
num_cat=0
split_feature=38 41 40 67 39 38
split_gain=140.218 15.1982 13.5868 8.30437 4.06325 3.22165
threshold=0.038991839640575052 -0.0013483051659850872 0.010061858577998512 0.089284734997482365 -0.024843068376079361 0.064181334306981905
decision_type=2 2 2 2 2 2
left_child=1 -1 5 -3 -4 -2
right_child=2 3 4 -5 -6 -7
leaf_value=-0.014777091637914123 -0.013526817017472404 -0.0097074166665795832 -0.0019349271233395616 0.01913278858533533 0.024087307225458765 0.0092828441908542874
leaf_weight=121.35172182321548 4.5571898818016034 6.3293779194355002 2.3352220356464377 8.0162801295518857 70.887559339404106 3.5431241393089294
leaf_count=625 21 27 10 25 192 12
internal_value=-6.65947e-05 -0.0124848 0.0205547 0.00660495 0.0232425 -0.00362603
internal_weight=217.02 135.697 81.3231 14.3457 73.2228 8.10031
internal_count=912 677 235 52 202 33
is_linear=0
shrinkage=0.02


Tree=81
num_leaves=7
num_cat=0
split_feature=28 15 44 14 73 3
split_gain=150.804 19.0725 9.07749 7.76626 4.87008 2.28849
threshold=0.14042933558932616 0.044825023044661003 0.073799613571960729 -0.024657253961934047 0.055607159686976139 0.24473453268977624
decision_type=2 2 2 2 2 2
left_child=2 -2 3 -1 -5 -4
right_child=1 -3 5 4 -6 -7
leaf_value=0.01309783246213464 0.020010457568225153 -0.011317524497204441 -0.016399798963871955 -0.012221465260347954 0.0081718329798841343 -0.00033182383362150079
leaf_weight=7.1874067187309256 101.65115344524384 7.7816937267780295 108.6798175573349 25.942647635936741 4.9368547499179831 3.7071686387062064
leaf_count=21 303 27 403 89 15 12
internal_value=-7.32339e-05 0.0177004 -0.0130324 -0.00444177 -0.00880703 -0.0158774
internal_weight=259.887 109.433 150.454 38.0669 30.8795 112.387
internal_count=870 330 540 125 104 415
is_linear=0
shrinkage=0.02


Tree=82
num_leaves=7
num_cat=0
split_feature=42 47 46 18 48 17
split_gain=143.13 29.3083 19.1584 7.50998 3.43613 2.77388
threshold=0.0065093999710058572 -0.01284433322148811 1.0000000180025095e-35 -0.025238417963182266 -0.0020441902216476317 0.083683473389355764
decision_type=2 2 2 2 2 2
left_child=1 5 -2 -3 -4 -1
right_child=2 3 4 -5 -6 -7
leaf_value=0.0030289434026206374 0.01467379167327588 0.012884951395967813 0.0001752156648605891 -0.016762689369644441 -0.016688541905954171 0.020912388455278014
leaf_weight=3.981977403163909 7.9342441558837882 3.869543820619584 5.0119313150644293 11.491652444005009 120.38748218119144 95.111774086952209
leaf_count=11 23 11 17 41 496 271
internal_value=-6.1339e-05 0.0162693 -0.0140964 -0.00896327 -0.0160185 0.0202312
internal_weight=247.789 114.455 133.334 15.3612 125.399 99.0938
internal_count=870 334 536 52 513 282
is_linear=0
shrinkage=0.02


Tree=83
num_leaves=7
num_cat=0
split_feature=31 47 41 28 28 51
split_gain=116.299 19.9935 14.9143 10.8956 6.85376 6.26934
threshold=-0.012357342039200794 -0.0028562965119561311 0.0071490681792927566 0.14373778746385865 0.069106359073981952 -1.0000000180025095e-35
decision_type=2 2 2 2 2 2
left_child=2 5 -1 -3 -4 -2
right_child=1 3 4 -5 -6 -7
leaf_value=-0.014360209613949142 -0.012889636465366186 0.0235421517851747 0.022775593708032803 -0.012044700174907415 -0.011956424723318712 0.01915181769325916
leaf_weight=111.957997828722 9.5009406656026822 69.676015555858612 5.9343222975730878 3.0332385152578345 2.6248462796211243 2.2341886460781089
leaf_count=586 45 190 16 15 12 6
internal_value=0.000166857 0.0180453 -0.0124057 0.0219143 0.0119878 -0.00576458
internal_weight=204.962 84.4444 120.517 72.7093 8.55917 11.7351
internal_count=870 256 614 205 28 51
is_linear=0
shrinkage=0.02


Tree=84
num_leaves=7
num_cat=0
split_feature=28 15 44 28 48 42
split_gain=141.451 18.0443 12.1883 8.60985 5.67873 3.39942
threshold=0.14042933558932616 0.062633350414234512 0.067744661625936078 0.051368027974719351 0.025319246214641954 0.07569169988431669
decision_type=2 2 2 2 2 2
left_child=2 -2 3 -1 -5 -4
right_child=1 -3 5 4 -6 -7
leaf_value=-0.0090842854289048033 0.01946456338682237 -0.01342157447681272 -0.01587593640181794 -0.0055318675950873294 0.020992186774654972 0.000943921969909234
leaf_weight=20.982510387897491 103.37904757261276 6.4482966363430014 114.37726195156574 4.6079335212707502 7.6270066499710083 4.9016703069210044
leaf_count=72 312 23 429 15 21 16
internal_value=0.000212496 0.01743 -0.0122203 -0.00145008 0.0113395 -0.0151826
internal_weight=262.324 109.827 152.496 33.2175 12.2349 119.279
internal_count=888 335 553 108 36 445
is_linear=0
shrinkage=0.02


Tree=85
num_leaves=7
num_cat=0
split_feature=46 2 42 42 47 47
split_gain=147.057 22.4036 9.53078 5.31835 8.56836 3.02572
threshold=0.020474291534204814 0.25098425196850399 0.037041827492552533 -9.782150135118825e-05 -0.0072916734886824949 -0.013862913438521305
decision_type=2 2 2 2 2 2
left_child=2 -2 5 4 -3 -1
right_child=1 3 -4 -5 -6 -7
leaf_value=0.020292493310843433 0.013379733086535946 0.015870923925492469 -0.0073216819658508438 -0.016383045895361346 -0.014642712760157063 0.00081178359932633449
leaf_weight=93.15404337644577 11.254728764295576 5.0499399900436392 5.0578674226999274 123.92158718407154 8.4573188275098783 3.3891330063343039
leaf_count=268 32 14 17 517 30 10
internal_value=-0.000219927 -0.0128611 0.0182243 -0.0150912 -0.00292699 0.019624
internal_weight=250.285 148.684 101.601 137.429 13.5073 96.5432
internal_count=888 593 295 561 44 278
is_linear=0
shrinkage=0.02


Tree=86
num_leaves=7
num_cat=0
split_feature=38 20 47 41 45 41
split_gain=120.987 24.7875 10.5935 7.31628 5.98455 3.86818
threshold=0.024529950270922165 0.14515155372256638 -0.0028562965119561311 -0.0013483051659850872 0.024141062745309725 -0.006510026241911839
decision_type=2 10 2 2 2 2
left_child=3 2 5 -1 -5 -2
right_child=1 -3 -4 4 -6 -7
leaf_value=-0.015147941229757824 -0.011300937606529197 -0.013969609545871989 0.022798608639441945 0.01530826318067165 -0.013190771895194769 0.0126774559708413
leaf_weight=105.18070262670517 4.8577684164047241 8.6433441340923292 74.329036638140678 5.5035542696714383 4.4151683896780014 3.978509455919264
leaf_count=565 20 47 205 18 21 12
internal_value=-3.32426e-06 0.01702 0.0203684 -0.0136115 0.00257611 -0.000313476
internal_weight=206.908 91.8087 83.1653 115.099 9.91872 8.83628
internal_count=888 284 237 604 39 32
is_linear=0
shrinkage=0.02


Tree=87
num_leaves=7
num_cat=0
split_feature=28 15 44 74 46 47
split_gain=131.917 17.4669 9.95142 7.52674 7.22794 4.35004
threshold=0.14373778746385865 0.062633350414234512 0.073799613571960729 0.031166666666666669 0.0072682559549917545 0.01682319995322901
decision_type=2 2 2 2 2 2
left_child=2 -2 3 4 -1 -6
right_child=1 -3 -4 -5 5 -7
leaf_value=-0.012280406607985024 0.019198158497873999 -0.013340451697254101 -0.015344386026252864 -0.011065921315410824 0.022929286801852366 -0.0014964947864357925
leaf_weight=4.9183757901191738 95.386079132556915 6.3980475962162009 111.51493605971336 21.211264729499817 7.4899410903453809 4.2651883661746979
leaf_count=17 291 23 424 75 21 14
internal_value=-0.000421954 0.0170429 -0.0123548 -0.0033864 0.0064565 0.0146442
internal_weight=251.184 101.784 149.4 37.8848 16.6735 11.7551
internal_count=865 314 551 127 52 35
is_linear=0
shrinkage=0.02


Tree=88
num_leaves=7
num_cat=0
split_feature=42 18 47 2 17 48
split_gain=136.362 23.5546 10.2079 8.33763 6.08318 2.15333
threshold=0.0065093999710058572 -0.00340431624988291 -0.032453667695278479 0.3161681181370693 0.11284259034683485 -0.0078956716498899456
decision_type=2 2 2 2 2 2
left_child=1 -1 -3 4 -2 -5
right_child=3 2 -4 5 -6 -7
leaf_value=0.02010380886491157 -0.0095603803682479376 0.013331183450562506 -0.014162275996567237 0.00037691942376867838 0.01786314674506826 -0.016150508778354486
leaf_weight=93.504987120628357 6.7161691933870298 8.0049508213996905 12.589292362332342 3.1968046873807898 4.5882879495620728 112.75046776235104
leaf_count=271 25 23 44 11 13 478
internal_value=7.43152e-05 0.0158776 -0.00335315 -0.0141089 0.00211752 -0.0156955
internal_weight=241.351 114.099 20.5942 127.252 11.3045 115.947
internal_count=865 338 67 527 38 489
is_linear=0
shrinkage=0.02


Tree=89
num_leaves=7
num_cat=0
split_feature=38 38 20 50 47 20
split_gain=122.214 10.6743 11.937 9.49109 7.58098 1.65184
threshold=0.047234573437959435 0.018116670719786829 0.067727543201402396 0.009364992800828047 -0.037566724655296049 0.092358464888138564
decision_type=2 2 10 2 2 10
left_child=1 -1 3 -3 -2 -6
right_child=4 2 -4 -5 5 -7
leaf_value=-0.014150152862851475 -0.011788689249554198 -0.012919907149390097 -0.011770975691637582 0.023828018102248768 0.022983642503028163 0.006154990154382982
leaf_weight=101.80389459431171 2.1234787702560416 3.1725159883499172 14.737975433468817 9.0289281159639341 66.591695174574852 3.3215351104736319
leaf_count=546 9 15 76 25 182 12
internal_value=0.000438098 -0.0112135 -6.81348e-06 0.0140182 0.0211302 0.0222822
internal_weight=200.78 128.743 26.9394 12.2014 72.0367 69.9132
internal_count=865 662 116 40 203 194
is_linear=0
shrinkage=0.02


Tree=90
num_leaves=7
num_cat=0
split_feature=20 14 14 41 3 10
split_gain=117.406 26.4326 11.1251 8.10387 3.21828 2.99144
threshold=0.11718930288527453 0.056346815892228154 -0.025957329147263699 -0.0013483051659850872 0.089491566557456631 2.016916535284297
decision_type=10 2 2 2 2 2
left_child=2 -2 3 4 -1 -4
right_child=1 -3 5 -5 -6 -7
leaf_value=-0.003054627853425875 0.018688233984035331 -0.014323985443531029 -0.014741778769001757 -0.013243295684468579 0.018590618406745692 0.0023839713094367938
leaf_weight=3.589896202087405 97.575525492429733 10.030500471591948 120.39172951877117 7.3466301858425131 8.0124478340148908 3.9544884562492362
leaf_count=12 301 38 458 27 23 13
internal_value=-0.000200584 0.0155074 -0.0120221 0.00215498 0.0121824 -0.0141825
internal_weight=250.901 107.606 143.295 18.949 11.6023 124.346
internal_count=872 339 533 62 35 471
is_linear=0
shrinkage=0.02


Tree=91
num_leaves=7
num_cat=0
split_feature=42 30 48 34 18 18
split_gain=132.242 17.8951 10.8561 5.90552 5.35997 3.81276
threshold=0.0024842732973173087 0.029698860445076979 -0.0031150495889600139 0.037236458297468723 -0.005092113659051766 0.0061920777016353243
decision_type=2 2 2 2 2 2
left_child=1 5 3 -2 -3 -1
right_child=2 4 -4 -5 -6 -7
leaf_value=0.020201408702401325 0.015990512446840362 0.008616278366629938 -0.015444153745146454 -0.013183147812530221 -0.015661613855967257 0.0067501852843515099
leaf_weight=87.47042641043663 6.618809908628462 5.4272070229053497 118.34432211518288 3.4532461315393448 7.6581870317459089 10.741265028715132
leaf_count=256 19 16 506 14 29 32
internal_value=2.5795e-05 0.0159066 -0.0137545 0.00570092 -0.00569544 0.0188131
internal_weight=239.713 111.297 128.416 10.0721 13.0854 98.2117
internal_count=872 333 539 33 45 288
is_linear=0
shrinkage=0.02


Tree=92
num_leaves=7
num_cat=0
split_feature=38 28 31 38 76 46
split_gain=120.015 11.2596 10.841 7.85946 3.60238 2.39454
threshold=0.038991839640575052 0.11000076801528812 -0.012357342039200794 0.024529950270922165 0.24525000000000002 0.048192156076165858
decision_type=2 2 2 2 2 2
left_child=2 5 -1 4 -4 -2
right_child=1 -3 3 -5 -6 -7
leaf_value=-0.014273335843763292 0.0050569659682262536 -0.0095557256108986521 -0.012654465750677399 0.018055534401815385 0.013401523701407372 0.022840234641262658
leaf_weight=105.71040715277195 3.8564534783363333 4.3010034412145606 9.4117401391267794 6.7449248582124701 1.7953034788370121 66.774368792772293
leaf_count=583 12 21 47 20 6 183
internal_value=0.000222041 0.0200428 -0.0118526 0.00240318 -0.00772453 0.0219534
internal_weight=198.594 74.9318 123.662 17.952 11.207 70.6308
internal_count=872 216 656 73 53 195
is_linear=0
shrinkage=0.02


Tree=93
num_leaves=7
num_cat=0
split_feature=28 15 44 14 3 31
split_gain=135.933 17.1662 11.0762 7.45051 4.06992 5.8583
threshold=0.14042933558932616 0.062633350414234512 0.077017442196986835 -0.024657253961934047 1.0000000180025095e-35 -0.042667951082294896
decision_type=2 2 2 2 2 2
left_child=2 -2 3 -1 -5 -6
right_child=1 -3 -4 4 5 -7
leaf_value=0.012751272654727639 0.018746584514105453 -0.013236239586147024 -0.015608815832659755 0.0085984193795756256 0.0092139317884965127 -0.013796218719864027
leaf_weight=8.0955055058002454 105.44721508026123 6.4767782092094413 107.37481117248535 4.6267475485801688 4.5668348968029013 26.003683090209964
leaf_count=24 330 24 421 15 14 95
internal_value=0.000182324 0.016795 -0.0121878 -0.00354225 -0.00753856 -0.0101758
internal_weight=262.592 111.924 150.668 43.2928 35.1973 30.5705
internal_count=923 354 569 148 124 109
is_linear=0
shrinkage=0.02


Tree=94
num_leaves=7
num_cat=0
split_feature=30 28 15 0 52 15
split_gain=110.033 21.541 18.5313 7.41698 5.63114 4.65233
threshold=-1.0000000180025095e-35 0.17599085097819006 0.040300263115127022 0.098845324197436885 0.029868761740269215 0.062633350414234512
decision_type=2 2 2 2 2 2
left_child=1 3 -2 -1 -4 -3
right_child=2 5 4 -5 -6 -7
leaf_value=-0.010377988613411205 -0.014436458363015537 -0.014814333758139359 0.018223050672274883 0.018699521191510426 -0.0064902719547121849 0.012383615165104354
leaf_weight=3.0371552407741538 123.97402076423168 10.455046683549879 8.8772445768117887 96.417679503560066 5.2268733978271475 2.4012939333915702
leaf_count=10 527 48 26 286 19 7
internal_value=-4.93855e-05 0.014581 -0.0119688 0.0177171 0.00924115 -0.00920723
internal_weight=250.389 112.311 138.078 99.4548 14.1041 12.8563
internal_count=923 351 572 296 45 55
is_linear=0
shrinkage=0.02


Tree=95
num_leaves=7
num_cat=0
split_feature=38 47 51 12 18 24
split_gain=118.984 10.3815 8.72712 14.7089 5.78762 5.3443
threshold=0.038991839640575052 -0.0054815010343320916 0.0040407287782345406 98.173161699876587 0.081519274825772828 0.29166666666666669
decision_type=2 2 2 2 2 10
left_child=2 -2 4 -4 -1 -3
right_child=1 5 3 -5 -6 -7
leaf_value=-0.014950893802803669 -0.0083188360875783608 0.02238171381179202 0.018299449210736209 -0.014207283578306067 0.012382908136819895 -0.00052691642721503353
leaf_weight=105.4334681481123 4.6345724463462821 68.829149484634399 8.8750172406435031 11.765829429030417 2.4765444099903098 4.277440443634986
leaf_count=590 20 190 28 68 8 19
internal_value=-0.00017195 0.0192179 -0.0119558 -3.05156e-05 -0.0142156 0.0210523
internal_weight=206.292 77.7412 128.551 20.6408 107.91 73.1066
internal_count=923 229 694 96 598 209
is_linear=0
shrinkage=0.02


Tree=96
num_leaves=7
num_cat=0
split_feature=28 14 42 31 44 28
split_gain=127.204 16.3267 10.2352 8.74957 4.3395 5.06952
threshold=0.14153396847183222 0.027731579531057305 0.06671034443941902 0.012172953639390327 0.077017442196986835 0.08120417182156793
decision_type=2 2 2 2 2 2
left_child=2 -2 4 -4 5 -1
right_child=1 -3 3 -5 -6 -7
leaf_value=-0.010873615591177646 0.018942865306979258 -0.0092787111856088306 0.019045764732783833 -0.01417712479364041 -0.0157369090181558 0.0074493494452329912
leaf_weight=29.624212473630905 96.142081886529922 8.3668300807476026 6.7949681282043439 4.4270814955234528 100.53162997961044 6.7691641151905051
leaf_count=108 305 30 19 17 403 21
internal_value=-0.000189851 0.016617 -0.012078 0.00585178 -0.0135792 -0.00735747
internal_weight=252.656 104.509 148.147 11.222 136.925 36.3934
internal_count=903 335 568 36 532 129
is_linear=0
shrinkage=0.02


Tree=97
num_leaves=7
num_cat=0
split_feature=42 47 15 18 14 30
split_gain=127.98 24.3954 16.8264 5.65214 3.03742 2.43419
threshold=0.0065093999710058572 -0.007419507890758458 0.070516206618957314 -0.025238417963182266 0.081267459786711835 0.044617952920598683
decision_type=2 2 2 2 2 2
left_child=1 -1 4 -3 -2 -6
right_child=2 3 -4 -5 5 -7
leaf_value=0.018992768894005689 -0.015977680554857574 0.011022983202943005 0.013969320465201891 -0.016247904062413349 0.009588299203557013 -0.012329325976960267
leaf_weight=99.366931080818176 115.68465153872967 3.387235790491105 7.6599149107933036 10.099953830242153 3.1463629603385916 2.977055162191391
leaf_count=296 513 10 23 38 10 13
internal_value=8.87735e-05 0.0155836 -0.0134336 -0.00911085 -0.0152566 -0.00130244
internal_weight=242.322 112.854 129.468 13.4872 121.808 6.12342
internal_count=903 344 559 48 536 23
is_linear=0
shrinkage=0.02


Tree=98
num_leaves=7
num_cat=0
split_feature=39 41 47 28 50 38
split_gain=115.264 17.265 13.7068 5.33073 3.37715 3.18649
threshold=-0.0074109369742668399 0.010411457911625236 -0.0054815010343320916 0.055728626006045397 0.01738987986134179 0.069631348789745376
decision_type=2 2 2 2 2 2
left_child=1 5 4 -3 -2 -1
right_child=2 3 -4 -5 -6 -7
leaf_value=-0.014965738802059366 -0.013938612789032852 0.021107203034522383 0.021357852520119961 -0.0079780125530238607 0.010730566474353156 0.0056999730747842583
leaf_weight=108.19548371434212 5.3778775185346595 6.8458422720432264 71.963617160916328 3.0737985521554947 2.5207377225160599 2.5820056796073905
leaf_count=624 25 19 203 14 9 9
internal_value=0.000131753 -0.0121669 0.0186394 0.0121893 -0.00574463 -0.0144374
internal_weight=200.559 120.697 79.8622 9.91964 7.89862 110.777
internal_count=903 666 237 33 34 633
is_linear=0
shrinkage=0.02


Tree=99
num_leaves=7
num_cat=0
split_feature=20 42 42 38 44 70
split_gain=111.218 24.8466 9.24642 6.54893 3.88611 4.45963
threshold=0.11350661083040998 0.018252771262230901 0.066252171373528443 0.043945279609495735 0.037531013108545043 70.200814697813627
decision_type=10 2 2 2 2 2
left_child=2 -2 4 -4 5 -1
right_child=1 -3 3 -5 -6 -7
leaf_value=-0.01291003908942736 -0.0093844565917413775 0.018541138790156439 0.018981847935556091 -0.013031777352012644 -0.014437452944862553 0.010745392642934358
leaf_weight=5.6697873175144178 14.036108061671255 96.570334285497665 5.6276044845581037 3.2792179584503174 115.52051354944706 5.1243489384651184
leaf_count=20 52 309 16 13 460 16
internal_value=0.00014358 0.014945 -0.0119843 0.00706971 -0.0133728 -0.00172108
internal_weight=245.828 110.606 135.221 8.90682 126.315 10.7941
internal_count=886 361 525 29 496 36
is_linear=0
shrinkage=0.02


Tree=100
num_leaves=7
num_cat=0
split_feature=42 50 15 38 50 0
split_gain=114.317 19.5679 16.8188 8.20468 4.72179 3.23962
threshold=0.011825224827638979 0.015979502785055884 0.070516206618957314 -0.0049113299794869064 -0.001764693880439991 0.11077027948193593
decision_type=2 2 2 2 2 2
left_child=1 5 4 -3 -2 -1
right_child=2 3 -4 -5 -6 -7
leaf_value=8.113847054714718e-05 0.0027828455648211247 0.013405815284016756 0.014083145601907666 -0.015057597969607874 -0.015999481463785121 0.018966784519716944
leaf_weight=3.795990750193595 5.3324461281299582 5.2682174742221859 7.6765088737010947 10.732308611273764 112.41287775337696 88.455881789326668
leaf_count=11 19 16 23 41 509 267
internal_value=-0.000299491 0.0146857 -0.0132472 -0.00544864 -0.0151326 0.0181989
internal_weight=233.674 108.252 125.422 16.0005 117.745 92.2519
internal_count=886 335 551 57 528 278
is_linear=0
shrinkage=0.02


Tree=101
num_leaves=7
num_cat=0
split_feature=40 47 31 24 47 51
split_gain=99.4035 20.1423 10.3573 7.64395 4.90878 4.63755
threshold=0.023217879784155075 -0.01284433322148811 -0.003233655400709023 0.29166666666666669 -0.0028562965119561311 -1.0000000180025095e-35
decision_type=2 2 2 10 2 2
left_child=2 5 -1 -3 -4 -2
right_child=1 3 4 -5 -6 -7
leaf_value=-0.014883368241826529 -0.014228192584304062 0.02147528570130728 -0.012772964905045394 -0.0059407199042712504 0.011669898322473242 0.0097768260626213202
leaf_weight=94.761793836951256 8.9057183563709241 70.134641706943512 3.9336766153573999 3.9082043170928946 9.0581562221050227 3.9303438216447821
leaf_count=557 48 197 20 19 31 14
internal_value=0.000178105 0.0159963 -0.0126055 0.0199683 0.00388512 -0.00670258
internal_weight=194.633 86.8789 107.754 74.0428 12.9918 12.8361
internal_count=886 278 608 216 51 62
is_linear=0
shrinkage=0.02


Tree=102
num_leaves=7
num_cat=0
split_feature=28 15 42 38 44 10
split_gain=113.945 20.6188 10.0722 7.11876 6.84602 5.92211
threshold=0.14042933558932616 0.044825023044661003 0.066252171373528443 0.064181334306981905 0.077017442196986835 1.4137380140268383
decision_type=2 2 2 2 2 2
left_child=2 -2 4 -4 5 -1
right_child=1 -3 3 -5 -6 -7
leaf_value=-0.0091623177156503598 0.018615679684148203 -0.01211215256617924 0.019462864361173199 -0.013083526947867944 -0.016012177370068072 0.011355028155756466
leaf_weight=30.211719945073128 95.05470210313797 8.9300926178693754 6.071698993444441 3.4649716913700104 93.029404520988464 5.9717143177986136
leaf_count=110 308 34 17 14 385 19
internal_value=0.000142136 0.0158866 -0.0116867 0.00751831 -0.013151 -0.00556182
internal_weight=242.734 103.985 138.75 9.53667 129.213 36.1834
internal_count=887 342 545 31 514 129
is_linear=0
shrinkage=0.02


Tree=103
num_leaves=7
num_cat=0
split_feature=46 44 15 46 47 30
split_gain=117.64 14.5781 13.7293 5.44532 5.43516 3.18093
threshold=0.032703867146465747 0.039237907562878906 0.085978486056971712 -0.0052076279289635227 -0.0054815010343320916 -0.0090108691926131367
decision_type=2 2 2 2 2 2
left_child=1 3 5 -1 -3 -2
right_child=2 4 -4 -5 -6 -7
leaf_value=0.01029269942344036 -0.0041628852462989412 0.018551967633926504 0.015822949919482555 -0.016107500731644568 -0.0041719384763867036 -0.015800961824003756
leaf_weight=4.2851936668157578 11.237980008125303 94.164269521832466 5.398171752691268 6.9399960190057737 4.0580861717462531 106.07012821733952
leaf_count=13 45 289 16 25 15 484
internal_value=0.000125966 0.0151283 -0.0132695 -0.00601173 0.0175805 -0.0147307
internal_weight=232.154 109.448 122.706 11.2252 98.2224 117.308
internal_count=887 342 545 38 304 529
is_linear=0
shrinkage=0.02


Tree=104
num_leaves=7
num_cat=0
split_feature=38 28 41 47 45 18
split_gain=101.332 25.0887 6.37958 6.11123 5.76825 2.20816
threshold=0.027231802444228511 0.11501683436997946 -0.0013483051659850872 -0.037566724655296049 0.01729953894118014 0.067741848459074647
decision_type=2 2 2 2 2 2
left_child=2 3 5 -2 -4 -1
right_child=1 -3 4 -5 -6 -7
leaf_value=-0.015014137301731168 -0.0075029343578596136 -0.013981457677186657 0.014741735322353948 0.021240129668620981 -0.013238620282211013 0.0022284838957142743
leaf_weight=95.833040207624435 2.6161124110221854 9.0436015725135785 5.4595632106065732 70.829522877931595 4.4379194974899292 2.8161447495222083
leaf_count=571 11 52 18 200 22 13
internal_value=-0.000333339 0.0162669 -0.0129819 0.0201293 0.00213211 -0.0145045
internal_weight=191.036 82.4892 108.547 73.4456 9.89748 98.6492
internal_count=887 263 624 211 40 584
is_linear=0
shrinkage=0.02


Tree=105
num_leaves=7
num_cat=0
split_feature=28 42 42 74 75 16
split_gain=113.912 16.2231 8.28145 6.02241 4.91378 2.63268
threshold=0.14042933558932616 0.016002451650432133 0.082878638474992813 0.016750000000000004 0.34325000000000011 -0.022945482497334409
decision_type=2 2 2 2 2 2
left_child=2 -2 3 5 -5 -1
right_child=1 -3 -4 4 -6 -7
leaf_value=-0.011445197857416788 -0.0082295805806732614 0.018427714570962241 0.010437997265170954 -0.015015695060133826 0.003919423332968631 0.0058644098134797654
leaf_weight=4.3599700629711142 9.5507506877183896 92.758875042200089 5.7333157807588568 115.90166339278221 5.3647818416357032 9.2091448158025724
leaf_count=16 35 306 18 476 19 30
internal_value=-8.47672e-05 0.0158836 -0.0117371 -0.0127499 -0.0141528 -0.000101263
internal_weight=242.879 102.31 140.569 134.836 121.266 13.5691
internal_count=900 341 559 541 495 46
is_linear=0
shrinkage=0.02


Tree=106
num_leaves=7
num_cat=0
split_feature=42 47 15 18 19 50
split_gain=114.411 21.5566 14.8103 7.38417 3.19627 2.85782
threshold=0.0065093999710058572 -0.01284433322148811 0.070516206618957314 -0.025238417963182266 -0.042589289435901893 -0.001596933575528282
decision_type=2 2 2 2 2 2
left_child=1 4 5 -3 -1 -2
right_child=2 3 -4 -5 -6 -7
leaf_value=0.019030929918565545 -8.3120336024368883e-05 0.012651156356289566 0.012188310215145355 -0.016005276966019156 0.0020644902627294606 -0.015866003370520524
leaf_weight=88.940992176532745 4.7975752204656592 4.3643836975097665 7.7390150129795066 10.502505451440808 4.9447400867938986 110.20728349685669
leaf_count=274 18 13 24 41 14 516
internal_value=-0.000218002 0.0146484 -0.0134017 -0.00732564 0.0181685 -0.015214
internal_weight=231.496 108.753 122.744 14.8669 93.8857 115.005
internal_count=900 342 558 54 288 534
is_linear=0
shrinkage=0.02


Tree=107
num_leaves=7
num_cat=0
split_feature=39 50 41 29 39 29
split_gain=101.749 12.6383 12.3197 3.64833 3.35755 3.2099
threshold=-0.0079331356917668166 0.0079147402953547753 0.010859477427880921 -0.018089605244283224 0.025897916553492363 0.030925521254417627
decision_type=2 2 2 2 2 2
left_child=2 4 -1 -4 -2 -3
right_child=1 5 3 -5 -6 -7
leaf_value=-0.013663613431249657 -0.014158357757281158 0.021194756768958902 0.019294265130884582 -0.0050691935383714391 0.010053066238429095 0.002076850940889787
leaf_weight=104.81424684822559 5.2641364037990552 67.838798761367798 5.3049730360507965 3.4691183567047101 2.7369381189346313 3.9441327303647986
leaf_count=627 25 194 15 15 8 16
internal_value=0.000367118 0.0175551 -0.0117535 0.0101283 -0.00567957 0.0201873
internal_weight=193.372 79.784 113.588 8.77409 8.00107 71.7829
internal_count=900 243 657 30 33 210
is_linear=0
shrinkage=0.02


Tree=108
num_leaves=7
num_cat=0
split_feature=28 14 14 38 11 36
split_gain=108.548 16.0837 8.48057 9.64342 2.27352 1.699
threshold=0.14042933558932616 0.066988106106462372 -0.024657253961934047 0.060501921201270674 0.93943772319363383 -0.0026887818339164449
decision_type=2 2 2 2 2 2
left_child=2 -2 3 5 -4 -1
right_child=1 -3 4 -5 -6 -7
leaf_value=0.00035508336793826321 0.018062365097741263 -0.014332108609587462 -0.014082993433598139 -0.015107863944436712 -0.00045354942192784507 0.018028307452298248
leaf_weight=3.0122980922460565 91.353578001260757 5.8439376652240744 112.87455578148365 7.2897926419973365 5.1862478703260413 7.2370378375053415
leaf_count=10 304 24 469 29 19 21
internal_value=-5.03894e-05 0.0159886 -0.0115799 0.00133143 -0.0134931 0.0133274
internal_weight=232.797 97.1975 135.6 17.5391 118.061 10.2493
internal_count=876 328 548 60 488 31
is_linear=0
shrinkage=0.02


Tree=109
num_leaves=7
num_cat=0
split_feature=46 15 46 14 18 50
split_gain=112.082 18.0203 7.87897 7.47817 3.97504 2.74143
threshold=0.020474291534204814 0.042779240836650752 0.078356685644693919 -0.028077456079759793 0.028388997903899597 0.00073760173597908123
decision_type=2 2 2 2 2 2
left_child=3 5 -3 -1 -5 -2
right_child=1 2 -4 4 -6 -7
leaf_value=-0.0088212131854863915 -0.0051595277493636672 0.018375641590602891 -0.013571734263264768 0.018626602969330164 -0.00075313975138534002 -0.01566795147211798
leaf_weight=3.8859241902828208 12.371841341257094 9.6859392225742322 3.5087679326534262 86.316299304366112 4.3692838400602332 102.47157506644726
leaf_count=15 46 29 14 270 14 488
internal_value=0.000108455 -0.0120508 0.00952251 0.0165244 0.0176948 -0.0145902
internal_weight=222.61 128.038 13.1947 94.5715 90.6856 114.843
internal_count=876 577 43 299 284 534
is_linear=0
shrinkage=0.02


Tree=110
num_leaves=7
num_cat=0
split_feature=38 41 28 28 47 40
split_gain=95.6023 16.3611 15.3011 6.69965 2.71742 1.74
threshold=0.038991839640575052 0.0021252109994881756 0.11000076801528812 0.076286760212673582 -0.0046630900794287491 0.045948685896307545
decision_type=2 2 2 2 2 2
left_child=1 5 4 -3 -2 -1
right_child=2 3 -4 -5 -6 -7
leaf_value=-0.014776034326567633 0.0013206963083848289 0.01895454475119232 -0.011081090783862543 -0.012226320481723658 0.021050474793228201 0.0011480934234291917
leaf_weight=97.110422015190125 3.0613069832324973 8.358384817838667 6.2595875710248938 3.109150528907775 64.600539118051529 2.6809180974960318
leaf_count=597 10 24 34 16 185 10
internal_value=-6.69818e-05 -0.0117435 0.0174295 0.010198 0.0201901 -0.0143411
internal_weight=185.18 111.259 73.9214 11.4675 67.6618 99.7913
internal_count=876 647 229 40 195 607
is_linear=0
shrinkage=0.02


Tree=111
num_leaves=7
num_cat=0
split_feature=28 14 14 38 44 75
split_gain=103.457 16.1382 10.2468 8.60642 6.03736 4.13582
threshold=0.14042933558932616 0.054005108208707749 -0.020242639836192049 0.060501921201270674 0.030380307703031687 0.23216666666666672
decision_type=2 2 2 2 2 2
left_child=2 -2 3 -1 5 -4
right_child=1 -3 4 -5 -6 -7
leaf_value=0.012514206871812046 0.017772880340479542 -0.012497171859409403 0.016386767224378339 -0.014629688594385909 -0.014944154128702782 -0.010370667513907432
leaf_weight=11.39064444601536 89.934437602758408 6.9426406621932975 3.6685124039649954 6.5197564810514441 107.2982901930809 3.6327858865261078
leaf_count=35 305 28 11 27 459 13
internal_value=-0.000121603 0.0154981 -0.0115716 0.00238215 -0.0137541 0.00342799
internal_weight=229.387 96.8771 132.51 17.9104 114.6 7.3013
internal_count=878 333 545 62 483 24
is_linear=0
shrinkage=0.02


Tree=112
num_leaves=7
num_cat=0
split_feature=30 47 48 17 12 50
split_gain=81.1924 22.0113 16.1093 6.54063 5.41638 5.15785
threshold=0.0078759962504703507 -0.012645043171722698 0.0045537195359995836 0.10432213930348259 19.738993710691826 0.0044626610523490024
decision_type=2 2 2 2 2 2
left_child=1 3 5 -1 -3 -2
right_child=2 4 -4 -5 -6 -7
leaf_value=0.00038925806191829045 0.015099860903865683 0.00961581870098655 -0.015214507966687675 0.01764102023433874 -0.014467632238065522 -0.0085511611937248502
leaf_weight=9.8654344975948316 9.5456552356481534 4.2992729842662838 94.399234414100647 83.25774447619915 13.051069229841231 4.8730943351984015
leaf_count=34 30 14 454 267 60 19
internal_value=-1.88073e-05 0.0120055 -0.0122242 0.0158369 -0.00830115 0.00707036
internal_weight=219.292 110.474 108.818 93.1232 17.3503 14.4187
internal_count=878 375 503 301 74 49
is_linear=0
shrinkage=0.02


Tree=113
num_leaves=7
num_cat=0
split_feature=38 40 66 24 40 31
split_gain=94.8733 21.0045 5.21175 4.69537 1.72792 1.59898
threshold=0.027231802444228511 0.010061858577998512 0.18502956738250859 0.22500000000000003 0.051211686687386765 -0.003742773046853234
decision_type=2 2 2 10 2 2
left_child=2 -2 4 -3 -1 -5
right_child=1 3 -4 5 -6 -7
leaf_value=-0.014356005220619009 -0.010541807985916305 0.02055418520985167 0.0086610599171617411 -0.010559098590663145 0.0044811950327937732 0.0099290548105452712
leaf_weight=93.261115506291389 10.110572993755339 69.88307112455368 3.6000693291425696 2.2513434886932373 1.5624685287475575 1.8764677792787541
leaf_count=581 54 202 15 14 6 6
internal_value=0.00017521 0.0156723 -0.0130944 0.0193462 -0.0140021 -0.00112536
internal_weight=182.545 84.1215 98.4237 74.0109 94.8236 4.12781
internal_count=878 276 602 222 587 20
is_linear=0
shrinkage=0.02


Tree=114
num_leaves=7
num_cat=0
split_feature=34 6 31 15 32 41
split_gain=74.863 16.8804 8.13044 4.87094 7.29683 4.21533
threshold=0.079793214688313283 223.43044542657833 0.012172953639390327 -0.00098432679956039358 0.063958936507230363 -0.0095472065250421217
decision_type=2 2 2 2 2 2
left_child=1 3 -2 4 5 -1
right_child=2 -3 -4 -5 -6 -7
leaf_value=0.0022421567191355163 0.01640869092548464 0.010514350080548161 -0.0093556847611268451 -0.013116749684366269 0.012565597381446579 -0.01394166504334202
leaf_weight=9.054703354835512 79.218067169189453 15.796471253037451 4.5947372615337363 99.380167618393898 7.1576732993125907 19.343024179339409
leaf_count=32 275 54 18 427 24 79
internal_value=-0.000147284 -0.00855866 0.0149026 -0.0108524 -0.00433767 -0.00888067
internal_weight=234.545 150.732 83.8128 134.936 35.5554 28.3977
internal_count=909 616 293 562 135 111
is_linear=0
shrinkage=0.02


Tree=115
num_leaves=7
num_cat=0
split_feature=42 46 41 46 49 44
split_gain=111.606 15.333 12.7124 6.61708 2.77892 2.41454
threshold=0.0024842732973173087 0.0042233526491819587 -0.0015328878267595139 0.069246920298800127 -0.018340610557290658 0.07518465528369199
decision_type=2 2 2 2 2 2
left_child=2 5 3 -1 -4 -2
right_child=1 -3 4 -5 -6 -7
leaf_value=0.018017232618219726 -0.0032602660873346672 -0.015313139454667597 0.0058753224085946847 -0.0077400914384157275 -0.015629362456170984 0.016988423279677839
leaf_weight=93.762701913714409 3.0846491754055005 108.79336233437061 3.2048786580562592 3.6363719552755347 5.2978533208370191 6.1912447512149811
leaf_count=299 11 535 10 14 21 19
internal_value=0.000112544 -0.013206 0.014946 0.0169867 -0.00775844 0.0105928
internal_weight=223.971 118.069 105.902 97.3991 8.50273 9.27589
internal_count=909 565 344 313 31 30
is_linear=0
shrinkage=0.02


Tree=116
num_leaves=7
num_cat=0
split_feature=38 41 40 67 47 47
split_gain=94.3611 21.0927 8.39113 7.13568 1.97511 1.7451
threshold=0.038991839640575052 -0.0013483051659850872 0.010061858577998512 0.088620794340095843 0.034306246117097712 -0.01650227738643564
decision_type=2 2 2 2 2 2
left_child=1 -1 4 -3 -2 -4
right_child=2 3 5 -5 -6 -7
leaf_value=-0.014748620577542537 -0.012736511865171088 -0.0084321402619330979 -0.00030822561086648887 0.019260385550997947 0.0081530064303929426 0.020075066391607988
leaf_weight=97.938810139894485 3.5884390473365775 4.9080604910850516 1.6927032619714726 10.05235995352268 2.124017134308815 65.716060817241669
leaf_count=628 18 23 7 31 8 194
internal_value=5.01173e-05 -0.0113798 0.0176134 0.0102162 -0.00491185 0.0195662
internal_weight=186.02 112.899 73.1212 14.9604 5.71246 67.4088
internal_count=909 682 227 54 26 201
is_linear=0
shrinkage=0.02


Tree=117
num_leaves=7
num_cat=0
split_feature=20 14 44 10 14 31
split_gain=89.3121 17.6932 9.62816 7.25656 6.6672 5.27182
threshold=0.12611655672732905 0.027731579531057305 0.07407757091967207 1.3689122095917476 -0.052886987210230309 -0.042667951082294896
decision_type=10 2 2 2 2 2
left_child=2 -2 3 5 -4 -1
right_child=1 -3 4 -5 -6 -7
leaf_value=0.011789309510783767 0.017798235202654219 -0.0090241204907743622 0.0072120898070749352 0.014444793514000723 -0.014737795783117744 -0.0099022963197533034
leaf_weight=4.5691535174846676 85.467713132500648 10.485472619533537 5.3029461652040473 7.8727009892463675 93.787460833787918 24.16444119811058
leaf_count=14 298 41 18 25 415 94
internal_value=0.000122332 0.0148043 -0.0102919 -0.00147223 -0.0135028 -0.00617246
internal_weight=231.65 95.9532 135.697 36.6063 99.0904 28.7336
internal_count=905 339 566 133 433 108
is_linear=0
shrinkage=0.02


Tree=118
num_leaves=7
num_cat=0
split_feature=42 46 19 46 15 14
split_gain=104.118 15.0353 14.7799 7.21864 2.94444 2.77703
threshold=0.0065093999710058572 0.005319536806507306 -0.044911138523130271 0.069246920298800127 0.074493829863060232 -0.01503128205574669
decision_type=2 2 2 2 2 2
left_child=2 -2 3 5 -3 -1
right_child=1 4 -4 -5 -6 -7
leaf_value=0.0008804401511743375 0.010185286734451638 -0.015830888578240145 -0.0085557456419276066 -0.0081990822229984755 0.0065185097201450231 0.018369837738404199
leaf_weight=3.8919906020164481 9.4067035466432554 102.97017343342304 9.7896967083215696 3.9746089428663245 1.9052599668502797 88.972972020506859
leaf_count=12 31 518 35 16 6 287
internal_value=1.34642e-05 -0.0131938 0.0141597 0.01652 -0.0153671 0.017654
internal_weight=220.911 114.282 106.629 96.8396 104.875 92.865
internal_count=905 555 350 315 524 299
is_linear=0
shrinkage=0.02


Tree=119
num_leaves=7
num_cat=0
split_feature=38 40 28 19 50 52
split_gain=85.9193 13.4147 12.6582 4.49246 3.26296 3.08585
threshold=0.038991839640575052 0.045948685896307545 0.11000076801528812 -0.021041829265697917 0.015979502785055884 0.014562304870421454
decision_type=2 2 2 2 2 2
left_child=1 3 5 -1 -5 -2
right_child=2 -3 -4 4 -6 -7
leaf_value=-0.014158468725848992 -0.0013248757004462597 0.012553394688163815 -0.010527458026088317 -0.011722392419251364 0.01354309582463133 0.020115685896928723
leaf_weight=96.764984712004662 2.6774201840162268 8.069160044193266 5.6249466985464087 2.6594769954681388 3.6895695179700851 63.273608893156052
leaf_count=627 10 26 32 13 11 186
internal_value=-0.00017114 -0.0111402 0.0167864 -0.0130971 0.00280492 0.0192385
internal_weight=182.759 111.183 71.576 103.114 6.34905 65.951
internal_count=905 677 228 651 24 196
is_linear=0
shrinkage=0.02


Tree=120
num_leaves=7
num_cat=0
split_feature=28 15 44 42 29 74
split_gain=97.809 13.8164 9.98257 5.44663 5.03569 4.08703
threshold=0.14042933558932616 0.062633350414234512 0.07407757091967207 0.048169184565967881 0.0073421629275645947 0.019416666666666669
decision_type=2 2 2 2 2 2
left_child=2 -2 3 4 5 -1
right_child=1 -3 -4 -5 -6 -7
leaf_value=0.0065592070108531691 0.017322087571333255 -0.012507990870156801 -0.014311137645999894 0.014666140950619591 0.011028587368120466 -0.012869766805258195
leaf_weight=4.7645861506462159 89.596553564071655 5.9708209037780753 97.766644388437271 5.5777392387390128 5.257970303297042 20.398221522569656
leaf_count=15 316 25 439 17 16 83
internal_value=-1.48696e-05 0.0153481 -0.0110233 -0.00194852 -0.00536468 -0.00908079
internal_weight=229.333 95.5674 133.765 35.9985 30.4208 25.1628
internal_count=911 341 570 131 114 98
is_linear=0
shrinkage=0.02


Tree=121
num_leaves=7
num_cat=0
split_feature=46 42 18 42 16 1
split_gain=104.101 21.4049 11.8984 7.2231 2.67823 1.74753
threshold=0.020474291534204814 1.0000000180025095e-35 -0.015110818462147622 0.037041827492552533 -0.022945482497334409 0.28989813242784385
decision_type=2 2 2 2 2 2
left_child=3 2 -2 5 -4 -1
right_child=1 -3 4 -5 -6 -7
leaf_value=0.002299193629295078 0.016369749179017935 -0.015608689495021998 0.004044454486885363 -0.0068908147030037302 -0.015889691952532831 0.017980383813720018
leaf_weight=3.264226406812667 14.267163097858431 99.938615813851357 3.3651966452598572 4.6473681926727286 7.9490947276353818 86.722430527210236
leaf_count=10 44 513 11 18 31 284
internal_value=0.000443261 -0.0114618 0.00471668 0.0161885 -0.0101137 0.0174431
internal_weight=220.154 125.52 25.5815 94.634 11.3143 89.9867
internal_count=911 599 86 312 42 294
is_linear=0
shrinkage=0.02


Tree=122
num_leaves=7
num_cat=0
split_feature=39 40 40 62 20 26
split_gain=84.735 15.0546 12.6985 3.17859 2.97089 2.83878
threshold=-0.0074109369742668399 0.045187630759657621 0.0086757286053503555 0.79782258381480187 0.1411001175204267 0.023851051127412041
decision_type=2 2 2 2 8 2
left_child=1 3 -2 -1 -4 -3
right_child=2 5 4 -5 -6 -7
leaf_value=-0.014525756254422763 -0.0085841846617532337 -0.00335817262276555 0.019693467977490602 0.0026613467050581275 -0.0028717049007700498 0.020300707686293881
leaf_weight=96.08271312713623 6.909506455063819 2.566570580005644 62.831739380955696 4.2062213271856299 2.1758613139390937 5.5843015015125275
leaf_count=633 33 11 187 21 10 16
internal_value=-0.000521645 -0.0116471 0.0161835 -0.0137858 0.0189061 0.0132981
internal_weight=180.357 108.44 71.9171 100.289 65.0076 8.15087
internal_count=911 681 230 654 197 27
is_linear=0
shrinkage=0.02


Tree=123
num_leaves=7
num_cat=0
split_feature=28 42 42 44 6 73
split_gain=92.8502 13.2985 8.2311 5.95968 6.44396 4.04622
threshold=0.14042933558932616 0.016002451650432133 0.082878638474992813 0.07407757091967207 227.4321266968326 0.089607843137254908
decision_type=2 2 2 2 2 2
left_child=2 -2 3 4 5 -1
right_child=1 -3 -4 -5 -6 -7
leaf_value=-0.011055210863668776 -0.0084501071750357343 0.017536972118092409 0.010474899752232588 -0.015220302889061572 0.016826670065449422 0.010080845715650766
leaf_weight=25.903471022844318 8.1351004689931852 80.008762270212173 5.8054338395595542 89.785554438829422 3.7469304203987113 3.3901810795068732
leaf_count=104 32 288 19 412 11 11
internal_value=-0.000644395 0.0150706 -0.0114462 -0.0125585 -0.00509074 -0.00835709
internal_weight=216.775 88.1439 128.632 122.826 33.0406 29.2937
internal_count=877 320 557 538 126 115
is_linear=0
shrinkage=0.02


Tree=124
num_leaves=7
num_cat=0
split_feature=42 47 15 50 50 14
split_gain=98.8492 17.3795 11.6563 5.20528 1.65026 2.23888
threshold=1.0000000180025095e-35 -0.01284433322148811 0.081617648430370351 0.013189303145513016 -8.5754058795759974e-05 -0.0075234680614088409
decision_type=2 2 2 2 2 2
left_child=1 -1 4 -3 5 -2
right_child=2 3 -4 -5 -6 -7
leaf_value=0.017504325141743222 -0.013502450579129979 0.009313545155691284 0.012644478944419883 -0.015370614190628096 -0.015530108218206336 0.0060327092117010228
leaf_weight=87.284109443426132 4.2287644594907761 4.497807413339614 5.8544238507747641 8.5413855463266355 93.540871575474739 3.4574606567621222
leaf_count=287 19 14 19 36 490 12
internal_value=0.000118188 0.0143096 -0.013187 -0.00679903 -0.01479 -0.00503217
internal_weight=207.405 100.323 107.082 13.0392 101.227 7.68623
internal_count=877 337 540 50 521 31
is_linear=0
shrinkage=0.02


Tree=125
num_leaves=7
num_cat=0
split_feature=39 38 50 41 39 6
split_gain=89.9673 11.7435 7.77174 5.22573 3.4125 2.45459
threshold=-0.0074109369742668399 0.054080530104933341 0.0079147402953547753 0.027707616961074082 0.025897916553492363 186.89327565789478
decision_type=2 2 2 2 2 2
left_child=1 3 4 -1 -2 -3
right_child=2 5 -4 -5 -6 -7
leaf_value=-0.014579454877739014 -0.013401400767226021 0.017315882807098587 0.019021657548674315 0.013103236856999895 0.01090923570473999 -0.0053866977471090398
leaf_weight=89.504212975502014 3.9851550161838523 5.430523306131362 68.398885309696198 2.0751895606517783 3.3323939442634583 2.1517520993947983
leaf_count=603 21 16 210 6 10 11
internal_value=0.000657855 -0.0118292 0.0169525 -0.0138174 -0.00234985 0.0109962
internal_weight=174.878 99.1617 75.7164 91.5794 7.31755 7.58228
internal_count=877 636 241 609 31 27
is_linear=0
shrinkage=0.02


Tree=126
num_leaves=7
num_cat=0
split_feature=42 6 31 0 34 41
split_gain=77.4503 14.7184 13.5198 4.90659 3.94958 3.47936
threshold=0.051968603361436133 276.78024598039218 0.025625191485853124 0.090097402597402607 0.028203927323840656 0.014112465266538858
decision_type=2 2 2 2 2 2
left_child=1 3 5 4 -1 -2
right_child=2 -3 -4 -5 -6 -7
leaf_value=-0.0084115679428736542 0.017250565987939767 0.011581550306388575 -0.013746814507277761 -0.012739183274789191 0.015596723035670846 -0.0055539163276617232
leaf_weight=5.3154205083847028 80.227144300937653 11.234603777527807 5.6017838120460501 112.48020243644714 3.8672496825456619 2.3275441378355017
leaf_count=21 291 39 26 507 12 10
internal_value=4.87312e-05 -0.00956821 0.0144912 -0.0115997 0.00223817 0.0165488
internal_weight=221.054 132.897 88.1565 121.663 9.18267 82.5547
internal_count=906 579 327 540 33 301
is_linear=0
shrinkage=0.02


Tree=127
num_leaves=7
num_cat=0
split_feature=46 14 15 47 19 34
split_gain=98.1161 10.2072 9.7357 5.70956 1.94547 1.48247
threshold=0.029851669877600743 -0.04128658979800013 0.085978486056971712 -0.0054815010343320916 -0.046380575673008455 0.095827435757271026
decision_type=2 2 2 2 2 2
left_child=1 -1 -2 4 5 -3
right_child=2 3 -4 -5 -6 -7
leaf_value=-0.011976435632624126 -0.014135724182948705 0.018076341933481867 0.012787974296220448 -0.0059336585418115397 0.0048134854035586606 0.003794315868172604
leaf_weight=4.9242511540651313 105.45055125653744 82.808767110109329 4.9081454277038565 4.1851145625114432 6.0618654340505591 3.6392048299312583
leaf_count=22 542 279 16 15 19 13
internal_value=0.000167295 0.0142744 -0.0128342 0.0157202 0.0167528 0.0175254
internal_weight=211.978 101.619 110.359 96.695 92.5098 86.448
internal_count=906 348 558 326 311 292
is_linear=0
shrinkage=0.02


Tree=128
num_leaves=7
num_cat=0
split_feature=38 28 41 43 40 18
split_gain=83.0136 20.718 6.02086 4.1153 3.67466 2.17491
threshold=0.027231802444228511 0.10222711906829415 0.0021252109994881756 -0.0039224906105477927 0.0080733225841550984 0.067741848459074647
decision_type=2 2 2 2 2 2
left_child=2 4 5 -4 -2 -1
right_child=1 -3 3 -5 -6 -7
leaf_value=-0.014676481194772566 -0.00073238917111197708 -0.01361971097770091 0.017515356486747211 -0.01156985797765493 0.019267914556649713 0.0027667274211455356
leaf_weight=86.389583453536034 3.8071409165859214 8.4965187311172468 3.5889071077108383 2.4802932888269416 67.443240568041801 2.6550814360380164
leaf_count=594 15 56 11 13 204 13
internal_value=-0.000264136 0.0146866 -0.0128218 0.00567389 0.0182039 -0.0141314
internal_weight=174.861 79.7469 95.1139 6.0692 71.2504 89.0447
internal_count=906 275 631 24 219 607
is_linear=0
shrinkage=0.02


Tree=129
num_leaves=7
num_cat=0
split_feature=28 14 74 42 42 28
split_gain=89.8847 12.8067 8.6541 6.22398 3.23923 2.6603
threshold=0.14042933558932616 0.090845224584068004 0.018750000000000003 0.071441035633486097 -1.7457833721610198e-05 0.024810447809454687
decision_type=2 2 2 2 2 2
left_child=2 -2 4 -4 -1 -6
right_child=1 -3 3 -5 5 -7
leaf_value=-0.0084827612302125609 0.016762864382179783 -0.013602943956398472 -0.01450194925549249 0.0070033568534115407 -0.0039200641476336232 0.017110542613967415
leaf_weight=5.3226815313100806 83.203355044126511 5.219488561153411 102.769865244627 5.109179124236106 3.2518309503793699 5.7330462634563446
leaf_count=21 306 24 481 18 13 17
internal_value=-0.000426681 0.0148383 -0.0115043 -0.0134285 0.00293351 0.00986879
internal_weight=210.609 88.4228 122.187 107.879 14.3076 8.98488
internal_count=880 330 550 499 51 30
is_linear=0
shrinkage=0.02


Tree=130
num_leaves=7
num_cat=0
split_feature=42 51 14 50 17 40
split_gain=95.7121 11.7152 9.80355 6.34845 4.06622 1.829
threshold=0.0065093999710058572 0.0055123050795253476 0.073335401401556685 0.016130320508044433 0.08951465201465203 0.032164722133654906
decision_type=2 2 2 2 2 2
left_child=1 4 -2 -4 -1 -6
right_child=2 -3 3 -5 5 -7
leaf_value=-7.1440390571718163e-05 -0.014953292895634782 -0.013666370865346007 0.014229027016513159 -0.013138581363440729 0.017868903710463683 0.003817049386184543
leaf_weight=5.7824650555849066 90.372166082262993 4.8301162570714942 7.7129393666982633 4.5980335474014282 85.439594238996506 4.5207096338272086
leaf_count=19 485 22 25 23 291 15
internal_value=0.000830351 0.0146249 -0.0126914 0.00378834 0.0161787 0.0172125
internal_weight=203.256 100.573 102.683 12.311 95.7428 89.9603
internal_count=880 347 533 48 325 306
is_linear=0
shrinkage=0.02


Tree=131
num_leaves=7
num_cat=0
split_feature=41 20 20 30 20 19
split_gain=65.8954 10.6524 6.33531 5.13334 4.25757 2.80524
threshold=-0.0011903653880699369 0.0048653806479038867 0.14386751222922736 0.10470038843040542 0.13550661229319932 -0.076276348741378661
decision_type=2 8 8 2 10 2
left_child=1 -1 -2 5 -5 -3
right_child=2 3 -4 4 -6 -7
leaf_value=0.0127483646549079 0.018458832050085579 -0.014247114378155906 -0.0082276510109444596 0.016531506155643933 -0.011163573454524508 -0.0055459558498917594
leaf_weight=7.1798267066478729 53.606070935726166 74.378986075520515 3.2563643604516974 4.0213959813117972 3.0619948953390121 20.686104886233807
leaf_count=25 167 529 19 12 23 105
internal_value=-0.000474395 -0.00953752 0.0168148 -0.0112124 0.00465954 -0.0124312
internal_weight=166.191 109.328 56.8624 102.148 7.08339 95.0651
internal_count=880 694 186 669 35 634
is_linear=0
shrinkage=0.02


Tree=132
num_leaves=7
num_cat=0
split_feature=28 42 44 41 46 47
split_gain=82.2705 14.048 8.35788 6.86042 10.4522 6.71364
threshold=0.14042933558932616 0.016002451650432133 0.076329722014115683 0.004995613885987499 0.002138375346397423 0.0011485658930781991
decision_type=2 2 2 2 2 2
left_child=2 -2 3 4 -1 -6
right_child=1 -3 -4 -5 5 -7
leaf_value=-0.014688713200682876 -0.0086909997687366052 0.017157973879896864 -0.013862173096004403 -0.014223497578702473 0.020659228916165794 -0.0039966885948706302
leaf_weight=7.7906223237514522 8.77259813249111 80.204755306243896 87.361221849918365 12.249366268515585 11.091878533363344 6.5165923386812201
leaf_count=34 36 303 416 54 33 25
internal_value=-6.65667e-05 0.0145412 -0.0104967 -0.00253071 0.00343362 0.0118101
internal_weight=213.987 88.9774 125.01 37.6485 25.3991 17.6085
internal_count=901 339 562 146 92 58
is_linear=0
shrinkage=0.02


Tree=133
num_leaves=7
num_cat=0
split_feature=42 18 46 30 14 17
split_gain=91.0356 16.7765 13.3863 6.97978 1.68692 0.867393
threshold=0.0024842732973173087 -0.0032158586722955125 1.0000000180025095e-35 -1.0000000180025095e-35 0.11368329261683945 0.085006021678040958
decision_type=2 2 2 2 2 2
left_child=1 5 -2 -3 -4 -1
right_child=2 3 4 -5 -6 -7
leaf_value=0.0054133060492163173 0.011596099250446282 0.010691208762473569 -0.015444982911010371 -0.014489433676389041 0.0026635622054609642 0.017710972439021009
leaf_weight=3.4814269095659247 7.4170676469802848 6.4092527925968197 96.69873046875 10.049497365951536 1.8242337256669987 77.30887708067894
leaf_count=11 25 21 529 41 7 267
internal_value=-0.000360102 0.0135401 -0.0131272 -0.00463304 -0.0150863 0.0172537
internal_weight=203.189 97.2491 105.94 16.4588 98.523 80.7903
internal_count=901 340 561 62 536 278
is_linear=0
shrinkage=0.02


Tree=134
num_leaves=7
num_cat=0
split_feature=38 41 28 31 66 47
split_gain=80.3675 15.401 9.28059 5.95888 2.93772 2.11273
threshold=0.038991839640575052 -0.0013483051659850872 0.11000076801528812 -0.023230194900325792 0.20454205886747351 -0.0054815010343320916
decision_type=2 2 2 2 2 2
left_child=1 4 5 -3 -1 -2
right_child=2 3 -4 -5 -6 -7
leaf_value=-0.014473302867045986 0.0021773482994468267 -0.0099270451203698172 -0.0095548478418992742 0.017072052006450577 0.0090763717219193314 0.019351155312412553
leaf_weight=85.997736945748329 3.2824015468358985 4.0360350161790839 4.4551941007375708 9.1568203717470151 1.5383728444576252 63.251447737216949
leaf_count=611 11 22 26 29 6 196
internal_value=0.000508574 -0.0109379 0.0166767 0.00869485 -0.0139616 0.0185487
internal_weight=171.718 100.729 70.989 13.1929 87.5361 66.5338
internal_count=901 668 233 51 617 207
is_linear=0
shrinkage=0.02


Tree=135
num_leaves=7
num_cat=0
split_feature=28 15 74 20 18 69
split_gain=81.9583 11.8682 5.68942 3.30306 7.25147 3.04482
threshold=0.14042933558932616 0.062633350414234512 0.018750000000000003 0.081760024571854981 -0.034883384966522539 0.35637109030766684
decision_type=2 2 2 10 2 2
left_child=2 -2 5 -4 -5 -1
right_child=1 -3 3 4 -6 -7
leaf_value=-0.012931211379247961 0.016651274294802385 -0.012161845942267505 -0.014309366248445463 -0.014241796009011777 0.0066813213661945916 0.0073417582260419494
leaf_weight=3.1510495990514746 78.242306515574455 5.4608263522386542 83.601293280720711 15.161213889718058 10.442347034811972 9.4367741495370847
leaf_count=13 300 24 403 75 36 33
internal_value=-0.000486449 0.0146501 -0.0109238 -0.0123797 -0.00577798 0.00168873
internal_weight=205.496 83.7031 121.793 109.205 25.6036 12.5878
internal_count=884 324 560 514 111 46
is_linear=0
shrinkage=0.02


Tree=136
num_leaves=7
num_cat=0
split_feature=42 47 46 28 44 17
split_gain=83.4581 17.8892 12.5714 4.84606 3.132 2.34538
threshold=0.0024842732973173087 -0.007419507890758458 0.0099345188642554916 0.14153396847183222 0.13342876825054348 0.085006021678040958
decision_type=2 2 2 2 2 2
left_child=1 5 3 -2 -3 -1
right_child=2 4 -4 -5 -6 -7
leaf_value=0.00092588966594019779 0.015585936500624557 -0.013371479450109873 -0.015057539383112158 -0.01215034713746263 0.0082499021159482405 0.017330548363933825
leaf_weight=3.765840768814086 7.4733425974845868 9.8895099461078626 90.570696800947189 2.732621356844902 2.8030031621456137 79.29453107714653
leaf_count=11 24 42 508 12 10 277
internal_value=-5.26027e-05 0.0132474 -0.0126956 0.00773805 -0.00834284 0.0166066
internal_weight=196.53 95.7529 100.777 10.206 12.6925 83.0604
internal_count=884 340 544 36 52 288
is_linear=0
shrinkage=0.02


Tree=137
num_leaves=7
num_cat=0
split_feature=39 28 46 28 46 65
split_gain=76.3145 9.1412 7.44502 4.98277 3.48722 2.92818
threshold=-0.0079331356917668166 0.0015404062641202478 0.052581103981780293 -1.0000000180025095e-35 0.032703867146465747 0.1281019088669951
decision_type=2 2 2 2 2 2
left_child=1 4 3 -2 -1 -3
right_child=2 5 -4 -5 -6 -7
leaf_value=-0.0099562588153501528 0.01586368925080479 0.00024644927758178637 0.018366657823497529 -0.012022042286117297 0.017482094198471684 -0.013941953557992468
leaf_weight=1.8949405848979939 3.2263199537992477 6.2266272604465476 63.407463192939758 5.5232762023806554 5.1175745129585266 80.813339218497276
leaf_count=12 10 34 202 29 15 582
internal_value=0.000662882 -0.0111594 0.0160145 -0.00116703 0.0097504 -0.0129357
internal_weight=166.21 94.0525 72.1571 8.7496 7.01252 87.04
internal_count=884 643 241 39 27 616
is_linear=0
shrinkage=0.02


Tree=138
num_leaves=7
num_cat=0
split_feature=20 42 42 26 38 75
split_gain=72.576 15.5234 5.76952 4.10254 4.49545 4.08812
threshold=0.11718930288527453 -0.0001636010358037902 0.091005961006516117 -0.059773409573351248 0.070239815282668053 0.34325000000000011
decision_type=8 2 2 2 2 2
left_child=2 -2 3 4 -1 -5
right_child=1 -3 -4 5 -6 -7
leaf_value=0.0089398623400139734 -0.011401460449042659 0.016041630009615004 0.0097382622226528 -0.013414615380598341 -0.013572514479333194 0.005704638423289006
leaf_weight=7.5732994228601438 8.4197439253330213 84.264112532138824 4.8040333539247504 93.275093093514442 5.0540170222520828 4.168401524424552
leaf_count=27 38 326 17 449 24 16
internal_value=0.000365333 0.0134535 -0.0102195 -0.0111704 -0.000405371 -0.0125471
internal_weight=207.559 92.6839 114.875 110.071 12.6273 97.4435
internal_count=897 364 533 516 51 465
is_linear=0
shrinkage=0.02


Tree=139
num_leaves=7
num_cat=0
split_feature=2 30 0 47 47 20
split_gain=65.9171 15.7697 14.7339 6.46224 3.48038 2.83466
threshold=0.32373653686826848 -0.0076658674143759353 0.11077027948193593 -0.02270232638147408 -0.043181039583134802 0.15244409597521272
decision_type=2 2 2 2 2 8
left_child=2 3 4 -2 -1 -4
right_child=1 -3 5 -5 -6 -7
leaf_value=0.0081539798350385127 0.013086169289023238 -0.013428581927391605 0.017444621207898438 -0.011363249515897216 -0.014077508373086385 -0.0028414561250711327
leaf_weight=3.3281611949205399 13.912913784384729 95.562670722603798 67.50688199698925 5.2119262516498557 7.9667119383811933 2.6003700643777838
leaf_count=10 50 522 241 29 35 10
internal_value=-0.000396903 -0.0101319 0.0132753 0.00618963 -0.00739635 0.0166628
internal_weight=196.09 114.688 81.4021 19.1248 11.2949 70.1073
internal_count=897 601 296 79 45 251
is_linear=0
shrinkage=0.02


Tree=140
num_leaves=7
num_cat=0
split_feature=38 41 28 28 66 52
split_gain=73.419 14.1286 10.2089 5.10654 1.58383 1.49844
threshold=0.038991839640575052 0.0021252109994881756 0.11000076801528812 0.076286760212673582 0.19190055536919007 0.014806053481072281
decision_type=2 2 2 2 2 2
left_child=1 4 5 -3 -1 -2
right_child=2 3 -4 -5 -6 -7
leaf_value=-0.014029420931277681 0.0032009880617587033 0.017362709812427168 -0.0099582859794253697 -0.011213064253422157 0.0045017022290539839 0.018933741971315744
leaf_weight=85.472277544438839 2.9936114698648444 8.0844470262527448 4.9735430032014838 2.6672086566686621 1.4506441801786412 58.906211614608765
leaf_count=621 11 24 31 16 7 187
internal_value=1.22748e-05 -0.0110009 0.0160232 0.00992285 -0.0136725 0.0182359
internal_weight=164.548 97.6746 66.8734 10.7517 86.9229 61.8998
internal_count=897 668 229 40 628 198
is_linear=0
shrinkage=0.02


Tree=141
num_leaves=7
num_cat=0
split_feature=28 14 42 38 14 28
split_gain=81.4003 9.2993 8.07629 5.62153 5.21501 5.45424
threshold=0.14373778746385865 0.090845224584068004 0.066252171373528443 0.043945279609495735 -0.025957329147263699 0.062516793501303639
decision_type=2 2 2 2 2 2
left_child=2 -2 4 -4 5 -1
right_child=1 -3 3 -5 -6 -7
leaf_value=-0.011621686046359776 0.016395698397089077 -0.012743311255898797 0.017545104046524623 -0.012436570183606435 -0.013468982471058918 0.013676843809287815
leaf_weight=6.0743960142135602 81.35937163233757 3.9172616600990287 5.9103568196296674 3.048195943236351 99.0491603910923 5.5809103697538376
leaf_count=29 320 19 18 14 485 17
internal_value=9.13072e-05 0.014925 -0.0105158 0.00711923 -0.0119939 0.000615526
internal_weight=204.94 85.2766 119.663 8.95855 110.704 11.6553
internal_count=902 339 563 32 531 46
is_linear=0
shrinkage=0.02


Tree=142
num_leaves=7
num_cat=0
split_feature=46 42 42 51 19 0
split_gain=83.84 12.6385 9.9982 5.8923 3.46556 1.75048
threshold=0.029851669877600743 0.037041827492552533 -1.7457833721610198e-05 -5.0962383033340225e-05 -0.026649452268898473 0.13487525987525992
decision_type=2 2 2 2 2 2
left_child=1 4 3 5 -1 -2
right_child=2 -3 -4 -5 -6 -7
leaf_value=0.01662756606500565 -0.0031797579359638217 -0.010252126308537904 -0.015196043647035907 -0.013807265841692602 -0.0038332528454942828 0.014461933638375842
leaf_weight=81.63455206155777 2.5757302790880194 7.452813208103179 86.12927483022213 5.2653459310531607 3.0974819362163535 8.0386803448200208
leaf_count=293 10 33 505 25 10 26
internal_value=-0.000100081 0.0136465 -0.0125346 0.0019455 0.0158436 0.0102758
internal_weight=194.194 92.1848 102.009 15.8798 84.732 10.6144
internal_count=902 336 566 61 303 36
is_linear=0
shrinkage=0.02


Tree=143
num_leaves=7
num_cat=0
split_feature=38 28 40 41 28 40
split_gain=73.835 17.9134 5.40555 4.64276 3.24381 1.44385
threshold=0.024529950270922165 0.11955350104600689 0.0080733225841550984 0.0021252109994881756 0.11290454205342343 0.045948685896307545
decision_type=2 2 2 2 2 2
left_child=3 2 -2 5 -5 -1
right_child=1 -3 -4 4 -6 -7
leaf_value=-0.014440760248253361 -0.0062187907660899199 -0.013245065749460412 0.018684793074582106 0.013409236904844569 -0.011550616373787743 0.0023548853610398332
leaf_weight=77.131558239459991 3.2222749739885321 7.8066540062427512 65.475791871547699 3.8875328153371802 2.6698280870914459 1.8353882282972325
leaf_count=585 15 57 209 12 16 8
internal_value=4.48682e-06 0.0141822 0.0174442 -0.0126953 0.00306315 -0.0140258
internal_weight=162.029 76.5047 68.6981 85.5243 6.55736 78.9669
internal_count=902 281 224 621 28 593
is_linear=0
shrinkage=0.02


Tree=144
num_leaves=7
num_cat=0
split_feature=14 20 24 14 44 70
split_gain=68.4433 10.6268 9.2561 6.76221 4.91863 3.06758
threshold=-0.023030265626988424 0.079127559384970833 0.45000000000000007 0.092290094437561046 0.062993750448413502 70.200814697813627
decision_type=2 8 10 2 2 2
left_child=1 -1 4 -4 5 -2
right_child=2 -3 3 -5 -6 -7
leaf_value=-0.0063605786562131892 -0.010626393573679086 0.016310854969823024 0.013348386032403061 -0.013273242326052689 -0.014410623296686621 0.0041489748984518239
leaf_weight=8.7825617492198926 10.186554208397867 72.771139457821846 10.129432186484335 4.8687769025564185 79.571176141500473 10.488711789250372
leaf_count=38 43 290 38 24 410 39
internal_value=-0.000104032 0.0138219 -0.00999293 0.00441689 -0.0121712 -0.00328514
internal_weight=196.798 81.5537 115.245 14.9982 100.246 20.6753
internal_count=882 328 554 62 492 82
is_linear=0
shrinkage=0.02


Tree=145
num_leaves=7
num_cat=0
split_feature=46 2 44 17 46 14
split_gain=77.8071 14.2942 7.22346 5.46036 3.62464 1.96865
threshold=0.020474291534204814 0.28341924398625434 0.039237907562878906 0.085006021678040958 -0.0052076279289635227 -0.023030265626988424
decision_type=2 2 2 2 2 2
left_child=2 3 4 -2 -1 -4
right_child=1 -3 5 -5 -6 -7
leaf_value=0.0095828820377392449 -0.0097093735199075531 -0.013870051674521712 -0.00056134941249399658 0.016051152202559465 -0.014961227090422783 0.017118103815408941
leaf_weight=3.7108226418495178 4.0859935730695716 91.614574447274208 2.543315351009368 9.0758752375841123 3.9930478334426871 73.157594740390778
leaf_count=12 17 527 10 31 15 270
internal_value=0.000347118 -0.0110821 0.0146661 0.00793311 -0.00339606 0.0165246
internal_weight=188.181 104.776 83.4048 13.1619 7.70387 75.7009
internal_count=882 575 307 48 27 280
is_linear=0
shrinkage=0.02


Tree=146
num_leaves=7
num_cat=0
split_feature=38 40 50 28 28 47
split_gain=67.3438 9.40703 7.91083 7.90698 7.09959 1.71411
threshold=0.038991839640575052 0.020335502331026826 0.0094282828965074148 0.11501683436997946 0.10011550074792687 -0.0054815010343320916
decision_type=2 2 2 2 2 2
left_child=1 -1 -3 5 -4 -2
right_child=3 2 4 -5 -6 -7
leaf_value=-0.014263013869163439 0.0015265095426223254 -0.013864621263569172 0.018720274021799582 -0.0090968558148744692 -0.01204887985697478 0.018568469904154093
leaf_weight=72.804786317050457 2.6619729548692694 7.8756846636533764 9.4915623366832715 4.1263244077563277 3.4087823927402487 54.384490817785263
leaf_count=564 10 54 29 26 22 177
internal_value=-0.000289501 -0.0109161 0.000928821 0.0158809 0.0103079 0.0178132
internal_weight=154.754 93.5808 20.776 61.1728 12.9003 57.0465
internal_count=882 669 105 213 51 187
is_linear=0
shrinkage=0.02


Tree=147
num_leaves=7
num_cat=0
split_feature=28 14 44 47 42 42
split_gain=72.5291 10.453 8.11644 5.53477 4.46161 2.40726
threshold=0.14042933558932616 0.094492715292091176 0.069080090261129448 0.0048624220699149271 -1.7457833721610198e-05 0.07569169988431669
decision_type=2 2 2 2 2 2
left_child=2 -2 3 4 -1 -4
right_child=1 -3 5 -5 -6 -7
leaf_value=-0.0060096666052430071 0.016084100627790403 -0.012987364871386201 -0.013987043110700384 -0.011857080119289983 0.012954644671627753 0.00084265835299777352
leaf_weight=7.5392335355281874 77.88982829451561 4.5529794245958319 80.901879444718361 10.79508091509342 11.303731873631477 4.5092925727367392
leaf_count=32 316 23 421 50 36 18
internal_value=0.000121154 0.0143422 -0.0101052 -0.00103736 0.00544639 -0.0132034
internal_weight=197.492 82.4428 115.049 29.638 18.843 85.4112
internal_count=896 339 557 118 68 439
is_linear=0
shrinkage=0.02


Tree=148
num_leaves=7
num_cat=0
split_feature=42 18 15 16 48 14
split_gain=75.1074 13.647 9.49488 6.97461 3.45244 1.572
threshold=0.0024842732973173087 -0.005092113659051766 0.070516206618957314 -0.0039471743784645621 0.031297923252918261 0.081267459786711835
decision_type=2 2 2 2 2 2
left_child=1 -1 5 4 -3 -2
right_child=2 3 -4 -5 -6 -7
leaf_value=0.01650690821138653 -0.014915483914140883 0.015224970197232677 0.010207691996857636 -0.014305715178852213 -0.0084452548212344391 -0.0027208058974158324
leaf_weight=72.029733583331108 85.12822750210762 7.4362740516662615 6.1123314052820197 9.0559082329273206 2.7334958612918854 4.9719016253948203
leaf_count=266 511 26 22 37 10 24
internal_value=-0.000370048 0.0125581 -0.0126351 -0.00232107 0.00867625 -0.0142798
internal_weight=187.468 91.2554 96.2125 19.2257 10.1698 90.1001
internal_count=896 339 557 73 36 535
is_linear=0
shrinkage=0.02


Tree=149
num_leaves=7
num_cat=0
split_feature=39 41 50 20 10 64
split_gain=63.523 10.4723 8.99963 3.11943 2.59933 1.67403
threshold=-0.0074109369742668399 0.010411457911625236 0.0079147402953547753 0.087527082063021414 0.36116964382224875 0.19320655653732874
decision_type=2 2 2 10 2 2
left_child=1 5 -2 -4 -3 -1
right_child=2 4 3 -5 -6 -7
leaf_value=-0.0022708152458611143 -0.0068407611943724512 0.016788719094837926 0.018291853920535377 0.0017345050076367503 -0.0039493816199711188 -0.013838299815753416
leaf_weight=5.8237708657979956 6.5287420675158492 5.3681644350290281 56.969724088907242 5.179852381348609 3.381779283285141 74.732470259070396
leaf_count=37 32 17 189 23 16 582
internal_value=0.000287413 -0.0107844 0.0146328 0.0169612 0.00919062 -0.0130401
internal_weight=157.985 89.3062 68.6783 62.1496 8.74994 80.5562
internal_count=896 652 244 212 33 619
is_linear=0
shrinkage=0.02


Tree=150
num_leaves=7
num_cat=0
split_feature=28 42 42 74 40 16
split_gain=71.7633 8.65864 7.70775 5.36187 4.54449 2.96522
threshold=0.14373778746385865 0.066252171373528443 0.016002451650432133 0.018750000000000003 0.058516948829946409 -0.022945482497334409
decision_type=2 2 2 2 2 2
left_child=1 3 -2 5 -3 -1
right_child=2 4 -4 -5 -6 -7
leaf_value=-0.012787922297450825 -0.0063715493253700154 0.016674883434998178 0.016513490319269519 -0.01327369080070253 -0.01135446699992146 0.0071313833034754286
leaf_weight=3.3610789179801932 5.8713785409927359 6.3257010430097562 74.667267829179764 88.9753777384758 2.5539268404245377 8.5243534147739393
leaf_count=15 24 20 312 462 13 30
internal_value=0.000551022 -0.0099363 0.0147875 -0.0116056 0.00827989 0.000943133
internal_weight=190.279 109.74 80.5386 100.861 8.87963 11.8854
internal_count=876 540 336 507 33 45
is_linear=0
shrinkage=0.02


Tree=151
num_leaves=7
num_cat=0
split_feature=46 42 42 18 44 44
split_gain=72.0455 12.3833 10.3827 8.65041 4.73345 0.374129
threshold=0.028797711331442395 0.037041827492552533 -1.7457833721610198e-05 -0.015110818462147622 0.039237907562878906 0.077820676126642535
decision_type=2 2 2 2 2 2
left_child=1 4 3 -2 -1 -3
right_child=2 5 -4 -5 -6 -7
leaf_value=-0.0029747632355212805 0.014118115520257386 -0.013624294904484172 -0.015177270437679431 -0.012525860587941319 0.016967604983492687 -0.0019298210310924014
leaf_weight=4.8151537477970114 9.3800104409456271 5.0728112757205954 80.277671977877617 8.202528387308119 68.777921065688133 1.785807281732559
leaf_count=16 31 25 501 36 259 8
internal_value=-0.00069011 0.0132416 -0.0121616 0.00168312 0.0156404 -0.0112124
internal_weight=178.312 80.4517 97.8602 17.5825 73.5931 6.85862
internal_count=876 308 568 67 275 33
is_linear=0
shrinkage=0.02


Tree=152
num_leaves=7
num_cat=0
split_feature=38 41 27 20 46 66
split_gain=63.0315 13.2811 5.72511 3.90211 3.66188 1.64049
threshold=0.038991839640575052 0.0031290736119562201 -0.16130372238092031 0.090598990044758007 0.035535050704177 0.19363283229184261
decision_type=2 2 2 10 2 2
left_child=1 5 -2 -3 -4 -1
right_child=2 3 4 -5 -6 -7
leaf_value=-0.013817325089441113 -0.0072205058462833415 0.01685361604983773 -0.0052198765279299056 -0.007939299105298659 0.018030855440487829 0.0055767617261660921
leaf_weight=77.229219749569893 3.6466627791523925 7.5334110558032972 2.4297246783971778 2.9161432087421417 55.861319094896317 1.2832136824727047
leaf_count=607 24 23 10 18 188 6
internal_value=0.000120777 -0.0106207 0.0154725 0.00984557 0.01699 -0.0134342
internal_weight=150.9 88.962 61.9377 10.4496 58.291 78.5124
internal_count=876 654 222 41 198 613
is_linear=0
shrinkage=0.02


Tree=153
num_leaves=7
num_cat=0
split_feature=28 2 6 45 7 0
split_gain=69.6988 5.79541 5.23478 3.22896 3.43636 3.32282
threshold=0.14373778746385865 0.31046218487394966 266.1233678528709 -0.040310148951062517 222.09781122165853 0.090097402597402607
decision_type=2 2 2 2 2 2
left_child=2 -2 3 4 -1 -5
right_child=1 -3 -4 5 -6 -7
leaf_value=-0.012381583519765635 -0.0088915008719714014 0.01572321531703768 0.0080137546862431939 0.0014222496382947786 0.012071439667293009 -0.012708062131336699
leaf_weight=3.0383822172880164 3.4117940962314597 75.709589004516602 5.5735997706651679 6.9603577107191077 4.3611415475606918 92.812041252851486
leaf_count=14 17 320 20 27 14 487
internal_value=0.000277086 0.0145641 -0.00978899 -0.0107804 0.0017519 -0.011718
internal_weight=191.867 79.1214 112.746 107.172 7.39952 99.7724
internal_count=899 337 562 542 28 514
is_linear=0
shrinkage=0.02


Tree=154
num_leaves=7
num_cat=0
split_feature=30 14 14 19 48 14
split_gain=58.1467 17.9077 12.2461 4.70256 4.59358 3.78095
threshold=0.0065964947191711207 -0.028077456079759793 0.1109175552946554 -0.051658891401639699 0.0023235042169784188 0.017937086023635297
decision_type=2 2 2 2 2 2
left_child=1 -1 4 -3 5 -2
right_child=2 3 -4 -5 -6 -7
leaf_value=-0.012761920360441563 -0.010935247335407747 0.015776350610361884 0.011972505190041045 -0.0010623415180360544 -0.015235876405214951 0.013925600725610611
leaf_weight=10.397819191217421 4.2432110458612433 71.880198299884796 7.3527669310569754 7.1644385457038871 75.932185664772987 3.5911498218774796
leaf_count=61 20 276 29 26 474 13
internal_value=-0.000384855 0.0110087 -0.0115668 0.0142559 -0.0137499 0.000746937
internal_weight=180.562 89.4425 91.1193 79.0446 83.7665 7.83436
internal_count=899 363 536 302 507 33
is_linear=0
shrinkage=0.02


Tree=155
num_leaves=7
num_cat=0
split_feature=39 40 40 24 22 47
split_gain=61.356 12.5635 8.94699 2.17333 1.52151 1.48122
threshold=-0.0079331356917668166 0.045187630759657621 0.0080733225841550984 0.29166666666666669 0.028120462756632169 0.0790988140328856
decision_type=2 2 2 8 10 2
left_child=1 5 -2 -4 -3 -1
right_child=2 4 3 -5 -6 -7
leaf_value=-0.013725460300133913 -0.0076898515544133817 0.018263232275619597 0.017694444990960422 0.00045909824685828849 -0.00011133388210420828 0.0022282471897007092
leaf_weight=76.977880500257015 6.0301643013954154 4.8832538723945609 56.919243142008781 3.139131896197795 2.5815009772777557 2.1324704512953749
leaf_count=620 33 15 194 15 12 10
internal_value=0.00010695 -0.0109192 0.0144986 0.0168159 0.0126464 -0.013273
internal_weight=152.664 86.5751 66.0885 60.0584 7.46475 79.1104
internal_count=899 657 242 209 27 630
is_linear=0
shrinkage=0.02


Tree=156
num_leaves=7
num_cat=0
split_feature=20 42 42 31 74 75
split_gain=60.4082 13.7793 6.28538 4.69905 4.13409 3.12777
threshold=0.11350661083040998 0.0195093362568142 0.066252171373528443 -0.0056780029255238873 0.015250000000000001 0.34325000000000011
decision_type=10 2 2 2 2 2
left_child=2 -2 4 -4 -1 -6
right_child=1 -3 3 -5 5 -7
leaf_value=0.0020318114033962198 -0.0082625670927724219 0.015954795218452097 0.016403921557625687 -0.011741598220701475 -0.013342533256508733 0.0042103077883630605
leaf_weight=8.2535810470581037 10.147086054086683 72.4988973736763 5.3472504168748856 2.9057639837264997 84.059858754277229 3.8243340849876395
leaf_count=31 48 311 18 15 452 16
internal_value=0.000228762 0.0129182 -0.0098447 0.00629631 -0.0112809 -0.0125399
internal_weight=187.037 82.646 104.391 8.25301 96.1378 87.8842
internal_count=891 359 532 33 499 468
is_linear=0
shrinkage=0.02


Tree=157
num_leaves=7
num_cat=0
split_feature=42 47 14 38 18 39
split_gain=70.6639 14.5141 10.2586 4.60018 4.2055 2.29977
threshold=0.0024842732973173087 -0.01284433322148811 0.077058241601184019 0.038991839640575052 -0.0099576051691529482 -0.002354647826760137
decision_type=2 2 2 2 2 2
left_child=1 5 -2 -4 -3 -1
right_child=2 4 3 -5 -6 -7
leaf_value=0.016776977720475768 -0.014633257721434249 0.0094471690592059683 0.015754604535796256 -0.011378864022050111 -0.015272027039240075 -0.00060660755427299274
leaf_weight=69.476523414254189 83.218284711241722 3.1936763375997543 6.3509126901626569 2.9248148500919342 7.881187364459036 3.1099759936332694
leaf_count=268 526 11 22 18 36 10
internal_value=-0.000436693 0.0128025 -0.0124204 0.00692416 -0.00795167 0.0160341
internal_weight=176.155 83.6614 92.494 9.27573 11.0749 72.5865
internal_count=891 325 566 40 47 278
is_linear=0
shrinkage=0.02


Tree=158
num_leaves=7
num_cat=0
split_feature=38 40 41 67 24 48
split_gain=62.4877 11.7489 5.43426 4.70053 4.28101 1.74883
threshold=0.024529950270922165 0.0080733225841550984 -0.0013483051659850872 0.088620794340095843 0.29166666666666669 0.07406129872174412
decision_type=2 2 2 2 10 2
left_child=2 5 -1 -4 -3 -2
right_child=1 4 3 -5 -6 -7
leaf_value=-0.014252759355969011 -0.013262818500539659 0.01731810447337841 -0.01267922737417587 0.013968591515743197 -0.0037712110256116417 0.0075177439239500357
leaf_weight=67.566560581326485 6.3177677392959586 61.753082774579525 3.8025647327303869 4.9338604211807251 3.7574842348694792 1.3738414049148557
leaf_count=566 44 212 22 18 23 6
internal_value=0.00022821 0.0133367 -0.0123575 0.00225903 0.01607 -0.00911319
internal_weight=149.505 73.2022 76.303 8.73643 65.5106 7.69161
internal_count=891 285 606 40 235 50
is_linear=0
shrinkage=0.02


Tree=159
num_leaves=7
num_cat=0
split_feature=24 14 42 38 44 23
split_gain=57.5422 13.0548 7.94658 4.59952 4.12633 4.71125
threshold=0.29166666666666669 0.088258653671586071 0.06671034443941902 0.043945279609495735 0.052908735882526599 159.23611111111114
decision_type=8 2 2 2 2 8
left_child=2 -2 4 -4 5 -1
right_child=1 -3 3 -5 -6 -7
leaf_value=-0.010018193514802159 0.014786408489128012 -0.013566072036617343 0.016118174766966548 -0.01150484985550395 -0.0138076280848228 0.012685772427077647
leaf_weight=8.9323220700025523 74.839469343423843 6.3325611948966971 6.1175122261047346 2.788731575012207 75.482228234410286 4.7994612604379663
leaf_count=38 322 34 22 15 423 16
internal_value=6.1458e-05 0.0124363 -0.0101981 0.00718057 -0.0119934 -0.00176036
internal_weight=179.292 81.172 98.1203 8.90624 89.214 13.7318
internal_count=870 356 514 37 477 54
is_linear=0
shrinkage=0.02


Tree=160
num_leaves=7
num_cat=0
split_feature=46 2 42 17 50 42
split_gain=67.1212 11.7448 6.72815 4.5907 2.08632 3.95066
threshold=0.020474291534204814 0.28341924398625434 0.037041827492552533 0.085006021678040958 0.0031599787058969302 0.0195093362568142
decision_type=2 2 2 2 2 2
left_child=2 3 -1 -2 5 -3
right_child=1 4 -4 -5 -6 -7
leaf_value=0.015381787256311572 -0.010773159914165361 0.010441320912459759 -0.0077034216363556255 0.014934774420749948 -0.015090499549654949 -0.013560787921662074
leaf_weight=70.33623893558979 3.1769118160009375 3.5483975112438184 4.8461098968982688 8.0111461877822858 73.512365266680717 6.1285308748483658
leaf_count=276 15 11 22 30 481 35
internal_value=-0.000186336 -0.0113656 0.0138122 0.00734989 -0.0139401 -0.00460593
internal_weight=169.56 94.3774 75.1823 11.1881 83.1893 9.67693
internal_count=870 572 298 45 527 46
is_linear=0
shrinkage=0.02


Tree=161
num_leaves=7
num_cat=0
split_feature=39 41 47 40 47 24
split_gain=57.4291 9.30808 9.17445 2.32189 4.17716 3.40265
threshold=-0.0074109369742668399 0.022052970709569988 -0.0054815010343320916 0.023217879784155075 0.0011485658930781991 0.29166666666666669
decision_type=2 2 2 2 2 10
left_child=1 3 -2 -1 -5 -6
right_child=2 -3 -4 4 5 -7
leaf_value=-0.014237669344847801 -0.0070152238674775257 0.015241082206313464 0.017022935431278374 -0.013349393984863511 0.018377876114259228 -0.0099295716520959761
leaf_weight=62.928350441157818 6.6022546365857115 4.2771106660366049 55.783561639487743 7.5923481881618482 3.4182195365428925 1.9531438648700712
leaf_count=543 35 14 198 56 10 14
internal_value=0.000144202 -0.0109967 0.0144085 -0.0126544 -0.00449942 0.00814175
internal_weight=142.555 80.1692 62.3858 75.8921 12.9637 5.37136
internal_count=870 637 233 623 80 24
is_linear=0
shrinkage=0.02


Tree=162
num_leaves=7
num_cat=0
split_feature=28 42 42 38 0 50
split_gain=64.7508 10.1134 6.5361 4.59785 3.14869 5.92311
threshold=0.14042933558932616 0.016002451650432133 0.066252171373528443 0.043945279609495735 0.090097402597402607 0.014910180478075597
decision_type=2 2 2 2 2 2
left_child=2 -2 4 -4 5 -1
right_child=1 -3 3 -5 -6 -7
leaf_value=0.016251613882051638 -0.0075515122600254506 0.016151246698654486 0.016841675901434764 -0.011493463322928001 -0.012549920436018547 -0.013741789935854207
leaf_weight=3.8890044987201673 7.4214321076869956 70.749114200472832 5.1595836728811255 2.7779683619737625 89.276225730776787 4.7091011703014374
leaf_count=12 34 317 16 15 490 22
internal_value=0.000127582 0.013834 -0.010033 0.00674858 -0.0114485 0.000104286
internal_weight=183.982 78.1705 105.812 7.93755 97.8743 8.59811
internal_count=906 351 555 31 524 34
is_linear=0
shrinkage=0.02


Tree=163
num_leaves=7
num_cat=0
split_feature=46 47 50 28 34 4
split_gain=66.4996 8.55431 5.05271 3.10486 2.88533 2.0844
threshold=0.029851669877600743 -0.01284433322148811 0.0054817897189254339 0.14407853481507366 0.10640342226646482 0.033473389355742303
decision_type=2 2 2 2 2 2
left_child=1 4 3 5 -1 -2
right_child=2 -3 -4 -5 -6 -7
leaf_value=0.015421124293009949 -0.0040539272520919408 -0.0079251885594680358 -0.014063822474032666 -0.01134500687504854 -0.0022487849216703019 0.013912713185350863
leaf_weight=72.409019216895103 4.0259991586208326 6.7991155982017508 75.912140674889088 5.9724045842885962 3.6425713896751395 4.779661700129509
leaf_count=289 16 29 500 38 17 17
internal_value=-0.000234586 0.0126391 -0.012005 -0.0012084 0.0145566 0.00612256
internal_weight=173.541 82.8507 90.6902 14.7781 76.0516 8.80566
internal_count=906 335 571 71 306 33
is_linear=0
shrinkage=0.02


Tree=164
num_leaves=7
num_cat=0
split_feature=40 31 31 10 29 52
split_gain=55.3596 8.89705 7.27935 3.60907 3.46453 2.79373
threshold=0.023217879784155075 -0.02383527084458293 0.012172953639390327 1.9697872492640038 -0.040928146903401526 0.016246059091051698
decision_type=2 2 2 2 2 2
left_child=2 4 -1 -3 -2 -4
right_child=1 3 5 -5 -6 -7
leaf_value=-0.013566338169385928 0.012024089878431577 0.017164791419107567 -0.010533581930319644 -0.0046416877114867985 -0.0093403592255555355 0.013756874168496219
leaf_weight=69.204684212803841 3.4981853216886512 55.277153581380844 1.8653973639011372 2.8101309686899176 8.4780078306794149 5.2579048201441765
leaf_count=596 14 195 10 14 58 19
internal_value=0.000117677 0.0128598 -0.0115937 0.0160491 -0.0026542 0.00688221
internal_weight=146.391 70.0635 76.328 58.0873 11.9762 7.1233
internal_count=906 281 625 209 72 29
is_linear=0
shrinkage=0.02


Tree=165
num_leaves=7
num_cat=0
split_feature=28 15 44 41 14 39
split_gain=63.5988 10.702 7.77454 4.39522 5.15045 2.57033
threshold=0.14153396847183222 0.043369965740664443 0.077017442196986835 0.0071490681792927566 0.037088223916494946 0.020182907356009857
decision_type=2 2 2 2 2 2
left_child=2 -2 3 4 5 -1
right_child=1 -3 -4 -5 -6 -7
leaf_value=0.012883952467808893 0.016129166285398722 -0.0096030859375708238 -0.013316845152253991 -0.012910082108320122 -0.0096549311566007396 -0.0069829392932386171
leaf_weight=13.124858364462858 69.812847673892975 6.4625675082206717 75.940064489841461 8.6294086724519712 7.5897348672151557 2.521209016442298
leaf_count=44 316 32 436 45 38 12
internal_value=-2.14206e-05 0.0138529 -0.00987501 -0.00151693 0.00307241 0.00945542
internal_weight=184.081 76.2754 107.805 31.8652 23.2358 15.6461
internal_count=923 348 575 139 94 56
is_linear=0
shrinkage=0.02


Tree=166
num_leaves=7
num_cat=0
split_feature=2 48 1 14 19 47
split_gain=55.7634 15.5886 10.8636 4.96189 4.00481 2.8263
threshold=0.33715295966474595 0.0023235042169784188 0.28162176945166145 -0.034922206013938813 -0.043676057370558456 -0.063930953677335797
decision_type=2 2 2 2 2 2
left_child=2 3 -1 -2 -4 -3
right_child=1 5 4 -5 -6 -7
leaf_value=-0.0099419642835685048 -0.012231476742774153 0.001512263290794067 0.016410185750191247 0.013295378335601397 -0.0016470965797046229 -0.014138253047160832
leaf_weight=6.9674615114927283 3.0527586936950692 4.7111255675554267 66.409180283546448 12.905285745859143 5.112110123038291 76.983843371272087
leaf_count=35 17 25 271 48 20 507
internal_value=0.000329137 -0.00971702 0.0127932 0.0079788 0.0151146 -0.0132284
internal_weight=176.142 97.653 78.4888 15.958 71.5213 81.695
internal_count=923 597 326 65 291 532
is_linear=0
shrinkage=0.02


Tree=167
num_leaves=7
num_cat=0
split_feature=38 28 40 17 67 47
split_gain=61.292 8.79537 7.77426 4.36743 2.3019 1.28326
threshold=0.038991839640575052 0.11000076801528812 0.031509442619141383 0.083067940552016994 0.10593767792230545 -0.0054815010343320916
decision_type=2 2 2 2 2 2
left_child=2 5 -1 -4 -5 -2
right_child=1 -3 3 4 -6 -7
leaf_value=-0.013704790944396777 0.0018961895450227647 -0.01201322059134657 0.0176452709533352 -0.012045929280811765 0.0087191565704737069 0.017577647570530392
leaf_weight=72.811458900570869 2.4374858811497679 3.8332493379712096 4.2406466603279096 5.4248571023344994 2.3420484364032745 53.874058932065964
leaf_count=634 10 28 14 34 10 193
internal_value=-0.00037228 0.014932 -0.011272 0.00339949 -0.00550406 0.0169438
internal_weight=144.964 60.1448 84.819 12.0076 7.76691 56.3115
internal_count=923 231 692 58 44 203
is_linear=0
shrinkage=0.02


Tree=168
num_leaves=7
num_cat=0
split_feature=28 15 14 38 7 37
split_gain=60.5868 8.09745 5.86202 5.09163 2.73934 1.78583
threshold=0.14042933558932616 0.062633350414234512 -0.024657253961934047 0.060501921201270674 636.03416021352996 0.020487878472411878
decision_type=2 2 2 2 2 2
left_child=2 -2 3 -1 5 -4
right_child=1 -3 4 -5 -6 -7
leaf_value=0.0099961237625599848 0.015759537042365643 -0.010991653914617743 -0.012389185200325377 -0.013287430285436367 0.0084793959217147816 0.0040227064676092101
leaf_weight=9.9427255243062955 68.760991036891937 4.1551973372697821 85.947492808103561 4.738821178674697 2.0401138961315146 2.2941663712263098
leaf_count=35 316 21 483 25 7 11
internal_value=0.000210693 0.014107 -0.00948487 0.00211272 -0.0113733 -0.0119222
internal_weight=177.88 72.9162 104.963 14.6815 90.2818 88.2417
internal_count=898 337 561 60 501 494
is_linear=0
shrinkage=0.02


Tree=169
num_leaves=7
num_cat=0
split_feature=46 14 17 56 30 10
split_gain=63.1265 11.0091 4.52527 3.14889 2.9077 2.76096
threshold=0.020474291534204814 0.11253688710949407 0.10790020790020792 0.18988052908547862 -0.0090108691926131367 0.32654655825402951
decision_type=2 2 2 2 2 2
left_child=2 4 3 -1 5 -2
right_child=1 -3 -4 -5 -6 -7
leaf_value=0.01300105646303364 0.0098833799006246888 0.011032423083233819 0.015858954375075892 -0.0069790848385746619 -0.014185544462258715 -0.0095160797261028829
leaf_weight=4.5413525253534299 3.5803603082895261 7.7280431091785422 62.02531124651432 6.3646156936883926 76.438042528927326 7.3231309130787849
leaf_count=16 13 31 260 25 510 43
internal_value=-9.45721e-05 -0.0107853 0.0137988 0.00173402 -0.0128188 -0.00285077
internal_weight=168.001 95.0696 72.9313 10.906 87.3415 10.9035
internal_count=898 597 301 41 566 56
is_linear=0
shrinkage=0.02


Tree=170
num_leaves=7
num_cat=0
split_feature=38 28 50 40 41 38
split_gain=54.3279 12.7352 5.65385 4.49536 2.49591 2.46546
threshold=0.026925250574297514 0.11000076801528812 0.0079147402953547753 0.045948685896307545 -0.0013483051659850872 0.0036688356189717654
decision_type=2 2 2 2 2 2
left_child=3 2 -2 4 -1 -6
right_child=1 -3 -4 -5 5 -7
leaf_value=-0.014173073606672876 -0.0039249978960626923 -0.011123770297148986 0.017603139115243607 0.0088113054075824523 -0.011905488231885444 0.010385031254030917
leaf_weight=64.265082612633705 4.9870244413614264 7.2444229051470748 54.919093102216721 3.3057749867439261 2.8718877956271163 3.0745891481637955
leaf_count=579 21 57 198 13 17 13
internal_value=-0.000153216 0.0127533 0.015776 -0.0119549 -0.0130427 -0.000544446
internal_weight=140.668 67.1505 59.9061 73.5173 70.2116 5.94648
internal_count=898 276 219 622 609 30
is_linear=0
shrinkage=0.02


Tree=171
num_leaves=7
num_cat=0
split_feature=27 42 31 74 42 39
split_gain=50.7438 6.73442 6.03044 5.93605 5.3701 4.29478
threshold=-0.13294037810109005 0.061139036361744468 0.041338581819300509 0.018750000000000003 0.016002451650432133 -0.0033239944954707857
decision_type=2 2 2 2 2 2
left_child=2 3 4 -2 -1 -3
right_child=1 5 -4 -5 -6 -7
leaf_value=-0.0090328162200424226 0.0023500020003644441 0.015020870110907126 -0.011679161025380233 -0.012424447301749521 0.015723927711182285 -0.011386177051970406
leaf_weight=3.0875832438468924 12.181027963757513 6.5118053704500198 3.0148018896579734 82.219439148902893 62.333883091807365 2.7991301715373975
leaf_count=15 48 24 17 476 296 16
internal_value=-0.000123353 -0.00891406 0.013135 -0.0105134 0.0144371 0.00674781
internal_weight=172.148 103.711 68.4363 94.4005 65.4215 9.31094
internal_count=892 564 328 524 311 40
is_linear=0
shrinkage=0.02


Tree=172
num_leaves=7
num_cat=0
split_feature=42 17 30 42 30 56
split_gain=59.5597 9.55536 7.35256 4.32081 3.56049 2.33962
threshold=-1.0000000180025095e-35 0.08951465201465203 -0.0099664558738808817 0.062262990157635575 0.057386091335908676 0.15604579925265363
decision_type=2 2 2 2 2 2
left_child=1 5 3 -2 -3 -1
right_child=2 4 -4 -5 -6 -7
leaf_value=0.0060476292750776149 0.011690151781604891 0.015909919046210447 -0.013695492856201086 -0.012100260123313706 -0.0062152083348718636 -0.013971950595326394
leaf_weight=2.9694269150495511 7.4996770843863469 67.009217113256454 74.022954173386097 3.8105413317680359 2.5391786992549887 5.3592610210180283
leaf_count=12 30 282 509 26 11 22
internal_value=5.39316e-05 0.0126168 -0.0114246 0.00334305 0.0150255 -0.00695121
internal_weight=163.21 77.8771 85.3332 11.3102 69.5484 8.32869
internal_count=892 327 565 56 293 34
is_linear=0
shrinkage=0.02


Tree=173
num_leaves=7
num_cat=0
split_feature=40 38 38 28 40 50
split_gain=52.9257 10.8233 6.47403 3.03309 1.80975 1.67781
threshold=0.020335502331026826 0.002484236894325875 0.064181334306981905 0.08854319761516552 0.048437812855996236 0.0079147402953547753
decision_type=2 2 2 2 2 2
left_child=2 4 -1 5 -2 -3
right_child=1 3 -4 -5 -6 -7
leaf_value=-0.013659488441037839 -0.012998459332316643 0.0016539082983003284 0.0094924875981433898 -0.0015565885479657208 0.0069960760844618069 0.017535212405606074
leaf_weight=65.148171134293079 6.2574249058961859 3.0313778892159453 4.5237724483013144 3.710014857351779 1.7041898518800733 52.589237794280052
leaf_count=591 51 11 18 22 7 192
internal_value=9.0619e-05 0.0126459 -0.0120432 0.0155648 -0.00841552 0.0167142
internal_weight=136.964 67.2922 69.6719 59.3306 7.96161 55.6206
internal_count=892 283 609 225 58 203
is_linear=0
shrinkage=0.02


Tree=174
num_leaves=7
num_cat=0
split_feature=20 42 42 26 75 31
split_gain=51.2524 12.217 6.78224 3.19939 4.13835 3.16798
threshold=0.11350661083040998 -1.7457833721610198e-05 0.066252171373528443 -0.059773409573351248 0.34325000000000011 -0.0011616789573294093
decision_type=8 2 2 2 2 2
left_child=2 -2 3 -1 -5 -4
right_child=1 -3 5 4 -6 -7
leaf_value=-0.00047080714973030921 -0.0082454976718620739 0.015113478566158134 0.015963314109375674 -0.013081856622953098 0.0068542897796861823 -0.010054264759940293
leaf_weight=10.899858444929121 9.5953716337680799 70.483728677034378 5.2295114398002625 76.046740487217903 3.808754935860633 1.8836407661437977
leaf_count=52 46 333 18 447 16 11
internal_value=0.000463253 0.0122473 -0.00920521 -0.0106866 -0.012058 0.00868353
internal_weight=177.948 80.0791 97.8685 90.7554 79.8555 7.11315
internal_count=923 379 544 515 463 29
is_linear=0
shrinkage=0.02


Tree=175
num_leaves=7
num_cat=0
split_feature=48 14 14 34 39 31
split_gain=46.3583 13.4274 11.2653 5.17754 5.1624 3.38137
threshold=0.019342520264114583 0.017937086023635297 0.075078895687720082 0.022821882805923874 -0.0020364194990037036 -0.003233655400709023
decision_type=2 2 2 2 2 2
left_child=1 3 -2 5 -4 -1
right_child=2 -3 4 -5 -6 -7
leaf_value=0.0099481777293463584 -0.013471189935670048 0.015536673718592846 0.013299763747711841 -0.013375461665465884 -0.012128736360318266 -0.013573083570946201
leaf_weight=10.906986966729162 73.94205904006958 57.678211838006973 9.8011211305856687 9.183990426361559 3.6415223181247702 2.1541014760732677
leaf_count=40 505 248 40 56 23 11
internal_value=-0.000422508 0.0105173 -0.010434 -0.00260587 0.00604852 0.00537952
internal_weight=167.308 79.9233 87.3847 22.2451 13.4426 13.0611
internal_count=923 355 568 107 63 51
is_linear=0
shrinkage=0.02


Tree=176
num_leaves=7
num_cat=0
split_feature=38 40 41 24 59 38
split_gain=54.3695 11.9166 4.57655 2.49661 2.37847 1.41516
threshold=0.024529950270922165 0.0080733225841550984 0.0021252109994881756 0.29166666666666669 1.667865707434053 0.068259426444936031
decision_type=2 2 2 10 2 2
left_child=2 5 -1 -3 -4 -2
right_child=1 3 4 -5 -6 -7
leaf_value=-0.013625435709084126 -0.013176468357047652 0.016685410547790491 -0.0083087315435580542 -0.00079609546927825701 0.013345078362890971 0.005114194679449049
leaf_weight=65.926388211548328 6.3998646661639196 56.573482550680637 2.8388004526495925 3.3702172487974158 3.4233775287866592 1.6056670695543287
leaf_count=607 50 209 18 21 11 7
internal_value=-8.3511e-05 0.0126612 -0.0120889 0.0157056 0.00373645 -0.00934739
internal_weight=140.138 67.9492 72.1886 59.9437 6.26218 8.00553
internal_count=923 287 636 230 29 57
is_linear=0
shrinkage=0.02


Tree=177
num_leaves=7
num_cat=0
split_feature=28 15 42 74 38 16
split_gain=55.3249 7.25266 6.74541 5.37341 4.7122 2.63681
threshold=0.14042933558932616 0.043369965740664443 0.066252171373528443 0.017750000000000005 0.043945279609495735 -0.022945482497334409
decision_type=2 2 2 2 2 2
left_child=2 -2 3 5 -4 -1
right_child=1 -3 4 -5 -6 -7
leaf_value=-0.012082326663496434 0.01579578966245589 -0.0074223126464733049 0.016636940334081422 -0.012317634794601653 -0.01135136427433177 0.0074143198353312121
leaf_weight=2.8903750181198111 65.509566128253937 5.2813228964805594 5.8656977862119657 80.87797224521637 2.8509577065706253 8.797805964946745
leaf_count=14 318 28 19 483 17 32
internal_value=0.000529001 0.0139844 -0.0089203 -0.0105049 0.00725667 0.00202072
internal_weight=172.074 70.7909 101.283 92.5662 8.71666 11.6882
internal_count=911 346 565 529 36 46
is_linear=0
shrinkage=0.02


Tree=178
num_leaves=7
num_cat=0
split_feature=2 15 17 50 50 2
split_gain=47.3618 13.2538 13.1451 4.08645 3.53624 2.4946
threshold=0.33715295966474595 0.040300263115127022 0.08951465201465203 -8.800730663140645e-05 0.022277819963684633 0.21231060606060609
decision_type=2 2 2 2 2 2
left_child=2 3 5 -2 -3 -1
right_child=1 4 -4 -5 -6 -7
leaf_value=0.0065017230876675079 0.00066173320345889162 0.013706338138326335 0.015248635276965395 -0.014605592862484891 -0.010862798371104558 -0.012721310620554344
leaf_weight=3.0586302429437628 7.6811889782547942 9.9352829456329328 60.075462520122528 70.520679838955402 2.1780097037553778 8.4785748049616796
leaf_count=10 36 41 263 506 13 42
internal_value=-0.000530118 -0.0101133 0.0115286 -0.0131166 0.00879723 -0.00751298
internal_weight=161.928 90.3152 71.6127 78.2019 12.1133 11.5372
internal_count=911 596 315 542 54 52
is_linear=0
shrinkage=0.02


Tree=179
num_leaves=7
num_cat=0
split_feature=39 46 17 10 29 75
split_gain=50.0189 6.69647 5.24407 3.59675 2.71126 1.98141
threshold=-0.0074109369742668399 0.022410119833081988 0.083683473389355764 0.73348307166456916 0.0087547278465322249 0.25058333333333338
decision_type=2 2 2 2 2 2
left_child=2 -2 3 5 -3 -1
right_child=1 4 -4 -5 -6 -7
leaf_value=-0.002127571330684272 -0.0081250026555075103 0.016963415818801168 -0.012615202288421029 -0.0099967391040753553 -6.3323080184898899e-05 0.018902150410202549
leaf_weight=2.5823150873184186 4.5465354397892943 50.103003859519958 66.517041064798832 4.7095980048179626 4.0282830893993369 3.7485404312610626
leaf_count=12 26 190 613 38 21 11
internal_value=-3.77819e-05 0.0137655 -0.0105233 0.0020812 0.0157182 0.0112041
internal_weight=136.235 58.6778 77.5575 11.0405 54.1313 6.33086
internal_count=911 237 674 61 211 23
is_linear=0
shrinkage=0.02


Tree=180
num_leaves=7
num_cat=0
split_feature=28 44 14 46 47 3
split_gain=51.2176 8.06356 8.01796 4.44389 9.20833 2.79036
threshold=0.14042933558932616 0.077017442196986835 0.090845224584068004 -0.0052076279289635227 0.0011485658930781991 0.24473453268977624
decision_type=2 2 2 2 2 2
left_child=1 3 -2 -1 -5 -3
right_child=2 5 -4 4 -6 -7
leaf_value=-0.013717649478695044 0.015162321211548639 -0.013748491814661182 -0.012185224468314954 0.014978648877604972 -0.0086853509596179317 0.0035599348259331949
leaf_weight=6.7446685135364559 65.025982350111008 62.982408747076988 3.8611066788434973 12.549485877156259 11.866868004202841 3.5673770457506171
leaf_count=37 319 398 23 42 63 15
internal_value=0.00037848 -0.00889914 0.0134771 -0.000467613 0.00358823 -0.0127817
internal_weight=166.598 97.7108 68.8871 31.161 24.4164 66.5498
internal_count=897 555 342 142 105 413
is_linear=0
shrinkage=0.02


Tree=181
num_leaves=7
num_cat=0
split_feature=47 30 16 24 6 44
split_gain=45.346 14.8471 5.75218 3.30907 2.18353 2.11368
threshold=-0.015854248469882006 -1.0000000180025095e-35 -0.013479964410085947 0.45000000000000007 266.1233678528709 0.096046660906157919
decision_type=2 2 2 10 2 2
left_child=1 4 3 -3 -1 -4
right_child=-2 2 5 -5 -6 -7
leaf_value=0.015295067564206618 -0.012802049812849905 0.013160112395712053 -0.014061904127208829 -0.010378517106516468 -0.0040231400262540429 -0.0010609689505253139
leaf_weight=58.805421017110348 64.659896999597549 9.8632071465253812 11.018650040030481 2.2558583393692961 2.0496589168906203 8.8683568164706212
leaf_count=260 448 40 67 17 11 54
internal_value=-5.31639e-05 0.00886579 -0.00213006 0.00832148 0.0145899 -0.00859267
internal_weight=157.521 92.8612 32.0061 12.1191 60.8551 19.887
internal_count=897 449 178 57 271 121
is_linear=0
shrinkage=0.02


Tree=182
num_leaves=7
num_cat=0
split_feature=38 40 19 24 56 20
split_gain=47.3678 13.3574 3.84966 2.32653 1.89316 1.67681
threshold=0.024529950270922165 0.010947436055001388 -0.02011267144094064 0.29166666666666669 0.29105273958547101 0.011516869412079649
decision_type=2 2 2 10 2 8
left_child=2 5 4 -3 -1 -2
right_child=1 3 -4 -5 -6 -7
leaf_value=-0.01430537580270669 0.007404756315176491 0.016528936391327766 0.0037861998770098277 -0.0016122311140484005 0.0019259726821427411 -0.012402906255911924
leaf_weight=58.473204761743546 1.3933250606060008 51.578143581748009 5.1655876114964476 2.8095594570040694 2.7866875082254401 8.3120457306504232
leaf_count=569 5 197 23 18 19 66
internal_value=-0.000418229 0.0117546 -0.0121638 0.0155796 -0.0135479 -0.00913321
internal_weight=130.519 64.0931 66.4255 54.3877 61.2599 9.70537
internal_count=897 286 611 215 588 71
is_linear=0
shrinkage=0.02


Tree=183
num_leaves=7
num_cat=0
split_feature=28 42 42 74 38 17
split_gain=50.0396 7.069 6.80303 4.44024 3.49494 3.02135
threshold=0.14153396847183222 0.016002451650432133 0.069401674208035766 0.012250000000000002 0.064181334306981905 0.069375687568756894
decision_type=2 2 2 2 2 2
left_child=2 -2 3 -1 -4 -5
right_child=1 -3 4 5 -6 -7
leaf_value=0.0057972436624500632 -0.0062884497144678787 0.015591177991775024 0.016102606903147468 0.00065831105211216145 -0.010302070014011481 -0.012673053208526013
leaf_weight=5.7775643020868293 6.0015001595020285 60.363354966044426 5.5262125730514517 7.3450233191251746 2.0918174088001251 76.914110422134399
leaf_count=22 29 308 18 34 13 475
internal_value=0.000262457 0.0135486 -0.00881243 -0.0103543 0.0084981 -0.0115168
internal_weight=164.02 66.3649 97.6547 90.0367 7.61803 84.2591
internal_count=899 337 562 531 31 509
is_linear=0
shrinkage=0.02


Tree=184
num_leaves=7
num_cat=0
split_feature=42 14 18 16 30 2
split_gain=54.8872 9.21 7.78704 5.39412 4.87776 2.59482
threshold=-1.0000000180025095e-35 0.077058241601184019 -0.0099576051691529482 -0.0039471743784645621 0.029698860445076979 0.24849397590361447
decision_type=2 2 2 2 2 2
left_child=2 5 -1 -4 -3 -2
right_child=1 4 3 -5 -6 -7
leaf_value=0.015913951580063174 0.0043670472604991776 0.015021732946871249 0.0095068719844186977 -0.013175745662519793 -0.011620957937653133 -0.014496515659599142
leaf_weight=55.426732793450356 2.6167614907026282 6.8463139533996564 8.7816283702850324 6.3412515968084326 3.3429703563451767 70.612652227282524
leaf_count=247 9 27 35 32 23 526
internal_value=-0.000391726 -0.011312 0.0124982 -0.000231582 0.00602324 -0.0137727
internal_weight=153.968 83.4187 70.5496 15.1229 10.1893 73.2294
internal_count=899 585 314 67 50 535
is_linear=0
shrinkage=0.02


Tree=185
num_leaves=7
num_cat=0
split_feature=38 41 47 67 20 14
split_gain=53.7702 6.67303 4.17486 3.5588 2.96312 1.54059
threshold=0.038991839640575052 -0.0013483051659850872 -0.01650227738643564 0.088620794340095843 0.14386751222922736 -0.023030265626988424
decision_type=2 2 2 2 8 2
left_child=1 -1 -2 -3 -4 -5
right_child=2 3 4 5 -6 -7
leaf_value=-0.013522936691275784 -0.0069727203292807493 -0.010443178584775606 0.016800899646088528 -0.0030806016422655971 -0.0046694915554601818 0.016534962585597533
leaf_weight=63.116995759308338 2.8696084320545188 3.8203890621662122 51.854069665074348 1.8151462748646734 2.2982412055134764 4.9174077436327934
leaf_count=609 16 24 204 11 18 17
internal_value=0.000132086 -0.0110917 0.014574 0.00336119 0.0158215 0.011532
internal_weight=130.692 73.6699 57.0219 10.5529 54.1523 6.73255
internal_count=899 661 238 52 222 28
is_linear=0
shrinkage=0.02


Tree=186
num_leaves=7
num_cat=0
split_feature=28 15 74 42 29 71
split_gain=51.6982 8.74975 5.97188 3.66016 2.54133 2.11289
threshold=0.14042933558932616 0.043369965740664443 0.016250000000000004 0.071441035633486097 -0.011186111376565526 28.65654702794723
decision_type=2 2 2 2 2 2
left_child=2 -2 4 -4 5 -1
right_child=1 -3 3 -5 -6 -7
leaf_value=-0.012760320316299503 0.015594712672405352 -0.0093703482154485086 -0.012628613130086523 0.0056206303027370253 0.014503847870739325 0.0091963139495386693
leaf_weight=3.3863660097122192 58.256676509976387 5.5469583719968787 78.585583552718163 4.1080017834901801 4.2844630777835828 2.018141582608223
leaf_count=17 299 31 493 18 15 7
internal_value=-0.000414619 0.0133132 -0.00993672 -0.0116657 0.00453078 -0.00440559
internal_weight=156.186 63.8036 92.3826 82.6936 9.68897 5.40451
internal_count=880 330 550 511 39 24
is_linear=0
shrinkage=0.02


Tree=187
num_leaves=7
num_cat=0
split_feature=46 50 19 23 49 16
split_gain=53.8496 6.4214 3.83011 3.73782 2.57279 1.95213
threshold=0.020474291534204814 0.0054817897189254339 -0.0193166870184403 369.97039232804241 -0.00039726294131098289 0.049728719721635041
decision_type=2 2 2 10 2 2
left_child=2 3 5 4 -2 -1
right_child=1 -3 -4 -5 -6 -7
leaf_value=0.01528973664455624 0.010736271168969913 -0.013579633268708674 -0.007711788243227268 -0.012796662372592544 -0.011002442200534176 0.0022411818872799076
leaf_weight=57.519875958561897 9.5565456077456474 66.734189376235008 2.7481962442398062 4.8707271367311469 1.879107870161534 5.3843076378107062
leaf_count=263 40 498 10 35 10 24
internal_value=-0.000221212 -0.010867 0.0132052 0.000377607 0.00656666 0.0142254
internal_weight=148.693 83.0406 65.6524 16.3064 11.4357 62.9042
internal_count=880 583 297 85 50 287
is_linear=0
shrinkage=0.02


Tree=188
num_leaves=7
num_cat=0
split_feature=40 28 50 30 42 20
split_gain=45.5015 8.86862 6.24034 4.5011 1.92571 1.65026
threshold=0.020335502331026826 0.10576496271433503 0.0063559159734093229 0.11033355861414428 0.018252771262230901 0.13929223668077292
decision_type=2 2 2 2 2 10
left_child=3 2 4 -1 -2 -5
right_child=1 -3 -4 5 -6 -7
leaf_value=-0.012977744497650602 -0.012029156738671229 -0.010314790995636298 0.016727692856886002 0.013670242217499023 0.0085527839432722012 -0.0080954914174392201
leaf_weight=57.000180199742317 3.7007015123963347 5.5949481651186934 53.553577855229378 3.0589719265699378 2.0759628862142563 1.3200474902987478
leaf_count=558 31 45 211 11 9 15
internal_value=0.000772057 0.0123518 0.0146248 -0.0114783 -0.00446199 0.00682377
internal_weight=126.304 64.9252 59.3302 61.3792 5.77666 4.37902
internal_count=880 296 251 584 40 26
is_linear=0
shrinkage=0.02


Tree=189
num_leaves=7
num_cat=0
split_feature=28 15 44 46 28 72
split_gain=50.9484 8.00735 5.67635 3.40194 5.41541 2.96093
threshold=0.14042933558932616 0.062633350414234512 0.07407757091967207 -0.0052076279289635227 0.017234676038807618 0.26132783029334755
decision_type=2 2 2 2 2 2
left_child=2 -2 3 -1 5 -5
right_child=1 -3 -4 4 -6 -7
leaf_value=-0.013488147162163833 0.015367337446368617 -0.011065578157046214 -0.012399566283997895 -0.013781516234378201 0.010795324474361101 0.011199209891819318
leaf_weight=6.2073689997196224 60.074400141835213 4.2567309290170661 68.720005452632904 7.5599793344736117 12.01921735703945 1.623950198292732
leaf_count=35 314 24 445 44 44 7
internal_value=-0.000181878 0.0134757 -0.00936625 -0.00159274 0.00234036 -0.00869834
internal_weight=160.462 64.3311 96.1305 27.4105 21.2031 9.18393
internal_count=913 338 575 130 95 51
is_linear=0
shrinkage=0.02


Tree=190
num_leaves=7
num_cat=0
split_feature=42 18 14 16 38 48
split_gain=53.0148 9.49765 9.46582 5.62301 3.59805 3.06991
threshold=0.0065093999710058572 -0.0099576051691529482 0.077058241601184019 -0.0039471743784645621 0.038991839640575052 0.031297923252918261
decision_type=2 2 2 2 2 2
left_child=1 -1 -2 5 -4 -3
right_child=2 3 4 -5 -6 -7
leaf_value=0.015570344162446154 -0.014034113288155093 0.015008144614576165 0.014788208191109492 -0.01369687076674338 -0.010462189474155651 -0.0083743974221192081
leaf_weight=59.526455566287041 67.785633511841297 6.6797303408384341 6.2997948229312879 7.2479476854205123 2.4335920214653015 2.4240451902151108
leaf_count=274 521 27 25 37 19 10
internal_value=0.00014807 0.0119154 -0.0115238 -0.00152071 0.0074001 0.00856949
internal_weight=152.397 75.8782 76.519 16.3517 8.73339 9.10378
internal_count=913 348 565 74 44 37
is_linear=0
shrinkage=0.02


Tree=191
num_leaves=7
num_cat=0
split_feature=38 39 28 40 65 50
split_gain=48.4918 7.09946 5.35701 3.74433 2.98112 0.933269
threshold=0.038991839640575052 -0.0074109369742668399 0.11000076801528812 0.010947436055001388 0.1122546524475785 0.0063559159734093229
decision_type=2 2 2 2 2 2
left_child=1 4 5 -3 -1 -2
right_child=2 3 -4 -5 -6 -7
leaf_value=0.0043168539870044034 0.0030709888066743425 -0.01128339426745102 -0.0078089608314960181 0.012305986485473796 -0.013891634908396377 0.016633266659984484
leaf_weight=3.3810729682445517 2.6478387117385855 3.1240735575556737 3.5006388947367659 7.0595273375511169 60.287594728171825 47.722919300198555
leaf_count=19 10 25 29 26 611 193
internal_value=5.16837e-05 -0.0104182 0.0143331 0.00470751 -0.0128729 0.015994
internal_weight=127.724 73.8523 53.8714 10.1836 63.6687 50.3708
internal_count=913 681 232 51 630 203
is_linear=0
shrinkage=0.02


Tree=192
num_leaves=7
num_cat=0
split_feature=20 15 44 10 39 3
split_gain=39.6653 9.30976 4.73504 5.47745 3.53604 2.14384
threshold=0.11350661083040998 0.040300263115127022 0.07407757091967207 1.3689122095917476 -0.028774977053563303 0.24473453268977624
decision_type=10 2 2 2 2 2
left_child=2 -2 3 4 -1 -4
right_child=1 -3 5 -5 -6 -7
leaf_value=0.0092273870850496827 0.014218517369967265 -0.0084678565202545991 -0.012663268165087196 0.013673719645607509 -0.010527247493302232 0.004062609979417894
leaf_weight=3.7292999327182832 58.386378332972527 7.5708166658878318 58.749802298843861 6.046746999025344 16.72263965010643 2.7851375192403784
leaf_count=13 307 45 396 23 91 12
internal_value=-0.00010334 0.0115269 -0.00884864 -0.00169376 -0.00666287 -0.0118534
internal_weight=153.991 65.9572 88.0336 26.4987 20.4519 61.5349
internal_count=887 352 535 127 104 408
is_linear=0
shrinkage=0.02


Tree=193
num_leaves=7
num_cat=0
split_feature=30 48 48 27 30 41
split_gain=41.755 9.63003 8.11375 2.60653 2.5041 1.93005
threshold=1.0000000180025095e-35 0.032604893580283838 0.0042679431035871429 -0.17041474872245158 0.038554358572323519 -0.00056921281360378096
decision_type=2 2 2 2 2 2
left_child=1 3 4 -1 -2 -5
right_child=2 -3 -4 5 -6 -7
leaf_value=-0.0067900817049687066 0.009982265170621089 -0.0072441015963907018 -0.013558121872755994 0.015074422331018378 -0.0086970735933973396 -0.0026973255718129585
leaf_weight=1.8740020394325245 8.1966633796691877 9.7546859011054021 63.338928855955601 55.602939404547215 3.2815376147627822 2.2629070430994025
leaf_count=15 39 58 489 261 16 9
internal_value=-0.000486648 0.010597 -0.0107858 0.0135815 0.00437296 0.0143454
internal_weight=144.312 69.4945 74.8171 59.7398 11.4782 57.8658
internal_count=887 343 544 285 55 270
is_linear=0
shrinkage=0.02


Tree=194
num_leaves=7
num_cat=0
split_feature=39 40 40 41 42 42
split_gain=43.5962 9.47819 5.92456 2.1801 1.95626 1.52867
threshold=-0.0074109369742668399 0.045187630759657621 0.0086757286053503555 -0.0011903653880699369 0.029697077460477107 0.055215238229984899
decision_type=2 2 2 2 2 2
left_child=1 3 -2 -1 -5 -3
right_child=2 5 -4 4 -6 -7
leaf_value=-0.013595840781572657 -0.0065265462264917085 0.015311762210275855 0.01568111376521051 0.011176155940751538 -0.010797022286887663 -0.0033162948675168518
leaf_weight=56.416167482733727 4.7535121813416472 5.3483399376273146 50.894622325897217 2.3701260834932318 2.1254368647933006 2.0110183581709862
leaf_count=593 30 20 208 9 16 11
internal_value=0.000694307 -0.0099534 0.0137024 -0.0125453 0.000713238 0.0104337
internal_weight=123.919 68.2711 55.6481 60.9117 4.49556 7.35936
internal_count=887 649 238 618 25 31
is_linear=0
shrinkage=0.02


Tree=195
num_leaves=7
num_cat=0
split_feature=28 44 15 51 42 23
split_gain=43.4377 8.50271 7.44899 3.81866 3.1647 2.22027
threshold=0.14153396847183222 0.062993750448413502 0.062633350414234512 -4.2282071686616339e-05 0.07569169988431669 93.992358974358993
decision_type=2 2 2 2 2 10
left_child=1 3 -2 5 -3 -1
right_child=2 4 -4 -5 -6 -7
leaf_value=-0.0012410842147584549 0.014855107310405307 -0.012939475992586356 -0.010969632513042281 -0.0086963327702147784 0.0044112895740232505 0.015427744186695656
leaf_weight=4.8663140684366244 58.033480018377304 65.306115314364433 4.1265742927789679 6.3150003403425208 4.0209341645240775 7.5958806574344635
leaf_count=21 317 443 23 35 18 28
internal_value=0.000308171 -0.00868754 0.0129942 0.00312081 -0.0118847 0.00931011
internal_weight=150.264 88.1042 62.1601 18.7772 69.327 12.4622
internal_count=885 545 340 84 461 49
is_linear=0
shrinkage=0.02


Tree=196
num_leaves=7
num_cat=0
split_feature=42 47 15 14 19 14
split_gain=50.6466 10.5387 7.70298 2.33451 1.55817 1.26187
threshold=-1.0000000180025095e-35 -0.007419507890758458 0.070516206618957314 0.066988106106462372 -0.040435192398796553 0.081267459786711835
decision_type=2 2 2 2 2 2
left_child=1 4 5 -3 -1 -2
right_child=2 3 -4 -5 -6 -7
leaf_value=0.015709882383547695 -0.014427788288849422 -0.012006130317288286 0.0097167709410762998 0.008402769828871292 0.00011402040743574168 -0.0015925026676852356
leaf_weight=56.55675283074379 63.2164211794734 7.4139026105403882 5.3800409883260718 2.254154160618782 2.6972155421972266 3.4952089712023726
leaf_count=269 513 38 24 10 9 22
internal_value=-0.000286658 0.0118841 -0.0119257 -0.00690608 0.0150136 -0.0137888
internal_weight=141.014 68.922 72.0917 9.66806 59.254 66.7116
internal_count=885 326 559 48 278 535
is_linear=0
shrinkage=0.02


Tree=197
num_leaves=7
num_cat=0
split_feature=38 41 28 47 42 50
split_gain=43.9942 8.88189 6.19733 3.37467 1.28699 1.16169
threshold=0.038991839640575052 -0.0013483051659850872 0.11000076801528812 -0.017096219207920742 0.029697077460477107 0.0063559159734093229
decision_type=2 2 2 2 2 2
left_child=1 -1 5 -3 -5 -2
right_child=2 3 -4 4 -6 -7
leaf_value=-0.013627376041862729 0.0023420610136920491 -0.010943928294723113 -0.0086305387005545069 0.01783537645368679 0.0012477115268610694 0.016528041230368544
leaf_weight=57.316761933267117 2.8109681308269492 2.6202726438641548 3.9382643550634375 4.7595697492361051 3.0081688389182091 44.642900466918945
leaf_count=607 11 19 32 15 15 186
internal_value=-4.91764e-05 -0.0105757 0.0137558 0.00598042 0.0122865 0.0157534
internal_weight=119.097 67.7048 51.3921 10.388 7.76774 47.4539
internal_count=885 656 229 49 30 197
is_linear=0
shrinkage=0.02


Tree=198
num_leaves=7
num_cat=0
split_feature=28 44 29 14 50 46
split_gain=43.6801 6.77517 5.05542 4.95853 3.10923 4.46016
threshold=0.14153396847183222 0.077017442196986835 -0.011186111376565526 0.090845224584068004 0.014213387749502185 0.021365249033499237
decision_type=2 2 2 2 2 2
left_child=1 2 4 -2 5 -1
right_child=3 -3 -4 -5 -6 -7
leaf_value=-0.012191275384420218 0.014754881704462128 -0.012121448097339728 0.010722309665898577 -0.010758199159577051 -0.012515368724517601 0.014126870507259498
leaf_weight=3.6016464829444939 58.009689822793007 59.895273968577385 9.7323668748140317 2.522432640194892 11.51262094080448 4.906511977314949
leaf_count=21 322 412 37 17 67 18
internal_value=0.000532233 -0.00829935 -0.000461212 0.0135342 -0.00614913 0.00287549
internal_weight=150.181 89.6484 29.7531 60.5321 20.0208 8.50816
internal_count=894 555 143 339 106 39
is_linear=0
shrinkage=0.02


Tree=199
num_leaves=7
num_cat=0
split_feature=42 47 15 18 50 27
split_gain=47.5601 10.3787 7.70053 4.023 2.09408 2.02438
threshold=-1.0000000180025095e-35 -0.014477130865979652 0.070516206618957314 -0.015110818462147622 -0.0010987961157749974 -0.043778530999347968
decision_type=2 2 2 2 2 2
left_child=1 -1 4 -3 5 -2
right_child=2 3 -4 -5 -6 -7
leaf_value=0.014848255977617013 -0.010762731949576242 0.0097429277070754713 0.010920658579241993 -0.014373428030896656 -0.01444774723781786 0.01162092756928684
leaf_weight=54.983861744403839 2.4332619979977608 3.3700159341096878 4.8231301605701438 7.043328218162058 64.659301899373531 2.0540957152843466
leaf_count=265 17 13 21 38 532 8
internal_value=-0.000913799 0.0114196 -0.0118247 -0.00639895 -0.0135443 -0.000266039
internal_weight=139.367 65.3972 73.9698 10.4133 69.1467 4.48736
internal_count=894 316 578 51 557 25
is_linear=0
shrinkage=0.02


Tree=200
num_leaves=7
num_cat=0
split_feature=38 41 40 51 40 48
split_gain=42.2761 9.86535 4.38481 4.06564 1.78941 1.04347
threshold=0.038991839640575052 -0.0013483051659850872 0.0080733225841550984 0.0022523642417861646 0.045948685896307545 0.041702095668436086
decision_type=2 2 2 2 2 2
left_child=1 4 5 -3 -1 -2
right_child=2 3 -4 -5 -6 -7
leaf_value=-0.013933193410700054 -0.011323480960032868 -0.0076026807114934741 0.015463265053683329 0.01503543216314916 0.0048439026260372877 0.0062900286091480849
leaf_weight=54.977432616055012 2.6191666647791858 4.4032633975148183 48.131300047039986 7.1516214162111282 1.6434278935194004 1.3387967348098753
leaf_count=599 18 29 209 26 6 7
internal_value=0.00039421 -0.0099118 0.0138156 0.00649021 -0.0133136 -0.00529864
internal_weight=120.265 68.1757 52.0893 11.5549 56.6209 3.95796
internal_count=894 660 234 55 605 25
is_linear=0
shrinkage=0.02


Tree=201
num_leaves=7
num_cat=0
split_feature=28 14 14 28 48 50
split_gain=42.9173 6.94878 5.14378 5.94602 4.25298 3.44057
threshold=0.14042933558932616 0.02229818588943178 0.037088223916494946 0.062516793501303639 0.020042142043062261 0.0079147402953547753
decision_type=2 2 2 2 2 2
left_child=2 -2 3 5 -5 -1
right_child=1 -3 -4 4 -6 -7
leaf_value=0.0023587835848779032 0.01528474644612212 -0.0051824971483335012 -0.013674432359910425 -0.006223706348544176 0.014464413700233283 -0.012125298408225894
leaf_weight=8.3537490591406804 55.190924614667892 7.0324013084173194 41.156089834868908 5.9174771904945365 8.8401498943567258 25.30344171077013
leaf_count=43 314 37 298 31 30 161
internal_value=0.000282613 0.0129262 -0.00854639 -0.00399868 0.00630042 -0.008566
internal_weight=151.794 62.2233 89.5709 48.4148 14.7576 33.6572
internal_count=914 351 563 265 61 204
is_linear=0
shrinkage=0.02


Tree=202
num_leaves=7
num_cat=0
split_feature=42 46 47 18 28 30
split_gain=47.2058 11.1625 9.99518 3.65358 2.34433 1.52736
threshold=-1.0000000180025095e-35 0.0099345188642554916 -0.007419507890758458 -0.0099576051691529482 0.13661535595568217 0.030476301195495183
decision_type=2 2 2 2 2 2
left_child=2 4 5 -4 -2 -1
right_child=1 -3 3 -5 -6 -7
leaf_value=0.015413900808154071 0.013352939110217371 -0.01437975401571452 0.0090824560773661248 -0.014425002055527054 -0.0078973080213804239 0.0032320094742104783
leaf_weight=55.562380373477936 7.2527095377445203 63.077929481863976 3.2082832306623459 6.6767517551779729 2.0340167582035065 5.0964747518301001
leaf_count=271 31 532 13 36 11 20
internal_value=-0.00011224 -0.0113841 0.011448 -0.00666195 0.00838336 0.0144594
internal_weight=142.909 72.3647 70.5439 9.88503 9.28673 60.6589
internal_count=914 574 340 49 42 291
is_linear=0
shrinkage=0.02


Tree=203
num_leaves=7
num_cat=0
split_feature=40 47 39 28 47 39
split_gain=40.2557 11.2341 5.00025 4.81109 2.6841 1.52611
threshold=0.020335502331026826 -0.017096219207920742 0.0032830575259637927 0.10385331154329819 -1.0000000180025095e-35 0.017059639134123551
decision_type=2 2 2 2 2 2
left_child=2 5 -1 -3 -4 -2
right_child=1 3 4 -5 -6 -7
leaf_value=-0.014091865703964618 -0.012835981326648769 0.016023138373340132 -0.010993570511240227 -0.0080002855286186361 0.012451929879408338 0.0059803150779769989
leaf_weight=51.558237560093403 7.1339386701583845 49.209666810929775 2.1843648254871368 2.986535243690013 4.2327735871076575 1.5496718287467954
leaf_count=580 69 206 12 25 17 5
internal_value=-0.000225516 0.011045 -0.0120473 0.014524 0.00406499 -0.00920723
internal_weight=118.855 60.8798 57.9754 52.1962 6.41714 8.68361
internal_count=914 305 609 231 29 74
is_linear=0
shrinkage=0.02


Tree=204
num_leaves=7
num_cat=0
split_feature=28 42 14 28 42 50
split_gain=41.4113 5.72648 5.49032 6.00093 4.82423 2.83874
threshold=0.14153396847183222 0.018252771262230901 0.037088223916494946 0.062516793501303639 -1.0000000180025095e-35 0.0079147402953547753
decision_type=2 2 2 2 2 2
left_child=2 -2 3 5 -5 -1
right_child=1 -3 -4 4 -6 -7
leaf_value=0.00030122741510548031 -0.0054852739358869553 0.015138117916930729 -0.014002301508981324 -0.0099244489889023877 0.013511316544283681 -0.012283565819480041
leaf_weight=10.097407922148703 5.509470969438552 50.493767902255058 41.264533035457134 4.2575731053948411 10.263458788394924 23.335163183510303
leaf_count=52 28 295 306 24 35 156
internal_value=-0.00029792 0.0130486 -0.00872746 -0.00399509 0.00644323 -0.00858431
internal_weight=145.221 56.0032 89.2181 47.9536 14.521 33.4326
internal_count=896 323 573 267 59 208
is_linear=0
shrinkage=0.02


Tree=205
num_leaves=7
num_cat=0
split_feature=42 15 49 17 2 40
split_gain=46.1562 8.57276 6.78314 2.16461 1.98454 1.74954
threshold=-1.0000000180025095e-35 0.070516206618957314 0.00097122000671621977 0.08951465201465203 0.24849397590361447 0.017304160765262869
decision_type=2 2 2 2 2 2
left_child=2 4 3 -1 -2 -4
right_child=1 -3 5 -5 -6 -7
leaf_value=0.00063389060785441016 0.0027704221549813245 0.010352334008890893 0.0051001272730429479 0.015182355053130488 -0.013911712427200205 -0.012932897603016589
leaf_weight=4.508030802011489 2.6698827296495429 6.0911278724670401 2.9393995702266684 55.218079149723053 62.253365337848663 4.2164639085531235
leaf_count=16 10 28 13 276 527 26
internal_value=9.5438e-05 -0.0110587 0.0119272 0.0141128 -0.0131941 -0.0058084
internal_weight=137.896 71.0144 66.882 59.7261 64.9232 7.15586
internal_count=896 565 331 292 537 39
is_linear=0
shrinkage=0.02


Tree=206
num_leaves=7
num_cat=0
split_feature=38 41 67 19 52 66
split_gain=39.9336 10.5973 3.50407 3.18119 1.70072 1.16221
threshold=0.038991839640575052 -0.0013483051659850872 0.088620794340095843 -0.13474453638636805 0.014562304870421454 0.19363283229184261
decision_type=2 2 2 2 2 2
left_child=1 5 -3 -2 -5 -1
right_child=3 2 -4 4 -6 -7
leaf_value=-0.013724535202576027 -0.0064897389171267748 -0.0076022003006122451 0.01446707349496492 -0.001175578507893082 0.015809321620164879 0.004868707581068144
leaf_weight=54.416727766394615 2.4007839113473883 3.5468798577785474 7.6709593236446381 2.346927396953105 44.332965970039368 0.91414112597703834
leaf_count=611 19 23 30 12 196 5
internal_value=0.000259852 -0.00977624 0.00743807 0.0137913 0.0149486 -0.0133364
internal_weight=115.629 66.5487 11.2178 49.0807 46.6799 55.3309
internal_count=896 669 53 227 208 616
is_linear=0
shrinkage=0.02


Tree=207
num_leaves=7
num_cat=0
split_feature=28 42 42 44 23 41
split_gain=41.1054 5.61629 5.39181 4.16254 4.35529 4.62788
threshold=0.14153396847183222 0.016002451650432133 0.069401674208035766 0.077017442196986835 118.8103888221154 1.0000000180025095e-35
decision_type=2 2 2 2 8 2
left_child=2 -2 3 4 -1 -6
right_child=1 -3 -4 -5 5 -7
leaf_value=-0.012952406474886689 -0.0046776563239334552 0.015099056818457619 0.0071952500721567045 -0.013520741312091505 0.011100071128412888 -0.01214905845568541
leaf_weight=9.5771954655647296 5.9956150650978079 51.069412514567375 6.9223857522010794 52.713473297655582 9.7632338777184469 4.079678736627101
leaf_count=54 31 303 32 389 41 27
internal_value=3.5379e-05 0.0129764 -0.00890458 -0.0104428 -0.0032449 0.00389138
internal_weight=140.121 57.065 83.056 76.1336 23.4201 13.8429
internal_count=877 334 543 511 122 68
is_linear=0
shrinkage=0.02


Tree=208
num_leaves=7
num_cat=0
split_feature=42 46 50 18 27 9
split_gain=45.0881 7.92759 6.88907 2.81234 2.43913 1.36702
threshold=0.0024842732973173087 0.0099345188642554916 0.016914968533493873 -0.025238417963182266 -0.10129932707604124 102.39787581699348
decision_type=2 2 2 2 2 2
left_child=2 4 5 -4 -2 -1
right_child=1 -3 3 -5 -6 -7
leaf_value=0.014774539851869278 -0.010294868600776885 -0.014247142035800128 0.0092765254572399047 -0.011868181601836874 0.011650750955000722 -0.0010797375536390043
leaf_weight=54.147275403141975 1.9205484688282011 57.84641657024622 3.0874754935503006 5.8094171583652479 6.3966811895370466 2.1280483454465857
leaf_count=270 11 512 15 32 28 9
internal_value=-0.000104149 -0.0116474 0.0116136 -0.00433447 0.0060222 0.0141666
internal_weight=131.336 66.1636 65.1722 8.89689 8.31723 56.2753
internal_count=877 551 326 47 39 279
is_linear=0
shrinkage=0.02


Tree=209
num_leaves=7
num_cat=0
split_feature=38 28 41 45 48 73
split_gain=36.0304 9.80862 4.22317 2.96595 2.39788 0.688152
threshold=0.024529950270922165 0.11000076801528812 -0.0013483051659850872 0.024141062745309725 0.006115950537361429 0.17838756028179012
decision_type=2 2 2 2 2 2
left_child=2 4 5 -4 -2 -1
right_child=1 -3 3 -5 -6 -7
leaf_value=-0.013711109474502435 -0.001590922573618083 -0.010611203810451483 0.012753805683368853 -0.010883009887298291 0.015448128697888535 0.00210526568983267
leaf_weight=47.222088776528835 3.3619187101721755 6.501693181693553 4.0409265384078017 2.7141044810414314 46.170595780014992 0.87244798243045707
leaf_count=552 18 63 15 23 201 5
internal_value=7.85636e-05 0.0112591 -0.0113406 0.00307805 0.014283 -0.0133872
internal_weight=110.884 56.0342 54.8496 6.75503 49.5325 48.0945
internal_count=877 282 595 38 219 557
is_linear=0
shrinkage=0.02


Tree=210
num_leaves=7
num_cat=0
split_feature=28 44 15 51 46 28
split_gain=35.6583 8.56788 6.80479 4.17162 7.89576 3.69517
threshold=0.14153396847183222 0.077017442196986835 0.062633350414234512 0.0040407287782345406 0.002138375346397423 -0.0079201708901896258
decision_type=2 2 2 2 2 2
left_child=1 3 -2 4 -1 -6
right_child=2 -3 -4 -5 5 -7
leaf_value=-0.011831841761220341 0.014836886592277661 -0.012323534506523586 -0.010689680269235662 -0.010421240282304024 -0.0099466885095756356 0.016918004251489045
leaf_weight=6.3552506789565149 49.857787802815437 55.905292689800262 3.8478413969278327 8.1824292168021184 1.7209735140204454 13.101809740066523
leaf_count=39 296 414 23 51 10 46
internal_value=0.000216232 -0.00779548 0.012846 0.000948317 0.00561292 0.0133674
internal_weight=138.971 85.2658 53.7056 29.3605 21.178 14.8228
internal_count=879 560 319 146 95 56
is_linear=0
shrinkage=0.02


Tree=211
num_leaves=7
num_cat=0
split_feature=46 42 18 42 17 16
split_gain=42.042 9.42659 6.24358 4.53692 2.49147 1.08099
threshold=0.020474291534204814 1.0000000180025095e-35 -0.015110818462147622 0.037041827492552533 0.084303506159469341 -0.012392848087727363
decision_type=2 2 2 2 2 2
left_child=3 2 -2 4 -1 -4
right_child=1 -3 5 -5 -6 -7
leaf_value=-0.0022252475187341295 0.012604979663471667 -0.014368966990419774 0.00030677184055050963 -0.0082835386050848867 0.014878071479371362 -0.014057750574939649
leaf_weight=3.3880808949470511 9.5773477405309695 54.958373233675957 2.9809269532561302 3.3536446094512931 50.747535794973373 5.7360901981592161
leaf_count=12 41 497 13 19 265 32
internal_value=-0.000304644 -0.010292 0.00206559 0.0123796 0.0137867 -0.00961952
internal_weight=130.742 73.2527 18.2944 57.4893 54.1356 8.71702
internal_count=879 583 86 296 277 45
is_linear=0
shrinkage=0.02


Tree=212
num_leaves=7
num_cat=0
split_feature=38 51 28 28 18 47
split_gain=35.2986 7.09444 6.09524 4.98616 1.83492 1.65736
threshold=0.038991839640575052 0.0012591625704996637 0.11501683436997946 0.11000076801528812 0.081519274825772828 0.0019161838163145805
decision_type=2 2 2 2 2 2
left_child=1 4 -3 5 -1 -2
right_child=3 2 -4 -5 -6 -7
leaf_value=-0.013906337409392301 0.0010556928442492113 0.012355595416989707 -0.012160685210968764 -0.0080688292547895172 0.0062752035100368036 0.016013100281425829
leaf_weight=47.172931157052517 3.3512031435966483 8.8747689276933652 5.9105494916439048 3.5083276927471152 1.3313492536544789 40.151254698634148
leaf_count=539 14 34 74 29 6 183
internal_value=8.86616e-05 -0.00960198 0.0024055 0.0130632 -0.0132368 0.0149105
internal_weight=110.3 63.2896 14.7853 47.0108 48.5043 43.5025
internal_count=879 653 108 226 545 197
is_linear=0
shrinkage=0.02


Tree=213
num_leaves=7
num_cat=0
split_feature=28 15 44 41 18 3
split_gain=37.7357 8.21984 7.05463 3.86657 3.08155 2.16116
threshold=0.14042933558932616 0.043369965740664443 0.077017442196986835 0.004995613885987499 -0.0028202672677817282 0.25701179554390569
decision_type=2 2 2 2 2 2
left_child=2 -2 3 4 -1 -4
right_child=1 -3 5 -5 -6 -7
leaf_value=-0.0048724160174445077 0.014907696615695149 -0.010865482602170023 -0.013436253949326406 -0.011062241633564972 0.010533306923588431 0.0030533755413775033
leaf_weight=7.8436436951160475 51.613857105374336 4.7507273927330962 52.498611904680729 8.1507066860795003 12.077714890241623 3.0255828946828833
leaf_count=42 313 30 404 54 49 14
internal_value=6.22302e-05 0.0125838 -0.00842939 -0.000225841 0.00452464 -0.0124996
internal_weight=139.961 56.3646 83.5963 28.0721 19.9214 55.5242
internal_count=906 343 563 145 91 418
is_linear=0
shrinkage=0.02


Tree=214
num_leaves=7
num_cat=0
split_feature=46 44 47 26 46 44
split_gain=41.7148 5.28089 4.21483 3.90468 2.20116 1.86344
threshold=0.021365249033499237 0.039237907562878906 -0.031128159869344061 0.00090223344832401919 -0.011731221736226738 0.077820676126642535
decision_type=2 2 2 2 2 2
left_child=1 4 3 -2 -1 -5
right_child=2 -3 -4 5 -6 -7
leaf_value=0.0076943946580286674 -0.0096121563626828631 0.014369601694107687 -0.012677441530040648 -0.0052078341804214154 -0.013894311852936022 0.014429779030999399
leaf_weight=2.4769800752401352 8.9149569422006625 52.274439722299576 56.848027758300304 2.1634276881813994 3.3632523864507666 5.3767223954200745
leaf_count=10 78 280 488 12 15 23
internal_value=-0.000162121 0.012377 -0.0101359 -0.00113228 -0.00495175 0.00884529
internal_weight=131.418 58.1147 73.3031 16.4551 5.84023 7.54015
internal_count=906 305 601 113 25 35
is_linear=0
shrinkage=0.02


Tree=215
num_leaves=7
num_cat=0
split_feature=38 28 19 50 18 10
split_gain=38.1346 7.45878 3.70889 3.65098 2.46998 1.70467
threshold=0.028505430272976064 0.11955350104600689 -0.02011267144094064 0.0079147402953547753 0.067741848459074647 0.89503436618685861
decision_type=2 2 2 2 2 2
left_child=2 3 4 5 -1 -2
right_child=1 -3 -4 -5 -6 -7
leaf_value=-0.013802970369194867 0.009120582303904487 -0.011614676023733053 0.0044428568403475747 0.015827878089749434 0.005507180652765873 -0.011365156527270596
leaf_weight=49.276494473218918 2.0081811100244513 4.1881354823708525 4.9863125830888739 45.472711682319641 2.2863681614398947 2.587861493229866
leaf_count=593 8 46 23 207 15 14
internal_value=0.000113551 0.0119798 -0.011282 0.0141422 -0.0128582 -0.00238387
internal_weight=110.806 54.2569 56.5492 50.0688 51.5629 4.59604
internal_count=906 275 631 229 608 22
is_linear=0
shrinkage=0.02


Tree=216
num_leaves=7
num_cat=0
split_feature=27 44 38 39 15 23
split_gain=30.4904 7.40407 3.83791 3.50529 3.70983 3.4906
threshold=-0.13104611649199402 0.077017442196986835 0.066385877602505625 0.035682234816610252 0.071895657282472644 126.36363636363639
decision_type=2 2 2 2 2 8
left_child=3 2 5 4 -1 -2
right_child=1 -3 -4 -5 -6 -7
leaf_value=0.014516091234037109 -0.0040877391187283977 -0.011445125469316681 -0.01269125526807701 -0.0098998670604606692 -0.010018747736162167 0.011079977536569093
leaf_weight=47.311194889247417 9.8715854063630157 54.358630456030369 5.4409154430031768 2.0337430089712134 1.9234680682420719 13.219175063073633
leaf_count=297 51 413 38 16 13 56
internal_value=0.00029406 -0.00717868 0.00106207 0.0122821 0.0133772 0.00469508
internal_weight=134.159 82.8903 28.5317 51.2684 49.2347 23.0908
internal_count=884 558 145 326 310 107
is_linear=0
shrinkage=0.02


Tree=217
num_leaves=7
num_cat=0
split_feature=42 50 2 19 48 17
split_gain=38.3639 6.80542 5.44984 3.13639 2.65787 2.0887
threshold=-1.0000000180025095e-35 0.016655920688285433 0.32163382594417084 -0.070106071364160347 -0.0075357496309248961 0.08951465201465203
decision_type=2 2 2 2 2 2
left_child=1 5 3 -2 -4 -1
right_child=2 -3 4 -5 -6 -7
leaf_value=0.00033570530386881 0.010331962799024768 -0.0058134422209422379 0.003796489674915025 -0.011419516188115056 -0.014164725046856137 0.014821503777711371
leaf_weight=4.3779212161898604 6.5320086553692818 7.7049434632062903 3.112310327589511 3.130477622151373 52.576534546911716 48.884008467197418
leaf_count=17 32 42 17 16 497 263
internal_value=-0.000173396 0.0111439 -0.0107403 0.00287479 -0.0131117 0.013659
internal_weight=126.318 60.9669 65.3513 9.66249 55.6888 53.2619
internal_count=884 322 562 48 514 280
is_linear=0
shrinkage=0.02


Tree=218
num_leaves=7
num_cat=0
split_feature=38 28 41 52 43 18
split_gain=34.3704 9.5574 5.13797 2.85814 2.1538 1.83007
threshold=0.026925250574297514 0.11000076801528812 -0.0013483051659850872 0.011650527791598256 -0.0039738679670981497 0.095802610820299242
decision_type=2 2 2 2 2 2
left_child=2 3 5 -2 -4 -1
right_child=1 -3 4 -5 -6 -7
leaf_value=-0.014005914050245403 -0.0043470378926995096 -0.012250330610042905 0.013521111830717792 0.015722938318976747 -0.0061010413790949982 0.0086749295461894232
leaf_weight=46.615200325846672 2.6252994313836089 5.2691486030817023 3.5953793525695801 42.969248831272125 3.5228056982159606 0.83493803441524406
leaf_count=575 14 58 14 198 22 3
internal_value=-0.000166006 0.011545 -0.0110933 0.0144988 0.00425475 -0.013436
internal_weight=105.432 50.8637 54.5683 45.5945 7.11819 47.4501
internal_count=884 270 614 212 36 578
is_linear=0
shrinkage=0.02


Tree=219
num_leaves=7
num_cat=0
split_feature=42 38 74 26 0 23
split_gain=33.4094 13.0174 4.59829 2.10278 2.02582 2.25802
threshold=0.039330080673971618 0.060501921201270674 0.018750000000000003 0.025476305901970812 0.096930786094581903 93.992358974358993
decision_type=2 2 2 2 2 10
left_child=2 -2 3 -1 5 -4
right_child=1 -3 4 -5 -6 -7
leaf_value=0.0074769304859139546 0.014661176143174115 -0.0099213929166490078 -0.011116102717582052 -0.011022388276439815 -0.012769480158555096 0.010935395256935107
leaf_weight=7.9738465547561628 51.167235411703587 9.5890962332487089 2.6750305518507949 2.4188654199242592 53.514455206692219 2.7555709332227707
leaf_count=34 312 73 17 15 414 11
internal_value=-5.12411e-05 0.0106835 -0.00947559 0.00258172 -0.011609 3.36882e-05
internal_weight=130.094 60.7563 69.3378 10.3927 58.9451 5.4306
internal_count=876 385 491 49 442 28
is_linear=0
shrinkage=0.02


Tree=220
num_leaves=7
num_cat=0
split_feature=42 47 14 41 18 30
split_gain=40.4639 10.0075 4.77754 2.72849 2.34776 2.03748
threshold=0.013201836162079865 -0.007419507890758458 0.092290094437561046 -0.0011903653880699369 -0.0099576051691529482 0.038029114337937271
decision_type=2 2 2 2 2 2
left_child=1 3 -2 -1 -3 -4
right_child=2 4 5 -5 -6 -7
leaf_value=0.014864913867321576 -0.0139040550299321 0.0058352336820899787 0.012844850462978549 -0.0068240928703361863 -0.013862690538424738 -0.0093341047789877937
leaf_weight=52.920349702239037 52.56254805624485 2.9150810465216637 3.5377779603004447 1.8757972121238697 6.4028190150856954 1.7307005748152731
leaf_count=284 499 14 16 7 41 15
internal_value=-7.98658e-05 0.0107829 -0.0121014 0.0140135 -0.00773196 0.00523228
internal_weight=121.945 64.114 57.831 54.7961 9.3179 5.26848
internal_count=876 346 530 291 55 31
is_linear=0
shrinkage=0.02


Tree=221
num_leaves=7
num_cat=0
split_feature=38 27 41 50 42 42
split_gain=33.6967 5.61357 5.16742 4.18038 2.37733 0.858673
threshold=0.026084201394302189 -0.16130372238092031 -0.0011903653880699369 0.0083438431466148748 0.051385963426237226 0.016939517340618233
decision_type=2 2 2 2 2 2
left_child=2 -2 -1 5 -4 -3
right_child=1 3 4 -5 -6 -7
leaf_value=-0.013595296550169864 -0.0080571525529625765 -0.01186822020740992 0.011866794482827119 0.01547808103500181 -0.010288953189798958 0.0033886063507151233
leaf_weight=44.685391426086426 4.6602719798684111 1.9107674211263646 4.6461110040545455 42.34342447668314 2.0402187183499336 2.3053884133696556
leaf_count=567 51 13 18 201 15 11
internal_value=0.000159632 0.0115267 -0.0111775 0.0136151 0.00464729 -0.00447551
internal_weight=102.592 51.2199 51.3717 46.5596 6.68633 4.21616
internal_count=876 276 600 225 33 24
is_linear=0
shrinkage=0.02


Tree=222
num_leaves=7
num_cat=0
split_feature=28 14 44 36 28 1
split_gain=35.4734 5.67068 4.55792 4.67591 2.71564 2.12807
threshold=0.14042933558932616 0.090845224584068004 0.077017442196986835 0.016837122231564902 0.086908624704955598 0.39114089571755478
decision_type=2 2 2 2 2 2
left_child=2 -2 3 4 -1 -5
right_child=1 -3 -4 5 -6 -7
leaf_value=-0.012004135692793879 0.014121677451373438 -0.011194609723944897 -0.011676984182419017 -0.00050806311505580809 0.0071403881921013315 0.017176231866231011
leaf_weight=12.310305185616018 52.285083577036858 3.0690427199006072 51.305135846138 4.9948814138770086 3.0870114341378203 4.8380627930164337
leaf_count=78 334 23 403 27 14 19
internal_value=0.000472509 0.0125443 -0.00830759 -0.00127203 -0.00796447 0.00897541
internal_weight=131.89 55.3541 76.5354 25.2303 15.3973 9.83294
internal_count=898 357 541 138 92 46
is_linear=0
shrinkage=0.02


Tree=223
num_leaves=7
num_cat=0
split_feature=42 46 18 16 28 50
split_gain=40.1077 7.71827 7.25472 4.78669 2.52535 0.780284
threshold=0.0024842732973173087 0.0099345188642554916 -0.0099576051691529482 -0.0039471743784645621 0.14153396847183222 0.012266827739265395
decision_type=2 2 2 2 2 2
left_child=2 4 -1 5 -2 -4
right_child=1 -3 3 -5 -6 -7
leaf_value=0.014692336752494255 0.012711544695750761 -0.014259494882146393 0.013535422321872643 -0.012825514268137703 -0.010061108060769128 -0.00099989583624487976
leaf_weight=46.914076834917068 5.7117018252611151 54.555001765489578 4.4889873266220093 6.7410631254315359 1.8929165750741956 1.8428633883595464
leaf_count=259 26 533 21 38 12 9
internal_value=-0.000485895 -0.0116526 0.0110866 -0.00197755 0.00653256 0.00974559
internal_weight=122.147 62.1596 59.987 13.0729 7.60462 6.33185
internal_count=898 571 327 68 38 30
is_linear=0
shrinkage=0.02


Tree=224
num_leaves=7
num_cat=0
split_feature=39 41 40 38 50 10
split_gain=33.0951 6.02732 5.02152 2.2751 1.93713 1.22212
threshold=-0.0079331356917668166 0.010859477427880921 0.0086757286053503555 0.066385877602505625 0.0079147402953547753 0.36116964382224875
decision_type=2 2 2 2 2 2
left_child=1 3 -2 -1 -4 -3
right_child=2 5 4 -5 -6 -7
leaf_value=-0.013375832188236243 -0.0069198880413537571 0.013957723554468386 -0.00040835031031655151 0.0058967592459447174 0.015458248599747182 -0.0029225726851063978
leaf_weight=48.536545496433973 4.3916476294398299 3.5612510889768592 3.2758301272988311 2.038323998451232 39.540852643549442 2.2774357497692108
leaf_count=620 33 14 16 10 192 13
internal_value=-2.82462e-05 -0.0102866 0.0121895 -0.0124998 0.0142627 0.00790885
internal_weight=103.622 56.4136 47.2083 50.5749 42.8167 5.83869
internal_count=898 657 241 630 208 27
is_linear=0
shrinkage=0.02


Tree=225
num_leaves=7
num_cat=0
split_feature=24 15 44 51 46 38
split_gain=31.2165 8.47504 5.90137 4.29252 5.82507 2.97254
threshold=0.29166666666666669 0.062633350414234512 0.076329722014115683 0.0040407287782345406 1.0000000180025095e-35 0.060501921201270674
decision_type=10 2 2 2 2 2
left_child=2 -2 3 4 -1 -6
right_child=1 -3 -4 -5 5 -7
leaf_value=-0.011246173520975932 0.013820819796263865 -0.0115235084775654 -0.012147233428394419 -0.012391020316005131 0.016277873629648641 -0.0057614365176650219
leaf_weight=5.4541385471820893 51.056268572807312 5.118217982351779 49.70195697247982 7.3150204122066489 10.429998777806757 2.5637728646397582
leaf_count=36 330 35 403 51 39 16
internal_value=0.000173223 0.0113505 -0.00818651 -0.000377101 0.00477888 0.0118284
internal_weight=131.639 56.1745 75.4649 25.7629 18.4479 12.9938
internal_count=910 365 545 142 91 55
is_linear=0
shrinkage=0.02


Tree=226
num_leaves=7
num_cat=0
split_feature=42 47 14 30 14 10
split_gain=37.3971 10.0045 7.30063 3.6173 1.22227 1.21508
threshold=-1.0000000180025095e-35 -0.007419507890758458 0.077058241601184019 0.029698860445076979 0.066988106106462372 2.1275321953734481
decision_type=2 2 2 2 2 2
left_child=1 5 -2 -4 -3 -1
right_child=2 4 3 -5 -6 -7
leaf_value=0.014754506000549799 -0.013459171289706423 -0.013630887116354922 0.013899242483284169 -0.010812399535758717 0.0035561752860874501 -0.0013181182143857273
leaf_weight=49.847923740744591 55.299203082919121 5.6733355522155753 5.8885397315025312 2.7275525480508804 1.7309034019708631 1.7907872647047032
leaf_count=277 532 34 28 23 9 7
internal_value=-0.000298435 0.0110805 -0.0108187 0.00576551 -0.00966797 0.0141827
internal_weight=122.958 59.0429 63.9153 8.61609 7.40424 51.6387
internal_count=910 327 583 51 43 284
is_linear=0
shrinkage=0.02


Tree=227
num_leaves=7
num_cat=0
split_feature=39 4 46 50 47 28
split_gain=29.6546 6.6442 6.06316 5.60365 2.50988 1.33671
threshold=-0.006587790783100708 0.02166093212386613 0.042158900029689812 0.0094282828965074148 -0.017096219207920742 0.08120417182156793
decision_type=2 2 2 2 2 2
left_child=1 3 -2 -1 -5 -4
right_child=2 -3 5 4 -6 -7
leaf_value=-0.01176878803846272 -0.0095222582182199287 -0.013416092968190161 0.015182817136588748 -0.0065012248072016544 0.015520168322225617 -0.00074746068374068107
leaf_weight=6.6049295142293003 4.0341581255197516 41.73863523080945 39.313127413392067 2.0958780944347382 7.7136504128575307 2.1266000047326079
leaf_count=64 28 564 192 16 32 14
internal_value=0.000133974 -0.00926031 0.0120884 0.00147059 0.010649 0.014367
internal_weight=103.627 58.1531 45.4739 16.4145 9.80953 41.4397
internal_count=910 676 234 112 48 206
is_linear=0
shrinkage=0.02


Tree=228
num_leaves=7
num_cat=0
split_feature=28 15 44 6 41 46
split_gain=32.3406 6.40883 6.27935 3.95721 3.28236 3.9233
threshold=0.14042933558932616 0.043369965740664443 0.077017442196986835 24.973662964876038 0.004995613885987499 0.0099345188642554916
decision_type=2 2 2 2 2 2
left_child=2 -2 3 -1 5 -5
right_child=1 -3 -4 4 -6 -7
leaf_value=-0.011368819017295695 0.014765413492092781 -0.0080372958718589287 -0.012321342519369703 -0.0065409320209435465 -0.0079713343769993623 0.015459708113138499
leaf_weight=8.0766298174858111 45.237226247787476 4.886348068714141 48.714180983603001 3.8977930620312717 5.2649212554097167 10.250090792775152
leaf_count=49 305 32 401 23 35 39
internal_value=9.12031e-05 0.0124287 -0.00807979 -0.00039465 0.00450439 0.00936679
internal_weight=126.327 50.1236 76.2036 27.4894 19.4128 14.1479
internal_count=884 337 547 146 97 62
is_linear=0
shrinkage=0.02


Tree=229
num_leaves=7
num_cat=0
split_feature=46 42 42 45 19 47
split_gain=36.9984 6.80551 4.61066 4.2282 2.87741 1.54069
threshold=0.032703867146465747 0.037041827492552533 -1.7457833721610198e-05 0.036940442947567549 -0.0193166870184403 -0.0058541431732031931
decision_type=2 2 2 2 2 2
left_child=1 4 3 -2 5 -1
right_child=2 -3 -4 -5 -6 -7
leaf_value=0.014539461278094901 -0.011917901062864895 -0.0092517093012730398 -0.014067139075579077 0.010613272292721585 -0.0082390972590909144 -0.0027105982269388534
leaf_weight=50.388049565255642 5.2586362436413747 5.3976991251111022 47.066550686955452 6.1235690042376518 1.8333048671483982 1.8577306866645802
leaf_count=284 28 37 489 31 7 8
internal_value=-0.000153621 0.0108616 -0.0113567 8.19377e-05 0.0130007 0.0138867
internal_weight=117.926 59.4768 58.4488 11.3822 54.0791 52.2458
internal_count=884 336 548 59 299 292
is_linear=0
shrinkage=0.02


Tree=230
num_leaves=7
num_cat=0
split_feature=40 47 28 30 51 18
split_gain=29.9139 8.29617 6.25059 3.05786 1.57241 1.08369
threshold=0.020335502331026826 -0.026051124785198772 0.11290454205342343 0.12211290203483692 0.022381014089189782 0.034112117757330924
decision_type=2 2 2 2 2 2
left_child=3 5 -3 4 -1 -2
right_child=1 2 -4 -5 -6 -7
leaf_value=-0.01330822647166245 -0.012652322363305157 0.015454761850756971 -0.011439986874816266 0.0079517893714526281 0.0069599226487410794 0.0030535048049678206
leaf_weight=43.139350805431604 5.35733713582158 42.396980054676533 3.0462926551699629 2.4092311970889559 1.0023290067911137 1.967843525111675
leaf_count=562 57 204 30 15 5 11
internal_value=6.63558e-05 0.0102854 0.0134444 -0.0114902 -0.012704 -0.00857312
internal_weight=99.3194 52.7685 45.4433 46.5509 44.1417 7.32518
internal_count=884 302 234 582 567 68
is_linear=0
shrinkage=0.02


Tree=231
num_leaves=7
num_cat=0
split_feature=28 14 44 46 50 29
split_gain=29.9616 5.96223 5.82632 3.21629 5.91728 2.93568
threshold=0.14042933558932616 0.090845224584068004 0.077017442196986835 -0.0052076279289635227 0.015335810228696742 -0.023484376567369663
decision_type=2 2 2 2 2 2
left_child=2 -2 3 -1 -5 -6
right_child=1 -3 -4 4 5 -7
leaf_value=-0.012804015365256983 0.01414277269981074 -0.011288639772792972 -0.011808750436802393 0.013911550218027922 -0.013347127788277369 0.0058767300648903918
leaf_weight=5.3438511267304447 45.853572517633438 3.2722196578979483 47.702893353998661 10.01538819819689 7.2509353086352375 4.4252107813954309
leaf_count=37 313 26 396 37 53 21
internal_value=0.000264785 0.0122574 -0.00767577 -0.000222199 0.00330508 -0.00617252
internal_weight=123.864 49.1258 74.7383 27.0354 21.6915 11.6761
internal_count=883 339 544 148 111 74
is_linear=0
shrinkage=0.02


Tree=232
num_leaves=7
num_cat=0
split_feature=46 15 47 44 46 57
split_gain=36.9653 5.14294 5.05534 2.4762 1.87533 1.86854
threshold=0.029851669877600743 0.085978486056971712 -0.0058541431732031931 0.039237907562878906 -0.0052076279289635227 0.10913557342128773
decision_type=2 2 2 2 2 2
left_child=2 5 3 4 -1 -2
right_child=1 -3 -4 -5 -6 -7
leaf_value=0.0088829272874425356 -0.00020363319451442545 0.011098073668809626 -0.008747104311407853 0.014338410724644784 -0.011686226096761265 -0.013725468204956378
leaf_weight=3.0407736599445343 4.4641330614686003 3.1401111036539069 4.0108548849821082 46.604105681180954 2.1592886820435515 51.750015288591385
leaf_count=13 34 16 22 277 11 510
internal_value=-0.00035701 -0.0112533 0.0112243 0.012907 -0.000165525 -0.012674
internal_weight=115.169 59.3543 55.815 51.8042 5.20006 56.2141
internal_count=883 560 323 301 24 544
is_linear=0
shrinkage=0.02


Tree=233
num_leaves=7
num_cat=0
split_feature=39 41 47 38 41 38
split_gain=30.0415 5.60189 4.63928 1.59964 1.45666 1.43316
threshold=-0.0074109369742668399 0.010411457911625236 -0.0054815010343320916 0.0036688356189717654 0.0071490681792927566 0.066385877602505625
decision_type=2 2 2 2 2 2
left_child=1 5 4 -3 -2 -1
right_child=2 3 -4 -5 -6 -7
leaf_value=-0.012934790866037868 -0.010501031619415003 -0.0061994162163469015 0.014493285531973892 0.013078372928392369 0.0093410200024452144 0.0026358637351657729
leaf_weight=45.369175054132938 3.866332482546567 1.8376454561948765 38.925738260149956 4.2732547894120216 1.2386913299560545 2.167052134871482
leaf_count=608 30 12 196 19 5 13
internal_value=8.52416e-05 -0.00988257 0.0121798 0.00722466 -0.00494508 -0.0121853
internal_weight=97.6779 53.6471 44.0308 6.1109 5.10502 47.5362
internal_count=883 652 231 31 35 621
is_linear=0
shrinkage=0.02


Tree=234
num_leaves=7
num_cat=0
split_feature=28 15 7 17 38 69
split_gain=30.3199 6.5441 2.92237 3.25706 4.97375 2.08173
threshold=0.14153396847183222 0.043369965740664443 580.6271498362122 0.10943202554744527 0.038991839640575052 0.43706156487613451
decision_type=2 2 2 2 2 2
left_child=2 -2 3 4 5 -1
right_child=1 -3 -4 -5 -6 -7
leaf_value=-0.0034807580736359962 0.014583016236764978 -0.0082541661853423286 0.0083165171614844619 -0.011889798139849429 -0.012490228111775262 0.010614892227780353
leaf_weight=6.9403770789504078 43.290511667728424 5.0126251205801955 3.4599830582737914 47.322309248149395 11.390105769038199 8.2923435643315297
leaf_count=37 306 34 14 399 92 33
internal_value=-0.000196889 0.0120938 -0.00792305 -0.00878375 -0.00303215 0.0043738
internal_weight=125.708 48.3031 77.4051 73.9451 26.6228 15.2327
internal_count=915 340 575 561 162 70
is_linear=0
shrinkage=0.02


Tree=235
num_leaves=7
num_cat=0
split_feature=15 48 2 48 2 22
split_gain=29.8287 12.6809 4.43729 3.13049 1.89412 1.38294
threshold=0.040300263115127022 0.0069253703380776225 0.34815546772068517 0.047143805763468986 0.24264069264069268 -1.0000000180025095e-35
decision_type=2 2 2 2 2 10
left_child=1 2 -1 -2 -3 -4
right_child=3 4 5 -5 -6 -7
leaf_value=0.013144869493061354 0.014798150926588823 0.0021287056875161918 0.0078422022020441726 -0.0063860538914571833 -0.013179631646251222 -0.0099777010924420959
leaf_weight=12.101168520748617 37.897098012268543 3.1608849167823783 1.5202115252614019 2.4630200043320647 54.19215851277113 5.7493405118584624
leaf_count=67 229 14 7 15 546 37
internal_value=-0.000342389 -0.00764143 0.0061183 0.0133822 -0.0123139 -0.0057535
internal_weight=117.084 76.7238 19.3707 40.3601 57.353 7.26955
internal_count=915 671 111 244 560 44
is_linear=0
shrinkage=0.02


Tree=236
num_leaves=7
num_cat=0
split_feature=39 38 40 41 47 40
split_gain=32.2318 6.39319 5.33864 2.72324 1.25982 1.19087
threshold=-0.0079331356917668166 0.054080530104933341 0.0080733225841550984 0.022052970709569988 0.0070598129145452377 0.023217879784155075
decision_type=2 2 2 2 2 2
left_child=1 3 4 -1 -2 -3
right_child=2 5 -4 -5 -6 -7
leaf_value=-0.013545155079371703 -0.011781048095077767 -0.0049652169935842337 0.014930675735901391 0.0047820812114148783 0.0065533810318552082 0.013136922667747028
leaf_weight=44.503269501030445 3.4305415078997603 1.3822146952152241 41.780485287308693 3.0097757354378691 1.4867643043398855 4.445590078830719
leaf_count=619 28 13 216 12 8 19
internal_value=0.000647061 -0.0098906 0.0126388 -0.0123096 -0.0060669 0.00874514
internal_weight=100.039 53.3409 46.6978 47.513 4.91731 5.8278
internal_count=915 663 252 631 36 32
is_linear=0
shrinkage=0.02


Tree=237
num_leaves=7
num_cat=0
split_feature=20 42 44 70 47 46
split_gain=25.5703 7.61134 6.43292 4.30103 2.19705 2.42559
threshold=0.11718930288527453 -0.0001636010358037902 0.07407757091967207 55.993545939071133 0.042551064423043454 0.0109476910150194
decision_type=10 2 2 2 2 2
left_child=2 -2 3 -1 5 -5
right_child=1 -3 -4 4 -6 -7
leaf_value=-0.007865986138571316 -0.0094055672820447384 0.01390379123862427 -0.011390919412100672 -0.0030813119830642084 -0.007724075427510837 0.017241440008214905
leaf_weight=10.262726776301863 5.6651337370276442 45.513317242264748 47.217252343893051 2.8024120032787314 1.9999751672148693 8.0944039151072484
leaf_count=63 41 321 408 16 14 29
internal_value=0.000555692 0.0111928 -0.00722811 0.00137915 0.00877268 0.0121952
internal_weight=121.555 51.1785 70.3768 23.1595 12.8968 10.8968
internal_count=892 362 530 122 59 45
is_linear=0
shrinkage=0.02


Tree=238
num_leaves=7
num_cat=0
split_feature=46 42 47 2 17 17
split_gain=34.8674 8.51709 4.2742 3.12565 2.45587 1.53631
threshold=0.042158900029689812 0.040041947337738359 -0.0058541431732031931 0.28341924398625434 0.094228634850166498 0.084303506159469341
decision_type=2 2 2 2 2 2
left_child=1 2 5 4 -2 -1
right_child=3 -3 -4 -5 -6 -7
leaf_value=0.0010111085256998798 -0.011546559985101758 -0.010915590327133406 -0.0064939488093435516 -0.013905093426030992 0.01198010881968882 0.014793237656345772
leaf_weight=3.6258296668529502 2.1532581001520148 6.2983283177018157 3.9008469805121413 45.737270191311836 3.0932656526565552 48.291473165154457
leaf_count=14 14 52 19 487 16 290
internal_value=-0.000130511 0.0098606 0.0123558 -0.0122588 0.00202168 0.013868
internal_weight=113.1 62.1165 55.8181 50.9838 5.24652 51.9173
internal_count=892 375 323 517 30 304
is_linear=0
shrinkage=0.02


Tree=239
num_leaves=7
num_cat=0
split_feature=38 41 47 42 20 67
split_gain=28.8272 6.33285 3.2089 2.58086 1.54464 1.12141
threshold=0.038991839640575052 -0.0013483051659850872 1.0000000180025095e-35 0.058865596898944071 0.11718930288527453 0.089284734997482365
decision_type=2 2 2 2 8 2
left_child=1 -1 -2 5 -4 -3
right_child=2 3 4 -5 -6 -7
leaf_value=-0.012838283308562919 -0.0043826877067045288 -0.0010968789520329307 0.015289746474661138 -0.010510965068324057 -0.0014214711759315427 0.0153905692942095
leaf_weight=45.657236840575933 3.6671665459871283 2.1412668973207456 33.070366740226746 2.3098208159208298 2.1926085948944083 4.7234962061047554
leaf_count=623 24 12 176 20 18 19
internal_value=-0.000561529 -0.00983572 0.01242 0.00489974 0.0142401 0.0107622
internal_weight=93.762 54.8318 38.9301 9.17458 35.263 6.86476
internal_count=892 674 218 51 194 31
is_linear=0
shrinkage=0.02


Tree=240
num_leaves=7
num_cat=0
split_feature=28 15 14 28 45 19
split_gain=29.8316 5.30918 4.65558 4.14565 3.6633 3.17715
threshold=0.14373778746385865 0.062633350414234512 0.037088223916494946 0.062516793501303639 0.059698899933509138 -0.0069035704040154014
decision_type=2 2 2 2 2 2
left_child=2 -2 3 5 -5 -1
right_child=1 -3 -4 4 -6 -7
leaf_value=-0.010014008162729406 0.014212016598251938 -0.0099638979659052249 -0.013474059300460861 0.011569218237425913 -0.011650342916376113 0.009173746430012843
leaf_weight=24.243245027959347 43.283038221299648 3.2631429880857459 32.677626274526119 9.738888852298258 2.7499942779541007 3.1997790485620525
leaf_count=183 317 23 302 38 19 17
internal_value=-5.05265e-06 0.0123432 -0.00798104 -0.00326656 0.00597172 -0.0075329
internal_weight=119.156 46.5462 72.6095 39.9319 12.4889 27.443
internal_count=899 340 559 257 57 200
is_linear=0
shrinkage=0.02


Tree=241
num_leaves=7
num_cat=0
split_feature=42 47 14 18 30 2
split_gain=33.8191 8.83626 5.3877 4.59478 2.47698 1.48492
threshold=-1.0000000180025095e-35 -0.017096219207920742 0.081267459786711835 -0.015110818462147622 0.038029114337937271 0.23317152103559874
decision_type=2 2 2 2 2 2
left_child=1 -1 5 -3 -4 -2
right_child=2 3 4 -5 -6 -7
leaf_value=0.014652454855418651 0.002176797097310776 0.011604529117921205 0.012988317751065773 -0.01393415616970999 -0.0098070659588868885 -0.014012219729171198
leaf_weight=44.38369545340538 2.1155272722244254 3.4279333800077438 4.4183929413557044 7.0572963804006559 2.0613224059343338 47.483502343297005
leaf_count=273 8 16 23 42 20 517
internal_value=-0.000251291 0.0108127 -0.0110764 -0.00530138 0.00539502 -0.0132923
internal_weight=110.948 54.8689 56.0787 10.4852 6.47972 49.599
internal_count=899 331 568 58 43 525
is_linear=0
shrinkage=0.02


Tree=242
num_leaves=7
num_cat=0
split_feature=40 47 38 28 38 54
split_gain=28.9439 7.07854 4.19352 2.62151 1.69544 1.06983
threshold=0.020335502331026826 -0.017096219207920742 0.068259426444936031 0.11857420737997715 0.024529950270922165 0.71984011627906985
decision_type=2 2 2 2 2 2
left_child=2 4 5 -3 -2 -1
right_child=1 3 -4 -5 -6 -7
leaf_value=-0.013817405185289398 -0.012171082783181202 0.015010941120925854 0.0074366485306076235 -0.00530244978459003 0.0063279803586726016 0.0019686427108743338
leaf_weight=38.960706129670143 5.2209155820310107 39.875060237944126 3.7238619625568381 2.2314342707395545 2.1632056161761284 1.5510158799588669
leaf_count=568 61 204 20 22 10 14
internal_value=0.000303385 0.0107097 -0.0113186 0.0138364 -0.00664334 -0.0131802
internal_weight=93.7262 49.4906 44.2356 42.1065 7.38412 40.5117
internal_count=899 297 602 226 71 582
is_linear=0
shrinkage=0.02


Tree=243
num_leaves=7
num_cat=0
split_feature=14 24 44 20 14 50
split_gain=25.5961 6.25362 4.26309 4.2505 2.82193 2.74513
threshold=-0.025957329147263699 0.45000000000000007 0.077017442196986835 0.079127559384970833 0.092290094437561046 0.0079147402953547753
decision_type=2 10 2 8 2 2
left_child=3 2 5 -1 -3 -2
right_child=1 4 -4 -5 -6 -7
leaf_value=-0.0039071882169616715 0.0063517369469435351 0.013032606674124012 -0.012787472182250301 0.014327376971614235 -0.0098884652043427137 -0.0077731049875243308
leaf_weight=5.4154279232025146 8.9001337587833422 7.4561297222971898 41.953185841441154 39.874746508896351 2.0635092034935951 11.455057419836519
leaf_count=37 43 43 385 288 18 79
internal_value=0.000484934 -0.00691056 -0.00921196 0.0121097 0.00759646 -0.00158891
internal_weight=117.118 71.828 62.3084 45.2902 9.51964 20.3552
internal_count=893 568 507 325 61 122
is_linear=0
shrinkage=0.02


Tree=244
num_leaves=7
num_cat=0
split_feature=46 42 30 42 58 14
split_gain=31.2659 9.9519 6.20032 2.71449 1.26624 1.10267
threshold=0.0099345188642554916 -1.7457833721610198e-05 0.0078759962504703507 0.040608489532331198 4.4625000000000012 0.12052499261769052
decision_type=2 2 2 2 2 2
left_child=3 2 -2 4 -1 -3
right_child=1 5 -4 -5 -6 -7
leaf_value=0.014656920759269887 0.012561502004068506 -0.014192745146083945 -0.009995440713420357 -0.0062635294573024818 -0.0018868906759942597 0.0039974620502459639
leaf_weight=38.98424406349659 10.885980024933817 46.39363431930542 7.3265095651149741 2.2922823280096045 1.7157592475414265 0.97110215574502845
leaf_count=244 59 516 46 14 8 6
internal_value=-0.000350348 -0.00899238 0.00343936 0.0127363 0.013931 -0.0137449
internal_weight=108.57 65.5772 18.2125 42.9923 40.7 47.3647
internal_count=893 627 105 266 252 522
is_linear=0
shrinkage=0.02


Tree=245
num_leaves=7
num_cat=0
split_feature=38 51 20 23 38 66
split_gain=28.6644 3.6196 4.35149 2.46196 2.03974 1.48603
threshold=0.038991839640575052 0.0012591625704996637 0.073376256371049581 401.42012291666674 0.079023562230440519 0.18890487322424027
decision_type=2 2 10 10 2 2
left_child=1 5 -3 -2 -5 -1
right_child=3 2 -4 4 -6 -7
leaf_value=-0.013275089601334845 0.014765357500782046 0.013247504605472818 -0.0096069163085802031 -0.0079303992313998033 0.011312635635407794 0.0060881750977768625
leaf_weight=39.380026664584875 32.426344215869904 4.7456966415047628 6.9339502640068531 3.6375596821308127 3.2145833224058151 1.103883109986781
leaf_count=552 181 20 88 29 17 6
internal_value=-0.000204366 -0.00984404 -8.25366e-06 0.0125241 0.0013882 -0.0126131
internal_weight=91.442 52.1636 11.6796 39.2785 6.85214 40.4839
internal_count=893 666 108 227 46 558
is_linear=0
shrinkage=0.02


Tree=246
num_leaves=7
num_cat=0
split_feature=20 42 44 22 3 47
split_gain=24.5384 7.6669 4.45695 3.71569 2.23863 1.8499
threshold=0.11350661083040998 0.018252771262230901 0.077017442196986835 0.041876036722051202 0.24473453268977624 -0.01284433322148811
decision_type=10 2 2 8 2 2
left_child=2 -2 3 5 -4 -1
right_child=1 -3 4 -5 -6 -7
leaf_value=0.0014297264513198871 -0.0078550610219741846 0.013981858063569188 -0.012601811138241732 0.010068828652155441 0.0055075593183233343 -0.011888274103302525
leaf_weight=7.0536379367113122 6.9158972576260558 41.341063596308231 41.073830746114254 7.5619531571865108 2.3763300478458396 8.5688787475228274
leaf_count=38 49 311 382 37 12 61
internal_value=1.88248e-05 0.0107564 -0.00780141 -0.000662992 -0.0115098 -0.00615087
internal_weight=114.892 48.257 66.6346 23.1845 43.4502 15.6225
internal_count=890 360 530 136 394 99
is_linear=0
shrinkage=0.02


Tree=247
num_leaves=7
num_cat=0
split_feature=2 15 0 52 47 43
split_gain=24.9166 7.57605 6.96337 1.92307 1.66383 1.34842
threshold=0.33715295966474595 0.057101826566892798 0.11077027948193593 0.0017679945913674883 -0.01650227738643564 -5.9545667551974663e-05
decision_type=2 2 2 2 2 2
left_child=2 3 -1 -2 -3 -4
right_child=1 4 5 -5 -6 -7
leaf_value=-0.007670106717223857 0.0021325508528256252 0.013136196518123557 0.014136403014481314 -0.012892703262485964 -0.0068382618346460467 -0.0039611634306477503
leaf_weight=6.7454346716403952 3.374705232679843 5.9346529319882393 37.389249578118324 49.135673604905605 1.5049308389425267 1.3163230791687954
leaf_count=44 21 34 243 530 10 8
internal_value=-0.000836339 -0.00923855 0.0102065 -0.0119053 0.00876413 0.0134367
internal_weight=105.401 59.95 45.451 52.5104 7.43958 38.7056
internal_count=890 595 295 551 44 251
is_linear=0
shrinkage=0.02


Tree=248
num_leaves=7
num_cat=0
split_feature=40 50 6 51 54 42
split_gain=27.0752 6.22358 2.32159 2.20525 1.66447 1.61376
threshold=0.020335502331026826 0.009364992800828047 314.73607652613242 0.0084140614969912333 0.34445943530868744 0.044526100108530357
decision_type=2 2 2 2 2 2
left_child=3 4 -3 -1 -2 -5
right_child=1 2 -4 5 -6 -7
leaf_value=-0.012426874177447495 0.0054546868365282202 0.014758623744925189 -0.0031192330931757509 0.011042383415995461 -0.012249865318439307 -0.0092554453467718865
leaf_weight=37.130574408918619 2.69903266057372 40.247652862221003 2.785984329879283 2.4654869213700286 4.5498658716678619 1.8911597430706022
leaf_count=542 18 221 26 12 42 29
internal_value=0.00093571 0.0107082 0.0135567 -0.0108818 -0.00579569 0.00214841
internal_weight=91.7698 50.2825 43.0336 41.4872 7.2489 4.35665
internal_count=890 307 247 583 60 41
is_linear=0
shrinkage=0.02


Tree=249
num_leaves=7
num_cat=0
split_feature=28 15 44 70 20 51
split_gain=23.4661 10.3638 5.85718 3.88453 2.09786 2.00899
threshold=0.11000076801528812 0.042779240836650752 0.076329722014115683 70.200814697813627 0.080241768287344153 0.0040407287782345406
decision_type=2 2 2 2 8 2
left_child=2 -2 3 4 -1 -5
right_child=1 -3 -4 5 -6 -7
leaf_value=-0.011594008114795907 0.014034672922088225 -0.0099420644554290248 -0.012529606756613354 0.012810990998960799 0.0069971694004657857 -0.0066713050441132918
leaf_weight=8.9545712471008319 45.548335000872612 7.7934658974409095 36.749318495392799 8.4911780431866628 2.4680713266134253 2.0428706333041182
leaf_count=63 331 67 354 36 11 15
internal_value=0.00091135 0.0104131 -0.00775197 0.00044191 -0.00733714 0.00878195
internal_weight=112.048 53.3418 58.706 21.9567 11.4226 10.534
internal_count=877 398 479 125 74 51
is_linear=0
shrinkage=0.02


Tree=250
num_leaves=7
num_cat=0
split_feature=30 47 50 18 15 2
split_gain=25.3759 6.80922 5.09253 2.73278 1.72714 1.4666
threshold=-1.0000000180025095e-35 -0.0058541431732031931 0.0034695073532156201 -0.0080890525202684232 -0.00072925950932334414 0.43244784876140813
decision_type=2 2 2 2 2 2
left_child=1 4 3 5 -1 -2
right_child=2 -3 -4 -5 -6 -7
leaf_value=0.00094331459272289757 0.011671222780410733 -0.0094039920467551014 -0.013187633221012185 -0.010126882130219696 0.013972800179800498 -0.0066612991046617314
leaf_weight=4.7173312678933135 6.5611720606684667 5.7401686757802954 42.058290600776672 4.4226943701505652 37.618199951946735 1.5542391240596769
leaf_count=31 38 48 471 25 247 17
internal_value=-0.000674292 0.00981368 -0.00992004 0.00120538 0.0125762 0.00781463
internal_weight=102.672 48.0757 54.5964 12.5381 42.3355 8.11541
internal_count=877 326 551 80 278 55
is_linear=0
shrinkage=0.02


Tree=251
num_leaves=7
num_cat=0
split_feature=38 40 50 40 10 24
split_gain=26.1833 4.27485 3.83902 2.73576 2.05439 0.970258
threshold=0.038991839640575052 0.020335502331026826 0.012895622244921684 0.0080733225841550984 1.0693016036828837 0.29166666666666669
decision_type=2 2 2 2 2 10
left_child=1 -1 -3 -2 -4 -5
right_child=3 2 4 5 -6 -7
leaf_value=-0.013267294291429135 -0.0045299875382339531 -0.011410519919420672 0.015037128337363601 0.014657813578541434 -0.004253129735379683 4.2518271720421901e-05
leaf_weight=36.11192511767149 3.1037763617932788 5.9545287415385237 5.1143535710871202 31.861751988530159 2.8911411762237549 1.9294080510735501
leaf_count=551 23 59 22 183 23 16
internal_value=-0.000376516 -0.00971838 -0.000264839 0.0122237 0.00837187 0.0138485
internal_weight=86.9669 50.0719 13.96 36.8949 8.00549 33.7912
internal_count=877 655 104 222 45 199
is_linear=0
shrinkage=0.02


Tree=252
num_leaves=7
num_cat=0
split_feature=28 44 47 46 42 32
split_gain=26.4753 5.36219 3.42335 6.78912 3.16335 2.47413
threshold=0.14373778746385865 0.077017442196986835 0.0011485658930781991 0.002138375346397423 0.016002451650432133 0.11824779132302046
decision_type=2 2 2 2 2 2
left_child=1 2 3 -1 -2 -3
right_child=4 5 -4 -5 -6 -7
leaf_value=-0.011111453587451315 -0.0020872003689552648 -0.012417285179285857 -0.008841614627295635 0.015119319877489074 0.014366066869920457 0.0076566625998942687
leaf_weight=5.2776777297258404 5.0362593606114379 42.272442579269409 9.2324750795960409 9.9861071705818159 38.414161965250969 1.9597516879439343
leaf_count=38 30 406 67 37 311 11
internal_value=0.000396186 -0.0072967 0.000230494 0.0059241 0.0124549 -0.0113783
internal_weight=112.179 68.7285 24.4963 15.2638 43.4504 44.2322
internal_count=900 559 142 75 341 417
is_linear=0
shrinkage=0.02


Tree=253
num_leaves=7
num_cat=0
split_feature=46 14 2 45 46 47
split_gain=28.849 7.27007 3.61973 2.93424 2.60926 1.56983
threshold=0.042158900029689812 0.017937086023635297 0.25317269076305227 0.052930987243414877 -0.011113333641065174 -0.0058541431732031931
decision_type=2 2 2 2 2 2
left_child=1 3 -2 4 -1 -3
right_child=2 5 -4 -5 -6 -7
leaf_value=0.0092939471755462497 0.0053675479373003895 0.014179186147127392 -0.013599414530225312 0.01169519954064259 -0.011312734188426732 -0.0024794458709319891
leaf_weight=2.3446703851222983 3.9077619761228553 39.771055154502392 42.699749507009983 3.5160219222307196 10.006539888679979 2.1057704612612715
leaf_count=11 21 264 500 21 72 11
internal_value=-0.000362232 0.00901856 -0.0119298 -0.00240781 -0.00699778 0.0133032
internal_weight=104.352 57.7441 46.6075 15.8672 12.3512 41.8768
internal_count=900 379 521 104 83 275
is_linear=0
shrinkage=0.02


Tree=254
num_leaves=7
num_cat=0
split_feature=40 47 39 28 47 51
split_gain=25.6572 6.84583 3.88675 3.6084 1.97673 0.823461
threshold=0.020535559903072566 -0.017096219207920742 0.0032830575259637927 0.11290454205342343 0.0070598129145452377 0.0012591625704996637
decision_type=2 2 2 2 2 2
left_child=2 5 -1 -3 -4 -2
right_child=1 3 4 -5 -6 -7
leaf_value=-0.013536272368297061 -0.012145450028612783 0.01488822010366961 -0.010059999387527371 -0.0070843842065512787 0.011270092533361626 0.003127569220490315
leaf_weight=36.416734244674444 4.5625113025307646 36.66843643039465 1.8171143904328335 2.6708107739686957 3.730362243950367 1.4242703840136526
leaf_count=577 57 202 12 25 19 8
internal_value=-7.56397e-05 0.0102498 -0.0112073 0.0132578 0.0038139 -0.00858437
internal_weight=87.2902 45.326 41.9642 39.3392 5.54748 5.98678
internal_count=900 292 608 227 31 65
is_linear=0
shrinkage=0.02


Tree=255
num_leaves=7
num_cat=0
split_feature=28 44 15 51 14 74
split_gain=24.0126 5.9669 4.77023 3.47653 2.96772 2.06215
threshold=0.14042933558932616 0.077017442196986835 0.062633350414234512 0.0040407287782345406 0.035059954909742654 0.017750000000000005
decision_type=2 2 2 2 2 2
left_child=1 3 -2 4 -1 -3
right_child=2 5 -4 -5 -6 -7
leaf_value=0.010612870432367397 0.013919052340655005 -0.00031889188003317575 -0.010920317403402229 -0.011312130364207444 -0.006055942765577505 -0.012742928236227991
leaf_weight=12.70132333785296 40.042029678821564 6.2522737532854071 2.621126450598239 5.5671536326408377 5.4343392029404631 38.01867438852787
leaf_count=54 319 35 21 44 39 391
internal_value=0.000576452 -0.00677604 0.0121778 0.00130171 0.00556262 -0.0110341
internal_weight=110.637 67.9738 42.6632 23.7028 18.1357 44.2709
internal_count=903 563 340 137 93 426
is_linear=0
shrinkage=0.02


Tree=256
num_leaves=7
num_cat=0
split_feature=42 47 46 18 34 6
split_gain=30.121 7.06618 6.2923 2.58487 1.96868 1.34851
threshold=-1.0000000180025095e-35 -0.01284433322148811 0.0099345188642554916 -0.0099576051691529482 0.040292495230699769 266.1233678528709
decision_type=2 2 2 2 2 2
left_child=1 5 4 -3 -2 -1
right_child=2 3 -4 -5 -6 -7
leaf_value=0.014226482332954671 0.011818266386211451 0.0078879995266228319 -0.014042732158597955 -0.01357219169593264 -0.0081209643991658927 -0.0018141694180081188
leaf_weight=40.553190350532532 4.9638390839099875 2.6655980497598648 44.305419530719519 5.349297031760214 2.1245085895061493 1.9839830249547947
leaf_count=274 27 13 531 36 14 8
internal_value=-0.000608291 0.0102514 -0.0112819 -0.00635167 0.00557694 0.0134538
internal_weight=101.946 50.5521 51.3938 8.0149 7.08835 42.5372
internal_count=903 331 572 49 41 282
is_linear=0
shrinkage=0.02


Tree=257
num_leaves=7
num_cat=0
split_feature=40 31 50 31 42 28
split_gain=24.3448 6.79885 2.90395 2.42855 1.23003 1.11449
threshold=0.020335502331026826 -0.028064388438153089 0.009364992800828047 0.012172953639390327 0.016939517340618233 0.021510720094567466
decision_type=2 2 2 2 2 2
left_child=3 -2 4 -1 -3 -5
right_child=1 2 -4 5 -6 -7
leaf_value=-0.012891647778859141 -0.008733585107315674 -0.012287339712668228 0.014461452872199363 0.010886474415309056 0.0060698682753737359 -0.0062208924063555417
leaf_weight=36.078074365854263 6.1685760095715514 1.7541820853948586 36.314259801059961 2.043184980750083 2.2031195983290672 2.1308014206588268
leaf_count=573 71 13 208 10 13 15
internal_value=-1.97545e-05 0.00975149 0.0127259 -0.0112563 -0.00290462 0.00263881
internal_weight=86.6922 46.4401 40.2716 40.2521 3.9573 4.17399
internal_count=903 305 234 598 26 25
is_linear=0
shrinkage=0.02


Tree=258
num_leaves=7
num_cat=0
split_feature=28 15 19 38 42 71
split_gain=23.9383 5.00949 3.14745 6.64211 5.21521 2.0408
threshold=0.14042933558932616 0.043369965740664443 -0.10987722162034382 0.038991839640575052 0.026636157182937787 43.286761823882948
decision_type=2 2 2 2 2 2
left_child=2 -2 -1 4 5 -4
right_child=1 -3 3 -5 -6 -7
leaf_value=-0.013278667073897679 0.014250829749616016 -0.0070726408605502299 -0.0081245216151147881 -0.012419011534243551 0.013156960047751956 0.011304055410320471
leaf_weight=22.253920920193195 37.285399667918682 4.3723140135407439 11.679518409073355 19.236657023429871 10.295460052788256 1.6993992552161206
leaf_count=236 308 33 81 181 42 6
internal_value=0.000219017 0.0118994 -0.00731486 -0.00399003 0.0030847 -0.00504216
internal_weight=106.823 41.6577 65.165 42.911 23.6744 13.3789
internal_count=887 341 546 310 129 87
is_linear=0
shrinkage=0.02


Tree=259
num_leaves=7
num_cat=0
split_feature=46 42 45 44 46 42
split_gain=27.6921 7.12926 5.63731 3.50358 2.19552 0.78912
threshold=0.020474291534204814 1.0000000180025095e-35 0.030193433097217313 0.039237907562878906 -0.0052076279289635227 0.041848776506886766
decision_type=2 2 2 2 2 2
left_child=3 2 -2 4 -1 -5
right_child=1 -3 -4 5 -6 -7
leaf_value=0.0085958938704863968 -0.011315179876677397 -0.013887325361121939 0.011807255092877857 0.014291800324874284 -0.013104247342855438 -0.001450174299938955
leaf_weight=2.6990998536348343 6.3970681205391875 40.075759150087833 8.8507610559463483 36.256668195128441 2.8205596432089797 1.1373662874102581
leaf_count=12 35 513 51 255 13 8
internal_value=-0.000269297 -0.00954877 0.00200712 0.0116387 -0.00280206 0.0137877
internal_weight=98.2373 55.3236 15.2478 42.9137 5.51966 37.394
internal_count=887 599 86 288 25 263
is_linear=0
shrinkage=0.02


Tree=260
num_leaves=7
num_cat=0
split_feature=40 47 39 28 28 50
split_gain=25.1347 5.88398 3.87054 3.6843 1.24074 1.17244
threshold=0.020335502331026826 -0.017096219207920742 0.0032830575259637927 0.14373778746385865 0.01640268108632326 0.016655920688285433
decision_type=2 2 2 2 2 2
left_child=2 4 -1 -3 -2 -4
right_child=1 3 5 -5 -6 -7
leaf_value=-0.013690002126406099 0.0048094776837014214 0.014800197114490295 -0.0047375901889356318 -0.0095229279603400978 -0.012214004027142497 0.01208853195851556
leaf_weight=34.594692844897509 1.8984731994569291 35.613264121115208 2.3585402220487586 2.0106686390936366 4.1890245825052261 2.5188425630331039
leaf_count=573 12 203 15 25 48 11
internal_value=3.69354e-05 0.0103726 -0.0113823 0.0132874 -0.00697547 0.00453029
internal_weight=83.1835 43.7114 39.4721 37.6239 6.0875 4.87738
internal_count=887 288 599 228 60 26
is_linear=0
shrinkage=0.02


Tree=261
num_leaves=7
num_cat=0
split_feature=28 74 46 28 46 75
split_gain=22.9213 4.21602 3.15528 1.67136 4.18717 1.81461
threshold=0.14042933558932616 0.016250000000000004 1.0000000180025095e-35 0.085837477833543452 0.015311420769751014 0.34841666666666671
decision_type=2 2 2 2 2 2
left_child=1 -1 -2 5 -5 -3
right_child=2 3 -4 4 -6 -7
leaf_value=0.0060878767700756811 -0.0041941750875841149 -0.012259195840182504 0.013470893085849379 -0.012720597659268416 0.0068063148714586274 0.00474644372176558
leaf_weight=7.5549501702189437 4.0720030441880217 39.115978166460991 36.570711806416512 8.027647413313387 7.6610190570354453 2.1716233417391768
leaf_count=37 31 383 306 90 36 13
internal_value=4.04667e-05 -0.00733302 0.0116428 -0.00918692 -0.00334883 -0.0112737
internal_weight=105.174 64.5312 40.6427 56.9763 15.6887 41.2876
internal_count=896 559 337 522 126 396
is_linear=0
shrinkage=0.02


Tree=262
num_leaves=7
num_cat=0
split_feature=42 46 18 16 34 15
split_gain=27.4487 7.3022 6.03274 3.54613 2.18025 0.763326
threshold=-1.0000000180025095e-35 0.0099345188642554916 -0.0099576051691529482 -0.0039471743784645621 0.044256717485111306 0.081617648430370351
decision_type=2 2 2 2 2 2
left_child=2 4 -1 -4 -2 -3
right_child=1 5 3 -5 -6 -7
leaf_value=0.013897360461432624 0.012226263573351532 -0.014305550740739571 0.0079861637326622652 -0.012917346832157036 -0.0094725393785108011 0.0029800478334776133
leaf_weight=38.902488216757774 5.8101575151085845 40.175981856882572 5.5637840628623962 5.4785886183381063 1.710898734629154 0.72606950253248115
leaf_count=272 33 506 32 36 13 4
internal_value=-3.06447e-05 -0.0106492 0.0102714 -0.00259639 0.00675781 -0.0139349
internal_weight=98.368 48.4231 49.9449 11.0424 7.52106 40.9021
internal_count=896 556 340 68 46 510
is_linear=0
shrinkage=0.02


Tree=263
num_leaves=7
num_cat=0
split_feature=39 50 4 47 67 28
split_gain=23.0621 4.36005 3.99066 3.34268 1.86886 1.68428
threshold=-0.0079331356917668166 0.014213387749502185 0.021390986044383439 -0.017096219207920742 0.10360630018784965 0.070267293492230057
decision_type=2 2 2 2 2 2
left_child=2 4 3 -1 -2 -5
right_child=1 -3 -4 5 -6 -7
leaf_value=-0.012008339686854028 -0.0093656546061509204 0.014363875334368057 -0.013311881569780528 0.013429828002944367 0.0094016438420416581 -0.0048428315059162496
leaf_weight=4.5736009031534195 4.6980672404170027 31.107460647821426 32.213143806904554 5.2565705850720388 2.4260127767920494 2.3551707565784454
leaf_count=55 38 188 558 23 13 21
internal_value=-1.49636e-05 0.0112163 -0.00972021 6.41961e-05 -0.00260411 0.0078702
internal_weight=82.63 38.2315 44.3985 12.1853 7.12408 7.61174
internal_count=896 239 657 99 51 44
is_linear=0
shrinkage=0.02


Tree=264
num_leaves=7
num_cat=0
split_feature=24 15 10 75 38 74
split_gain=20.995 5.84058 3.62655 2.56012 2.23177 2.10221
threshold=0.29166666666666669 0.062633350414234512 1.3689122095917476 0.34325000000000011 0.070239815282668053 0.015750000000000004
decision_type=10 2 2 2 2 2
left_child=2 -2 3 5 -4 -1
right_child=1 -3 4 -5 -6 -7
leaf_value=0.00043951512960765113 0.012737981006001389 -0.010616109181984216 0.0056480157493324617 0.0062717777855010176 -0.011192146494012239 -0.0129458331723589
leaf_weight=5.2333836033940306 39.063277155160904 4.0386939123272887 10.778876580297945 2.9108787402510634 3.3050561249256125 39.629470005631447
leaf_count=24 323 35 67 17 32 405
internal_value=-0.000222123 0.0103586 -0.00764219 -0.0102251 0.00121616 -0.0114089
internal_weight=104.96 43.102 61.8577 47.7737 14.0839 44.8629
internal_count=903 358 545 446 99 429
is_linear=0
shrinkage=0.02


Tree=265
num_leaves=7
num_cat=0
split_feature=42 47 48 18 34 18
split_gain=28.7103 7.62553 3.19535 1.65164 1.5359 1.25171
threshold=0.013201836162079865 -0.01284433322148811 -0.003753771822251228 -0.011780022201083149 0.022821882805923874 0.011176068669224716
decision_type=2 2 2 2 2 2
left_child=1 5 4 -3 -2 -1
right_child=2 3 -4 -5 -6 -7
leaf_value=0.014568431924134944 0.011678029252988283 0.0051695134163805582 -0.013330311854600874 -0.012982222452708199 -0.0078527103840429734 0.0036399492820023828
leaf_weight=37.660067610442638 2.6809555590152732 2.2751447856426239 40.951728623360395 5.3645370304584494 1.9517000988125799 5.5949349477887145
leaf_count=269 14 13 520 43 17 27
internal_value=-0.000183581 0.0100497 -0.0115795 -0.00760386 0.00351654 0.013269
internal_weight=96.4791 50.8947 45.5844 7.63968 4.63266 43.255
internal_count=903 352 551 56 31 296
is_linear=0
shrinkage=0.02


Tree=266
num_leaves=7
num_cat=0
split_feature=39 41 46 38 29 18
split_gain=22.6596 4.73852 3.35302 2.2643 1.6969 1.16249
threshold=-0.0074109369742668399 0.010411457911625236 0.050081852506567791 0.066385877602505625 -0.031112901707021117 0.0065891083721021934
decision_type=2 2 2 2 2 2
left_child=1 3 4 -1 -2 -3
right_child=2 5 -4 -5 -6 -7
leaf_value=-0.01256924866686214 0.0092808970180622771 -0.0037640306955824131 0.014091839455121649 0.0058065671308661602 -0.010812768634462027 0.013704674963165825
leaf_weight=37.200765341520309 1.8947771713137624 1.8113887161016453 32.463862705975771 2.3218326270580283 3.1153092607855788 3.3010444939136505
leaf_count=623 9 16 203 13 25 14
internal_value=0.000498519 -0.0090392 0.0117985 -0.0113731 -0.00293369 0.00791211
internal_weight=82.109 44.635 37.4739 39.5226 5.01009 5.11243
internal_count=903 666 237 636 34 30
is_linear=0
shrinkage=0.02


Tree=267
num_leaves=7
num_cat=0
split_feature=28 42 74 21 57 75
split_gain=22.15 10.7385 3.1417 1.84603 1.62853 1.53017
threshold=0.10707780842249982 0.016002451650432133 0.02016666666666667 -0.011441593297755992 0.13795285901353124 0.34325000000000011
decision_type=2 2 2 8 2 2
left_child=2 -2 3 -1 -5 -4
right_child=1 -3 5 4 -6 -7
leaf_value=-0.0077769354510571556 -0.008614279626469816 0.014222546052375148 -0.011665832217347323 -0.0037638259351883249 0.014851648754440243 0.0034249372602111311
leaf_weight=4.3239194676280022 9.4965693429112417 41.572051428258419 40.217755027115345 2.5795893818140012 3.6980207040905952 2.4492985084652892
leaf_count=30 80 347 406 17 14 16
internal_value=0.000578461 0.009892 -0.00836818 0.00128402 0.00773611 -0.010741
internal_weight=104.337 51.0686 53.2686 10.6015 6.27761 42.6671
internal_count=910 427 483 61 31 422
is_linear=0
shrinkage=0.02


Tree=268
num_leaves=7
num_cat=0
split_feature=46 47 30 19 45 6
split_gain=27.2255 3.89418 3.16216 2.41544 1.88241 1.30835
threshold=0.029851669877600743 -0.007419507890758458 -0.0082992410975778145 -0.0193166870184403 0.036940442947567549 297.22728192673554
decision_type=2 2 2 2 2 2
left_child=1 3 4 5 -2 -1
right_child=2 -3 -4 -5 -6 -7
leaf_value=0.013570700627216549 -0.0095549141596896411 -0.0082090549633625585 -0.013086709270267623 -0.0078582422682929032 0.0076038044071575928 -0.0045405134176528649
leaf_weight=40.538773767650127 3.4636617191135866 3.4934082925319663 40.178924236446619 1.7167894169688214 4.9901536926627159 1.206605277955531
leaf_count=292 28 23 510 7 40 10
internal_value=-0.000419753 0.0103315 -0.0107993 0.0119729 0.000306548 0.0129532
internal_weight=95.5883 46.9556 48.6327 43.4622 8.45382 41.7454
internal_count=910 332 578 309 68 302
is_linear=0
shrinkage=0.02


Tree=269
num_leaves=7
num_cat=0
split_feature=38 28 40 50 39 28
split_gain=23.0284 6.60439 4.03353 2.05067 1.44633 0.831207
threshold=0.026925250574297514 0.11352590537522925 0.045948685896307545 0.0079147402953547753 0.0032830575259637927 -0.018139554957645011
decision_type=2 2 2 2 2 2
left_child=2 3 4 -2 5 -1
right_child=1 -3 -4 -5 -6 -7
leaf_value=0.0049228307252600816 -0.0019201686744555009 -0.011479301741267664 0.0094961890141378007 0.014786953712576828 0.002122877883333203 -0.013815393755749675
leaf_weight=0.50675047188997169 2.9884620532393447 4.0879459157586089 2.9470687061548224 32.159723728895187 2.2926407232880583 34.941527213901281
leaf_count=3 18 62 15 200 15 597
internal_value=-0.000251967 0.0105444 -0.0106663 0.0133526 -0.0124452 -0.0134198
internal_weight=79.9241 39.2361 40.688 35.1482 37.7409 35.4483
internal_count=910 280 630 218 615 600
is_linear=0
shrinkage=0.02


Tree=270
num_leaves=7
num_cat=0
split_feature=28 44 15 41 36 42
split_gain=20.2326 5.78736 5.08765 2.95848 3.4828 1.84702
threshold=0.14042933558932616 0.077017442196986835 0.043369965740664443 0.004995613885987499 -1.0000000180025095e-35 0.07569169988431669
decision_type=2 2 2 2 2 2
left_child=1 3 -2 4 -1 -3
right_child=2 5 -4 -5 -6 -7
leaf_value=-0.0047551938196514756 0.013978899014348171 -0.012525573170936733 -0.0091289519914209746 -0.0094372503202673347 0.012545217630349801 0.00350339225393616
leaf_weight=7.3336289227008882 34.549033291637897 35.906023517251015 3.5811651870608321 6.6471911743283263 10.024789683520792 2.7014654502272597
leaf_count=45 305 392 29 56 46 17
internal_value=0.000317717 -0.00664626 0.0116308 0.00106024 0.00537521 -0.0113438
internal_weight=100.743 62.6131 38.1302 24.0056 17.3584 38.6075
internal_count=890 556 334 147 91 409
is_linear=0
shrinkage=0.02


Tree=271
num_leaves=7
num_cat=0
split_feature=15 50 16 48 49 2
split_gain=22.7861 9.35215 3.2701 2.00607 1.96977 1.03006
threshold=0.040300263115127022 0.0050188567276891393 -0.0039471743784645621 0.047143805763468986 -0.04638168256634851 0.38703482417207241
decision_type=2 2 2 2 2 2
left_child=1 2 5 -2 -4 -1
right_child=3 -3 4 -5 -6 -7
leaf_value=0.013013458607520196 0.014225080613047012 -0.012912947931735022 0.0096799480747859438 -0.0049919123539873015 -0.010277584036451808 -0.0026721910463136066
leaf_weight=9.1707872264087218 29.793465804308656 41.559325508773327 1.8118124157190321 1.858203001320361 6.4685613512992841 1.6405925601720799
leaf_count=60 225 515 13 13 48 16
internal_value=-0.000536258 -0.00768528 0.00377072 0.0129786 -0.00533821 0.0106085
internal_weight=92.3027 60.6511 19.0918 31.6517 8.28037 10.8114
internal_count=890 652 137 238 61 76
is_linear=0
shrinkage=0.02


Tree=272
num_leaves=7
num_cat=0
split_feature=40 47 39 28 46 62
split_gain=20.6813 7.16176 3.67775 3.6292 2.14472 0.594234
threshold=0.020335502331026826 -0.026051124785198772 0.0032830575259637927 0.11290454205342343 0.055221474042885597 0.73009404388714749
decision_type=2 2 2 2 2 2
left_child=2 5 -1 -3 -4 -2
right_child=1 3 4 -5 -6 -7
leaf_value=-0.013364617054861484 -0.012434219033924884 0.014445486487404161 -0.010246268540795031 -0.0072998670419055535 0.012013975998138665 0.003213477500422572
leaf_weight=30.774929955601692 4.8753649182617655 34.476505175232887 1.8759635388851155 2.7622777149081221 3.519820474088192 0.7363450527191161
leaf_count=553 60 211 12 30 18 6
internal_value=0.0002213 0.00952179 -0.0107565 0.0126838 0.00388273 -0.0102055
internal_weight=79.0212 42.8505 36.1707 37.2388 5.39578 5.61171
internal_count=890 307 583 241 30 66
is_linear=0
shrinkage=0.02


Tree=273
num_leaves=7
num_cat=0
split_feature=24 46 42 44 40 38
split_gain=18.1887 4.81633 4.71522 3.06127 2.42137 1.67926
threshold=0.29166666666666669 0.005319536806507306 0.06671034443941902 0.07407757091967207 -0.0024931342859552076 0.083682094954851932
decision_type=8 2 2 2 2 2
left_child=2 -2 3 4 -1 -3
right_child=1 5 -4 -5 -6 -7
leaf_value=0.008573922381028486 -0.0067010227589198116 0.013686651825240181 0.0093284558668093025 -0.012116485596318449 -0.0068179710258000573 -0.0063908827530657552
leaf_weight=5.3437928855419168 5.1581303477287284 35.647971764206886 5.6218811497092238 34.24353139847517 10.564481817185875 1.1912400051951397
leaf_count=25 44 305 36 380 75 6
internal_value=0.000573117 0.0103801 -0.00686429 -0.00882633 -0.00144634 0.0128857
internal_weight=97.771 41.9973 55.7737 50.1518 15.9083 36.8392
internal_count=871 355 516 480 100 311
is_linear=0
shrinkage=0.02


Tree=274
num_leaves=7
num_cat=0
split_feature=46 44 14 46 42 40
split_gain=24.6676 5.91714 3.02139 2.32277 1.90333 1.02161
threshold=0.032703867146465747 0.039237907562878906 0.12440599675839793 -0.018459448152491256 0.034914107974179064 0.032164722133654906
decision_type=2 2 2 2 2 2
left_child=1 3 -2 -1 5 -3
right_child=2 4 -4 -5 -6 -7
leaf_value=0.0088378760221099993 -0.012592683958246755 0.014366733618797598 0.0082828280008256389 -0.013571054359221534 -0.0050577095524997426 0.00053790124598596209
leaf_weight=1.8896576464176176 41.718887217342854 33.993934959173203 2.2985282987356177 4.8657542318105689 1.8535799719393242 2.3604279011487952
leaf_count=9 526 258 15 30 19 14
internal_value=-0.000828697 0.00948707 -0.0113428 -0.00697139 0.0125006 0.0135073
internal_weight=88.9808 44.9634 44.0174 6.75541 38.2079 36.3544
internal_count=871 330 541 39 291 272
is_linear=0
shrinkage=0.02


Tree=275
num_leaves=7
num_cat=0
split_feature=40 47 47 28 28 45
split_gain=20.7671 5.80735 2.85186 2.35636 2.06555 1.20815
threshold=0.020335502331026826 -0.01284433322148811 0.030405945779715744 0.11290454205342343 0.085837477833543452 -0.0085953901033611318
decision_type=2 2 2 2 2 2
left_child=2 5 -1 -3 -4 -2
right_child=1 3 4 -5 -6 -7
leaf_value=-0.012993755738648281 0.005043212555832669 0.014824111859153395 0.011952336136469562 -0.0054821637174055204 -0.0083889549418800936 -0.011110833012222161
leaf_weight=30.231627445667982 2.0493926182389259 31.041639536619186 2.918019324541091 1.9657358601689328 3.0999335646629333 4.6493243202567092
leaf_count=527 16 193 15 18 45 57
internal_value=0.000233374 0.0101051 -0.0105607 0.0134891 0.00177193 -0.00615557
internal_weight=75.9557 39.7061 36.2496 33.0074 6.01795 6.69872
internal_count=871 284 587 211 60 73
is_linear=0
shrinkage=0.02


Tree=276
num_leaves=7
num_cat=0
split_feature=28 42 44 75 47 42
split_gain=20.5429 9.52917 4.18902 2.01634 1.70082 1.51506
threshold=0.10707780842249982 0.016002451650432133 0.030380307703031687 0.23216666666666672 -0.0072916734886824949 0.069401674208035766
decision_type=2 2 2 2 2 2
left_child=2 4 3 -1 -2 -4
right_child=1 -3 5 -5 -6 -7
leaf_value=0.013322379784144096 -0.011152008813095639 0.013984559078151156 -0.011584953818460354 -0.0067703169026478265 0.0088717088405727926 0.0017406801686942388
leaf_weight=4.0711651816964141 8.1281835436820966 37.710380554199219 42.493468016386032 2.5010947287082672 1.2975922301411618 3.4403302222490302
leaf_count=15 76 331 445 17 5 25
internal_value=7.60062e-05 0.00955485 -0.00845295 0.00579173 -0.00780892 -0.0105711
internal_weight=99.6422 47.1362 52.5061 6.57226 9.42578 45.9338
internal_count=914 412 502 32 81 470
is_linear=0
shrinkage=0.02


Tree=277
num_leaves=7
num_cat=0
split_feature=42 18 15 15 6 7
split_gain=24.3879 7.39116 3.93028 2.1748 0.939599 0.606361
threshold=0.0065093999710058572 -0.0080890525202684232 0.070516206618957314 0.041345101727199927 417.00438081028466 28.975848690476194
decision_type=2 2 2 2 2 2
left_child=1 4 -2 5 -1 -3
right_child=2 3 -4 -5 -6 -7
leaf_value=0.014131187041227412 -0.012831776935152693 0.001173195376298416 0.0089505394153076134 0.0084512421480018099 -0.0022450458955833837 -0.011646741626939461
leaf_weight=35.949456855654716 39.80892027169466 1.6039442345499972 2.9131565392017356 2.9723051935434333 1.1923909038305271 6.8886253535747528
leaf_count=275 541 8 18 20 5 47
internal_value=-0.000288744 0.00931258 -0.0111757 -0.00443253 0.0135604 -0.00935699
internal_weight=91.3288 48.6067 42.7221 11.4649 37.1418 8.49257
internal_count=914 355 559 75 280 55
is_linear=0
shrinkage=0.02


Tree=278
num_leaves=7
num_cat=0
split_feature=38 19 28 66 46 50
split_gain=21.0885 3.88685 2.96623 2.71545 1.56297 1.52506
threshold=0.038991839640575052 -0.029307213844989074 0.11955350104600689 0.17997570853395486 0.044302584874332807 0.01738987986134179
decision_type=2 2 2 2 2 2
left_child=1 3 4 -1 -2 -3
right_child=2 5 -4 -5 -6 -7
leaf_value=-0.0126230680955501 -0.0013489547803313339 -0.0052647127134236226 -0.0091408696590116398 0.0071439457827792621 0.014580361699012301 0.012331217357667543
leaf_weight=35.269205123186111 2.5040402375161639 2.6889542303979388 1.8458584100008 2.382414322346448 29.60968966782093 3.5847982466220856
leaf_count=622 14 21 27 20 196 14
internal_value=0.000240983 -0.00882686 0.0118869 -0.0112198 0.0133351 0.00510257
internal_weight=77.885 43.9254 33.9596 37.6516 32.1137 6.27375
internal_count=914 677 237 642 210 35
is_linear=0
shrinkage=0.02


Tree=279
num_leaves=7
num_cat=0
split_feature=14 14 28 38 42 20
split_gain=18.5482 4.7354 4.26555 4.15132 4.02194 1.80363
threshold=-0.025957329147263699 0.038044359955277836 0.062516793501303639 0.038991839640575052 -1.0000000180025095e-35 0.017456123908778893
decision_type=2 2 2 2 2 8
left_child=2 3 -1 4 5 -2
right_child=1 -3 -4 -5 -6 -7
leaf_value=-0.0072767925057457611 0.0087209652353258966 -0.012008550396558761 0.013831363304335301 -0.010655237044466871 0.011724668002622087 -0.010708585202437358
leaf_weight=3.6741245239973059 1.7633775621652645 27.551381535828114 34.214524142444134 9.6897089183330518 11.768546245992184 6.1587162241339684
leaf_count=36 11 310 303 105 65 49
internal_value=0.000975124 -0.00620757 0.01165 -0.000551502 0.00469519 -0.00589104
internal_weight=94.8204 56.9317 37.8886 29.3803 19.6906 7.92209
internal_count=879 540 339 230 125 60
is_linear=0
shrinkage=0.02


Tree=280
num_leaves=7
num_cat=0
split_feature=46 18 15 15 27 46
split_gain=23.7915 6.40633 3.72877 2.14162 1.82796 1.06779
threshold=0.042158900029689812 -0.0086577192339460356 0.041345101727199927 0.074493829863060232 -0.15495647838991214 -1.0000000180025095e-35
decision_type=2 2 2 2 2 2
left_child=1 4 5 -2 -1 -3
right_child=3 2 -4 -5 -6 -7
leaf_value=-0.0026309612993938381 -0.01325025545869157 0.002475961578964262 0.011073432389345097 0.0046694997317828467 0.014332075689893484 -0.013952285426951917
leaf_weight=2.4450735226273528 36.909787844866514 1.6575841978192318 3.7996738404035559 2.388602912425994 32.115024104714394 6.5867593400180331
leaf_count=27 504 11 26 16 250 45
internal_value=-0.000771805 0.00881057 -0.003536 -0.0120722 0.0130917 -0.0107387
internal_weight=85.9025 46.6041 12.044 39.2984 34.5601 8.24434
internal_count=879 359 82 520 277 56
is_linear=0
shrinkage=0.02


Tree=281
num_leaves=7
num_cat=0
split_feature=38 40 28 39 47 27
split_gain=20.1256 3.63951 3.36332 2.1289 1.28198 1.03464
threshold=0.038991839640575052 0.045948685896307545 0.11000076801528812 0.0032830575259637927 -0.0046630900794287491 -0.061691921363440698
decision_type=2 2 2 2 2 2
left_child=1 3 4 -1 -2 -3
right_child=2 5 -4 -5 -6 -7
leaf_value=-0.012816034600285929 2.2995033894201416e-05 -0.0044616574602498764 -0.009685102975471583 0.0033974928453836119 0.014600438143187507 0.012208289107111381
leaf_weight=34.130342785269022 2.6472830623388353 1.7358616292476652 2.0669703371822825 3.160837370902299 26.65327812731266 2.9159391447901717
leaf_count=609 14 13 29 20 182 12
internal_value=-0.000354794 -0.0093262 0.0115588 -0.0113889 0.0133276 0.00629896
internal_weight=73.3105 41.943 31.3675 37.2912 29.3006 4.6518
internal_count=879 654 225 629 196 25
is_linear=0
shrinkage=0.02


Tree=282
num_leaves=7
num_cat=0
split_feature=28 14 14 28 42 70
split_gain=19.5118 4.18959 3.71091 4.13522 3.01782 2.59684
threshold=0.14042933558932616 0.027731579531057305 0.03606814114871678 0.069106359073981952 0.021159240875567822 70.200814697813627
decision_type=2 2 2 2 2 2
left_child=2 -2 3 5 -5 -1
right_child=1 -3 -4 4 -6 -7
leaf_value=-0.012367729121547833 0.01411149308614249 -0.0049934639242130516 -0.012697856482342416 -0.010364116167706685 0.012908304957713973 0.0010840812764578115
leaf_weight=13.717090524733068 31.106860600411892 4.841712959110736 25.111724704504013 2.1244994997978202 8.105824261903761 9.1650739386677724
leaf_count=134 306 38 298 18 33 67
internal_value=6.83313e-05 0.0114728 -0.00704783 -0.00251636 0.00758287 -0.00716004
internal_weight=94.1728 35.9486 58.2242 33.1125 10.2303 22.8822
internal_count=894 344 550 252 51 201
is_linear=0
shrinkage=0.02


Tree=283
num_leaves=7
num_cat=0
split_feature=42 47 15 14 50 20
split_gain=22.8743 6.56616 4.90468 1.34522 1.04678 0.950138
threshold=0.0024842732973173087 -0.01284433322148811 0.070516206618957314 0.077058241601184019 -0.001764693880439991 1.0000000180025095e-35
decision_type=2 2 2 2 2 8
left_child=1 5 4 -3 -2 -1
right_child=2 3 -4 -5 -6 -7
leaf_value=-0.0025178653729062816 -0.00012014420939299423 -0.012126648448962494 0.0089933202833366449 0.0054495909964466672 -0.013547156653793482 0.013572442652302568
leaf_weight=1.2292764484882361 2.4967275485396376 5.0540474355220786 3.9468822777271262 1.7715363427996633 36.115261994302273 36.344442315399647
leaf_count=6 23 33 26 11 514 281
internal_value=-0.000179708 0.00975633 -0.0105314 -0.0074514 -0.0127039 0.0129944
internal_weight=86.9582 44.3993 42.5589 6.82558 38.612 37.5737
internal_count=894 331 563 44 537 287
is_linear=0
shrinkage=0.02


Tree=284
num_leaves=7
num_cat=0
split_feature=39 40 40 41 18 10
split_gain=20.5898 5.60606 2.1862 1.81834 1.56181 0.851159
threshold=-0.0074109369742668399 0.045187630759657621 0.0080733225841550984 -0.0011903653880699369 0.012406049935449805 1.9724686925020805
decision_type=2 2 2 2 2 2
left_child=1 3 -2 -1 -5 -4
right_child=2 -3 5 4 -6 -7
leaf_value=-0.013308028754691156 -0.0040143577192160015 0.010464955184363901 0.014120090220077524 -0.0096857502352779255 0.012115374002137207 -0.0011831479262919594
leaf_weight=32.62213484197855 2.744430534541606 4.3146274462342253 28.129680544137958 1.5840431191027158 1.6978693008422849 1.3742197826504696
leaf_count=618 27 25 189 19 6 10
internal_value=0.000126635 -0.00932028 0.0118344 -0.011917 0.00178829 0.0133919
internal_weight=72.467 40.2187 32.2483 35.904 3.28191 29.5039
internal_count=894 668 226 643 25 199
is_linear=0
shrinkage=0.02


Tree=285
num_leaves=7
num_cat=0
split_feature=28 15 74 0 34 36
split_gain=18.0333 4.29287 3.0059 1.88871 2.52879 1.69011
threshold=0.14042933558932616 0.043369965740664443 0.018750000000000003 0.096930786094581903 0.022451786745528893 0.014737441530576831
decision_type=2 2 2 2 2 2
left_child=2 -2 5 4 -4 -1
right_child=1 -3 3 -5 -6 -7
leaf_value=-0.0037684975844926969 0.013946803741336656 -0.0078235393637189361 -0.010379782033531269 -0.010044702840551518 0.01354613978984455 0.011737849482305664
leaf_weight=5.6156976670026761 29.370638772845268 3.465947449207305 2.420545630156993 44.280557997524738 2.6915703862905502 4.0076142027974129
leaf_count=34 293 31 22 479 11 19
internal_value=-0.000192203 0.0114856 -0.00677287 -0.00873793 0.00237267 0.00318614
internal_weight=91.8526 32.8366 59.016 49.3927 5.11212 9.62331
internal_count=889 324 565 512 33 53
is_linear=0
shrinkage=0.02


Tree=286
num_leaves=7
num_cat=0
split_feature=47 30 28 50 47 48
split_gain=19.0018 5.87972 2.49331 2.35061 2.09844 1.75304
threshold=-0.020259408058626801 -1.0000000180025095e-35 0.14153396847183222 0.0050188567276891393 -0.044446194424006845 0.024701037045776735
decision_type=2 2 2 2 2 2
left_child=1 -1 4 5 -3 -2
right_child=3 2 -4 -5 -6 -7
leaf_value=0.013140107252477298 0.0074118914027442549 0.010519224639855378 -0.011118837189276694 -0.012958854698973652 -0.005826784692937125 -0.010814240061656233
leaf_weight=32.010085579007864 4.2242804467678061 6.7993853911757469 5.6314843185245982 29.753795836120844 4.42726117372513 2.5420719869434834
leaf_count=262 31 45 92 406 27 26
internal_value=0.000142666 0.00823053 -0.00130553 -0.0106108 0.00412378 5.36909e-05
internal_weight=85.3884 48.8682 16.8581 36.5201 11.2266 6.76635
internal_count=889 426 164 463 72 57
is_linear=0
shrinkage=0.02


Tree=287
num_leaves=7
num_cat=0
split_feature=51 28 38 66 28 47
split_gain=19.0474 5.5407 4.50747 2.14937 1.61515 0.91652
threshold=0.0004980613279487188 0.12162145305831326 0.060501921201270674 0.17997570853395486 -0.023422908887570686 -0.027008229583779676
decision_type=2 2 2 2 2 2
left_child=2 5 3 4 -1 -2
right_child=1 -3 -4 -5 -6 -7
leaf_value=0.0077343846616916749 -0.00024378247054037094 -0.010724111255258507 0.0081640752999257802 0.0059226563848197959 -0.013863354802874791 0.014515219638954482
leaf_weight=0.84026904404163261 1.7505166381597543 3.4798879250884047 4.4543623030185691 2.006191484630107 31.384496197104454 28.391573410481215
leaf_count=4 12 76 28 17 563 189
internal_value=7.53247e-05 0.0109154 -0.00938357 -0.0118339 -0.0130843 0.0136778
internal_weight=72.3073 33.622 38.6853 34.231 32.2248 30.1421
internal_count=889 277 612 584 567 201
is_linear=0
shrinkage=0.02


Tree=288
num_leaves=7
num_cat=0
split_feature=42 24 74 33 0 31
split_gain=16.518 4.65407 4.10509 2.57478 2.49111 2.48007
threshold=0.066252171373528443 0.36666666666666675 0.018750000000000003 -1.0000000180025095e-35 0.090097402597402607 0.01129856018866004
decision_type=2 10 2 2 2 2
left_child=1 2 3 -1 -4 -2
right_child=5 -3 4 -5 -6 -7
leaf_value=-0.0050372634101476035 0.014110027765746476 0.006587537803567676 0.0037130201630706438 0.014501564630613511 -0.011744642659008755 -0.0082069467664892398
leaf_weight=5.0575924590229988 27.246477998793129 10.158364370465277 4.1856768280267707 4.0006746128201467 39.526274584233761 1.5100838392972935
leaf_count=31 270 84 25 18 453 15
internal_value=0.000396573 -0.00533724 -0.0077126 0.00417606 -0.0102145 0.0127017
internal_weight=91.6851 62.9286 52.7702 9.05827 43.712 28.7566
internal_count=896 611 527 49 478 285
is_linear=0
shrinkage=0.02


Tree=289
num_leaves=7
num_cat=0
split_feature=42 46 17 30 44 46
split_gain=21.6434 5.59613 4.74232 2.17995 1.73534 1.21591
threshold=-1.0000000180025095e-35 0.0099345188642554916 0.08951465201465203 0.026952477151727081 0.041333245722011837 0.00072863773870476833
decision_type=2 2 2 2 2 2
left_child=2 4 5 -4 -2 -1
right_child=1 -3 3 -5 -6 -7
leaf_value=0.0081900210508452035 -0.0093438234760538936 -0.013661085303116299 0.014035689850375146 -0.0014222907709851738 0.010882252671153581 -0.01053631303822937
leaf_weight=1.0209410488605488 1.4889785423874844 35.991657178848982 30.872825182974339 3.9242952652275553 5.082008883357048 4.6783529333770275
leaf_count=5 10 535 258 26 34 28
internal_value=-0.000777321 -0.010615 0.00956892 0.0123014 0.00567025 -0.00645999
internal_weight=83.0591 42.5626 40.4964 34.7971 6.57099 5.69929
internal_count=896 579 317 284 44 33
is_linear=0
shrinkage=0.02


Tree=290
num_leaves=7
num_cat=0
split_feature=38 41 47 42 18 41
split_gain=18.0075 5.58287 2.34384 1.97691 1.43382 1.33918
threshold=0.038991839640575052 -0.0013483051659850872 0.0048624220699149271 0.058865596898944071 0.13776394813577578 0.01189985772839585
decision_type=2 2 2 2 2 2
left_child=1 4 5 -3 -1 -2
right_child=2 3 -4 -5 -6 -7
leaf_value=-0.012673178340986586 -0.0096857521215577991 0.010298720502128367 0.01378189581550167 -0.0095747106136903053 0.0084872865243799354 0.009403446674239771
leaf_weight=31.568509433418512 2.5265079587698009 6.8198265023529512 26.84723411872983 1.8205727264285085 0.67435410618781944 1.5481483042240141
leaf_count=609 22 35 198 21 2 9
internal_value=0.000392615 -0.00823737 0.0117033 0.00555247 -0.0119886 -0.0020091
internal_weight=71.8052 40.8833 30.9219 8.6404 32.2429 4.07466
internal_count=896 667 229 56 611 31
is_linear=0
shrinkage=0.02


Tree=291
num_leaves=7
num_cat=0
split_feature=28 42 44 42 23 66
split_gain=18.4455 3.99084 3.54511 2.02359 2.00126 1.55146
threshold=0.14042933558932616 -9.1113012273090388e-05 0.037531013108545043 0.083236500601682945 159.23611111111114 0.078125775360244301
decision_type=2 2 2 2 10 2
left_child=2 -2 4 5 -1 -4
right_child=1 -3 3 -5 -6 -7
leaf_value=-0.0046909463011935585 -0.0070395778606839841 0.01376880196278004 0.0048093449887178777 0.0064362744093343473 0.012798248262870014 -0.011173080374476766
leaf_weight=4.498428560793398 3.5630525946617118 30.153269879519939 2.0413206256926051 2.426152952015399 4.1873520016670227 41.519457884132862
leaf_count=27 28 318 18 15 18 468
internal_value=-1.09351e-05 0.0114304 -0.00714531 -0.00933015 0.00419132 -0.010333
internal_weight=88.389 33.7163 54.6727 45.9869 8.68578 43.5608
internal_count=892 346 546 501 45 486
is_linear=0
shrinkage=0.02


Tree=292
num_leaves=7
num_cat=0
split_feature=46 44 46 2 17 27
split_gain=21.3651 4.96058 4.77159 1.93124 1.21806 0.889625
threshold=0.042158900029689812 0.077496724546692666 -1.0000000180025095e-35 0.28341924398625434 0.11072796934865901 -0.14843830917501785
decision_type=2 2 2 2 2 2
left_child=1 2 -1 4 -2 -3
right_child=3 5 -4 -5 -6 -7
leaf_value=0.0092695396997191197 -0.0092890527293776181 0.00093904063188709737 -0.012804778707715495 -0.013264751497632439 0.010130842549346939 0.013912807224556484
leaf_weight=7.3113796412944794 1.2864234484732144 2.4317968897521451 6.4185205362737161 31.149439483880997 2.0249001309275627 29.772749762982134
leaf_count=47 11 25 50 488 14 257
internal_value=-4.47221e-05 0.0088082 -0.0012186 -0.0117608 0.00218171 0.0129909
internal_weight=80.3952 45.9344 13.7299 34.4608 3.31132 32.2045
internal_count=892 379 97 513 25 282
is_linear=0
shrinkage=0.02


Tree=293
num_leaves=7
num_cat=0
split_feature=39 46 28 50 28 31
split_gain=18.1655 4.009 3.28482 2.6313 1.10022 0.785936
threshold=-0.0079331356917668166 0.055221474042885597 0.020125422703544619 0.012895622244921684 -1.0000000180025095e-35 -0.003233655400709023
decision_type=2 2 2 2 2 2
left_child=2 4 3 -1 -2 -4
right_child=1 -3 5 -5 -6 -7
leaf_value=-0.0091806198272693235 0.0074993098446403143 0.013809571139922696 -0.012910866867325191 0.013486120480677632 -0.010977817605372036 6.5087635924888725e-05
leaf_weight=2.8786941692233077 1.0389483869075773 27.137692723423243 28.214670602232218 3.4261294864118099 3.2205587439239052 1.9838890545070196
leaf_count=43 6 200 576 18 29 20
internal_value=6.70189e-05 0.0110358 -0.00941008 0.00329679 -0.00590204 -0.0120837
internal_weight=67.9006 31.3972 36.5034 6.30482 4.25951 30.1986
internal_count=892 235 657 61 35 596
is_linear=0
shrinkage=0.02


Tree=294
num_leaves=7
num_cat=0
split_feature=20 42 19 38 42 37
split_gain=15.3947 4.89722 2.89869 5.70748 4.37034 1.69207
threshold=0.11718930288527453 -9.782150135118825e-05 -0.10987722162034382 0.038991839640575052 -1.0000000180025095e-35 -0.0029440726575426352
decision_type=10 2 2 2 2 2
left_child=2 -2 -1 4 5 -4
right_child=1 -3 3 -5 -6 -7
leaf_value=-0.012603188629676507 -0.0074585788523707933 0.013209481226825142 -0.011035718139267119 -0.01161741349198551 0.011308449270593986 0.0084158569884212591
leaf_weight=18.573247790336609 4.695357769727706 30.767911173403263 6.5562647730112076 15.647242572158573 12.092111207544802 1.5375677384436146
leaf_count=241 41 319 58 184 60 8
internal_value=0.00025414 0.0103435 -0.00639032 -0.00291529 0.00406017 -0.00682144
internal_weight=89.8697 35.4633 54.4064 35.8332 20.1859 8.09383
internal_count=911 360 551 310 126 66
is_linear=0
shrinkage=0.02


Tree=295
num_leaves=7
num_cat=0
split_feature=46 18 46 15 2 16
split_gain=21.7312 6.15343 3.07993 2.17816 1.46956 0.985799
threshold=0.042158900029689812 -0.0091989236114220479 1.0000000180025095e-35 0.070516206618957314 0.49774774774774783 -0.051722672068709723
decision_type=2 2 2 2 2 2
left_child=1 4 -3 -2 -1 -4
right_child=3 2 5 -5 -6 -7
leaf_value=0.013685154958374142 -0.013247707995625253 0.0082889779473235142 0.0032539867257088441 0.0045515827230500159 -0.0038494310541909455 -0.01402335264445829
leaf_weight=32.461776882410049 33.66901845112443 4.490968242287634 1.217113710939884 2.5097287744283667 1.6171596273779858 6.1053621955215931
leaf_count=284 512 30 11 18 16 40
internal_value=-0.000510011 0.00855028 -0.00366116 -0.0119238 0.0127671 -0.0111057
internal_weight=82.0711 45.8924 11.8134 36.1787 34.0789 7.32248
internal_count=911 381 81 530 300 51
is_linear=0
shrinkage=0.02


Tree=296
num_leaves=7
num_cat=0
split_feature=40 50 28 38 38 51
split_gain=18.2303 4.43997 3.58486 2.57733 1.66895 0.814696
threshold=0.020335502331026826 0.009364992800828047 0.08854319761516552 0.10063666693797427 0.069631348789745376 0.015153379024528733
decision_type=2 2 2 2 2 2
left_child=3 4 -3 5 -2 -1
right_child=1 2 -4 -5 -6 -7
leaf_value=-0.013016542715555133 -0.012092409787276283 0.014516930675382143 -0.0048370115204020951 0.0088601091004498582 0.0088327462382068178 0.0023153702229416549
leaf_weight=28.196766760200269 4.1195292063057414 28.938747603446245 3.8996709734201422 1.7805315554141987 1.3386463820934293 1.1640527620911587
leaf_count=582 53 203 41 11 8 13
internal_value=0.000273626 0.00940713 0.0121436 -0.0109017 -0.00638737 -0.0123524
internal_weight=69.4379 38.2966 32.8384 31.1414 5.45818 29.3608
internal_count=911 305 244 606 61 595
is_linear=0
shrinkage=0.02


Tree=297
num_leaves=7
num_cat=0
split_feature=14 44 70 31 14 34
split_gain=15.7291 3.90422 3.15197 2.2304 1.57553 1.52902
threshold=-0.025957329147263699 0.07407757091967207 56.693240454076381 0.012172953639390327 0.054005108208707749 0.08771664099051607
decision_type=2 2 2 2 2 2
left_child=3 2 -2 -1 -4 -3
right_child=1 5 4 -5 -6 -7
leaf_value=0.013031177906103936 -0.00777630605152541 -0.010856004408548075 0.01216031108197407 -0.0034351353336558609 -0.0056877910845899386 0.0052319660863099438
leaf_weight=28.828127451241016 7.3469842821359661 34.057802885770798 8.0471489802002889 3.285373628139495 1.887769542634486 1.9593728780746449
leaf_count=295 62 418 41 28 17 18
internal_value=0.000434577 -0.00619572 0.0015689 0.0112937 0.00855892 -0.00986311
internal_weight=85.4126 53.2991 17.2819 32.1135 9.93492 36.0172
internal_count=879 556 120 323 58 436
is_linear=0
shrinkage=0.02


Tree=298
num_leaves=7
num_cat=0
split_feature=42 47 15 44 6 2
split_gain=20.8278 6.51153 3.21201 1.49945 1.36168 0.78622
threshold=0.0024842732973173087 -0.014477130865979652 0.070516206618957314 0.13999873442535901 266.1233678528709 0.18469785575048733
decision_type=2 2 2 2 2 2
left_child=1 4 5 -3 -1 -2
right_child=2 3 -4 -5 -6 -7
leaf_value=0.013933922664538979 0.0051740965442315448 -0.011675914071974219 0.0072941518683281139 0.0072620852028438309 -0.0029953907285048121 -0.013277051038962141
leaf_weight=31.258099645376205 0.4569430947303762 5.5921971313655368 2.8275307342410079 1.4844552762806413 1.6794243231415737 33.863860085606575
leaf_count=272 2 43 21 10 7 524
internal_value=-0.000574495 0.00932673 -0.0112045 -0.00729604 0.0130079 -0.0128919
internal_weight=77.1625 40.0142 37.1483 7.07665 32.9375 34.3208
internal_count=879 332 547 53 279 526
is_linear=0
shrinkage=0.02


Tree=299
num_leaves=7
num_cat=0
split_feature=39 41 46 51 28 37
split_gain=18.1336 2.79856 2.55026 2.05702 1.88526 0.84119
threshold=-0.0074109369742668399 -0.0040719382343400463 0.052581103981780293 0.0022523642417861646 0.013777597416277544 0.020487878472411878
decision_type=2 2 2 2 2 2
left_child=1 -1 4 -3 -2 -4
right_child=2 3 5 -5 -6 -7
leaf_value=-0.012670276074256932 0.010072323631517013 -0.0070549380420360389 0.014065864845994014 0.01188797277139932 -0.010798490445277371 -0.00069124361619670002
leaf_weight=27.130853228271008 2.1031258665025261 4.4665868058800688 25.196554660797123 2.9572622589766979 2.9518825896084309 1.5449275597929943
leaf_count=566 13 57 191 17 25 10
internal_value=0.000109145 -0.00978628 0.0108335 0.00100636 -0.00188582 0.0132191
internal_weight=66.3512 34.5547 31.7965 7.42385 5.05501 26.7415
internal_count=879 640 239 74 38 201
is_linear=0
shrinkage=0.02


Tree=300
num_leaves=7
num_cat=0
split_feature=28 14 74 16 47 75
split_gain=16.5072 5.7847 4.4953 1.31124 1.47385 1.1877
threshold=0.11352590537522925 0.076281816547236037 0.018750000000000003 -0.022945482497334409 -0.019855358536409577 0.34325000000000011
decision_type=2 2 2 2 2 2
left_child=2 -2 3 -1 -5 -4
right_child=1 -3 5 4 -6 -7
leaf_value=-0.0072466521283264798 0.012857083981972259 -0.011173692728759684 -0.011556706585167506 0.016296643008010189 -0.00047244525710675314 0.003339026232379558
leaf_weight=2.1561884731054306 31.933685418218374 3.7850376926362506 35.886815845966339 3.2825562283396721 4.000089652836321 1.8545927554368962
leaf_count=15 324 51 441 13 21 14
internal_value=-2.66595e-05 0.0100756 -0.00772519 0.00426841 0.008141 -0.0107574
internal_weight=82.899 35.7187 47.1802 9.43883 7.28265 37.7414
internal_count=879 375 504 49 34 455
is_linear=0
shrinkage=0.02


Tree=301
num_leaves=7
num_cat=0
split_feature=46 42 45 42 15 30
split_gain=20.8214 6.60373 4.13509 1.63442 0.925286 0.86125
threshold=0.0099345188642554916 -1.7457833721610198e-05 0.030193433097217313 0.040608489532331198 0.12976840342485677 0.032980375440398169
decision_type=2 2 2 2 2 2
left_child=3 2 -2 -1 -3 -4
right_child=1 4 5 -5 -6 -7
leaf_value=0.013921405558008602 -0.0096118311935554559 -0.013784264146437707 0.013291933284386879 -0.0048057460346477105 0.0046391496644830436 -0.0021963158766060546
leaf_weight=28.025002002716068 5.6611733213067046 31.405821397900581 7.4270370081067068 1.5201160721480835 0.67625261098146339 1.4204378277063368
leaf_count=248 39 507 56 12 4 13
internal_value=-5.55738e-05 -0.00832609 0.00275134 0.0128321 -0.0132674 0.0108348
internal_weight=76.1358 46.5907 14.5086 29.5451 32.0821 8.84747
internal_count=879 619 108 260 511 69
is_linear=0
shrinkage=0.02


Tree=302
num_leaves=7
num_cat=0
split_feature=38 41 47 47 14 7
split_gain=16.2915 5.41848 1.91972 1.8126 0.969089 0.922968
threshold=0.038991839640575052 -0.0013483051659850872 1.0000000180025095e-35 -0.01284433322148811 -0.057942494631367532 24.191876666666669
decision_type=2 2 2 2 2 2
left_child=1 5 -2 -3 -4 -1
right_child=2 3 4 -5 -6 -7
leaf_value=0.0021924479458571874 -0.0036699166353500569 -0.0090220858281854707 -0.0012082342809771073 0.011190481626753648 0.014089883600847787 -0.013050734114943259
leaf_weight=1.4001172855496431 2.6217762641608742 1.5740320086479185 1.6143450364470542 5.7085805200040332 23.516062460839745 28.083874125033617
leaf_count=11 22 17 18 36 186 589
internal_value=9.9566e-05 -0.00853809 0.0114418 0.00625999 0.0130985 -0.0122787
internal_weight=64.5188 36.7666 27.7522 7.28261 25.1304 29.484
internal_count=879 653 226 53 204 600
is_linear=0
shrinkage=0.02


Tree=303
num_leaves=7
num_cat=0
split_feature=14 28 74 44 41 24
split_gain=15.4555 4.28617 4.12052 2.20073 1.94013 1.8985
threshold=-0.01503128205574669 0.062516793501303639 0.020833333333333339 0.086018221439929557 -0.0091873611019720695 0.45000000000000007
decision_type=2 2 2 2 2 10
left_child=1 -1 3 -2 -5 -4
right_child=2 -3 5 4 -6 -7
leaf_value=-0.0064086789135558734 0.012873315502848474 0.013326657886390241 -0.010972319718484932 0.0101274371588011 -0.011006096557503746 0.0023105784200603881
leaf_weight=4.5074423067271701 4.9417607188224775 30.439973756670952 34.623700428754091 1.7472821921110151 3.965563178062439 4.5396885536611071
leaf_count=49 19 306 426 11 39 44
internal_value=0.000644563 0.0106738 -0.00646254 0.00426112 -0.0039966 -0.00941342
internal_weight=84.7654 34.9474 49.818 10.6546 5.71285 39.1634
internal_count=894 355 539 69 50 470
is_linear=0
shrinkage=0.02


Tree=304
num_leaves=7
num_cat=0
split_feature=42 51 15 19 6 16
split_gain=18.7872 3.94354 3.73502 2.52257 2.01476 0.945542
threshold=-1.0000000180025095e-35 0.0022523642417861646 0.070516206618957314 -0.026649452268898473 417.00438081028466 -0.094196950882417321
decision_type=2 2 2 2 2 2
left_child=1 3 5 4 -1 -2
right_child=2 -3 -4 -5 -6 -7
leaf_value=0.013576198079968221 0.003767580784653164 -0.0095406950400414598 0.008079583943013665 -0.0077135161778240395 -0.007743175359521866 -0.012827756675531564
leaf_weight=31.339583680033684 1.0129154287278641 3.3299124166369429 3.3203437328338614 2.0006692335009566 1.2567327171564091 34.491065319627523
leaf_count=276 9 31 26 10 6 536
internal_value=-0.0007159 0.00917407 -0.010365 0.0111928 0.0125482 -0.0122641
internal_weight=76.7512 37.9269 38.8243 34.597 32.5963 35.504
internal_count=894 323 571 292 282 545
is_linear=0
shrinkage=0.02


Tree=305
num_leaves=7
num_cat=0
split_feature=39 50 41 38 30 42
split_gain=17.1554 4.00559 3.03868 1.57452 1.39751 1.07808
threshold=-0.0074109369742668399 0.013189303145513016 -0.0011903653880699369 0.069631348789745376 0.095463668261458676 0.029697077460477107
decision_type=2 2 2 2 2 2
left_child=2 4 3 -1 -2 -4
right_child=1 -3 5 -5 -6 -7
leaf_value=-0.013105386640422084 -0.010321108526804774 0.013780196161907649 0.010687616740405075 0.0047948145032506934 0.0087690173104032192 -0.0048136208904241817
leaf_weight=27.727436911314729 3.8137359172105816 25.811048936098814 2.8291513100266448 1.618915133178233 1.3647342324256895 2.5589557401835918
leaf_count=595 34 202 16 11 9 27
internal_value=5.7086e-06 0.0106446 -0.00951837 -0.0119924 -0.00468509 0.00372458
internal_weight=65.724 30.9895 34.7345 29.3464 5.17847 5.38811
internal_count=894 245 649 606 43 43
is_linear=0
shrinkage=0.02


Tree=306
num_leaves=7
num_cat=0
split_feature=28 44 46 50 29 3
split_gain=15.5724 5.25507 2.89822 3.77375 2.4308 2.1567
threshold=0.14042933558932616 0.076329722014115683 0.002138375346397423 0.016655920688285433 -0.010007519480441594 0.24473453268977624
decision_type=2 2 2 2 2 2
left_child=1 2 -1 -4 -5 -3
right_child=-2 5 3 4 -6 -7
leaf_value=-0.011785786311067626 0.011323675592417249 -0.012519616476564816 0.013388409533994632 -0.012346475574057925 0.0093023937869112436 0.0058199512869816887
leaf_weight=4.0563358962535885 30.53861216455698 30.811203695833683 9.1221428662538546 4.8535537905991113 2.3311507627367929 2.2201277017593375
leaf_count=39 340 412 38 50 12 14
internal_value=0.000144271 -0.00634034 0.00162164 0.00544503 -0.00504393 -0.0111522
internal_weight=83.9331 53.3945 20.3632 16.3068 7.1847 33.0313
internal_count=905 565 139 100 62 426
is_linear=0
shrinkage=0.02


Tree=307
num_leaves=7
num_cat=0
split_feature=42 14 17 30 30 56
split_gain=18.924 4.47308 4.13807 1.5802 1.53046 1.02837
threshold=-1.0000000180025095e-35 0.073335401401556685 0.08951465201465203 0.038029114337937271 0.026952477151727081 0.20074894057425774
decision_type=2 2 2 2 2 2
left_child=2 -2 -1 -3 -4 -6
right_child=1 3 4 -5 5 -7
leaf_value=-0.0058929605649026733 -0.0128282596186787 0.01196749729998222 0.013680031897070431 -0.0083090507058368145 0.0093220189260936146 -0.0070613712281282657
leaf_weight=5.3739094920456401 32.485885430127382 3.86335515230894 29.259722203016281 1.4172094017267225 1.8506451174616803 2.3195989988744259
leaf_count=34 519 28 274 21 14 15
internal_value=-0.0001537 -0.0100976 0.00953489 0.00606912 0.0121141 0.000605938
internal_weight=76.5703 37.7664 38.8039 5.28056 33.43 4.17024
internal_count=905 568 337 49 303 29
is_linear=0
shrinkage=0.02


Tree=308
num_leaves=7
num_cat=0
split_feature=40 47 39 47 42 51
split_gain=17.3556 4.78799 2.408 1.5276 0.981172 0.956448
threshold=0.020335502331026826 -0.01284433322148811 0.0032830575259637927 0.0070598129145452377 0.074758138748588318 0.00083979681747389063
decision_type=2 2 2 2 2 2
left_child=2 5 -1 -4 -3 -2
right_child=1 4 3 -5 -6 -7
leaf_value=-0.013183603597917745 -0.011478072420617005 0.014069663926159668 -0.0097287216762955916 0.010036187024039956 0.00052508714380858389 0.0038440643895322423
leaf_weight=25.514001611620191 3.6242005899548522 25.811996050179008 1.6841283440589894 2.8097906149923801 2.4109058864414683 1.8997345007956026
leaf_count=579 61 195 12 18 28 12
internal_value=-5.10851e-06 0.00970151 -0.010882 0.00220655 0.0129702 -0.00642712
internal_weight=63.7548 33.7468 30.0079 4.49392 28.2229 5.52394
internal_count=905 296 609 30 223 73
is_linear=0
shrinkage=0.02


Tree=309
num_leaves=7
num_cat=0
split_feature=28 42 28 42 19 67
split_gain=14.6284 3.90916 6.4928 2.6125 2.6096 2.29625
threshold=0.14153396847183222 0.013201836162079865 0.017234676038807618 0.016002451650432133 0.0043462190383834485 0.10593767792230545
decision_type=2 2 2 2 2 2
left_child=1 4 -3 -2 -1 -4
right_child=3 2 5 -5 -6 -7
leaf_value=-0.013048294701104838 -0.0029243864384740758 -0.012882402941249926 0.0096900120545328171 0.013734100980868759 0.010367020093876432 -0.0087637713446331936
leaf_weight=22.838528610765938 3.997269973158839 9.5878248400986212 14.972942549735309 26.555207431316376 1.340712510049342 2.4320308789610854
leaf_count=302 32 133 82 319 5 24
internal_value=0.000789971 -0.00572111 -0.000417827 0.011531 -0.0113898 0.00677537
internal_weight=81.7245 51.172 26.9928 30.5525 24.1792 17.405
internal_count=897 546 239 351 307 106
is_linear=0
shrinkage=0.02


Tree=310
num_leaves=7
num_cat=0
split_feature=42 47 15 50 45 73
split_gain=19.4575 5.22035 3.01459 1.18099 0.972946 0.964531
threshold=0.0065093999710058572 -0.01284433322148811 0.070516206618957314 -0.001764693880439991 0.036940442947567549 0.14567899003770499
decision_type=2 2 2 2 2 2
left_child=1 5 3 -2 -3 -1
right_child=2 4 -4 -5 -6 -7
leaf_value=0.013491143269072756 0.0011253676336737324 -0.011671710886126075 0.0072934141573482748 -0.013405675009727686 0.0036790373312990455 -0.0032293255229813721
leaf_weight=29.815486423671249 2.2445347644388667 3.9253570511937133 2.7601863145828238 31.276773188263178 1.9008679315447805 1.0820060595870007
leaf_count=275 22 32 21 527 15 5
internal_value=-0.000532642 0.00960133 -0.0107725 -0.0124283 -0.0068581 0.0128227
internal_weight=73.0052 36.7237 36.2815 33.5213 5.82622 30.8975
internal_count=897 327 570 549 47 280
is_linear=0
shrinkage=0.02


Tree=311
num_leaves=7
num_cat=0
split_feature=39 46 41 28 28 28
split_gain=16.0716 2.97417 2.39746 1.50486 1.17357 1.02568
threshold=-0.0079331356917668166 0.050081852506567791 -0.0011903653880699369 0.11290454205342343 0.019314206998105394 0.01293482311810998
decision_type=2 2 2 2 2 2
left_child=2 4 5 -4 -2 -1
right_child=1 -3 3 -5 -6 -7
leaf_value=1.8428105627962025e-05 0.0067533861527530525 0.013236200015481986 0.0098879706081074232 -0.0096243647979404514 -0.011225327500228777 -0.012865206767429947
leaf_weight=2.715422090142968 1.6153061799705053 23.827176861464977 3.2492475286126128 1.5684618912637232 2.5112812928855419 26.217682031914592
leaf_count=32 10 200 19 20 22 594
internal_value=-0.000413553 0.0105984 -0.00957664 0.0029731 -0.00424319 -0.0116958
internal_weight=61.7046 27.9538 33.7508 4.81771 4.12659 28.9331
internal_count=897 232 665 39 32 626
is_linear=0
shrinkage=0.02


Tree=312
num_leaves=7
num_cat=0
split_feature=42 28 44 46 41 42
split_gain=13.1673 6.2043 3.47741 3.05163 4.75506 1.73623
threshold=0.040041947337738359 0.031415309313742389 0.082792401536174842 0.002138375346397423 1.0000000180025095e-35 0.029697077460477107
decision_type=2 2 2 2 2 2
left_child=2 -2 3 -1 -5 -4
right_child=1 -3 5 4 -6 -7
leaf_value=-0.011991830990975345 -0.009982446366973128 0.013775264564348211 -0.012236182555218742 0.012508263695547835 -0.011366595866838256 0.0011774811481133516
leaf_weight=4.4762026108801392 4.4351623430848113 28.141679488122463 24.291238181293014 9.9610483609139902 3.8998542837798587 4.3588915616273871
leaf_count=44 60 308 330 53 47 40
internal_value=0.00074176 0.0103398 -0.00598949 0.000813944 0.00547807 -0.0102245
internal_weight=79.5641 32.5768 46.9872 18.3371 13.8609 28.6501
internal_count=882 368 514 144 100 370
is_linear=0
shrinkage=0.02


Tree=313
num_leaves=7
num_cat=0
split_feature=42 46 30 51 46 42
split_gain=17.7201 4.67771 4.31709 1.80026 1.48233 1.34968
threshold=-1.0000000180025095e-35 0.0099345188642554916 0.026952477151727081 0.0025348489800234579 0.0099345188642554916 0.040608489532331198
decision_type=2 2 2 2 2 2
left_child=2 5 3 -1 -4 -2
right_child=1 -3 4 -5 -6 -7
leaf_value=0.013313371437646793 0.011226436320511854 -0.013424537167592784 0.0090304925316278036 -0.0073100746355990454 -0.0094330261591632023 -0.0071709189548112883
leaf_weight=29.448040477931503 3.963070645928382 29.574654623866081 1.5151130408048619 1.1846771761775006 5.2877826951444149 1.5402100831270216
leaf_count=274 29 509 11 7 39 13
internal_value=-0.000274138 -0.0103373 0.00917888 0.0123099 -0.00469058 0.00576662
internal_weight=72.5135 35.0779 37.4356 30.6327 6.8029 5.50328
internal_count=882 551 331 281 50 42
is_linear=0
shrinkage=0.02


Tree=314
num_leaves=7
num_cat=0
split_feature=38 40 41 42 50 27
split_gain=15.0031 4.70711 2.43344 1.46275 1.32517 0.744585
threshold=0.022760293746098278 0.0080733225841550984 -0.0013483051659850872 -6.8258766948926821e-05 0.009364992800828047 -0.13479921482272811
decision_type=2 2 2 2 2 2
left_child=2 -2 -1 -4 -3 -6
right_child=1 4 3 -5 5 -7
leaf_value=-0.013359903543719954 -0.0092205445953194628 -0.0024717216728268538 0.012136272106418771 -0.0064215432234256279 0.0021716971344978714 0.014329651149616205
leaf_weight=23.987903039902452 4.1961265597492483 2.0502806343138245 1.9471206925809381 3.0484188273549071 2.6385194733738961 22.169328726828095
leaf_count=566 59 15 8 26 30 178
internal_value=-0.000648884 0.00887432 -0.0108082 0.00162954 0.0119308 0.0131708
internal_weight=60.0377 31.0543 28.9834 4.99554 26.8581 24.8078
internal_count=882 282 600 34 223 208
is_linear=0
shrinkage=0.02


Tree=315
num_leaves=7
num_cat=0
split_feature=28 74 15 21 14 67
split_gain=13.9294 4.5258 3.35524 1.6494 1.2019 1.96719
threshold=0.14042933558932616 0.020833333333333339 0.043369965740664443 -0.01074130440328677 0.037088223916494946 0.086250656397689487
decision_type=2 2 2 10 2 2
left_child=1 3 -2 -1 5 -3
right_child=2 4 -4 -5 -6 -7
leaf_value=-0.0012659672688116084 0.013630683312037057 0.0024571363247776184 -0.0065217520392264038 0.013022756068668699 -0.012985309582786162 -0.010338238087660177
leaf_weight=7.7307131364941597 26.50243749469519 7.4896414577960995 3.1573880463838568 4.365647476166485 17.714875791221857 10.98078405484557
leaf_count=53 321 63 31 23 267 124
internal_value=0.00076725 -0.00582764 0.0113426 0.00449153 -0.00930525 -0.00529007
internal_weight=77.9415 48.2817 29.6598 12.0964 36.1853 18.4704
internal_count=882 530 352 76 454 187
is_linear=0
shrinkage=0.02


Tree=316
num_leaves=7
num_cat=0
split_feature=46 42 45 42 16 14
split_gain=17.1025 6.65228 4.05459 1.69323 0.914032 0.81004
threshold=0.0099345188642554916 -1.7457833721610198e-05 0.030193433097217313 0.040608489532331198 0.056327132331911119 0.12052499261769052
decision_type=2 2 2 2 2 2
left_child=3 2 -2 4 -1 -3
right_child=1 5 -4 -5 -6 -7
leaf_value=0.014013631840111031 -0.0094936089208245509 -0.013600553194547216 0.011684293325192985 -0.0062729158704274285 -0.0025054420303303182 0.0036842421509330177
leaf_weight=23.834236189723022 5.0102203674614421 29.793437305837873 8.2477820627391321 1.3471985384821881 1.1219934821128834 0.73199033737182517
leaf_count=232 35 524 66 12 8 5
internal_value=-0.000470608 -0.00807065 0.0035766 0.0120123 0.013203 -0.0130824
internal_weight=70.0869 43.7834 13.258 26.3034 24.9562 30.5254
internal_count=882 630 101 252 240 529
is_linear=0
shrinkage=0.02


Tree=317
num_leaves=7
num_cat=0
split_feature=41 39 47 18 30 23
split_gain=14.6823 4.03428 1.95623 1.43275 1.08353 0.881818
threshold=-0.0013483051659850872 0.019271861783715691 -0.031128159869344061 0.067741848459074647 0.11224088323373935 401.42012291666674
decision_type=2 2 2 2 2 10
left_child=1 3 -2 4 -1 -3
right_child=2 5 -4 -5 -6 -7
leaf_value=-0.012880814303201997 -0.006078801514418245 0.011802074063838876 0.013298948103594284 0.0060331866116040099 0.0032217862764110229 -0.0041123077536749063
leaf_weight=27.953988434746869 1.7275624945759798 3.4853866323828688 21.403761334717274 1.2818090505897988 1.395245911553501 1.4194168969988821
leaf_count=624 18 26 175 11 19 9
internal_value=-0.000454417 -0.00844321 0.0116598 -0.0111115 -0.0120344 0.00728009
internal_weight=58.6672 35.5358 23.1313 30.631 29.3492 4.9048
internal_count=882 689 193 654 643 35
is_linear=0
shrinkage=0.02


Tree=318
num_leaves=7
num_cat=0
split_feature=28 15 44 41 67 42
split_gain=14.1861 3.78536 3.62381 2.37323 1.74064 1.73148
threshold=0.14042933558932616 0.062633350414234512 0.077017442196986835 1.0000000180025095e-35 0.098308479061617146 0.029697077460477107
decision_type=2 2 2 2 2 2
left_child=2 -2 3 4 -1 -4
right_child=1 -3 5 -5 -6 -7
leaf_value=0.0082316325316277271 0.013262647534967625 -0.010220451771650783 -0.01351151054685268 -0.010642139514936767 -0.0073486519726270296 -0.0029591186679090603
leaf_weight=11.153470262885095 26.47023002803326 2.3194106072187415 21.197823695838455 4.4741137884557238 2.9042924642562857 9.5814924687147123
leaf_count=65 323 25 324 53 23 97
internal_value=0.000154985 0.0110912 -0.0063235 0.000670459 0.00473853 -0.0104231
internal_weight=78.1008 28.7896 49.3112 18.5319 14.0578 30.7793
internal_count=910 348 562 141 88 421
is_linear=0
shrinkage=0.02


Tree=319
num_leaves=7
num_cat=0
split_feature=46 18 46 2 2 44
split_gain=16.6184 5.86781 2.53053 2.09502 1.91884 1.65254
threshold=0.042158900029689812 -0.0091989236114220479 1.0000000180025095e-35 0.28341924398625434 0.49774774774774783 0.12712824465270992
decision_type=2 2 2 2 2 2
left_child=1 4 -3 -2 -1 -4
right_child=3 2 5 -5 -6 -7
leaf_value=0.013782920013190163 0.0034877319109220218 0.0077800660606067353 -0.014053111141385187 -0.012967799243526701 -0.0066397491801647958 0.0076312379419438831
leaf_weight=27.956275094300512 3.0566615201532867 3.9407429695129377 6.32444678992033 27.284038506448269 1.3929645642638195 1.065142974257469
leaf_count=281 27 30 51 496 16 9
internal_value=-0.000252043 0.00802506 -0.00395223 -0.0112516 0.0126268 -0.0103905
internal_weight=71.0203 40.6796 11.3303 30.3407 29.3492 7.38959
internal_count=910 387 90 523 297 60
is_linear=0
shrinkage=0.02


Tree=320
num_leaves=7
num_cat=0
split_feature=39 40 40 4 55 6
split_gain=15.4411 3.36719 2.62914 1.7331 0.89719 0.855758
threshold=-0.0079331356917668166 0.0080733225841550984 0.020535559903072566 0.0083000413280066142 0.19199746691997469 297.22728192673554
decision_type=2 2 2 2 2 2
left_child=2 -2 -1 -4 -5 -3
right_child=1 5 3 4 -6 -7
leaf_value=-0.01301252773334549 -0.0069668225905441397 0.013895018266135111 0.010861605825503825 0.0071489204820009448 -0.008705451017779222 -0.0014929008133192875
leaf_weight=22.12854199111462 3.2204380631446865 23.805419426411394 2.6942198947072011 0.99788007885217656 5.8152283206582069 1.3399654775857914
leaf_count=563 32 199 15 6 85 10
internal_value=9.66005e-05 0.0106169 -0.00937259 -0.000468415 -0.00576556 0.0130493
internal_weight=60.0017 28.3658 31.6359 9.50733 6.81311 25.1454
internal_count=910 241 669 106 91 209
is_linear=0
shrinkage=0.02


Tree=321
num_leaves=7
num_cat=0
split_feature=42 38 23 19 28 28
split_gain=13.3994 9.12515 2.40454 1.77235 1.72746 1.35851
threshold=0.026636157182937787 0.055043962053720509 591.37670000000014 1.0000000180025095e-35 0.019314206998105394 0.15821555117422115
decision_type=2 2 8 2 2 2
left_child=2 4 3 -1 -2 -3
right_child=1 5 -4 -5 -6 -7
leaf_value=-0.012247273508711486 -0.0075294788666388415 -0.012678716401909386 0.0033863861239599108 0.0066870545290790527 0.01335636030066951 0.0072087588208795727
leaf_weight=27.428855717182163 1.0514991246163834 7.5000053122639638 4.9642943143844596 1.5120554082095612 32.0216960683465 0.96709183603525151
leaf_count=373 10 106 37 8 348 9
internal_value=0.000272531 0.0078047 -0.00891501 -0.0110677 0.0124908 -0.0098857
internal_weight=75.4455 41.5403 33.9052 28.9409 33.0732 8.4671
internal_count=891 473 418 381 358 115
is_linear=0
shrinkage=0.02


Tree=322
num_leaves=7
num_cat=0
split_feature=46 18 46 14 34 44
split_gain=16.0842 4.7294 2.8292 1.78407 1.40561 0.98742
threshold=0.038971205791997275 -0.0086577192339460356 -1.0000000180025095e-35 0.11600082557098222 0.11854711147068572 0.087723332274906099
decision_type=2 2 2 2 2 2
left_child=1 4 -3 -2 -1 -4
right_child=3 2 5 -5 -6 -7
leaf_value=0.013234321806887673 -0.012218606540406643 0.0095838341785516312 -0.014509158166226997 0.0057175792319954675 -0.0057795636047101697 0.0021607167387826436
leaf_weight=27.449421420693401 28.023514255881313 3.4419716522097588 4.8466798476874811 1.8322783298790444 1.1070155203342427 1.5672893598675726
leaf_count=275 506 29 33 16 16 16
internal_value=-0.000156119 0.00831259 -0.00338175 -0.0109682 0.0123266 -0.0106938
internal_weight=68.2682 38.4124 9.85594 29.8558 28.5564 6.41397
internal_count=891 369 78 522 291 49
is_linear=0
shrinkage=0.02


Tree=323
num_leaves=7
num_cat=0
split_feature=41 38 38 28 60 6
split_gain=13.5977 4.89568 2.25249 1.30949 1.71516 1.17101
threshold=-0.0013483051659850872 0.060501921201270674 0.002484236894325875 0.019314206998105394 0.32087118565105993 186.89327565789478
decision_type=2 2 2 2 2 2
left_child=1 3 -2 4 -1 -3
right_child=2 5 -4 -5 -6 -7
leaf_value=-0.011686984660884371 -0.0047822589138588672 0.012323865114813922 0.013480626748576455 -0.013043295478442662 0.0092939166443678275 -0.0054699925432531264
leaf_weight=1.9828623160719896 2.5771714635193375 4.3405029624700537 20.777140662074089 24.667054152116179 2.2699968572705984 1.3848912082612512
leaf_count=31 22 32 179 596 19 12
internal_value=-0.000169827 -0.00803703 0.0113517 -0.0113387 -0.000850887 0.00784643
internal_weight=57.9996 34.6453 23.3543 28.9199 4.25286 5.72539
internal_count=891 690 201 646 50 44
is_linear=0
shrinkage=0.02


Tree=324
num_leaves=7
num_cat=0
split_feature=42 39 37 3 12 50
split_gain=13.1722 8.1195 2.54487 1.65684 1.63361 1.61363
threshold=0.021159240875567822 1.0000000180025095e-35 -0.003314803348299165 1.0000000180025095e-35 11.05014534883721 0.010143638211963934
decision_type=2 2 2 2 2 2
left_child=2 4 -1 -4 -2 -3
right_child=1 5 3 -5 -6 -7
leaf_value=-0.011891442158741277 0.00032328889824870038 0.0056032215333533765 0.014334197076393069 -0.0049777416816638807 0.013523014863101439 -0.012369316521299236
leaf_weight=26.558514144271612 4.3401502259075633 1.9721909649670104 1.8238380216062058 3.8926389031112194 29.139788947999477 7.454528447240591
leaf_count=348 28 15 8 49 334 108
internal_value=0.000128601 0.00731972 -0.00936401 0.00240054 0.0118709 -0.00843246
internal_weight=75.1816 42.9067 32.275 5.71648 33.4799 9.42672
internal_count=890 485 405 57 362 123
is_linear=0
shrinkage=0.02


Tree=325
num_leaves=7
num_cat=0
split_feature=46 42 18 42 2 40
split_gain=16.7693 6.33515 3.71065 1.26825 0.820927 0.779931
threshold=0.0099345188642554916 -1.7457833721610198e-05 -0.0099576051691529482 0.040608489532331198 0.2440442427680091 -0.0011201183743712623
decision_type=2 2 2 2 2 2
left_child=3 2 -2 -1 -3 -4
right_child=1 4 5 -5 -6 -7
leaf_value=0.013156896375132352 0.011328222075949383 0.00087215542315879739 0.0031507553457158642 -0.0042665431601741789 -0.013916496764892572 -0.012267663750950425
leaf_weight=24.5683892890811 7.9791102036833763 1.4652596712112451 1.2969485595822332 1.333958189934491 27.209009427577257 4.1138260625302774
leaf_count=248 63 7 9 11 514 38
internal_value=-0.000257487 -0.00799274 0.00321196 0.0121344 -0.0131569 -0.00865692
internal_weight=67.9665 42.0642 13.3899 25.9023 28.6743 5.41077
internal_count=890 631 110 259 521 47
is_linear=0
shrinkage=0.02


Tree=326
num_leaves=7
num_cat=0
split_feature=28 50 43 43 29 2
split_gain=12.1212 6.89028 1.23805 1.01762 0.993601 0.774672
threshold=0.062516793501303639 0.0079147402953547753 -0.013606675020204701 0.012430025090380423 -0.018089605244283224 0.34587016923465524
decision_type=2 2 2 2 2 2
left_child=1 3 -2 -1 -3 -6
right_child=2 4 -4 -5 5 -7
leaf_value=-0.011815613682663045 0.0045306238636892825 0.014163593449407874 -0.011580601188891404 0.0066197469033183491 -0.0075040765209254678 0.0073842985610597855
leaf_weight=6.0135082863271228 1.5590168051421667 21.781580299139023 22.614903138950467 0.77308303862810124 1.090435486286881 3.6031609773635864
leaf_count=115 21 186 519 5 19 25
internal_value=0.000136235 0.00787589 -0.0104029 -0.00913513 0.0124102 0.0032149
internal_weight=57.4357 33.2618 24.1739 6.78659 26.4752 4.6936
internal_count=890 350 540 120 230 44
is_linear=0
shrinkage=0.02


Tree=327
num_leaves=7
num_cat=0
split_feature=42 38 44 6 14 41
split_gain=12.1384 3.63548 3.48578 2.44641 2.06289 1.8282
threshold=0.051968603361436133 0.064181334306981905 0.077017442196986835 24.973662964876038 -0.025957329147263699 0.004995613885987499
decision_type=2 2 2 2 2 2
left_child=2 -2 3 -1 -4 -5
right_child=1 -3 4 5 -6 -7
leaf_value=-0.010066796783027229 0.013609863321016829 -0.0073498947080481228 0.0024951811408016047 0.0088805500743636499 -0.01212157331864233 -0.0081546388018198749
leaf_weight=4.6625137440860298 23.170746900141243 3.1899752281606188 4.1847927607595947 10.871533382683991 24.696109920740128 2.3567592501640311
leaf_count=42 284 40 39 71 368 31
internal_value=0.000278874 0.0108975 -0.00580869 0.00111426 -0.00999101 0.00548573
internal_weight=73.1324 26.3607 46.7717 17.8908 28.8809 13.2283
internal_count=875 324 551 144 407 102
is_linear=0
shrinkage=0.02


Tree=328
num_leaves=7
num_cat=0
split_feature=42 46 51 46 28 6
split_gain=16.345 3.99673 3.61479 1.52929 1.22995 0.551212
threshold=-1.0000000180025095e-35 0.0099345188642554916 0.0022523642417861646 0.057735543662098938 0.14584269929267765 328.50576609848491
decision_type=2 2 2 2 2 2
left_child=2 4 3 5 -2 -1
right_child=1 -3 -4 -5 -6 -7
leaf_value=0.013291554236731487 0.011484109236798845 -0.013166498480348978 -0.0099727068961158981 -0.0021746592975003779 -0.0076662703973396987 -0.00093101528986605411
leaf_weight=26.23282769322396 3.3208045139908782 27.977157175540924 2.7715687453746787 2.7446803674101821 1.1314765922725198 1.0038480386137951
leaf_count=270 26 518 27 17 12 5
internal_value=-0.000512262 -0.0104174 0.00931311 0.0113603 0.00610389 0.012753
internal_weight=65.1824 32.4294 32.7529 29.9814 4.45228 27.2367
internal_count=875 556 319 292 38 275
is_linear=0
shrinkage=0.02


Tree=329
num_leaves=7
num_cat=0
split_feature=40 50 28 47 28 47
split_gain=13.4724 4.24739 2.60422 1.62702 1.11392 1.01509
threshold=0.020335502331026826 0.0079147402953547753 0.12361181016951613 0.030405945779715744 0.085837477833543452 0.043578704867871298
decision_type=2 2 2 2 2 2
left_child=3 5 -3 -1 -5 -2
right_child=1 2 -4 4 -6 -7
leaf_value=-0.012773631245878096 -0.011883227256408484 0.013382442715355072 -0.0086906176654445322 0.0098569884135668879 -0.0072808176919954897 0.0068561762706220867
leaf_weight=20.624704094603661 3.6925160344690111 25.29837238043547 1.6558706071227778 1.8262868225574482 2.2829354424029589 0.80943873524665821
leaf_count=524 51 207 33 12 43 5
internal_value=0.000231318 0.00879644 0.0117641 -0.0105802 0.00077433 -0.00788018
internal_weight=56.1901 31.4562 26.9542 24.7339 4.10922 4.50195
internal_count=875 296 240 579 55 56
is_linear=0
shrinkage=0.02


Tree=330
num_leaves=7
num_cat=0
split_feature=28 15 19 42 28 50
split_gain=12.1296 3.79793 2.71049 3.24959 3.77428 1.32325
threshold=0.13499359144159967 0.043369965740664443 -0.0069035704040154014 0.023667739351258515 0.029573338994946897 0.012635503692677257
decision_type=2 2 2 2 2 2
left_child=2 -2 3 -1 -5 -4
right_child=1 -3 5 4 -6 -7
leaf_value=-0.012184596482167159 0.013224617309954343 -0.0080584666639831101 0.016677087316818735 -0.011229177514549087 0.0066950357671228759 -0.0031589088565930745
leaf_weight=24.84316223859787 23.570055343210701 3.2014068886637679 1.9936786293983453 7.1384650059044388 10.133324634283779 1.9560997448861597
leaf_count=355 311 37 6 102 59 20
internal_value=-1.06036e-06 0.010481 -0.00618618 -0.00769429 -0.000922201 0.00819992
internal_weight=72.8362 26.7715 46.0647 42.115 17.2718 3.94978
internal_count=890 348 542 516 161 26
is_linear=0
shrinkage=0.02


Tree=331
num_leaves=7
num_cat=0
split_feature=42 46 47 45 6 15
split_gain=15.3816 4.60412 4.47436 1.48671 0.858392 0.830378
threshold=-1.0000000180025095e-35 0.0042233526491819587 -0.014477130865979652 0.036940442947567549 407.70165853174609 0.13256039906188619
decision_type=2 2 2 2 2 2
left_child=2 -2 4 -4 -1 -3
right_child=1 5 3 -5 -6 -7
leaf_value=0.013173366251319308 0.0074420716326317991 -0.013580742722208812 -0.011900678507995675 0.0051399864629157058 -0.0027762601730046484 0.0050310608734143517
leaf_weight=26.506021618843082 4.5072917938232449 26.806540407240394 3.9132557511329642 2.7523404397070408 1.0875595584511746 0.51297223567962547
leaf_count=276 36 517 30 22 5 4
internal_value=-0.000173937 -0.0100234 0.00900098 -0.00511168 0.0124696 -0.013066
internal_weight=66.086 31.8268 34.2592 6.6656 27.5936 27.3195
internal_count=890 557 333 52 281 521
is_linear=0
shrinkage=0.02


Tree=332
num_leaves=7
num_cat=0
split_feature=40 28 39 48 46 71
split_gain=13.501 3.9996 3.04837 2.85494 0.945803 0.639154
threshold=0.020335502331026826 0.10576496271433503 0.0032830575259637927 -0.00042629002322951826 0.055221474042885597 46.486372981111181
decision_type=2 2 2 2 2 2
left_child=2 3 -1 -2 -4 -5
right_child=1 -3 4 5 -6 -7
leaf_value=-0.013261916062969697 -0.0087378321101835021 -0.010941538371233487 -0.0058981751061154301 0.013985982253668214 0.010503778749362869 -0.00021670747665795417
leaf_weight=21.298945413902405 1.9072223007679046 2.7870905585587016 1.480254292488097 24.127371937036518 2.6187232062220573 1.3028874434530724
leaf_count=565 29 49 12 207 18 10
internal_value=0.00020783 0.0091276 -0.0103169 0.0114876 0.00458549 0.0132777
internal_weight=55.5225 30.1246 25.3979 27.3375 4.09898 25.4303
internal_count=890 295 595 246 30 217
is_linear=0
shrinkage=0.02


Tree=333
num_leaves=7
num_cat=0
split_feature=28 15 19 38 27 58
split_gain=10.6334 3.15118 2.4934 5.11407 2.03519 1.65284
threshold=0.14042933558932616 0.043369965740664443 -0.10987722162034382 0.038991839640575052 -0.050699185774800141 2.5461647727272729
decision_type=2 2 2 2 2 2
left_child=2 -2 -1 4 -4 -6
right_child=1 -3 3 -5 5 -7
leaf_value=-0.011582340804323266 0.013284818038408745 -0.0066234534782697212 0.011481968305942591 -0.011330994553136247 -0.011265764406769867 0.0037588911277956021
leaf_weight=14.479405846446751 22.732805494219068 3.0536915101110926 8.2705175094306487 12.458458386361597 3.2590715214610091 8.418094873428343
leaf_count=236 308 35 47 182 35 54
internal_value=0.000685671 0.010768 -0.00496855 -0.00175519 0.00448086 -0.000992343
internal_weight=72.672 25.7865 46.8855 32.4061 19.9477 11.6772
internal_count=897 343 554 318 136 89
is_linear=0
shrinkage=0.02


Tree=334
num_leaves=7
num_cat=0
split_feature=42 18 15 47 47 12
split_gain=13.8485 5.24523 2.85896 2.05716 1.0152 0.530241
threshold=-1.0000000180025095e-35 -0.0099576051691529482 0.070516206618957314 -0.026051124785198772 -0.085323637636610508 162.69350649350653
decision_type=2 2 2 2 2 2
left_child=1 5 4 -3 -2 -1
right_child=2 3 -4 -5 -6 -7
leaf_value=0.013389750209612434 0.0049704240094335314 0.0073732960034933468 0.008007221871564503 -0.011003324131413646 -0.012447022643912063 -0.0010681310048698148
leaf_weight=23.372740849852566 0.8950367346406044 2.9403049051761627 2.5404381453990927 5.8105745464563352 28.549015235155821 0.91071055829524894
leaf_count=254 7 24 24 46 535 7
internal_value=-0.000781761 0.00818051 -0.0100056 -0.00470582 -0.0117717 0.0128267
internal_weight=65.0188 33.0343 31.9845 8.75088 29.4441 24.2835
internal_count=897 331 566 70 542 261
is_linear=0
shrinkage=0.02


Tree=335
num_leaves=7
num_cat=0
split_feature=39 50 17 10 47 50
split_gain=12.0653 2.95777 2.82954 1.67957 1.07719 0.920951
threshold=-0.0074109369742668399 0.0079147402953547753 0.086785347483738465 0.73348307166456916 0.072900663746827341 0.012895622244921684
decision_type=2 2 2 2 2 2
left_child=2 -2 3 5 -4 -1
right_child=1 -3 4 -5 -6 -7
leaf_value=-0.0027964424379959114 -0.0059208840768118325 0.012650182209265977 -0.012840198203905411 -0.0087950059314412365 0.00446355139769303 0.013520771182148023
leaf_weight=1.6228300817310835 3.430027978494766 21.81062850356102 21.388198310509328 2.69086879119277 1.0642059892415989 3.2022950649261475
leaf_count=13 33 202 569 53 12 15
internal_value=1.95017e-05 0.00999704 -0.00843546 0.00199888 -0.0118647 0.00849487
internal_weight=55.2091 25.2407 29.9684 7.51599 22.4524 4.82513
internal_count=897 235 662 81 581 28
is_linear=0
shrinkage=0.02


Tree=336
num_leaves=7
num_cat=0
split_feature=28 15 42 38 46 41
split_gain=11.054 3.08225 2.89679 6.10634 2.40408 2.6099
threshold=0.14042933558932616 0.043369965740664443 -1.7457833721610198e-05 0.060501921201270674 0.0072682559549917545 0.0021252109994881756
decision_type=2 2 2 2 2 2
left_child=2 -2 -1 4 -4 -6
right_child=1 -3 3 -5 5 -7
leaf_value=-0.011234186322434817 0.013241107722165595 -0.0068710932035591053 -0.0087884373724767678 -0.012912720944880092 0.013260797010294131 -0.0062381437508982176
leaf_weight=19.113366726785898 22.14673870429397 2.8802291937172404 2.8254870101809564 9.9973088428378087 11.554491497576235 2.8667742498219004
leaf_count=289 306 35 31 160 53 29
internal_value=0.000284669 0.0107514 -0.00547372 -0.00117774 0.00595947 0.00923148
internal_weight=71.3844 25.027 46.3574 27.2441 17.2468 14.4213
internal_count=903 341 562 273 113 82
is_linear=0
shrinkage=0.02


Tree=337
num_leaves=7
num_cat=0
split_feature=42 47 15 50 2 48
split_gain=14.7082 5.25991 2.96506 1.52752 1.02865 0.66487
threshold=-1.0000000180025095e-35 -0.022278577570351944 0.070516206618957314 0.0094282828965074148 0.2440442427680091 0.018761529987155478
decision_type=2 2 2 2 2 2
left_child=1 -1 4 5 -2 -3
right_child=2 3 -4 -5 -6 -7
leaf_value=0.013237975329685514 0.0007320299874526582 0.010141725860711411 0.0075696490108958575 -0.011082966311743934 -0.013218952877806989 -0.0045092949808112634
leaf_weight=23.961857564747334 2.17903800308705 2.1019360944628702 2.7188218459486952 4.835940595716238 26.610860835760832 1.3133675679564474
leaf_count=263 11 18 25 44 534 8
internal_value=-0.000737264 0.00863491 -0.0102898 -0.00471852 -0.0121739 0.00476237
internal_weight=63.7218 32.2131 31.5087 8.25124 28.7899 3.4153
internal_count=903 333 570 70 545 26
is_linear=0
shrinkage=0.02


Tree=338
num_leaves=7
num_cat=0
split_feature=38 17 10 28 39 50
split_gain=12.7324 2.75506 1.90019 1.78812 1.57825 1.306
threshold=0.038991839640575052 0.083683473389355764 0.47850963198974755 0.11000076801528812 -0.006587790783100708 0.0099687549040147153
decision_type=2 2 2 2 2 2
left_child=1 2 -1 -2 -3 -6
right_child=3 4 -4 -5 5 -7
leaf_value=0.010802026540483674 0.013093011864426742 -0.013024906712065987 -0.0075713393905169268 -0.0049927622723843794 -0.011049164764673255 0.0077468969215256584
leaf_weight=4.0709451064467457 21.299874559044842 20.16718069836498 3.1208715438842773 1.9077646415680636 1.4519020356237842 2.7270187698304653
leaf_count=21 204 562 50 27 18 21
internal_value=0.000486344 -0.00769389 0.00287799 0.0114615 -0.0108072 0.000343964
internal_weight=54.7456 31.5379 7.19182 23.2076 24.3461 4.17892
internal_count=903 672 71 231 601 39
is_linear=0
shrinkage=0.02


Tree=339
num_leaves=7
num_cat=0
split_feature=42 34 74 38 15 33
split_gain=10.387 3.75929 3.99682 2.83124 2.68244 1.32289
threshold=0.066252171373528443 0.034807593071332917 0.017750000000000005 0.062757111539558194 0.033773120018317594 -1.0000000180025095e-35
decision_type=2 2 2 2 2 2
left_child=1 2 5 4 -3 -1
right_child=-2 3 -4 -5 -6 -7
leaf_value=-0.003185229673043701 0.012601220037741398 0.012361001327105322 -0.011352877095207263 -0.010101693915090824 -0.009134769527058122 0.012936331089307361
leaf_weight=3.3355481065809727 19.557623442262411 10.027935091406105 26.817000892013311 3.6480239033699027 2.159169264137744 3.2038446031510821
leaf_count=22 271 90 412 48 33 15
internal_value=0.000635504 -0.00427812 -0.00801104 0.00359398 0.00814872 0.00538142
internal_weight=68.7491 49.1915 33.3564 15.8351 12.1871 6.53939
internal_count=891 620 449 171 123 37
is_linear=0
shrinkage=0.02


Tree=340
num_leaves=7
num_cat=0
split_feature=15 48 48 30 52 30
split_gain=12.6594 5.50873 1.81237 1.54411 1.09032 0.775688
threshold=0.039504830860242299 0.006115950537361429 0.047143805763468986 -1.0000000180025095e-35 0.0091412398516737218 -0.0086582411506781875
decision_type=2 2 2 2 2 2
left_child=1 3 -2 -1 -5 -3
right_child=2 5 -4 4 -6 -7
leaf_value=0.010221423275808729 0.013356211596315842 -0.003360103696262723 -0.0055274458917789013 0.00650853414144847 -0.009676162777079304 -0.013132346557622574
leaf_weight=6.3518714271485806 19.093601368367676 4.6809211075305965 1.7187316790223111 1.8801783099770526 3.1924559585750103 24.370083943009377
leaf_count=60 223 56 16 15 30 491
internal_value=-0.000731845 -0.00720743 0.0116148 0.00429196 -0.00359336 -0.011722
internal_weight=61.2878 40.4755 20.8123 11.4245 5.07263 29.051
internal_count=891 652 239 105 45 547
is_linear=0
shrinkage=0.02


Tree=341
num_leaves=7
num_cat=0
split_feature=39 46 4 50 53 4
split_gain=11.3705 2.78365 2.7383 2.26105 0.623388 0.532122
threshold=-0.0074109369742668399 0.052581103981780293 0.021390986044383439 0.017909558586859681 0.0095469313614460066 0.013652036156928527
decision_type=2 2 2 2 2 2
left_child=2 5 3 4 -1 -2
right_child=1 -3 -4 -5 -6 -7
leaf_value=-0.011717522083652818 0.0037606696225985703 0.013037859982793077 -0.012554934421365536 0.0093003648552760464 0.0021060619619080669 -0.0091378941604104806
leaf_weight=3.7168122380971926 1.3473196625709563 19.697896860539913 18.880329918116331 4.7380250133574009 1.4313526004552839 2.3974283002316952
leaf_count=63 10 197 557 29 10 25
internal_value=2.36642e-05 0.0101314 -0.00827706 0.000295508 -0.00815671 -0.00468262
internal_weight=52.2092 23.4426 28.7665 9.88619 5.14816 3.74475
internal_count=891 232 659 102 73 35
is_linear=0
shrinkage=0.02


Tree=342
num_leaves=7
num_cat=0
split_feature=14 42 41 68 31 67
split_gain=10.9846 3.98927 1.90771 1.76663 1.56063 1.22538
threshold=-0.025957329147263699 0.061139036361744468 0.012684075549734218 0.57517123287671235 -0.0056780029255238873 0.10593767792230545
decision_type=2 2 2 2 2 2
left_child=2 3 -1 -2 -3 -5
right_child=1 4 -4 5 -6 -7
leaf_value=0.012433715937781389 -0.010671753375571092 0.0126292683640913 -0.0050131135093156309 0.0040914472663250798 -0.0077815298543401712 -0.010356941825381112
leaf_weight=22.107113137841228 28.28182902559638 5.0075571276247501 2.2731169611215583 6.5248109400272352 1.2465861849486817 2.4148261323571205
leaf_count=297 415 41 30 64 19 31
internal_value=0.000177468 -0.0058162 0.0106736 -0.00829555 0.00804908 -0.00046076
internal_weight=67.8558 43.4756 24.3802 37.2215 6.25414 8.93964
internal_count=897 570 327 510 60 95
is_linear=0
shrinkage=0.02


Tree=343
num_leaves=7
num_cat=0
split_feature=46 42 15 18 46 2
split_gain=15.0752 4.22139 2.00121 1.78021 1.74517 0.20103
threshold=0.042158900029689812 0.040608489532331198 0.070516206618957314 -0.0091989236114220479 0.002138375346397423 0.27361853832442073
decision_type=2 2 2 2 2 2
left_child=1 3 5 -1 -5 -2
right_child=2 -3 -4 4 -6 -7
leaf_value=0.013534905838530276 -0.0034492783459363703 -0.0095504950875232204 0.0051556037793040613 0.0097510608863541383 -0.0081310110323118152 -0.013591583364958809
leaf_weight=22.395368650555611 1.6432655826211036 3.8698491379618636 2.1297010108828536 3.725008092820647 3.0839096531271935 23.199928022921085
leaf_count=259 12 57 19 32 22 496
internal_value=-0.000636968 0.00830578 -0.0115075 0.0109098 0.0016478 -0.0130801
internal_weight=60.047 33.0741 26.9729 29.2043 6.80892 24.8432
internal_count=897 370 527 313 54 508
is_linear=0
shrinkage=0.02


Tree=344
num_leaves=7
num_cat=0
split_feature=38 28 19 40 66 40
split_gain=12.9541 3.10835 1.87539 1.68142 0.962609 0.632468
threshold=0.026925250574297514 0.11955350104600689 -0.02011267144094064 0.0080733225841550984 0.17997570853395486 0.025249341902502775
decision_type=2 2 2 2 2 2
left_child=2 3 4 -2 -1 -4
right_child=1 -3 5 -5 -6 -7
leaf_value=-0.012392303331653365 -0.0028689930285665083 -0.0095027698741787028 -0.0052987145777977631 0.013955648118166056 0.0036522355398569089 0.0092136033870338658
leaf_weight=21.204038105905063 2.3096320591867032 2.1891920622438183 1.1609144881367677 21.734483882784843 1.1766330245882262 2.0229221917688847
leaf_count=574 19 57 10 209 17 11
internal_value=0.000505046 0.0101887 -0.00944146 0.0122895 -0.0114287 0.00392031
internal_weight=51.7978 26.2333 25.5645 24.0441 22.3807 3.18384
internal_count=897 285 612 228 591 21
is_linear=0
shrinkage=0.02


Tree=345
num_leaves=7
num_cat=0
split_feature=28 14 38 46 15 19
split_gain=11.3446 2.46248 3.42769 2.76502 2.37244 1.69806
threshold=0.14042933558932616 0.037088223916494946 0.038991839640575052 0.0072682559549917545 0.062633350414234512 -0.10071016123062514
decision_type=2 2 2 2 2 2
left_child=1 2 3 -1 -2 -5
right_child=4 -3 -4 5 -6 -7
leaf_value=-0.0100197521727319 0.012858255263641484 -0.011552839622524971 -0.011248460767149773 -0.0057591458666908114 -0.0077639842138578583 0.010568046840702432
leaf_weight=3.915797431021935 21.496042631566528 17.529722262173891 9.2010742053389531 2.5306496210396299 1.8183273524045933 11.216829020529982
leaf_count=49 314 301 140 24 23 57
internal_value=-2.79363e-05 -0.00593245 -0.00198199 0.00318912 0.0109967 0.0073758
internal_weight=67.7084 44.3941 26.8644 17.6633 23.3144 13.7475
internal_count=908 571 270 130 337 81
is_linear=0
shrinkage=0.02


Tree=346
num_leaves=7
num_cat=0
split_feature=42 50 15 47 21 50
split_gain=13.3416 3.90661 3.29196 2.07318 0.776551 0.681207
threshold=-1.0000000180025095e-35 0.010818527639084504 0.070516206618957314 -0.022278577570351944 -0.0075477129521909934 -0.001764693880439991
decision_type=2 2 2 2 10 2
left_child=1 4 5 -3 -1 -2
right_child=2 3 -4 -5 -6 -7
leaf_value=0.013363109382913792 0.00087606071151188816 0.0088759104987226386 0.0086451706657944358 -0.010686086790363297 -0.0010239313590253059 -0.01265950393095004
leaf_weight=22.470173913985498 1.4441122226417125 2.5343669690191746 2.785486325621604 4.8187979646027079 1.4570971205830563 25.281778739765286
leaf_count=257 19 28 25 43 9 527
internal_value=-0.00028382 0.00868356 -0.00976183 -0.00368836 0.0124811 -0.0119229
internal_weight=60.7918 31.2804 29.5114 7.35316 23.9273 26.7259
internal_count=908 337 571 71 266 546
is_linear=0
shrinkage=0.02


Tree=347
num_leaves=7
num_cat=0
split_feature=38 28 40 51 28 76
split_gain=11.8726 2.8538 2.70404 1.27295 0.9286 0.717096
threshold=0.024529950270922165 0.11000076801528812 0.045948685896307545 -0.0085022168192219662 -0.0035864892966065705 0.25575000000000009
decision_type=2 2 2 2 2 2
left_child=2 3 4 -2 -1 -6
right_child=1 -3 -4 -5 5 -7
leaf_value=0.0045467353480630798 -0.0035660986930586653 -0.0073773583959490883 0.0080056986062810587 0.012785205923179286 -0.013127095298483478 0.0022407353102146953
leaf_weight=0.89178776368499413 1.6541821323335231 2.9431765601038924 2.5094358436763278 22.68044644407928 20.78164861723781 1.0020130090415467
leaf_count=9 14 58 14 219 576 18
internal_value=0.00036394 0.00934316 -0.00934688 0.0115768 -0.0115243 -0.0123529
internal_weight=52.4627 27.2778 25.1849 24.3346 22.6754 21.7837
internal_count=908 291 617 233 603 594
is_linear=0
shrinkage=0.02


Tree=348
num_leaves=7
num_cat=0
split_feature=28 46 44 1 8 25
split_gain=9.87161 4.52142 3.27061 2.30656 1.57213 1.18231
threshold=0.10707780842249982 0.014673992212033556 0.077017442196986835 0.37751723205838633 0.38327018361993592 0.380082105177171
decision_type=2 2 2 2 2 2
left_child=2 -2 3 5 -5 -1
right_child=1 -3 -4 4 -6 -7
leaf_value=-0.01013336433504269 -0.0076385543761845302 0.01209681104986208 -0.011655849483659289 -0.0036453689631888941 0.014529180165130627 0.0053010389342933529
leaf_weight=6.3573390729725343 4.922909282147887 25.277048300951719 20.249950047582388 2.4192723110318175 4.412330087274313 2.0056485198438168
leaf_count=68 76 336 352 26 22 13
internal_value=0.000487519 0.00873803 -0.00658907 0.000466247 0.00844938 -0.00626099
internal_weight=65.6445 30.2 35.4445 15.1946 6.8316 8.36299
internal_count=893 412 481 129 48 81
is_linear=0
shrinkage=0.02


Tree=349
num_leaves=7
num_cat=0
split_feature=46 47 15 19 46 34
split_gain=14.1682 3.62839 1.49776 1.20324 0.847029 0.725792
threshold=0.042158900029689812 -0.0058541431732031931 0.074493829863060232 -0.051658891401639699 -0.011731221736226738 0.10022374976835573
decision_type=2 2 2 2 2 2
left_child=1 3 -2 5 -5 -1
right_child=2 -3 -4 4 -6 -7
leaf_value=0.013216370215556461 -0.012404115597560827 -0.0085947947287069813 0.0058909762245939737 0.0095337595229040249 -0.0051180764493157314 -0.0023584071562672351
leaf_weight=22.880420014262203 24.224807681515816 3.6917456351220599 1.3554742261767376 1.6866917312145231 2.8518123403191593 0.96726379357278247
leaf_count=275 519 41 13 12 18 15
internal_value=-0.000383011 0.00836052 -0.0112495 0.0107831 0.00106534 0.0125152
internal_weight=57.6582 32.0779 25.5803 28.3862 4.5385 23.8477
internal_count=893 361 532 320 30 290
is_linear=0
shrinkage=0.02


Tree=350
num_leaves=7
num_cat=0
split_feature=38 41 38 23 40 18
split_gain=12.6267 2.64584 1.59487 1.43703 1.03513 0.814064
threshold=0.038991839640575052 -0.0013483051659850872 0.002484236894325875 454.33700038699692 0.060630059258133966 0.067741848459074647
decision_type=2 2 2 10 2 2
left_child=1 4 -3 -2 5 -1
right_child=3 2 -4 -5 -6 -7
leaf_value=-0.013598680828994568 0.013212275876619769 -0.0089296004042432823 0.0094562581691889462 -0.00052961135061367918 0.0065482366320495852 0.0018457100743828126
leaf_weight=20.486687235534202 18.063532367348675 2.1261810287833205 3.8744414672255516 3.53276771493256 0.5912807360291471 1.2193536907434452
leaf_count=588 188 23 31 46 3 14
internal_value=-0.000196953 -0.00885713 0.00259669 0.0110404 -0.0119187 -0.012688
internal_weight=49.8942 28.2979 6.00062 21.5963 22.2973 21.706
internal_count=893 659 54 234 605 602
is_linear=0
shrinkage=0.02


Tree=351
num_leaves=7
num_cat=0
split_feature=14 44 38 42 46 38
split_gain=9.54642 3.84247 2.84807 2.6874 1.69289 2.71898
threshold=-0.024657253961934047 0.077017442196986835 0.060501921201270674 0.07569169988431669 -0.0052076279289635227 0.066385877602505625
decision_type=2 2 2 2 2 2
left_child=2 4 -1 -3 -2 -6
right_child=1 3 -4 -5 5 -7
leaf_value=0.013011548559100503 -0.008946946804764733 -0.012317926317784562 -0.007362101490599268 0.0065357169863195291 0.010800825135934057 -0.010003040596060216
leaf_weight=20.650281909853224 2.9807409793138513 21.844168972224001 2.4889972433447829 2.8483083322644225 9.3981575109064526 2.4516992382705221
leaf_count=286 35 391 33 31 60 38
internal_value=0.000658815 -0.00528281 0.0106058 -0.0099734 0.00266356 0.00605308
internal_weight=62.6624 39.5231 23.1393 24.6925 14.8306 11.8499
internal_count=874 555 319 422 133 98
is_linear=0
shrinkage=0.02


Tree=352
num_leaves=7
num_cat=0
split_feature=46 42 45 47 12 14
split_gain=13.4249 4.96562 2.75801 1.5775 0.755208 0.427042
threshold=0.0099345188642554916 -1.7457833721610198e-05 0.030193433097217313 -0.010313951986804777 161.07445421961555 0.066988106106462372
decision_type=2 2 2 2 2 2
left_child=3 2 5 4 -1 -2
right_child=1 -3 -4 -5 -6 -7
leaf_value=0.013382382148481043 -0.011158034758739889 -0.013441887127033907 0.010377516066527622 -0.0081487749918896634 -0.0026863460701706874 0.0021706661954391205
leaf_weight=19.943289995193489 3.425185199826954 22.953920094296336 6.4349185340106487 0.91087744012474914 0.91733530163764854 0.86042813584208477
leaf_count=241 29 515 65 7 8 9
internal_value=-0.000542443 -0.00836835 0.00271472 0.011398 0.0125852 -0.00857762
internal_weight=55.446 33.6745 10.7205 21.7715 20.8606 4.28561
internal_count=874 618 103 256 249 38
is_linear=0
shrinkage=0.02


Tree=353
num_leaves=7
num_cat=0
split_feature=31 50 41 40 54 14
split_gain=11.1374 2.88978 2.41741 1.08266 0.818763 0.72711
threshold=-0.0066430384624463898 0.0079147402953547753 0.0021252109994881756 0.0013709305449042272 0.34807975947356484 -0.019735267531359162
decision_type=2 2 2 2 2 2
left_child=2 4 -1 -3 -2 -4
right_child=1 3 5 -5 -6 -7
leaf_value=-0.012066876774039 0.0052718849517678591 -0.0027146063595866639 -0.0069765925751927894 0.013541077449391328 -0.012326105196039579 0.0076517096660335283
leaf_weight=20.611924376338724 0.92015596479177775 1.4583541899919534 1.0761000905185936 18.574177715927362 2.0788226537406445 3.3643319457769385
leaf_count=588 10 16 14 193 24 29
internal_value=-0.000230687 0.00959386 -0.0092843 0.0122849 -0.00695854 0.00347592
internal_weight=48.0839 23.0315 25.0524 20.0325 2.99898 4.44043
internal_count=874 243 631 209 34 43
is_linear=0
shrinkage=0.02


Tree=354
num_leaves=7
num_cat=0
split_feature=14 14 21 60 58 45
split_gain=9.48124 2.48291 1.80524 1.66289 1.63301 1.45363
threshold=-0.025957329147263699 0.054005108208707749 -0.014602712419420285 0.26687370600414084 2.8099343185550087 0.061767156378846715
decision_type=2 2 10 2 2 2
left_child=2 3 -1 -2 -5 -6
right_child=1 -3 -4 4 5 -7
leaf_value=0.012489332468083297 -0.011150001605898472 -0.011612694912291116 -0.0036317442434930102 -0.004035231564894215 0.010577452609154948 -0.0072785599889853983
leaf_weight=19.407486036419872 4.5084891468286541 15.506592415273188 2.7644035406410685 10.255914799869062 7.4723332859575731 1.5607389621436594
leaf_count=282 66 280 30 131 54 19
internal_value=0.000218577 -0.0056458 0.0104094 -0.00144622 0.00125965 0.00707432
internal_weight=61.476 39.3041 22.1719 23.7975 19.289 9.03307
internal_count=862 550 312 270 204 73
is_linear=0
shrinkage=0.02


Tree=355
num_leaves=7
num_cat=0
split_feature=47 30 44 52 52 15
split_gain=11.0511 2.88226 1.99947 1.84778 1.36592 0.940331
threshold=-0.027008229583779676 0.047119382959539963 0.13342876825054348 0.028764105083731523 0.03447728672597216 0.085978486056971712
decision_type=2 2 2 2 2 2
left_child=1 4 5 -4 -1 -2
right_child=2 -3 3 -5 -6 -7
leaf_value=0.01168857818055761 -0.012986525115128553 -0.010149049223662263 0.01008843934492514 -0.0090807342368007249 -0.0030513406469119975 0.0043217693874015358
leaf_weight=23.824936389923103 19.734533637762077 2.2760959621518841 3.1081463266164056 2.9468103628605604 2.3917088750749818 0.87727031111717124
leaf_count=278 369 43 33 81 47 11
internal_value=-0.000159935 0.00836035 -0.00923677 0.000794455 0.0102812 -0.012084
internal_weight=55.1595 28.4927 26.6668 6.05496 26.2166 20.6118
internal_count=862 368 494 114 325 380
is_linear=0
shrinkage=0.02


Tree=356
num_leaves=7
num_cat=0
split_feature=40 38 39 65 37 49
split_gain=10.982 2.76906 2.24096 0.818279 0.60438 0.580934
threshold=0.020335502331026826 -0.0016354506829249977 0.0050493053217591172 0.1122546524475785 0.017975273613490435 -0.03331269709973466
decision_type=2 2 2 2 2 2
left_child=2 3 -1 -2 5 -3
right_child=1 4 -4 -5 -6 -7
leaf_value=-0.013108704576097781 0.006622607299193093 0.00084908457102278163 0.0039786050694634078 -0.010871358179178918 -0.0020234388774920233 0.01294889753068168
leaf_weight=17.971491998061541 0.7309134304523498 1.8830416947603286 3.1861523352563372 2.7416333500295877 1.0309414900839318 18.942832490429282
leaf_count=556 3 17 27 61 9 189
internal_value=-9.84261e-05 0.00863533 -0.0104721 -0.00653173 0.0112254 0.0119439
internal_weight=46.487 25.3294 21.1576 3.47255 21.8568 20.8259
internal_count=862 279 583 64 215 206
is_linear=0
shrinkage=0.02


Tree=357
num_leaves=7
num_cat=0
split_feature=14 38 44 70 68 28
split_gain=10.5046 2.68103 2.26091 1.85817 1.48117 1.21194
threshold=-0.024657253961934047 0.060501921201270674 0.037531013108545043 70.200814697813627 0.57517123287671235 0.22549849437095049
decision_type=2 2 2 2 2 2
left_child=1 -1 3 -2 5 -4
right_child=2 -3 4 -5 -6 -7
leaf_value=0.013187319745038742 -0.0082095186160789247 -0.006446481437339782 -0.011168987565677585 0.011782950617390599 -0.0004116585473820709 0.0068968070647831784
leaf_weight=20.721426483243707 2.0836516022682181 2.5815053246915332 23.768037579953674 4.0125841200351715 8.1613892838358861 0.93502947688102622
leaf_count=297 21 34 399 21 102 12
internal_value=0.000474954 0.0108365 -0.00583854 0.00475572 -0.00788614 -0.0102435
internal_weight=62.2636 23.3029 38.9607 6.09624 32.8645 24.7031
internal_count=886 331 555 42 513 411
is_linear=0
shrinkage=0.02


Tree=358
num_leaves=7
num_cat=0
split_feature=46 42 30 14 48 2
split_gain=13.195 4.06885 2.41326 0.825534 0.78715 0.535549
threshold=0.0099345188642554916 -1.7457833721610198e-05 0.0078759962504703507 -0.022171798655185437 0.032604893580283838 0.24849397590361447
decision_type=2 2 2 2 2 2
left_child=3 2 -2 -1 -5 -3
right_child=1 5 -4 4 -6 -7
leaf_value=-0.0035492805917956781 0.009691289856226944 -0.00047493644176750552 -0.0078267992649232003 0.013041825406383973 -0.0034566750103945253 -0.013678316145349333
leaf_weight=0.99602081626653927 5.8081553317606431 1.3758676126599336 4.8772776760160923 19.147664200514559 0.83343183249235053 21.947992200031877
leaf_count=8 57 7 47 242 5 520
internal_value=-0.000816242 -0.00842744 0.00170978 0.0113455 0.0122217 -0.012951
internal_weight=54.9864 34.0093 10.6854 20.9771 19.9811 23.3239
internal_count=886 631 104 255 247 527
is_linear=0
shrinkage=0.02


Tree=359
num_leaves=7
num_cat=0
split_feature=40 47 28 38 48 51
split_gain=10.9773 3.42428 2.2293 1.91626 0.778941 0.476897
threshold=0.020335502331026826 -0.027008229583779676 0.08854319761516552 0.10063666693797427 0.010390275113362024 0.018603504319433448
decision_type=2 2 2 2 2 2
left_child=3 -2 -3 5 -4 -1
right_child=1 2 4 -5 -6 -7
leaf_value=-0.012649038146182829 -0.0072899481929296905 0.013799215883731127 0.0081620629161560897 0.0072413337575437248 -0.0087928647539068112 0.0031599012704994502
leaf_weight=18.606142267584808 3.9216970521956709 20.066014936193827 0.71300757676362936 1.61170233786106 2.247568815946579 0.42282283306121726
leaf_count=569 60 202 3 15 32 5
internal_value=0.000322114 0.00859594 0.0114923 -0.0103782 -0.00367971 -0.0121575
internal_weight=47.589 26.9483 23.0266 20.6407 2.96058 19.029
internal_count=886 297 237 589 35 574
is_linear=0
shrinkage=0.02


Tree=360
num_leaves=7
num_cat=0
split_feature=14 38 11 14 38 53
split_gain=9.15779 3.01672 2.13275 1.33167 1.33228 1.12308
threshold=-0.01503128205574669 0.060501921201270674 0.74576603896455851 0.038044359955277836 0.038991839640575052 -0.0002829579153249046
decision_type=2 2 2 2 2 2
left_child=1 -1 3 4 5 -2
right_child=2 -3 -4 -5 -6 -7
leaf_value=0.012268113796871429 -0.0049510380543408413 -0.0069926785897269448 0.0063684832966876158 -0.012104731873233755 -0.011135391474707072 0.0071545215131460539
leaf_weight=20.481432940810922 5.6431327052414408 3.1628948897123328 3.9148539900779715 15.472087945789097 4.9241208396852008 4.7026526592671898
leaf_count=303 56 43 37 288 92 40
internal_value=0.000139606 0.00951241 -0.00634235 -0.00811065 -0.00356843 0.000697118
internal_weight=58.3012 23.6443 34.6568 30.742 15.2699 10.3458
internal_count=859 346 513 476 188 96
is_linear=0
shrinkage=0.02


Tree=361
num_leaves=7
num_cat=0
split_feature=15 48 41 48 2 16
split_gain=10.3526 4.51261 1.77864 1.31339 1.20432 0.836143
threshold=0.039504830860242299 0.010390275113362024 -0.002534855361832334 0.047143805763468986 0.37752263554052584 -0.058814063601987952
decision_type=2 2 2 2 2 2
left_child=1 2 4 -2 -1 -3
right_child=3 5 -4 -5 -6 -7
leaf_value=0.011728777127513197 0.013265946706277018 0.0003511204674303258 -0.009807928955836499 -0.0049320282135528037 -0.0038218264699480713 -0.012762569952647051
leaf_weight=6.3591632135212404 16.216981001198295 2.0768244788050678 2.1048466563224784 1.2417719475924958 2.1760642156004906 20.870467884466052
leaf_count=66 213 35 19 14 26 486
internal_value=-0.000326181 -0.00677471 0.00375629 0.0117745 0.00777911 -0.0116106
internal_weight=51.0461 33.5874 10.6401 17.4588 8.53523 22.9473
internal_count=859 632 111 227 92 521
is_linear=0
shrinkage=0.02


Tree=362
num_leaves=7
num_cat=0
split_feature=38 41 47 42 60 28
split_gain=9.88751 3.39574 1.98575 1.11093 0.841135 0.833189
threshold=0.038991839640575052 -0.0013483051659850872 1.0000000180025095e-35 0.051385963426237226 0.46785225718194262 0.11857420737997715
decision_type=2 2 2 2 2 2
left_child=1 4 -2 -3 -1 -4
right_child=2 3 5 -5 -6 -7
leaf_value=-0.01288682036709447 -0.0058206894938341016 0.0084760928276829389 0.013578235031247572 -0.0077423765936911393 0.0064445588805106891 -0.0020949137309063367
leaf_weight=18.307362560182817 2.1195292621850994 4.8357651196420184 16.769306071102623 1.4916208051145075 0.36984974145889182 1.2011895105242718
leaf_count=576 21 31 190 22 1 18
internal_value=0.000188692 -0.00806815 0.0103607 0.0041179 -0.012196 0.0124754
internal_weight=45.0946 25.0046 20.09 6.32739 18.6772 17.9705
internal_count=859 630 229 53 577 208
is_linear=0
shrinkage=0.02


Tree=363
num_leaves=7
num_cat=0
split_feature=28 42 44 1 8 32
split_gain=8.57566 4.76854 2.80876 1.7884 1.33421 1.11836
threshold=0.10707780842249982 0.016002451650432133 0.076329722014115683 0.37751723205838633 0.38327018361993592 0.11824779132302046
decision_type=2 2 2 2 2 2
left_child=2 -2 3 -1 -5 -4
right_child=1 -3 5 4 -6 -7
leaf_value=-0.0044792539585172394 -0.0086069451226935025 0.012970139828395271 -0.011522474602579342 -0.0045310048602996379 0.01435580269234722 0.0068605033413223276
leaf_weight=8.847704138606785 4.2666465342044857 21.660478424280882 18.909111447632316 1.5877651311457146 3.9123835749924183 0.78103430569171806
leaf_count=85 70 332 353 19 21 4
internal_value=0.000755876 0.00923158 -0.00577938 0.000956855 0.00904534 -0.010497
internal_weight=59.9651 25.9271 34.038 14.3479 5.50015 19.6901
internal_count=884 402 482 125 40 357
is_linear=0
shrinkage=0.02


Tree=364
num_leaves=7
num_cat=0
split_feature=42 18 15 16 50 24
split_gain=11.2495 4.06375 2.38245 1.47405 0.661717 0.479591
threshold=0.0065093999710058572 -0.0080890525202684232 0.070516206618957314 -0.022945482497334409 -0.001764693880439991 0.81666666666666676
decision_type=2 2 2 2 2 10
left_child=1 5 4 -3 -2 -1
right_child=2 3 -4 -5 -6 -7
leaf_value=0.013007327352973788 0.00090166172537443575 0.0056853294931785182 0.0075789034973952098 -0.010359584896870397 -0.013126902183592892 -0.0015284710811263435
leaf_weight=19.009736161679037 1.2988849859684766 3.004184152930975 2.0125552341341963 4.6926931738853446 21.417565802112222 0.7433784231543531
leaf_count=255 20 27 19 43 514 6
internal_value=-0.000902026 0.00778206 -0.0104694 -0.00416343 -0.0123206 0.012413
internal_weight=52.179 27.45 24.729 7.69688 22.7165 19.7531
internal_count=884 331 553 70 534 261
is_linear=0
shrinkage=0.02


Tree=365
num_leaves=7
num_cat=0
split_feature=39 50 4 50 67 43
split_gain=8.28717 3.15929 2.26671 1.58048 1.20061 1.19108
threshold=-0.0074109369742668399 0.013189303145513016 0.020980046948356808 0.0094282828965074148 0.10360630018784965 -0.0011896782366805744
decision_type=2 2 2 2 2 2
left_child=2 4 3 -1 -2 -5
right_child=1 -3 -4 5 -6 -7
leaf_value=-0.009584202944248825 -0.011072614669404172 0.012584734297402303 -0.012141468540211713 0.011526018749463256 0.0078457218895313739 -0.0055769135998718911
leaf_weight=2.9786810819059628 3.1451939940452602 17.152779243886471 15.610589658841489 3.976682472974062 1.1434750333428381 1.6953940335661171
leaf_count=56 36 189 550 29 10 14
internal_value=4.04e-05 0.00888387 -0.00781748 0.000434875 -0.00549874 0.00634426
internal_weight=45.7028 21.4414 24.2613 8.65076 4.28867 5.67208
internal_count=884 235 649 99 46 43
is_linear=0
shrinkage=0.02


Tree=366
num_leaves=7
num_cat=0
split_feature=14 42 38 10 0 38
split_gain=7.94693 2.92545 2.18942 2.05486 2.17818 1.13616
threshold=-0.025957329147263699 0.06671034443941902 0.064181334306981905 1.4420765116137755 0.067647058823529435 0.043945279609495735
decision_type=2 2 2 2 2 2
left_child=2 3 -1 4 -2 -3
right_child=1 5 -4 -5 -6 -7
leaf_value=0.012470158216197026 0.0087489749259866915 0.012417254473422908 -0.0062813380847017318 0.0029696621283980215 -0.010743529222114509 -0.0067282291947288828
leaf_weight=18.196062702685598 1.7670775763690496 4.0528358779847613 2.2429042570292941 6.2985258772969237 26.079639386385679 0.93802770227193821
leaf_count=285 10 38 30 69 440 17
internal_value=0.000390645 -0.00486706 0.0102154 -0.00697243 -0.00924618 0.00829644
internal_weight=59.5751 39.1361 20.439 34.1452 27.8467 4.99086
internal_count=889 574 315 519 450 55
is_linear=0
shrinkage=0.02


Tree=367
num_leaves=7
num_cat=0
split_feature=46 42 18 47 42 14
split_gain=11.5993 3.56822 2.87031 1.89398 0.884114 0.519681
threshold=0.015311420769751014 -1.7457833721610198e-05 -0.015110818462147622 -0.017096219207920742 0.051385963426237226 0.13864306272178917
decision_type=2 2 2 2 2 2
left_child=3 2 -2 4 -1 -3
right_child=1 5 -4 -5 -6 -7
leaf_value=0.013089906677009482 0.010125696489610696 -0.013432815924621633 -0.0099421011121098076 -0.0058886460464503652 -0.0032840509762926615 0.0034715045799387774
leaf_weight=18.731603659689434 5.5500947199761868 20.378697779029611 4.0643315389752406 2.0337742567062369 1.0312224589288224 0.37434588000178237
leaf_count=250 51 518 40 16 11 3
internal_value=-0.000614729 -0.00849386 0.00150495 0.0102537 0.0121185 -0.0129823
internal_weight=52.1641 30.3675 9.61443 21.7966 19.7628 20.753
internal_count=889 612 91 277 261 521
is_linear=0
shrinkage=0.02


Tree=368
num_leaves=7
num_cat=0
split_feature=38 45 75 28 28 48
split_gain=11.2574 2.22319 1.62461 1.42939 1.13215 0.472562
threshold=0.038991839640575052 0.013600278554633501 0.24658333333333335 0.11000076801528812 0.098987863072906523 0.010390275113362024
decision_type=2 2 2 2 2 2
left_child=1 2 -1 5 -4 -2
right_child=3 -3 4 -5 -6 -7
leaf_value=-0.0085569806757144051 0.0017870631763813281 -0.013009627297644462 0.011278126685951722 -0.0044807585322571815 -0.0071289421014183278 0.013539235661469466
leaf_weight=4.401364780962469 1.8413361646235049 15.708368137478827 3.7692738901823759 1.6998785398900498 1.0801139865070579 16.775563545525074
leaf_count=90 14 492 31 28 37 197
internal_value=0.000194878 -0.0086532 -0.000708232 0.0109607 0.00666043 0.0125272
internal_weight=45.2759 24.9591 9.25075 20.3168 4.84939 18.6169
internal_count=889 650 158 239 68 211
is_linear=0
shrinkage=0.02


Tree=369
num_leaves=7
num_cat=0
split_feature=28 15 44 10 73 48
split_gain=9.57349 3.9443 3.19154 2.10344 1.20181 0.84969
threshold=0.11290454205342343 0.042779240836650752 0.07407757091967207 1.1886751028890172 0.055607159686976139 1.0000000180025095e-35
decision_type=2 2 2 2 2 2
left_child=2 5 3 4 -1 -2
right_child=1 -3 -4 -5 -6 -7
leaf_value=-0.0085989089427809112 0.0013692874280017843 -0.0085047909601237894 -0.011732088592701957 0.010658461944320959 0.0062398630149607861 0.013738748953257092
leaf_weight=6.8994875252246839 2.7588174082338872 3.5866006612777701 19.664700403809547 4.4639382511377326 2.1981601938605309 19.32357145473361
leaf_count=84 28 61 375 28 11 311
internal_value=0.000220142 0.00920017 -0.00678349 0.000705025 -0.0047507 0.0123197
internal_weight=58.8953 25.669 33.2263 13.5616 9.09765 22.0824
internal_count=898 400 498 123 95 339
is_linear=0
shrinkage=0.02


Tree=370
num_leaves=7
num_cat=0
split_feature=42 17 14 38 48 14
split_gain=11.336 3.71846 2.24329 2.06232 0.682655 0.552718
threshold=0.015427374265088546 0.08951465201465203 0.088258653671586071 0.024529950270922165 0.0086193203622938735 0.026669748597114396
decision_type=2 2 2 2 2 2
left_child=1 4 -2 -3 -1 -5
right_child=2 3 -4 5 -6 -7
leaf_value=0.0032117529079858488 -0.012887596067184906 0.012851064498518399 0.0056828628392203489 -0.0093402098332210724 -0.012270039499036328 0.0038796971818429384
leaf_weight=1.1003610417246843 20.287424569949511 21.444406073540453 2.3907061144709578 1.6087907087057822 3.0361991692334414 1.6537866424769161
leaf_count=8 510 283 28 22 27 20
internal_value=-0.000447235 0.00775998 -0.0107726 0.0106727 -0.00832824 -0.003301
internal_weight=51.5217 28.8435 22.6781 24.707 4.13656 3.26258
internal_count=898 360 538 325 35 42
is_linear=0
shrinkage=0.02


Tree=371
num_leaves=7
num_cat=0
split_feature=40 50 28 39 29 28
split_gain=10.0482 3.31645 2.11555 1.40443 0.789021 0.779256
threshold=0.020335502331026826 0.0099687549040147153 0.11157489198703682 0.0032830575259637927 0.0050236486194628208 -0.0067340594566934605
decision_type=2 2 2 2 2 2
left_child=3 5 -3 -1 -5 -2
right_child=1 2 -4 4 -6 -7
leaf_value=-0.012670651329003382 0.0055392834666059699 0.013587415279615836 -0.0058215922346906727 0.0085437286405634135 -0.0070914845891851749 -0.010539442489144331
leaf_weight=16.004255630075935 0.95843561738729466 18.998114757239822 1.9712082985788573 1.7279391027986997 1.4735660366713998 3.2962696552276638
leaf_count=565 10 202 35 15 12 59
internal_value=0.000226814 0.00838901 0.0115809 -0.0103777 0.00137225 -0.0065526
internal_weight=44.4298 25.224 20.9693 19.2058 3.20151 4.25471
internal_count=898 306 237 592 27 69
is_linear=0
shrinkage=0.02


Tree=372
num_leaves=7
num_cat=0
split_feature=28 44 15 46 51 32
split_gain=8.22383 3.95763 2.46539 1.95196 2.49818 1.46575
threshold=0.13499359144159967 0.077017442196986835 0.043369965740664443 -0.0052076279289635227 0.0036954758109173798 0.11824779132302046
decision_type=2 2 2 2 2 2
left_child=1 3 -2 -1 -5 -3
right_child=2 5 -4 4 -6 -7
leaf_value=-0.010496541476360236 0.01283757409498453 -0.011857202889246948 -0.0062874163644747304 0.011435954269189313 -0.0063989698965983633 0.0069378708662387687
leaf_weight=2.7467110939323911 17.888320542871956 20.323469944298271 2.5277110561728469 8.6906695142388291 3.8729399144649514 1.1619624644517887
leaf_count=36 308 395 37 51 48 9
internal_value=0.000391252 -0.0052261 0.0102867 0.00247161 0.00587161 -0.0105774
internal_weight=57.2118 36.7958 20.416 15.3103 12.5636 21.4854
internal_count=884 539 345 135 99 404
is_linear=0
shrinkage=0.02


Tree=373
num_leaves=7
num_cat=0
split_feature=15 49 30 18 18 49
split_gain=9.24349 3.41677 1.16531 1.1294 1.06931 0.941499
threshold=0.038827151055179247 -0.037417349294071763 0.0043297639304314276 -0.0091989236114220479 -0.0022983039416761826 0.031698462997816125
decision_type=2 2 2 2 2 2
left_child=1 4 3 -3 -1 -2
right_child=5 2 -4 -5 -6 -7
leaf_value=0.008973452084789833 0.012137844580603628 0.0036103271179913701 -0.012669904872609508 -0.0095976395115777175 -0.0057798467322406032 -0.0059700212245361317
leaf_weight=5.6573681682348251 16.8562051858753 4.3404446672648191 17.136311260983348 4.2362021915614623 1.9920439291745413 0.64968059957027335
leaf_count=74 244 56 435 46 22 7
internal_value=-0.000220299 -0.00635328 -0.00976155 -0.00323437 0.00490739 0.0111795
internal_weight=50.8683 33.3624 25.713 8.57665 7.64941 17.5059
internal_count=884 633 537 102 96 251
is_linear=0
shrinkage=0.02


Tree=374
num_leaves=7
num_cat=0
split_feature=38 51 42 40 50 4
split_gain=9.19926 2.88341 2.01007 0.957847 0.937227 0.78844
threshold=0.042737372579688238 0.0040407287782345406 0.028393312803987315 0.061977970615458851 0.015091784660585979 0.028708791208791214
decision_type=2 2 2 2 2 2
left_child=1 3 -3 -1 5 -2
right_child=4 2 -4 -5 -6 -7
leaf_value=-0.012558966942586272 0.0082351284561176501 0.011966520003788181 -0.0076283390845220287 0.004503613917178924 0.012616392853847818 -0.0081157547321450418
leaf_weight=18.093220837414272 1.323393940925601 3.6032865531742564 2.9285598080605268 0.92886943370103736 14.452359521761535 1.3963420484215019
leaf_count=571 14 23 76 7 178 15
internal_value=-0.000259547 -0.00775732 0.00333476 -0.0115425 0.0107108 -8.45965e-05
internal_weight=42.726 25.5539 6.53185 19.0221 17.1721 2.71974
internal_count=884 677 99 578 207 29
is_linear=0
shrinkage=0.02


Tree=375
num_leaves=7
num_cat=0
split_feature=14 38 14 29 46 37
split_gain=7.82653 2.32388 2.18089 1.77314 1.22657 1.03616
threshold=-0.025957329147263699 0.060501921201270674 0.03606814114871678 -0.035762193772438923 -0.0052076279289635227 -0.018253207862673013
decision_type=2 2 2 2 2 2
left_child=1 -1 3 -2 -5 -6
right_child=2 -3 -4 4 5 -7
leaf_value=0.012281788144528879 -0.0090982934628375863 -0.0069815845679153579 -0.01006368262741501 -0.008240721976711966 -0.0029189971618985545 0.0091480668018934352
leaf_weight=18.076418511569504 5.7024592161178616 2.2260271199047557 17.702487913891673 2.1711147911846664 3.4636977650225154 8.7060013264417595
leaf_count=296 100 30 343 30 40 65
internal_value=0.000206649 0.0099411 -0.00515069 -0.00053944 0.00323512 0.00575272
internal_weight=58.0482 20.3024 37.7458 20.0433 14.3408 12.1697
internal_count=904 326 578 235 135 105
is_linear=0
shrinkage=0.02


Tree=376
num_leaves=7
num_cat=0
split_feature=46 42 45 47 10 47
split_gain=11.6658 3.54044 2.51563 0.952081 0.519234 0.517173
threshold=0.0099345188642554916 -1.0000000180025095e-35 0.030193433097217313 -0.019312291195767339 -0.92474230742965402 -0.026051124785198772
decision_type=2 2 2 2 2 2
left_child=3 2 5 -1 -3 -2
right_child=1 4 -4 -5 -6 -7
leaf_value=0.012497696417442866 0.0025948417645952869 5.7163455472165919e-05 0.0095205821553864655 -0.0012985262229314122 -0.013388387598416499 -0.011453044600578622
leaf_weight=17.716115158051256 0.93837999179959286 1.2067908719182039 5.7466893456876278 2.0411050692200652 19.874258797615767 3.6571792364120501
leaf_count=250 9 7 65 18 524 31
internal_value=-0.000641309 -0.0081245 0.00140389 0.0110785 -0.012651 -0.00863347
internal_weight=51.1805 31.4233 10.3422 19.7572 21.081 4.59556
internal_count=904 636 105 268 531 40
is_linear=0
shrinkage=0.02


Tree=377
num_leaves=7
num_cat=0
split_feature=47 28 29 41 21 28
split_gain=8.11618 7.15375 0.917065 1.06616 0.663577 0.605578
threshold=-0.017096219207920742 0.098987863072906523 0.0040716041297802772 -0.0035756906189161066 -0.014127596694181446 -0.014787535095022194
decision_type=2 2 2 2 10 2
left_child=5 2 -2 -4 -3 -1
right_child=1 4 3 -5 -6 -7
leaf_value=0.0037423975253124916 0.013263428008689451 -0.012209248020695101 -0.0085525585585913052 0.0099407620997882095 0.0032768213599067564 -0.012316577305300646
leaf_weight=0.56976550444960672 19.683306321501739 6.2473620790988207 1.4593487381935122 1.5402016155421723 0.87332160957157512 13.680715879425403
leaf_count=6 213 208 14 11 9 443
internal_value=0.000471913 0.0063695 0.0117616 0.00105457 -0.0101403 -0.0114712
internal_weight=44.054 29.8035 22.6829 2.99955 7.12068 14.2505
internal_count=904 455 238 25 217 449
is_linear=0
shrinkage=0.02


Tree=378
num_leaves=7
num_cat=0
split_feature=28 42 74 44 47 46
split_gain=7.38955 4.36423 2.96789 1.07511 1.389 1.2757
threshold=0.11290454205342343 0.016002451650432133 0.018750000000000003 0.07407757091967207 0.0011485658930781991 0.002138375346397423
decision_type=2 2 2 2 2 2
left_child=2 -2 -1 4 5 -4
right_child=1 -3 3 -5 -6 -7
leaf_value=0.0050184054994248661 -0.0068251503731879591 0.012863258561651356 -0.0084437902139120041 -0.012422692959387034 -0.011142216709459843 0.0097733304387789439
leaf_weight=6.7961713187396553 5.1385720223188427 18.763324037194252 1.4659235775470749 15.103870660066603 3.5514577478170395 3.3464550003409386
leaf_count=47 76 317 21 340 55 18
internal_value=0.000404948 0.00852642 -0.00607682 -0.00936374 -0.00310297 0.00372612
internal_weight=54.1658 23.9019 30.2639 23.4677 8.36384 4.81238
internal_count=874 393 481 434 94 39
is_linear=0
shrinkage=0.02


Tree=379
num_leaves=7
num_cat=0
split_feature=46 18 15 15 42 11
split_gain=10.3769 3.50261 1.48731 1.3683 0.942496 0.654736
threshold=0.038971205791997275 -0.0091989236114220479 0.042779240836650752 0.070516206618957314 0.040041947337738359 -1.5490575099246831
decision_type=2 2 2 2 2 2
left_child=1 4 5 -2 -1 -3
right_child=3 2 -4 -5 -6 -7
leaf_value=0.013117279779932003 -0.012104254722883873 0.0033261487151127205 0.0091498448663929911 0.0043629917202975188 -0.0043802132062996631 -0.011340344959292505
leaf_weight=18.063240926712758 19.567788686603311 1.0716341808438299 1.789197329431772 1.7386213913559903 0.85467078536748786 4.5071735158562651
leaf_count=259 505 12 22 19 15 42
internal_value=-0.000516895 0.00776562 -0.0035901 -0.0106252 0.0121466 -0.00844571
internal_weight=47.5923 26.2859 7.36801 21.3064 18.9179 5.57881
internal_count=874 350 76 524 274 54
is_linear=0
shrinkage=0.02


Tree=380
num_leaves=7
num_cat=0
split_feature=40 47 51 37 24 31
split_gain=8.39359 2.30749 1.56932 0.96952 1.03808 0.558164
threshold=0.020335502331026826 -0.027008229583779676 0.0084140614969912333 0.023441913679200215 0.45000000000000007 -0.01787443152457149
decision_type=2 2 2 2 10 2
left_child=2 -2 -1 4 -3 -4
right_child=1 3 5 -5 -6 -7
leaf_value=-0.012109681446015983 -0.0067471130796150011 0.012353779831113101 -0.0060280742304452285 -0.0056054465506848485 -0.004969320988492113 0.008743730634854667
leaf_weight=15.58131690323353 3.0203213803470161 18.272302966564901 0.77735068462789092 0.87578990682959457 0.97034772671759029 1.7027419116348017
leaf_count=545 53 205 27 6 21 17
internal_value=6.58261e-05 0.00789826 -0.00985638 0.0103123 0.0112779 0.00371198
internal_weight=41.2002 23.1388 18.0614 20.1184 19.2427 2.48009
internal_count=874 285 589 232 226 44
is_linear=0
shrinkage=0.02


Tree=381
num_leaves=7
num_cat=0
split_feature=28 44 15 46 50 28
split_gain=7.66106 3.72827 2.38793 1.78822 2.43051 1.92755
threshold=0.14373778746385865 0.076329722014115683 0.062633350414234512 -0.0052076279289635227 0.012895622244921684 0.022390971334730895
decision_type=2 2 2 2 2 2
left_child=1 3 -2 -1 -5 -6
right_child=2 -3 -4 4 5 -7
leaf_value=-0.010321636964283976 0.012690523599934849 -0.010190180480256892 -0.0088369117134868402 0.014173724511787592 -0.011533350668343332 0.0069788616489363355
leaf_weight=2.5954382643103608 16.762699469923977 21.638736084103584 1.6216438636183728 5.7585363984107936 3.4296724088490009 3.6304117068648338
leaf_count=37 310 422 24 27 48 27
internal_value=0.000203178 -0.00501366 0.0104337 0.00243138 0.00557361 -0.00232925
internal_weight=55.4371 37.0528 18.3843 15.4141 12.8186 7.06008
internal_count=895 561 334 139 102 75
is_linear=0
shrinkage=0.02


Tree=382
num_leaves=7
num_cat=0
split_feature=46 42 18 18 42 10
split_gain=9.67105 3.98961 3.351 1.25658 0.675997 0.618354
threshold=0.0099345188642554916 -1.7457833721610198e-05 -0.015110818462147622 0.037845060942743321 0.051385963426237226 -1.0302206183579301
decision_type=2 2 2 2 2 2
left_child=3 2 -2 4 -1 -3
right_child=1 5 -4 -5 -6 -7
leaf_value=0.012907024180669326 0.011385236447656906 0.0042162911409004107 -0.0092456314619686151 -0.0043413818619801228 -0.0026246777958027771 -0.013173450650006961
leaf_weight=16.625131707638509 6.0396511852741241 0.41326262056827801 4.7360784709453601 1.5847618468105782 0.86982828006148238 18.610270759090781
leaf_count=245 64 3 47 11 9 516
internal_value=-0.000278733 -0.00731387 0.00230257 0.010526 0.0120346 -0.012604
internal_weight=48.879 29.7993 10.7757 19.0797 17.495 19.0235
internal_count=895 630 111 265 254 519
is_linear=0
shrinkage=0.02


Tree=383
num_leaves=7
num_cat=0
split_feature=40 51 31 39 67 41
split_gain=9.29389 2.30528 1.58962 1.39759 0.950904 0.796945
threshold=0.020335502331026826 -0.00089293770010038067 -0.033201624032985037 0.0050493053217591172 0.10424537747813899 0.011109307119058569
decision_type=2 2 2 2 2 2
left_child=3 4 -3 -1 5 -2
right_child=1 2 -4 -5 -6 -7
leaf_value=-0.012667051541506246 -0.010699423812586586 -0.0057857545152042115 0.013715491738744173 0.0019908896109184842 0.0080195423783562241 0.0040585046374639767
leaf_weight=15.292504424229266 3.2746929880231646 1.311604943126446 15.528370987623925 2.8002308271825305 1.8953925613313911 1.5735999420285223
leaf_count=570 61 22 181 26 20 15
internal_value=5.70841e-05 0.00818626 0.0119574 -0.010413 -0.00155896 -0.00603454
internal_weight=41.6764 23.5837 16.84 18.0927 6.74369 4.84829
internal_count=895 299 203 596 96 76
is_linear=0
shrinkage=0.02


Tree=384
num_leaves=7
num_cat=0
split_feature=42 38 19 6 28 14
split_gain=7.31217 6.09117 2.19491 1.7655 1.3453 0.955901
threshold=0.026636157182937787 0.060501921201270674 -0.0069035704040154014 266.1233678528709 0.022390971334730895 -0.048234864968760983
decision_type=2 2 2 2 2 2
left_child=2 4 3 5 -2 -1
right_child=1 -3 -4 -5 -6 -7
leaf_value=0.0037303900600424368 -0.0070888530745563472 -0.010449422119610583 0.0078741584560845686 0.0057392381410207643 0.012356029819096635 -0.012421140888642752
leaf_weight=1.1437225863337612 0.89340063184500351 5.7011282928287974 2.4838190227746955 2.091774269938468 21.934832621365786 19.67744635604322
leaf_count=13 11 112 17 12 343 388
internal_value=-6.78268e-05 0.00677084 -0.00771549 -0.00966406 0.0113295 -0.0114036
internal_weight=53.9261 28.5294 25.3968 22.9129 22.8282 20.8212
internal_count=896 466 430 413 354 401
is_linear=0
shrinkage=0.02


Tree=385
num_leaves=7
num_cat=0
split_feature=50 44 49 14 14 40
split_gain=8.77201 3.23935 1.93023 1.33686 1.19024 0.526801
threshold=0.0088976510795749 0.077496724546692666 -0.047298386532497495 0.092290094437561046 -0.030161374076849403 0.025249341902502775
decision_type=2 2 2 2 2 2
left_child=1 2 -1 -2 -3 -5
right_child=3 4 -4 5 -6 -7
leaf_value=0.0097101199057033488 -0.011840453439900018 -0.0044484279428987908 -0.0090789172674633836 0.0084563082380666767 0.012582033882893005 -0.0060893754683902755
leaf_weight=2.2588022649288177 18.536511423066262 1.3131462447345281 5.9315536227077263 1.5034546777606004 17.385132770985365 0.75905114412307728
leaf_count=25 480 28 67 23 255 18
internal_value=-0.000639132 0.00680366 -0.0034044 -0.0101318 0.0112209 0.00320565
internal_weight=47.6877 26.8886 8.19036 20.799 18.6983 2.26251
internal_count=896 375 92 521 283 41
is_linear=0
shrinkage=0.02


Tree=386
num_leaves=7
num_cat=0
split_feature=47 28 53 28 18 50
split_gain=8.75491 6.63576 0.589067 0.588337 0.539356 0.501411
threshold=-0.017096219207920742 0.08854319761516552 0.016411025781356621 0.20679970082159663 0.095802610820299242 0.0083438431466148748
decision_type=2 2 2 2 2 2
left_child=4 5 -3 -4 -1 -2
right_child=1 2 3 -5 -6 -7
leaf_value=-0.012566672223188833 0.0015111976405326225 -0.011452825847264116 0.007694307660810612 -0.0072015524533771648 0.0039725590753659041 0.013817219089023378
leaf_weight=13.154504664242264 1.7014110498130381 5.1601546891033641 1.130317881703377 1.113960927352309 0.39360993541777212 18.720568265765905
leaf_count=444 19 166 6 42 3 216
internal_value=0.00082227 0.00718723 -0.0082556 0.000359871 -0.0118461 0.0129104
internal_weight=41.3745 27.8264 7.40443 2.24428 13.5481 20.422
internal_count=896 449 214 48 447 235
is_linear=0
shrinkage=0.02


Tree=387
num_leaves=7
num_cat=0
split_feature=14 38 42 9 40 34
split_gain=8.01635 4.82431 3.29315 2.34277 1.09797 0.679624
threshold=0.037088223916494946 0.066385877602505625 -1.0000000180025095e-35 65.960859379865084 0.060630059258133966 0.037825141662249262
decision_type=2 2 2 2 2 2
left_child=1 2 3 5 -4 -1
right_child=-2 -3 4 -5 -6 -7
leaf_value=-0.011883789234942588 -0.011198351516573881 -0.010111977620236953 0.012825519809270053 0.011701156053661951 -0.005489762144064568 0.0035589734274738449
leaf_weight=4.6772418878972521 15.756390901282428 5.884731624275445 23.195611357688911 2.2251776233315468 0.85263171046972175 0.93874753266572941
leaf_count=68 336 115 334 12 14 6
internal_value=0.000367862 0.00535676 0.00843195 -0.00258211 0.0119829 -0.00915467
internal_weight=53.5305 37.7741 31.8894 7.84117 24.0482 5.61599
internal_count=885 549 434 86 348 74
is_linear=0
shrinkage=0.02


Tree=388
num_leaves=7
num_cat=0
split_feature=42 47 14 18 47 50
split_gain=9.32577 3.09174 2.81104 1.24455 0.890776 0.620337
threshold=-1.0000000180025095e-35 -0.014477130865979652 0.077058241601184019 -0.015110818462147622 -0.074935369835782764 0.016130320508044433
decision_type=2 2 2 2 2 2
left_child=1 -1 4 -3 -2 -4
right_child=2 3 5 -5 -6 -7
leaf_value=0.011816737301300714 0.0030830271722607269 0.0064490776746359392 0.010422370484760359 -0.01127408153926924 -0.012927996993108412 -0.0044845091005828201
leaf_weight=19.435642402619127 1.1263694576919139 1.7264428958296774 2.5021082535386081 3.2027783282101145 18.464224852621555 0.96338839083909977
leaf_count=283 12 13 25 38 489 25
internal_value=-0.0001177 0.00834553 -0.00903648 -0.00502586 -0.0119024 0.0062021
internal_weight=47.421 24.3649 23.0561 4.92922 19.5906 3.4655
internal_count=885 334 551 51 501 50
is_linear=0
shrinkage=0.02


Tree=389
num_leaves=7
num_cat=0
split_feature=38 67 45 40 28 46
split_gain=9.202 1.71027 1.69879 1.35637 1.25958 0.855306
threshold=0.038991839640575052 0.089284734997482365 0.027176900559986967 0.010947436055001388 0.11955350104600689 0.048192156076165858
decision_type=2 2 2 2 2 2
left_child=1 -1 3 -3 5 -2
right_child=4 2 -4 -5 -6 -7
leaf_value=-0.012861690463445064 -0.0012571471288713855 -0.0081768359493104431 -0.010103653535435131 0.010223484459381448 -0.0067608917336415587 0.013408029694436371
leaf_weight=13.150566950440409 1.5940651446580894 1.4439651444554309 4.3721206169575453 4.2488387953490019 0.94304638542234975 14.262350533157585
leaf_count=431 14 55 138 35 23 189
internal_value=-0.000350129 -0.00836658 -0.00186179 0.0050319 0.0105756 0.0119466
internal_weight=40.015 23.2155 10.0649 5.6928 16.7995 15.8564
internal_count=885 659 228 90 226 203
is_linear=0
shrinkage=0.02


Tree=390
num_leaves=7
num_cat=0
split_feature=28 44 46 47 37 28
split_gain=6.57011 3.65323 1.83825 2.49264 1.26148 0.933063
threshold=0.16133876962762525 0.077017442196986835 1.0000000180025095e-35 0.0011485658930781991 -0.0081596104747097119 0.086908624704955598
decision_type=2 2 2 2 2 2
left_child=1 2 -1 -4 -5 -3
right_child=-2 5 3 4 -6 -7
leaf_value=-0.0092918147514498787 0.011580052260811258 -0.011734275708283145 0.013529197913629892 -0.0093292161113945858 0.007323178515920248 -0.0031030401223535826
leaf_weight=2.6978081166744223 14.882275581359862 13.872271245345475 7.5569501444697362 3.6360947899520388 2.0771463364362726 8.964498979970811
leaf_count=39 305 311 38 48 21 133
internal_value=0.000716343 -0.00363632 0.00357689 0.00666088 -0.00308594 -0.00861843
internal_weight=53.687 38.8048 15.968 13.2702 5.71324 22.8368
internal_count=895 590 146 107 69 444
is_linear=0
shrinkage=0.02


Tree=391
num_leaves=7
num_cat=0
split_feature=46 18 46 2 14 44
split_gain=10.0257 3.79284 1.63113 1.3023 1.05835 0.640157
threshold=0.042158900029689812 -0.0091989236114220479 -1.0000000180025095e-35 0.28341924398625434 -0.030161374076849403 0.10939350938506699
decision_type=2 2 2 2 2 2
left_child=1 4 -3 5 -1 -2
right_child=3 2 -4 -5 -6 -7
leaf_value=-0.0058406243062783516 -0.0066135798554543155 0.0066037391517848043 -0.010162962891738079 -0.012783965027097468 0.013020019700024888 0.0084547977638509721
leaf_weight=0.72014763951302185 1.1448070090264111 2.9192848764359951 4.9978225193917742 17.619070058688521 18.097542326897383 1.4268902055919168
leaf_count=19 14 32 52 489 273 16
internal_value=-0.000587611 0.00733843 -0.00393331 -0.0109336 0.0120399 0.00177339
internal_weight=46.9256 26.7348 7.91711 20.1908 18.8177 2.5717
internal_count=895 376 84 519 292 30
is_linear=0
shrinkage=0.02


Tree=392
num_leaves=7
num_cat=0
split_feature=41 28 47 48 28 26
split_gain=8.15466 3.11165 1.33694 1.13139 0.725061 0.672
threshold=-0.0013483051659850872 0.019314206998105394 -0.031128159869344061 0.024701037045776735 0.11290454205342343 -0.00068216223170342028
decision_type=2 2 2 2 2 2
left_child=1 3 -2 5 -4 -1
right_child=2 -3 4 -5 -6 -7
leaf_value=0.0062669371769713622 -0.0062299720017374169 -0.01145216323159283 0.013297631672867785 0.0099176965145028693 -0.0022596183386051605 -0.010441157315722935
leaf_weight=0.67671063542366061 1.1516775861382491 18.150815660133958 13.706604849547142 3.9258203767240047 1.0144631322473294 1.7450663894414926
leaf_count=5 20 615 166 40 11 38
internal_value=-0.000266202 -0.0073973 0.0105262 0.0041781 0.01215 -0.00530538
internal_weight=40.3712 24.4984 15.8727 6.3476 14.7211 2.42178
internal_count=895 698 197 83 177 43
is_linear=0
shrinkage=0.02


Tree=393
num_leaves=7
num_cat=0
split_feature=28 44 41 46 30 50
split_gain=6.44563 3.42238 1.78132 2.87357 1.52148 1.18645
threshold=0.14042933558932616 0.077017442196986835 0.004995613885987499 0.002138375346397423 -0.017086990654631411 0.0083438431466148748
decision_type=2 2 2 2 2 2
left_child=1 2 3 -1 -2 -5
right_child=4 -3 -4 5 -6 -7
leaf_value=-0.0090591716816708964 -0.0034101073101240466 -0.0099374513443451443 -0.0093083329686832212 0.017088464144803254 0.012559536486459756 0.0020739074983219304
leaf_weight=2.8930625021457663 2.3895370848476913 19.402525639161468 2.9609397873282424 5.0243761241435987 14.226630974560974 3.7128245271742344
leaf_count=39 41 400 51 20 295 33
internal_value=0.000339378 -0.00463413 0.00260298 0.00613236 0.0101998 0.0115764
internal_weight=50.6099 33.9937 14.5912 11.6303 16.6162 8.7372
internal_count=879 543 143 92 336 53
is_linear=0
shrinkage=0.02


Tree=394
num_leaves=7
num_cat=0
split_feature=30 14 47 47 14 45
split_gain=8.32669 2.44937 2.1371 1.26083 1.22617 0.716315
threshold=-1.0000000180025095e-35 -0.028077456079759793 -0.044446194424006845 -0.0058541431732031931 0.017937086023635297 0.12237946680191607
decision_type=2 2 2 2 2 2
left_child=1 -1 4 -3 -2 -4
right_child=2 3 5 -5 -6 -7
leaf_value=-0.0083639993727330463 -0.0061668395317275287 0.012634679485828979 -0.01252713640724362 -0.0034880893358475778 0.010198245384560543 0.0027399207981867548
leaf_weight=2.2761357892304686 2.7165485527366426 16.609844319522388 17.12668479420245 1.7549474481493188 2.6762041188776493 0.97198242694139381
leaf_count=48 56 255 448 18 35 19
internal_value=-0.000478975 0.00857097 -0.00845606 0.0109934 0.00227937 -0.0116067
internal_weight=44.1323 20.6409 23.4914 18.3648 5.39275 18.0987
internal_count=879 321 558 273 91 467
is_linear=0
shrinkage=0.02


Tree=395
num_leaves=7
num_cat=0
split_feature=41 28 50 47 28 51
split_gain=8.19483 2.14916 1.61078 1.13687 0.800493 0.564983
threshold=-0.0013483051659850872 0.01640268108632326 0.012895622244921684 -0.026051124785198772 0.11290454205342343 0.0087216659014079673
decision_type=2 2 2 2 2 2
left_child=1 2 -1 -2 -5 -3
right_child=3 5 -4 4 -6 -7
leaf_value=-0.0092793218205855753 -0.0036683168868976417 -0.011998992070039927 0.011235429901457405 0.013609775827176811 -0.0024663572551703698 -0.00045572132567742385
leaf_weight=1.5508193969726587 1.5546538885682828 15.371663389727475 3.0228789802640676 13.313437823206181 1.0499026812613017 1.9821940306574095
leaf_count=33 21 569 32 170 12 42
internal_value=0.000105598 -0.00768829 0.00386259 0.0106618 0.0123506 -0.0107772
internal_weight=37.8456 21.9276 4.5737 15.918 14.3633 17.3539
internal_count=879 676 65 203 182 611
is_linear=0
shrinkage=0.02


Tree=396
num_leaves=7
num_cat=0
split_feature=28 44 8 28 32 46
split_gain=6.82664 3.68546 1.75415 1.28957 1.22554 1.09198
threshold=0.14373778746385865 0.077017442196986835 0.3936621486784459 -0.0079201708901896258 0.093417304681933058 0.0077363840537427739
decision_type=2 2 2 2 2 2
left_child=1 2 -1 -4 -3 -2
right_child=5 4 3 -5 -6 -7
leaf_value=-0.0052994707442267832 -0.0016414398366338815 -0.011264313241636466 -0.0075647710013985337 0.010817873722627198 0.0036885532564603185 0.012667665901641185
leaf_weight=5.3998360335826865 2.2244883589446571 18.307553468272094 1.0929745733737934 8.1866680867969972 1.9960977416485537 14.572381306439636
leaf_count=59 31 399 17 60 30 311
internal_value=0.000666341 -0.00435769 0.00316539 0.00812746 -0.00969013 0.0107869
internal_weight=51.78 34.9831 14.6795 9.27964 20.3037 16.7969
internal_count=907 565 136 77 429 342
is_linear=0
shrinkage=0.02


Tree=397
num_leaves=7
num_cat=0
split_feature=46 2 44 50 16 0
split_gain=9.36427 2.93365 0.971022 1.29434 0.819766 0.708504
threshold=0.0099345188642554916 0.24849397590361447 0.13342876825054348 0.0077228462228312892 0.056327132331911119 0.11077027948193593
decision_type=2 2 2 2 2 2
left_child=4 -2 -3 -4 5 -1
right_child=1 2 3 -5 -6 -7
leaf_value=-0.001020264210222942 0.0071180108365821613 -0.012386992261286308 0.0084007646110805644 -0.0091190745070346794 -0.0041423563573228309 0.012825320360333289
leaf_weight=1.4763674698770106 3.787235893309119 18.947060905396942 1.9340499080717553 3.0320137310773134 0.95112508162856002 14.69102682545781
leaf_count=10 47 471 22 106 9 242
internal_value=-0.000752852 -0.0078441 -0.0104043 -0.00203149 0.0105215 0.0115752
internal_weight=44.8189 27.7004 23.9131 4.96606 17.1185 16.1674
internal_count=907 646 599 128 261 252
is_linear=0
shrinkage=0.02


Tree=398
num_leaves=7
num_cat=0
split_feature=40 38 38 17 21 55
split_gain=8.44931 2.17399 1.78797 0.941553 0.704472 0.17166
threshold=0.020335502331026826 0.018116670719786829 0.10063666693797427 0.084303506159469341 0.030543090981720592 0.49605104198127464
decision_type=2 2 2 2 10 2
left_child=2 3 5 -2 -3 -1
right_child=1 4 -4 -5 -6 -7
leaf_value=-0.012721489661310113 0.0056090610297877342 0.012527615680336387 0.0076704971380485458 -0.0090887541354630706 -0.00058453414502248268 0.00099799693879500757
leaf_weight=14.931784156709909 2.2012378722429302 15.208695745095612 1.3112037070095528 3.001964645460248 1.726757414638995 0.23028509411960918
leaf_count=587 15 199 14 69 17 6
internal_value=-1.7031e-05 0.00791081 -0.0105144 -0.00296894 0.0112326 -0.0124643
internal_weight=38.6119 22.1387 16.4733 5.2032 16.9355 15.1621
internal_count=907 300 607 84 216 593
is_linear=0
shrinkage=0.02


Tree=399
num_leaves=7
num_cat=0
split_feature=42 38 15 34 44 18
split_gain=6.57096 5.99344 1.62397 1.31816 1.0708 1.04068
threshold=-1.7457833721610198e-05 0.060501921201270674 0.070516206618957314 -0.014666347888682483 0.062993750448413502 0.081519274825772828
decision_type=2 2 2 2 2 2
left_child=4 2 3 -2 -1 -5
right_child=1 -3 -4 5 -6 -7
leaf_value=-0.00019158063038532462 -0.0066462109696924848 -0.010296297071705082 -0.0079222468116622331 0.012617874894839527 -0.01197005520863275 -0.0048953768223944259
leaf_weight=4.0451785847544697 1.0269569084048331 6.6384685523807994 1.2722398005425919 24.45971288904548 12.503134230151771 0.93189211189746757
leaf_count=35 14 152 22 380 285 10
internal_value=0.00075311 0.00570828 0.00977028 0.0108802 -0.00926584 0.011814
internal_weight=50.8776 34.3293 27.6908 26.4186 16.5483 25.3916
internal_count=898 578 426 404 320 390
is_linear=0
shrinkage=0.02


Tree=400
num_leaves=7
num_cat=0
split_feature=46 15 17 46 57 2
split_gain=8.70283 3.0589 1.08785 0.961324 0.793845 0.627522
threshold=0.0099345188642554916 0.041988979223242039 0.083067940552016994 0.078356685644693919 0.10652778599751436 0.45738498789346255
decision_type=2 2 2 2 2 2
left_child=2 4 -1 -3 -2 -4
right_child=1 3 5 -5 -6 -7
leaf_value=-0.003437086257200705 0.0014753420166234419 0.011123017459945992 0.012699243500083023 -0.0067387917543676491 -0.011544408012945578 -0.0011428656049630164
leaf_weight=1.7195767760276819 1.8179345801472724 3.35765367001295 14.770549654960634 0.90583235397934903 20.713600732386112 1.2571326605975617
leaf_count=12 32 43 247 16 534 14
internal_value=-0.000494902 -0.00758719 0.0100466 0.00676876 -0.0104759 0.0116102
internal_weight=44.5423 26.795 17.7473 4.26349 22.5315 16.0277
internal_count=898 625 273 59 566 261
is_linear=0
shrinkage=0.02


Tree=401
num_leaves=7
num_cat=0
split_feature=40 50 28 38 38 71
split_gain=7.71931 2.56168 1.97845 1.37807 0.766551 0.552709
threshold=0.020335502331026826 0.0083438431466148748 0.11157489198703682 0.10063666693797427 0.069631348789745376 46.486372981111181
decision_type=2 2 2 2 2 2
left_child=3 4 5 -1 -2 -3
right_child=1 2 -4 -5 -6 -7
leaf_value=-0.011847271815057153 -0.010893022660371215 0.013743070902366008 -0.0085904784800101882 0.0059768461790645671 0.0061962226030270245 -0.00020899690815031835
leaf_weight=15.41774256154895 2.6916461475193532 14.523219907656314 1.2486458811908949 1.3337993137538422 0.72329893708229054 1.1933471970260132
leaf_count=596 59 182 27 15 6 13
internal_value=-0.000433513 0.00767189 0.0107742 -0.0101713 -0.00668983 0.0127346
internal_weight=37.1317 20.3802 16.9652 16.7515 3.41495 15.7166
internal_count=898 287 222 611 65 195
is_linear=0
shrinkage=0.02


Tree=402
num_leaves=7
num_cat=0
split_feature=10 46 38 38 15 40
split_gain=5.24681 2.07516 2.68866 2.03669 1.55913 1.50787
threshold=1.432975467418065 0.0066735948092799752 0.057463375336035953 0.076388500640897958 0.062633350414234512 0.045187630759657621
decision_type=2 2 2 2 2 2
left_child=1 -1 4 -2 5 -3
right_child=3 2 -4 -5 -6 -7
leaf_value=-0.011698303110656214 0.010564742150795373 0.0089181929428093169 -0.011314222556639327 -0.0083531296349701727 -0.00905514074777263 -0.0076356170043811135
leaf_weight=9.9433954674750584 17.216862786561254 11.347275100648405 6.0028360448777667 1.8498880229890335 2.3770110327750436 1.8750764485448588
leaf_count=233 315 109 144 30 45 23
internal_value=0.000367805 -0.00459871 -0.000957808 0.0084045 0.00346899 0.00619886
internal_weight=50.6123 31.5456 21.6022 19.0668 15.5994 13.2224
internal_count=899 554 321 345 177 132
is_linear=0
shrinkage=0.02


Tree=403
num_leaves=7
num_cat=0
split_feature=42 14 18 16 2 38
split_gain=8.8973 2.54979 2.18387 1.4989 0.54155 0.439644
threshold=-1.0000000180025095e-35 0.077058241601184019 -0.0099576051691529482 -0.022945482497334409 0.21231060606060609 0.015397017731305746
decision_type=2 2 2 2 2 2
left_child=2 4 -1 -4 -2 -3
right_child=1 5 3 -5 -6 -7
leaf_value=0.012153770133749214 0.0018449043883208183 0.0098742780480925961 0.0085605175539026912 -0.0087319334033944523 -0.012654894481847111 -0.0033565098805169087
leaf_weight=16.04432920739055 0.84022134542465821 2.1770090349018569 2.5268512368202209 3.6814654655754557 17.586238978430629 0.87686000578105439
leaf_count=262 5 26 29 39 520 18
internal_value=-0.000229687 -0.00919652 0.0084492 -0.00148253 -0.0119328 0.00618446
internal_weight=43.733 21.4803 22.2526 6.20832 18.4265 3.05387
internal_count=899 569 330 68 525 44
is_linear=0
shrinkage=0.02


Tree=404
num_leaves=7
num_cat=0
split_feature=40 50 28 30 54 48
split_gain=8.49671 2.42659 1.58319 1.0353 0.721652 0.571465
threshold=0.020335502331026826 0.009364992800828047 0.08854319761516552 0.10099969905744187 0.34445943530868744 0.010390275113362024
decision_type=2 2 2 2 2 2
left_child=3 4 -3 -1 -2 -4
right_child=1 2 5 -5 -6 -7
leaf_value=-0.012338189821504187 0.004347847767012099 0.013382623405214409 0.0069822868070140154 0.0029786931675026486 -0.010875524235271484 -0.0080955571103754845
leaf_weight=14.601953097619118 1.2994255069643288 14.868936073035004 0.67915951460599844 1.6015320941805828 2.3230554144829512 1.7061651386320589
leaf_count=567 19 197 4 39 44 29
internal_value=-0.000228692 0.008047 0.011076 -0.0107391 -0.00565549 -0.00300814
internal_weight=37.0802 20.8767 17.2543 16.2035 3.62248 2.38532
internal_count=899 293 230 606 63 33
is_linear=0
shrinkage=0.02


Tree=405
num_leaves=7
num_cat=0
split_feature=14 44 27 41 46 38
split_gain=5.90698 2.84826 1.52433 1.50925 1.72654 1.18271
threshold=-0.036578905016491491 0.072693103800117453 -0.18058732991397661 0.004995613885987499 -0.0052076279289635227 0.060501921201270674
decision_type=2 2 2 2 2 2
left_child=5 3 -3 4 -2 -1
right_child=1 2 -4 -5 -6 -7
leaf_value=0.013132574017622762 -0.006506093280988088 0.0074865736877992774 -0.0098279109426704127 -0.0086916653817128101 0.010450916592906713 -0.0043027570314327261
leaf_weight=12.009120956063269 2.4652858376502982 1.5269982665777195 19.929240936413411 2.4915582835674277 8.4075505062937719 1.2884162943810213
leaf_count=255 33 27 448 47 56 18
internal_value=0.000400039 -0.00394598 -0.00831716 0.0031623 0.00638197 0.0112605
internal_weight=48.1182 34.8206 21.4562 13.3644 10.8728 13.2975
internal_count=884 611 475 136 89 273
is_linear=0
shrinkage=0.02


Tree=406
num_leaves=7
num_cat=0
split_feature=42 18 46 46 10 44
split_gain=9.13417 3.09924 1.77095 1.18926 0.602306 0.598556
threshold=0.013201836162079865 -0.00340431624988291 0.002138375346397423 0.0066735948092799752 2.1275321953734481 0.12712824465270992
decision_type=2 2 2 2 2 2
left_child=1 4 -3 -2 -1 -4
right_child=3 2 5 -5 -6 -7
leaf_value=0.013024749807283362 0.0020642170811740867 0.0097112128643307982 -0.012027463691629743 -0.012583235665505515 -0.00219078690254562 0.0034487508960025699
leaf_weight=15.646814567968253 2.2535365894436863 1.9717141464352597 4.0639350861310959 15.967119265347717 0.8274092301726349 0.77372265979647625
leaf_count=265 25 21 46 510 5 12
internal_value=-0.000468149 0.00769601 -0.0033204 -0.0107585 0.0121789 -0.00938547
internal_weight=41.5043 23.2836 6.80937 18.2207 16.4742 4.83766
internal_count=884 349 79 535 270 58
is_linear=0
shrinkage=0.02


Tree=407
num_leaves=7
num_cat=0
split_feature=41 38 76 38 66 47
split_gain=7.41709 2.90729 1.04451 0.861432 0.547234 0.50743
threshold=0.0021252109994881756 0.066385877602505625 0.092500000000000013 0.002484236894325875 0.19363283229184261 0.043578704867871298
decision_type=2 2 2 2 2 2
left_child=1 2 -1 -2 5 -4
right_child=3 -3 4 -5 -6 -7
leaf_value=0.0051946066588446325 -0.0031515340393256852 0.0083271446433999027 -0.012860110353621392 0.012585552023126256 0.0039412797170869374 -0.00048095003907529287
leaf_weight=1.1170045090839327 1.1562474146485318 3.3684884048998347 15.728894368745392 12.526109918951986 0.4682312123477449 1.5246601291000832
leaf_count=10 14 44 597 185 5 29
internal_value=6.75421e-06 -0.0070318 -0.0100594 0.0111316 -0.0112469 -0.0118525
internal_weight=35.8896 22.2073 18.8388 13.6824 17.7218 17.2536
internal_count=884 685 641 199 631 626
is_linear=0
shrinkage=0.02


Tree=408
num_leaves=7
num_cat=0
split_feature=42 28 37 42 28 32
split_gain=6.32194 1.90624 1.86493 1.72888 2.35729 1.45744
threshold=0.048169184565967881 0.031415309313742389 -0.0036131693093391644 0.013201836162079865 0.086908624704955598 0.052170918879033225
decision_type=2 2 2 2 2 2
left_child=2 -2 3 -1 5 -5
right_child=1 -3 -4 4 -6 -7
leaf_value=-0.01118869741232559 -0.008009907879074761 0.012290528228585536 0.0041612841318367129 -0.011899256847759587 0.010469785404634937 0.0068608470141848137
leaf_weight=15.210424905642869 1.4028024654835487 14.963941996917127 6.8432114310562602 5.3148498032242042 3.741077646613121 1.5072522871196268
leaf_count=319 38 314 97 102 37 10
internal_value=0.000398556 0.0101895 -0.00467141 -0.00708443 -0.000717976 -0.00740723
internal_weight=48.9836 16.3667 32.6168 25.7736 10.5632 6.8221
internal_count=917 352 565 468 149 112
is_linear=0
shrinkage=0.02


Tree=409
num_leaves=7
num_cat=0
split_feature=46 42 18 18 42 2
split_gain=8.22451 3.50457 2.42267 0.984725 0.757208 0.511942
threshold=0.0099345188642554916 -1.7457833721610198e-05 -0.015110818462147622 0.037845060942743321 0.051385963426237226 0.2440442427680091
decision_type=2 2 2 2 2 2
left_child=3 2 -2 4 -1 -3
right_child=1 5 -4 -5 -6 -7
leaf_value=0.012840162977604175 0.010396657061912361 0.00045014243833009206 -0.0085324421297634685 -0.0047499214237611302 -0.003221742391524941 -0.013158008261336505
leaf_weight=14.266944073140621 5.4440612010657787 1.113263957202437 3.7132742516696471 1.0576718933880318 0.88622529432177621 16.009426822885871
leaf_count=249 65 6 47 8 11 531
internal_value=-0.000365562 -0.0071876 0.00263661 0.0104689 0.0117595 -0.0122972
internal_weight=42.4909 26.28 9.15734 16.2108 15.1532 17.1227
internal_count=917 649 112 268 260 537
is_linear=0
shrinkage=0.02


Tree=410
num_leaves=7
num_cat=0
split_feature=40 47 10 47 30 29
split_gain=7.23926 2.84177 0.991325 0.935508 0.919395 0.515457
threshold=0.020335502331026826 -0.027008229583779676 1.4420765116137755 0.030405945779715744 0.079129954629170177 -0.010732767705110042
decision_type=2 2 2 2 2 2
left_child=3 -2 -3 -1 -4 -5
right_child=1 2 4 5 -6 -7
leaf_value=-0.012287759320865944 -0.0085467424381557196 0.012952932620728712 -0.0064699992540300311 0.0059908898397882902 0.0088356196425063947 -0.0072515257661559139
leaf_weight=12.649137694388626 3.0006858389824655 13.519885819405319 2.0853736735880366 1.7122290302067997 2.2353791575878859 1.076870840974151
leaf_count=550 64 182 27 21 34 39
internal_value=-0.000107905 0.00744032 0.0104402 -0.0101306 0.00162086 0.000313579
internal_weight=36.2796 20.8413 17.8406 15.4382 4.32075 2.7891
internal_count=917 307 243 610 61 60
is_linear=0
shrinkage=0.02


Tree=411
num_leaves=7
num_cat=0
split_feature=28 44 42 28 64 46
split_gain=6.30297 2.45455 1.41749 1.29811 1.2737 1.47339
threshold=0.15492383431228704 0.077017442196986835 0.031135710631233313 0.086908624704955598 0.22055563641248979 -0.0052076279289635227
decision_type=2 2 2 2 2 2
left_child=1 4 -3 -4 -1 -6
right_child=-2 2 3 -5 5 -7
leaf_value=-0.0094938781507502932 0.01107687122769699 -0.012890732585021006 -0.0080922201054094232 0.0081056295598885553 -0.0091359256888556614 0.0072879127449231871
leaf_weight=2.4230554457753888 13.282270418480037 12.703609678894283 3.4891195464879265 2.5516823753714561 1.8201442025601853 10.062941418960689
leaf_count=30 307 332 83 20 30 91
internal_value=-7.65212e-05 -0.00475249 -0.00932861 -0.00107066 0.00146105 0.00425838
internal_weight=46.3328 33.0506 18.7444 6.0408 14.3061 11.8831
internal_count=893 586 435 103 151 121
is_linear=0
shrinkage=0.02


Tree=412
num_leaves=7
num_cat=0
split_feature=42 17 46 2 2 2
split_gain=8.15924 2.34027 2.17761 0.930226 0.720842 0.681063
threshold=-1.0000000180025095e-35 0.08951465201465203 0.0066735948092799752 0.47092630155510484 0.23317152103559874 0.16557017543859651
decision_type=2 2 2 2 2 2
left_child=1 5 -2 -3 -4 -1
right_child=2 3 4 -5 -6 -7
leaf_value=0.0066409781060959181 0.005163999524093005 0.012759817568184187 0.0029656635270204198 -0.0025591137478672399 -0.013029680555937536 -0.0086708054902704407
leaf_weight=0.792423777282241 2.9382135383784798 15.46040064841509 0.85255908966064708 1.4203072749078263 15.516918141394852 3.0608558971434832
leaf_count=6 35 278 5 16 521 32
internal_value=-0.000215604 0.00830636 -0.00932549 0.0113999 -0.0120738 -0.00480241
internal_weight=40.0417 20.734 19.3077 16.8807 16.3695 3.85328
internal_count=893 332 561 294 526 38
is_linear=0
shrinkage=0.02


Tree=413
num_leaves=7
num_cat=0
split_feature=40 50 38 28 71 38
split_gain=7.87383 2.41001 1.23806 0.983691 0.618388 0.57757
threshold=0.020335502331026826 0.0083438431466148748 0.064181334306981905 0.08854319761516552 -30.144521557071958 0.069631348789745376
decision_type=2 2 2 2 2 2
left_child=2 5 -1 -3 -5 -2
right_child=1 3 -4 4 -6 -7
leaf_value=-0.012216236816156087 -0.01048286063729446 0.012844754192444364 0.0043682617728938705 -0.0082644509616320548 0.0072788751770788878 0.0053435462132655244
leaf_weight=13.282326689921318 2.3224873375147612 15.02132390253246 1.551032606512307 1.1597779728472235 0.96154475398361583 0.57463971525430668
leaf_count=573 51 211 18 27 8 5
internal_value=0.000347634 0.00835577 -0.0103157 0.011146 -0.00114424 -0.00677807
internal_weight=34.8731 20.0398 14.8334 17.1426 2.12132 2.89713
internal_count=893 302 591 246 35 56
is_linear=0
shrinkage=0.02


Tree=414
num_leaves=7
num_cat=0
split_feature=14 28 47 44 42 54
split_gain=5.38414 3.70668 2.14432 1.44122 1.12494 0.743372
threshold=0.037088223916494946 0.062516793501303639 0.0011485658930781991 0.080894462048743898 0.013201836162079865 0.35872876237493773
decision_type=2 2 2 2 2 2
left_child=1 2 3 5 -3 -1
right_child=-2 4 -4 -5 -6 -7
leaf_value=-0.0012876217571928157 -0.0093287024612581058 -0.00076917059339179166 -0.011769584623304914 -0.0069749505250684112 0.012259239044224615 0.013287984045617072
leaf_weight=1.7841507606208304 13.972295770421622 2.9810798875987556 5.3127024360001087 2.6314308047294617 16.802339442074299 3.5516434982419014
leaf_count=14 328 30 126 44 323 17
internal_value=0.000682393 0.00506266 -0.00299229 0.0035204 0.0103535 0.00898028
internal_weight=47.0356 33.0633 13.2799 7.96723 19.7834 5.33579
internal_count=882 554 201 75 353 31
is_linear=0
shrinkage=0.02


Tree=415
num_leaves=7
num_cat=0
split_feature=46 14 42 18 46 44
split_gain=7.78958 3.2646 1.30417 1.52275 1.04991 0.470349
threshold=0.00072863773870476833 0.077058241601184019 -1.0000000180025095e-35 -0.015110818462147622 0.062297527219252115 0.12712824465270992
decision_type=2 2 2 2 2 2
left_child=-1 2 3 -2 -3 -5
right_child=1 4 -4 5 -6 -7
leaf_value=0.011574629736297658 0.0073719819587728845 0.011249471498356808 -0.012937189244871085 -0.011907271806274855 -0.0069160096458824854 0.002175076263545074
leaf_weight=12.603157263249157 2.9175990223884583 3.8823531046509734 15.843901548534634 3.3782540187239674 0.96649911813437928 0.86017419211566437
leaf_count=225 27 62 502 32 23 11
internal_value=-0.000925029 -0.00678697 -0.00988 -0.00235489 0.00706524 -0.00917967
internal_weight=40.4519 27.8488 22.9999 7.15603 4.84885 4.23843
internal_count=882 657 572 70 85 43
is_linear=0
shrinkage=0.02


Tree=416
num_leaves=7
num_cat=0
split_feature=40 31 40 29 11 50
split_gain=6.97946 1.84212 1.04459 0.836932 0.659928 0.636153
threshold=0.020335502331026826 -0.019956836359879999 0.045948685896307545 -0.044377150320233559 0.82741694274292865 0.053181661544332556
decision_type=2 2 2 2 2 2
left_child=3 2 -2 -1 -3 -5
right_child=1 4 -4 5 -6 -7
leaf_value=0.0025120435525135937 -0.0088220946765100727 0.012751359037573519 0.0065001896521306151 -0.012140046748692544 -0.00048699585144962098 0.0042869130232796541
leaf_weight=1.6437869556248177 2.8995144153013852 12.827203484252093 2.3266871310770512 12.996068820357319 1.6095896139740933 0.53249255660921413
leaf_count=41 71 184 23 540 16 7
internal_value=0.000155294 0.00785302 -0.00205226 -0.0096895 0.0113395 -0.0112429
internal_weight=34.8353 19.663 5.2262 15.1723 14.4368 13.5286
internal_count=882 294 94 588 200 547
is_linear=0
shrinkage=0.02


Tree=417
num_leaves=7
num_cat=0
split_feature=14 38 46 26 34 66
split_gain=6.23066 3.82223 2.233 1.14037 0.841926 0.795338
threshold=0.037088223916494946 0.066385877602505625 1.0000000180025095e-35 0.050894822048487283 -0.01011388383120145 0.18890487322424027
decision_type=2 2 2 2 2 2
left_child=1 2 -1 4 -4 -6
right_child=-2 -3 3 -5 5 -7
leaf_value=-0.006382279825080427 -0.010455656079009709 -0.0096996822399640827 -0.0048784145296858665 -0.0052576166449372205 0.012371135364124408 -0.0046828622143126669
leaf_weight=3.1590451709926155 14.055316612124441 5.0474300254136315 0.77046543918550625 1.2909748442471016 21.884853463619951 0.65693315863609214
leaf_count=52 347 112 15 18 357 7
internal_value=0.000251849 0.00501241 0.00793144 0.0099468 0.0109704 0.0116963
internal_weight=46.865 32.8097 27.7623 24.6032 23.3123 22.5418
internal_count=908 561 449 397 379 364
is_linear=0
shrinkage=0.02


Tree=418
num_leaves=7
num_cat=0
split_feature=42 18 15 47 50 15
split_gain=7.53773 3.12946 1.94094 1.39921 0.840139 0.436521
threshold=-1.0000000180025095e-35 -0.0099576051691529482 0.070516206618957314 -0.020875325874754967 -0.001764693880439991 -0.0041079788718529301
decision_type=2 2 2 2 2 2
left_child=1 5 4 -3 -2 -1
right_child=2 3 -4 -5 -6 -7
leaf_value=-0.00067352317825128806 0.0024855608377292913 0.0064076780678032318 0.0071997520342764031 -0.01082695093017434 -0.012527727581017872 0.013013494211628656
leaf_weight=0.8905817680060889 1.3046946413815081 2.3187238164246082 1.8916154801845539 3.6429093759506932 16.098039133474231 14.311803128570316
leaf_count=10 23 28 24 40 522 261
internal_value=-0.000450301 0.00762423 -0.00924652 -0.00416615 -0.0113283 0.0122196
internal_weight=40.4584 21.164 19.2943 5.96163 17.4027 15.2024
internal_count=908 339 569 68 545 271
is_linear=0
shrinkage=0.02


Tree=419
num_leaves=7
num_cat=0
split_feature=38 41 67 23 64 46
split_gain=6.30567 2.58064 1.44576 1.28657 0.924658 0.678182
threshold=0.038991839640575052 -0.0013483051659850872 0.089284734997482365 401.42012291666674 0.19320655653732874 0.076203029789613019
decision_type=2 2 2 10 2 2
left_child=1 4 -3 -2 -1 -5
right_child=3 2 -4 5 -6 -7
leaf_value=0.0030640565860127647 0.01268619235527055 -0.0077488150627603126 0.010903766613465983 -0.0088995851395634248 -0.012361615266723537 0.0057743929249497805
leaf_weight=1.343954681418835 11.553892530500887 1.741629952564838 3.5654646120965481 1.3718987088650458 13.799506888724862 1.7170346472412346
leaf_count=30 179 24 31 19 593 32
internal_value=0.000183246 -0.00686357 0.00452449 0.00983463 -0.0108876 -0.00132545
internal_weight=35.0934 20.4506 5.30709 14.6428 15.1435 3.08893
internal_count=908 678 55 230 623 51
is_linear=0
shrinkage=0.02


Tree=420
num_leaves=7
num_cat=0
split_feature=14 41 34 42 31 8
split_gain=5.06335 3.4344 1.99261 1.28115 0.908851 0.890081
threshold=0.037088223916494946 -0.00056921281360378096 -0.0067741603876318298 -0.00025105221323870933 -0.023667761288113709 0.74831309588758843
decision_type=2 2 2 2 2 2
left_child=1 2 -1 5 -3 -4
right_child=-2 4 3 -5 -6 -7
leaf_value=-0.0083806559248324215 -0.0096004925479547618 0.0045425634958282972 -0.0091668752935693612 0.011631312315154773 -0.010631634485386848 0.0087863617505598516
leaf_weight=1.8929178640246416 13.350245391950009 1.4769633412361143 1.7530217114836042 19.46544571779668 5.2715515419840839 0.88381452858448017
leaf_count=32 333 20 29 351 120 4
internal_value=0.000264253 0.00471544 0.008206 0.00992782 -0.00715299 -0.00238799
internal_weight=44.094 30.7437 23.9952 22.1023 6.74851 2.63684
internal_count=889 556 416 384 140 33
is_linear=0
shrinkage=0.02


Tree=421
num_leaves=7
num_cat=0
split_feature=46 18 46 30 12 44
split_gain=7.41073 2.58786 1.21873 0.873663 0.779955 0.582752
threshold=0.042158900029689812 -0.0099576051691529482 1.0000000180025095e-35 -0.0082992410975778145 161.07445421961555 0.12009574237024025
decision_type=2 2 2 2 2 2
left_child=1 4 -3 -2 -1 -4
right_child=3 2 5 -5 -6 -7
leaf_value=0.012864751187777572 0.00083684151480107423 0.0063400016240047199 -0.011167032479452528 -0.012125253010440073 -0.0016516373215190369 0.0040680803811119015
leaf_weight=13.94030821323395 2.2841408532112828 2.9068180285394183 3.7062521521002054 13.475885352119802 1.4074630383402098 0.72159847244620312
leaf_count=258 46 34 47 465 30 9
internal_value=-0.000135144 0.00707043 -0.00249344 -0.0103088 0.0115139 -0.00839214
internal_weight=38.4425 22.6824 7.33467 15.76 15.3478 4.42785
internal_count=889 378 90 511 288 56
is_linear=0
shrinkage=0.02


Tree=422
num_leaves=7
num_cat=0
split_feature=41 39 31 10 47 40
split_gain=7.77458 2.22812 0.688896 0.650331 0.500582 0.453853
threshold=-0.0011903653880699369 0.019271861783715691 -0.029887033207629428 1.3823403984168749 -0.017096219207920742 0.058516948829946409
decision_type=2 2 2 2 2 2
left_child=1 5 -2 -3 -4 -1
right_child=2 3 4 -5 -6 -7
leaf_value=-0.011830796907192421 -0.0018283066106971192 0.0099503835942287341 -0.0021297920539019499 -0.0044844774588155565 0.013307608948999235 0.0033670161983072899
leaf_weight=15.37473005335778 1.2507964484393603 2.3334167972207065 0.62784016504883666 1.2616034001111982 11.543755941092964 0.41619589552283365
leaf_count=639 20 33 10 10 172 5
internal_value=-0.000194798 -0.00813948 0.0110485 0.00501122 0.0124101 -0.0112536
internal_weight=32.8083 19.3859 13.4224 3.59502 12.1716 15.7909
internal_count=889 687 202 43 182 644
is_linear=0
shrinkage=0.02


Tree=423
num_leaves=7
num_cat=0
split_feature=14 44 38 50 47 28
split_gain=5.43094 2.73461 1.62754 1.33509 1.37554 1.09966
threshold=-0.025957329147263699 0.077017442196986835 0.064181334306981905 0.0079147402953547753 -0.044931683674502558 0.055728626006045397
decision_type=2 2 2 2 2 2
left_child=2 3 -1 4 -2 -5
right_child=1 -3 -4 5 -6 -7
leaf_value=0.011772997341412284 -0.0039700440605389808 -0.0098283594564329939 -0.0061458651341911507 -0.0097771929356841522 0.013635343921375864 0.0056622678320234522
leaf_weight=13.403350239619611 2.123315017670393 17.14454735070467 1.7241731751710165 3.8481115456670523 4.2494711950421351 2.1533080358058214
leaf_count=288 30 435 27 66 25 23
internal_value=9.04711e-05 -0.00487237 0.00947624 0.00221565 0.00802663 -0.00422001
internal_weight=44.6463 29.5188 15.1275 12.3742 6.37279 6.00142
internal_count=894 579 315 144 55 89
is_linear=0
shrinkage=0.02


Tree=424
num_leaves=7
num_cat=0
split_feature=42 47 15 18 2 50
split_gain=7.46532 2.71991 1.99449 1.61642 0.577635 0.257053
threshold=-1.0000000180025095e-35 -0.022278577570351944 0.070516206618957314 -0.015110818462147622 0.24849397590361447 -0.001764693880439991
decision_type=2 2 2 2 2 2
left_child=1 -1 4 -3 -2 -6
right_child=2 3 -4 -5 5 -7
leaf_value=0.012578287639997075 0.00069338247328944061 0.0077259655859033471 0.0075713590246261776 -0.01075556886070886 -0.00076356486222474277 -0.012940734066232185
leaf_weight=13.875971186906101 1.3665434420108855 2.3946569748222828 1.8514071516692627 3.4076291956007472 0.86129827424884275 14.683648115023963
leaf_count=262 9 29 25 37 18 514
internal_value=-0.000385752 0.0080246 -0.00916613 -0.00311359 -0.0113189 -0.012353
internal_weight=38.4412 19.6783 18.7629 5.80229 16.9115 15.5449
internal_count=894 328 566 66 541 532
is_linear=0
shrinkage=0.02


Tree=425
num_leaves=7
num_cat=0
split_feature=40 38 39 40 37 47
split_gain=6.64335 1.83906 1.38411 1.00211 0.500488 0.518733
threshold=0.020335502331026826 0.018116670719786829 0.0032830575259637927 0.048437812855996236 0.020487878472411878 -0.037566724655296049
decision_type=2 2 2 2 2 2
left_child=2 3 -1 -2 5 -3
right_child=1 4 -4 -5 -6 -7
leaf_value=-0.012366118506000324 -0.00867789095596312 -0.0012058056413404891 0.0032170350707235473 0.0080722585172089203 -0.0019046725255943218 0.012803575420894669
leaf_weight=11.744850604794918 3.0472771665081408 0.96591825038194734 2.339292535558342 1.2795995473861692 0.86720756068825799 13.104950448498125
leaf_count=573 73 5 26 8 9 200
internal_value=0.000322711 0.00779407 -0.00973617 -0.00313886 0.0109591 0.0118257
internal_weight=33.3491 19.265 14.0841 4.32688 14.9381 14.0709
internal_count=894 295 599 81 214 205
is_linear=0
shrinkage=0.02


Tree=426
num_leaves=7
num_cat=0
split_feature=42 44 70 31 42 20
split_gain=5.21852 2.62567 1.57394 1.2974 1.2419 1.23294
threshold=0.064377904193648125 0.07407757091967207 56.693240454076381 0.01129856018866004 0.029101279320606896 0.087527082063021414
decision_type=2 2 2 2 2 10
left_child=1 2 5 -2 -3 -1
right_child=3 4 -4 -5 -6 -7
leaf_value=-0.01128644373296365 0.012792969319737732 -0.011712276273466589 0.0077330200162853118 -0.0064285456963348378 -0.00036496952835974672 0.007096567796676374
leaf_weight=3.3778401575982597 11.303433556109663 13.233587484806778 8.2826170902699214 0.97711112909019071 5.3827988952398291 1.3758575934916732
leaf_count=53 264 358 79 20 103 22
internal_value=0.000331227 -0.0039753 0.0027951 0.0108947 -0.00861714 -0.0056572
internal_weight=43.9332 31.6527 13.0363 12.2805 18.6164 4.7537
internal_count=899 615 154 284 461 75
is_linear=0
shrinkage=0.02


Tree=427
num_leaves=7
num_cat=0
split_feature=46 15 14 48 53 74
split_gain=7.45874 2.51118 0.843808 0.734501 0.528228 0.510104
threshold=0.015311420769751014 0.044825023044661003 -0.048234864968760983 0.025319246214641954 0.010905452956020868 0.011250000000000001
decision_type=2 2 2 2 2 2
left_child=2 5 -1 -4 -3 -2
right_child=1 4 3 -5 -6 -7
leaf_value=-0.0062396727011263765 -9.1800145055725307e-05 0.01013417336003304 0.011787682742532285 -0.0022504275109231195 -0.0045316471960835797 -0.011894282734301516
leaf_weight=0.66010433621704656 1.6150402929633916 2.5319543220102783 14.005149371922011 1.3323032706975944 0.7007121443748473 16.570890970528126
leaf_count=8 14 34 271 14 12 546
internal_value=-0.00051744 -0.0080802 0.00948776 0.0105051 0.00663563 -0.0109056
internal_weight=37.4162 21.4186 15.9976 15.3375 3.23267 18.1859
internal_count=899 606 293 285 46 560
is_linear=0
shrinkage=0.02


Tree=428
num_leaves=7
num_cat=0
split_feature=51 38 28 66 28 47
split_gain=6.29156 2.51371 2.32704 1.25599 0.639558 0.391085
threshold=0.0004980613279487188 0.068259426444936031 0.11352590537522925 0.18890487322424027 -0.020302125780181462 -0.027008229583779676
decision_type=2 2 2 2 2 2
left_child=1 3 5 4 -1 -2
right_child=2 -3 -4 -5 -6 -7
leaf_value=0.0045527909261046384 0.00062537630723336047 0.0090617220603467479 -0.0086920411520098502 0.00677750627271547 -0.01290706673017775 0.013351668414097349
leaf_weight=0.41544730961322685 1.1539591522887338 2.2836680524051181 1.7436264930292953 0.91565841808915216 13.937875386327505 11.81611011456698
leaf_count=3 16 28 87 7 574 184
internal_value=0.00015015 -0.00774126 0.00945772 -0.0106569 -0.0121381 0.0123452
internal_weight=32.2663 17.5526 14.7137 15.269 14.3533 12.9701
internal_count=899 612 287 584 577 200
is_linear=0
shrinkage=0.02


Tree=429
num_leaves=7
num_cat=0
split_feature=42 28 19 21 14 39
split_gain=4.92553 4.61276 2.03298 1.52448 1.09263 0.990748
threshold=0.021159240875567822 0.022390971334730895 -0.0069035704040154014 0.030543090981720592 0.056346815892228154 0.024229993414344769
decision_type=2 2 2 10 2 2
left_child=2 -2 3 -1 5 -3
right_child=1 4 -4 -5 -6 -7
leaf_value=-0.010449821994357204 -0.011109372878891344 0.012697333213808969 0.0093852449833901966 0.0093950753067656295 -0.0046606450848597674 -0.0057018831973493483
leaf_weight=15.775616131722931 3.9311520271003273 18.440950796008117 1.9964062701910723 0.93817565776407796 1.2393119074404229 0.69725311547517677
leaf_count=381 109 354 13 6 19 13
internal_value=0.000976426 0.0067942 -0.00654336 -0.00886839 0.0106062 0.0117772
internal_weight=43.0189 24.3087 18.7102 16.7138 20.3775 19.1382
internal_count=895 495 400 387 386 367
is_linear=0
shrinkage=0.02


Tree=430
num_leaves=7
num_cat=0
split_feature=46 42 18 42 53 15
split_gain=6.9173 2.35861 2.04583 1.1881 0.874054 0.416396
threshold=0.0099345188642554916 -1.0000000180025095e-35 -0.015110818462147622 0.040608489532331198 0.010621331989182435 0.15657157619509532
decision_type=2 2 2 2 2 2
left_child=3 2 -2 4 -1 -3
right_child=1 5 -4 -5 -6 -7
leaf_value=0.012499163140155003 0.0099102132040060562 -0.012732782501487903 -0.0089495946152333902 -0.0070512122811246664 -0.0033689779365139289 0.0033771504302088215
leaf_weight=12.359950896352524 4.0078550614416599 14.387065938673912 3.2721518836915502 0.9412563983351 1.1340136379003531 0.28186929970979768
leaf_count=245 57 522 45 12 12 2
internal_value=-0.000911767 -0.00785205 0.00137619 0.00946605 0.0110252 -0.0122274
internal_weight=36.3842 21.9489 7.28001 14.4352 13.494 14.6689
internal_count=895 626 102 269 257 524
is_linear=0
shrinkage=0.02


Tree=431
num_leaves=7
num_cat=0
split_feature=40 47 28 37 38 22
split_gain=6.28699 2.01501 1.08367 1.10519 1.05432 0.412245
threshold=0.020335502331026826 -0.031128159869344061 0.11290454205342343 0.023441913679200215 0.068259426444936031 -0.0057278878487558157
decision_type=2 2 2 2 2 8
left_child=4 -2 3 5 -1 -3
right_child=1 2 -4 -5 -6 -7
leaf_value=-0.012082193874648033 -0.0077405925226163245 -0.0014757608921884564 -0.0045121709193182693 -0.0064766959282803252 0.0042095481535576367 0.013185476121273704
leaf_weight=12.069710819981994 2.3916394310072091 0.60950790345668793 1.4374871291220177 0.7358441390097149 1.3099443539977063 13.421997677534817
leaf_count=582 59 6 27 5 17 199
internal_value=-0.000269756 0.00710799 0.00962199 0.0111968 -0.0103053 0.0124928
internal_weight=31.9761 18.5965 16.2048 14.7673 13.3797 14.0315
internal_count=895 296 237 210 599 205
is_linear=0
shrinkage=0.02


Tree=432
num_leaves=7
num_cat=0
split_feature=14 14 29 31 67 45
split_gain=5.27729 2.1109 1.21153 1.1612 0.770495 0.920374
threshold=-0.028077456079759793 0.054005108208707749 -0.035762193772438923 0.0084233618239853234 0.087513676148796501 0.058930575209988019
decision_type=2 2 2 2 2 2
left_child=3 2 -2 -1 5 -4
right_child=1 -3 4 -5 -6 -7
leaf_value=0.011817041273271087 -0.008217417195649732 -0.011572232523478845 0.0089988728091237608 -0.0034673909508975711 -0.0025706591097946424 -0.0059677516496598202
leaf_weight=12.36567749455571 5.1087009534239796 10.26894743926823 6.7140357997268456 1.876158857718109 6.6263043303042641 1.3383927326649425
leaf_count=290 124 298 55 31 94 31
internal_value=7.116e-05 -0.00466077 -0.000689825 0.00970815 0.00228705 0.00612683
internal_weight=44.2982 30.0564 19.7874 14.2418 14.6787 8.05243
internal_count=923 602 304 321 180 86
is_linear=0
shrinkage=0.02


Tree=433
num_leaves=7
num_cat=0
split_feature=46 14 46 15 44 44
split_gain=7.22864 2.37762 1.41757 1.26386 0.790885 0.77753
threshold=0.042158900029689812 0.017937086023635297 -1.0000000180025095e-35 0.074493829863060232 0.086018221439929557 0.041333245722011837
decision_type=2 2 2 2 2 2
left_child=1 2 -1 -2 -4 -3
right_child=3 5 4 -5 -6 -7
leaf_value=0.0080850592691627012 -0.012102042670685742 -0.0024479834828539347 -0.011884228047453703 0.0064487486685409854 0.0025799812360534145 0.012787966409542249
leaf_weight=2.8183753043413162 14.434076537378131 1.1596198976039875 3.5523094423115271 1.0061018988490094 1.8070392459630964 12.951894635334609
leaf_count=35 515 12 50 15 27 269
internal_value=-0.000431304 0.00674745 -0.00174191 -0.0105745 -0.00736846 0.0114568
internal_weight=37.7294 22.2892 8.17772 15.4402 5.35935 14.1115
internal_count=923 393 112 530 77 281
is_linear=0
shrinkage=0.02


Tree=434
num_leaves=7
num_cat=0
split_feature=47 24 30 75 18 26
split_gain=5.45052 2.73681 1.41245 1.03606 0.959578 0.264043
threshold=-0.01284433322148811 0.36666666666666675 0.017710523765978949 0.27125000000000005 0.034112117757330924 0.034369150034087977
decision_type=2 10 2 2 2 2
left_child=4 2 3 -2 -1 -6
right_child=1 -3 -4 -5 5 -7
leaf_value=-0.012366567004220008 -0.0096031578662863302 -0.0088330478260002683 0.01218109395412143 0.0074342982078443301 -0.0042217527602712709 0.0067466338572195507
leaf_weight=9.8076337818056327 1.8491384303197329 3.1473887767642728 14.016889616847036 1.879844677634537 0.65936229005455871 1.0458361348137257
leaf_count=457 24 168 228 17 18 11
internal_value=0.000403541 0.00641005 0.00944053 -0.00125843 -0.0101381 0.0025126
internal_weight=32.4061 20.8933 17.7459 3.72898 11.5128 1.7052
internal_count=923 437 269 41 486 29
is_linear=0
shrinkage=0.02


Tree=435
num_leaves=7
num_cat=0
split_feature=14 28 50 38 34 71
split_gain=5.52047 4.0555 1.78113 1.17909 0.841085 0.692426
threshold=0.038044359955277836 0.062516793501303639 0.0079147402953547753 -1.0000000180025095e-35 0.097745093985410772 46.486372981111181
decision_type=2 2 2 2 2 2
left_child=1 2 3 -1 -2 -4
right_child=4 -3 5 -5 -6 -7
leaf_value=-0.0078879472601816863 -0.012231385961736785 0.010760365992028818 -0.011882673236175681 0.010074999620453945 0.0041181703910160425 0.0039258734513733665
leaf_weight=1.2758502662181852 10.662319896742698 18.051388895139098 6.2001713272184134 3.6112663950771111 0.9290353115648039 0.81412726268172253
leaf_count=27 318 367 141 20 10 9
internal_value=0.000478777 0.00500993 -0.00387 0.00484222 -0.010698 -0.00978691
internal_weight=41.5442 29.9528 11.9014 4.88712 11.5914 7.0143
internal_count=892 564 197 47 328 150
is_linear=0
shrinkage=0.02


Tree=436
num_leaves=7
num_cat=0
split_feature=42 18 14 46 46 28
split_gain=6.88414 2.15327 1.81931 1.35802 0.51479 0.345743
threshold=-1.0000000180025095e-35 -0.015110818462147622 0.077058241601184019 0.00072863773870476833 0.0042233526491819587 0.031415309313742389
decision_type=2 2 2 2 2 2
left_child=1 -1 4 -3 -2 -4
right_child=2 3 5 -5 -6 -7
leaf_value=0.012782086382901308 -0.00027699474107942263 0.0095655045819450137 -0.0035785278507126958 -0.007441462535369806 -0.012603456466045874 0.0089384044420552505
leaf_weight=12.222915275022389 1.5473960861563707 1.9758062604814757 0.64951817132532541 4.1331682670861483 13.302081871777771 1.7569475546479223
leaf_count=251 16 27 23 52 500 23
internal_value=-8.03043e-05 0.0082394 -0.00888595 -0.00136914 -0.0114175 0.00550126
internal_weight=35.5878 18.3319 17.2559 6.10897 14.8495 2.40647
internal_count=892 330 562 79 516 46
is_linear=0
shrinkage=0.02


Tree=437
num_leaves=7
num_cat=0
split_feature=51 41 39 66 39 30
split_gain=5.65655 1.52655 1.26085 0.884175 0.614922 0.484696
threshold=1.0000000180025095e-35 -0.0083249584901778969 0.039076911401036848 0.17997570853395486 -0.006587790783100708 0.10846830337247403
decision_type=2 2 2 2 2 2
left_child=2 4 3 5 -2 -1
right_child=1 -3 -4 -5 -6 -7
leaf_value=-0.01195499125835159 -0.0081388848134567454 0.012054977364792559 0.0074922551828343984 0.0046645174762472352 0.005374871601540444 0.0020028071603228675
leaf_weight=13.516664143651727 2.0046472996473317 10.43915486335754 1.1447885185480107 1.0244052428752173 1.5272945314645774 0.78513027820736248
leaf_count=555 75 180 18 18 23 23
internal_value=-0.000554384 0.00848489 -0.00826852 -0.00983257 -0.00239866 -0.0111079
internal_weight=30.4421 13.9711 16.471 15.3262 3.53194 14.3018
internal_count=892 278 614 596 98 578
is_linear=0
shrinkage=0.02


Tree=438
num_leaves=7
num_cat=0
split_feature=28 44 15 46 47 37
split_gain=4.91036 2.64536 1.52692 1.28162 2.04709 0.939949
threshold=0.13499359144159967 0.076329722014115683 0.043369965740664443 -0.0052076279289635227 0.0011485658930781991 0.020487878472411878
decision_type=2 2 2 2 2 2
left_child=1 3 -2 -1 -5 -6
right_child=2 -3 -4 4 5 -7
leaf_value=-0.0094243450561456114 0.012430062463999234 -0.0094092512809016409 -0.0058733460161767143 0.011924979351813482 -0.0082687005484060432 0.0096027818704470906
leaf_weight=1.9789984021335847 12.095448784530161 15.407090745866297 1.5149823799729336 6.3695916198194027 3.872697327286005 0.64434686675667752
leaf_count=33 310 402 35 37 68 3
internal_value=0.000674717 -0.00406767 0.0101302 0.00254633 0.00533218 -0.00444089
internal_weight=41.8832 28.2727 13.6104 12.8656 10.8866 4.51704
internal_count=888 543 345 141 108 71
is_linear=0
shrinkage=0.02


Tree=439
num_leaves=7
num_cat=0
split_feature=15 50 35 28 50 49
split_gain=5.9799 2.8124 1.07299 0.963412 0.754637 0.314406
threshold=0.038827151055179247 0.0050188567276891393 -1.0000000180025095e-35 0.11857420737997715 0.022277819963684633 -0.060616457620987406
decision_type=2 2 2 2 2 2
left_child=1 2 3 -1 -2 -3
right_child=4 5 -4 -5 -6 -7
leaf_value=0.0096887179297516605 0.01213504029493459 0.001993593170875726 -0.008448566585142479 -0.0051839969817697234 -0.0034574263436364903 -0.011648107315290462
leaf_weight=5.492519561201334 10.704852112568911 0.42504091188311477 1.789530653506519 1.6624733963981269 0.95698475465178567 14.750021117739378
leaf_count=73 226 10 19 43 19 498
internal_value=-0.000538583 -0.00617377 0.00256768 0.00602109 0.0106835 -0.0111664
internal_weight=35.7814 24.1196 8.94452 7.15499 11.6618 15.1751
internal_count=888 643 135 116 245 508
is_linear=0
shrinkage=0.02


Tree=440
num_leaves=7
num_cat=0
split_feature=38 41 40 18 18 6
split_gain=6.22201 3.28122 0.969993 1.00625 0.501668 0.212596
threshold=0.060501921201270674 0.0021252109994881756 0.060630059258133966 0.06401622409391429 -0.018818256425120913 234.2883300166383
decision_type=2 2 2 2 2 2
left_child=1 2 3 -1 -3 -2
right_child=5 4 -4 -5 -6 -7
leaf_value=-0.013360233749266046 0.01256358558285596 -0.0029657895305727302 0.0065943106099899552 0.0031114832850540285 0.010389606233687681 0.0010476335204569886
leaf_weight=13.884057727642359 9.3533014953136409 1.0092399846762417 0.6068429574370392 1.2738073458895094 3.4242224730551234 0.88795849680900651
leaf_count=624 168 23 5 18 37 13
internal_value=-0.000290213 -0.00665985 -0.0108074 -0.0118691 0.00736307 0.0117471
internal_weight=30.4394 20.1982 15.7647 15.1579 4.43346 10.2413
internal_count=888 707 647 642 60 181
is_linear=0
shrinkage=0.02


Tree=441
num_leaves=7
num_cat=0
split_feature=20 46 38 35 41 46
split_gain=4.43473 1.30143 2.40909 1.43431 1.50551 0.921724
threshold=0.11718930288527453 0.002138375346397423 0.066385877602505625 -0.019608133656474565 -0.010202124192892924 0.0077363840537427739
decision_type=10 2 2 2 2 2
left_child=1 -1 3 4 -3 -2
right_child=5 2 -4 -5 -6 -7
leaf_value=-0.011269668730649371 -0.0017807295716039634 0.0050008438111038738 -0.011487779409448869 0.008434206290532471 -0.010791036431616882 0.011573008529534395
leaf_weight=6.5109451469033983 2.1881966311484566 3.9519374463707226 5.7470126319676629 7.5660335067659616 3.8494895156472921 11.395172476768492
leaf_count=197 45 55 162 76 68 310
internal_value=0.000480909 -0.00410382 -0.00148444 0.00272984 -0.00313212 0.00944721
internal_weight=41.2088 27.6254 21.1145 15.3675 7.80143 13.5834
internal_count=913 558 361 199 123 355
is_linear=0
shrinkage=0.02


Tree=442
num_leaves=7
num_cat=0
split_feature=46 18 46 15 42 20
split_gain=6.95034 2.63417 1.11695 0.986816 0.691154 0.408888
threshold=0.042158900029689812 -0.0091989236114220479 1.0000000180025095e-35 0.085978486056971712 0.040041947337738359 0.12089720408203651
decision_type=2 2 2 2 2 10
left_child=1 4 5 -2 -1 -3
right_child=3 2 -4 -5 -6 -7
leaf_value=0.012489822278134825 -0.01229011690256554 0.0093952973134834548 -0.0088474561695802405 0.0051412280831880861 -0.0032141800270655001 -0.0039797949313627248
leaf_weight=13.010395176708698 13.466226696036752 1.9223563857376569 4.2113268868997693 0.88720220699906427 0.82503830175846893 0.6668044514954089
leaf_count=271 511 28 56 16 23 8
internal_value=-0.000673862 0.00664807 -0.00324135 -0.010948 0.0113998 0.0058016
internal_weight=34.9894 20.6359 6.80049 14.3534 13.8354 2.58916
internal_count=913 386 92 527 294 36
is_linear=0
shrinkage=0.02


Tree=443
num_leaves=7
num_cat=0
split_feature=40 38 38 1 9 48
split_gain=5.76392 1.79477 1.10175 0.739707 0.499085 0.491683
threshold=0.020335502331026826 0.018116670719786829 0.10063666693797427 0.27709936433589832 110.34559643255297 0.025861823167436477
decision_type=2 2 2 2 2 2
left_child=2 3 -1 -2 -3 -6
right_child=1 4 -4 -5 5 -7
leaf_value=-0.011426705340771462 0.007353473205358587 0.011986567193165969 0.006267761088361151 -0.0081573240561426726 -0.0072690493303563114 0.0070881746297510873
leaf_weight=11.722576810978353 0.88118798658252062 11.892697960138319 0.94878108799457628 3.0200679330155253 0.78811948001384635 1.0505082560703156
leaf_count=592 5 198 12 84 3 19
internal_value=0.000126286 0.00735893 -0.00974026 -0.00386834 0.0105948 0.000541259
internal_weight=30.3039 17.6326 12.6714 3.90126 13.7313 1.83863
internal_count=913 309 604 89 220 22
is_linear=0
shrinkage=0.02


Tree=444
num_leaves=7
num_cat=0
split_feature=28 44 51 46 14 74
split_gain=4.67573 2.57055 1.76031 1.91874 1.19501 0.936103
threshold=0.14042933558932616 0.077017442196986835 0.0040407287782345406 -0.0052076279289635227 0.054005108208707749 0.015750000000000004
decision_type=2 2 2 2 2 2
left_child=1 2 3 -1 -2 -3
right_child=4 5 -4 -5 -6 -7
leaf_value=-0.0089177858560387045 0.012435735708372213 0.0015300890456073305 -0.0094241487156210262 0.01085705173570958 -0.0045222154968067307 -0.01147449137832572
leaf_weight=1.7176222223788489 10.935700390487908 2.3900230545550576 2.6988346222788087 7.6522162370383766 1.41081092506647 12.432867856696246
leaf_count=32 309 21 54 51 27 387
internal_value=0.000582104 -0.004091 0.00266622 0.00672165 0.0103043 -0.00941347
internal_weight=39.2381 26.8916 12.0687 9.36984 12.3465 14.8229
internal_count=881 545 137 83 336 408
is_linear=0
shrinkage=0.02


Tree=445
num_leaves=7
num_cat=0
split_feature=46 15 46 14 67 11
split_gain=7.11187 2.06291 0.698725 0.67877 0.322175 0.267582
threshold=0.0099345188642554916 0.041988979223242039 0.078356685644693919 -0.030161374076849403 0.056906906906906911 0.83839273342834419
decision_type=2 2 2 2 2 2
left_child=3 4 -3 -1 -2 -5
right_child=1 2 -4 5 -6 -7
leaf_value=-0.0040276762732747969 -0.00099830612744471214 0.0099313920082981996 -0.006259093438924993 0.012387270121700442 -0.011559966624687071 0.00027654789848641502
leaf_weight=0.73476748540997583 1.4541970798745811 2.3796121329069133 0.76014107652008522 10.780388837680215 15.860923255793749 0.82727436721324998
leaf_count=8 24 42 13 233 550 11
internal_value=-0.00104651 -0.008148 0.00544655 0.0104513 -0.0107759 0.0116145
internal_weight=32.7973 20.4549 3.13975 12.3424 17.3151 11.6077
internal_count=881 629 55 252 574 244
is_linear=0
shrinkage=0.02


Tree=446
num_leaves=7
num_cat=0
split_feature=41 38 18 51 6 6
split_gain=5.71224 2.70722 0.911993 0.493094 0.32514 0.315744
threshold=0.0021252109994881756 0.066385877602505625 0.020097596177778069 -1.0000000180025095e-35 297.22728192673554 186.89327565789478
decision_type=2 2 2 2 2 2
left_child=1 2 -1 -4 -2 -3
right_child=4 5 3 -5 -6 -7
leaf_value=-0.012162042179974797 0.012336769366455636 0.010512605025900814 -0.0052064656613452784 0.0072617793299892134 -0.00093326819780126301 -0.001703536024408981
leaf_weight=11.888380280695861 9.9522704873233998 2.7412128448486324 2.1774040004238491 1.1132804062217463 0.64723764080554325 0.7703061494976281
leaf_count=553 175 40 74 14 14 11
internal_value=0.000394404 -0.00617715 -0.00976236 -0.000278946 0.0115159 0.0080492
internal_weight=29.2901 18.6906 15.1791 3.29068 10.5995 3.51152
internal_count=881 692 641 88 189 51
is_linear=0
shrinkage=0.02


Tree=447
num_leaves=7
num_cat=0
split_feature=42 28 44 23 41 46
split_gain=4.82815 3.17452 2.06799 1.71316 1.01998 1.33123
threshold=0.032848397003418281 0.023624928659413822 0.082792401536174842 92.387784253246764 1.0000000180025095e-35 0.002138375346397423
decision_type=2 2 2 8 2 2
left_child=2 -2 3 -1 5 -5
right_child=1 -3 -4 4 -6 -7
leaf_value=-0.0097389596020343184 -0.0098457912493284134 0.011630952770684759 -0.010919850750389384 -0.0057894416437249772 -0.0072199124448479226 0.013655174851524548
leaf_weight=3.0167151447385558 2.5414569135755327 14.631815034896134 12.117913803085683 1.2394789475947625 1.0863036066293714 4.7528039533644915
leaf_count=50 84 341 343 23 25 31
internal_value=0.000374072 0.00808575 -0.00567939 0.00102824 0.00625447 0.00938037
internal_weight=39.3865 17.1733 22.2132 10.0953 7.07859 5.99228
internal_count=897 425 472 129 79 54
is_linear=0
shrinkage=0.02


Tree=448
num_leaves=7
num_cat=0
split_feature=50 14 2 34 46 8
split_gain=5.867 1.84936 1.29895 1.06153 0.593355 0.51257
threshold=0.0094282828965074148 0.017937086023635297 0.28341924398625434 -1.0000000180025095e-35 0.077093294282670685 0.42981332582629878
decision_type=2 2 2 2 2 2
left_child=1 3 -2 -1 -3 -5
right_child=2 4 -4 5 -6 -7
leaf_value=0.0088595033393263616 0.0030508400061045066 0.01191421924657011 -0.012160139882718926 0.002675127186256706 -0.0036992682832353921 -0.0097748620707574663
leaf_weight=1.6648957692086694 2.2711118403822175 11.547653948888179 12.539513742551206 1.3649551076814557 0.61043455824256021 3.4968083538115025
leaf_count=19 37 247 483 22 8 81
internal_value=-0.000728914 0.00657964 -0.0097822 -0.00186264 0.0109087 -0.00641942
internal_weight=33.4954 18.6847 14.8106 6.52666 12.1581 4.86176
internal_count=897 377 520 122 255 103
is_linear=0
shrinkage=0.02


Tree=449
num_leaves=7
num_cat=0
split_feature=41 38 40 38 65 60
split_gain=5.51198 3.03916 0.892985 0.740389 0.312365 0.291029
threshold=-0.0013483051659850872 0.060501921201270674 0.060630059258133966 0.0036688356189717654 0.1122546524475785 0.39052425007008701
decision_type=2 2 2 2 2 2
left_child=1 2 5 4 -2 -1
right_child=3 -3 -4 -5 -6 -7
leaf_value=-0.012673148769984113 0.0059530989023453204 0.0082745166073427412 0.0059940697546690047 0.012334525926827163 -0.0060386339913787012 -0.001109211642310193
leaf_weight=12.260527847334744 0.51344597339630027 3.5562899783253661 0.62666583433747369 10.079631159082053 1.0949617838487027 1.1484587211161859
leaf_count=595 2 51 6 181 20 42
internal_value=0.000331463 -0.00661492 -0.010687 0.010484 -0.00139588 -0.0118284
internal_weight=29.28 17.5919 14.0357 11.688 1.60841 13.409
internal_count=897 694 643 203 22 637
is_linear=0
shrinkage=0.02


Tree=450
num_leaves=7
num_cat=0
split_feature=28 44 70 15 5 42
split_gain=5.3299 1.60754 1.55199 1.42031 0.996892 0.934258
threshold=0.14042933558932616 0.072693103800117453 74.017586794837896 0.043369965740664443 0.44832189168573616 0.029697077460477107
decision_type=2 2 2 2 2 2
left_child=1 2 -1 -2 -4 -3
right_child=3 5 4 -5 -6 -7
leaf_value=-0.0066420142114208894 0.012361410106396083 -0.012572527815520471 -0.0029458009678464785 -0.0055665818833163724 0.012930571845332256 -0.001936082079544744
leaf_weight=4.8941435273736733 11.357006834819911 9.8832902200520021 1.9715546164661644 1.4729917645454396 3.4356791060417891 5.3406056109815827
leaf_count=74 317 322 26 29 19 101
internal_value=-1.70043e-05 -0.00526491 0.000836471 0.0100495 0.00758553 -0.00919054
internal_weight=38.3553 25.5253 10.3014 12.83 5.40723 15.2239
internal_count=888 542 119 346 45 423
is_linear=0
shrinkage=0.02


Tree=451
num_leaves=7
num_cat=0
split_feature=46 47 45 6 14 30
split_gain=6.13673 2.3933 0.757076 0.637073 0.554725 0.338906
threshold=0.042158900029689812 -0.019855358536409577 0.030193433097217313 297.22728192673554 0.10047655244740152 -0.019991769846554052
decision_type=2 2 2 2 2 2
left_child=1 3 -3 -1 5 -2
right_child=4 2 -4 -5 -6 -7
leaf_value=0.011517483077894476 0.0010130901876621923 -0.0095299685470346968 0.005617048290115465 -0.0028973891311330786 0.0022374704467105233 -0.012162858996971298
leaf_weight=13.872845059260726 0.67538160830735883 3.2619171869009724 1.13676231354475 0.94827315211296159 0.9799754563719042 11.67686630412936
leaf_count=291 14 54 22 12 18 477
internal_value=-0.000328454 0.00677748 -0.00530012 0.0104704 -0.0103305 -0.0114205
internal_weight=32.552 19.2198 4.39868 14.8211 13.3322 12.3522
internal_count=888 379 76 303 509 491
is_linear=0
shrinkage=0.02


Tree=452
num_leaves=7
num_cat=0
split_feature=40 51 38 37 38 31
split_gain=5.19419 1.76885 1.13329 0.670242 0.751983 0.370826
threshold=0.020335502331026826 -0.00089293770010038067 0.064181334306981905 -0.0081596104747097119 0.010184038659884461 -0.027124083205897914
decision_type=2 2 2 2 2 2
left_child=2 3 -1 4 -2 -3
right_child=1 5 -4 -5 -6 -7
leaf_value=-0.011430992350003553 -0.0057847527335727423 0.00016289133083745484 0.0052512129717690028 -0.0085149111178708242 0.0097191789957203692 0.012882087826306855
leaf_weight=10.44008171465248 1.2890858482569458 1.0289510404691107 1.304057378321885 2.1387194851413396 1.9962606877088545 9.93595344573259
leaf_count=579 39 20 18 32 22 178
internal_value=0.000401245 0.00749681 -0.00931192 -0.00168842 0.00370551 0.0118019
internal_weight=28.1331 16.389 11.7441 5.42407 3.28535 10.9649
internal_count=888 291 597 93 61 198
is_linear=0
shrinkage=0.02


Tree=453
num_leaves=7
num_cat=0
split_feature=20 44 15 74 46 32
split_gain=3.93168 2.06495 1.34944 1.15208 1.20135 0.832933
threshold=0.11718930288527453 0.077017442196986835 0.062633350414234512 0.030833333333333334 0.0042233526491819587 -0.011767505294349131
decision_type=10 2 2 2 2 2
left_child=1 3 -2 4 -1 -3
right_child=2 5 -4 -5 -6 -7
leaf_value=-0.0058558388353924882 0.011327341575862212 0.0037798329624204288 -0.0066746303015117392 -0.0040266186138852881 0.012077250502309131 -0.0098437681444013807
leaf_weight=1.328721215948464 12.091048484668134 1.5202618651092041 1.2432789560407389 4.9645332302898169 4.8637296762317419 13.392683887854217
leaf_count=19 331 19 32 86 34 398
internal_value=0.000849561 -0.00365675 0.00930031 0.002728 0.00795016 -0.00830469
internal_weight=39.4043 26.0699 13.3343 11.157 6.19245 14.9129
internal_count=919 556 363 139 53 417
is_linear=0
shrinkage=0.02


Tree=454
num_leaves=7
num_cat=0
split_feature=47 44 7 48 44 48
split_gain=5.27489 1.80374 1.09061 0.972953 0.396858 0.579843
threshold=-0.032453667695278479 0.13342876825054348 354.42973626251398 0.035175204698977051 0.072693103800117453 0.0042679431035871429
decision_type=2 2 2 2 2 2
left_child=2 -2 4 -3 5 -1
right_child=1 3 -4 -5 -6 -7
leaf_value=0.0078206169157065842 -0.011327659627026775 0.0085359808606553199 -0.0033244623621881907 -0.0078113122193872453 0.012054857180250504 -0.0055938512140063339
leaf_weight=2.4190584197640415 13.45397120434791 2.9448500219732514 2.5159461032599202 1.3733659433200953 9.0598984975367767 1.1878778878599403
leaf_count=32 438 57 70 86 217 19
internal_value=-0.00072193 -0.00791573 0.00766756 0.0028457 0.00993435 0.00314753
internal_weight=32.955 17.7722 15.1828 4.31822 12.6668 3.60694
internal_count=919 581 338 143 268 51
is_linear=0
shrinkage=0.02


Tree=455
num_leaves=7
num_cat=0
split_feature=41 39 30 31 40 18
split_gain=5.52154 2.11077 0.786943 0.57298 0.537486 0.471989
threshold=0.0021252109994881756 0.019271861783715691 0.10951397463933771 -0.019589138349086987 0.046881573642149968 0.13776394813577578
decision_type=2 2 2 2 2 2
left_child=1 2 5 4 -2 -1
right_child=3 -3 -4 -5 -6 -7
leaf_value=-0.012109340504783664 -0.0071515072106939446 0.0061918469884202701 0.0040406815422974708 0.012424474861480541 0.0071445078225984117 0.0041251445375924869
leaf_weight=13.183438605628909 0.93613461870700065 3.1813077777624121 0.94591375533491451 8.6705205356702191 1.3159249089658258 0.29340913891792375
leaf_count=654 16 43 25 166 14 1
internal_value=-0.000332335 -0.0071309 -0.0102805 0.0103041 0.000830201 -0.0114954
internal_weight=28.5266 17.6041 14.4228 10.9226 2.25206 13.4768
internal_count=919 723 680 196 30 655
is_linear=0
shrinkage=0.02


Tree=456
num_leaves=7
num_cat=0
split_feature=20 18 47 15 37 15
split_gain=3.7336 1.79241 1.80015 1.37719 1.18369 1.03219
threshold=0.14242954647295167 -0.052186301580560139 0.012605423644503748 0.036591912464894523 0.016517913435365145 0.062633350414234512
decision_type=10 2 2 2 2 2
left_child=1 -1 3 -3 -4 -2
right_child=5 2 4 -5 -6 -7
leaf_value=-0.011394641627687331 0.012293069963747164 0.0064380537611901292 -0.010470153975759058 -0.0077382872775041394 0.0073716056780327678 -0.0055543227182303836
leaf_weight=7.1929808780550983 8.9030101466923917 12.185229539871218 7.001057041808961 2.5599947553127995 1.0760899391025303 0.90814455598592836
leaf_count=231 291 120 194 73 10 17
internal_value=0.000162998 -0.00336883 -0.000467176 0.00364167 -0.00754292 0.0102801
internal_weight=39.8265 30.0154 22.8224 14.7452 8.07715 9.81115
internal_count=936 628 397 193 204 308
is_linear=0
shrinkage=0.02


Tree=457
num_leaves=7
num_cat=0
split_feature=42 18 30 16 2 28
split_gain=5.78797 2.64467 1.00829 0.809291 0.698243 0.627676
threshold=-1.0000000180025095e-35 -0.0099576051691529482 -0.0099664558738808817 -0.0039471743784645621 0.23317152103559874 0.10011550074792687
decision_type=2 2 2 2 2 2
left_child=1 -1 5 -3 -4 -2
right_child=2 3 4 -5 -6 -7
leaf_value=0.012286007072846777 0.0071302096974255984 0.0038829167232594369 0.0017463011662773079 -0.0094313481685873498 -0.012731284288640144 -0.0069998258131078366
leaf_weight=11.585349269211294 1.8101502992212801 2.5533836297690868 1.2373063378036011 3.0514877177774897 11.787685921415685 1.2886648764833806
leaf_count=270 24 33 9 41 521 38
internal_value=-0.000718941 0.00715825 -0.00904471 -0.00369629 -0.0113295 0.000979967
internal_weight=33.314 17.1902 16.1238 5.60487 13.025 3.09882
internal_count=936 344 592 74 530 62
is_linear=0
shrinkage=0.02


Tree=458
num_leaves=7
num_cat=0
split_feature=38 50 20 76 38 42
split_gain=4.91535 2.17356 1.23562 0.867945 0.582793 0.484069
threshold=0.018116670719786829 0.010143638211963934 0.1177953114020303 0.092500000000000013 0.069631348789745376 -0.0050781050875097367
decision_type=2 2 10 2 2 2
left_child=3 4 -3 -1 -2 -5
right_child=1 2 -4 5 -6 -7
leaf_value=0.0052443377538872191 -0.010118941359176157 0.012407702097806348 -0.0054944088541500624 0.0031763835744245588 0.0044911687615676521 -0.011160409304455183
leaf_weight=1.0307527147233511 2.383379357866946 12.800354537554083 1.1678556818515051 0.60290495958179313 0.92368590459227551 10.778175286017355
leaf_count=11 50 225 53 17 12 568
internal_value=0.000587058 0.00731715 0.0106439 -0.0086273 -0.00594294 -0.0102057
internal_weight=29.6871 17.2753 13.9682 12.4118 3.30707 11.3811
internal_count=936 340 278 596 62 585
is_linear=0
shrinkage=0.02


Tree=459
num_leaves=7
num_cat=0
split_feature=42 38 37 28 76 17
split_gain=4.55225 3.64248 1.05788 1.02981 0.703607 0.533439
threshold=0.021159240875567822 0.062757111539558194 0.011331978910574041 0.023624928659413822 0.12675000000000003 0.10863354037267083
decision_type=2 2 2 2 2 2
left_child=2 3 4 -2 5 -1
right_child=1 -3 -4 -5 -6 -7
leaf_value=0.006107639092281421 -0.0060866174341730837 -0.0088977399096791393 0.0073253748652266195 0.012015669731421328 -0.010979818067581698 -0.0068044386563526939
leaf_weight=1.6278038322925561 0.7662926595658125 3.9005805421620598 1.0849385987967242 15.93591903708875 10.748016219586132 1.4958992153406141
leaf_count=12 15 112 15 364 318 37
internal_value=0.000943393 0.00690381 -0.00718519 0.0108882 -0.00873635 -0.000226378
internal_weight=35.5595 20.6028 14.9567 16.7022 13.8717 3.1237
internal_count=873 491 382 379 367 49
is_linear=0
shrinkage=0.02


Tree=460
num_leaves=7
num_cat=0
split_feature=46 18 15 15 50 2
split_gain=6.27325 1.59799 1.19138 0.636648 0.496795 0.46193
threshold=0.032703867146465747 -0.0086577192339460356 0.070516206618957314 0.042779240836650752 -8.5754058795759974e-05 0.49774774774774783
decision_type=2 2 2 2 2 2
left_child=1 5 -2 4 -3 -1
right_child=2 3 -4 -5 -6 -7
leaf_value=0.01242010431053645 -0.012029524658728844 0.0035473089828995576 0.004708886983078365 0.0073593432843805512 -0.009942999436578762 -0.0030179777698763851
leaf_weight=10.43360496871173 12.687104020267723 0.99583377875387702 1.4060548543930043 1.1188661344349382 2.3975331243127611 0.45846189465373832
leaf_count=251 527 12 23 21 31 8
internal_value=-0.000879513 0.00771119 -0.0101582 -0.00201522 -0.00607776 0.0115712
internal_weight=29.4975 15.4043 14.0932 4.51223 3.39337 10.8921
internal_count=873 323 550 64 43 259
is_linear=0
shrinkage=0.02


Tree=461
num_leaves=7
num_cat=0
split_feature=38 28 40 37 76 40
split_gain=5.51206 1.32627 0.773232 0.768589 0.741425 0.339961
threshold=0.024529950270922165 0.11955350104600689 0.0080733225841550984 0.023441913679200215 0.22500000000000003 0.017304160765262869
decision_type=2 2 2 2 2 2
left_child=4 2 -2 -4 -1 -6
right_child=1 -3 3 -5 5 -7
leaf_value=-0.011447203015566801 -0.0033394617597855992 -0.0075014889124086891 0.012873040458120922 -0.005112480742214074 -0.0055539567494141745 0.0065386569440760147
leaf_weight=10.524678314104678 1.1040270859375585 1.20582248084247 10.747397229075428 0.51475802063942033 0.70136716403067012 1.110580946318805
leaf_count=532 16 54 196 4 59 12
internal_value=-0.000284928 0.00822861 0.0102089 0.0117011 -0.00956571 0.00154734
internal_weight=25.9086 13.572 12.3662 11.2622 12.3366 1.81195
internal_count=873 270 216 200 603 71
is_linear=0
shrinkage=0.02


Tree=462
num_leaves=7
num_cat=0
split_feature=14 28 50 36 32 44
split_gain=3.9267 2.67177 1.50637 0.754333 0.71614 0.625137
threshold=0.038044359955277836 0.062516793501303639 0.0079147402953547753 0.012951512886963175 0.042980393008816939 0.13182266055552369
decision_type=2 2 2 2 2 2
left_child=1 2 3 -1 -4 -3
right_child=-2 5 4 -5 -6 -7
leaf_value=-0.0029563258103885667 -0.0090662632438905707 0.011785015117237953 -0.010757420117201709 0.011151461218140476 0.0035106021049659242 0.0017336436135349284
leaf_weight=2.0104456339031476 10.323053155094383 12.715499250218274 5.5319987516850233 2.6568684093654156 1.2702357359230516 3.4891319759190074
leaf_count=26 318 282 141 21 17 94
internal_value=0.000931967 0.00484763 -0.00243938 0.00562516 -0.00798458 0.00984734
internal_weight=37.9972 27.6742 11.4695 4.66731 6.80223 16.2046
internal_count=899 581 205 47 158 376
is_linear=0
shrinkage=0.02


Tree=463
num_leaves=7
num_cat=0
split_feature=46 15 34 46 14 18
split_gain=6.06832 2.08803 0.730951 0.5843 0.471709 0.455539
threshold=0.0099345188642554916 0.041988979223242039 0.037825141662249262 0.083115024335519247 0.027731579531057305 -0.035266352620417267
decision_type=2 2 2 2 2 2
left_child=2 5 -1 -3 -4 -2
right_child=1 3 4 -5 -6 -7
leaf_value=0.012152288303340213 -0.0041076570905724513 0.0099212232709036136 -0.0071099556009060014 -0.0055852518700732646 0.0059284886407695737 -0.012619210987421817
leaf_weight=9.3903583753854054 4.7871506484225455 2.3668089490383859 1.0242524631321424 0.62414401024579991 1.4572073388844726 11.467279794625936
leaf_count=220 186 42 12 10 31 398
internal_value=-0.000944212 -0.00774336 0.00982315 0.00609669 5.03182e-05 -0.0104958
internal_weight=31.1172 19.2454 11.8718 2.99095 2.48146 16.2544
internal_count=899 636 263 52 43 584
is_linear=0
shrinkage=0.02


Tree=464
num_leaves=7
num_cat=0
split_feature=40 50 24 48 42 49
split_gain=4.25322 2.20678 1.09602 0.442663 0.388852 0.401916
threshold=0.010947436055001388 0.012895622244921684 0.36666666666666675 0.023541853766046356 0.069401674208035766 0.059596399332106947
decision_type=2 2 10 2 2 2
left_child=-1 3 4 -2 5 -3
right_child=1 2 -4 -5 -6 -7
leaf_value=-0.010552809328135199 -0.0087456568589637292 0.01276682975335644 -0.0059736879934431698 0.0028720133759408146 -8.3874078272440006e-05 -0.0017837165887671399
leaf_weight=9.3505086861550826 3.4329796424135592 10.819889269769188 1.0979351764544834 1.2927597770467398 1.1595523105934251 0.56765380501747209
leaf_count=519 90 180 49 30 24 7
internal_value=-0.000209556 0.00532804 0.00924496 -0.00562102 0.0109193 0.0119561
internal_weight=27.7213 18.3708 13.645 4.72574 12.5471 11.3875
internal_count=899 380 260 120 211 187
is_linear=0
shrinkage=0.02


Tree=465
num_leaves=7
num_cat=0
split_feature=42 10 19 45 42 28
split_gain=4.05233 1.74279 1.43881 1.10866 0.96489 1.23106
threshold=0.066252171373528443 1.3823403984168749 -0.0069035704040154014 0.05315849141246682 0.016002451650432133 0.11000076801528812
decision_type=2 2 2 2 2 2
left_child=1 2 4 -3 -1 -6
right_child=-2 3 -4 -5 5 -7
leaf_value=-0.012639537795706824 0.011231815347686245 0.0082093007516286891 0.0072855006441397046 -0.0073816420898229771 -0.0069651255655128388 0.0091599777594004225
leaf_weight=9.3137393742799812 9.0855920277535898 5.6780320238322011 1.8363118208944822 1.6375096496194599 5.8896712344139805 1.6618558615446088
leaf_count=290 278 85 19 45 143 21
internal_value=0.000424636 -0.00362544 -0.00676605 0.00425142 -0.00861816 -0.00276031
internal_weight=35.1027 26.0171 18.7016 7.31554 16.8653 7.55153
internal_count=881 603 473 130 454 164
is_linear=0
shrinkage=0.02


Tree=466
num_leaves=7
num_cat=0
split_feature=42 18 14 47 47 17
split_gain=5.58709 1.80431 1.24324 0.842191 0.680041 0.451412
threshold=-1.0000000180025095e-35 -0.0099576051691529482 0.073335401401556685 -0.042713595315849243 -0.073547459497329354 0.13556547619047621
decision_type=2 2 2 2 2 2
left_child=1 -1 4 -3 -2 -5
right_child=2 3 -4 5 -6 -7
leaf_value=0.012098035944500114 0.0028371820342034089 0.007924552254562121 0.0039427119473535756 -0.010596597438474489 -0.012460073322562149 0.0033171869412981633
leaf_weight=10.641503281891344 0.91691983956843515 1.2460168376564977 2.0683135986328116 2.4627548418939145 11.433512467890976 0.74084299989044655
leaf_count=256 12 17 48 33 505 10
internal_value=-0.00031685 0.00793725 -0.00891035 -0.00240752 -0.0111969 -0.0073553
internal_weight=29.5099 15.0911 14.4187 4.44961 12.3504 3.2036
internal_count=881 316 565 60 517 43
is_linear=0
shrinkage=0.02


Tree=467
num_leaves=7
num_cat=0
split_feature=51 28 31 29 39 58
split_gain=4.84541 1.76757 1.46053 0.873731 0.640365 0.382528
threshold=0.0004980613279487188 -0.011830540826103171 -0.029887033207629428 0.04277074171384903 0.055949519032755621 8.892045454545455
decision_type=2 2 2 2 2 2
left_child=1 -1 -2 -4 5 -3
right_child=2 4 3 -5 -6 -7
leaf_value=0.0081790684374997979 -0.0068192890833996336 -0.012378622894778864 0.012769855534839867 -0.0046715899398005103 0.0047097815683652287 0.002423946447122636
leaf_weight=1.5854129707440741 1.4413337884470809 11.144307514652606 9.8002992998808587 0.77968726679682809 0.50947776436805803 0.42521962709724981
leaf_count=23 80 557 187 17 9 8
internal_value=-0.000212227 -0.00808894 0.00867471 0.0111921 -0.0106863 -0.011685
internal_weight=25.6857 13.6644 12.0213 10.58 12.079 11.5695
internal_count=881 597 284 204 574 565
is_linear=0
shrinkage=0.02


Tree=468
num_leaves=7
num_cat=0
split_feature=14 42 74 53 28 75
split_gain=3.89533 1.82655 1.20326 1.18904 1.08525 0.708163
threshold=-0.025957329147263699 0.061139036361744468 0.02016666666666667 -0.0002829579153249046 0.062516793501303639 0.34325000000000011
decision_type=2 2 2 2 2 2
left_child=4 2 3 -2 -1 -4
right_child=1 -3 5 -5 -6 -7
leaf_value=-0.0046985382795447636 -0.0071748393221779854 0.0076231192429556628 -0.010439601692092416 0.0083492830762982081 0.010944762209014034 0.0034018775618612279
leaf_weight=1.5014269612729538 2.7872379533946514 3.4992895349860182 14.467056345194576 3.1389490813016954 11.138510446995495 1.1674421671777953
leaf_count=36 33 57 452 27 293 19
internal_value=0.00022446 -0.00431364 -0.006503 0.00106616 0.00887834 -0.00926367
internal_weight=37.6999 25.06 21.5607 5.92619 12.6399 15.6345
internal_count=917 588 531 60 329 471
is_linear=0
shrinkage=0.02


Tree=469
num_leaves=7
num_cat=0
split_feature=42 53 15 15 19 2
split_gain=5.42806 1.78239 1.18077 0.833676 0.504113 0.4449
threshold=-1.0000000180025095e-35 0.0091932506639958566 0.070516206618957314 -0.0046567304811337635 -0.04898015559103535 0.2440442427680091
decision_type=2 2 2 2 2 2
left_child=1 3 5 -1 -5 -2
right_child=2 -3 -4 4 -6 -7
leaf_value=-0.0043390249457084312 -1.0577403984510667e-05 -0.0072807593605608628 0.005600073481384419 0.012566782725917373 0.00073138436472750402 -0.011961979808256964
leaf_weight=1.0355577431619156 1.3753885142505158 2.2041853806003919 1.3589140139520157 10.960871318355199 1.7823469098657412 12.417696989141403
leaf_count=12 10 36 24 271 22 542
internal_value=-0.000844372 0.0070767 -0.00912068 0.0097107 0.0110851 -0.0108515
internal_weight=31.135 15.983 15.152 13.7788 12.7432 13.7931
internal_count=917 341 576 305 293 552
is_linear=0
shrinkage=0.02


Tree=470
num_leaves=7
num_cat=0
split_feature=40 39 45 50 29 43
split_gain=4.83233 1.94708 0.96131 0.84148 0.45164 0.400394
threshold=0.010061858577998512 -0.010379005360254474 0.015812383105698161 0.0079147402953547753 -0.037443517601620062 0.013290478925923829
decision_type=2 2 2 2 2 2
left_child=5 2 -2 -3 -4 -1
right_child=1 3 4 -5 -6 -7
leaf_value=-0.011501045790485829 0.0055141437722356816 -0.0024170696966939235 0.0033577831162009486 0.012630680932415855 -0.010625095635986286 0.0026548158042069463
leaf_weight=8.7324103359133005 2.910883808508518 1.3695465838536609 0.67823190055787597 10.746704531833528 3.0903857722878456 0.50634913984686214
leaf_count=507 43 18 17 206 112 14
internal_value=0.000635357 0.00638425 -0.00211738 0.0108752 -0.00793219 -0.0105417
internal_weight=28.0345 18.7958 6.6795 12.1163 3.76862 9.23876
internal_count=917 396 172 224 129 521
is_linear=0
shrinkage=0.02


Tree=471
num_leaves=7
num_cat=0
split_feature=20 44 15 67 46 32
split_gain=3.72013 1.35651 1.2508 1.2237 0.872836 0.70305
threshold=0.11718930288527453 0.077017442196986835 0.062633350414234512 0.086855796603514293 -0.0052076279289635227 0.093417304681933058
decision_type=10 2 2 2 2 2
left_child=1 3 -2 4 -1 -3
right_child=2 5 -4 -5 -6 -7
leaf_value=-0.0063801850505231681 0.011055630079400915 -0.0098896468485285671 -0.0066193706224811364 -0.0056019411010126887 0.010665486887573983 0.0035081595658886765
leaf_weight=0.8334804344922303 10.426498686894773 12.078311029821633 1.1857778038829554 4.7758040577173233 4.2352781537920254 1.2763787629082788
leaf_count=19 315 376 32 82 35 29
internal_value=6.38851e-05 -0.00452786 0.00886903 0.00108655 0.00727313 -0.00845396
internal_weight=34.8115 23.1993 11.6123 9.84456 5.06876 13.3547
internal_count=888 541 347 136 54 405
is_linear=0
shrinkage=0.02


Tree=472
num_leaves=7
num_cat=0
split_feature=42 18 14 48 2 10
split_gain=4.97808 2.05612 1.41719 0.790439 0.569857 0.492425
threshold=-1.0000000180025095e-35 -0.015110818462147622 0.094492715292091176 0.0069253703380776225 0.21231060606060609 2.2117077346796745
decision_type=2 2 2 2 2 2
left_child=1 5 4 -3 -2 -1
right_child=2 3 -4 -5 -6 -7
leaf_value=0.012641521206022356 0.0043874144261318053 0.00508072998536811 0.0061517259675636631 -0.0088601598003580483 -0.011876600527445144 -0.0035827228097474002
leaf_weight=10.058887870982286 0.43139343708753486 1.9689681921154285 1.5813925936818112 2.834561862051487 12.067860214039682 0.38776245340704996
leaf_count=261 4 25 35 43 517 3
internal_value=-0.000563873 0.00713462 -0.00882201 -0.00325497 -0.0110318 0.0117789
internal_weight=29.3308 15.2502 14.0806 4.80353 12.4993 10.4467
internal_count=888 332 556 68 521 264
is_linear=0
shrinkage=0.02


Tree=473
num_leaves=7
num_cat=0
split_feature=40 47 38 20 22 45
split_gain=4.89999 1.52808 0.822407 0.434005 0.416502 0.325727
threshold=0.020335502331026826 -0.01284433322148811 0.064181334306981905 0.11923379943335453 -0.0045471397596985935 -0.013318622181536675
decision_type=2 2 2 10 8 2
left_child=2 5 -1 4 -3 -2
right_child=1 3 -4 -5 -6 -7
leaf_value=-0.011206768546216824 0.003064224631571924 -0.0023972977099517684 0.003948907043468809 -0.0018143597136861791 0.012434852753209342 -0.0088536227202955283
leaf_weight=9.322880210354926 0.80117180570960078 0.49543846771121025 1.1530895493924607 0.7706890534609564 10.745440868660801 1.5724681476131088
leaf_count=580 12 5 16 23 196 56
internal_value=0.000572863 0.00792961 -0.00933984 0.0107024 0.0116387 -0.00511509
internal_weight=24.8612 14.3852 10.476 12.0116 11.2409 2.37364
internal_count=888 292 596 224 201 68
is_linear=0
shrinkage=0.02


Tree=474
num_leaves=7
num_cat=0
split_feature=28 44 15 70 42 39
split_gain=4.10082 1.57064 1.20276 1.16087 0.964345 1.35674
threshold=0.14042933558932616 0.07407757091967207 0.044825023044661003 55.993545939071133 0.029101279320606896 -0.0074109369742668399
decision_type=2 2 2 2 2 2
left_child=1 3 -2 -1 -3 -6
right_child=2 4 -4 -5 5 -7
leaf_value=-0.0064751895927000515 0.01227681000944884 -0.012377288241752354 -0.0053769636158147597 0.0066312822164687688 0.0072422963586105107 -0.010122806659809578
leaf_weight=3.4247891120612639 9.4852662738412601 8.4642341872677189 1.2277876138687123 6.0534029211848974 2.7182850390672684 2.5083676148205987
leaf_count=59 309 307 29 62 23 81
internal_value=0.000262068 -0.00445219 0.00996725 0.00172947 -0.00855817 -0.00137885
internal_weight=33.8821 23.1691 10.7131 9.47819 13.6909 5.22665
internal_count=870 532 338 121 411 104
is_linear=0
shrinkage=0.02


Tree=475
num_leaves=7
num_cat=0
split_feature=46 47 42 30 44 52
split_gain=5.39771 1.86721 0.975062 0.687078 0.598397 0.252889
threshold=0.042158900029689812 -0.019312291195767339 0.048169184565967881 -0.0082992410975778145 0.12039871580808086 0.006779358576421677
decision_type=2 2 2 2 2 2
left_child=1 2 -1 -2 5 -3
right_child=3 4 -4 -5 -6 -7
leaf_value=0.012220449053427774 0.0010114943964655561 0.0014559734649111399 -0.0046623777597172454 -0.01196523841810658 0.0058824860061029065 -0.010482351561913053
leaf_weight=11.310492219403388 1.7379422336816812 0.62125719431788073 1.0179607486352313 10.157669867388899 0.90330218523740757 2.308731347322464
leaf_count=266 44 10 23 464 18 45
internal_value=-0.000372716 0.00698674 0.0105812 -0.0101379 -0.00437107 -0.00822465
internal_weight=28.0574 16.1617 12.3285 11.8956 3.83329 2.92999
internal_count=870 362 289 508 73 55
is_linear=0
shrinkage=0.02


Tree=476
num_leaves=7
num_cat=0
split_feature=40 50 28 39 39 3
split_gain=4.53177 1.547 0.975526 0.799894 0.45035 0.41121
threshold=0.020335502331026826 0.009364992800828047 0.12361181016951613 0.0050493053217591172 0.025897916553492363 0.24253565062388596
decision_type=2 2 2 2 2 2
left_child=3 4 5 -1 -2 -3
right_child=1 2 -4 -5 -6 -7
leaf_value=-0.011913973473026343 -0.0095216859743232629 0.012493322518232958 -0.0060156466919247462 0.0016368612674621079 0.0049089890763691114 -0.0022728434517619214
leaf_weight=8.4019061774015444 1.8149971477687352 10.404177182354028 0.78160617779940444 1.865662584081291 0.52412457391619671 0.50688396394252855
leaf_count=559 52 191 31 26 7 4
internal_value=6.67472e-05 0.0072521 0.0101108 -0.00952498 -0.00578643 0.0116741
internal_weight=24.2994 14.0318 11.6927 10.2676 2.33912 10.9111
internal_count=870 285 226 585 59 195
is_linear=0
shrinkage=0.02


Tree=477
num_leaves=7
num_cat=0
split_feature=14 44 42 67 38 39
split_gain=3.58134 1.6971 1.3836 1.06362 1.04114 0.97738
threshold=-0.028077456079759793 0.077017442196986835 0.03402507614413363 0.088148958213422376 0.060501921201270674 -0.0033239944954707857
decision_type=2 2 2 2 2 2
left_child=4 3 -3 -2 -1 -4
right_child=1 2 5 -5 -6 -7
leaf_value=0.01203383358928658 0.0072366321714103267 -0.011961460569993412 0.0084864167317325809 -0.0043410119842587818 -0.0046044112969984789 -0.0081233498731780891
leaf_weight=9.2466428130865079 6.0452527645975369 9.4508779849857074 2.34366312250495 4.8810337800532579 1.2237582132220257 1.4855201989412297
leaf_count=281 61 332 40 80 29 63
internal_value=0.000608205 -0.00362482 -0.00818083 0.0021343 0.00985731 0.0016949
internal_weight=34.6767 24.2063 13.2801 10.9263 10.4704 3.82918
internal_count=886 576 435 141 310 103
is_linear=0
shrinkage=0.02


Tree=478
num_leaves=7
num_cat=0
split_feature=46 15 46 44 2 2
split_gain=5.15814 2.52457 0.722869 0.612414 0.680746 0.535006
threshold=0.00072863773870476833 0.042779240836650752 0.078356685644693919 0.13342876825054348 0.43244784876140813 0.23317152103559874
decision_type=2 2 2 2 2 2
left_child=-1 3 -3 5 -5 -2
right_child=1 2 -4 4 -6 -7
leaf_value=0.01081893204110445 0.00077016921968331117 0.010522865908947665 -0.0059722457087883528 0.0075431047191616063 -0.0077052727911583784 -0.012871015483195209
leaf_weight=9.0782319754362124 1.1418366823345447 3.0461418237537141 0.71218493115156878 1.1511874571442597 1.5865967907011507 12.001793903298674
leaf_count=225 14 68 13 14 108 444
internal_value=-0.000942641 -0.00664006 0.00679891 -0.0100347 -0.000990908 -0.0117153
internal_weight=28.718 19.6397 3.75833 15.8814 2.73778 13.1436
internal_count=886 661 81 580 122 458
is_linear=0
shrinkage=0.02


Tree=479
num_leaves=7
num_cat=0
split_feature=28 51 20 2 29 39
split_gain=4.25664 1.94905 0.941436 0.714052 0.408769 0.337816
threshold=0.017234676038807618 0.0040407287782345406 0.073376256371049581 0.25098425196850399 -0.079504688548346497 0.039076911401036848
decision_type=2 2 10 2 2 2
left_child=3 4 -3 -1 -2 -6
right_child=1 2 -4 -5 5 -7
leaf_value=-0.002490301476440806 0.0033508714512018312 0.011012182104997085 -0.0041127309814278003 0.012188473690858011 -0.011717963557164042 0.0030086375117733041
leaf_weight=1.1930288700386906 0.40598105639219184 2.4174354150891295 2.4117754176259041 8.2413901537656766 10.35134592466056 0.27605175971984941
leaf_count=29 6 31 86 178 551 5
internal_value=0.000240127 -0.00598144 0.00404887 0.0102715 -0.0103432 -0.0111096
internal_weight=25.297 15.8626 4.82921 9.43442 11.0334 10.6274
internal_count=886 679 117 207 562 556
is_linear=0
shrinkage=0.02


Tree=480
num_leaves=7
num_cat=0
split_feature=14 41 26 44 39 16
split_gain=3.11404 1.98917 1.11633 0.709915 0.690909 0.704496
threshold=0.038044359955277836 0.0071490681792927566 0.022757796638723519 0.062993750448413502 0.040390242592380228 -0.054300893147516842
decision_type=2 2 2 2 2 2
left_child=1 2 4 -2 5 -1
right_child=3 -3 -4 -5 -6 -7
leaf_value=-0.0018903837782228833 0.00085153556797744193 -0.0069310265960469087 -0.0021628426014742596 -0.011239800978562219 -0.0053354501780215439 0.01144277506011159
leaf_weight=1.4765348173677963 2.3885007482022029 4.0909544145688406 3.8006307929754248 6.9988622572273016 0.63465307280421335 14.437728563323619
leaf_count=38 31 119 69 294 21 317
internal_value=0.000877415 0.00462171 0.00716007 -0.00837751 0.00930241 0.0101671
internal_weight=33.8279 24.4405 20.3495 9.38736 16.5489 15.9143
internal_count=889 564 445 325 376 355
is_linear=0
shrinkage=0.02


Tree=481
num_leaves=7
num_cat=0
split_feature=30 42 17 14 14 34
split_gain=4.69047 2.07303 1.35154 0.677051 0.596026 0.309296
threshold=0.0078759962504703507 0.027288067038469799 0.084303506159469341 0.073335401401556685 0.13864306272178917 -0.014666347888682483
decision_type=2 2 2 2 2 2
left_child=1 2 -1 5 -2 -3
right_child=4 3 -4 -5 -6 -7
leaf_value=-0.0059029464927341322 -0.011158582477419415 0.0031361097942269466 0.012422319798325922 0.0063478883785952457 0.0044716120769560507 -0.010640906350308506
leaf_weight=1.2727917507290865 11.292979405261573 0.31677084974944625 10.23292540386319 0.78705847263336171 0.53854611143469888 3.0158716859295955
leaf_count=9 486 4 272 9 17 92
internal_value=-0.00110442 0.00594655 0.0100852 -0.00532432 -0.0101541 -0.0089098
internal_weight=27.4569 15.6254 11.5057 4.1197 11.8315 3.33264
internal_count=889 386 281 105 503 96
is_linear=0
shrinkage=0.02


Tree=482
num_leaves=7
num_cat=0
split_feature=38 41 18 51 42 64
split_gain=4.30627 2.04928 0.96609 0.579588 0.526644 0.258867
threshold=0.066385877602505625 0.0021252109994881756 0.020097596177778069 0.0012591625704996637 0.069401674208035766 0.21019337840524957
decision_type=2 2 2 2 2 2
left_child=1 2 -1 5 -3 -4
right_child=-2 4 3 -5 -6 -7
leaf_value=-0.011919101679570172 0.011520649347999668 0.0097454571711529086 0.0035968149518858417 0.0076513949830972405 -0.0048510032403067047 -0.00841480777269203
leaf_weight=10.036234823986893 7.7553439252078524 2.8975712954998012 0.35699608549475614 1.3612399753183124 0.64465023763477791 1.5441168798133729
leaf_count=566 170 43 6 21 17 66
internal_value=3.39911e-05 -0.00560497 -0.00909199 0.000361159 0.00660589 -0.00569691
internal_weight=24.5962 16.8408 13.2986 3.26235 3.54222 1.90111
internal_count=889 719 659 93 60 72
is_linear=0
shrinkage=0.02


Tree=483
num_leaves=7
num_cat=0
split_feature=14 28 67 34 21 52
split_gain=3.35306 2.18611 1.12008 0.924673 0.787048 0.74762
threshold=0.017937086023635297 0.062516793501303639 0.069329080559062631 0.095827435757271026 -0.0075477129521909934 0.028599188681825774
decision_type=2 2 2 2 10 2
left_child=1 2 -1 -2 -4 -6
right_child=3 -3 4 -5 5 -7
leaf_value=0.0077238431274239136 -0.0092761709136909652 0.010284725765434478 -0.010257831112352322 0.0052887200837176277 0.010317057530427744 -0.0068023634763277555
leaf_weight=2.3986935913562792 10.419327997602521 13.439158314839004 4.4738492527976632 1.3888010997325171 1.1990529308095577 0.98098689317703236
leaf_count=23 358 344 97 17 8 34
internal_value=0.000977974 0.0054409 -0.00205783 -0.00728396 -0.0061325 0.00289693
internal_weight=34.2999 22.4917 9.05258 11.8081 6.65389 2.18004
internal_count=881 506 162 375 139 42
is_linear=0
shrinkage=0.02


Tree=484
num_leaves=7
num_cat=0
split_feature=46 30 45 47 44 15
split_gain=5.22014 1.64515 1.22617 0.522509 0.438469 0.360576
threshold=0.0099345188642554916 0.0051276790828918848 0.052930987243414877 -0.078822181369726671 0.039237907562878906 0.018849244447484852
decision_type=2 2 2 2 2 2
left_child=4 2 3 -2 -1 -5
right_child=1 -3 -4 5 -6 -7
leaf_value=0.00033780268785724621 0.0054357359206412279 -0.011922537881655908 0.0080497916275135591 -0.011315381943899236 0.011632945449572361 0.0023509600274077415
leaf_weight=1.6685695182532096 0.55306719616055477 10.24159317743033 3.2944826567545533 2.9916238365694912 8.8491332642734033 0.58213238045573223
leaf_count=19 7 466 72 55 250 12
internal_value=-0.000582164 -0.00709771 0.000185783 -0.00643774 0.0100259 -0.00906196
internal_weight=28.1806 17.6629 7.42131 4.12682 10.5177 3.57376
internal_count=881 612 146 74 269 67
is_linear=0
shrinkage=0.02


Tree=485
num_leaves=7
num_cat=0
split_feature=38 41 38 7 66 6
split_gain=4.43801 1.94372 0.945793 0.569237 0.342084 0.297015
threshold=0.060501921201270674 -0.0013483051659850872 0.002484236894325875 24.191876666666669 0.20454205886747351 234.2883300166383
decision_type=2 2 2 2 2 2
left_child=1 3 -3 -1 -5 -2
right_child=5 2 -4 4 -6 -7
leaf_value=0.0026530851199440164 0.012308851625088789 -0.0061895730854452588 0.0093721412501942443 -0.01229035101414171 0.0029855841440749554 -0.00036524390059232691
leaf_weight=0.85141838248819546 6.7884586304426184 1.6628372110426433 3.0912634944543242 10.656926851719614 0.25038024038076478 0.75465745292603958
leaf_count=11 150 26 45 636 2 11
internal_value=-0.000699812 -0.00643874 0.00379939 -0.0105514 -0.0117184 0.0111465
internal_weight=24.0559 16.5128 4.7541 11.7587 10.9073 7.54312
internal_count=881 720 71 649 638 161
is_linear=0
shrinkage=0.02


Tree=486
num_leaves=7
num_cat=0
split_feature=14 11 68 1 64 39
split_gain=3.54962 1.39219 1.02042 0.705092 0.638733 0.631937
threshold=-0.025957329147263699 0.74576603896455851 0.57517123287671235 0.30455486542443072 0.30649538866930176 0.0015903194808773726
decision_type=2 2 2 2 2 2
left_child=5 2 3 -2 -4 -1
right_child=1 -3 4 -5 -6 -7
leaf_value=0.011462062454325879 -4.3609030478079108e-05 0.0070265766081554059 -0.0044868980720722982 -0.010713527582904406 0.0074292265595945067 -0.00025401723512588593
leaf_weight=8.88469593785703 3.1093355640769067 3.0480814110487691 2.7943515162914982 11.348047505132852 2.4649935998022556 2.2105715759098521
leaf_count=295 41 40 73 385 33 40
internal_value=0.000492673 -0.0040105 -0.00597358 -0.00857004 0.00139269 0.00929979
internal_weight=33.8601 22.7648 19.7167 14.4574 5.25935 11.0953
internal_count=907 572 532 426 106 335
is_linear=0
shrinkage=0.02


Tree=487
num_leaves=7
num_cat=0
split_feature=50 15 14 35 34 47
split_gain=3.97874 1.67161 1.04063 0.667332 0.639993 0.540197
threshold=0.0061653258800265518 0.085978486056971712 0.015391834820336655 -0.0020429483466101041 0.022451786745528893 -0.045899222034467772
decision_type=2 2 2 2 2 2
left_child=2 5 3 4 -1 -2
right_child=1 -3 -4 -5 -6 -7
leaf_value=0.0081202230886588782 -0.0012304611183288426 0.0077302603881773679 0.0106973884665499 -0.009003439269641202 -0.0058538850671771663 -0.012456394651038576
leaf_weight=2.9159119743853807 2.3088013511151066 1.5967269930988539 8.1336965486407262 1.378229671157899 1.117698863148689 10.016516000032423
leaf_count=35 67 38 216 18 45 488
internal_value=-0.000896749 -0.00812382 0.00657905 -0.000313628 0.00385435 -0.0106037
internal_weight=27.4676 13.922 13.5455 5.41184 4.03361 12.3253
internal_count=907 593 314 98 80 555
is_linear=0
shrinkage=0.02


Tree=488
num_leaves=7
num_cat=0
split_feature=47 28 28 22 48 18
split_gain=4.45755 3.13904 0.454226 0.409949 0.367568 0.302669
threshold=-0.007419507890758458 0.10291348220514096 -0.014787535095022194 -0.0026048628017904247 -0.00066981565225935475 0.13776394813577578
decision_type=2 2 2 8 2 2
left_child=2 3 -1 -2 -3 -4
right_child=1 4 5 -5 -6 -7
leaf_value=0.0036494519716446096 -0.002202849821745065 0.0037915870619449894 -0.012127358892773063 0.01184169444016969 -0.010723653048217461 0.0027624773597838843
leaf_weight=0.41476273443549772 0.58307185024023056 0.32152801379561458 8.0942290299572051 11.824798247776922 3.0380720905959597 0.22775856405496675
leaf_count=6 7 4 483 232 173 2
internal_value=0.00032754 0.00656556 -0.0104485 0.0110666 -0.00878342 -0.0114672
internal_weight=24.5042 15.7675 8.73675 12.4079 3.3596 8.32199
internal_count=907 416 491 239 177 485
is_linear=0
shrinkage=0.02


Tree=489
num_leaves=7
num_cat=0
split_feature=14 28 44 1 29 44
split_gain=2.91731 1.87079 1.25906 1.26719 0.598089 0.586603
threshold=0.038044359955277836 0.10011550074792687 0.076329722014115683 0.39114089571755478 0.04929545956174531 0.063677384158751321
decision_type=2 2 2 2 2 2
left_child=1 2 3 -1 -4 -2
right_child=5 -3 4 -5 -6 -7
leaf_value=-0.0025027387406924956 0.00068198499877616481 0.010106081468255928 -0.0093240131866072495 0.012417720198042666 0.0057440201102740276 -0.010768264192699386
leaf_weight=4.4260049257427472 2.1705219093710166 11.377732899039982 5.0723831355571747 3.1645362935960293 0.57383015938103188 6.8477494409307837
leaf_count=58 31 340 146 20 4 295
internal_value=0.000961555 0.00451485 -0.000663402 0.00443909 -0.00715879 -0.00821942
internal_weight=33.6328 24.6145 13.2368 7.59054 5.64621 9.01827
internal_count=894 568 228 78 150 326
is_linear=0
shrinkage=0.02


Tree=490
num_leaves=7
num_cat=0
split_feature=46 15 46 50 44 16
split_gain=4.62713 1.86605 0.635424 0.615597 1.0887 0.542222
threshold=0.0099345188642554916 0.041988979223242039 0.078356685644693919 0.0054817897189254339 0.084070205335344816 0.056327132331911119
decision_type=2 2 2 2 2 2
left_child=5 3 -3 4 -2 -1
right_child=1 2 -4 -5 -6 -7
leaf_value=0.011050016228762441 -0.01079846848644622 0.0099519609424613339 -0.0058125538300054496 -0.012166443784360858 0.0061092256183608038 -0.0030136929129223329
leaf_weight=9.0146388988941908 1.9780052499845648 2.4308762773871417 0.6959059266373514 10.220711489208041 2.1930612875148654 0.81102359294891435
leaf_count=246 38 49 15 493 41 12
internal_value=-0.000694197 -0.00674353 0.00588507 -0.00969134 -0.00244645 0.00971802
internal_weight=27.3442 17.5186 3.12678 14.3918 4.17107 9.82566
internal_count=894 636 64 572 79 258
is_linear=0
shrinkage=0.02


Tree=491
num_leaves=7
num_cat=0
split_feature=41 47 10 31 30 42
split_gain=3.52381 1.68102 1.22892 0.58219 0.489605 0.281876
threshold=0.0021252109994881756 -0.0028562965119561311 1.3823403984168749 -0.028064388438153089 0.10470038843040542 0.066252171373528443
decision_type=2 2 2 2 2 2
left_child=1 -1 5 -2 -4 -3
right_child=3 2 4 -5 -6 -7
leaf_value=-0.011681264269100678 -0.0025106315961376385 0.0091811547378998944 -0.010106787664880816 0.011233985540196618 0.0043098420163502852 -0.0026801340349757582
leaf_weight=8.2896195291541499 1.0702060675248501 3.6167075876146582 2.6955307167954747 7.1926209144294244 0.63527729548513878 0.50482619507238258
leaf_count=491 20 62 127 157 14 23
internal_value=-0.000544889 -0.00600068 0.000952566 0.00937492 -0.00699688 0.00748869
internal_weight=24.0048 15.742 7.45234 8.26283 3.33081 4.12153
internal_count=894 717 226 177 141 85
is_linear=0
shrinkage=0.02


Tree=492
num_leaves=7
num_cat=0
split_feature=42 44 6 41 42 53
split_gain=2.94983 2.08589 1.10544 1.02045 0.992238 1.12098
threshold=0.067562508859348197 0.077017442196986835 24.973662964876038 0.004995613885987499 0.029697077460477107 0.014589847143679743
decision_type=2 2 2 2 2 2
left_child=1 2 -1 -4 -3 -6
right_child=-2 4 3 -5 5 -7
leaf_value=-0.0062091211072068057 0.011251727079115098 -0.010571637530660016 0.0095832373791272761 -0.0061948327494206522 0.0077307070724627136 -0.0088555861788585117
leaf_weight=2.570621948689225 7.3366066571325055 9.7556437570601684 7.7515653651207668 1.2906842622905967 2.6724859783425918 1.9323572395369408
leaf_count=42 270 360 99 36 43 59
internal_value=0.000875172 -0.00236434 0.00376659 0.00693848 -0.00724467 0.000432335
internal_weight=33.31 25.9734 11.6129 9.04225 14.3605 4.60484
internal_count=909 639 177 135 462 102
is_linear=0
shrinkage=0.02


Tree=493
num_leaves=7
num_cat=0
split_feature=47 44 48 50 7 15
split_gain=4.17268 1.32738 0.856938 0.70285 0.613467 0.526652
threshold=-0.033128486122741649 0.13342876825054348 0.017572877335401117 0.0083438431466148748 580.6271498362122 0.085978486056971712
decision_type=2 2 2 2 2 2
left_child=2 5 4 -3 -1 -2
right_child=1 3 -4 -5 -6 -7
leaf_value=0.011819577735010056 -0.011766277344055472 0.0089398552586608376 -0.00073253017439960241 -0.0057390511995158997 -0.0044782863093479723 0.0035217403606055829
leaf_weight=8.1324354680255055 11.031715082935985 1.8833085065707558 3.6214351700618854 1.4737389292567966 0.51432096306234676 0.54099483415484506
leaf_count=230 415 39 103 97 9 16
internal_value=-0.000949978 -0.00781946 0.0073691 0.00265764 0.0104864 -0.0108283
internal_weight=27.1979 14.9298 12.2682 3.35705 8.64676 11.5727
internal_count=909 567 342 136 239 431
is_linear=0
shrinkage=0.02


Tree=494
num_leaves=7
num_cat=0
split_feature=51 31 41 26 30 18
split_gain=3.73231 1.39303 1.19742 0.537191 0.525345 0.392407
threshold=0.0004980613279487188 -0.033201624032985037 0.0064147967711978412 -0.065473547012296227 0.10846830337247403 0.13776394813577578
decision_type=2 2 2 2 2 2
left_child=2 -2 4 -3 5 -1
right_child=1 3 -4 -5 -6 -7
leaf_value=-0.011602291943170763 -0.007323201373109837 -0.00062960283095611679 0.0048738051834203225 0.012321331295687585 0.0033639105273399477 0.0036964397081898324
leaf_weight=9.8085243324749154 1.3361854921095062 1.3751934841275204 2.1061568865552536 8.3538410868495685 0.69003120763227421 0.26934680342674333
leaf_count=564 78 31 32 182 21 1
internal_value=-0.000129903 0.00801046 -0.0071996 0.0106027 -0.00977459 -0.0108966
internal_weight=23.9393 11.0652 12.8741 9.72903 10.7679 10.0779
internal_count=909 291 618 213 586 565
is_linear=0
shrinkage=0.02


Tree=495
num_leaves=7
num_cat=0
split_feature=14 44 38 70 42 5
split_gain=3.61372 1.68959 1.30149 1.16769 1.03143 0.60758
threshold=-0.024657253961934047 0.07407757091967207 0.064181334306981905 56.693240454076381 0.07569169988431669 0.423494983277592
decision_type=2 2 2 2 2 2
left_child=2 3 -1 -2 -3 -5
right_child=1 4 -4 5 -6 -7
leaf_value=0.011757048558478657 -0.0066381330348823479 -0.011386626849080326 -0.0064099357305092575 -0.0012863922011051086 0.0047391913853035332 0.010525725893781129
leaf_weight=9.3292411211878079 3.4230731595307606 10.247129824943839 1.2071444690227497 2.4087002240121365 1.28378659300506 3.8532895687967539
leaf_count=310 61 415 28 36 31 31
internal_value=0.000225593 -0.00449699 0.00930046 0.00162269 -0.00935634 0.00643067
internal_weight=31.7524 21.216 10.5364 9.68506 11.5309 6.26199
internal_count=912 574 338 128 446 67
is_linear=0
shrinkage=0.02


Tree=496
num_leaves=7
num_cat=0
split_feature=46 47 44 14 14 7
split_gain=4.63817 1.7555 0.968278 0.577802 0.486693 0.442422
threshold=0.042158900029689812 -0.01284433322148811 0.039237907562878906 0.10047655244740152 -0.022171798655185437 124.93670196681727
decision_type=2 2 2 2 2 2
left_child=1 2 5 -2 -4 -1
right_child=3 -3 4 -5 -6 -7
leaf_value=0.0049805560499744548 -0.011565267248184803 -0.006890126634115229 -0.0021848020820210293 0.0036291117641709982 0.012453367736290076 -0.0078887198462505408
leaf_weight=1.1611567363142961 9.7197112878784502 2.6390480492264059 0.69207381922751565 0.64992027916014272 10.150621565058826 1.182318892329931
leaf_count=12 501 54 13 19 294 19
internal_value=-0.000527603 0.00615983 0.0090732 -0.0103775 0.0114134 -0.00192971
internal_weight=26.1949 15.8252 13.1862 10.3696 10.8427 2.34348
internal_count=912 392 338 520 307 31
is_linear=0
shrinkage=0.02


Tree=497
num_leaves=7
num_cat=0
split_feature=40 47 28 37 38 28
split_gain=3.72261 2.35541 1.13288 0.748227 0.47445 0.329974
threshold=0.010061858577998512 -0.017096219207920742 0.11290454205342343 0.023441913679200215 0.064181334306981905 -0.0067340594566934605
decision_type=2 2 2 2 2 2
left_child=4 5 3 -3 -1 -2
right_child=1 2 -4 -5 -6 -7
leaf_value=-0.011918473676480475 0.0031938866474558675 0.012835303141732684 -0.0047368605430835294 -0.0051265734278223762 0.002732214757759489 -0.010247172150803533
leaf_weight=6.8227736870758262 0.41750437580049071 10.497139979153864 1.4017303525470204 0.48823369853198606 0.62367333658039559 2.6431258330121645
leaf_count=514 7 206 46 4 9 126
internal_value=0.000291259 0.005822 0.0096035 0.0116759 -0.0105132 -0.00807864
internal_weight=22.8942 15.4477 12.3871 10.9854 7.44645 3.06063
internal_count=912 389 256 210 523 133
is_linear=0
shrinkage=0.02


Tree=498
num_leaves=7
num_cat=0
split_feature=42 41 44 23 68 26
split_gain=3.16864 1.80451 1.27909 0.730585 0.672138 0.590338
threshold=0.026636157182937787 0.0021252109994881756 0.082792401536174842 99.22987375000001 0.57517123287671235 -0.058719221312986951
decision_type=2 2 2 8 2 2
left_child=2 -2 3 -1 5 -5
right_child=1 -3 -4 4 -6 -7
leaf_value=-0.0082181314457341545 0.010363382982991888 -0.0043485414918862774 -0.010556489118192694 0.0062957531239985123 0.010931053311981057 -0.0082821405841668767
leaf_weight=1.4548797588795439 12.304761775769295 3.8203238043934098 7.9819988356903195 1.0677083674818277 2.2442582752555609 1.480369845405221
leaf_count=39 364 115 307 11 14 36
internal_value=0.00095254 0.00682747 -0.0057163 0.00107126 0.0048233 -0.00212086
internal_weight=30.3543 16.1251 14.2292 6.24722 4.79234 2.54808
internal_count=886 479 407 100 61 47
is_linear=0
shrinkage=0.02


Tree=499
num_leaves=7
num_cat=0
split_feature=42 47 45 50 47 71
split_gain=4.53481 1.5435 0.859089 0.819234 0.24014 0.176399
threshold=-1.0000000180025095e-35 -0.026051124785198772 0.036940442947567549 -0.0010987961157749974 -0.045312902118471339 -99.018218398470495
decision_type=2 2 2 2 2 2
left_child=1 -1 5 -2 -5 -3
right_child=3 2 -4 4 -6 -7
leaf_value=0.011943958687609543 0.0035504354122584125 0.0014765105559845235 0.0065641030385932006 -0.0027195875003039926 -0.012377060249570375 -0.0096884182802393776
leaf_weight=8.1390148717910034 1.2930341837927706 0.39464996848255385 1.8859968865290282 1.8952112365514029 8.7913973443210089 2.2767422031611235
leaf_count=238 31 7 36 64 478 32
internal_value=-0.000876633 0.0071853 -0.00193315 -0.00931622 -0.0110436 -0.0080861
internal_weight=24.676 12.6964 4.55739 11.9796 10.6866 2.67139
internal_count=886 313 75 573 542 39
is_linear=0
shrinkage=0.02


Tree=500
num_leaves=7
num_cat=0
split_feature=41 31 52 28 10 33
split_gain=3.89582 1.39808 0.857212 0.529418 0.37155 0.199573
threshold=0.0021252109994881756 -0.0091796901111818301 0.024300245263138311 0.11290454205342343 0.89503436618685861 0.015192967050591715
decision_type=2 2 2 2 2 2
left_child=1 -1 4 5 -3 -2
right_child=3 2 -4 -5 -6 -7
leaf_value=-0.011204043512685249 0.012295806988063304 0.0036068784890828961 0.007819781087717019 -0.0023886509931981162 -0.0096885304994887272 -0.00056062450836202036
leaf_weight=8.5862707369960827 6.8251210227608663 0.60337658785283865 2.7779914690181613 0.89966343063861121 1.7000111383385954 0.42418738827109326
leaf_count=606 158 14 61 15 24 8
internal_value=-0.000322474 -0.00669759 0.00150741 0.00993337 -0.0061682 0.0115668
internal_weight=21.8166 13.6676 5.08138 8.14897 2.30339 7.24931
internal_count=886 705 99 181 38 166
is_linear=0
shrinkage=0.02


Tree=501
num_leaves=7
num_cat=0
split_feature=28 14 38 46 64 28
split_gain=2.9064 1.45196 1.53864 1.14282 1.00973 0.749924
threshold=0.14373778746385865 0.037088223916494946 0.066385877602505625 -1.0000000180025095e-35 0.20495926862279426 -0.0047320439599957262
decision_type=2 2 2 2 2 2
left_child=1 2 3 -1 -5 -6
right_child=-2 -3 -4 4 5 -7
leaf_value=-0.0085733844827424795 0.010158023071292644 -0.010069600641998166 -0.010342390300302587 -0.007423319643016759 -0.0058571305393406853 0.010125143810229931
leaf_weight=1.5908402986824501 8.6217452362179738 6.6375249391421667 2.9680400090292087 1.0856399498879969 0.68145384080707749 8.7034415788948536
leaf_count=39 323 291 106 18 14 80
internal_value=0.000974719 -0.00296645 0.000603053 0.0038821 0.00635697 0.00851239
internal_weight=30.2887 21.6669 15.0294 12.0614 10.4705 9.3849
internal_count=871 548 257 151 112 94
is_linear=0
shrinkage=0.02


Tree=502
num_leaves=7
num_cat=0
split_feature=42 19 15 15 49 50
split_gain=3.61024 1.36167 0.863702 0.697899 0.55985 0.447844
threshold=0.0065093999710058572 -0.04898015559103535 0.070516206618957314 -0.0027622649411984542 -0.035146307695518533 -0.001764693880439991
decision_type=2 2 2 2 2 2
left_child=1 3 5 -1 -3 -2
right_child=2 4 -4 -5 -6 -7
leaf_value=-0.0036806136045384129 0.0020650958355798873 0.0058665842066563728 0.0048307589776893194 0.010793776262855478 -0.0092363314886831274 -0.011813829558607174
leaf_weight=1.0369862969964732 0.72302302159368892 0.63070052303373847 1.0572070516645897 9.1956504154950363 2.1472351690754321 9.3747422890737635
leaf_count=16 19 6 22 268 30 510
internal_value=-0.00103393 0.00592766 -0.00897323 0.00912984 -0.00516215 -0.0107235
internal_weight=24.1655 13.0106 11.155 10.2326 2.77794 10.0978
internal_count=871 320 551 284 36 529
is_linear=0
shrinkage=0.02


Tree=503
num_leaves=7
num_cat=0
split_feature=51 28 28 47 49 58
split_gain=3.38098 1.9974 0.983396 0.866691 0.369385 0.347555
threshold=0.0040407287782345406 -0.0067340594566934605 0.11352590537522925 0.049179425362318695 0.070041271387394882 8.892045454545455
decision_type=2 2 2 2 2 2
left_child=1 -1 4 5 -2 -3
right_child=2 3 -4 -5 -6 -7
leaf_value=0.0091385853435131184 0.011823454499294785 -0.01233900846484785 -0.0063762165242333595 0.0037360787771509485 -0.0023419925464737115 0.0025690954349984734
leaf_weight=1.9077912457287318 7.6636697333306039 9.5136779528111184 0.88184676505625326 1.2151824091561145 0.4783315211534499 0.33420828683301884
leaf_count=32 175 558 66 28 6 6
internal_value=-0.000194752 -0.00654587 0.00867663 -0.00978396 0.0108261 -0.0116429
internal_weight=21.9947 12.9709 9.02385 11.0631 8.142 9.84789
internal_count=871 624 247 592 181 564
is_linear=0
shrinkage=0.02


Tree=504
num_leaves=7
num_cat=0
split_feature=42 74 34 42 15 31
split_gain=2.70426 1.76656 1.78475 1.04258 0.562429 0.612639
threshold=0.069401674208035766 0.018750000000000003 0.067416407528021596 -0.00069543678388788918 -0.00098432679956039358 -0.036372865033237035
decision_type=2 2 2 2 2 2
left_child=1 3 4 -1 5 -3
right_child=-2 2 -4 -5 -6 -7
leaf_value=-0.007710182023073958 0.010967109139024376 0.0057765471780040342 0.0049426488958436059 0.0093841719046857085 -0.011960673845478376 -0.006961897994518784
leaf_weight=1.03802796266973 6.4544431539252392 1.4150271611288188 4.0064415764063588 5.12548021599651 8.9537267433479375 3.3448022138327422
leaf_count=13 251 18 94 42 385 84
internal_value=0.000412182 -0.00276636 -0.00590843 0.0058308 -0.00919906 -0.00282952
internal_weight=30.3379 23.8835 17.72 6.16351 13.7136 4.75983
internal_count=887 636 581 55 487 102
is_linear=0
shrinkage=0.02


Tree=505
num_leaves=7
num_cat=0
split_feature=46 14 53 16 47 5
split_gain=4.8216 1.50855 0.493853 0.478072 0.269042 0.236507
threshold=0.0099345188642554916 0.098794683996080004 0.013083639785097049 -0.057661772848525965 -0.010313951986804777 0.99074074074074081
decision_type=2 2 2 2 2 2
left_child=2 3 4 -2 -1 -5
right_child=1 -3 -4 5 -6 -7
leaf_value=0.011648836974015173 0.0010725167431906693 0.0064582116180596548 -0.0032625788117422402 -0.011631462260504112 -0.0020105506278765509 0.00052516992671406532
leaf_weight=8.5084979869425279 1.2577529121190298 1.953417028300463 0.63888942450285036 11.573732837103304 0.3269262835383423 0.58566242549568492
leaf_count=251 49 51 8 516 5 7
internal_value=-0.000819304 -0.00756986 0.00980953 -0.00991851 0.0109904 -0.0110505
internal_weight=24.8449 15.3706 9.47431 13.4171 8.83542 12.1594
internal_count=887 623 264 572 256 523
is_linear=0
shrinkage=0.02


Tree=506
num_leaves=7
num_cat=0
split_feature=40 50 38 28 51 51
split_gain=3.48161 1.80062 0.768239 0.688863 0.556609 0.421547
threshold=0.020335502331026826 0.011526222727482568 0.10063666693797427 0.15821555117422115 0.0040407287782345406 0.043335620324124538
decision_type=2 2 2 2 2 2
left_child=2 4 -1 5 -2 -3
right_child=1 3 -4 -5 -6 -7
leaf_value=-0.010803909718149141 -0.0086786841497007803 0.012732883582769037 0.0047606377323324732 -0.0048720208745650579 0.0059167624708231868 -0.0025079068432019942
leaf_weight=7.8608665103092807 2.6674349573440845 9.0670241229236073 0.89905846118926991 0.5543038025498398 0.66176026500761498 0.46107468381524164
leaf_count=570 70 192 15 25 8 7
internal_value=0.00035638 0.00658838 -0.00888237 0.0105524 -0.00508091 0.0118272
internal_weight=22.1715 13.4116 8.75992 10.0824 3.3292 9.5281
internal_count=887 302 585 224 78 199
is_linear=0
shrinkage=0.02


Tree=507
num_leaves=7
num_cat=0
split_feature=28 44 47 15 47 22
split_gain=3.00532 1.51776 1.05063 1.00661 0.895346 0.598794
threshold=0.14042933558932616 0.076329722014115683 0.0011485658930781991 0.043369965740664443 -0.042713595315849243 0.081753393839312641
decision_type=2 2 2 2 2 10
left_child=1 2 4 -2 -1 -3
right_child=3 5 -4 -5 -6 -7
leaf_value=-0.0028178595897300034 0.011617254164471607 -0.010303910879867517 -0.0070402146710124612 -0.0052545521021821109 0.010775557915938727 0.0035511692298493373
leaf_weight=2.6102655157446861 7.4736743588000518 10.327078103087839 2.9179949853569269 1.0954349441453812 3.995929125696426 0.91239922307431776
leaf_count=46 306 388 65 31 27 22
internal_value=-0.000211471 -0.00431199 0.00152764 0.00913672 0.00574015 -0.00898093
internal_weight=29.3328 20.7637 9.52419 8.56911 6.60619 11.2395
internal_count=885 548 138 337 73 410
is_linear=0
shrinkage=0.02


Tree=508
num_leaves=7
num_cat=0
split_feature=30 50 14 44 50 15
split_gain=3.72106 0.994079 0.846879 0.800682 0.70401 0.353508
threshold=-1.0000000180025095e-35 0.0034695073532156201 0.0200722964809328 0.077496724546692666 0.0050188567276891393 0.12224291814416888
decision_type=2 2 2 2 2 2
left_child=2 3 4 -2 -1 -3
right_child=1 5 -4 -5 -6 -7
leaf_value=0.00741196751908073 -0.0071626105810414786 -0.011937587234754592 0.011286207699297153 0.0071615119546857807 -0.0063464660989328682 0.002547010723900948
leaf_weight=1.7853333409875651 1.959904952906071 7.9880941696464998 7.4502510260790586 2.30664121825248 2.1931920209899545 0.38700640574097622
leaf_count=39 30 470 232 50 55 9
internal_value=-0.000220696 -0.00742458 0.00770394 0.000470879 7.61903e-05 -0.011068
internal_weight=24.0704 12.6416 11.4288 4.26655 3.97853 8.3751
internal_count=885 559 326 80 94 479
is_linear=0
shrinkage=0.02


Tree=509
num_leaves=7
num_cat=0
split_feature=38 40 40 47 39 28
split_gain=3.98656 1.38917 0.638864 0.445834 0.409074 0.296437
threshold=0.018116670719786829 0.0086757286053503555 0.063346924425216708 -0.01650227738643564 0.0015903194808773726 0.11857420737997715
decision_type=2 2 2 2 2 2
left_child=2 -2 4 -3 -1 -5
right_child=1 3 -4 5 -6 -7
leaf_value=-0.011869522848115819 -0.0055178424743955413 -0.0011801031082624858 0.0053554152866479706 0.012617038851130436 0.0020013980310083905 -0.00035113306647092544
leaf_weight=7.5062085627578199 2.0315228020772329 1.0070815701037634 0.51327408477664072 8.6057306174188817 0.65192042570561159 0.70341652398929078
leaf_count=552 77 16 3 207 13 17
internal_value=0.000542593 0.00760441 -0.0092597 0.0104478 -0.0106636 0.0116981
internal_weight=21.0192 12.3478 8.6714 10.3162 8.15813 9.30915
internal_count=885 317 568 240 565 224
is_linear=0
shrinkage=0.02


Tree=510
num_leaves=7
num_cat=0
split_feature=14 41 46 42 51 44
split_gain=2.769 1.64632 1.08682 0.92856 0.538653 0.492284
threshold=0.037088223916494946 0.0071490681792927566 0.002138375346397423 -0.00069543678388788918 -0.0018668607161020183 0.063677384158751321
decision_type=2 2 2 2 2 2
left_child=1 2 -1 -4 -3 -2
right_child=5 4 3 -5 -6 -7
leaf_value=-0.0048403267523454609 -0.00019139201737673758 0.0040212191522120272 -0.0028156958852918741 0.010761800904866557 -0.0095258243187641353 -0.010680495346737489
leaf_weight=1.9593757065013147 2.4403379391878826 1.0241915481165054 1.9090271629393161 13.930847893469027 2.8817015830427399 6.1184170944616199
leaf_count=40 40 14 24 365 108 296
internal_value=0.00104415 0.00481525 0.00734963 0.0090554 -0.00587797 -0.00802266
internal_weight=30.2639 21.7051 17.7993 15.8399 3.90589 8.55876
internal_count=887 551 429 389 122 336
is_linear=0
shrinkage=0.02


Tree=511
num_leaves=7
num_cat=0
split_feature=15 47 42 53 50 18
split_gain=3.77009 1.80144 0.924659 0.691009 0.376447 0.229908
threshold=0.038827151055179247 -0.044446194424006845 0.031135710631233313 0.0092763474914108034 -0.0013492793755086408 -0.10319348590014722
decision_type=2 2 2 2 2 2
left_child=1 2 -1 -2 -3 -6
right_child=3 4 -4 -5 5 -7
leaf_value=0.0091237791273575883 0.011772254018909403 9.4943871660900511e-05 -0.0069285999888936932 -0.0027113709171877032 0.00091006217626844646 -0.011933822224696741
leaf_weight=3.0884738536551621 6.887075890786944 1.2566946418955947 1.3325193300843237 1.1861235778778789 0.44381277635693805 10.056123897433276
leaf_count=59 222 26 56 32 25 467
internal_value=-0.000885163 -0.00636132 0.00389988 0.00958 -0.0102232 -0.011359
internal_weight=24.2508 16.1776 4.42099 8.0732 11.7566 10.4999
internal_count=887 633 115 254 518 492
is_linear=0
shrinkage=0.02


Tree=512
num_leaves=7
num_cat=0
split_feature=41 28 30 30 48 42
split_gain=3.66267 1.13155 0.832225 0.573427 0.52963 0.341951
threshold=-0.0013483051659850872 0.01640268108632326 0.001542903024573779 0.10529813348006277 0.024701037045776735 0.087740257081164633
decision_type=2 2 2 2 2 2
left_child=1 4 -2 -3 -1 -4
right_child=2 3 5 -5 -6 -7
leaf_value=-0.0062761581764602713 -0.004192288869445282 -0.011477541344536879 0.012336891479756171 0.0033743171263690116 0.0074235843735456757 -0.0015291501950481805
leaf_weight=0.85140840336680712 1.1301040109246949 8.9887931854464078 6.9533601328730583 0.72104375530034381 2.1459524026140571 0.55503337085247029
leaf_count=31 11 592 170 25 38 20
internal_value=-0.000460629 -0.00708423 0.00900678 -0.0101626 0.00293556 0.0112526
internal_weight=21.3457 12.7072 8.6385 9.70984 2.99736 7.50839
internal_count=887 686 201 617 69 190
is_linear=0
shrinkage=0.02


Tree=513
num_leaves=7
num_cat=0
split_feature=14 37 34 51 20 44
split_gain=2.73257 1.08571 0.949468 0.938935 0.601296 0.535641
threshold=-0.025957329147263699 -0.00031055146315158913 0.037825141662249262 -9.3298650568181818e-05 0.061195892685062682 0.049406511473079763
decision_type=2 2 2 2 8 2
left_child=4 2 -2 -3 -1 -4
right_child=1 3 5 -5 -6 -7
leaf_value=-0.0020705207041895935 -0.0080858920079118178 0.011438437023714087 0.0089800916768384871 -0.0066607679667479679 0.011084514297101061 -0.0032367890270187829
leaf_weight=1.3118163216859118 12.545511053875094 2.325856596231461 1.6074513960629695 0.95456960517913003 7.8705437332391739 2.3732428653165698
leaf_count=33 393 26 18 46 301 83
internal_value=0.00071799 -0.00346078 -0.00553633 0.00584607 0.00918638 0.00250902
internal_weight=28.989 19.8066 16.5262 3.28043 9.18236 3.98069
internal_count=900 566 494 72 334 101
is_linear=0
shrinkage=0.02


Tree=514
num_leaves=7
num_cat=0
split_feature=46 15 58 46 7 18
split_gain=4.19394 1.48457 0.600866 0.575672 0.366453 0.269237
threshold=0.0099345188642554916 0.041988979223242039 4.7250000000000005 0.078356685644693919 378.31730255275448 -0.05249078151933833
decision_type=2 2 2 2 2 2
left_child=2 5 4 -3 -1 -2
right_child=1 3 -4 -5 -6 -7
leaf_value=0.011492585314990408 -0.0030034739249924247 0.0092028768441617653 -0.0036128882982003571 -0.0059117346762875486 -0.0017563508723289446 -0.012054429566949972
leaf_weight=7.9522620495408773 2.4451017314568153 1.9308173097670072 0.90101339295506555 0.71350998431444157 0.65151558257639397 9.0760762114077789
leaf_count=245 134 46 9 16 14 436
internal_value=-0.000885707 -0.00758079 0.00886413 0.00462147 0.0104109 -0.0105269
internal_weight=23.6703 14.1655 9.50479 2.64433 8.60378 11.5212
internal_count=900 632 268 62 259 570
is_linear=0
shrinkage=0.02


Tree=515
num_leaves=7
num_cat=0
split_feature=28 47 37 38 38 57
split_gain=3.52964 1.94825 0.893251 0.426449 0.228945 0.167546
threshold=0.062516793501303639 -0.017096219207920742 0.020487878472411878 0.062757111539558194 0.024529950270922165 0.20466858764763232
decision_type=2 2 2 2 2 2
left_child=1 4 -3 5 -1 -2
right_child=3 2 -4 -5 -6 -7
leaf_value=-0.0092927283577030912 -0.011708286831580414 0.01215566397027088 -0.0044408286528127344 0.00257378195431214 0.0016208106602962904 -7.3750232029014387e-05
leaf_weight=2.0362705434672548 6.8436055541969818 9.0557073345407826 0.97322119772434312 0.66784081980586041 0.67771732248365868 0.54204421397298563
leaf_count=126 498 209 11 10 13 33
internal_value=1.46279e-05 0.00640149 0.0102885 -0.00968204 -0.00686485 -0.010965
internal_weight=20.7964 12.7429 10.0289 8.05349 2.71399 7.38565
internal_count=900 359 220 541 139 531
is_linear=0
shrinkage=0.02


Tree=516
num_leaves=7
num_cat=0
split_feature=14 28 44 6 47 55
split_gain=2.70963 1.69787 0.882783 0.872378 0.594443 0.54312
threshold=0.017937086023635297 -0.0079201708901896258 0.072693103800117453 24.973662964876038 0.060484493307436903 0.20827977720651245
decision_type=2 2 2 2 2 2
left_child=1 -1 -2 -3 5 -5
right_child=2 3 -4 4 -6 -7
leaf_value=-0.0092527051527208359 0.0013186117318101692 -0.0021192921999149809 -0.010776369667829947 0.0011526549424803476 -0.0035938051852236769 0.011850568912402857
leaf_weight=1.9876360222697318 3.2367405835539085 2.9205977767705944 6.6410108124837279 2.5090534109622213 0.8886956665664919 11.519692869856952
leaf_count=78 56 44 324 72 33 297
internal_value=0.00107201 0.0052661 -0.00705621 0.00728917 0.00914862 0.0101412
internal_weight=29.7034 19.8257 9.87775 17.838 14.9174 14.0287
internal_count=904 524 380 446 402 369
is_linear=0
shrinkage=0.02


Tree=517
num_leaves=7
num_cat=0
split_feature=46 14 44 46 47 46
split_gain=3.60362 1.64799 0.72312 0.543682 0.421256 0.37929
threshold=0.002138375346397423 0.077058241601184019 0.13457431936877456 0.085537135997427835 -0.078822181369726671 0.070055193256859591
decision_type=2 2 2 2 2 2
left_child=-1 2 4 -4 -2 -3
right_child=1 5 3 -5 -6 -7
leaf_value=0.009943102398879234 0.0034382981140351479 0.0092706537091735205 0.0070907198541977322 -0.006653514550869659 -0.011658839661783035 -0.0042842377838271132
leaf_weight=7.3402765337377813 0.3649540320038821 2.2645698562264438 1.3670484349131578 1.2454155748710034 10.631408725865183 0.45235855132341374
leaf_count=227 7 69 27 89 464 21
internal_value=-0.000896 -0.00606202 -0.00883517 0.000510503 -0.0109129 0.00646836
internal_weight=23.666 16.3258 13.6088 2.61246 10.9964 2.71693
internal_count=904 677 587 116 471 90
is_linear=0
shrinkage=0.02


Tree=518
num_leaves=7
num_cat=0
split_feature=38 41 23 38 66 38
split_gain=4.00447 1.00201 0.846126 0.698756 0.466135 0.353326
threshold=0.038991839640575052 -0.0013483051659850872 401.42012291666674 0.002484236894325875 0.20454205886747351 0.079023562230440519
decision_type=2 2 10 2 2 2
left_child=1 4 -2 -3 -1 -4
right_child=2 3 5 -5 -6 -7
leaf_value=-0.012516313737389437 0.011863108775015627 -0.0075182510331479949 -0.0068295487451249413 0.0071249157836848643 0.0035290209543307957 0.0050796322008594399
leaf_weight=7.7753373323939723 7.0097129847854358 1.2904790015891223 1.1838485710322859 2.0470603946596384 0.37088456563651551 0.88762804679572571
leaf_count=600 192 22 33 33 5 19
internal_value=-0.000501438 -0.00805105 0.00889715 0.00103507 -0.0114798 -0.0017341
internal_weight=20.565 11.4838 9.08119 3.33754 8.14622 2.07148
internal_count=904 660 244 55 605 52
is_linear=0
shrinkage=0.02


Tree=519
num_leaves=7
num_cat=0
split_feature=42 44 41 42 5 36
split_gain=2.47274 1.83116 0.924723 0.67811 0.845669 0.66369
threshold=0.069401674208035766 0.076329722014115683 0.004995613885987499 0.029697077460477107 0.17614738202973501 -1.0000000180025095e-35
decision_type=2 2 2 2 2 2
left_child=1 2 5 -3 -5 -1
right_child=-2 3 -4 4 -6 -7
leaf_value=-0.00018443411061116224 0.010718388850815639 -0.010243226415218408 -0.0075328802288227442 0.0082980139871570453 -0.0067071277765841358 0.010148169718181575
leaf_weight=4.0813837926834813 6.804212784394621 8.2458873242139799 1.5941726928576816 1.6092490442097176 2.5451236916705966 5.2265867395326557
leaf_count=65 287 348 50 22 89 62
internal_value=0.00094914 -0.00222711 0.0035884 -0.00722626 -0.000412468 0.00603914
internal_weight=30.1066 23.3024 10.9021 12.4003 4.15437 9.30797
internal_count=923 636 177 459 111 127
is_linear=0
shrinkage=0.02


Tree=520
num_leaves=7
num_cat=0
split_feature=46 42 18 42 18 60
split_gain=4.00279 1.456 1.26058 0.698756 0.424828 0.339372
threshold=0.0099345188642554916 -1.7457833721610198e-05 -0.015110818462147622 0.040608489532331198 0.043371899709673929 0.18677325581395351
decision_type=2 2 2 2 2 2
left_child=3 2 -2 4 -1 -3
right_child=1 5 -4 -5 -6 -7
leaf_value=0.011914343807952055 0.0083087355154887604 0.0029213597985727363 -0.0079232042558421388 -0.0043907726481414279 -0.0027165328867466841 -0.012330263284904035
leaf_weight=7.5232511218637228 3.0902915354818106 0.25675832852720937 2.6041601784527311 0.84972831606865007 0.51064120605587948 9.0112500670365971
leaf_count=245 62 3 45 14 6 548
internal_value=-0.00100691 -0.00716313 0.000810918 0.00903753 0.0107866 -0.0116644
internal_weight=23.8461 14.9625 5.69445 8.88362 8.03389 9.26801
internal_count=923 658 107 265 251 551
is_linear=0
shrinkage=0.02


Tree=521
num_leaves=7
num_cat=0
split_feature=38 45 75 23 67 53
split_gain=3.31178 1.11023 0.786834 0.747037 0.369209 0.325208
threshold=0.038991839640575052 0.0099821440359381969 0.27125000000000005 454.33700038699692 0.10593767792230545 0.019345363279596853
decision_type=2 2 2 10 2 2
left_child=1 2 4 -2 -1 -3
right_child=3 5 -4 -5 -6 -7
leaf_value=-0.0091462573588794397 0.011555710804712507 -0.012367489926215043 0.008079010640107704 -0.0016668723078351526 0.0025587978728071658 0.00022031781075539247
leaf_weight=1.9481477532535811 6.7425403613597137 6.5465867226012051 2.126513029448688 1.8977309549227355 1.1399926217272875 0.88231897819787253
leaf_count=86 188 485 40 47 37 40
internal_value=-0.000202245 -0.00653401 0.000606699 0.00877988 -0.00525635 -0.0110237
internal_weight=21.2838 12.6436 5.21465 8.64027 3.08814 7.42891
internal_count=923 688 163 235 123 525
is_linear=0
shrinkage=0.02


Tree=522
num_leaves=7
num_cat=0
split_feature=10 44 38 50 22 47
split_gain=2.37387 1.19609 0.991913 0.692532 0.656414 0.565812
threshold=1.3823403984168749 0.077017442196986835 0.077512976959452709 0.012895622244921684 0.067966628537311502 -0.050426756423209006
decision_type=2 2 2 2 10 2
left_child=1 3 -2 5 -3 -1
right_child=2 4 -4 -5 -6 -7
leaf_value=-0.0034184227540753039 0.0098581572931471535 -0.010249613408231164 -0.0060314572099076126 -0.0042754026423836976 0.0024132078974093887 0.0094197821083672681
leaf_weight=1.3265555091202257 9.9654883118346316 7.794543940573929 1.1493425043299783 3.5665752021595836 1.6016046665608881 3.7865140512585693
leaf_count=25 331 333 29 78 56 41
internal_value=0.000956727 -0.00347307 0.00785284 0.00181937 -0.00806669 0.00607465
internal_weight=29.1906 18.0758 11.1148 8.67964 9.39615 5.11307
internal_count=893 533 360 144 389 66
is_linear=0
shrinkage=0.02


Tree=523
num_leaves=7
num_cat=0
split_feature=46 14 44 42 46 42
split_gain=3.72586 1.71544 0.729497 0.644785 0.425168 0.351436
threshold=0.00072863773870476833 0.077058241601184019 0.13457431936877456 0.0024842732973173087 0.070055193256859591 0.041848776506886766
decision_type=2 2 2 2 2 2
left_child=5 2 -2 -4 -3 -1
right_child=1 4 3 -5 -6 -7
leaf_value=0.011124996228428783 -0.011482653930372917 0.0092567872446912731 0.0076704440411408956 -0.0074824932889141224 -0.0046688694260359287 -0.0023009637863772281
leaf_weight=6.3845707420259741 11.13612873433158 2.2544958181679244 1.2845310904085629 1.2107961620204148 0.50773792713880528 0.52834223955869664
leaf_count=218 461 70 17 96 23 8
internal_value=-0.00150784 -0.0066281 -0.00945729 0.000280689 0.00613645 0.00993776
internal_weight=23.3066 16.3937 13.6315 2.49533 2.76223 6.91291
internal_count=893 667 574 113 93 226
is_linear=0
shrinkage=0.02


Tree=524
num_leaves=7
num_cat=0
split_feature=41 38 28 50 47 20
split_gain=3.22584 1.68745 0.732489 0.981083 0.712664 0.174202
threshold=-0.0013483051659850872 0.066385877602505625 0.019314206998105394 0.012895622244921684 -0.031128159869344061 0.13251124784562388
decision_type=2 2 2 2 2 10
left_child=1 2 3 -1 -2 -6
right_child=4 -3 -4 -5 5 -7
leaf_value=-0.0093299349985995258 -0.0040722862608217943 0.0073842088623850485 -0.011706257089473756 0.0090547130269021912 0.012448028746095194 -0.0001886380100315293
leaf_weight=1.2512261648662408 0.8232784867286681 2.4086540658026925 7.9448904511518776 1.3980024359188972 6.574916396290063 0.43163676839321841
leaf_count=42 19 41 598 14 165 14
internal_value=0.000355718 -0.00562971 -0.00897022 0.000194405 0.00980741 0.0117432
internal_weight=20.8326 13.0028 10.5941 2.64923 7.82983 7.00655
internal_count=893 695 654 56 198 179
is_linear=0
shrinkage=0.02


Tree=525
num_leaves=7
num_cat=0
split_feature=28 44 46 47 5 15
split_gain=2.55301 1.51251 0.913268 1.24074 0.875272 0.772533
threshold=0.14042933558932616 0.077017442196986835 -1.0000000180025095e-35 0.0011485658930781991 0.12541390728476823 0.043369965740664443
decision_type=2 2 2 2 2 2
left_child=1 2 -1 -4 -3 -2
right_child=5 4 3 -5 -6 -7
leaf_value=-0.008513668294669605 0.011584466769225569 0.0015483093187233432 0.010550571619149261 -0.0040890107635967133 -0.011317060855806976 -0.0040563779879275539
leaf_weight=1.5633840933442122 7.007869090884923 2.4978756541386229 4.9567594248801505 3.0898387143388391 7.7611499764025211 0.98352462984621514
leaf_count=36 303 61 37 69 340 33
internal_value=0.000529664 -0.00332717 0.0022903 0.00509847 -0.00832529 0.00942245
internal_weight=27.8604 19.869 9.60998 8.0466 10.259 7.99139
internal_count=879 543 142 106 401 336
is_linear=0
shrinkage=0.02


Tree=526
num_leaves=7
num_cat=0
split_feature=42 50 15 0 2 50
split_gain=3.67142 1.2959 1.2089 0.426613 0.402632 0.323886
threshold=-1.0000000180025095e-35 0.010818527639084504 0.070516206618957314 0.085960591133004943 0.26835686777920414 -0.0021414391241521441
decision_type=2 2 2 2 2 2
left_child=1 3 5 -1 -3 -2
right_child=2 4 -4 -5 -6 -7
leaf_value=-0.0023599410002049927 0.0012337789592023879 0.0045095303757331931 0.0063824102710161451 0.011679163117356339 -0.0073818715560643004 -0.011985874128377283
leaf_weight=0.62358312681317496 0.61075525917112727 0.9655881524085993 1.1944389548152674 7.9124269019812346 2.1327251680195332 8.8540806393139047
leaf_count=5 18 22 25 250 45 514
internal_value=-0.000692036 0.00680659 -0.0087584 0.0105136 -0.00347985 -0.0110964
internal_weight=22.2936 11.6343 10.6593 8.53601 3.09831 9.46484
internal_count=879 322 557 255 67 532
is_linear=0
shrinkage=0.02


Tree=527
num_leaves=7
num_cat=0
split_feature=38 18 16 41 38 41
split_gain=3.29931 1.84549 0.596849 0.523671 0.458084 0.176305
threshold=0.060501921201270674 0.020097596177778069 -0.012392848087727363 -0.0013483051659850872 0.0036688356189717654 0.014955044185246957
decision_type=2 2 2 2 2 2
left_child=1 3 5 -1 -5 -3
right_child=-2 2 -4 4 -6 -7
leaf_value=-0.012561896415751119 0.01104239702735353 -0.0070340821372188523 0.0090398183443906131 -0.0077722591888290575 0.0053807145317047054 0.0032280750073057493
leaf_weight=6.9864087449386716 6.2528651654720298 1.0206367685459552 2.8461531251668921 1.0277893906459232 1.2421950213611124 0.30412551015615452
leaf_count=547 176 41 64 20 25 6
internal_value=4.0314e-05 -0.00549342 0.00478929 -0.010142 -0.00113025 -0.00430302
internal_weight=19.6802 13.4273 4.17092 9.25639 2.26998 1.32476
internal_count=879 703 111 592 45 47
is_linear=0
shrinkage=0.02


Tree=528
num_leaves=7
num_cat=0
split_feature=28 44 37 15 41 42
split_gain=2.43613 1.41269 0.871325 0.846198 0.83141 0.751401
threshold=0.14042933558932616 0.077017442196986835 -0.0036131693093391644 0.043369965740664443 -0.0095472065250421217 0.029697077460477107
decision_type=2 2 2 2 2 2
left_child=1 2 4 -2 -1 -3
right_child=3 5 -4 -5 -6 -7
leaf_value=0.0064044638494861941 0.011569385598922207 -0.011861823690372706 0.010237690392203449 -0.0043942335815074949 -0.0068563960162404351 -0.00099451667781606475
leaf_weight=2.1450128015130758 6.9550407975912076 6.2254233071580511 2.6842784415930563 1.0479323659092186 3.8556858729571104 4.2336986670270562
leaf_count=28 309 305 26 36 84 103
internal_value=0.000593037 -0.00329345 0.00253672 0.00922316 -0.00187844 -0.00793357
internal_weight=27.1471 19.1441 8.68498 8.00297 6.0007 10.4591
internal_count=891 546 138 345 112 408
is_linear=0
shrinkage=0.02


Tree=529
num_leaves=7
num_cat=0
split_feature=47 14 34 63 75 14
split_gain=3.03426 1.42941 0.660552 0.473859 0.289041 0.281716
threshold=-0.01284433322148811 0.010190739662082783 -0.0049905102642278992 0.65598246695431828 0.34841666666666671 0.077058241601184019
decision_type=2 2 2 2 2 2
left_child=1 2 -1 -4 -3 -2
right_child=5 4 3 -5 -6 -7
leaf_value=0.0076737617450185905 -0.011496759004886045 0.010569667507199905 -0.0084808946201750304 0.002773295967046389 -0.0025357267120061826 0.00057376581511431931
leaf_weight=1.1725895497947929 6.4545103008858851 7.8507469315081817 3.7467138171196011 1.6031084409914909 0.35647390969097603 0.76000225450843562
leaf_count=20 400 269 131 36 8 27
internal_value=-0.000477173 0.00468826 -0.00217553 -0.00520285 0.00978686 -0.0103102
internal_weight=21.9441 14.7296 6.52241 5.34982 8.20722 7.21451
internal_count=891 464 187 167 277 427
is_linear=0
shrinkage=0.02


Tree=530
num_leaves=7
num_cat=0
split_feature=39 65 51 20 22 57
split_gain=3.4215 0.798371 0.641835 0.358484 0.357545 0.292919
threshold=-0.0074109369742668399 0.1122546524475785 -0.00089293770010038067 0.006356301599403571 0.043381277232647328 0.12646788780241477
decision_type=2 2 2 8 8 2
left_child=1 -1 4 -3 5 -2
right_child=2 3 -4 -5 -6 -7
leaf_value=0.0046322943853673512 -0.0039616314098457027 0.0025225025391374689 0.010672947254107664 -0.011289858148348476 -0.0068360183975200873 0.0079759924681146229
leaf_weight=1.0862407246604586 0.53775036521255959 0.46405133698135548 6.8311730427667481 7.9676134660840026 0.97019904851913485 1.2718948507681487
leaf_count=20 14 14 191 618 15 19
internal_value=-0.000285357 -0.00835584 0.0077412 -0.0103428 -0.000380889 0.00428119
internal_weight=19.1289 9.51791 9.61102 8.43166 2.77984 1.80965
internal_count=891 652 239 632 48 33
is_linear=0
shrinkage=0.02


Tree=531
num_leaves=7
num_cat=0
split_feature=42 39 44 6 40 14
split_gain=2.76449 1.92612 1.51443 0.783469 0.55065 0.43624
threshold=0.026636157182937787 0.0032830575259637927 0.07407757091967207 28.192801178787878 0.045187630759657621 0.096885497013029856
decision_type=2 2 2 2 2 2
left_child=2 4 3 -1 5 -2
right_child=1 -3 -4 -5 -6 -7
leaf_value=-0.0066105939903895227 0.012280712965440364 -0.0063331901687279238 -0.011083833022404309 0.0063977611676704557 -0.0022362054670573418 -0.0034828578779024333
leaf_weight=1.9674001205712572 9.9848039764910883 2.8953609988093367 7.3852417627349496 4.0483746845275164 0.97242093551904041 0.33661261014640409
leaf_count=32 333 117 339 52 24 7
internal_value=0.00073125 0.00666034 -0.00557312 0.00180764 0.0102356 0.0115044
internal_weight=27.5902 14.1892 13.401 6.01577 11.2938 10.3214
internal_count=904 481 423 84 364 340
is_linear=0
shrinkage=0.02


Tree=532
num_leaves=7
num_cat=0
split_feature=46 42 18 44 46 42
split_gain=3.77837 0.983443 1.09815 0.936459 0.26562 0.188681
threshold=0.017971241269990241 1.0000000180025095e-35 -0.0080890525202684232 0.039237907562878906 -0.0052076279289635227 0.052541915592468631
decision_type=2 2 2 2 2 2
left_child=3 2 -2 4 -1 -5
right_child=1 -3 -4 5 -6 -7
leaf_value=0.0032069620180377352 0.0077935111658657902 -0.011868416187934876 -0.0082473307922690305 0.011955116749974301 -0.0075004759316562039 -0.00081245412818220487
leaf_weight=0.95376982726156712 2.3386210389435291 7.5673290179111063 2.4966567382216436 6.95409713126719 0.97468738257885135 0.36150660458952177
leaf_count=12 42 528 42 261 10 9
internal_value=-0.000841561 -0.00779693 -0.000483011 0.0083405 -0.00291807 0.0113024
internal_weight=21.6467 12.4026 4.83528 9.24406 1.92846 7.3156
internal_count=904 612 84 292 22 270
is_linear=0
shrinkage=0.02


Tree=533
num_leaves=7
num_cat=0
split_feature=47 39 37 10 37 29
split_gain=2.81547 1.4654 0.739331 0.632335 0.352647 0.248988
threshold=-0.01284433322148811 -0.010379005360254474 0.023441913679200215 0.80349230248755499 -0.018253207862673013 -0.060864972755635217
decision_type=2 2 2 2 2 2
left_child=5 3 -3 4 -2 -1
right_child=1 2 -4 -5 -6 -7
leaf_value=0.0016916223057391174 0.0083221371635191742 0.011387084480776083 -0.0055381748779420401 -0.0081514122500810221 -0.003531045451491124 -0.01129716922051365
leaf_weight=0.3837509569711991 1.4034142224118116 7.7584795020520669 0.57157706841826428 2.8942004349082708 0.97894997335970302 5.7706553661264497
leaf_count=16 17 210 6 185 14 456
internal_value=-8.90144e-05 0.00494984 0.00975663 -0.00298403 0.00384754 -0.010364
internal_weight=19.761 13.6066 8.33006 5.27656 2.38236 6.15441
internal_count=904 432 216 216 31 472
is_linear=0
shrinkage=0.02


Tree=534
num_leaves=7
num_cat=0
split_feature=28 15 70 44 48 44
split_gain=2.85794 1.40025 1.00218 0.839501 0.623606 0.464579
threshold=0.085837477833543452 0.070516206618957314 74.017586794837896 0.055078901001681287 0.017031028812939396 0.1030360458217163
decision_type=2 2 2 2 2 2
left_child=2 4 -1 -4 5 -2
right_child=1 -3 3 -5 -6 -7
leaf_value=-0.010866705888872371 0.0061747853223206818 -0.0082265784019669649 0.0070631817676894198 -0.0061931418361410567 0.011031276322645873 -0.0060748236965418373
leaf_weight=7.4047982497140783 1.599449162371456 1.5253436267375935 2.5906172636896372 3.0847415551543236 8.7769089974462968 1.368759694509208
leaf_count=266 46 84 25 119 300 38
internal_value=-9.25237e-05 0.00621831 -0.00648208 9.55733e-06 0.00859255 0.000418638
internal_weight=26.3506 13.2705 13.0802 5.67536 11.7451 2.96821
internal_count=878 468 410 144 384 84
is_linear=0
shrinkage=0.02


Tree=535
num_leaves=7
num_cat=0
split_feature=46 45 46 14 30 44
split_gain=3.20639 1.37294 0.942096 0.351061 0.34349 0.320102
threshold=0.045900508776053131 0.010682403593812369 -0.0052076279289635227 -0.048234864968760983 -0.0082992410975778145 0.086018221439929557
decision_type=2 2 2 2 2 2
left_child=1 2 -1 -3 -2 -4
right_child=4 3 5 -5 -6 -7
leaf_value=0.0067139224048474748 -0.00016306252611763964 -0.0031625529343789179 -0.010635042297323736 0.011560411580642756 -0.011287216942774245 0.0013994191449377435
leaf_weight=2.0804626578465104 1.3164485907182095 0.29689476685598482 2.4466254673898242 6.7484202906489372 7.2786228978075069 0.90453109191730607
leaf_count=45 43 19 47 240 459 25
internal_value=-0.000981093 0.00535475 -0.00206912 0.010624 -0.00977797 -0.00781166
internal_weight=21.072 12.4769 5.43162 7.04532 8.59507 3.35116
internal_count=878 376 117 259 502 72
is_linear=0
shrinkage=0.02


Tree=536
num_leaves=7
num_cat=0
split_feature=40 47 51 20 49 38
split_gain=3.59244 0.812111 0.61021 0.507994 0.446397 0.236714
threshold=0.020335502331026826 -0.017096219207920742 0.0092012754552304194 0.14971876655832878 0.058062615487999798 0.024529950270922165
decision_type=2 2 2 10 2 2
left_child=2 5 -1 4 -3 -2
right_child=1 3 -4 -5 -6 -7
leaf_value=-0.010664515248334923 -0.0070896084691111343 0.012333784382753534 0.0031648938334838603 -0.0041323833855914979 -0.002629034304413802 0.0037922132415448102
leaf_weight=6.6737457653507617 1.0514850364997972 8.5873414147645182 1.0615212619304655 0.4367496548220523 0.5256454925984152 0.5140910306945442
leaf_count=539 56 204 40 24 8 7
internal_value=0.00121837 0.00821255 -0.00862163 0.0102657 0.0112961 -0.00343099
internal_weight=18.8506 11.1153 7.73527 9.54974 9.11299 1.56558
internal_count=878 299 579 236 212 63
is_linear=0
shrinkage=0.02


Tree=537
num_leaves=7
num_cat=0
split_feature=14 38 6 34 34 55
split_gain=2.41736 1.85655 1.27369 0.678762 0.607384 0.438327
threshold=0.017937086023635297 0.066385877602505625 24.973662964876038 0.095827435757271026 -0.010333275169310872 0.18301520431337878
decision_type=2 2 2 2 2 2
left_child=1 2 -1 -2 -4 -6
right_child=3 -3 4 -5 5 -7
leaf_value=-0.0036848719651610042 -0.0095054624521251508 -0.0080496236826766848 -0.0045507158246170729 0.0048638093305303906 -0.0006912270377639507 0.012088030345420839
leaf_weight=2.7698326399549904 7.2339348569512349 2.8407279159873715 0.55274282302707689 0.92748349625617255 1.0605607880279375 11.414584801532326
leaf_count=44 341 106 16 14 30 329
internal_value=0.00100278 0.00492756 0.0076014 -0.00751985 0.0100926 0.0110309
internal_weight=26.7999 18.6384 15.7977 8.16142 13.0279 12.4751
internal_count=880 525 419 355 375 359
is_linear=0
shrinkage=0.02


Tree=538
num_leaves=7
num_cat=0
split_feature=46 14 16 42 57 42
split_gain=3.39399 1.37154 0.646978 0.446156 0.428229 0.397295
threshold=0.002138375346397423 0.078243759503524649 -0.04847355164125388 0.041848776506886766 0.10652778599751436 0.010985522651992355
decision_type=2 2 2 2 2 2
left_child=3 2 5 -1 -4 -2
right_child=1 -3 4 -5 -6 -7
leaf_value=0.011538806526558023 0.0063543817622004426 0.0058173947225504457 0.0013956335948462693 -0.003325764337470275 -0.011817285468317725 -0.006184480994592745
leaf_weight=6.2241664947941926 1.2732218801975244 2.4919529277831307 0.86653358116745849 0.47340668365359295 9.1906593781895918 0.8355690138414501
leaf_count=216 21 86 21 9 465 62
internal_value=-0.000713736 -0.00602978 -0.00871398 0.0101926 -0.0106556 0.000994881
internal_weight=21.3555 14.6579 12.166 6.69757 10.0572 2.10879
internal_count=880 655 569 225 486 83
is_linear=0
shrinkage=0.02


Tree=539
num_leaves=7
num_cat=0
split_feature=38 18 6 40 76 40
split_gain=2.74133 0.811506 0.651361 0.467248 0.378617 0.377269
threshold=0.038991839640575052 0.020097596177778069 173.38411735191642 0.020535559903072566 0.25575000000000009 0.049887036635053873
decision_type=2 2 2 2 2 2
left_child=1 4 -2 -3 5 -1
right_child=2 3 -4 -5 -6 -7
leaf_value=-0.011817378747443057 0.011181542538004283 -0.0056615836110131303 -0.001589793658863194 0.0067347396529801743 0.003128560047481784 0.0021047826555574238
leaf_weight=7.0978781664744037 5.5557209355756632 1.1573296375572675 1.8121044002473352 1.8758611073717473 0.44172256346791972 0.55701034422963847
leaf_count=540 165 74 49 27 14 11
internal_value=-0.000611425 -0.00665747 0.00822584 0.00177385 -0.00966382 -0.0106782
internal_weight=18.4976 11.1298 7.36783 3.03319 8.09661 7.65489
internal_count=880 666 214 101 565 551
is_linear=0
shrinkage=0.02


Tree=540
num_leaves=7
num_cat=0
split_feature=28 44 37 34 41 3
split_gain=2.45278 1.16297 0.956423 0.763197 0.623685 0.607473
threshold=0.11290454205342343 0.077017442196986835 -0.00031055146315158913 0.022451786745528893 -0.0083249584901778969 0.16492174851592015
decision_type=2 2 2 2 2 2
left_child=1 2 4 -2 -1 -3
right_child=3 5 -4 -5 -6 -7
leaf_value=0.003756053033489107 -0.0018884142216782586 -0.010956231177354565 0.010631960041361306 0.010772758536319323 -0.0073952660659101803 0.0010867459085333357
leaf_weight=2.7994533209130168 2.0699042715132228 6.7143760314211232 2.1624071039259487 8.0809387657791358 3.4680278431624174 1.9240114856511352
leaf_count=40 65 330 18 345 71 44
internal_value=0.000904988 -0.00368002 0.00157492 0.00825314 -0.00258292 -0.00843946
internal_weight=27.2191 17.0683 8.42989 10.1508 6.26748 8.63839
internal_count=913 503 129 410 111 374
is_linear=0
shrinkage=0.02


Tree=541
num_leaves=7
num_cat=0
split_feature=42 18 15 49 50 60
split_gain=2.91287 1.61381 0.950312 0.464025 0.394843 0.305503
threshold=-1.0000000180025095e-35 -0.0099576051691529482 0.081617648430370351 -0.021664369269409681 -0.001764693880439991 0.18677325581395351
decision_type=2 2 2 2 2 2
left_child=1 -1 4 -3 -2 -6
right_child=2 3 -4 -5 5 -7
leaf_value=0.010961172054740549 0.0019486295139793061 0.0048601250148702906 0.0060446365066652991 -0.0075334633648868254 0.0028267615301656615 -0.011725903824237566
leaf_weight=7.3775288099423051 0.72757281735539336 0.96524278260767493 1.0402339436113823 2.7912323679775017 0.24601900577545066 8.565226009115575
leaf_count=260 21 22 26 46 3 535
internal_value=-0.000885927 0.00600113 -0.00802655 -0.00399661 -0.00998901 -0.0110729
internal_weight=21.7131 11.134 10.5791 3.75648 9.53882 8.81125
internal_count=913 328 585 68 559 538
is_linear=0
shrinkage=0.02


Tree=542
num_leaves=7
num_cat=0
split_feature=28 40 37 31 53 28
split_gain=2.96157 1.37926 0.746248 0.388823 0.337521 0.268431
threshold=0.062516793501303639 0.0013709305449042272 0.023441913679200215 -0.021915427130565653 0.016411025781356621 0.10707780842249982
decision_type=2 2 2 2 2 2
left_child=1 -1 3 -3 -2 -6
right_child=4 2 -4 -5 5 -7
leaf_value=-0.0074825007965857362 -0.011182004206959828 0.0013758250355355211 -0.0063307472045284335 0.012037516697515873 0.0054692858245807777 -0.0057338674368940514
leaf_weight=1.7893367647193397 6.0783037813380352 1.9696761225350181 0.56043044105172235 7.4003431536257249 0.68835250614210941 0.73625211836770177
leaf_count=99 481 57 4 198 8 66
internal_value=-0.000267811 0.00585349 0.00872117 0.0101451 -0.00939337 -0.000297515
internal_weight=19.2227 11.7198 9.93045 9.37002 7.50291 1.4246
internal_count=913 358 259 255 555 74
is_linear=0
shrinkage=0.02


Tree=543
num_leaves=7
num_cat=0
split_feature=14 6 51 46 67 31
split_gain=2.06356 1.18396 0.794867 0.670647 0.501578 0.441819
threshold=0.037088223916494946 24.973662964876038 0.0084140614969912333 0.0042233526491819587 0.10622234513274338 -0.02383527084458293
decision_type=2 2 2 2 2 2
left_child=1 -1 3 -3 -5 -4
right_child=-2 2 5 4 -6 -7
leaf_value=-0.0052042456082511679 -0.0077421313848592072 -0.0033823782271162417 0.0056010731216280122 0.011138339780210038 3.7968671512389232e-05 -0.0078679963681713809
leaf_weight=3.5886094225570622 7.1314912848174563 1.3139151446521307 0.68419649545103345 10.522687137126921 1.9041957156732667 1.5969339935109008
leaf_count=88 332 34 32 303 60 74
internal_value=0.000821593 0.00416038 0.0064404 0.00818323 0.00956692 -0.00335231
internal_weight=26.742 19.6105 16.0219 13.7408 12.4269 2.28113
internal_count=923 591 503 397 363 106
is_linear=0
shrinkage=0.02


Tree=544
num_leaves=7
num_cat=0
split_feature=46 30 16 34 14 45
split_gain=3.54487 1.0549 0.453876 0.383189 0.35011 0.324522
threshold=0.0099345188642554916 -0.0072666089504507146 0.056327132331911119 0.026711190309817574 0.13864306272178917 0.119855127834925
decision_type=2 2 2 2 2 2
left_child=2 3 -1 -2 5 -3
right_child=1 4 -4 -5 -6 -7
leaf_value=0.01053721130833889 0.0068648440269143277 -0.011232176448281729 -0.0031816817768403824 -0.0045062189687860377 0.003343052284618263 0.0019451619631201626
leaf_weight=7.0660617807880071 1.9755969801917701 9.7060461528599173 0.64234269410371769 1.0980564830824731 0.33882994577288705 0.51302952971309501
leaf_count=254 49 532 9 46 9 24
internal_value=-0.000988911 -0.00696171 0.00915993 0.00269358 -0.00976244 -0.0104562
internal_weight=21.34 13.6316 7.7084 3.07365 10.5579 10.2191
internal_count=923 660 263 95 565 556
is_linear=0
shrinkage=0.02


Tree=545
num_leaves=7
num_cat=0
split_feature=51 28 31 47 39 3
split_gain=3.00372 1.30791 1.10017 0.993608 0.241733 0.210816
threshold=1.0000000180025095e-35 -0.011830540826103171 -0.029887033207629428 0.068577143983866301 0.055949519032755621 0.19454545454545458
decision_type=2 2 2 2 2 2
left_child=1 -1 -2 4 -3 -4
right_child=2 3 5 -5 -6 -7
leaf_value=0.0077596611221597746 -0.0059301965301813177 -0.011989739204155452 0.012023162264462208 0.0063012333293033379 0.0022575479060188849 -0.00094465396667790531
leaf_weight=1.3455831725150353 1.1595537504181264 8.2874094676226342 6.6910326704382879 0.80828009359538633 0.19794492609798986 0.38727310625836242
leaf_count=24 87 587 194 11 6 14
internal_value=-3.52371e-05 -0.00679203 0.00848178 -0.00944805 -0.0114544 0.0112845
internal_weight=18.8771 10.6392 8.23786 9.29363 8.48535 7.07831
internal_count=923 628 295 604 593 208
is_linear=0
shrinkage=0.02


Tree=546
num_leaves=7
num_cat=0
split_feature=10 17 51 41 15 57
split_gain=2.00656 1.05152 0.695949 0.577427 0.424456 0.380392
threshold=1.4420765116137755 0.10943202554744527 0.0040407287782345406 0.0021252109994881756 -0.00098432679956039358 0.10652778599751436
decision_type=2 2 2 2 2 2
left_child=1 2 -1 5 -3 -2
right_child=3 4 -4 -5 -6 -7
leaf_value=0.0055266582073384401 -0.0013731719231201284 -0.0011387500706638754 -0.0060584229338433064 -0.0028831442765671206 -0.010764839469393873 0.010709304129307914
leaf_weight=5.2117682592943373 0.95119889918714573 2.86610780656338 2.1633416851982474 1.3850251836702216 5.7740006577223495 7.244070460088551
leaf_count=72 30 81 76 43 303 278
internal_value=0.000623205 -0.00365309 0.00181078 0.00744143 -0.00802103 0.00931011
internal_weight=25.5955 16.0152 7.37511 9.58029 8.64011 8.19527
internal_count=883 532 148 351 384 308
is_linear=0
shrinkage=0.02


Tree=547
num_leaves=7
num_cat=0
split_feature=46 45 46 42 38 42
split_gain=2.98074 1.55686 0.815906 0.424757 0.290394 0.220704
threshold=0.042158900029689812 0.010682403593812369 -0.0052076279289635227 -0.00025105221323870933 0.016432817352121085 0.0276409463675799
decision_type=2 2 2 2 2 2
left_child=1 2 5 4 -2 -1
right_child=3 -3 -4 -5 -6 -7
leaf_value=0.0082375717717878012 0.0053960236184679876 0.011038934166303487 -0.0087186901693650717 -0.011312480860746909 -0.0057630840453030763 -0.0030618699763122069
leaf_weight=1.4413496684283016 0.87223247997462727 6.84772280883044 2.8028364833444375 6.7576930504292232 0.86020491272211075 0.36842248216271389
leaf_count=38 13 252 59 491 23 7
internal_value=-0.000905997 0.00556932 -0.00307075 -0.00931248 -0.000226138 0.00566625
internal_weight=19.9505 11.4603 4.61261 8.49013 1.73244 1.80977
internal_count=883 356 104 527 36 45
is_linear=0
shrinkage=0.02


Tree=548
num_leaves=7
num_cat=0
split_feature=38 41 66 67 27 29
split_gain=2.73585 1.48311 0.539431 0.493751 0.419293 0.313695
threshold=0.066385877602505625 -0.0013483051659850872 0.19363283229184261 0.089284734997482365 -0.0084708797651634176 -0.033935449773029626
decision_type=2 2 2 2 2 2
left_child=1 2 4 -3 -1 -6
right_child=-2 3 -4 -5 5 -7
leaf_value=-0.012409018784201623 0.010711204785312279 -0.0037123076470961321 0.0045063807700767211 0.0089186460286474097 0.0055531159172863987 -0.006296216487095301
leaf_weight=6.6708053331822148 5.5575849134474984 1.2418601037934434 0.51964538916945535 2.4252342050895095 0.75975484866648912 0.82523323316126951
leaf_count=558 173 29 8 46 15 54
internal_value=0.000126663 -0.00504615 -0.00921278 0.00476227 -0.0104699 -0.000665357
internal_weight=18.0001 12.4425 8.77544 3.66709 8.25579 1.58499
internal_count=883 710 635 75 627 69
is_linear=0
shrinkage=0.02


Tree=549
num_leaves=7
num_cat=0
split_feature=14 28 33 40 44 44
split_gain=2.09034 1.31338 1.29923 0.740506 0.572685 0.485351
threshold=0.017937086023635297 0.062516793501303639 -1.0000000180025095e-35 -0.0049264129212136546 0.07407757091967207 0.081229060786030385
decision_type=2 2 2 2 2 2
left_child=1 2 3 -1 -2 -4
right_child=4 -3 5 -5 -6 -7
leaf_value=0.0062095720387959083 0.00018203879508034144 0.0090845284770511552 0.01117180758201086 -0.010410824443616462 -0.010125835333786899 -0.0027428023654809171
leaf_weight=0.64626822993159283 3.1761515326797944 10.268278196454046 2.1920886784792013 4.0804353058338165 5.4905270431190729 0.97891505248844612
leaf_count=5 67 359 12 123 318 34
internal_value=0.000897145 0.00469226 -0.00139758 -0.00745087 -0.00672018 0.00724853
internal_weight=26.8327 18.166 7.89771 4.7267 8.66668 3.171
internal_count=918 533 174 128 385 46
is_linear=0
shrinkage=0.02


Tree=550
num_leaves=7
num_cat=0
split_feature=14 30 34 48 57 48
split_gain=3.01299 1.0741 0.850062 0.428727 0.389721 0.255313
threshold=0.017937086023635297 0.019543127352759166 -1.0000000180025095e-35 0.011585663029247658 0.10757373425736193 0.0080507743092378004
decision_type=2 2 2 2 2 2
left_child=2 -2 5 -3 -4 -1
right_child=1 3 4 -5 -6 -7
leaf_value=0.0072283970705303456 0.010339702940593994 0.0051992777693826943 0.0012157135946173486 -0.0081019935430710465 -0.010961543034799879 -0.0039564198489193767
leaf_weight=1.2173442393541325 7.2853098036721331 0.69329497497528825 0.96715886658057826 1.6367486105300484 8.8149332697503251 0.50476100435480464
leaf_count=20 282 21 33 82 445 35
internal_value=-0.000995151 0.00688707 -0.00760712 -0.00377142 -0.00975648 0.00370095
internal_weight=21.1196 9.61535 11.5042 2.33004 9.78209 1.72211
internal_count=918 385 533 103 478 55
is_linear=0
shrinkage=0.02


Tree=551
num_leaves=7
num_cat=0
split_feature=40 47 28 36 52 10
split_gain=2.56991 1.30662 0.97 0.517251 0.368917 0.299967
threshold=0.010061858577998512 -0.017096219207920742 0.08854319761516552 0.041432090858775063 0.036845581304271714 1.4420765116137755
decision_type=2 2 2 2 2 2
left_child=-1 -2 3 -3 -4 -5
right_child=1 2 4 5 -6 -7
leaf_value=-0.010232099694887982 -0.0063096044812919116 0.012540584220995674 -0.0083559839766869995 0.005413361301087505 0.0039325012794067726 -0.0067002008954413642
leaf_weight=5.7956801052205291 2.5799825047142813 7.0119898449629492 1.1144386315718304 0.69185361266136147 0.99720464460551728 0.59021027386188507
leaf_count=527 129 178 32 25 23 4
internal_value=-0.000149516 0.00476033 0.00781756 0.0106497 -0.00315403 -0.000655597
internal_weight=18.7814 12.9857 10.4057 8.29405 2.11164 1.28206
internal_count=918 391 262 207 55 29
is_linear=0
shrinkage=0.02


Tree=552
num_leaves=7
num_cat=0
split_feature=42 44 6 38 15 11
split_gain=2.12212 1.5406 0.987172 0.795045 0.476475 0.473624
threshold=0.067562508859348197 0.087723332274906099 24.973662964876038 0.066385877602505625 0.031307651005930588 -1.745365594322452
decision_type=2 2 2 2 2 2
left_child=1 2 -1 4 -4 -3
right_child=-2 5 3 -5 -6 -7
leaf_value=-0.0062324852482253954 0.010601929923387116 0.0024276954457879314 0.010282053860539341 -0.0057123866156042601 -0.0027653978036272175 -0.010395783875431559
leaf_weight=3.0542954495176726 5.280157512985169 0.95139030553400772 5.7473793225362897 1.2692551957443354 0.90310494136065234 7.2053231969475702
leaf_count=64 261 25 90 45 29 373
internal_value=0.000468353 -0.00271627 0.00216158 0.00573461 0.00838039 -0.00879829
internal_weight=24.4109 19.1307 10.974 7.91974 6.65048 8.15671
internal_count=887 626 228 164 119 398
is_linear=0
shrinkage=0.02


Tree=553
num_leaves=7
num_cat=0
split_feature=42 18 68 47 10 30
split_gain=2.99543 1.31431 0.610955 0.469788 0.339356 0.208404
threshold=-1.0000000180025095e-35 -0.0080890525202684232 0.4530337993755939 -0.017096219207920742 2.4380363401530212 0.030476301195495183
decision_type=2 2 2 2 2 2
left_child=1 4 -2 5 -1 -3
right_child=2 3 -4 -5 -6 -7
leaf_value=0.011953685045103262 0.0034404890694654817 0.007065426373374737 -0.010226225445740115 -0.0085585801422709811 -0.0030693129770992347 -0.0030826735744658822
leaf_weight=6.5750131523236632 1.0307932635769237 1.0327069498598578 8.0914774551056308 1.7003234932199136 0.26236770302057255 0.61035872250795353
leaf_count=260 43 25 516 35 2 6
internal_value=-0.000641434 0.00652563 -0.00849459 -0.00315726 0.0110591 0.00355562
internal_weight=19.303 10.1808 9.12227 3.34339 6.83738 1.64307
internal_count=887 328 559 66 262 31
is_linear=0
shrinkage=0.02


Tree=554
num_leaves=7
num_cat=0
split_feature=38 45 40 46 28 31
split_gain=2.5674 1.20978 0.867071 0.614583 0.370475 0.208069
threshold=0.048701672062630548 0.010682403593812369 0.010947436055001388 0.035535050704177 0.15821555117422115 -0.029173506808871496
decision_type=2 2 2 2 2 2
left_child=1 2 -1 -2 -5 -4
right_child=3 -3 5 4 -6 -7
leaf_value=-0.0079842620544955702 -0.0044509734257294018 -0.011190124058377769 -0.00084044236244941364 0.011908204576345161 -0.00321888699357528 0.0095878358488652379
leaf_weight=1.4045557472854868 0.67846709676086803 5.9859954323619604 0.80784437665715847 5.806856881827116 0.30500026699155558 2.1944584203884006
leaf_count=101 8 525 29 186 12 26
internal_value=6.16932e-05 -0.00599184 0.00183285 0.00890669 0.0108069 0.00727295
internal_weight=17.1832 10.3929 4.40686 6.79032 6.11186 3.0023
internal_count=887 681 156 206 198 55
is_linear=0
shrinkage=0.02


Tree=555
num_leaves=7
num_cat=0
split_feature=6 46 38 44 6 26
split_gain=1.66829 1.09444 1.8677 0.803563 0.590211 0.4216
threshold=266.1233678528709 0.0066735948092799752 0.043945279609495735 0.12712824465270992 24.973662964876038 0.014753831270223674
decision_type=2 2 2 2 2 2
left_child=1 -1 3 4 5 -3
right_child=-2 2 -4 -5 -6 -7
leaf_value=-0.0099813916102326605 0.0096396156173462998 0.0058402768134694621 -0.010389563513931247 -0.0050842532060457156 0.0098905974353757625 -0.006414403488091548
leaf_weight=4.5583923701196971 4.9327996931970111 1.1010968778282388 3.6336108529940239 2.022691478021442 6.4202465228736401 1.4335708729922769
leaf_count=238 218 17 185 73 134 27
internal_value=0.000328727 -0.00242633 0.000419085 0.00456549 0.0070369 -0.00094462
internal_weight=24.1024 19.1696 14.6112 10.9776 8.95491 2.53467
internal_count=892 674 436 251 178 44
is_linear=0
shrinkage=0.02


Tree=556
num_leaves=7
num_cat=0
split_feature=42 47 15 40 47 6
split_gain=2.76952 1.19414 0.811819 0.505641 0.47105 0.26551
threshold=-1.0000000180025095e-35 -0.01284433322148811 0.070516206618957314 0.053134186532682245 -0.085323637636610508 266.1233678528709
decision_type=2 2 2 2 2 2
left_child=1 3 4 5 -2 -1
right_child=2 -3 -4 -5 -6 -7
leaf_value=0.012041479892704685 0.0038833998529224536 -0.0052285596010525279 0.0053454340551685447 -0.0044898259823749889 -0.010820945145898393 -0.00051244651611124365
leaf_weight=7.0281449370086175 0.46988937351852555 2.0311195617541697 1.0381792075932015 0.39529931545257557 7.9979427964426568 0.6486980952322482
leaf_count=276 8 46 25 2 528 7
internal_value=-0.000342093 0.00663885 -0.00768733 0.00987211 -0.009681 0.0110439
internal_weight=19.6093 10.1033 9.50601 8.07214 8.46783 7.67684
internal_count=892 331 561 285 536 283
is_linear=0
shrinkage=0.02


Tree=557
num_leaves=7
num_cat=0
split_feature=38 45 40 47 67 40
split_gain=2.73852 1.10382 0.835201 0.404755 0.27523 0.26191
threshold=0.043945279609495735 0.010682403593812369 0.010947436055001388 -0.031128159869344061 0.08371068538059627 0.049887036635053873
decision_type=2 2 2 2 2 2
left_child=1 2 -1 -2 -4 -3
right_child=3 5 4 -5 -6 -7
leaf_value=-0.0079580886715748776 -0.0034766857427631654 -0.011728104806249279 -0.0024596097011342316 0.011012862822140425 0.0093124200595844399 0.0010978148024388323
leaf_weight=1.4077079566195623 0.407375925220549 5.9187015523202717 0.57353140227496657 5.7511133798398069 2.4196251430548728 0.5227131713181733
leaf_count=108 10 513 19 195 34 13
internal_value=-6.67504e-05 -0.00596656 0.00163195 0.00970262 0.00700566 -0.0106796
internal_weight=17.0008 10.8423 4.40086 6.15849 2.99316 6.44141
internal_count=892 687 161 205 53 526
is_linear=0
shrinkage=0.02


Tree=558
num_leaves=7
num_cat=0
split_feature=42 14 29 45 71 40
split_gain=2.06731 1.09799 1.35295 0.726748 0.648309 0.629127
threshold=0.069401674208035766 0.03606814114871678 -0.015398906478555156 0.051543821855093493 28.829201570013428 0.045187630759657621
decision_type=2 2 2 2 2 2
left_child=1 2 4 5 -1 -4
right_child=-2 -3 3 -5 -6 -7
leaf_value=-0.0097744813016094664 0.01028527306938643 -0.0095843759753855059 0.010322347106660579 -0.0046263090919740476 0.0043291211395931305 -0.0049316904849240123
leaf_weight=4.4020935213193297 4.8899280913174143 6.0008821552619329 5.486257106997078 1.6292378883808849 1.0812800601124761 0.67985021881759156
leaf_count=150 260 321 85 44 21 12
internal_value=-0.00015125 -0.00317493 0.000189981 0.00528748 -0.00675459 0.008187
internal_weight=24.1695 19.2796 13.2787 7.79535 5.48337 6.16611
internal_count=893 633 312 141 171 97
is_linear=0
shrinkage=0.02


Tree=559
num_leaves=7
num_cat=0
split_feature=46 15 46 50 18 16
split_gain=3.15548 1.53734 0.516582 0.454992 0.556624 0.218364
threshold=1.0000000180025095e-35 0.042779240836650752 0.078356685644693919 0.0041201024621329201 -0.0086577192339460356 0.087779567950028378
decision_type=2 2 2 2 2 2
left_child=5 3 -3 4 -2 -1
right_child=1 2 -4 -5 -6 -7
leaf_value=0.011210909860237338 0.0044653630896032562 0.0094138065259312485 -0.0053295535423463197 -0.011931257843783663 -0.009000042199586878 -0.0019647855369166064
leaf_weight=5.3945041978731778 1.7368789720349016 2.1465668613091107 0.60918755270540703 7.5976622486487031 1.2912966571748237 0.25126131065189827
leaf_count=219 43 72 16 512 27 4
internal_value=-0.00103393 -0.00625359 0.00560338 -0.00954611 -0.00208546 0.0104171
internal_weight=19.0274 13.3816 2.75575 10.6258 3.02818 5.64577
internal_count=893 670 88 582 70 223
is_linear=0
shrinkage=0.02


Tree=560
num_leaves=7
num_cat=0
split_feature=38 40 50 28 28 38
split_gain=2.57272 1.1723 0.685322 0.704087 0.513959 0.216316
threshold=0.024529950270922165 0.045948685896307545 0.0079147402953547753 0.15163625210038192 -0.0035864892966065705 0.069631348789745376
decision_type=2 2 2 2 2 2
left_child=1 4 5 -4 -1 -2
right_child=2 -3 3 -5 -6 -7
leaf_value=0.0042328600435356072 -0.0068116278546642584 0.0076548265740401505 0.012125204246211886 -0.004897300237049069 -0.010721197329879693 0.0037658127354612365
leaf_weight=0.51004754798486818 0.87234407011419335 1.2393605904653666 7.0993736162781715 0.56282924534752954 6.6894371840171534 0.49258232861757278
leaf_count=9 24 12 212 44 584 8
internal_value=0.00132751 -0.00624083 0.00831943 0.0104538 -0.00927475 -0.00301613
internal_weight=17.466 8.43885 9.02713 7.6622 7.19948 1.36493
internal_count=893 605 288 256 593 32
is_linear=0
shrinkage=0.02


Tree=561
num_leaves=7
num_cat=0
split_feature=14 38 26 46 44 41
split_gain=2.20471 1.76488 1.12449 0.528818 0.431192 0.377531
threshold=0.037088223916494946 0.066385877602505625 0.050894822048487283 1.0000000180025095e-35 0.062993750448413502 0.0071490681792927566
decision_type=2 2 2 2 2 2
left_child=1 2 3 -1 -2 -5
right_child=4 -3 -4 5 -6 -7
leaf_value=-0.0015178565115844609 0.00051818299835494869 -0.0080177437792078067 -0.0057958217023070316 0.011804264424604352 -0.010530605611491077 0.00065824845492769204
leaf_weight=1.3396827895194352 1.7729612803086627 2.6116151046007863 1.5414558658376325 11.183969995006917 4.5592321315780282 1.4861301844939578
leaf_count=35 35 113 31 347 295 34
internal_value=0.0016127 0.0051256 0.00768391 0.00945437 -0.00778828 0.0106407
internal_weight=24.495 18.1629 15.5512 14.0098 6.33219 12.6701
internal_count=890 560 447 416 330 381
is_linear=0
shrinkage=0.02


Tree=562
num_leaves=7
num_cat=0
split_feature=15 47 18 53 26 57
split_gain=2.81301 1.08461 0.56159 0.541976 0.445472 0.135041
threshold=0.039504830860242299 -0.064735899014463513 -0.042551715808104289 0.0092763474914108034 -0.032257116067637946 0.10757373425736193
decision_type=2 2 2 2 2 2
left_child=1 -1 4 -2 -3 -4
right_child=3 2 5 -5 -6 -7
leaf_value=0.0054529730805447964 0.011229199428059885 -0.007246062492005695 -0.00089133088678311533 -0.0025899532227996753 0.0048664768041869685 -0.01212740847892926
leaf_weight=1.7533485200256116 4.742723310366272 1.3021375704556706 0.62403829907998254 1.0067995237186549 1.5970880403183407 7.8748587798327208
leaf_count=56 214 123 25 31 49 392
internal_value=-0.00195049 -0.00693252 -0.00912391 0.00878413 -0.00103681 -0.0114831
internal_weight=18.901 13.1515 11.3981 5.74952 2.89923 8.4989
internal_count=890 645 589 245 172 417
is_linear=0
shrinkage=0.02


Tree=563
num_leaves=7
num_cat=0
split_feature=51 31 28 29 66 2
split_gain=2.16329 0.824205 0.749021 0.671005 0.543102 0.422236
threshold=-5.0962383033340225e-05 -0.029887033207629428 -0.011830540826103171 0.04277074171384903 0.18890487322424027 0.71535181236673784
decision_type=2 2 2 2 2 2
left_child=2 -2 -1 -3 5 -4
right_child=1 3 4 -5 -6 -7
leaf_value=0.0063730198474844634 -0.0056128078647909299 0.011612266424675246 -0.011041329050637828 -0.0045147633078310547 0.0048744721922066728 0.0014360727561576103
leaf_weight=0.91620807861909348 1.0416778083890674 6.0871152305044225 7.0062747248448414 0.66584481578320254 0.57726018084213215 1.0077758179977534
leaf_count=19 82 189 515 20 8 57
internal_value=-0.000125626 0.0071995 -0.0062447 0.00964491 -0.00811446 -0.00948703
internal_weight=17.3022 7.79464 9.50752 6.75296 8.59131 8.01405
internal_count=890 291 599 209 580 572
is_linear=0
shrinkage=0.02


Tree=564
num_leaves=7
num_cat=0
split_feature=28 42 74 75 64 42
split_gain=1.84813 1.02796 0.964293 0.690637 0.665495 0.534433
threshold=0.11290454205342343 0.016002451650432133 0.02016666666666667 0.34325000000000011 0.22055563641248979 -7.1976127105803425e-05
decision_type=2 2 2 2 2 2
left_child=2 -2 4 -4 -1 -6
right_child=1 -3 3 -5 5 -7
leaf_value=-0.0076527517241554511 -0.0039573402238860843 0.010614150196922854 -0.0094068520133821359 0.0047543829260885545 -0.0040546059115999442 0.0091605870723850021
leaf_weight=1.0935833128169203 2.0529273124411684 6.1711548054590821 8.9423008095473016 0.97650907840579826 1.0528931524604557 3.2549401009455323
leaf_count=20 76 303 424 17 16 29
internal_value=-0.000222537 0.00694207 -0.00425829 -0.00770493 0.00228581 0.00577525
internal_weight=23.5443 8.22408 15.3202 9.91881 5.40142 4.30783
internal_count=885 379 506 441 65 45
is_linear=0
shrinkage=0.02


Tree=565
num_leaves=7
num_cat=0
split_feature=47 46 15 57 47 10
split_gain=2.90474 0.640709 0.606658 0.420222 0.339067 0.225482
threshold=-0.032453667695278479 1.0000000180025095e-35 -0.00098432679956039358 0.13249640352454597 -0.0058541431732031931 2.1153268907329816
decision_type=2 2 2 2 2 2
left_child=2 -2 -1 4 -3 -4
right_child=1 3 5 -5 -6 -7
leaf_value=-0.0015475715281487393 0.0053883592407377593 0.0052087178526578964 0.011088294558295082 -0.011052069258910377 -0.0057163175628539946 -0.0019390154003559195
leaf_weight=1.87924413010478 0.81644885614514251 1.0150827635079624 6.5592147912830132 6.5258153919130564 1.6636563376523534 0.27930469857528795
leaf_count=81 28 41 251 386 88 10
internal_value=-6.26224e-05 -0.00708814 0.00791153 -0.0086144 -0.00128585 0.0103767
internal_weight=18.7388 10.021 8.71776 9.20455 2.67874 6.83852
internal_count=885 543 342 515 129 261
is_linear=0
shrinkage=0.02


Tree=566
num_leaves=7
num_cat=0
split_feature=50 39 10 41 32 30
split_gain=2.19723 1.29137 0.532157 0.480106 0.222066 0.201116
threshold=0.012895622244921684 -0.010379005360254474 0.81632328237245544 0.0021252109994881756 0.05101904583443715 0.07753756763516749
decision_type=2 2 2 2 2 2
left_child=3 2 -2 5 -3 -1
right_child=1 4 -4 -5 -6 -7
leaf_value=-0.011500503859810256 0.0046602363458753257 0.011704814179169125 -0.0075932354257593629 0.0021845204704405612 0.00021345235266840751 0.00086019559224481538
leaf_weight=4.7438000421971109 1.5412366641685378 5.9127022423781428 2.4515547142364085 1.103150177747011 0.7868147064000367 0.43309767311438907
leaf_count=389 46 187 208 19 18 18
internal_value=0.00037269 0.00572407 -0.00287729 -0.00827323 0.0105582 -0.0104946
internal_weight=16.9724 10.6923 3.99279 6.28005 6.69952 5.1769
internal_count=885 459 254 426 205 407
is_linear=0
shrinkage=0.02


Tree=567
num_leaves=7
num_cat=0
split_feature=28 44 37 15 32 47
split_gain=1.96893 1.66771 0.846933 0.703873 0.516666 0.48423
threshold=0.14042933558932616 0.077017442196986835 -0.0036131693093391644 0.062633350414234512 -0.011625921561378564 0.0011485658930781991
decision_type=2 2 2 2 2 2
left_child=1 2 5 -2 -3 -1
right_child=3 4 -4 -5 -6 -7
leaf_value=0.0025936462050003615 0.011314756790595884 0.0021793856507548652 0.010757208817991684 -0.0048755934426283863 -0.010309719103144125 -0.0078055955587875382
leaf_weight=4.1016159122809768 6.0589866098016492 1.2020986294373894 2.7339912960305863 0.68903810624033202 7.4823254770599261 1.7896108739078043
leaf_count=62 330 19 27 26 389 56
internal_value=0.000822464 -0.00278687 0.00328559 0.00924567 -0.00853444 -0.00123966
internal_weight=24.0577 17.3096 8.62522 6.74802 8.68442 5.89123
internal_count=909 553 145 356 408 118
is_linear=0
shrinkage=0.02


Tree=568
num_leaves=7
num_cat=0
split_feature=46 15 45 46 46 60
split_gain=2.74512 1.261 0.531618 0.804107 0.428443 0.300025
threshold=0.00072863773870476833 0.042779240836650752 0.051277260378759855 0.064471200956077931 0.078356685644693919 0.18677325581395351
decision_type=2 2 2 2 2 2
left_child=-1 2 5 -4 -3 -2
right_child=1 4 3 -5 -6 -7
leaf_value=0.009781929616470255 0.0026968629946801971 0.0090683277519594072 0.0071681107867507003 -0.008577487619512842 -0.0048680953399854844 -0.012043971103985791
leaf_weight=5.6065449006855514 0.24100493919104149 1.9174588238820427 1.4931499636732044 1.7293682093732057 0.53008278971537937 7.2611708771437407
leaf_count=230 3 67 39 200 16 354
internal_value=-0.000912988 -0.00583412 -0.00867318 -0.001312 0.00551346 -0.0113089
internal_weight=18.7788 13.1722 10.7247 3.22252 2.44754 7.50218
internal_count=909 679 596 239 83 357
is_linear=0
shrinkage=0.02


Tree=569
num_leaves=7
num_cat=0
split_feature=38 41 66 38 28 28
split_gain=2.24523 1.34073 0.510503 0.439595 0.379505 0.349156
threshold=0.066385877602505625 -0.0013483051659850872 0.19363283229184261 0.002484236894325875 -0.023422908887570686 0.11955350104600689
decision_type=2 2 2 2 2 2
left_child=1 2 4 -3 -1 -2
right_child=5 3 -4 -5 -6 -7
leaf_value=0.0034767980014873711 0.01133314302423114 -0.0034374783503847762 0.0045554493903956321 0.0080946067880547229 -0.011337548130026352 -0.0032510768023180986
leaf_weight=0.31226767040789116 4.6449542632326475 1.4031990915536892 0.46231805812567461 2.5166013753041625 7.2648511794395745 0.30778926610946644
leaf_count=4 159 23 6 56 653 8
internal_value=-0.000142432 -0.00480542 -0.00912437 0.00410678 -0.0103928 0.0100329
internal_weight=16.912 11.9592 8.03944 3.9198 7.57712 4.95274
internal_count=909 742 663 79 657 167
is_linear=0
shrinkage=0.02


Tree=570
num_leaves=7
num_cat=0
split_feature=42 44 37 14 34 42
split_gain=1.80539 1.2709 0.968998 0.694397 0.596364 0.450667
threshold=0.069401674208035766 0.077017442196986835 -0.0087108212087580236 -0.048234864968760983 0.037825141662249262 0.03402507614413363
decision_type=2 2 2 2 2 2
left_child=1 2 4 -3 -1 -5
right_child=-2 3 -4 5 -6 -7
leaf_value=-0.0071543387057548952 0.010282641091789417 0.0036258889351426359 0.0092691567544943287 -0.011401310097152879 0.0048377610273278044 -0.00019296987945911727
leaf_weight=3.2966342987492681 4.7315021669492117 1.4836699124425674 3.8826746130362206 6.4967352817766315 1.827127913944423 1.8177038514986632
leaf_count=79 257 36 47 351 48 72
internal_value=0.000412447 -0.00246485 0.00281775 -0.00713188 -0.00278629 -0.00923473
internal_weight=23.536 18.8045 9.00644 9.79811 5.12376 8.31444
internal_count=890 633 174 459 127 423
is_linear=0
shrinkage=0.02


Tree=571
num_leaves=7
num_cat=0
split_feature=46 45 46 16 47 14
split_gain=2.7125 0.947566 1.04269 0.463826 0.401408 0.404208
threshold=0.0099345188642554916 0.051277260378759855 0.064880436125691818 0.056327132331911119 -0.085323637636610508 0.13864306272178917
decision_type=2 2 2 2 2 2
left_child=3 4 -3 -1 -2 -6
right_child=1 2 -4 -5 5 -7
leaf_value=0.010179699029538487 0.0034201225546994056 0.0082668982431995473 -0.0083974795720944961 -0.0038389420950038621 -0.012122123509869492 0.0033988384340551624
leaf_weight=6.2007999001070884 0.3891193391755231 2.487456982024014 1.6530721518211065 0.56120414566248644 6.9776544300839278 0.31560851540416468
leaf_count=254 9 72 195 10 344 6
internal_value=-0.000695621 -0.00631154 0.00127445 0.00867155 -0.010076 -0.0111216
internal_weight=18.5849 11.8229 4.14053 6.762 7.68238 7.29326
internal_count=890 626 267 264 359 350
is_linear=0
shrinkage=0.02


Tree=572
num_leaves=7
num_cat=0
split_feature=40 51 66 3 51 31
split_gain=2.48134 0.796681 0.449696 0.41838 0.366241 0.356974
threshold=0.020335502331026826 -0.00089293770010038067 0.12574113241565829 0.20330112721417073 0.013855486155692778 -0.029887033207629428
decision_type=2 2 2 2 2 2
left_child=4 2 -2 5 -1 -3
right_child=1 3 -4 -5 -6 -7
leaf_value=-0.010416133779014011 -0.0069459766464293731 -0.0023591820537726673 0.0044725788224368006 -0.0035662427392231339 0.002996726213924438 0.011977223607748371
leaf_weight=5.6334323971532312 1.7755767409689727 0.44242855859920371 1.7980350991711018 0.43536205729469646 0.48854644503444422 5.9652425604872388
leaf_count=569 44 14 50 11 19 183
internal_value=0.000199779 0.00596829 -0.00147906 0.00955019 -0.00907528 0.0108025
internal_weight=16.5386 10.4166 3.57361 6.84303 6.12198 6.40767
internal_count=890 302 94 208 588 197
is_linear=0
shrinkage=0.02


Tree=573
num_leaves=7
num_cat=0
split_feature=28 36 15 54 13 48
split_gain=2.20762 1.10032 1.07104 0.821577 0.54986 0.482295
threshold=0.11290454205342343 0.012951512886963175 0.044825023044661003 0.34580419580419586 2.0895708582834334 0.093320117335264088
decision_type=2 2 2 2 2 2
left_child=1 5 -2 -3 -5 -1
right_child=2 3 -4 4 -6 -7
leaf_value=-0.010866116505454769 0.010776482179989779 -0.0063440183438820495 -0.0060330580008882556 0.0091426873890760162 -0.0050740155998762991 0.0030393563764812073
leaf_weight=6.7960342848673481 6.8834100970998389 2.5118523640558124 1.1923330281861124 3.4971615071408451 0.72647774778306473 0.70962292701005925
leaf_count=285 326 95 65 65 40 11
internal_value=9.81779e-05 -0.00455607 0.00790337 0.00130266 0.00619414 -0.00934866
internal_weight=22.3169 14.2411 8.07574 6.73549 4.22364 7.50566
internal_count=887 496 391 200 105 296
is_linear=0
shrinkage=0.02


Tree=574
num_leaves=7
num_cat=0
split_feature=30 17 52 48 76 15
split_gain=2.37679 0.949703 0.737943 0.408081 0.233204 0.15502
threshold=0.0078759962504703507 0.08951465201465203 0.034843303228073254 0.0031638338257866595 0.24483333333333338 0.18750891354520408
decision_type=2 2 2 2 2 2
left_child=1 -1 4 -2 -3 -5
right_child=3 2 -4 5 -6 -7
leaf_value=-0.0053510512921613098 0.00023860409238727777 0.011073484968709251 -0.0041928833943560562 -0.011507642929281777 -0.0013507988157088887 0.0016344311110827894
leaf_weight=1.9027717951685215 1.5764622101560224 7.0773974671028537 1.1195301245898006 5.2674858956597745 0.43318212032318104 0.13637216854840506
leaf_count=43 50 279 44 450 16 5
internal_value=-0.00035449 0.00547037 0.00816419 -0.00872796 0.0102824 -0.0109726
internal_weight=17.5132 10.5329 8.63011 6.98032 7.51058 5.40386
internal_count=887 382 339 505 295 455
is_linear=0
shrinkage=0.02


Tree=575
num_leaves=7
num_cat=0
split_feature=39 50 40 62 41 6
split_gain=1.90017 1.15523 0.861735 0.392897 0.370959 0.12811
threshold=-0.010379005360254474 0.015091784660585979 0.045187630759657621 0.78669826224328598 0.0021252109994881756 258.08493867030973
decision_type=2 2 2 2 2 2
left_child=2 4 3 -1 -2 -3
right_child=1 5 -4 -5 -6 -7
leaf_value=-0.011201932336770337 -0.0075168406383724542 0.011627694655779817 0.0046658350678224735 0.0023547436461619775 0.0045043677213538304 -0.00028754864181121018
leaf_weight=5.4183176509104678 1.8136160676367565 5.3563331849873066 1.5403094170615075 0.62942825304344285 0.79928330332040776 0.33224644232541312
leaf_count=569 56 175 26 26 20 15
internal_value=0.000253029 0.00650236 -0.00654491 -0.00965708 -0.00361064 0.0109928
internal_weight=15.8895 8.30148 7.58806 6.04775 2.6129 5.68858
internal_count=887 266 621 595 76 190
is_linear=0
shrinkage=0.02


Tree=576
num_leaves=7
num_cat=0
split_feature=28 44 15 51 42 38
split_gain=1.75567 1.49213 0.617343 0.587468 0.558476 0.787806
threshold=0.14042933558932616 0.077017442196986835 0.043369965740664443 -7.1082908437318108e-05 0.03402507614413363 0.030885494216557296
decision_type=2 2 2 2 2 2
left_child=1 3 -2 -1 -3 -6
right_child=2 4 -4 -5 5 -7
leaf_value=0.0066526704993014971 0.011182204971261154 -0.011472834283047951 -0.004062050645890357 -0.0040786547772891932 0.0071707292241736829 -0.0085415524284763698
leaf_weight=5.5853846240788698 5.630266764201223 5.2467157924547774 0.73748699761927117 2.1651101112365785 1.5653961207717659 1.5492054214701054
leaf_count=76 314 316 30 63 16 79
internal_value=0.000976947 -0.00257979 0.00910498 0.00353134 -0.0080166 -0.000821078
internal_weight=22.4796 16.1118 6.36775 7.75049 8.36132 3.1146
internal_count=894 550 344 139 411 95
is_linear=0
shrinkage=0.02


Tree=577
num_leaves=7
num_cat=0
split_feature=15 48 36 48 16 35
split_gain=2.58308 1.01469 0.557037 0.470981 0.301636 0.184183
threshold=0.038827151055179247 0.006115950537361429 0.0086514006827949838 0.047143805763468986 -0.059635965077960811 -0.014900140026037149
decision_type=2 2 2 2 2 2
left_child=1 2 -1 -2 -3 -4
right_child=3 4 5 -5 -6 -7
leaf_value=0.0070425616035991057 0.011054645372457293 0.00079762776581409213 0.0014305176938616718 -0.0032527212972318646 -0.011291178758380361 -0.0082367625888929239
leaf_weight=2.1870629722252515 4.7229297263547769 0.77609481057152141 0.84350894484668959 0.63404819602146734 7.30441732611507 1.1422260031104086
leaf_count=56 227 42 34 18 503 14
internal_value=-0.00144882 -0.00640691 0.00143776 0.00911594 -0.0101701 -0.00502651
internal_weight=17.6103 12.2533 4.1728 5.35698 8.08051 1.98573
internal_count=894 649 104 245 545 48
is_linear=0
shrinkage=0.02


Tree=578
num_leaves=7
num_cat=0
split_feature=41 38 18 40 42 28
split_gain=2.41388 1.18325 0.568536 0.303866 0.269892 0.152123
threshold=0.0021252109994881756 0.066385877602505625 0.020097596177778069 0.020535559903072566 0.069401674208035766 0.10385331154329819
decision_type=2 2 2 2 2 2
left_child=1 2 -1 -4 -2 -3
right_child=4 5 3 -5 -6 -7
leaf_value=-0.011514028369082307 0.011255376668094137 0.0083936106635199344 -0.0058585012483030668 0.0047600264665380639 -0.0010921718395469832 -0.0016698722505196233
leaf_weight=5.8504898143000883 4.8791586868464956 1.5149829192087043 0.97424251353368196 1.3747588330879805 0.61526042083278287 0.40985562652349461
leaf_count=563 160 42 74 24 22 9
internal_value=0.000242172 -0.00542805 -0.00860253 -7.82882e-05 0.00991744 0.00641249
internal_weight=15.6187 10.1243 8.19949 2.349 5.49442 1.92484
internal_count=894 712 661 98 182 51
is_linear=0
shrinkage=0.02


Tree=579
num_leaves=7
num_cat=0
split_feature=14 28 47 44 14 44
split_gain=1.82114 1.47125 0.982704 0.802733 0.485224 0.336021
threshold=0.03606814114871678 0.085837477833543452 0.0011485658930781991 0.078767920674795253 -1.0000000180025095e-35 0.13457431936877456
decision_type=2 2 2 2 2 2
left_child=1 2 3 4 -1 -3
right_child=-2 5 -4 -5 -6 -7
leaf_value=-0.0018721064776400897 -0.0092960661829003619 0.0110476695225003 -0.01036871238468343 -0.0070663023375405155 0.011201706178967645 0.0009776576179291892
leaf_weight=1.3318410255014899 5.5509703680872908 5.7160959187895051 2.890387421939522 1.4863978866487739 2.3755183722823876 1.9101100992411373
leaf_count=15 327 245 131 50 15 83
internal_value=-0.000373643 0.00314658 -0.00269281 0.0025633 0.00710507 0.00893119
internal_weight=21.2613 15.7104 8.08414 5.19376 3.70736 7.62621
internal_count=866 539 211 80 30 328
is_linear=0
shrinkage=0.02


Tree=580
num_leaves=7
num_cat=0
split_feature=18 2 46 47 7 15
split_gain=2.15604 1.28816 0.760197 0.409238 0.208346 0.193338
threshold=-0.03095038116486953 0.43437243642329787 1.0000000180025095e-35 -0.064735899014463513 222.09781122165853 0.086732737633877649
decision_type=2 2 2 2 2 2
left_child=1 -1 4 -4 -2 -5
right_child=2 -3 3 5 -6 -7
leaf_value=0.010722345903614773 0.0072530975129877972 -0.0059672005263710646 0.0025360678559444121 -0.011231363135954551 -0.0032203677788609389 0.0016593137302073841
leaf_weight=6.3092752774246055 1.0931805027648787 1.7549568945541976 0.69446353707462538 6.3629565248265862 0.48066313937306393 0.24265825003385533
leaf_count=266 35 168 18 359 11 9
internal_value=-0.000222422 0.0068327 -0.00667648 -0.00919712 0.004046 -0.0106019
internal_weight=16.9382 8.06423 8.87392 7.30008 1.57384 6.60561
internal_count=866 434 432 386 46 368
is_linear=0
shrinkage=0.02


Tree=581
num_leaves=7
num_cat=0
split_feature=47 28 66 28 28 46
split_gain=2.19222 1.95369 0.29633 0.236204 0.14514 0.136657
threshold=-0.017096219207920742 0.082110370901903956 0.13733010545022625 -0.011830540826103171 0.14153396847183222 0.23156093947708692
decision_type=2 2 2 2 2 2
left_child=3 -2 -3 -1 -4 -5
right_child=1 2 4 5 -6 -7
leaf_value=0.00226831314015076 0.011043399665072407 -0.0096410608910049572 0.0050507459541274773 -0.010949468231013244 -0.0038152611449667967 0.0015883490531765172
leaf_weight=0.30486354045569797 7.2648432897403818 1.9451387375593188 0.66488017886877038 4.334612237755211 0.39159932034090161 0.1217224821448325
leaf_count=8 216 158 6 433 44 1
internal_value=0.0007679 0.00585608 -0.00632112 -0.00931571 0.00150722 -0.0103787
internal_weight=15.0277 10.2665 3.00162 4.7612 1.05648 4.45633
internal_count=866 424 208 442 50 434
is_linear=0
shrinkage=0.02


Tree=582
num_leaves=7
num_cat=0
split_feature=28 44 33 14 6 51
split_gain=2.04381 0.89709 0.801315 0.791614 0.433279 0.402147
threshold=0.11290454205342343 0.076329722014115683 -0.0047253329182678832 0.076281816547236037 64.790441173641184 0.043335620324124538
decision_type=2 2 2 2 2 2
left_child=1 2 4 -2 -1 -3
right_child=3 5 -4 -5 -6 -7
leaf_value=-0.0086009873734778884 0.010000811960227575 -0.0094946518160341498 0.0076027438327348901 -0.0059401133489992786 0.002395404119204201 0.0043481378749523434
leaf_weight=2.3725220607593656 7.4901551697403175 6.9234589575789869 3.1154819894582051 0.7838973831385373 1.8880986729636786 0.36564647592604149
leaf_count=57 355 381 37 53 42 5
internal_value=0.000593984 -0.00383604 0.00109837 0.00801288 -0.00419891 -0.00835946
internal_weight=22.9393 14.6652 7.3761 8.27405 4.26062 7.28911
internal_count=930 522 136 408 99 386
is_linear=0
shrinkage=0.02


Tree=583
num_leaves=7
num_cat=0
split_feature=46 42 45 42 53 16
split_gain=2.60128 0.960242 0.92957 0.36167 0.337008 0.26674
threshold=0.0099345188642554916 1.0000000180025095e-35 0.051277260378759855 0.041848776506886766 0.010621331989182435 -0.046159111473138191
decision_type=2 2 2 2 2 2
left_child=3 2 5 4 -1 -2
right_child=1 -3 -4 -5 -6 -7
leaf_value=0.011237141741664415 0.0033745756965872392 -0.011260577846585971 0.0077576030397968803 -0.0029469909412059361 -0.0023337376586004947 -0.0085586263158921767
leaf_weight=5.4778676135465529 0.37332182098180089 5.8832101528532803 2.3684911401942372 0.54212502110749472 0.4783992776647209 2.5520639014430326
leaf_count=244 6 547 67 12 10 44
internal_value=-0.000661082 -0.00633517 5.79941e-05 0.00864157 0.00996835 -0.00656405
internal_weight=17.6755 11.1771 5.29388 6.49839 5.95627 2.92539
internal_count=930 664 117 266 254 50
is_linear=0
shrinkage=0.02


Tree=584
num_leaves=7
num_cat=0
split_feature=51 28 28 66 38 3
split_gain=2.23092 0.922265 0.738889 0.519043 0.614701 0.397751
threshold=0.0004980613279487188 -0.011830540826103171 0.11352590537522925 0.17997570853395486 0.068259426444936031 0.21464285714285716
decision_type=2 2 2 2 2 2
left_child=1 -1 5 4 -3 -2
right_child=2 3 -4 -5 -6 -7
leaf_value=0.0069613378848130915 0.011292735816892387 -0.012098204969966993 -0.0057610017879191049 0.0039105072667034516 0.0028670571696007268 -0.0034707525978634928
leaf_weight=1.0364529327489425 5.7968074358068415 6.4393351355101895 0.74002602836117137 0.67126334598287929 0.89246759563684452 0.36538023874163617
leaf_count=22 203 577 86 20 19 3
internal_value=-0.000110585 -0.00636135 0.00784481 -0.0086683 -0.0101511 0.010055
internal_weight=15.9417 9.03952 6.90221 8.00307 7.3318 6.16219
internal_count=930 638 292 616 596 206
is_linear=0
shrinkage=0.02


Tree=585
num_leaves=7
num_cat=0
split_feature=42 44 35 5 46 46
split_gain=1.52106 1.18523 0.674188 0.610316 0.627912 0.568373
threshold=0.069401674208035766 0.077017442196986835 -0.020357793855483166 0.17416582406471184 0.043198667192112704 0.002138375346397423
decision_type=2 2 2 2 2 2
left_child=1 2 -1 4 -3 -4
right_child=-2 3 5 -5 -6 -7
leaf_value=-0.0035339614625010947 0.0099785479725084999 -0.0073746320285648908 -0.0042226750740200812 -0.0096599837138312168 0.0071976766981067947 0.0097344685524512024
leaf_weight=3.075536722317338 4.4000537777319542 1.1253730203025027 0.87578153796494529 6.4917599847540259 1.6843677940778432 4.3712329678237438
leaf_count=100 266 49 16 367 31 60
internal_value=0.000656889 -0.0020812 0.00321398 -0.00667116 0.000957379 0.00710184
internal_weight=22.0241 17.6241 8.32255 9.3015 2.80974 5.24701
internal_count=889 623 176 447 80 76
is_linear=0
shrinkage=0.02


Tree=586
num_leaves=7
num_cat=0
split_feature=42 17 14 30 60 48
split_gain=2.28595 0.899652 0.800855 0.459886 0.331811 0.298242
threshold=-1.0000000180025095e-35 0.085006021678040958 0.081267459786711835 0.031403459823102893 0.18677325581395351 0.018761529987155478
decision_type=2 2 2 2 2 2
left_child=1 5 4 -3 -2 -1
right_child=2 3 -4 -5 -6 -7
leaf_value=0.0034426416675592368 0.0032180200569936618 0.011176467970231229 0.0049021805574213382 -0.0011798920988731923 -0.010948902195211175 -0.0083520546640156162
leaf_weight=0.6864808518439548 0.29187455540522744 5.8615512158721685 1.111149789765477 1.2444856301881371 6.803513125050813 1.2361993170343337
leaf_count=12 4 258 45 29 521 20
internal_value=-0.000535481 0.00609936 -0.00770468 0.00913389 -0.0100406 -0.0044038
internal_weight=17.2353 9.02872 8.20654 7.10604 7.09539 1.92268
internal_count=889 319 570 287 525 32
is_linear=0
shrinkage=0.02


Tree=587
num_leaves=7
num_cat=0
split_feature=38 67 46 31 65 65
split_gain=2.1113 0.829747 0.509064 0.349034 0.292423 0.213302
threshold=0.038991839640575052 0.10207674619143434 0.035535050704177 -0.035257721440182001 0.11866162641228604 0.34891151066455145
decision_type=2 2 2 2 2 2
left_child=1 4 -2 -3 -1 -6
right_child=2 3 -4 -5 5 -7
leaf_value=0.0011777143076511871 -0.003792933517787281 -0.00535990536731257 0.0097724623538485468 0.0064318414569215056 -0.011854467759348975 0.0017907460222345191
leaf_weight=0.67320897756144216 0.77832534816116172 0.65457102959044311 5.5457653272897005 1.8306112631689755 5.4194305366836488 0.23292780108749855
leaf_count=21 14 86 225 46 485 12
internal_value=-0.000332178 -0.006379 0.00781301 0.00267926 -0.00981774 -0.0111075
internal_weight=15.1348 8.81075 6.32409 2.48518 6.32557 5.65236
internal_count=889 650 239 132 518 497
is_linear=0
shrinkage=0.02


Tree=588
num_leaves=7
num_cat=0
split_feature=14 38 27 75 44 25
split_gain=1.50759 1.52908 0.85536 0.887135 0.563592 0.299178
threshold=0.017937086023635297 0.066385877602505625 -0.050699185774800141 0.21725000000000003 0.07407757091967207 0.27164424360699274
decision_type=2 2 2 2 2 2
left_child=1 2 -1 -4 5 -2
right_child=4 -3 3 -5 -6 -7
leaf_value=0.010807008283497016 -0.0046584672941309083 -0.0083153697132743801 0.0067527483799507838 -0.008161306317734443 -0.0099280162582638873 0.0054201223351948522
leaf_weight=8.2882794076576811 1.2075320659205311 2.1708187265321603 2.5779356351122287 1.8793085347861049 4.1446730047464371 1.5591053115203974
leaf_count=346 37 114 26 41 305 24
internal_value=0.00119086 0.00469165 0.00735079 0.000121303 -0.00600273 0.000952294
internal_weight=21.8277 14.9163 12.7455 4.45724 6.91131 2.76664
internal_count=893 527 413 67 366 61
is_linear=0
shrinkage=0.02


Tree=589
num_leaves=7
num_cat=0
split_feature=46 15 46 45 7 67
split_gain=2.87692 1.29214 0.389748 0.362324 0.227244 0.213405
threshold=0.00072863773870476833 0.042779240836650752 0.078356685644693919 0.10530770151725952 507.58927666666676 0.12770643921642141
decision_type=2 2 2 2 2 2
left_child=4 3 -3 -2 5 -1
right_child=1 2 -4 -5 -6 -7
leaf_value=0.011246597203082255 -0.011135306011808703 0.008669456753915835 -0.0047706299103773839 0.0018859839680501933 -0.002385995146873098 -0.002118659913990619
leaf_weight=4.8311207322403815 8.6453562602400744 1.6969835534691804 0.51455699978396285 0.6469894698821016 0.24498586915433396 0.20823089312762011
leaf_count=220 544 61 14 45 4 5
internal_value=-0.00157924 -0.00704915 0.0050306 -0.0101335 0.00955549 0.010435
internal_weight=16.7882 11.5039 2.21154 9.29235 5.28434 5.03935
internal_count=893 664 75 589 229 225
is_linear=0
shrinkage=0.02


Tree=590
num_leaves=7
num_cat=0
split_feature=29 47 66 51 22 24
split_gain=1.80958 0.682271 0.489873 0.386681 0.370273 0.269999
threshold=-0.018524630040393921 -0.017096219207920742 0.18138979852361661 0.006124553511092967 0.043381277232647328 0.29166666666666669
decision_type=2 2 2 2 10 10
left_child=1 -1 3 -2 5 -3
right_child=2 4 -4 -5 -6 -7
leaf_value=-0.0040067550967014427 -0.01105059198128782 0.011291791050084569 0.004150093909699247 0.00016984151580715329 -0.0016961250377501747 -0.002347971975368672
leaf_weight=1.5342981501016764 4.7222834641579547 5.4324859385378641 0.80994310602545727 1.5262999362312255 0.90369853074662376 0.29880621703341592
leaf_count=90 474 185 18 71 31 24
internal_value=5.59156e-05 0.00612932 -0.00686157 -0.00866453 0.00869101 0.0103375
internal_weight=15.2278 8.16929 7.05853 6.24858 6.63499 5.73129
internal_count=893 330 563 545 240 209
is_linear=0
shrinkage=0.02


Tree=591
num_leaves=7
num_cat=0
split_feature=28 45 75 46 28 40
split_gain=1.59796 0.806206 1.02407 0.594204 0.703486 0.377975
threshold=0.14042933558932616 0.04779909566892674 0.2434166666666667 0.002138375346397423 -0.0079201708901896258 -0.0073020066653525402
decision_type=2 2 2 2 2 2
left_child=1 2 3 -1 -5 -4
right_child=-2 -3 5 4 -6 -7
leaf_value=-0.0056612225064945308 0.0087998952292853323 -0.0090767830934989479 0.0033586315932047544 -0.0060398730418760004 0.009239086856616157 -0.0096760177994175654
leaf_weight=1.1322356555610911 5.5103066246956578 4.5929047535173586 0.59771321201697025 0.75515144784003485 5.4338856269605458 3.0687943231314421
leaf_count=47 342 260 14 35 73 121
internal_value=0.000420629 -0.00289481 0.000230875 0.00441895 0.006794 -0.00728673
internal_weight=21.091 15.5807 10.9878 7.32127 6.18904 3.66651
internal_count=892 550 290 155 108 135
is_linear=0
shrinkage=0.02


Tree=592
num_leaves=7
num_cat=0
split_feature=47 42 21 44 50 42
split_gain=2.26477 1.09093 0.503462 0.462832 0.227502 0.203965
threshold=-0.020875325874754967 0.040041947337738359 -0.008298107275973755 0.13749221343511533 0.0077228462228312892 0.016939517340618233
decision_type=2 2 10 2 2 2
left_child=1 2 5 -2 -5 -1
right_child=3 -3 -4 4 -6 -7
leaf_value=0.011375650740973344 -0.010973562230620817 -0.00741435866605091 -0.003161226372528404 0.0058064841486412614 -0.0047000711447962029 0.001788973511642073
leaf_weight=5.6254949383437625 5.6595527813769868 1.4178557894192625 0.91691111028194683 0.74743965687230207 0.59054760588333011 1.511489752680063
leaf_count=257 382 111 14 20 77 31
internal_value=-0.000831892 0.00533585 0.00815147 -0.00880373 0.00114235 0.00981473
internal_weight=16.4693 9.47175 8.0539 6.99754 1.33799 7.13698
internal_count=892 413 302 479 97 288
is_linear=0
shrinkage=0.02


Tree=593
num_leaves=7
num_cat=0
split_feature=40 30 37 47 47 28
split_gain=2.18607 0.773171 0.518311 0.441625 0.370589 0.344582
threshold=0.020335502331026826 0.017710523765978949 -0.01871526826465587 0.030405945779715744 -0.01650227738643564 0.14373778746385865
decision_type=2 2 2 2 2 2
left_child=3 2 -2 -1 -3 -6
right_child=1 4 -4 -5 5 -7
leaf_value=-0.010969164695797508 0.0060765856675957918 -0.002229047307621598 -0.0078118440714878288 0.0011137061687126271 0.011965190522966724 -0.0030228984765586614
leaf_weight=4.4719956079497942 0.90404806658625636 0.63471235893666733 1.6055277404375354 1.3323484170250592 5.6007468085736036 0.28530994756147254
leaf_count=531 16 15 58 60 195 17
internal_value=0.000330947 0.00624765 -0.00250283 -0.00843956 0.00950036 0.0109052
internal_weight=14.8347 9.03034 2.50958 5.80434 6.52077 5.88606
internal_count=892 301 74 591 227 212
is_linear=0
shrinkage=0.02


Tree=594
num_leaves=7
num_cat=0
split_feature=42 38 9 15 64 34
split_gain=1.80275 1.73439 0.76179 0.571443 0.468175 0.448311
threshold=-1.0000000180025095e-35 0.055043962053720509 65.960859379865084 0.070516206618957314 0.20297095070422538 -0.014666347888682483
decision_type=2 2 2 2 2 2
left_child=2 3 -1 4 -2 -6
right_child=1 -3 -4 -5 5 -7
leaf_value=-0.010261164420993252 -0.0013782871591400895 -0.0084329071733832955 0.0034483710195787266 -0.0052023464544968621 -0.0036143884537918193 0.011718193025863364
leaf_weight=6.2130574104376164 1.2512833569198818 2.5349944587796918 1.5528816361911593 0.60704392381012517 0.38933980837464144 7.8171825921162963
leaf_count=311 37 160 27 22 10 330
internal_value=-0.000383082 0.00419315 -0.00743914 0.00784796 0.00910295 0.0106772
internal_weight=20.3658 12.5998 7.76594 10.0648 9.45781 8.20652
internal_count=897 559 338 399 377 340
is_linear=0
shrinkage=0.02


Tree=595
num_leaves=7
num_cat=0
split_feature=15 48 34 47 48 26
split_gain=2.13537 1.02209 0.431861 0.365812 0.290181 0.249984
threshold=0.040300263115127022 0.006115950537361429 -1.0000000180025095e-35 -0.08699378495981229 0.047143805763468986 0.014178218729400229
decision_type=2 2 2 2 2 2
left_child=1 2 -1 -3 -2 -4
right_child=4 3 5 -5 -6 -7
leaf_value=0.0086677719917827006 0.011028019701212621 0.0035574409605481833 -0.0058179975245154234 -0.0098978369430779561 -0.0020427052712882372 0.0043782895024558587
leaf_weight=1.6166954888030889 4.5724091418087474 0.40251799533143717 1.6180440220050534 6.9624294084496787 0.45284825144335616 0.63646748382598151
leaf_count=42 233 9 40 536 13 24
internal_value=-4.18553e-05 -0.00483872 0.00300009 -0.00882509 0.00970662 -0.00247867
internal_weight=16.2614 11.2362 3.87121 7.36495 5.02526 2.25451
internal_count=897 651 106 545 246 64
is_linear=0
shrinkage=0.02


Tree=596
num_leaves=7
num_cat=0
split_feature=28 47 38 76 18 28
split_gain=1.86865 1.54427 0.450714 0.329505 0.236293 0.154039
threshold=0.049909817112556785 -0.017096219207920742 0.040169236624698679 0.25575000000000009 0.034112117757330924 0.11000076801528812
decision_type=2 2 2 2 2 2
left_child=1 4 3 -2 -1 -4
right_child=2 -3 5 -5 -6 -7
leaf_value=-0.0086613468054208692 -0.010656426188741328 0.011614233897293436 0.0056774659004230048 0.0027828826166590714 0.0028025515500445636 -0.0035445495371947762
leaf_weight=1.6189190256409349 4.6239943609107286 5.712026406545192 0.82325343042612054 0.42440700531005848 0.44528697663918126 0.3537909290753305
leaf_count=117 514 196 15 19 11 25
internal_value=0.000593755 0.00675941 -0.0069774 -0.00925331 -0.00608082 0.00255065
internal_weight=14.0017 7.77623 6.22545 5.0484 2.06421 1.17704
internal_count=897 324 573 533 128 40
is_linear=0
shrinkage=0.02


Tree=597
num_leaves=7
num_cat=0
split_feature=20 44 15 75 41 32
split_gain=1.76264 0.840094 0.496454 0.491892 0.535967 0.429816
threshold=0.12372221660979622 0.076329722014115683 0.062633350414234512 0.21658333333333338 -0.0088197067382786622 0.11217269976454249
decision_type=10 2 2 2 2 2
left_child=1 3 -2 -1 -5 -3
right_child=2 5 -4 4 -6 -7
leaf_value=0.0055742062779437582 0.0099171705128229745 -0.010266717252442341 -0.0043484612338999321 0.0033654519003841867 -0.0091987635791472358 0.0038381522357475314
leaf_weight=3.0204195352271217 4.7825347441248587 6.6591817722655833 0.58285403577610839 1.7341872779652479 2.0370573773980141 0.46001564105972637
leaf_count=46 304 401 30 29 65 10
internal_value=-0.000931742 -0.00465135 0.00792778 0.00047169 -0.00392673 -0.00899484
internal_weight=19.2763 13.9109 5.36539 6.79166 3.77124 7.1192
internal_count=885 551 334 140 94 411
is_linear=0
shrinkage=0.02


Tree=598
num_leaves=7
num_cat=0
split_feature=42 18 15 46 47 46
split_gain=2.26605 0.969254 0.591762 0.493822 0.295019 0.181189
threshold=-1.0000000180025095e-35 -0.0099576051691529482 0.070516206618957314 0.00072863773870476833 -0.085323637636610508 1.0000000180025095e-35
decision_type=2 2 2 2 2 2
left_child=1 -1 4 -3 -2 -6
right_child=2 3 -4 -5 5 -7
leaf_value=0.01103446830926752 0.0027967673563472147 0.0064568403136841873 0.0045022568964133624 -0.0067274283185645104 -0.00035177035746013002 -0.011674623814708143
leaf_weight=5.313385084271431 0.31734522385522623 0.85629221145063494 0.78652581013739098 2.0861723176203668 0.68843239359557795 5.5099628628231585
leaf_count=258 7 21 24 48 13 514
internal_value=-0.000240304 0.00657839 -0.00781324 -0.00222607 -0.00970111 -0.0106406
internal_weight=15.5581 8.25585 7.30227 2.94246 6.51574 6.1984
internal_count=885 327 558 69 534 527
is_linear=0
shrinkage=0.02


Tree=599
num_leaves=7
num_cat=0
split_feature=47 20 38 9 50 41
split_gain=2.05882 1.06357 0.478592 0.257467 0.185532 0.137745
threshold=-0.017096219207920742 0.080241768287344153 0.079023562230440519 11.955492424242427 -6.906322481612817e-05 0.01189985772839585
decision_type=2 10 2 2 2 2
left_child=5 3 -3 -2 -5 -1
right_child=1 2 -4 4 -6 -7
leaf_value=-0.010327349085744992 -0.0014915087290367939 -0.0078989890825405026 0.005480569371445582 -0.00045422007835213297 0.011888336420202707 0.00095398426240953156
leaf_weight=3.4901652093976749 0.47151312604546358 1.86351611209102 0.83907151035964478 0.44617442972957988 6.0145941148512074 0.30215835850685824
leaf_count=431 8 206 12 11 207 10
internal_value=0.00158528 0.00639411 -0.00338675 0.0101535 0.0110893 -0.00941699
internal_weight=13.4272 9.63487 2.70259 6.93228 6.46077 3.79232
internal_count=885 444 218 226 218 441
is_linear=0
shrinkage=0.02


Tree=600
num_leaves=7
num_cat=0
split_feature=42 39 37 44 14 47
split_gain=1.98964 1.22101 0.785412 0.613915 0.393922 0.391465
threshold=0.021159240875567822 -0.0053384258167847405 -0.0087108212087580236 0.076329722014115683 0.060009097104914581 -0.0054815010343320916
decision_type=2 2 2 2 2 2
left_child=2 4 -1 -4 -2 -3
right_child=1 5 3 -5 -6 -7
leaf_value=-0.010129180115254585 0.01040986238628628 0.0047422502223870488 0.0063732451194211713 -0.0073411497581688835 -0.0022294947584715632 -0.007821623407312869
leaf_weight=5.9887218144722283 7.7211576295085234 0.65005292743444476 2.3267843127250694 1.1654809038154779 0.75647337548434723 2.2529614306986323
leaf_count=322 327 14 25 65 19 126
internal_value=0.000172302 0.00559353 -0.00624795 0.00118098 0.00916579 -0.00451407
internal_weight=20.8616 11.3806 9.48099 3.49227 8.47763 2.90301
internal_count=898 486 412 90 346 140
is_linear=0
shrinkage=0.02


Tree=601
num_leaves=7
num_cat=0
split_feature=42 41 15 47 47 30
split_gain=2.16985 0.902401 0.706861 0.33143 0.329427 0.284998
threshold=-1.0000000180025095e-35 -0.0040719382343400463 0.070516206618957314 -0.042713595315849243 -0.082319740151278673 0.04291624155057943
decision_type=2 2 2 2 2 2
left_child=1 5 4 -3 -2 -1
right_child=2 3 -4 -5 -6 -7
leaf_value=0.010803763517292271 0.0031444141588337794 0.0047607808508378568 0.0053811367325298934 -0.007481739519520211 -0.01061381724784821 -0.0014181618471974986
leaf_weight=5.6491302791982889 0.32992208236828524 0.52718170359730754 0.81738695316016663 1.5902545494027451 6.7402055207639915 0.61887825513258565
leaf_count=267 5 19 24 32 533 18
internal_value=-0.000622993 0.00611913 -0.00767275 -0.00388429 -0.00966172 0.00956793
internal_weight=16.273 8.38544 7.88751 2.11744 7.07013 6.26801
internal_count=898 336 562 51 538 285
is_linear=0
shrinkage=0.02


Tree=602
num_leaves=7
num_cat=0
split_feature=40 28 50 16 71 50
split_gain=2.14785 0.857286 0.610867 0.354431 0.330219 0.185744
threshold=0.010947436055001388 0.08854319761516552 -5.1185756453524466e-05 0.11303473678652785 46.486372981111181 0.053181661544332556
decision_type=2 2 2 2 2 2
left_child=5 2 -2 -3 -4 -1
right_child=1 3 4 -5 -6 -7
leaf_value=-0.010485960533442987 -0.0040134191704357079 -0.0073796898407901493 0.011591296552273436 0.0049881915057548984 -0.0020305731430868847 0.0020302910094612782
leaf_weight=4.3789317912887791 0.83040781482122827 1.7877154077868911 6.2572220154106599 0.56011690944433201 0.48839971818961192 0.19962832890450943
leaf_count=508 43 103 216 9 13 6
internal_value=0.000451164 0.00558061 0.0085998 -0.00382048 0.0104702 -0.00967412
internal_weight=14.5024 9.92386 7.57603 2.34783 6.74562 4.57856
internal_count=898 384 272 112 229 514
is_linear=0
shrinkage=0.02


Tree=603
num_leaves=7
num_cat=0
split_feature=42 38 58 34 15 28
split_gain=1.77647 1.76118 0.617578 0.514001 0.433256 0.439808
threshold=0.015427374265088546 0.060501921201270674 4.2071428571428582 -0.014666347888682483 0.070516206618957314 0.017234676038807618
decision_type=2 2 2 2 2 2
left_child=2 3 -1 -2 5 -5
right_child=1 -3 -4 4 -6 -7
leaf_value=-0.009639670223570403 -0.0045409729092455902 -0.0078726262750402481 0.0035688733318793818 -0.0036318271198142104 -0.0038704431360349679 0.011824977954315865
leaf_weight=5.9176760017871883 0.53057877346873183 2.5769258490763596 1.2221521451137958 0.35951435845344892 0.38743661157786924 7.968075031414628
leaf_count=318 16 144 23 13 10 348
internal_value=9.39829e-05 0.00472837 -0.00721803 0.0086661 0.00985481 0.0108399
internal_weight=18.9624 11.8225 7.13983 9.2456 8.71503 8.32759
internal_count=872 531 341 387 371 361
is_linear=0
shrinkage=0.02


Tree=604
num_leaves=7
num_cat=0
split_feature=42 47 14 44 34 6
split_gain=2.10098 0.937138 0.678302 0.298384 0.244464 0.229482
threshold=-1.0000000180025095e-35 -0.014477130865979652 0.077058241601184019 0.12374766182202693 -0.014833320536524612 266.1233678528709
decision_type=2 2 2 2 2 2
left_child=1 5 4 -3 -2 -1
right_child=2 3 -4 -5 -6 -7
leaf_value=0.011381066540539513 0.0013933745867744157 -0.0077709079157432465 0.0036925609707625269 0.0041368494865617065 -0.011254540010023951 -0.0010441086316514536
leaf_weight=5.0288390554487705 0.44837176194414485 1.3380541773512957 1.2078666202723978 0.54257580451667298 5.4395104632712901 0.48293452244251955
leaf_count=258 23 35 45 15 490 6
internal_value=-0.000453511 0.00658677 -0.00769576 -0.00409195 -0.0102289 0.0102992
internal_weight=14.4882 7.3924 7.09575 1.88063 5.88788 5.51177
internal_count=872 314 558 50 513 264
is_linear=0
shrinkage=0.02


Tree=605
num_leaves=7
num_cat=0
split_feature=39 47 28 29 62 29
split_gain=2.44285 0.640031 0.343767 0.267061 0.180648 0.180114
threshold=-0.010379005360254474 0.0019161838163145805 0.01061620524186334 -0.014305052872061018 0.79941378662813023 -0.070941344383528532
decision_type=2 2 2 2 2 2
left_child=2 3 -1 -2 5 -4
right_child=1 -3 4 -5 -6 -7
leaf_value=0.0027236993354944885 0.0040711748703076544 0.010927269752925987 0.0014634039047448704 -0.0063939516079648782 0.0013186580592965027 -0.011351145047453291
leaf_weight=0.58387900539673854 0.99752837419509888 5.2137456233613193 0.24455670174211253 0.96549996989779152 0.33036620775237668 4.8325324410106987
leaf_count=27 26 200 12 38 17 552
internal_value=0.000363346 0.00776153 -0.00834123 -0.00149679 -0.0097746 -0.0105947
internal_weight=13.1681 7.17677 5.99133 1.96303 5.40746 5.07709
internal_count=872 264 608 64 581 564
is_linear=0
shrinkage=0.02


Tree=606
num_leaves=7
num_cat=0
split_feature=42 38 44 70 46 10
split_gain=1.44796 1.82578 0.885721 0.717926 0.472506 0.232253
threshold=0.013201836162079865 0.060501921201270674 0.069080090261129448 87.002551020408177 0.0109476910150194 2.2745637028952808
decision_type=2 2 2 2 2 2
left_child=2 4 3 -1 -2 -4
right_child=1 -3 5 -5 -6 -7
leaf_value=-0.0070665132024763126 -0.0010105216200978922 -0.0080436002058941088 -0.010858693119152081 0.0086782750765946413 0.010619412511017823 0.0024981935380769681
leaf_weight=1.0065939715132146 1.4568764120340336 2.4868086446076623 4.6786164841614664 1.884535984136164 8.1009113644249719 0.20817226916551579
leaf_count=28 35 146 300 18 366 2
internal_value=0.000880114 0.00506854 -0.00544445 0.00278921 0.00891888 -0.00996199
internal_weight=19.8225 12.0446 7.77792 2.89113 9.55779 4.88679
internal_count=895 547 348 46 401 302
is_linear=0
shrinkage=0.02


Tree=607
num_leaves=7
num_cat=0
split_feature=50 15 46 39 34 46
split_gain=2.06302 0.970276 0.441338 0.399587 0.285178 0.262192
threshold=0.0050188567276891393 0.044075773741253224 0.064880436125691818 -0.0020364194990037036 0.095827435757271026 -0.010257249878555875
decision_type=2 2 2 2 2 2
left_child=2 5 3 4 -1 -2
right_child=1 -3 -4 -5 -6 -7
leaf_value=0.010728888708207649 0.0026579074277475728 0.0052141663322757869 -0.0048055609443888713 -0.0038028259277578247 -0.0019737768158075127 -0.010903615854573391
leaf_weight=5.698040378279984 0.24228315893560637 1.4433332206681369 0.5301307626068591 0.4773230543360113 0.47586876666173328 6.2600316912867129
leaf_count=244 11 65 26 9 25 515
internal_value=-0.000442762 -0.00705581 0.00684218 0.00827729 0.00961115 -0.0101114
internal_weight=15.127 7.94565 7.18136 6.65123 6.17391 6.50231
internal_count=895 591 304 278 269 526
is_linear=0
shrinkage=0.02


Tree=608
num_leaves=7
num_cat=0
split_feature=41 30 9 66 42 65
split_gain=1.65144 0.623676 0.544662 0.361776 0.247232 0.199396
threshold=-0.0013483051659850872 0.07753756763516749 13.392873045918369 0.19363283229184261 0.087740257081164633 0.11096096096096097
decision_type=2 2 2 2 2 2
left_child=1 3 -2 5 -4 -1
right_child=2 -3 4 -5 -6 -7
leaf_value=0.0017417891701438132 -0.0043169652125191861 0.0042716040090974086 0.010858719583648226 0.0035170050038034022 -0.0020139112741455272 -0.010189881599484044
leaf_weight=0.31808084901422073 0.78375982493162233 1.3115916522219775 4.1320427651517093 0.45716585544869293 0.35628087865188707 6.2401424320414662
leaf_count=14 15 86 162 9 19 590
internal_value=-0.000766197 -0.00605569 0.00722177 -0.00827851 0.00965613 -0.0094573
internal_weight=13.5991 8.32698 5.27208 7.01539 4.48832 6.55822
internal_count=895 699 196 613 181 604
is_linear=0
shrinkage=0.02


Tree=609
num_leaves=7
num_cat=0
split_feature=28 74 75 15 5 21
split_gain=1.3359 1.2851 0.467465 0.451023 0.376167 0.354715
threshold=0.14042933558932616 0.018750000000000003 0.34325000000000011 0.043369965740664443 1.0000000180025095e-35 -0.011441593297755992
decision_type=2 2 2 2 2 8
left_child=1 5 4 -2 -3 -1
right_child=3 2 -4 -5 -6 -7
leaf_value=-0.00096991142076817524 0.010873182281278765 0.0030763855670623754 0.0045295549369157905 -0.0035020439845404707 -0.0083848876233972146 0.0094530121078210891
leaf_weight=1.7095574936829505 4.820581446401774 0.79515314009040317 0.89888472482562143 0.54219368193298567 8.0848487941548211 2.8836602894589332
leaf_count=25 314 20 20 28 458 23
internal_value=0.00144298 -0.00181937 -0.00575679 0.00909782 -0.0071511 0.00609385
internal_weight=19.7349 14.3721 9.77889 5.36278 8.88 4.59322
internal_count=888 546 498 342 478 48
is_linear=0
shrinkage=0.02


Tree=610
num_leaves=7
num_cat=0
split_feature=42 47 45 68 16 48
split_gain=1.83317 0.847214 0.4842 0.38119 0.182431 0.162852
threshold=-1.0000000180025095e-35 -0.026051124785198772 0.030193433097217313 0.4451137884872825 -0.099344801082571585 -0.017950300135911711
decision_type=2 2 2 2 2 2
left_child=1 -1 -3 -2 -5 -6
right_child=3 2 -4 4 5 -7
leaf_value=0.0097883352278258333 0.0025409710059902256 -0.0075092353342675515 0.0049779512229662076 0.0018231347269850144 0.001816348258176056 -0.010828077071188151
leaf_weight=4.3386649508029222 0.75249729072675098 1.9419095097109678 1.2557779350318012 0.23620728449895967 0.15253867208957661 6.301129309926182
leaf_count=240 37 36 39 10 5 521
internal_value=-0.00180632 0.00484918 -0.0025877 -0.00832195 -0.00971537 -0.0103256
internal_weight=14.9787 7.53635 3.19769 7.44237 6.68988 6.45367
internal_count=888 315 75 573 536 526
is_linear=0
shrinkage=0.02


Tree=611
num_leaves=7
num_cat=0
split_feature=50 39 4 43 40 39
split_gain=1.69663 1.17387 0.465871 0.281597 0.260259 0.19085
threshold=0.009364992800828047 -0.010379005360254474 0.021390986044383439 -0.00023269698190937183 0.0080733225841550984 0.049675983656316459
decision_type=2 2 2 2 2 2
left_child=5 2 3 -2 -3 -1
right_child=1 4 -4 -5 -6 -7
leaf_value=-0.010567230595895509 0.0069493969516325055 -0.0011072195782945806 -0.0080606558007942537 -0.0044032977585868648 0.011081223414061729 0.0021529717843491217
leaf_weight=3.8258112950716177 1.3396855848841367 0.60047106887213786 2.2256889694835991 0.55671933013945718 4.9335062531754375 0.18730138614773739
leaf_count=366 25 19 268 10 194 6
internal_value=-7.20737e-05 0.00444648 -0.00324017 0.00324703 0.00979165 -0.00966251
internal_weight=13.6692 9.65607 4.12209 1.8964 5.53398 4.01311
internal_count=888 516 303 35 213 372
is_linear=0
shrinkage=0.02


Tree=612
num_leaves=7
num_cat=0
split_feature=28 44 37 47 17 30
split_gain=1.46551 1.20749 0.722397 0.355969 0.322195 0.299105
threshold=0.14153396847183222 0.077017442196986835 -0.0036131693093391644 -0.014875694410545438 0.037386443046820407 -0.0092280141331635267
decision_type=2 2 2 2 2 2
left_child=1 2 3 -1 -3 -2
right_child=5 4 -4 -5 -6 -7
leaf_value=0.0029331372891802697 -0.00035000487113926278 0.0038562175097283055 0.0097006959408678546 -0.0065754107014268726 -0.0091696707758331525 0.010620565211023541
leaf_weight=2.2512287152931094 1.1639390764757989 0.2972734486684202 2.4480009414255637 2.2172445273026824 7.0538440058007836 3.9830924966372541
leaf_count=51 59 2 28 55 400 288
internal_value=0.00025212 -0.00307966 0.00275749 -0.00212462 -0.00824423 0.00848635
internal_weight=19.4146 14.2676 6.91647 4.46847 7.35112 5.14703
internal_count=883 536 134 106 402 347
is_linear=0
shrinkage=0.02


Tree=613
num_leaves=7
num_cat=0
split_feature=46 44 46 16 2 56
split_gain=2.19313 0.63836 0.410596 0.38823 0.2915 0.156289
threshold=0.0099345188642554916 0.13206885056766796 0.070055193256859591 0.056327132331911119 0.24849397590361447 0.13027315338613224
decision_type=2 2 2 2 2 2
left_child=3 4 -3 -1 -2 -6
right_child=1 2 -4 -5 5 -7
leaf_value=0.010120000594021079 0.00061883560921256991 0.0074544912892849724 -0.0053847259478534363 -0.0030087155944242424 0.0015944491108014786 -0.010871877869291207
leaf_weight=4.9295862289145598 0.99488439923152139 1.3274816465564074 0.82397561473771919 0.60056268703192461 0.17561331205070008 6.0266097884159535
leaf_count=250 19 42 100 12 5 455
internal_value=-0.000665238 -0.00635401 0.00238892 0.00845184 -0.00894016 -0.0103465
internal_weight=14.8787 9.34856 2.15146 5.53015 7.19711 6.20222
internal_count=883 621 142 262 479 460
is_linear=0
shrinkage=0.02


Tree=614
num_leaves=7
num_cat=0
split_feature=51 67 28 30 58 39
split_gain=1.70295 0.991534 0.490427 0.404767 0.236187 0.208883
threshold=0.0040407287782345406 0.10593767792230545 0.11501683436997946 0.080126413906581082 5.3944444444444457 -0.0074109369742668399
decision_type=2 2 2 2 2 2
left_child=1 3 -2 4 -1 -3
right_child=2 5 -4 -5 -6 -7
leaf_value=-0.011167193593881002 0.010726911825336322 -0.0017300978572513345 -0.0043212885988142468 0.002526681368250891 0.001486279380011163 0.0084306542465815131
leaf_weight=5.2359296048525703 4.4342926088720569 0.79678848502226207 0.47201151074841607 0.77495336043648411 0.41094446694478381 1.3306186143308876
leaf_count=473 167 84 69 48 20 22
internal_value=0.000374678 -0.00487118 0.00879267 -0.00849603 -0.0101613 0.00528873
internal_weight=13.4555 8.54923 4.9063 6.42183 5.64687 2.12741
internal_count=883 647 236 541 493 106
is_linear=0
shrinkage=0.02


Tree=615
num_leaves=7
num_cat=0
split_feature=28 14 42 19 28 30
split_gain=1.81748 0.768982 0.535787 0.821353 0.657344 0.199751
threshold=0.11290454205342343 0.076281816547236037 0.03402507614413363 -0.0069035704040154014 0.023624928659413822 -0.036923444712215966
decision_type=2 2 2 2 2 2
left_child=2 5 3 -1 -4 -2
right_child=1 -3 4 -5 -6 -7
leaf_value=-0.010188619936925561 -0.0020632858479136644 -0.0058543800611934342 -0.0074980472312812302 0.0049530889811288496 0.0065372743919798254 0.01089674433629202
leaf_weight=6.2448487426154324 0.20192942954599846 0.76640600850805629 1.1926945801824334 1.1436125705949969 2.4599907360970974 5.5603108466602853
leaf_count=357 4 61 85 21 33 321
internal_value=8.86046e-05 0.00779222 -0.00473539 -0.00753386 0.00132783 0.0102046
internal_weight=17.5698 6.52865 11.0411 7.38846 3.65269 5.76224
internal_count=882 386 496 378 118 325
is_linear=0
shrinkage=0.02


Tree=616
num_leaves=7
num_cat=0
split_feature=46 42 18 42 1 72
split_gain=2.15762 0.820948 0.752118 0.458975 0.195137 0.0517626
threshold=0.0099345188642554916 -1.0000000180025095e-35 -0.015110818462147622 0.040608489532331198 0.28162176945166145 -0.068951061036666664
decision_type=2 2 2 2 2 2
left_child=3 2 5 4 -1 -2
right_child=1 -3 -4 -5 -6 -7
leaf_value=-0.001144865279978416 -0.00045992204177032801 -0.011374549134634801 -0.0073360281258678037 -0.004096512623651378 0.010933097766615208 0.0085681288699982604
leaf_weight=0.39455343410372812 0.17267595604062091 4.8893182657193384 1.4652590644545842 0.53879613149911154 4.5804314613342285 1.6153013100847602
leaf_count=5 3 515 40 13 250 56
internal_value=-0.00068868 -0.00691324 0.000889602 0.00815366 0.00994393 0.007844
internal_weight=13.6563 8.14255 3.25324 5.51378 4.97498 1.78798
internal_count=882 614 99 268 255 59
is_linear=0
shrinkage=0.02


Tree=617
num_leaves=7
num_cat=0
split_feature=28 50 62 40 39 50
split_gain=1.99702 0.717773 0.298002 0.286514 0.242015 0.228992
threshold=0.062516793501303639 0.009364992800828047 0.79782258381480187 0.0013709305449042272 0.025897916553492363 0.073602201875355308
decision_type=2 2 2 2 2 2
left_child=1 4 5 -3 -1 -2
right_child=2 3 -4 -5 -6 -7
leaf_value=-0.007150432234302043 -0.010604214293901819 -0.0020907849381586719 0.002590057803548334 0.010835257076567918 0.0040732332466106606 0.0025336833788337128
leaf_weight=1.0934621624182908 4.3234784342348576 0.44114432134665538 0.50225403066724528 5.4744104887358844 0.41626261919736851 0.2117326259613036
leaf_count=112 509 19 18 212 10 2
internal_value=0.000627521 0.00687673 -0.00819719 0.00970837 -0.0036659 -0.00964392
internal_weight=12.4627 7.42528 5.03747 5.91555 1.50972 4.53521
internal_count=882 353 529 231 122 511
is_linear=0
shrinkage=0.02


Tree=618
num_leaves=7
num_cat=0
split_feature=28 14 6 19 39 15
split_gain=1.62436 0.808418 0.551043 0.602856 0.67863 0.448164
threshold=0.14042933558932616 0.03606814114871678 24.973662964876038 -0.10987722162034382 0.015402614600119333 0.043369965740664443
decision_type=2 2 2 2 2 2
left_child=1 2 -1 -4 -5 -2
right_child=5 -3 3 4 -6 -7
leaf_value=-0.0070286429528930482 0.010782298544034697 -0.0098644069616078515 -0.0068482383599838634 0.0084754250173631716 -0.0055159315868653679 -0.0035246035088799645
leaf_weight=2.0747740641236323 4.6745821931399396 3.9076596959494045 1.1272121719084678 4.833087517414242 1.0606750715523956 0.54430317878723133
leaf_count=74 328 294 37 65 72 30
internal_value=0.000479809 -0.00332197 0.000187426 0.00293028 0.00552258 0.00896334
internal_weight=18.2223 13.0034 9.09575 7.02097 5.89376 5.21889
internal_count=900 542 248 174 137 358
is_linear=0
shrinkage=0.02


Tree=619
num_leaves=7
num_cat=0
split_feature=46 49 57 41 34 15
split_gain=2.13553 0.583892 0.328569 0.320965 0.268351 0.238085
threshold=0.042158900029689812 -0.018596126177163226 0.10686340478708066 -0.0034564414863736009 0.042710459274599995 0.074493829863060232
decision_type=2 2 2 2 2 2
left_child=1 4 -2 -3 -1 -4
right_child=2 3 5 -5 -6 -7
leaf_value=0.011110860558089741 0.0023884068288348259 0.0033129988984381331 -0.010894519470543651 -0.0074100581349529106 -7.5062123086754758e-05 0.0015385619539862287
leaf_weight=4.5268709808588028 0.62030884623527605 1.8052494130097332 5.080886660842225 0.88533419743180086 0.99967167759314168 0.43118410557508458
leaf_count=211 27 90 497 12 48 15
internal_value=-0.000234201 0.00613874 -0.00843707 -0.00126718 0.00938601 -0.00983502
internal_weight=14.3495 8.21713 6.13238 2.69058 5.52654 5.51207
internal_count=900 361 539 102 259 512
is_linear=0
shrinkage=0.02


Tree=620
num_leaves=7
num_cat=0
split_feature=51 38 29 0 26 31
split_gain=1.76306 0.741989 0.540147 0.359211 0.268581 0.260978
threshold=0.0040407287782345406 0.060501921201270674 0.04277074171384903 0.057307060755336627 0.097259935631587871 -0.029887033207629428
decision_type=2 2 2 2 2 2
left_child=1 3 5 -1 -5 -2
right_child=2 -3 -4 4 -6 -7
leaf_value=0.0031940344099156207 -0.0022382319385839981 0.0049996383228107615 -0.0051408741220850497 -0.011362498702012761 0.0021847376840622651 0.011029702641177619
leaf_weight=0.42819665744900692 0.32817910565063346 1.2069127839058635 0.51281760586425651 5.2912920392118394 0.32451539440080512 4.2691732356324792
leaf_count=5 37 44 41 588 14 171
internal_value=-0.000421236 -0.006423 0.00775223 -0.00908991 -0.0103678 0.00985192
internal_weight=12.3611 7.25092 5.11017 6.044 5.61581 4.59735
internal_count=900 651 249 607 602 208
is_linear=0
shrinkage=0.02


Tree=621
num_leaves=7
num_cat=0
split_feature=14 38 42 26 10 57
split_gain=1.57876 1.0846 0.836317 0.48996 0.480653 0.314145
threshold=0.037088223916494946 0.066385877602505625 -1.0000000180025095e-35 0.049690877258379902 0.56120855010035353 0.11671505911688661
decision_type=2 2 2 2 2 2
left_child=1 2 4 -4 -1 -6
right_child=-2 -3 3 -5 5 -7
leaf_value=-0.0080406850945897619 -0.0082524255734850796 -0.0070796290615918423 0.010935141243865567 -0.0028835397601703239 -0.0048463762778521383 0.0068777791301153071
leaf_weight=1.3594423085451119 4.7473575836047521 2.0784354307688764 7.6808192864991742 0.74998195422813285 0.504380656871945 1.9184372606687246
leaf_count=45 335 116 361 18 8 29
internal_value=0.000721901 0.00404772 0.00633388 0.00953046 -0.00129436 0.00373422
internal_weight=19.0389 14.2915 12.2131 8.4308 3.78226 2.42282
internal_count=912 577 461 379 82 37
is_linear=0
shrinkage=0.02


Tree=622
num_leaves=7
num_cat=0
split_feature=46 14 45 42 42 46
split_gain=1.88846 1.0508 0.355554 0.415383 0.295267 0.236874
threshold=1.0000000180025095e-35 0.077058241601184019 0.058930575209988019 0.0065093999710058572 0.051385963426237226 0.070055193256859591
decision_type=2 2 2 2 2 2
left_child=4 2 -2 -4 -1 -3
right_child=1 5 3 -5 -6 -7
leaf_value=0.010446765283429516 -0.010404948839743591 0.0082720902607599563 0.0053730442521121502 -0.0070861961310867685 -0.0027844601709861704 -0.0033952350706145619
leaf_weight=3.9849211126565942 6.2938437839038652 1.6271156640723337 1.1972521515563133 1.1036354557145385 0.35864764265716065 0.32860665442422021
leaf_count=218 382 77 26 178 8 23
internal_value=-0.000848049 -0.00534802 -0.00823295 -0.000939396 0.00903763 0.00582626
internal_weight=14.894 10.5505 8.59473 2.30089 4.34357 1.95572
internal_count=912 686 586 204 226 100
is_linear=0
shrinkage=0.02


Tree=623
num_leaves=7
num_cat=0
split_feature=40 31 74 29 43 40
split_gain=1.64281 0.784243 0.457915 0.322999 0.168001 0.142484
threshold=0.010947436055001388 -0.019956836359879999 0.017750000000000005 -0.037443517601620062 0.024854162087436796 0.063346924425216708
decision_type=2 2 2 2 2 2
left_child=4 3 -3 -2 -1 -5
right_child=1 2 -4 5 -6 -7
leaf_value=-0.010061766785425322 0.0040615766463217712 -0.0028661126581800101 0.010220009105558557 -0.0086997204235804045 0.0018964268958286438 0.0018976317268198926
leaf_weight=3.938593755243347 0.82880180468782816 0.83537892997264673 5.2984238513745368 1.5837885860819367 0.20339525514282275 0.24499737098813046
leaf_count=522 26 14 211 129 5 5
internal_value=-7.08482e-05 0.00474107 0.00828584 -0.00346892 -0.00921994 -0.00711107
internal_weight=12.9334 8.79139 6.1338 2.65759 4.14199 1.82879
internal_count=912 385 225 160 527 134
is_linear=0
shrinkage=0.02


Tree=624
num_leaves=7
num_cat=0
split_feature=14 38 27 70 66 66
split_gain=1.51196 1.00433 0.726692 0.547971 0.376433 0.269203
threshold=0.037088223916494946 0.066385877602505625 -0.051301231494200898 70.200814697813627 0.068026032515899157 0.20454205886747351
decision_type=2 2 2 2 2 2
left_child=1 2 5 4 -4 -1
right_child=-2 -3 3 -5 -6 -7
leaf_value=0.010155719566114614 -0.0087056203229340049 -0.0069647711890708421 0.0049219809817287541 0.0052129676657857874 -0.0090854163232563876 -0.0029028975279261453
leaf_weight=7.1010321686044335 4.40676550194621 2.1246465831063679 0.33030730485916349 2.5173740019090474 1.9379751151427624 0.26462171971797932
leaf_count=352 331 117 1 40 57 6
internal_value=0.000404417 0.00360235 0.00583909 -0.000312674 -0.00616378 0.00939565
internal_weight=18.6827 14.276 12.1513 4.78566 2.26828 7.36565
internal_count=904 573 456 98 58 358
is_linear=0
shrinkage=0.02


Tree=625
num_leaves=7
num_cat=0
split_feature=46 14 16 50 42 45
split_gain=1.99138 0.981524 0.471496 0.25785 0.249292 0.234284
threshold=0.00072863773870476833 0.077058241601184019 -0.046159111473138191 0.0061653258800265518 0.041848776506886766 0.10092281179833236
decision_type=2 2 2 2 2 2
left_child=4 2 3 -2 -1 -4
right_child=1 -3 5 -5 -6 -7
leaf_value=0.010478620537802543 0.0059613223432743705 0.0057226204181034038 -0.011327555696502489 -0.004942794639414382 -0.0027106350588493216 0.00074850174719155206
leaf_weight=4.0395636400207886 0.8615081962197999 1.7643693033605803 6.19762406591326 0.65322884987108409 0.24241695180535305 0.57463904423639167
leaf_count=223 26 93 441 63 7 51
internal_value=-0.000793565 -0.00557469 -0.00833718 0.00116333 0.00936011 -0.0103384
internal_weight=14.3334 10.0514 8.287 1.51474 4.28198 6.77226
internal_count=904 674 581 89 230 492
is_linear=0
shrinkage=0.02


Tree=626
num_leaves=7
num_cat=0
split_feature=50 28 38 54 2 66
split_gain=1.71138 1.47023 0.305584 0.251565 0.192148 0.130676
threshold=0.009364992800828047 0.08854319761516552 0.069631348789745376 0.46552302090799846 0.25098425196850399 0.14142136248948697
decision_type=2 2 2 2 2 2
left_child=2 4 -1 -3 -2 -5
right_child=1 3 -4 5 -6 -7
leaf_value=-0.010983793502939501 -0.0010982611858651632 -0.0085161396454345433 0.0023926352972280722 -0.0035490971690323074 0.010728825774536403 0.0049840564302536475
leaf_weight=3.5502985990606262 0.4064811661373805 1.9553458821028473 0.43238099105656136 0.35614766110666074 5.9031849114689976 0.6499050403945148
leaf_count=369 20 195 12 60 229 19
internal_value=0.00029522 0.00494207 -0.00934284 -0.00549251 0.00992089 0.00169992
internal_weight=13.2537 9.27106 3.98268 2.9614 6.30967 1.00605
internal_count=904 523 381 274 249 79
is_linear=0
shrinkage=0.02


Tree=627
num_leaves=7
num_cat=0
split_feature=14 75 18 75 76 39
split_gain=1.25785 0.694319 0.676474 0.590326 0.482395 0.277292
threshold=-0.025957329147263699 0.23025000000000004 0.0014984055726773306 0.34325000000000011 0.1884166666666667 0.0050493053217591172
decision_type=2 2 2 2 2 2
left_child=5 2 4 -3 -2 -1
right_child=1 3 -4 -5 -6 -7
leaf_value=0.0093595353399269238 -0.0076323836341359984 -0.0097000521404392737 0.0073774336227076564 0.004426632942705894 0.0050055999634351254 -0.0010345450930241014
leaf_weight=4.7187536819838014 2.6661386904306696 5.1459484454244375 2.9933785805478692 0.84737527230754484 0.98080383520573367 1.0250251083634792
leaf_count=295 133 303 71 21 24 37
internal_value=0.000587599 -0.00293713 0.00149138 -0.00735535 -0.00388777 0.00762627
internal_weight=18.3774 12.6336 6.64032 5.99332 3.64694 5.74378
internal_count=884 552 228 324 157 332
is_linear=0
shrinkage=0.02


Tree=628
num_leaves=7
num_cat=0
split_feature=46 18 42 26 15 16
split_gain=1.97305 0.873606 0.887578 0.236573 0.158247 0.134922
threshold=0.00072863773870476833 -0.0091989236114220479 0.015427374265088546 -0.056931289818645169 0.15555432675405814 -0.057661772848525965
decision_type=2 2 2 2 2 2
left_child=-1 2 3 -2 -4 -3
right_child=1 5 4 -5 -6 -7
leaf_value=0.0095567982901243968 -0.0027561065201608687 0.0002654508017511315 -0.0084398625932981582 0.0090858906694731706 0.0023879143876966769 -0.011250810691574648
leaf_weight=4.1084744394756862 0.35650635231286321 0.38880188670009364 2.0812967810779814 2.3762369193136683 0.2017972283065318 4.7928263775538644
leaf_count=221 10 29 260 80 3 281
internal_value=-0.000795976 -0.005448 0.000631917 0.00721653 -0.00704699 -0.0104835
internal_weight=14.3059 10.1975 5.01584 2.73274 2.28309 5.18163
internal_count=884 663 353 90 263 310
is_linear=0
shrinkage=0.02


Tree=629
num_leaves=7
num_cat=0
split_feature=29 51 66 50 10 39
split_gain=1.46147 0.740569 0.452076 0.367142 0.281579 0.154221
threshold=-0.032861169805573236 0.0040407287782345406 0.18890487322424027 0.010818527639084504 1.5577495197913334 0.039076911401036848
decision_type=2 2 2 2 2 2
left_child=3 2 5 -1 -3 -2
right_child=1 4 -4 -5 -6 -7
leaf_value=-0.0024030226557373502 -0.010855693981340071 0.0067610107470253882 0.0041741585979524947 0.010340923579720159 -0.0040073708362173112 0.0017333775678777313
leaf_weight=0.71207708190195251 4.842260580509901 1.7074830387718978 0.46045552007853974 3.7173275284003466 0.70610538264736522 0.14628563821315754
leaf_count=56 539 56 6 165 56 6
internal_value=5.9962e-05 -0.00495006 -0.00858097 0.00822694 0.00335961 -0.0102587
internal_weight=12.292 7.86259 5.449 4.4294 2.41359 4.98855
internal_count=884 663 551 221 112 545
is_linear=0
shrinkage=0.02


Tree=630
num_leaves=7
num_cat=0
split_feature=42 44 50 74 49 6
split_gain=1.21085 0.817822 0.747668 0.672717 0.537406 0.324849
threshold=0.066252171373528443 0.077017442196986835 0.012635503692677257 0.012250000000000002 -0.048509912578064182 186.89327565789478
decision_type=2 2 2 2 2 2
left_child=1 2 4 -3 -1 -4
right_child=-2 3 5 -5 -6 -7
leaf_value=-0.004786294555667649 0.0096372785376478125 0.0056498403024772574 -0.0080459478938572047 -0.0086864805063914148 0.010236572556586868 0.0041934616796423388
leaf_weight=0.57592107541859139 3.8521321653388432 0.88546818122267712 1.7873232369311156 5.9442126569338143 3.4523450499400514 0.52833329048007716
leaf_count=22 284 11 70 421 49 17
internal_value=0.00106012 -0.00195094 0.00299789 -0.00634358 0.00756403 -0.00483091
internal_weight=17.0257 13.1736 6.34392 6.82968 4.02827 2.31566
internal_count=874 590 158 432 71 87
is_linear=0
shrinkage=0.02


Tree=631
num_leaves=7
num_cat=0
split_feature=14 46 46 44 57 16
split_gain=1.84964 0.64479 0.565105 0.259162 0.152593 0.120524
threshold=0.0200722964809328 0.069246920298800127 1.0000000180025095e-35 0.039237907562878906 0.10686340478708066 -0.057661772848525965
decision_type=2 2 2 2 2 2
left_child=2 3 -1 -2 -4 -6
right_child=1 -3 4 -5 5 -7
leaf_value=0.0032135092967943003 -0.0022019124579063074 -0.0055629824518257757 0.00014974787128426857 0.010108795533497233 -0.00036264824108386189 -0.011649394114564926
leaf_weight=1.0555096622556446 0.41968162544071663 0.84657398681156326 0.51094688894227136 4.4152160752564669 0.47284389706328411 5.1989958535414198
leaf_count=31 9 73 32 268 37 424
internal_value=-0.00176542 0.00618768 -0.00800129 0.00884596 -0.0100967 -0.0109038
internal_weight=12.9198 5.68147 7.2383 4.8349 6.18279 5.67184
internal_count=874 350 524 277 493 461
is_linear=0
shrinkage=0.02


Tree=632
num_leaves=7
num_cat=0
split_feature=40 50 28 71 9 43
split_gain=1.52338 0.893021 0.470346 0.261584 0.187142 0.18074
threshold=0.010947436055001388 0.009364992800828047 0.085837477833543452 46.486372981111181 26.294642857142861 0.013290478925923829
decision_type=2 2 2 2 2 2
left_child=5 -2 3 -3 -4 -1
right_child=1 2 4 -5 -6 -7
leaf_value=-0.01010640411153463 -0.0060457989683130485 0.011624863827253622 0.0036209018983160042 -0.0013116947614294253 -0.0058800077984521512 0.0017382490644373622
leaf_weight=3.3241945223417146 1.5341833396814744 4.8302356470376253 0.72112882230430819 0.48762741964310397 0.66658978932537138 0.28351817349903274
leaf_count=493 93 192 18 13 49 16
internal_value=0.000425353 0.00507975 0.00807945 0.0104188 -0.00149411 -0.00900034
internal_weight=11.8475 8.23977 6.70558 5.31786 1.38772 3.60771
internal_count=874 365 272 205 67 509
is_linear=0
shrinkage=0.02


Tree=633
num_leaves=7
num_cat=0
split_feature=24 44 54 23 32 54
split_gain=1.17757 0.702407 0.732385 0.423404 0.383649 0.355374
threshold=0.36666666666666675 0.076329722014115683 0.35872876237493773 118.8103888221154 -0.011767505294349131 0.49027728451353964
decision_type=10 2 2 8 2 2
left_child=1 2 -1 -4 -3 -5
right_child=-2 4 3 5 -6 -7
leaf_value=-0.0063514554999060694 0.0081179687186788679 0.0022543665907277929 -0.0038867988711650272 0.011146819226809036 -0.0087741137638113927 -0.0018573155144128561
leaf_weight=2.090089278295638 3.9861737173050633 1.1021544756367809 0.80004671541973937 2.7481998428702359 6.1258881180547169 0.7539720907807349
leaf_count=64 292 23 27 36 424 28
internal_value=-0.000290591 -0.0031384 0.00160976 0.00594589 -0.00702285 0.0085565
internal_weight=17.6065 13.6204 6.39231 4.30222 7.22804 3.50217
internal_count=894 602 155 91 447 64
is_linear=0
shrinkage=0.02


Tree=634
num_leaves=7
num_cat=0
split_feature=47 44 42 46 52 30
split_gain=1.7804 0.700663 0.480827 0.265655 0.236828 0.195799
threshold=-0.033128486122741649 0.13342876825054348 0.015427374265088546 0.085537135997427835 0.0059783218868738478 0.058275011107626999
decision_type=2 2 2 2 2 2
left_child=2 4 5 -3 -2 -1
right_child=1 3 -4 -5 -6 -7
leaf_value=0.01116671115135876 -0.00049756566703558643 0.0070715840586668003 -0.0011858349206649852 -0.0043031920003962594 -0.010932005176835059 -0.0013963418004056029
leaf_weight=4.3272204925306141 1.1520575042814014 1.265338563127443 1.7475250274874268 0.47181968600489188 4.4640973773784935 0.31906635686755169
leaf_count=239 35 55 92 81 388 4
internal_value=0.000221686 -0.00611953 0.00735582 0.00353871 -0.00919028 0.0102095
internal_weight=13.7471 7.35331 6.39381 1.73716 5.61615 4.64629
internal_count=894 559 335 136 423 243
is_linear=0
shrinkage=0.02


Tree=635
num_leaves=7
num_cat=0
split_feature=28 51 20 35 44 65
split_gain=1.24541 0.869198 0.415392 0.3693 0.198517 0.211155
threshold=-0.0047320439599957262 0.0040407287782345406 0.073376256371049581 0.011199430292630696 0.0062762078313055311 0.1122546524475785
decision_type=2 2 10 2 2 2
left_child=-1 3 -3 4 -2 -6
right_child=1 2 -4 -5 5 -7
leaf_value=0.0095669269401279945 0.0021384767577293799 0.0088632952516936592 -0.0030971536873833339 0.002747440556013551 0.0022253782431328911 -0.010806503914520456
leaf_weight=3.0296041285619149 0.24558218708261659 1.7631588792428377 1.3233101528603581 0.76804989762604226 0.20844926638528694 4.9148492289241403
leaf_count=140 5 60 92 47 5 545
internal_value=0.000161295 -0.00356176 0.00423227 -0.00752541 -0.00919564 -0.00999944
internal_weight=12.253 9.2234 3.08647 6.13693 5.36888 5.1233
internal_count=894 754 152 602 555 550
is_linear=0
shrinkage=0.02


Tree=636
num_leaves=7
num_cat=0
split_feature=42 38 48 34 14 64
split_gain=1.27541 1.3181 0.68901 0.433444 0.39849 0.369046
threshold=-1.0000000180025095e-35 0.060501921201270674 0.021214520085910269 -0.014666347888682483 0.077058241601184019 0.20297095070422538
decision_type=2 2 2 2 2 2
left_child=2 3 -1 -2 5 -5
right_child=1 -3 -4 4 -6 -7
leaf_value=-0.0099874142162175369 -0.0043164094403835163 -0.0073598154235308653 0.0019158435778437761 -0.00063320707532871614 -0.0032676465561540962 0.011567878345093506
leaf_weight=4.0108013241551843 0.4905738472007205 2.0170631171204141 2.7270414317026734 1.0153232472948692 0.51884377375245172 7.1103279492817819
leaf_count=264 18 144 69 33 20 317
internal_value=0.00084895 0.00485027 -0.00554477 0.00800648 0.00908084 0.010141
internal_weight=17.89 11.1521 6.73784 9.13507 8.64449 8.12565
internal_count=865 532 333 388 370 350
is_linear=0
shrinkage=0.02


Tree=637
num_leaves=7
num_cat=0
split_feature=42 47 45 15 47 45
split_gain=1.64935 0.924188 0.501887 0.38269 0.34635 0.127607
threshold=-1.0000000180025095e-35 -0.026051124785198772 0.030193433097217313 0.070516206618957314 -0.078822181369726671 0.10464975224895728
decision_type=2 2 2 2 2 2
left_child=1 -1 -3 4 -2 -6
right_child=3 2 -4 -5 5 -7
leaf_value=0.01070302177883254 0.003420706566388002 -0.0075225158472326074 0.005231079721864108 0.0038125766557752937 -0.010798863387595274 0.00044498367347172054
leaf_weight=4.3180459663271904 0.37257801368832577 1.8708420475013556 1.2527457601390777 0.53830763604491938 5.0377166287507862 0.34990442683920253
leaf_count=253 7 37 43 20 468 37
internal_value=-0.000470293 0.00558038 -0.0023794 -0.00740421 -0.00886137 -0.0101133
internal_weight=13.7401 7.44163 3.12359 6.29851 5.7602 5.38762
internal_count=865 333 80 532 512 505
is_linear=0
shrinkage=0.02


Tree=638
num_leaves=7
num_cat=0
split_feature=38 41 28 47 28 44
split_gain=1.5862 0.904483 0.342613 0.199382 0.193494 0.199825
threshold=0.060501921201270674 -0.0013483051659850872 0.11290454205342343 -0.026051124785198772 -0.014787535095022194 0.0062762078313055311
decision_type=2 2 2 2 2 2
left_child=1 4 3 -3 -1 -6
right_child=-2 2 -4 -5 5 -7
leaf_value=0.0020943368735570605 0.0094062992340954808 -0.0023071581550845131 -0.0053561512975461743 0.0084205246772634541 0.0017445625870705715 -0.010804712363282017
leaf_weight=0.23748313542455335 3.3300739685073504 0.43687620572745878 0.57002987898886193 1.8900905372574914 0.27523409109562624 5.2252952605485916
leaf_count=7 161 12 22 35 7 621
internal_value=-0.000702229 -0.00517222 0.00323625 0.00631836 -0.00926773 -0.010005
internal_weight=11.9651 8.63501 2.897 2.32697 5.73801 5.50053
internal_count=865 704 69 47 635 628
is_linear=0
shrinkage=0.02


Tree=639
num_leaves=7
num_cat=0
split_feature=28 74 67 68 16 16
split_gain=1.37931 0.696244 0.43866 0.483259 0.337452 0.324549
threshold=0.14042933558932616 0.016750000000000004 0.085849075705116532 0.51732715731686407 -0.022945482497334409 -0.064341596052068392
decision_type=2 2 2 2 2 2
left_child=1 4 3 -3 -1 -2
right_child=5 2 -4 -5 -6 -7
leaf_value=-0.0044461660702842408 -0.0022329497537827607 -0.0066068835344776731 -0.0095505958087787196 0.0045326922601389907 0.0065122365839789297 0.01027338760790234
leaf_weight=0.80298709217458997 0.62045648042112578 1.9883309868164341 5.0196454054675996 2.2794949864037335 2.6813317472115186 3.8990128249861291
leaf_count=15 31 159 274 76 30 306
internal_value=1.63231e-05 -0.00337011 -0.0060627 -0.000926115 0.00355847 0.00846296
internal_weight=17.2913 12.7718 9.28747 4.26783 3.48432 4.51947
internal_count=891 554 509 235 45 337
is_linear=0
shrinkage=0.02


Tree=640
num_leaves=7
num_cat=0
split_feature=42 18 14 47 50 1
split_gain=1.64962 0.716661 0.546634 0.336465 0.247333 0.229668
threshold=-1.0000000180025095e-35 -0.0080890525202684232 0.077058241601184019 -0.082319740151278673 0.0094282828965074148 0.24461116788999351
decision_type=2 2 2 2 2 2
left_child=1 5 3 -2 -3 -1
right_child=2 4 -4 -5 -6 -7
leaf_value=-0.002545611989370374 0.0030300341834055312 0.002885359426055719 0.0032700895266171218 -0.011189462873678467 -0.0066531761644163679 0.010566424202899157
leaf_weight=0.21359739452600468 0.33267987566068757 1.271850382909179 1.049890511203557 4.8954319963231683 1.2792763980105517 4.3560794913209975
leaf_count=2 8 28 47 503 44 259
internal_value=-0.000717378 0.00552851 -0.00758798 -0.00994341 -0.00242439 0.00960653
internal_weight=13.3988 7.1208 6.278 5.22811 2.55113 4.56968
internal_count=891 333 558 511 72 261
is_linear=0
shrinkage=0.02


Tree=641
num_leaves=7
num_cat=0
split_feature=39 46 17 56 38 28
split_gain=1.56158 0.476093 0.405114 0.452439 0.252305 0.0982398
threshold=-0.0074109369742668399 0.022410119833081988 0.086785347483738465 0.19918094415382895 0.073437528073747524 0.11857420737997715
decision_type=2 2 2 2 2 2
left_child=2 -2 3 -1 -4 -3
right_child=1 5 4 -5 -6 -7
leaf_value=-0.0065824613603104624 -0.0031704828348651675 0.010756897318195166 -0.010205797502376554 0.006653714206209165 0.0022577381283928888 0.00030779159141044993
leaf_weight=0.86251370632089708 0.86054510320536781 4.2683170083910227 3.6680755685083568 1.3431538133881984 0.3832718040794133 0.45071596419438709
leaf_count=45 23 196 570 30 11 16
internal_value=0.000781424 0.00778446 -0.00567556 0.00103902 -0.00881317 0.00998722
internal_weight=11.8366 5.57958 6.25701 2.20567 4.05135 4.71903
internal_count=891 235 656 75 581 212
is_linear=0
shrinkage=0.02


Tree=642
num_leaves=7
num_cat=0
split_feature=14 38 46 26 44 44
split_gain=1.04399 0.929291 0.715001 0.438873 0.330864 0.28869
threshold=0.038044359955277836 0.066385877602505625 0.002138375346397423 0.050894822048487283 0.063677384158751321 0.13182266055552369
decision_type=2 2 2 2 2 2
left_child=1 2 -1 5 -2 -4
right_child=4 -3 3 -5 -6 -7
leaf_value=-0.0050177161411200577 0.0013969461687734304 -0.0066855681141441284 0.010628489143426094 -0.0035044120796173571 -0.0094609378470318813 0.00042597594380482681
leaf_weight=1.3167154476977909 1.2256863797083486 1.961195692885666 7.208416049368676 0.70512123033404428 3.1085360809229314 1.381887598428875
leaf_count=51 32 120 273 20 294 91
internal_value=0.000843158 0.00374708 0.00608481 0.00799212 -0.00670415 0.0092028
internal_weight=16.9076 12.5733 10.6121 9.29542 4.33422 8.5903
internal_count=881 555 435 384 326 364
is_linear=0
shrinkage=0.02


Tree=643
num_leaves=7
num_cat=0
split_feature=46 45 46 15 42 49
split_gain=1.84964 0.740783 0.733723 0.377201 0.150326 0.0764671
threshold=0.00072863773870476833 0.051277260378759855 0.064880436125691818 0.089637792725260304 0.051385963426237226 -0.060616457620987406
decision_type=2 2 2 2 2 2
left_child=4 3 -3 5 -1 -2
right_child=1 2 -4 -5 -6 -7
leaf_value=0.010257807604164256 0.00073986238760857001 0.0077687069339847249 -0.00724058276208118 0.0035018785236046591 -0.001207235265378824 -0.011302794815692872
leaf_weight=3.5822125603444888 0.095816408749668791 2.008111777948216 1.3237679684534667 0.34612124599516381 0.29001602716743935 5.0722751065623006
leaf_count=223 6 84 211 16 8 333
internal_value=-0.000810534 -0.00574495 0.00151059 -0.00968789 0.00932758 -0.0109958
internal_weight=12.7183 8.84609 3.33188 5.51421 3.87223 5.16809
internal_count=881 650 295 355 231 339
is_linear=0
shrinkage=0.02


Tree=644
num_leaves=7
num_cat=0
split_feature=38 45 40 23 20 53
split_gain=1.49571 0.594555 0.443965 0.409905 0.152632 0.103161
threshold=0.038991839640575052 0.013600278554633501 0.010947436055001388 454.33700038699692 0.086130680991322442 0.0066970811274280626
decision_type=2 2 2 10 8 2
left_child=1 2 -1 -2 -4 -5
right_child=3 -3 4 5 -6 -7
leaf_value=-0.0067797681450322391 0.010095488427538948 -0.010244754161247023 0.0072489036703374367 -0.0050219728447347808 -0.0022188448926154531 0.0026684256795060902
leaf_weight=0.99386403942480717 3.6879692552611232 3.8764524096623063 1.7091520216781644 0.61616925825364866 0.39485671184957061 0.40227318182587624
leaf_count=110 188 485 30 21 28 19
internal_value=-0.000313841 -0.00588546 0.000738304 0.00752712 0.00532969 -0.00216726
internal_weight=11.6807 6.97433 3.09787 4.70641 2.10401 1.01844
internal_count=881 653 168 228 58 40
is_linear=0
shrinkage=0.02


Tree=645
num_leaves=7
num_cat=0
split_feature=14 38 26 76 46 55
split_gain=1.16583 0.947297 0.699445 0.378765 0.341183 0.267149
threshold=0.017937086023635297 0.060501921201270674 0.050894822048487283 0.092500000000000013 -0.018459448152491256 0.1949768243437319
decision_type=2 2 2 2 2 2
left_child=1 2 3 -1 -5 -6
right_child=-2 -3 -4 4 5 -7
leaf_value=-0.0031360112723788462 -0.0064976129476361864 -0.0067045281039885664 -0.0056409415937702084 -0.0034142393777546421 -0.00021849272655210663 0.011416853064513555
leaf_weight=0.60075816931203085 5.4333644988946608 1.8697666903026391 0.97253513475880105 0.32828348316251954 0.83578935312107283 6.8923827619291842
leaf_count=7 386 112 25 9 53 308
internal_value=0.000445054 0.00398276 0.00649338 0.00829949 0.00940434 0.0102776
internal_weight=16.9329 11.4995 9.62975 8.65721 8.05646 7.72817
internal_count=900 514 402 377 370 361
is_linear=0
shrinkage=0.02


Tree=646
num_leaves=7
num_cat=0
split_feature=47 44 42 2 15 46
split_gain=1.78382 0.704589 0.653482 0.248616 0.23261 0.205834
threshold=-0.033128486122741649 0.13342876825054348 0.023667739351258515 0.43244784876140813 0.085978486056971712 0.10504139368770314
decision_type=2 2 2 2 2 2
left_child=2 4 5 -3 -2 -1
right_child=1 3 -4 -5 -6 -7
leaf_value=0.011128360824999066 -0.010627243687196506 0.0069926064933410739 -0.0032252916905946573 -0.0040302920213850981 0.0023521630491834043 -0.002184170583541391
leaf_weight=4.3760713753290474 5.2071710431482643 1.1330312322825191 1.3931710014585403 0.51219694619067002 0.25172272697091091 0.18530379980802525
leaf_count=255 397 45 92 93 15 3
internal_value=-0.000332943 -0.00668796 0.00712042 0.00333463 -0.00975722 0.0102921
internal_weight=13.0587 7.10412 5.95455 1.64523 5.45889 4.56138
internal_count=900 550 350 138 412 258
is_linear=0
shrinkage=0.02


Tree=647
num_leaves=7
num_cat=0
split_feature=38 45 40 20 40 6
split_gain=1.46104 0.720958 0.643992 0.137567 0.116302 0.110038
threshold=0.060501921201270674 0.010682403593812369 0.010947436055001388 0.086130680991322442 0.049887036635053873 234.2883300166383
decision_type=2 2 2 8 2 2
left_child=1 2 -1 -4 -3 -2
right_child=5 4 3 -5 -6 -7
leaf_value=-0.0074640127117993008 0.010181888762918452 -0.010556080488489366 0.0077482347902229302 -0.0016237609823900117 0.00046603834301055892 -4.483634367554036e-05
leaf_weight=1.1960770387668147 3.0023239022120847 3.8470927667804062 2.2557829637080431 0.39982910780236158 0.32643074123188842 0.4605348715558647
leaf_count=118 161 523 44 22 16 16
internal_value=-0.000264281 -0.00487369 0.00135253 0.006279 -0.00977054 0.00911652
internal_weight=11.4881 8.02521 3.85169 2.65561 4.17352 3.46286
internal_count=900 723 184 66 539 177
is_linear=0
shrinkage=0.02


Tree=648
num_leaves=7
num_cat=0
split_feature=28 74 45 26 38 42
split_gain=1.26549 0.618402 0.537364 0.502412 0.434533 0.277197
threshold=0.14042933558932616 0.026583333333333337 0.050751619962317453 0.025476305901970812 -0.018648716555081293 0.078393946761618774
decision_type=2 2 2 2 2 2
left_child=1 2 3 -1 -3 -6
right_child=-2 4 -4 -5 5 -7
leaf_value=0.0076167686491290919 0.0085547476857502115 0.0031019457478987872 -0.0070594666068885814 -0.004522805296882767 -0.010105458627379223 0.0025065590998447902
leaf_weight=3.7331219683401304 4.259974260814487 0.94946152390912253 1.2555804685689507 1.1525473799556492 4.9905299129895857 0.39414268732070912
leaf_count=60 337 46 64 29 334 12
internal_value=0.000247792 -0.00301313 0.00145526 0.00447112 -0.00695316 -0.0089343
internal_weight=16.7354 12.4754 6.14125 4.88567 6.33413 5.38467
internal_count=882 545 153 89 392 346
is_linear=0
shrinkage=0.02


Tree=649
num_leaves=7
num_cat=0
split_feature=46 15 42 16 34 46
split_gain=1.52981 0.767113 0.251087 0.245759 0.272636 0.242024
threshold=1.0000000180025095e-35 0.042779240836650752 0.051385963426237226 -0.046159111473138191 -0.0059074472354478718 0.078356685644693919
decision_type=2 2 2 2 2 2
left_child=2 3 -1 -2 -5 -3
right_child=1 5 -4 4 -6 -7
leaf_value=0.0097592271769694865 0.00044828022893719685 0.0077861802782452205 -0.0026039102327174396 0.0013524842652711416 -0.010603064341027191 -0.0037210230525975313
leaf_weight=3.5662102331407382 1.0922296589706082 1.3202498699538407 0.34255235083401192 0.62683745496906151 5.4538967898115525 0.36572382319718588
leaf_count=217 79 65 8 47 452 14
internal_value=-0.000816557 -0.00530574 0.00836602 -0.00798889 -0.00935366 0.004834
internal_weight=12.7677 8.85894 3.90876 7.17296 6.08073 1.68597
internal_count=882 657 225 578 499 79
is_linear=0
shrinkage=0.02


Tree=650
num_leaves=7
num_cat=0
split_feature=38 45 47 28 28 53
split_gain=1.41791 0.836158 0.373145 0.224732 0.152173 0.131638
threshold=0.038991839640575052 0.013600278554633501 -0.017096219207920742 0.11000076801528812 0.066310349938721411 0.019345363279596853
decision_type=2 2 2 2 2 2
left_child=1 2 -1 -2 -4 -3
right_child=3 5 4 -5 -6 -7
leaf_value=-0.0047643233972800699 0.010294003787216281 -0.011118045480087182 0.0080978526671920143 -0.0011270934841631057 -0.0012197081596350392 0.00018538751181963392
leaf_weight=1.1607251607347282 3.5584261892363429 3.3725834600627427 1.7598607409745457 0.5948469357099383 0.62542234198190261 0.41918044560588885
leaf_count=96 194 460 23 26 48 35
internal_value=0.000548188 -0.00459109 0.00221557 0.00875694 0.00601616 -0.0100905
internal_weight=11.491 7.33777 3.54601 4.15327 2.38528 3.79176
internal_count=882 662 167 220 71 495
is_linear=0
shrinkage=0.02


Tree=651
num_leaves=7
num_cat=0
split_feature=42 44 54 14 36 42
split_gain=1.09831 0.800074 0.538004 0.359632 0.325406 0.316638
threshold=0.069401674208035766 0.077017442196986835 0.35872876237493773 -0.052886987210230309 0.012951512886963175 0.03402507614413363
decision_type=2 2 2 2 2 2
left_child=1 2 -1 -3 -4 -5
right_child=-2 3 4 5 -6 -7
leaf_value=-0.0036569258213326418 0.0093049763048367908 0.0024399955393551694 -0.0004930192845469739 -0.010490178425179962 0.010038678944533655 4.4143104566749655e-05
leaf_weight=2.7573458733968454 3.1472048046998671 1.0333887608721859 1.6623052018694577 4.581159937195479 2.3720919084735215 1.4242188176140187
leaf_count=80 258 27 60 353 36 71
internal_value=0.000217447 -0.00233845 0.00241261 -0.00665262 0.00646329 -0.00834221
internal_weight=16.9777 13.8305 6.79174 7.03877 4.0344 6.00538
internal_count=885 627 176 451 96 424
is_linear=0
shrinkage=0.02


Tree=652
num_leaves=7
num_cat=0
split_feature=46 15 57 16 46 42
split_gain=1.51643 0.829112 0.311987 0.31703 0.304248 0.209516
threshold=0.00072863773870476833 0.041988979223242039 0.10652778599751436 -0.046159111473138191 0.078356685644693919 0.052541915592468631
decision_type=2 2 2 2 2 2
left_child=5 2 -2 -4 -3 -1
right_child=1 4 3 -5 -6 -7
leaf_value=0.0097923995784342972 0.0020469124795138524 0.0081779112819290161 0.00082758933337300183 -0.010895293740150604 -0.00420651209570922 -0.0019394638907099036
leaf_weight=3.6038375506177558 0.75047299568541159 1.4855380957014857 0.92241029720753331 5.3359489969443539 0.43500788463279594 0.36148419231176365
leaf_count=218 38 72 66 467 16 8
internal_value=-0.000512843 -0.00499204 -0.00797345 -0.0092915 0.00489297 0.0085477
internal_weight=12.8947 8.92938 7.00883 6.25836 1.92055 3.96532
internal_count=885 659 571 533 88 226
is_linear=0
shrinkage=0.02


Tree=653
num_leaves=7
num_cat=0
split_feature=47 28 36 66 40 36
split_gain=1.2374 1.01364 0.29826 0.243204 0.233822 0.160843
threshold=-0.017096219207920742 0.08854319761516552 0.041432090858775063 0.14142136248948697 -0.0058839170975747085 0.04319624529949647
decision_type=2 2 2 2 2 2
left_child=-1 2 4 -3 -2 -4
right_child=1 3 5 -5 -6 -7
leaf_value=-0.008669203666835032 -0.0024495147870283694 -0.0080646265387300676 -0.0055193588546291663 0.0025585614337368542 0.01098667244170639 0.0039965509174247861
leaf_weight=3.2689277564641097 0.21295442664995778 1.7214936069212856 0.44429260678589333 0.69440880161710072 4.7372301351279003 0.43799837399274111
leaf_count=445 6 176 3 38 192 25
internal_value=0.000256972 0.00434939 0.00846507 -0.00515605 0.0100941 -0.00118182
internal_weight=11.5173 8.24838 5.83248 2.4159 4.95018 0.882291
internal_count=885 440 226 214 198 28
is_linear=0
shrinkage=0.02


Tree=654
num_leaves=7
num_cat=0
split_feature=20 43 29 76 52 14
split_gain=1.02962 0.509147 0.682247 0.444345 0.290597 0.287989
threshold=0.12806479462706483 -0.0011896782366805744 -0.023484376567369663 0.12716666666666668 -0.00017542792166284619 0.02229818588943178
decision_type=10 2 2 2 2 2
left_child=1 3 -3 -1 -4 -2
right_child=5 2 4 -5 -6 -7
leaf_value=0.0012923359987489333 0.010157977928267701 -0.0074364410736050528 -0.0039219461603407493 -0.0088432473907585022 0.0077200543973917615 -0.001390182167234426
leaf_weight=2.1071372404694548 2.9885033364407732 1.3145468547008929 0.41708585573360357 5.0027889460325241 3.3305569775402537 0.82221079105511297
leaf_count=61 293 96 12 320 68 35
internal_value=-2.49869e-05 -0.00291573 0.00175884 -0.00605045 0.00587121 0.00789528
internal_weight=15.9828 12.1721 5.06219 7.10993 3.74764 3.81071
internal_count=885 557 176 381 80 328
is_linear=0
shrinkage=0.02


Tree=655
num_leaves=7
num_cat=0
split_feature=46 18 46 2 57 16
split_gain=1.72465 0.709889 0.278116 0.232766 0.216469 0.129512
threshold=0.042158900029689812 -0.0091989236114220479 1.0000000180025095e-35 0.49774774774774783 0.10652778599751436 -0.051722672068709723
decision_type=2 2 2 2 2 2
left_child=1 3 -3 -1 -2 -4
right_child=4 2 5 -5 -6 -7
leaf_value=0.010675348439021829 0.0016544626311975974 0.0039881744902031556 0.0018290290030032771 -0.0012121577667859541 -0.0098438351793258775 -0.008000847516504303
leaf_weight=4.2287358231842518 0.44656087714247394 0.9028965858742598 0.28129134792834531 0.53590904735028733 4.4915519694332033 1.3608078507240857
leaf_count=266 21 30 12 21 492 43
internal_value=-0.000503006 0.00541551 -0.00252634 0.00935995 -0.00870052 -0.00626205
internal_weight=12.2478 7.30964 2.545 4.76464 4.93811 1.6421
internal_count=885 372 85 287 513 55
is_linear=0
shrinkage=0.02


Tree=656
num_leaves=7
num_cat=0
split_feature=40 47 47 28 22 28
split_gain=1.47694 0.65451 0.317696 0.307113 0.283934 0.115667
threshold=0.020335502331026826 -0.026051124785198772 0.030405945779715744 0.12361181016951613 -0.0094885076382164157 0.10385331154329819
decision_type=2 2 2 2 10 2
left_child=2 -2 -1 4 -3 -4
right_child=1 3 5 -5 -6 -7
leaf_value=-0.0097428133990901875 -0.0050533191872122948 -0.0028763317692927976 0.0045620855922382658 -0.0032258745203527788 0.011159999871505793 -0.0034552880894213578
leaf_weight=3.3985683016944677 0.98949169483967114 0.24154646042734373 0.66224832925945498 0.31261330074630667 4.8111350852996111 0.34117502835579216
leaf_count=541 66 2 16 27 192 41
internal_value=0.00060289 0.00638949 -0.00738714 0.00896217 0.0101246 0.00147207
internal_weight=10.7568 6.35479 4.40199 5.36529 5.05268 1.00342
internal_count=885 287 598 221 194 57
is_linear=0
shrinkage=0.02


Tree=657
num_leaves=7
num_cat=0
split_feature=28 44 36 32 32 28
split_gain=1.19493 0.68822 0.483636 0.33749 0.322449 0.314961
threshold=0.14153396847183222 0.07407757091967207 0.012951512886963175 -0.011767505294349131 0.11824779132302046 -0.0047320439599957262
decision_type=2 2 2 2 2 2
left_child=1 2 -1 -3 -5 -4
right_child=-2 3 5 4 -6 -7
leaf_value=-0.0033460860207655831 0.0088230712754096205 0.0023093041481927609 -0.0039094307979175456 -0.009624564897933504 0.0033945011263910841 0.0087186593674310284
leaf_weight=2.7903420887887496 4.0036801677197209 0.98891335865482766 0.38110207440331612 5.1921533313579848 0.36767340265214432 2.7888725372031331
leaf_count=73 344 20 12 403 9 44
internal_value=0.000498973 -0.00262116 0.00214814 -0.00667147 -0.00837739 0.00662703
internal_weight=16.5127 12.5091 5.96032 6.54874 5.55983 3.16997
internal_count=905 561 129 432 412 56
is_linear=0
shrinkage=0.02


Tree=658
num_leaves=7
num_cat=0
split_feature=50 44 47 14 47 14
split_gain=1.47494 0.712777 0.469264 0.350778 0.214707 0.0907962
threshold=0.0094282828965074148 0.077496724546692666 -0.051472560502953263 0.1109175552946554 0.0015539500491624505 -0.034922206013938813
decision_type=2 2 2 2 2 2
left_child=1 2 -1 -2 5 -3
right_child=3 4 -4 -5 -6 -7
leaf_value=0.0060243121272624692 -0.0097191929115549719 -0.0010905943452292923 -0.0071229703047569542 0.0029606059714309403 -0.001752023142076258 0.010796717044208497
leaf_weight=0.81820324761793051 4.5906086850445718 0.088436952326446661 1.8953064847737549 0.56344507774338115 0.36476032016798843 3.9118667910806835
leaf_count=29 505 15 61 32 29 234
internal_value=-0.000749913 0.00492465 -0.00260394 -0.00807719 0.00921777 0.0103684
internal_weight=12.2326 7.07857 2.71351 5.15405 4.36506 4.0003
internal_count=905 368 90 537 278 249
is_linear=0
shrinkage=0.02


Tree=659
num_leaves=7
num_cat=0
split_feature=38 45 47 67 50 20
split_gain=1.32212 0.66043 0.361433 0.276629 0.191291 0.171797
threshold=0.038991839640575052 0.010682403593812369 -0.0054815010343320916 0.08371068538059627 0.0094282828965074148 0.1177953114020303
decision_type=2 2 2 2 2 10
left_child=1 3 -2 -1 -5 -4
right_child=2 -3 5 4 -6 -7
leaf_value=-0.0043134265752478021 -0.0031279843828358979 -0.0098453021196632708 0.010478417406534199 -0.0029192649004398359 0.0074461624442406088 -0.0013337300446788216
leaf_weight=1.1326088455971333 0.60816005640663195 3.8059415873140097 3.6697283871471886 0.36991277756169427 1.6259892038069663 0.3164037528913467
leaf_count=75 23 515 196 36 42 18
internal_value=9.45779e-05 -0.00516235 0.00753363 0.00153943 0.00519189 0.00946137
internal_weight=11.5287 6.93445 4.59429 3.12851 1.9959 3.98613
internal_count=905 668 237 153 78 214
is_linear=0
shrinkage=0.02


Tree=660
num_leaves=7
num_cat=0
split_feature=14 41 46 30 44 42
split_gain=1.23223 0.841322 0.486988 0.381069 0.368343 0.244563
threshold=0.017937086023635297 0.0071490681792927566 1.0000000180025095e-35 0.10099969905744187 0.062329411485455989 -0.00069543678388788918
decision_type=2 2 2 2 2 2
left_child=1 2 -1 5 -2 -4
right_child=4 -3 3 -5 -6 -7
leaf_value=-0.0032574208277053552 0.0014696494770635232 -0.0049194340559681081 0.0002270285836452221 -0.0024107784032401363 -0.0088351589175990324 0.011582907636629756
leaf_weight=0.95569543167948889 1.6315181138925243 1.9720023474656034 0.89017745573073526 0.67097994033247221 3.5533137079328299 6.4127268572337934
leaf_count=28 41 111 12 48 334 312
internal_value=0.00145781 0.00514811 0.00764294 0.00916679 -0.0058792 0.0103928
internal_weight=16.0864 10.9016 8.92958 7.97388 5.18483 7.3029
internal_count=886 511 400 372 375 324
is_linear=0
shrinkage=0.02


Tree=661
num_leaves=7
num_cat=0
split_feature=46 14 42 46 49 33
split_gain=1.6593 0.958598 0.209635 0.171258 0.121971 0.121344
threshold=1.0000000180025095e-35 0.077058241601184019 0.051385963426237226 0.070055193256859591 -0.060616457620987406 -0.052187566458010606
decision_type=2 2 2 2 2 2
left_child=2 4 -1 -3 -2 -6
right_child=1 3 -4 -5 5 -7
leaf_value=0.0098315760539698597 0.0014588920441836923 0.0075889273582364523 -0.0022594655812755151 -0.0028701044249016868 0.0011434097334419022 -0.010049107978319023
leaf_weight=3.1799301863648011 0.16270539909601112 1.3260189904831348 0.28453797847032536 0.26499120378866781 0.20561210066079905 6.6632498439867058
leaf_count=210 9 74 6 19 19 549
internal_value=-0.00165964 -0.00622627 0.00855487 0.00541153 -0.00920543 -0.00961134
internal_weight=12.087 8.62258 3.46447 1.59101 7.03157 6.86886
internal_count=886 670 216 93 577 568
is_linear=0
shrinkage=0.02


Tree=662
num_leaves=7
num_cat=0
split_feature=41 30 30 50 39 42
split_gain=1.51296 0.463806 0.322912 0.168113 0.333543 0.120972
threshold=-0.0013483051659850872 0.10099969905744187 0.0002428313089010842 0.0182607842710228 -0.0090793922527190821 0.087740257081164633
decision_type=2 2 2 2 2 2
left_child=1 3 -2 -1 -5 -4
right_child=2 -3 5 4 -6 -7
leaf_value=-0.010520825767709392 -0.0015794426985400601 0.004318934668624928 0.010556330457698875 -0.0067993845454385827 0.004739572751113451 -0.001024349237291745
leaf_weight=3.3824484320357442 0.94891151366755355 0.80260733189061273 3.4370284937322144 1.3643017176073047 0.83316585607826699 0.2110193884000181
leaf_count=450 17 51 168 157 26 17
internal_value=-0.000266203 -0.00619152 0.00759699 -0.00812994 -0.00231038 0.00981019
internal_weight=10.9795 6.38252 4.59696 5.57992 2.19747 3.64805
internal_count=886 684 202 633 183 185
is_linear=0
shrinkage=0.02


Tree=663
num_leaves=7
num_cat=0
split_feature=42 28 37 38 15 65
split_gain=1.25716 1.29065 0.568777 0.358561 0.360402 0.172181
threshold=0.015427374265088546 0.017234676038807618 -0.0026351017953119278 0.065728768092275139 0.070516206618957314 0.075959192725659805
decision_type=2 2 2 2 2 2
left_child=2 -2 5 4 -3 -1
right_child=1 3 -4 -5 -6 -7
leaf_value=0.0021605949911893607 -0.0083178170489483332 0.010476208006664288 0.0038476695175388691 -0.0024930310757108097 -0.0035078778952046434 -0.0096722886390001456
leaf_weight=0.1835862062871455 1.5501870443113128 6.7448359676636755 1.2202251576818532 0.73173222318291653 0.34185962472110976 4.5114941177889705
leaf_count=2 133 359 39 30 12 302
internal_value=0.000533739 0.00490906 -0.00610368 0.00817744 0.00945126 -0.00891147
internal_weight=15.2839 9.36861 5.91531 7.81843 7.0867 4.69508
internal_count=877 534 343 401 371 304
is_linear=0
shrinkage=0.02


Tree=664
num_leaves=7
num_cat=0
split_feature=42 1 46 53 10 23
split_gain=1.53091 0.511955 0.424555 0.240952 0.147365 0.120791
threshold=-1.0000000180025095e-35 0.28162176945166145 0.0066735948092799752 0.0091275004737122207 2.2117077346796745 198.40647851351352
decision_type=2 2 2 2 2 10
left_child=1 -1 5 4 -3 -2
right_child=2 3 -4 -5 -6 -7
leaf_value=-0.0044372265597123961 0.0052899203569873468 0.010479232889839207 -0.009815767472495518 -0.0018555045751341571 -0.0016743786189143959 -0.0027068917879716106
leaf_weight=0.87041374715045083 0.62470654956996419 4.2124941879883409 4.3974779937416315 0.48684474825859059 0.15889513678848732 0.56768238544464111
leaf_count=20 19 265 529 24 3 17
internal_value=-0.000568669 0.00618612 -0.00737942 0.00852196 0.00980799 0.0019846
internal_weight=11.3185 5.72865 5.58987 4.85823 4.37139 1.19239
internal_count=877 312 565 292 268 36
is_linear=0
shrinkage=0.02


Tree=665
num_leaves=7
num_cat=0
split_feature=51 38 66 3 47 69
split_gain=1.25007 0.394166 0.46728 0.363946 0.19018 0.18409
threshold=1.0000000180025095e-35 0.060501921201270674 0.18890487322424027 0.21244469026548676 -0.027008229583779676 0.27710629221471744
decision_type=2 2 2 2 2 2
left_child=1 2 5 4 -2 -1
right_child=3 -3 -4 -5 -6 -7
leaf_value=0.0017912606036226048 -0.00081103795653347506 0.0035078255344382719 0.004480422026867035 -0.0043712786069022222 0.0099120236644306362 -0.010664673084825896
leaf_weight=0.23365806462243188 0.60380173730663944 0.91212256625294674 0.49651405867189158 0.41135718999430526 3.6562214763835073 4.250120343407616
leaf_count=14 22 30 8 39 217 547
internal_value=-0.000145818 -0.00585696 -0.00787186 0.00682063 0.00852693 -0.00980729
internal_weight=10.5638 5.89242 4.98029 4.67138 4.26002 4.48378
internal_count=877 599 569 278 239 561
is_linear=0
shrinkage=0.02


Tree=666
num_leaves=7
num_cat=0
split_feature=14 38 6 46 44 44
split_gain=0.925198 0.949117 0.579258 0.337085 0.28039 0.262583
threshold=0.037088223916494946 0.066385877602505625 24.973662964876038 1.0000000180025095e-35 0.13182266055552369 0.062993750448413502
decision_type=2 2 2 2 2 2
left_child=1 2 -1 -4 -5 -2
right_child=5 -3 3 4 -6 -7
leaf_value=-0.0028605169304102458 0.00073948040070578272 -0.0070538854742593247 -0.0016620166579526321 0.011073593048119916 0.0003063600279664906 -0.0089862103697701985
leaf_weight=1.7900610640645016 1.3772300365380949 1.7844666359014798 0.91280346643179466 6.1939588813111186 1.184693368617445 2.7352736371103674
leaf_count=53 38 122 31 269 81 285
internal_value=0.00104384 0.00384975 0.00624212 0.00830367 0.00958773 -0.00622162
internal_weight=15.9785 11.866 10.0815 8.29146 7.37865 4.1125
internal_count=879 556 434 381 350 323
is_linear=0
shrinkage=0.02


Tree=667
num_leaves=7
num_cat=0
split_feature=46 15 44 67 2 46
split_gain=1.53913 0.68421 0.346373 0.332148 0.166485 0.150649
threshold=0.0099345188642554916 0.042779240836650752 0.13342876825054348 0.12770643921642141 0.45738498789346255 0.078356685644693919
decision_type=2 2 2 2 2 2
left_child=3 2 -2 4 -1 -3
right_child=1 5 -4 -5 -6 -7
leaf_value=0.010185629640855507 -0.010696575136520659 0.0069502718600179415 0.00054064232380004887 -0.0036540207227400475 -0.0012160077462268941 -0.0028519710636503224
leaf_weight=3.6275764824822549 5.0288681585807353 1.0270195445045827 1.2275521957781164 0.41316695418208826 0.35271302890032519 0.26458044536411751
leaf_count=237 445 45 119 9 9 15
internal_value=-0.000964033 -0.00617712 -0.0087211 0.00747686 0.00913398 0.00457401
internal_weight=11.9415 7.54802 6.25642 4.39346 3.98029 1.2916
internal_count=879 624 564 255 246 60
is_linear=0
shrinkage=0.02


Tree=668
num_leaves=7
num_cat=0
split_feature=38 47 37 28 60 28
split_gain=1.54117 0.511577 0.407416 0.362938 0.223291 0.138027
threshold=0.018116670719786829 -0.0028562965119561311 0.023441913679200215 0.15821555117422115 0.46785225718194262 0.018216514583815169
decision_type=2 2 2 2 2 2
left_child=4 5 3 -3 -1 -2
right_child=1 2 -4 -5 -6 -7
leaf_value=-0.010389062215793433 0.0026582903344809189 0.010905560065640665 -0.0045985425904017541 -0.003445341197232736 0.0024443804359845149 -0.0059838503710281411
leaf_weight=3.597666651476175 0.44033380993641902 4.408452829811722 0.35377356689423312 0.34114692802540947 0.23512618057429779 1.0831734202802179
leaf_count=550 11 213 3 32 2 68
internal_value=-0.000457848 0.00517899 0.0078868 0.00945483 -0.0092589 -0.00342245
internal_weight=10.4597 6.62688 5.10337 4.7496 3.83279 1.52351
internal_count=879 327 248 245 552 79
is_linear=0
shrinkage=0.02


Tree=669
num_leaves=7
num_cat=0
split_feature=42 44 23 28 32 46
split_gain=1.13117 0.984013 0.537243 0.344406 0.340378 0.289812
threshold=0.069401674208035766 0.077017442196986835 118.8103888221154 0.16133876962762525 0.11824779132302046 0.002138375346397423
decision_type=2 2 8 2 2 2
left_child=1 2 -1 4 -3 -4
right_child=-2 3 5 -5 -6 -7
leaf_value=-0.0045838553713600516 0.0091262077447762362 -0.011060822235888784 -0.0028089220023745118 0.0021597521060305008 0.0030281976812166567 0.0079908796664223264
leaf_weight=2.1174250273033959 3.0150417606346318 4.9187560863792896 0.72330271638929833 0.76361561659723509 0.35379516938701261 3.5922344005666673
leaf_count=57 272 415 23 42 10 93
internal_value=-0.000203233 -0.00296918 0.0023632 -0.00818027 -0.00978338 0.00599288
internal_weight=15.4842 12.4691 6.43296 6.03617 5.27255 4.31554
internal_count=912 640 173 467 425 116
is_linear=0
shrinkage=0.02


Tree=670
num_leaves=7
num_cat=0
split_feature=42 17 14 47 14 47
split_gain=1.40864 0.735024 0.443184 0.216177 0.188394 0.176978
threshold=-1.0000000180025095e-35 0.08951465201465203 0.077058241601184019 0.020112880581250468 -0.048234864968760983 -0.026051124785198772
decision_type=2 2 2 2 2 2
left_child=1 5 -2 4 -3 -1
right_child=2 3 -4 -5 -6 -7
leaf_value=0.0032833532305034468 -0.0096891349324276285 -0.0021013407502813029 0.0029466437676884563 -0.0018411953126797826 0.010806751166616946 -0.006768290611367426
leaf_weight=0.30805228743702162 4.2381929703988135 0.17349995672702689 0.91128595615737129 0.37494798935949791 4.3954245103523144 1.3079676516354082
leaf_count=6 521 2 48 14 288 33
internal_value=-0.000246931 0.00555343 -0.00733748 0.00896882 0.0100273 -0.00432955
internal_weight=11.7094 6.55989 5.14948 4.94387 4.56892 1.61602
internal_count=912 343 569 304 290 39
is_linear=0
shrinkage=0.02


Tree=671
num_leaves=7
num_cat=0
split_feature=40 51 38 31 37 54
split_gain=1.27446 0.41087 0.361411 0.332797 0.2967 0.100843
threshold=0.020335502331026826 -0.00089293770010038067 0.064181334306981905 -0.033201624032985037 -0.0081596104747097119 0.3217656955636235
decision_type=2 2 2 2 2 2
left_child=2 4 -1 -3 -2 -6
right_child=1 3 -4 -5 5 -7
leaf_value=-0.0093117611237834106 0.0046180505564597032 -0.0030292587250916468 0.0030641708570688158 0.010764314996060119 0.0018456099196830637 -0.007352272081742238
leaf_weight=3.5014696076977998 1.2391087252181026 0.38074728683568526 0.67412132956087578 3.619298483710736 0.18273145984858263 1.0114651948679236
leaf_count=589 59 20 21 181 6 36
internal_value=0.00055892 0.00582177 -0.00710775 0.00910811 -0.000659907 -0.00574515
internal_weight=10.6089 6.43335 4.17559 4.00005 2.43331 1.1942
internal_count=912 302 610 201 101 42
is_linear=0
shrinkage=0.02


Tree=672
num_leaves=7
num_cat=0
split_feature=14 28 47 44 45 33
split_gain=1.11611 0.74606 0.581278 0.296711 0.262558 0.166604
threshold=0.017937086023635297 0.062516793501303639 0.0011485658930781991 0.07407757091967207 -0.012032616470843525 -0.013233242720354877
decision_type=2 2 2 2 2 2
left_child=1 2 4 5 -1 -2
right_child=3 -3 -4 -5 -6 -7
leaf_value=-0.003812442343925223 0.0036839671487363607 0.0090964048771260842 -0.0084439384410352966 -0.0094357580127713905 0.0063862439910029279 -0.0045763213115758141
leaf_weight=0.67492185719311271 1.2258688318543134 5.3843589862808585 1.5928774243220685 2.8362570379395038 2.3522488255985063 0.7405352061614402
leaf_count=17 28 351 118 311 34 36
internal_value=0.000964134 0.00465299 -0.00122265 -0.00619771 0.00373034 7.91461e-05
internal_weight=14.8071 10.0044 4.62005 4.80266 3.02717 1.9664
internal_count=895 520 169 375 51 64
is_linear=0
shrinkage=0.02


Tree=673
num_leaves=7
num_cat=0
split_feature=42 18 15 15 48 50
split_gain=1.40796 0.635264 0.538021 0.206061 0.180635 0.112281
threshold=-1.0000000180025095e-35 0.0061920777016353243 0.070516206618957314 -0.0046567304811337635 0.019342520264114583 -0.001764693880439991
decision_type=2 2 2 2 2 2
left_child=1 3 5 -1 -3 -2
right_child=2 4 -4 -5 -6 -7
leaf_value=-0.0016384842917473992 0.00063614980338016049 0.0023587638747180699 0.0046441635707584047 0.010492347891199391 -0.0066353584036787884 -0.010368938096421382
leaf_weight=0.3552495571784674 0.2786650932393967 0.91368787270039298 0.65388181898742903 3.7565006669610739 0.99002683465369046 4.353562034200877
leaf_count=10 18 21 25 268 30 523
internal_value=-0.000652009 0.00555853 -0.00747942 0.00932876 -0.00299293 -0.00971149
internal_weight=11.3016 6.01546 5.28611 4.11175 1.90371 4.63223
internal_count=895 329 566 278 51 541
is_linear=0
shrinkage=0.02


Tree=674
num_leaves=7
num_cat=0
split_feature=51 28 28 40 39 47
split_gain=1.41445 0.472555 0.414531 0.19084 0.152027 0.0928734
threshold=0.0004980613279487188 0.084591768480573801 -0.011830540826103171 0.061977970615458851 0.039076911401036848 -0.037566724655296049
decision_type=2 2 2 2 2 2
left_child=2 5 -1 4 -4 -2
right_child=1 -3 3 -5 -6 -7
leaf_value=0.0042794507267569339 -0.00049796822101032506 -0.0029894061311029757 -0.01076433674040223 0.0010588062013336607 0.0017353962968765578 0.010462568021491807
leaf_weight=0.52206083782948542 0.23857522988691959 1.0478002149611709 4.0711115363519639 0.49503637105226506 0.14640488382428873 3.2074007850605994
leaf_count=21 8 87 579 8 6 186
internal_value=-0.000672926 0.00678618 -0.00713776 -0.00893029 -0.010081 0.00976241
internal_weight=9.72839 4.49378 5.23461 4.71255 4.21752 3.44598
internal_count=895 281 614 593 585 194
is_linear=0
shrinkage=0.02


Tree=675
num_leaves=7
num_cat=0
split_feature=42 38 46 66 14 28
split_gain=0.99958 0.962124 0.618297 0.381333 0.391859 0.247099
threshold=-9.782150135118825e-05 0.066385877602505625 0.0042233526491819587 0.18311382579372656 0.094492715292091176 -0.0047320439599957262
decision_type=2 2 2 2 2 2
left_child=-1 2 -2 4 5 -4
right_child=1 -3 3 -5 -6 -7
leaf_value=-0.0071058565904188499 -0.0036004787484478391 -0.0067838124214880426 -0.0025040837706392345 -0.003593436338633493 -0.0037406276458831055 0.010990499804756538
leaf_weight=3.5613275265786806 1.5486275895964343 1.9569344012998033 0.22574630053713551 0.49680938990786661 0.37515129381790746 7.3737791478633898
leaf_count=244 80 148 14 15 23 362
internal_value=0.00101535 0.00379165 0.00628521 0.0082817 0.00933947 0.0103451
internal_weight=15.5384 11.977 10.0201 8.47149 7.97468 7.59953
internal_count=886 642 494 414 399 376
is_linear=0
shrinkage=0.02


Tree=676
num_leaves=7
num_cat=0
split_feature=46 18 42 14 42 6
split_gain=1.45872 0.652769 0.588772 0.190339 0.170559 0.145608
threshold=0.00072863773870476833 -0.015745154517566969 0.0065093999710058572 0.081267459786711835 0.061139036361744468 297.22728192673554
decision_type=2 2 2 2 2 2
left_child=4 2 -2 -4 5 -1
right_child=1 -3 3 -5 -6 -7
leaf_value=0.010188090753619509 0.0069469390036955838 -0.010225938472786441 -0.008155271549991322 0.0028324758098886948 -0.0022590332768016954 -0.0016368803380537699
leaf_weight=3.1302495105192074 1.8430572184734049 4.2048077287618071 1.4972635346930472 0.28870708704926062 0.19053725339472283 0.1827585957944392
leaf_count=219 84 326 240 9 3 5
internal_value=-0.00103225 -0.00568147 0.000655627 -0.00599993 0.00831653 0.0093075
internal_weight=11.3374 7.83384 3.62903 1.78597 3.50355 3.31301
internal_count=886 659 333 249 227 224
is_linear=0
shrinkage=0.02


Tree=677
num_leaves=7
num_cat=0
split_feature=38 18 45 75 58 67
split_gain=1.09422 0.80471 0.280528 0.197194 0.117664 0.110189
threshold=0.066385877602505625 0.019187635820538899 -0.053744830637354295 0.22141666666666668 11.625000000000002 0.11007559395248381
decision_type=2 2 2 2 2 2
left_child=1 2 -1 -3 5 -4
right_child=-2 3 4 -5 -6 -7
leaf_value=0.0031038761105404364 0.0084447471604384827 -0.0031966494811035439 -0.010754315966977228 0.0065297472196163657 0.0014235515332223314 -0.00033444238375056497
leaf_weight=0.34028885979205359 2.9187517059035599 0.47611769195646081 4.2698392488528043 1.9034355462063102 0.14412388438358892 0.51081904931925226
leaf_count=5 163 35 527 83 4 69
internal_value=-0.000350854 -0.00429746 -0.00820262 0.0042136 -0.00937589 -0.0098914
internal_weight=10.5634 7.64462 5.26507 2.37955 4.92478 4.78066
internal_count=886 723 605 118 600 596
is_linear=0
shrinkage=0.02


Tree=678
num_leaves=7
num_cat=0
split_feature=42 45 35 51 20 46
split_gain=0.902853 0.685302 0.776755 0.57983 0.338718 0.257858
threshold=0.069401674208035766 0.033932993915084732 -0.021313045282749545 -5.988608873945236e-05 0.11350661083040998 0.002138375346397423
decision_type=2 2 2 2 10 2
left_child=1 2 4 5 -1 -4
right_child=-2 -3 3 -5 -6 -7
leaf_value=-0.0081467791987840325 0.0088093793363604317 -0.0077949617757737434 -0.0014716949782133584 -0.005123491307372734 0.0038147471728025356 0.010666945257371533
leaf_weight=2.5358237538021062 2.6800375641323635 4.5191486340481788 0.57128150667995248 0.82941163890063574 0.62492336658760894 3.2700937846675515
leaf_count=118 256 371 23 48 37 48
internal_value=4.07858e-05 -0.00237928 0.00127458 0.00597156 -0.00543338 0.0089306
internal_weight=15.0307 12.3507 7.83153 4.67079 3.16075 3.84138
internal_count=901 645 274 119 155 71
is_linear=0
shrinkage=0.02


Tree=679
num_leaves=7
num_cat=0
split_feature=48 30 15 42 11 41
split_gain=1.3049 0.463887 0.376434 0.228411 0.219981 0.167031
threshold=0.017572877335401117 0.038554358572323519 0.062633350414234512 0.061139036361744468 -1.8063526793161837 0.010859477427880921
decision_type=2 2 2 2 2 2
left_child=1 3 4 5 -2 -1
right_child=2 -3 -4 -5 -6 -7
leaf_value=0.010294721615163789 0.0010858955649259553 -0.0044204406348448159 0.0035240142809463315 -0.0027750601407061852 -0.009575355816780479 -0.0016340040974666132
leaf_weight=4.035753296688199 0.68000979092903424 0.7525453499983995 0.73707227408885945 0.2509931856766342 4.4831296075135469 0.24148163152858604
leaf_count=267 45 47 38 17 477 10
internal_value=-0.000489504 0.00614486 -0.00645736 0.00838271 -0.00822286 0.00943924
internal_weight=11.181 5.28077 5.90021 4.52823 5.16314 4.27723
internal_count=901 341 560 294 522 277
is_linear=0
shrinkage=0.02


Tree=680
num_leaves=7
num_cat=0
split_feature=50 40 42 57 43 20
split_gain=1.36025 0.727446 0.301119 0.251741 0.133783 0.130648
threshold=0.009364992800828047 0.010947436055001388 0.069401674208035766 0.11520404478150958 0.0057883373819582794 0.11718930288527453
decision_type=2 2 2 2 2 10
left_child=4 -2 3 -3 -1 -5
right_child=1 2 -4 5 -6 -7
leaf_value=-0.010282538667600575 -0.0048596777192540831 -0.0016963184246019097 -0.0021902811466205647 0.011375447628253668 0.0013766458784071364 -0.00050159371280549827
leaf_weight=2.7015622548060496 1.6213091374374924 0.46426323615014542 0.65409343619830895 4.382198286941275 0.19690458523109544 0.30952189001254726
leaf_count=361 246 9 58 200 13 14
internal_value=0.000468569 0.00494848 0.00799716 0.00943541 -0.00934053 0.0106414
internal_weight=10.3299 7.43139 5.81008 5.15598 2.89847 4.69172
internal_count=901 527 281 223 374 214
is_linear=0
shrinkage=0.02


Tree=681
num_leaves=7
num_cat=0
split_feature=42 24 75 9 22 14
split_gain=1.21243 0.494441 0.322469 0.280249 0.2971 0.289367
threshold=0.067562508859348197 0.36666666666666675 0.34325000000000011 11.055265565610862 -0.0094885076382164157 -0.025957329147263699
decision_type=2 8 2 2 10 2
left_child=1 2 3 -1 -5 -6
right_child=-2 -3 -4 4 5 -7
leaf_value=0.0016562184447066798 0.0090696938693312495 0.0030678942790853831 0.0036252170172172016 0.0034866464033768757 -0.00087470042634528347 -0.01120958111100818
leaf_weight=0.95659484155475727 2.8334268108010301 2.5330131710506985 0.66491145500913251 0.29990481771528532 1.5325912879779915 5.1617561660241371
leaf_count=32 261 98 19 3 48 418
internal_value=-0.000792309 -0.00383895 -0.00597742 -0.00709576 -0.00835021 -0.00926472
internal_weight=13.9822 11.1488 8.61576 7.95085 6.99425 6.69435
internal_count=879 618 520 501 469 466
is_linear=0
shrinkage=0.02


Tree=682
num_leaves=7
num_cat=0
split_feature=42 18 15 47 14 16
split_gain=1.27368 0.790263 0.361489 0.278121 0.149761 0.113217
threshold=0.0024842732973173087 -0.0080890525202684232 0.070516206618957314 -0.032453667695278479 -0.04128658979800013 -0.06647792058871578
decision_type=2 2 2 2 2 2
left_child=1 4 5 -3 -1 -2
right_child=2 3 -4 -5 -6 -7
leaf_value=-0.0017627646471613395 0.00078194656640271309 0.0042886361997653468 0.0035942652363568544 -0.0064689614114414517 0.010622340239612796 -0.01015811246393228
leaf_weight=0.14291045442223582 0.26290294690988947 0.64417533902451429 0.48172555118799198 1.7410003966651855 3.7068930445238948 3.7373957650270313
leaf_count=2 23 25 21 50 262 496
internal_value=-0.000384602 0.00515598 -0.0076267 -0.00315498 0.00989391 -0.00942653
internal_weight=10.717 6.23498 4.48202 2.38518 3.8498 4.0003
internal_count=879 339 540 75 264 519
is_linear=0
shrinkage=0.02


Tree=683
num_leaves=7
num_cat=0
split_feature=39 46 65 28 20 30
split_gain=1.33455 0.492048 0.476207 0.298389 0.131122 0.08677
threshold=-0.010379005360254474 0.027517227988483679 0.1122546524475785 0.01293482311810998 0.13426917058522483 0.11224088323373935
decision_type=2 2 2 2 10 2
left_child=2 -2 -1 -4 -3 -5
right_child=1 4 3 5 -6 -7
leaf_value=0.0050283106315072391 -0.0044073432138512945 0.010917239018306135 0.00209524616372669 -0.010340636818218655 -0.0010666082400376373 0.00076078295871743768
leaf_weight=0.74155476223677386 0.52208773931488384 4.1106651774607599 0.66320067457854737 3.3074125308776279 0.21216429420746852 0.16105808247812081
leaf_count=16 43 205 37 542 19 17
internal_value=0.00152796 0.00817686 -0.00534905 -0.00782849 0.0102392 -0.00977025
internal_weight=9.71814 4.84492 4.87323 4.13167 4.32283 3.46847
internal_count=879 267 612 596 224 559
is_linear=0
shrinkage=0.02


Tree=684
num_leaves=7
num_cat=0
split_feature=14 38 48 23 54 66
split_gain=0.853893 0.769691 0.414306 0.320751 0.317735 0.280674
threshold=0.037088223916494946 0.057463375336035953 0.0092816818914603447 1.0000000180025095e-35 0.43635234911434723 0.19363283229184261
decision_type=2 2 2 10 2 2
left_child=1 2 4 -4 -1 -5
right_child=-2 -3 3 5 -6 -7
leaf_value=-0.0055251631093604829 -0.005813658982686638 -0.0060483319625223644 -0.0029199636312773713 0.01019311454706529 0.004879951447999826 -0.0030393629758858781
leaf_weight=1.3830962870269998 3.8371575321070859 1.6985384454019357 0.49304523551836599 6.7345242025330663 1.3205361994914708 0.26516981841996301
leaf_count=63 327 131 7 359 29 6
internal_value=0.00145516 0.004069 0.00614405 0.00831698 -0.00049759 0.00937456
internal_weight=15.7321 11.8949 10.1964 7.49274 2.70363 6.99969
internal_count=922 595 464 372 92 365
is_linear=0
shrinkage=0.02


Tree=685
num_leaves=7
num_cat=0
split_feature=46 18 42 42 26 48
split_gain=1.30446 0.627879 0.64357 0.21578 0.155073 0.140292
threshold=0.00072863773870476833 -0.0091989236114220479 0.015427374265088546 0.041848776506886766 -0.056931289818645169 -0.0020441902216476317
decision_type=2 2 2 2 2 2
left_child=3 2 4 -1 -2 -4
right_child=1 -3 5 -5 -6 -7
leaf_value=0.0093650396369936301 -0.0019918151309666335 -0.0098731055733729221 0.002033435061493945 -0.0024352939179036978 0.0081311867298843443 -0.0080451454105258807
leaf_weight=3.1314497664570822 0.33790764654986594 4.140786705305799 0.26373823219910164 0.30964091513305891 1.932661250932141 1.6605697926133878
leaf_count=222 11 324 7 8 83 267
internal_value=-0.00101023 -0.00518542 0.000451639 0.00799394 0.00647629 -0.00644082
internal_weight=11.7768 8.33566 4.19488 3.44109 2.27057 1.92431
internal_count=922 692 368 230 94 274
is_linear=0
shrinkage=0.02


Tree=686
num_leaves=7
num_cat=0
split_feature=39 50 40 67 29 65
split_gain=1.18744 0.588788 0.423295 0.253705 0.147375 0.0853156
threshold=-0.0074109369742668399 0.015173453031883572 0.045948685896307545 0.10360630018784965 -0.077429244404768519 0.1122546524475785
decision_type=2 2 2 2 2 2
left_child=2 3 4 -2 -1 -6
right_child=1 -3 -4 -5 5 -7
leaf_value=0.0016684396380673217 -0.0069000243317145164 0.0096924215185719542 0.0032184941784562872 0.0041432543623961702 0.00038298432870197471 -0.010367853661776512
leaf_weight=0.19948061788454641 1.0884307874366639 3.1870730449445546 0.86113828280940641 0.54278804082423437 0.23956874920986582 4.0609508636407554
leaf_count=10 39 186 21 18 17 631
internal_value=-0.00102334 0.00559697 -0.00691781 -0.00304728 -0.00909004 -0.00980969
internal_weight=10.1794 4.81829 5.36114 1.63122 4.5 4.30052
internal_count=922 243 679 57 658 648
is_linear=0
shrinkage=0.02


Tree=687
num_leaves=7
num_cat=0
split_feature=14 28 72 44 42 28
split_gain=0.867998 0.495875 0.492069 0.340869 0.258509 0.25064
threshold=0.017937086023635297 0.062516793501303639 0.27548183839881396 0.062993750448413502 -0.00025105221323870933 0.019314206998105394
decision_type=2 2 2 2 2 2
left_child=1 2 5 -2 -3 -1
right_child=3 4 -4 -5 -6 -7
leaf_value=-0.0087014388212341628 0.0012821622955249562 -0.0028393161218859785 0.0068193108036060405 -0.0092560025876098281 0.0084847674158824264 0.00053117200555060436
leaf_weight=1.6527963075786813 1.451716183684767 0.44492075406014819 1.2076962688006458 3.0193549976684153 4.826994256582112 1.9187155654653905
leaf_count=108 40 11 19 338 327 48
internal_value=0.000309274 0.00351641 -0.00112089 -0.00622541 0.00722875 -0.00471022
internal_weight=14.5222 10.0511 4.77921 4.47107 5.27192 3.57151
internal_count=891 513 175 378 338 156
is_linear=0
shrinkage=0.02


Tree=688
num_leaves=7
num_cat=0
split_feature=42 18 15 48 15 2
split_gain=1.24018 0.683065 0.424743 0.279741 0.21377 0.117344
threshold=1.0000000180025095e-35 -0.0080890525202684232 0.12058083413994852 0.017572877335401117 -0.0046567304811337635 0.18469785575048733
decision_type=2 2 2 2 2 2
left_child=1 4 5 -3 -1 -2
right_child=2 3 -4 -5 -6 -7
leaf_value=-0.0017975438446854652 0.0015421779910418404 0.0035965240994092042 0.0042691251566827687 -0.0069220456913110422 0.01072883394580902 -0.009819526477499306
leaf_weight=0.32088567595928896 0.12425019964575801 0.976451687049121 0.5325102419592439 1.2904755824711172 3.7717045373283327 3.8140946559142321
leaf_count=8 2 28 23 38 264 528
internal_value=9.11381e-05 0.0054452 -0.00712793 -0.00267726 0.00958657 -0.00922138
internal_weight=10.8304 6.35952 4.47086 2.26693 4.09259 3.93834
internal_count=891 338 553 66 272 530
is_linear=0
shrinkage=0.02


Tree=689
num_leaves=7
num_cat=0
split_feature=38 41 38 7 53 66
split_gain=1.18555 0.657475 0.259974 0.238099 0.155185 0.101635
threshold=0.066385877602505625 -0.0013483051659850872 0.002484236894325875 24.191876666666669 0.02753342051917931 0.19363283229184261
decision_type=2 2 2 2 2 2
left_child=1 3 -3 -1 5 -5
right_child=-2 2 -4 4 -6 -7
leaf_value=0.0019859464161468723 0.0089440126654744406 -0.0035947163760860212 0.0068706131294560156 -0.010957685056391957 0.0014584629796572455 0.0010659289232885913
leaf_weight=0.45492808404378582 2.6538213933818042 0.75950546097010407 1.4503255840390918 4.0143979979911819 0.22986981202848245 0.12026497954502691
leaf_count=9 168 23 54 613 19 5
internal_value=-0.000550289 -0.00480224 0.00327441 -0.00843187 -0.00968553 -0.0104685
internal_weight=9.68311 7.02929 2.20983 4.81946 4.36453 4.13466
internal_count=891 723 77 646 637 618
is_linear=0
shrinkage=0.02


Tree=690
num_leaves=7
num_cat=0
split_feature=28 44 37 41 42 3
split_gain=0.814785 0.82441 0.506842 0.358925 0.301027 0.280297
threshold=0.14042933558932616 0.077017442196986835 -0.0036131693093391644 -0.0083249584901778969 -9.782150135118825e-05 0.24473453268977624
decision_type=2 2 2 2 2 2
left_child=1 2 3 -1 -2 -3
right_child=4 5 -4 -5 -6 -7
leaf_value=0.0038979832584546295 -0.0029465870512885291 -0.0091177585874795703 0.0086645481711454791 -0.006123467287344162 0.0095365396602870491 0.0021487976847893715
leaf_weight=1.6695180144160988 0.47277013584971461 4.7475677649490535 2.0042107496410591 2.2201437647454441 2.8424814445897946 0.64825832564383734
leaf_count=40 25 403 27 79 312 13
internal_value=1.01628e-05 -0.00261567 0.00242497 -0.00190457 0.00748608 -0.00763985
internal_weight=14.605 11.2897 5.89387 3.88966 3.31525 5.39583
internal_count=899 562 146 119 337 416
is_linear=0
shrinkage=0.02


Tree=691
num_leaves=7
num_cat=0
split_feature=50 44 15 35 29 74
split_gain=1.14089 0.604316 0.480568 0.200135 0.0962621 0.0858569
threshold=0.0050188567276891393 0.077496724546692666 0.042779240836650752 -0.0020429483466101041 0.0091717677098341974 0.010500000000000001
decision_type=2 2 2 2 2 2
left_child=1 3 5 4 -1 -2
right_child=2 -3 -4 -5 -6 -7
leaf_value=0.0049491407999700558 0.00056532786427459039 0.009583749727577303 0.0037908332191207463 -0.0067874211287694778 -0.002591193644522947 -0.0094426069313399471
leaf_weight=0.73052951064892091 0.25043621542863537 3.5317042460665107 0.92438532039523114 0.90829691383987654 0.32617152971215546 4.182893821503967
leaf_count=30 8 252 63 13 20 513
internal_value=-0.00044975 0.00548071 -0.00643912 -0.00263884 0.00249344 -0.00887727
internal_weight=10.8544 5.4967 5.35772 1.965 1.0567 4.43333
internal_count=899 315 584 63 50 521
is_linear=0
shrinkage=0.02


Tree=692
num_leaves=7
num_cat=0
split_feature=40 50 42 49 30 43
split_gain=1.16904 0.764645 0.259892 0.263487 0.145303 0.138371
threshold=0.010947436055001388 0.009364992800828047 0.069401674208035766 0.058062615487999798 0.07753756763516749 0.013290478925923829
decision_type=2 2 2 2 2 2
left_child=5 4 3 -3 -2 -1
right_child=1 2 -4 -5 -6 -7
leaf_value=-0.0095607188068686337 -0.0071980073583134208 0.010568142240457103 -0.0017606139932996173 -0.0024227158330362504 0.0026340769826136996 0.0015700170782808735
leaf_weight=2.6939803119748835 1.3354917551623655 4.5118515705689788 0.64028809405863274 0.33237530011683691 0.23590601515024889 0.21738076582550991
leaf_count=502 102 201 66 7 7 14
internal_value=0.00047167 0.00478887 0.00803979 0.00941477 -0.00527161 -0.00854071
internal_weight=9.96727 7.05591 5.48451 4.84423 1.5714 2.91136
internal_count=899 383 274 208 109 516
is_linear=0
shrinkage=0.02


Tree=693
num_leaves=7
num_cat=0
split_feature=14 38 26 42 34 35
split_gain=0.928149 0.797723 0.607646 0.35538 0.352727 0.263765
threshold=0.038044359955277836 0.066385877602505625 0.049155490222701888 -0.00025105221323870933 -0.014666347888682483 0.010390230080225398
decision_type=2 2 2 2 2 2
left_child=1 2 3 -1 -5 -2
right_child=5 -3 -4 4 -6 -7
leaf_value=-0.0010186781149663989 -0.0087746863400589379 -0.006517876452698643 -0.0055615336807436893 -0.0034461605234588932 0.010348220198647709 0.0028123137841664664
leaf_weight=1.3795276205055387 3.0873960889875902 1.6818720586597908 0.89255724288523275 0.34940277831628552 6.6006298940628794 0.4710997154470532
leaf_count=33 323 126 33 13 355 12
internal_value=0.000766028 0.00366038 0.00597266 0.00767225 0.00930848 -0.00696028
internal_weight=14.4625 10.904 9.22212 8.32956 6.95003 3.5585
internal_count=895 560 434 401 368 335
is_linear=0
shrinkage=0.02


Tree=694
num_leaves=7
num_cat=0
split_feature=46 18 42 42 44 6
split_gain=1.16027 0.612859 0.621324 0.200214 0.13873 0.120512
threshold=0.00072863773870476833 -0.0091989236114220479 0.015427374265088546 0.041848776506886766 0.047697349166152515 297.22728192673554
decision_type=2 2 2 2 2 2
left_child=3 2 4 5 -2 -1
right_child=1 -3 -4 -5 -6 -7
leaf_value=0.0099327422170750676 -0.002226774636729191 -0.010102030976181436 -0.0063610255790979668 -0.0024001726055317236 0.0081428716880772543 -0.0014279694490726099
leaf_weight=2.7429148824885496 0.18561334814876396 3.5728821938391775 1.7550294885877518 0.29081272706389416 1.8433744790963826 0.15861888416111458
leaf_count=220 3 308 261 8 91 4
internal_value=-0.000933594 -0.00517023 0.000624648 0.00773428 0.00677228 0.00910486
internal_weight=10.5492 7.3569 3.78402 3.19235 2.02899 2.90153
internal_count=895 663 355 232 94 224
is_linear=0
shrinkage=0.02


Tree=695
num_leaves=7
num_cat=0
split_feature=41 51 28 3 47 47
split_gain=1.21652 0.465004 0.298217 0.219892 0.186983 0.151909
threshold=-0.0013483051659850872 0.0040407287782345406 0.11290454205342343 0.16024691358024692 0.063066408521154749 -0.031128159869344061
decision_type=2 2 2 2 2 2
left_child=1 4 5 -3 -1 -2
right_child=2 3 -4 -5 -6 -7
leaf_value=-0.0097901953017391734 -0.0012978969759368691 0.0057873982324761642 -0.0024296079205732403 -0.0044614633143344644 0.0020687661586810437 0.010070547524723878
leaf_weight=3.8164081953000277 0.29070009477436576 1.1828431976027785 0.67439651582390059 0.45896044163964678 0.24871468660421658 3.2825198960490525
leaf_count=573 9 58 22 45 11 177
internal_value=-9.69823e-05 -0.00573234 0.007124 0.00231807 -0.00879945 0.0090641
internal_weight=9.95454 5.70693 4.24762 1.6418 4.06512 3.57322
internal_count=895 687 208 103 584 186
is_linear=0
shrinkage=0.02


Tree=696
num_leaves=7
num_cat=0
split_feature=28 44 5 22 43 15
split_gain=0.786495 0.521747 0.401797 0.284086 0.271846 0.266984
threshold=0.14042933558932616 0.07407757091967207 0.17416582406471184 0.041876036722051202 -0.00023269698190937183 0.043369965740664443
decision_type=2 2 2 10 2 2
left_child=1 3 4 -1 -3 -2
right_child=5 2 -4 -5 -6 -7
leaf_value=-0.0012278610819409534 0.0096212769627501919 -0.004383165108297179 -0.0090453208430233099 0.0073291159871243508 0.0063986265366101063 -0.0027215235850645116
leaf_weight=3.3008636678569001 2.8782963207922889 0.88853486045263708 3.7510580630041659 1.5857867826707659 0.90249923709779956 0.39811168238520611
leaf_count=96 297 74 343 31 16 28
internal_value=0.000550869 -0.00222322 -0.00597351 0.00232232 0.00139576 0.00783582
internal_weight=13.7052 10.4287 5.54209 4.88665 1.79103 3.27641
internal_count=885 560 433 127 90 325
is_linear=0
shrinkage=0.02


Tree=697
num_leaves=7
num_cat=0
split_feature=42 17 15 47 16 70
split_gain=1.24145 0.487505 0.405858 0.316971 0.143078 0.0928856
threshold=-1.0000000180025095e-35 0.085006021678040958 0.070516206618957314 0.020112880581250468 -0.067410353136929294 -84.495378586043969
decision_type=2 2 2 2 2 2
left_child=1 -1 4 5 -2 -3
right_child=2 3 -4 -5 -6 -7
leaf_value=-0.0041028054366709149 0.0011464610921898626 -0.00079015085657983103 0.0039495712656411851 -0.0029021455982545319 -0.01001211633807127 0.010664243819702339
leaf_weight=0.95841954136267293 0.29574826941825438 0.16111730830743942 0.56776198651641596 0.43634673487395037 3.8198376384098083 3.5906450254842639
leaf_count=28 24 5 25 18 507 278
internal_value=-0.00043809 0.00583009 -0.00714003 0.00845584 -0.00914289 0.0101096
internal_weight=9.82988 5.14653 4.68335 4.18811 4.11559 3.75176
internal_count=885 329 556 301 531 283
is_linear=0
shrinkage=0.02


Tree=698
num_leaves=7
num_cat=0
split_feature=38 45 47 20 53 20
split_gain=1.04613 0.57243 0.375517 0.191473 0.151735 0.09754
threshold=0.060501921201270674 0.010682403593812369 -0.017096219207920742 0.092358464888138564 0.019345363279596853 0.1177953114020303
decision_type=2 2 2 10 2 10
left_child=1 2 -1 -4 -3 -2
right_child=5 4 3 -5 -6 -7
leaf_value=-0.005266585920772531 0.0091671423539794669 -0.010456450784115816 0.0079367313635654666 -0.002583541815766712 0.00028259204958955227 -0.0010604181610535449
leaf_weight=1.1214043613290416 2.5728196008130912 2.9922034335322683 1.6771140107885005 0.39457437326200295 0.54667358601000149 0.20097070839256037
leaf_count=106 170 486 36 36 44 7
internal_value=-0.000319458 -0.00450534 0.0015435 0.00574427 -0.00910075 0.00834148
internal_weight=9.50576 6.73197 3.19309 2.07169 3.53888 2.77379
internal_count=885 708 178 72 530 177
is_linear=0
shrinkage=0.02


Tree=699
num_leaves=7
num_cat=0
split_feature=14 44 70 20 61 46
split_gain=0.718737 0.976757 0.416805 0.324667 0.197209 0.192972
threshold=-0.025957329147263699 0.082792401536174842 70.200814697813627 0.080241768287344153 0.18068117580553988 -0.0052076279289635227
decision_type=2 2 2 8 2 2
left_child=4 2 3 -2 -1 -4
right_child=1 -3 5 -5 -6 -7
leaf_value=-0.0023562271223708064 -0.0073684267631331651 -0.0082874056428369498 -0.0021346386236152791 0.0039688175179650436 0.0082837199424885231 0.0082479194313826582
leaf_weight=0.37493364326655987 1.3160848119296114 4.4881363485474139 0.4393532853573564 0.95077535789459977 3.5652070054784417 3.0709384689107537
leaf_count=22 61 415 22 20 307 49
internal_value=0.000675777 -0.00215723 0.0031253 -0.002854 0.00699924 0.00676326
internal_weight=14.2054 10.2653 5.77715 2.26686 3.94014 3.51029
internal_count=896 567 152 81 329 71
is_linear=0
shrinkage=0.02


Tree=700
num_leaves=7
num_cat=0
split_feature=46 14 16 12 45 46
split_gain=1.2076 0.665045 0.323653 0.153408 0.148271 0.132271
threshold=0.00072863773870476833 0.075078895687720082 -0.046159111473138191 214.03846153846158 0.064717412725906628 0.070055193256859591
decision_type=2 2 2 2 2 2
left_child=3 2 -2 -1 -4 -3
right_child=1 5 4 -5 -6 -7
leaf_value=0.0092477925782907949 0.0012911362805560348 0.0070354314005561074 -0.011002836602340568 -0.001912552285328036 -0.0011732874918261738 -0.0025074254425872912
leaf_weight=2.8469179733656351 1.0739062773063777 1.1260574837215243 4.0206084069795907 0.21627832110971201 0.9939910196699201 0.22613137937150884
leaf_count=219 85 75 346 6 144 21
internal_value=-0.000849292 -0.00509667 -0.00774532 0.00818304 -0.00957345 0.00505202
internal_weight=10.5039 7.44069 6.08851 3.0632 5.0146 1.35219
internal_count=896 671 575 225 490 96
is_linear=0
shrinkage=0.02


Tree=701
num_leaves=7
num_cat=0
split_feature=50 28 38 65 28 51
split_gain=1.1319 0.660254 0.255224 0.252167 0.185603 0.116554
threshold=0.012895622244921684 0.12361181016951613 0.002484236894325875 0.11866162641228604 -0.011830540826103171 -0.0074052089503264112
decision_type=2 2 2 2 2 2
left_child=3 2 -2 -1 -5 -4
right_child=1 -3 5 4 -6 -7
leaf_value=0.0022952072030347935 -0.0017446732972931237 -0.0062298400630198579 -0.00029336254990458723 0.0019973512497678627 -0.010250184680929083 0.010434066769421648
leaf_weight=0.51908042537979815 0.61261025548446912 0.85957448813132931 0.38378687016665924 0.23155097803101021 3.0724897915497418 3.8012246247380972
leaf_count=16 31 217 10 11 408 203
internal_value=-4.82152e-05 0.00530133 0.00808553 -0.00742203 -0.00912722 0.00958346
internal_weight=9.48032 5.6572 4.79762 3.82312 3.30404 4.18501
internal_count=896 461 244 435 419 213
is_linear=0
shrinkage=0.02


Tree=702
num_leaves=7
num_cat=0
split_feature=20 44 37 41 41 74
split_gain=0.704352 0.623712 0.403602 0.335417 0.275017 0.378419
threshold=0.11718930288527453 0.076329722014115683 -0.00031055146315158913 -0.0083249584901778969 -0.0093764274764720282 0.016750000000000004
decision_type=10 2 2 2 2 2
left_child=1 2 3 -1 5 -3
right_child=-2 4 -4 -5 -6 -7
leaf_value=0.0040321442577320949 0.0069783086171208457 0.0065266998303725125 0.0089793966844286012 -0.0056739459160200147 -0.0097069644521049145 -0.0055387698462916468
leaf_weight=1.7537145605310795 3.7098806388676175 0.78344519250094835 1.3957264171913246 2.009396781213582 2.9785334186162808 1.5078349369578061
leaf_count=42 351 9 15 76 249 155
internal_value=0.000497909 -0.00221631 0.00252327 -0.00125376 -0.0065185 -0.000683718
internal_weight=14.1385 10.4287 5.15884 3.76311 5.26981 2.29128
internal_count=897 546 133 118 413 164
is_linear=0
shrinkage=0.02


Tree=703
num_leaves=7
num_cat=0
split_feature=47 45 46 15 41 16
split_gain=1.18467 0.397166 0.361012 0.187349 0.18237 0.187521
threshold=-0.033128486122741649 0.085607625865594103 0.068066758698136762 0.086732737633877649 -0.0011903653880699369 0.069099267222713159
decision_type=2 2 2 2 2 2
left_child=2 3 4 -2 5 -1
right_child=1 -3 -4 -5 -6 -7
leaf_value=0.0096483023567688325 -0.0095696151337419048 0.0027332569959194171 -0.004320803270145326 0.0022225926531016012 -0.0019703124815590436 -0.0021367952856991084
leaf_weight=3.894469840452075 4.3257910422980785 1.0485103887040166 0.56231788685545314 0.22883211448788632 0.36294826120138157 0.24580059479922045
leaf_count=272 418 112 56 17 11 11
internal_value=-0.00064361 -0.00645685 0.00579098 -0.00868368 0.00760934 0.00866906
internal_weight=10.6687 5.60313 5.06554 4.55462 4.50322 4.14027
internal_count=897 547 350 435 294 283
is_linear=0
shrinkage=0.02


Tree=704
num_leaves=7
num_cat=0
split_feature=47 28 74 52 55 28
split_gain=0.855894 0.586624 0.362248 0.19927 0.189635 0.136007
threshold=-0.017096219207920742 0.12361181016951613 0.02016666666666667 0.006779358576421677 0.24127082739710673 -0.014787535095022194
decision_type=2 2 2 2 2 2
left_child=5 2 4 -4 -2 -1
right_child=1 -3 3 -5 -6 -7
leaf_value=0.001874229938755276 -0.0050798967993173072 -0.0065296943470738765 -0.0019718895702861275 0.010135004626530018 0.0041515893518050597 -0.0089848392023945678
leaf_weight=0.17992020072415504 0.97102127270773031 0.94042164762504388 0.28507477184757624 3.6697255652397871 0.66287631168961525 2.4784459749935195
leaf_count=6 19 200 15 192 13 452
internal_value=-2.70299e-06 0.00385361 0.00632669 0.00904046 -0.00118038 -0.00793847
internal_weight=9.18749 6.52912 5.5887 3.9548 1.6339 2.65837
internal_count=897 439 239 207 32 458
is_linear=0
shrinkage=0.02


Tree=705
num_leaves=7
num_cat=0
split_feature=42 44 23 42 39 75
split_gain=0.685655 0.670423 0.497207 0.337724 0.349417 0.233357
threshold=0.069401674208035766 0.077017442196986835 114.85995641025642 0.029697077460477107 -0.0074109369742668399 0.21383333333333335
decision_type=2 2 8 2 2 2
left_child=1 2 5 -3 -5 -1
right_child=-2 3 -4 4 -6 -7
leaf_value=0.0030889705981064991 0.0086366922492487671 -0.00892503621214631 0.0065661009608116005 0.0053126735032094632 -0.006264691831927318 -0.007373491726490493
leaf_weight=0.65742748277261664 2.4348075028974572 3.5764243081212044 4.0242452514357865 1.4053929625079038 0.84329317184165109 1.2891421625390647
leaf_count=13 264 341 111 44 65 44
internal_value=0.000740772 -0.00143662 0.00304562 -0.00580406 0.000379047 -0.00399082
internal_weight=14.2307 11.7959 5.97081 5.82511 2.24869 1.94657
internal_count=882 618 168 450 109 57
is_linear=0
shrinkage=0.02


Tree=706
num_leaves=7
num_cat=0
split_feature=42 18 15 48 60 24
split_gain=0.9747 0.542952 0.360177 0.260388 0.215144 0.0770356
threshold=-1.0000000180025095e-35 -0.015110818462147622 0.070516206618957314 0.0069253703380776225 0.18677325581395351 0.81666666666666676
decision_type=2 2 2 2 2 10
left_child=1 5 4 -3 -2 -1
right_child=2 3 -4 -5 -6 -7
leaf_value=0.0099295012571928732 0.0027412128989293648 0.0035331801479718634 0.0039846523278792229 -0.0065038633861217521 -0.0093279363177279622 -6.7404400390917341e-05
leaf_weight=2.8589775487780575 0.22697189380414773 1.0584183596074583 0.53926601354032744 1.2315818902570752 4.0815942455083132 0.32051855744794
leaf_count=243 3 34 25 38 530 9
internal_value=-0.000611132 0.0047898 -0.00648171 -0.00220095 -0.00829554 0.00914673
internal_weight=10.3173 5.4695 4.84783 2.29 4.30857 3.1795
internal_count=882 324 558 72 533 252
is_linear=0
shrinkage=0.02


Tree=707
num_leaves=7
num_cat=0
split_feature=50 28 38 38 38 65
split_gain=1.05342 0.648251 0.238189 0.185207 0.151768 0.126069
threshold=0.012895622244921684 0.08854319761516552 0.069631348789745376 0.002484236894325875 0.083682094954851932 0.11509363937421492
decision_type=2 2 2 2 2 2
left_child=2 3 -1 -2 5 -3
right_child=1 4 -4 -5 -6 -7
leaf_value=-0.0091890775505658398 -0.0010034622472431989 0.0022021085606242284 0.002648672674524068 0.010019377964349707 0.0033244452793222551 -0.00741422377401494
leaf_weight=3.2915420387871568 0.5100194746628407 0.21579370042309154 0.35441327095031727 3.36666469136253 0.28174690902233113 1.3863087361678479
leaf_count=421 19 8 12 197 2 223
internal_value=-0.000419557 0.0046567 -0.00771594 0.00866081 -0.00372912 -0.00577046
internal_weight=9.40649 5.76053 3.64596 3.87668 1.88385 1.6021
internal_count=882 449 433 216 233 231
is_linear=0
shrinkage=0.02


Tree=708
num_leaves=7
num_cat=0
split_feature=14 28 26 55 30 34
split_gain=0.801875 0.572797 0.454989 0.27921 0.258379 0.246311
threshold=0.037088223916494946 -0.0079201708901896258 0.052494992522541174 0.19432525498413092 0.098313135061013732 -0.010333275169310872
decision_type=2 2 2 2 2 2
left_child=1 -1 3 -3 5 -5
right_child=-2 2 -4 4 -6 -7
leaf_value=-0.0063815679643658878 -0.0055341058841605825 -0.0018357247348698511 -0.0051248818802684306 -0.0019799381396514415 -0.0020815479582652397 0.010060348109126023
leaf_weight=0.87336034700274368 3.3395306323654959 0.85046213585883101 0.62105648778379041 0.41690732538699737 0.52623667987063516 7.2214079280383903
leaf_count=82 318 59 22 20 52 345
internal_value=0.00195656 0.00461085 0.00611346 0.0073221 0.00837225 0.00925005
internal_weight=13.849 10.5094 9.63607 9.01501 8.16455 7.63832
internal_count=898 580 498 476 417 365
is_linear=0
shrinkage=0.02


Tree=709
num_leaves=7
num_cat=0
split_feature=15 46 46 16 7 50
split_gain=1.159 0.465084 0.30875 0.191566 0.138542 0.114829
threshold=0.039504830860242299 1.0000000180025095e-35 0.07339097965290084 -0.046159111473138191 222.09781122165853 0.0061653258800265518
decision_type=2 2 2 2 2 2
left_child=1 4 -2 5 -1 -3
right_child=2 3 -4 -5 -6 -7
leaf_value=0.0061005763332803867 0.0093796160102045945 0.0041275561978319939 -0.0036156914275559176 -0.0094197698393375818 -0.0026919193986392554 -0.0038883215309227261
leaf_weight=0.80931751010939457 2.5314296698197727 0.46008338197134424 0.35560205974616099 5.0862942503299564 0.45298395399004221 0.40412806114181876
leaf_count=45 223 16 17 517 16 64
internal_value=-0.0019294 -0.00604398 0.00726056 -0.00816698 0.00315014 0.000304083
internal_weight=10.0998 7.21281 2.88703 5.95051 1.2623 0.864211
internal_count=898 658 240 597 61 80
is_linear=0
shrinkage=0.02


Tree=710
num_leaves=7
num_cat=0
split_feature=41 53 60 28 39 47
split_gain=0.887716 0.346186 0.2905 0.276949 0.175799 0.172938
threshold=-0.0013483051659850872 0.018549172001257941 0.39052425007008701 0.11290454205342343 0.040390242592380228 -0.017096219207920742
decision_type=2 2 2 2 2 2
left_child=1 2 4 5 -1 -2
right_child=3 -3 -4 -5 -6 -7
leaf_value=-0.010018530661951654 -0.0014200180970205113 0.0029445872529988201 0.0021624516294984036 -0.0038181900522404684 0.0021226708075401451 0.0094830617435453304
leaf_weight=3.7795796366408472 0.40938454563729543 1.0990929197287185 0.70521371020004142 0.34732031635940064 0.18386343773454417 2.6920438660308719
leaf_count=564 15 79 51 17 7 165
internal_value=-0.000747497 -0.00524591 -0.00735341 0.00626383 -0.00914112 0.00804854
internal_weight=9.2165 5.76775 4.66866 3.44875 3.96344 3.10143
internal_count=898 701 622 197 571 180
is_linear=0
shrinkage=0.02


Tree=711
num_leaves=7
num_cat=0
split_feature=14 38 27 70 55 35
split_gain=0.692737 0.538844 0.614461 0.480419 0.205635 0.199403
threshold=0.033466373987978242 0.073437528073747524 -0.051959979866161847 74.017586794837896 0.18301520431337878 -0.050793496041081347
decision_type=2 2 2 2 2 2
left_child=1 2 4 5 -1 -4
right_child=-2 -3 3 -5 -6 -7
leaf_value=-0.0013505903400421457 -0.0068892238678482862 -0.0068843618240747341 0.0021923393049013045 0.0052821237616274153 0.0094646409837879572 -0.0088893540004022342
leaf_weight=0.54222784889861753 3.3532389900647113 1.1258768464904267 0.41316713253036175 1.4034468238241968 4.5392560926266015 1.692782514728606
leaf_count=32 349 102 13 28 325 53
internal_value=-0.00017237 0.00257216 0.00440007 -0.00180593 0.00827827 -0.00670937
internal_weight=13.07 9.71676 8.59088 3.5094 5.08148 2.10595
internal_count=902 553 451 94 357 66
is_linear=0
shrinkage=0.02


Tree=712
num_leaves=7
num_cat=0
split_feature=46 45 30 46 47 45
split_gain=1.08876 0.419715 0.259205 0.248363 0.141035 0.104556
threshold=0.032703867146465747 0.010682403593812369 -0.0082992410975778145 -0.0052076279289635227 -0.078822181369726671 0.119855127834925
decision_type=2 2 2 2 2 2
left_child=1 3 -2 -1 -5 -4
right_child=2 -3 5 4 -6 -7
leaf_value=0.004625884157956517 0.0010498382751825464 0.0093930544577791701 -0.0099242823661458753 0.0027561142104369357 -0.0068483474822072224 0.00098206634695464034
leaf_weight=0.98057014215737615 1.0265392626170067 2.7767166739795357 3.1916637851390992 0.2246609339490534 1.2760617642197754 0.19859508262015868
leaf_count=45 61 254 476 5 41 20
internal_value=-0.000549872 0.00518133 -0.0070696 -0.000876131 -0.00488337 -0.00920724
internal_weight=9.67481 5.25801 4.4168 2.48129 1.50072 3.39026
internal_count=902 345 557 91 46 496
is_linear=0
shrinkage=0.02


Tree=713
num_leaves=7
num_cat=0
split_feature=40 51 51 71 33 20
split_gain=1.18902 0.351214 0.244146 0.200726 0.22367 0.134089
threshold=0.020335502331026826 -0.0074052089503264112 0.0084140614969912333 43.286761823882948 -0.043377570781523593 0.13251124784562388
decision_type=2 2 2 2 2 10
left_child=2 -2 -1 4 -3 -6
right_child=1 3 -4 -5 5 -7
leaf_value=-0.0093213697601502426 -0.003817403565050774 -0.0024187082710636024 0.0019584243574519776 -0.0018393310653895475 0.01066540094416301 -0.0011243525298980637
leaf_weight=2.7712927230168138 0.6320070446236058 0.27136973664164443 0.58142617507837702 0.44613739056512702 4.0342503242427492 0.22358242981135834
leaf_count=563 39 9 45 17 208 21
internal_value=0.000832828 0.00610707 -0.00736471 0.00779563 0.00890571 0.00995021
internal_weight=8.96007 5.60735 3.35272 4.97534 4.5292 4.25783
internal_count=902 294 608 255 238 229
is_linear=0
shrinkage=0.02


Tree=714
num_leaves=7
num_cat=0
split_feature=28 44 36 32 15 32
split_gain=0.721026 0.467345 0.452175 0.354435 0.282446 0.281487
threshold=0.14042933558932616 0.077017442196986835 0.012951512886963175 -0.011767505294349131 0.043369965740664443 0.11824779132302046
decision_type=2 2 2 2 2 2
left_child=1 2 -1 -3 -2 -5
right_child=4 3 -4 5 -6 -7
leaf_value=-0.003418110516120149 0.0097308929038584478 0.0037649106253216341 0.0069541427099806801 -0.0092652777494773176 -0.0027831807151952946 0.0033224164139340007
leaf_weight=2.2973038274794799 2.9515361231751753 0.6978809661231925 2.6176684866659343 3.7019924125634143 0.42067902209237207 0.32036168104968954
leaf_count=82 316 18 56 387 30 7
internal_value=0.00111363 -0.00177701 0.00234781 -0.0057316 0.00789027 -0.00780082
internal_weight=13.0074 9.63521 4.91497 4.72024 3.37222 4.02235
internal_count=896 550 138 412 346 394
is_linear=0
shrinkage=0.02


Tree=715
num_leaves=7
num_cat=0
split_feature=47 16 45 30 52 23
split_gain=0.977341 0.364104 0.328415 0.185955 0.0901885 0.0740065
threshold=-0.033128486122741649 0.023798810576785876 0.058930575209988019 0.0024541459867622119 0.0063669295341348036 130.29901139846746
decision_type=2 2 2 2 2 10
left_child=1 -1 4 -4 -2 -3
right_child=2 5 3 -5 -6 -7
leaf_value=0.0088453711191434758 -0.00070913371090265665 0.0020696585769651448 0.0053491181473337632 -0.0038312064988837132 -0.0097453585430675588 -0.004490819195354807
leaf_weight=2.9592019997071475 0.68233383889310095 0.38487437623552956 0.84854111494496443 0.73843550169840455 3.0281897659879178 0.76164647215045989
leaf_count=239 24 30 66 146 328 63
internal_value=-0.000696496 0.00587098 -0.0059105 0.0012477 -0.00858698 -0.00235032
internal_weight=9.40322 4.10572 5.2975 1.58698 3.71052 1.14652
internal_count=896 332 564 212 352 93
is_linear=0
shrinkage=0.02


Tree=716
num_leaves=7
num_cat=0
split_feature=41 51 28 66 26 47
split_gain=1.09624 0.325883 0.261943 0.170138 0.121777 0.116697
threshold=-0.0011903653880699369 0.012159398217531167 0.11290454205342343 0.18890487322424027 -0.045682090862550255 0.049179425362318695
decision_type=2 2 2 2 2 2
left_child=1 3 -2 5 -3 -1
right_child=2 4 -4 -5 -6 -7
leaf_value=-0.0099302678786583314 0.0087696028702371476 -0.0031572859412989742 -0.0023173359632956228 0.0021749595978182794 0.0054083138480748227 0.0008544117594794649
leaf_weight=3.7550972331082448 2.8896804596297447 0.28373851859942079 0.63574908371083427 0.21315892343409348 0.64039807766675938 0.27396489633247245
leaf_count=618 181 18 22 6 27 24
internal_value=-0.000861894 -0.00627172 0.0067 -0.00829655 0.00250432 -0.00917286
internal_weight=8.69179 5.16636 3.52543 4.24222 0.924137 4.02906
internal_count=896 693 203 648 45 642
is_linear=0
shrinkage=0.02


Tree=717
num_leaves=7
num_cat=0
split_feature=42 39 45 35 51 46
split_gain=0.780895 0.511612 0.466994 0.405295 0.298135 0.382067
threshold=0.03402507614413363 0.013887485804710614 0.033932993915084732 -0.020357793855483166 -8.1444760368108241e-05 0.002138375346397423
decision_type=2 2 2 2 2 2
left_child=2 -2 3 -1 5 -5
right_child=1 -3 -4 4 -6 -7
leaf_value=-0.0052006759706287424 0.0091759731825343492 -0.0045192015500109626 -0.0077523394151646843 -0.0041070340432014353 -0.0033869907577050934 0.0097748612406309398
leaf_weight=1.7274812348186968 4.1370536854956308 0.73227657563984383 3.0548216125462204 0.42567343218252141 0.81554471910930981 2.3798911883495748
leaf_count=104 337 77 301 20 33 28
internal_value=0.00103157 0.00669735 -0.00261455 0.00107877 0.0045516 0.00714288
internal_weight=13.2727 4.86933 8.40341 5.34859 3.62111 2.80556
internal_count=900 414 486 185 81 48
is_linear=0
shrinkage=0.02


Tree=718
num_leaves=7
num_cat=0
split_feature=48 16 15 50 40 42
split_gain=1.06188 0.447983 0.326007 0.273224 0.173121 0.146458
threshold=0.010390275113362024 -0.047228743607775646 0.070516206618957314 0.012635503692677257 0.056825085432200516 0.013201836162079865
decision_type=2 2 2 2 2 2
left_child=3 5 -3 4 -1 -2
right_child=1 2 -4 -5 -6 -7
leaf_value=0.0096081151189637906 0.006096093090096605 -0.0097852893368934879 0.002821479028846329 -0.0023262188862865118 -0.0022387869870450299 -0.0028899820877110261
leaf_weight=3.1983373260591184 0.8763957619667051 3.9706729496829212 0.52500834641978134 0.69786094734445203 0.18269191845320154 0.43142118607647717
leaf_count=251 39 472 34 38 3 63
internal_value=-0.000302698 -0.00544349 -0.00806755 0.00664332 0.00860307 0.00316399
internal_weight=9.88239 5.8035 4.49568 4.07889 3.38103 1.30782
internal_count=900 608 506 292 254 102
is_linear=0
shrinkage=0.02


Tree=719
num_leaves=7
num_cat=0
split_feature=51 28 28 66 38 71
split_gain=1.04557 0.38979 0.342942 0.218534 0.201058 0.150319
threshold=0.0004980613279487188 0.085837477833543452 -0.011830540826103171 0.18890487322424027 0.068259426444936031 43.286761823882948
decision_type=2 2 2 2 2 2
left_child=2 5 -1 4 -4 -2
right_child=1 -3 3 -5 -6 -7
leaf_value=0.0039232008171360229 0.0097877252713369969 -0.0034755003547661178 -0.010680812114886161 0.0025797694480726935 0.0012473204339744023 -0.0013665995232492744
leaf_weight=0.47456272644922126 2.7148613603785643 0.83218561927787948 3.7245373139157891 0.26214145380072285 0.42065509036183346 0.29713727300986637
leaf_count=21 183 92 571 7 16 10
internal_value=-0.00117511 0.00582546 -0.00674083 -0.00840226 -0.00946318 0.00862098
internal_weight=8.72608 3.84418 4.8819 4.40733 4.14519 3.012
internal_count=900 285 615 594 587 193
is_linear=0
shrinkage=0.02


Tree=720
num_leaves=7
num_cat=0
split_feature=10 19 38 14 14 35
split_gain=0.664558 0.454025 0.41146 0.381097 0.25095 0.250284
threshold=1.3823403984168749 -0.0069035704040154014 0.076388500640897958 -0.024657253961934047 0.032346594438766078 0.010390230080225398
decision_type=2 2 2 2 2 2
left_child=1 3 4 -1 -2 -5
right_child=2 -3 -4 5 -6 -7
leaf_value=0.0034711069187896211 0.0099261304051757853 0.0058785480021413331 -0.0046345128839793996 -0.0078244947732803074 -0.0011117434397446601 0.0030571434850554264
leaf_weight=1.2158302753232408 3.3663869651500145 1.1280895504169155 0.58645906602032472 5.3743600868619978 0.78484732215292741 0.43849620595574368
leaf_count=56 287 23 35 428 39 13
internal_value=0.000628133 -0.00276047 0.00592652 -0.00470651 0.00802857 -0.00667539
internal_weight=12.8945 8.15678 4.73769 7.02869 4.15123 5.81286
internal_count=881 520 361 497 326 441
is_linear=0
shrinkage=0.02


Tree=721
num_leaves=7
num_cat=0
split_feature=18 2 47 50 2 75
split_gain=1.15793 0.670728 0.217932 0.111462 0.0860972 0.0778681
threshold=-0.0091989236114220479 0.39241552839683685 -0.056667341851279932 -4.8717398196617845e-05 0.16557017543859651 0.35033333333333339
decision_type=2 2 2 2 2 2
left_child=1 5 -2 -3 -4 -1
right_child=2 3 4 -5 -6 -7
leaf_value=0.0098309858180758158 0.0012029119083588572 0.0018556374667114204 0.0011632651929825697 -0.0062477115494750293 -0.0098041682046069376 -0.00072867244717368673
leaf_weight=3.2207394849974667 0.68968020938336838 0.45526608498767029 0.093963259831071233 1.1195915078278627 3.5952654882567003 0.15783440368250001
leaf_count=269 30 26 5 242 301 8
internal_value=-0.00112651 0.00505728 -0.00776136 -0.00409427 -0.00933633 0.00928392
internal_weight=9.33234 4.95343 4.37891 1.57486 3.68923 3.37857
internal_count=881 545 336 268 306 277
is_linear=0
shrinkage=0.02


Tree=722
num_leaves=7
num_cat=0
split_feature=40 50 28 54 38 43
split_gain=0.931028 0.55416 0.450958 0.165143 0.151907 0.123336
threshold=0.010061858577998512 0.0079147402953547753 0.08854319761516552 0.46420563741191551 0.069631348789745376 0.013290478925923829
decision_type=2 2 2 2 2 2
left_child=5 4 -3 -4 -2 -1
right_child=1 2 3 -5 -6 -7
leaf_value=-0.0093771449577068119 -0.0073050611569931232 0.0098369556007458902 -0.0055108000393919747 0.0036210383453349382 0.0027485891320340613 0.0014613159031175731
leaf_weight=2.2520089738536631 1.0275250748964024 3.8543286873027682 0.84178771974984534 0.49881757260300219 0.24898711405694474 0.20118728384841222
leaf_count=478 93 213 49 26 7 15
internal_value=0.000293399 0.00423628 0.0069459 -0.00201762 -0.0049981 -0.00832251
internal_weight=8.92464 6.47145 5.19493 1.34061 1.27651 2.4532
internal_count=881 388 288 75 100 493
is_linear=0
shrinkage=0.02


Tree=723
num_leaves=7
num_cat=0
split_feature=42 28 74 66 42 65
split_gain=0.721987 0.745248 0.558958 0.303959 0.291804 0.278389
threshold=-0.00025105221323870933 0.085837477833543452 0.02016666666666667 0.14959823157351235 0.016002451650432133 0.16102471762972667
decision_type=2 2 2 2 2 2
left_child=3 2 5 -1 -3 -2
right_child=1 4 -4 -5 -6 -7
leaf_value=-0.0094614543621777455 -0.0041226905198278119 -0.0019215479386821411 -0.0066262261359498718 0.0021981480295531911 0.0097775066087629325 0.0076362248405181434
leaf_weight=2.2050852233078344 0.41556233074515914 0.66664398834109295 3.0192959369160235 0.79441080568358291 4.3179947473108768 1.6984128626063464
leaf_count=206 17 39 244 27 347 22
internal_value=0.000747361 0.00332177 -0.0019342 -0.00659593 0.00815324 0.00474306
internal_weight=13.1174 10.1179 5.13327 2.9995 4.98464 2.11398
internal_count=902 669 283 233 386 39
is_linear=0
shrinkage=0.02


Tree=724
num_leaves=7
num_cat=0
split_feature=47 45 46 42 69 46
split_gain=1.11571 0.637936 0.308877 0.277238 0.126461 0.081351
threshold=-0.043181039583134802 0.058930575209988019 0.084551863895899915 0.04273034083099924 0.56650891882053156 1.0000000180025095e-35
decision_type=2 2 2 2 2 2
left_child=3 5 -3 4 -1 -2
right_child=1 2 -4 -5 -6 -7
leaf_value=0.0097696397557174037 0.00051485190781311698 0.0070458485882498182 -0.0048069991451626538 -0.0032188819810161375 -0.0014750520036132561 -0.0098795027067755687
leaf_weight=2.9049550844356427 0.21842353651300062 1.3005216768942771 0.55706684931647021 0.38834213837981213 0.17837452748790372 3.9647364981938154
leaf_count=221 16 91 153 53 5 363
internal_value=-0.000737659 -0.00563825 0.00305303 0.0071434 0.00891719 -0.00934214
internal_weight=9.51242 6.04075 1.85759 3.47167 3.08333 4.18316
internal_count=902 623 244 279 226 379
is_linear=0
shrinkage=0.02


Tree=725
num_leaves=7
num_cat=0
split_feature=50 39 42 22 3 49
split_gain=0.831699 0.542817 0.265527 0.204572 0.15733 0.102478
threshold=0.009364992800828047 -0.010379005360254474 -4.0731261991970694e-05 0.045047961898367475 0.07185886402753873 0.018072329914003059
decision_type=2 2 2 10 2 2
left_child=5 2 -2 -3 -4 -1
right_child=1 3 4 -5 -6 -7
leaf_value=-0.0093529846827104229 0.0041185621174087226 0.0095761534548696441 0.0015215856970709483 -0.001117200653192635 -0.0080833110348345165 0.0010295287766269737
leaf_weight=2.2205849987221886 0.82316327339503947 2.9532604482956235 0.56274747196584973 0.63749713031575073 1.4552043233998118 0.22168344410601992
leaf_count=356 42 200 18 26 247 13
internal_value=-0.000283186 0.00350761 -0.00259287 0.00784786 -0.00578814 -0.00838526
internal_weight=8.87414 6.43187 2.84112 3.59076 2.01795 2.44227
internal_count=902 533 307 226 265 369
is_linear=0
shrinkage=0.02


Tree=726
num_leaves=7
num_cat=0
split_feature=14 44 54 31 23 9
split_gain=0.71228 0.501086 0.464149 0.243453 0.2165 0.209138
threshold=-0.028077456079759793 0.082792401536174842 0.35872876237493773 0.012172953639390327 118.8103888221154 5.1172915331807785
decision_type=2 2 2 2 8 2
left_child=3 2 5 -1 -4 -2
right_child=1 -3 4 -5 -6 -7
leaf_value=0.0088966188471680113 0.003749236200529154 -0.0068864189340542385 -0.0025567531133303075 -0.0022409847994497032 0.0079491628594807358 -0.00663854482474461
leaf_weight=2.9855297892354442 0.33924961835145806 4.1751923775300384 0.49322949815541539 0.54645076440647233 2.4924705743324012 1.811942448839545
leaf_count=297 3 408 29 27 59 74
internal_value=0.000480493 -0.00245733 0.00167811 0.0070592 0.00600758 -0.00433044
internal_weight=12.8441 9.31208 5.13689 3.53198 2.9857 2.15119
internal_count=897 573 165 324 88 77
is_linear=0
shrinkage=0.02


Tree=727
num_leaves=7
num_cat=0
split_feature=18 46 46 12 16 23
split_gain=1.02355 0.755994 0.350547 0.281824 0.125947 0.0796518
threshold=-0.0091989236114220479 0.066236817852183674 1.0000000180025095e-35 194.47955680399505 -0.057661772848525965 276.4772727272728
decision_type=2 2 2 2 2 10
left_child=1 3 5 -1 -4 -2
right_child=2 -3 4 -5 -6 -7
leaf_value=0.0098858201628985315 0.0048023500562153557 -0.0063044296520170483 0.00075848511403642314 -0.0028003709866525231 -0.010433465505810965 -0.0022808541013619797
leaf_weight=3.8031798866577446 0.53391816653311241 1.0880553807364775 0.30244394182227585 0.3765695187030359 3.090951643534936 0.31307833828032017
leaf_count=302 22 201 29 51 282 10
internal_value=-0.000652726 0.00486047 -0.00712226 0.00842289 -0.00949036 0.0023668
internal_weight=9.5082 5.2678 4.24039 4.17975 3.3934 0.846997
internal_count=897 554 343 353 311 32
is_linear=0
shrinkage=0.02


Tree=728
num_leaves=7
num_cat=0
split_feature=51 28 38 18 28 58
split_gain=0.865066 0.543068 0.308743 0.276574 0.247722 0.109596
threshold=0.0040407287782345406 -0.0067340594566934605 0.073437528073747524 0.095802610820299242 0.095936624139737747 11.625000000000002
decision_type=2 2 2 2 2 2
left_child=1 -1 3 5 -2 -3
right_child=4 2 -4 -5 -6 -7
leaf_value=0.00593157409987551 0.0091324260606487212 -0.01063004226545985 0.0030813425871649251 0.003032779276040419 -0.0030909206775451437 0.0012404243227798191
leaf_weight=0.84291844838298846 2.6377005472313617 3.702995895640925 0.54537688428536046 0.28788287797942747 0.2986858250806107 0.12384047452360381
leaf_count=35 169 596 19 5 69 4
internal_value=2.19291e-05 -0.00445945 -0.00705488 -0.00873814 0.00741972 -0.0100685
internal_weight=8.4394 5.50301 4.6601 4.11472 2.93639 3.82684
internal_count=897 659 624 605 238 600
is_linear=0
shrinkage=0.02


Tree=729
num_leaves=7
num_cat=0
split_feature=20 15 61 75 7 29
split_gain=0.941017 0.605041 0.354256 0.32797 0.236604 0.105601
threshold=0.086130680991322442 0.040300263115127022 0.20051546391752581 0.2121666666666667 670.57100558278864 -0.011186111376565526
decision_type=10 2 2 2 2 2
left_child=2 -2 3 5 -4 -1
right_child=1 -3 4 -5 -6 -7
leaf_value=-0.0013799150131485226 0.0091243533344823845 -0.0048254974146283028 -0.0084096713366142786 -0.0052236789125357291 0.0028335929052766304 0.0075135344091754545
leaf_weight=0.34676008671522129 3.7817679157014936 0.97430263645946968 4.5870683121029288 0.93219627742655564 0.37386512523517001 1.1991696001496168
leaf_count=19 342 92 350 77 7 15
internal_value=-0.00033474 0.0059248 -0.00456455 0.00131449 -0.00722914 0.00576022
internal_weight=12.1951 4.75607 7.43906 2.47813 4.96093 1.54593
internal_count=902 434 468 111 357 34
is_linear=0
shrinkage=0.02


Tree=730
num_leaves=7
num_cat=0
split_feature=30 1 36 46 42 47
split_gain=1.06227 0.493501 0.290294 0.279468 0.0878477 0.0828611
threshold=0.0065964947191711207 0.29384781435509993 0.027114763080545869 0.0066735948092799752 -1.0000000180025095e-35 -0.064735899014463513
decision_type=2 2 2 2 2 2
left_child=1 5 -3 -2 -4 -1
right_child=3 2 4 -5 -6 -7
leaf_value=0.0016526913943155472 0.0027766250901186391 0.0096611889331135997 0.0028728424684876198 -0.0093846006517346904 -0.0044590025159537902 -0.0061863970605905098
leaf_weight=0.27426558174192905 0.44995324686169658 3.5406141936546192 0.2701456961221993 3.215603684191592 0.50688719504978497 0.82468715170398332
leaf_count=6 31 291 22 497 20 35
internal_value=-0.000388866 0.00492709 0.00767209 -0.00761662 -0.00172776 -0.00437469
internal_weight=9.08216 5.4166 4.31765 3.66556 0.777033 1.09895
internal_count=902 374 333 528 42 41
is_linear=0
shrinkage=0.02


Tree=731
num_leaves=7
num_cat=0
split_feature=28 47 29 41 60 28
split_gain=1.04949 0.872136 0.10788 0.105056 0.0872624 0.0852578
threshold=0.062516793501303639 -0.017096219207920742 0.010906341313836098 -0.0040719382343400463 0.35275263951734548 0.11352590537522925
decision_type=2 2 2 2 2 2
left_child=1 4 -3 -2 -1 -5
right_child=3 2 -4 5 -6 -7
leaf_value=-0.0067252008349630568 -0.0087798780723116407 0.010846496455519663 -0.00079578533927196981 0.0032527529876869182 0.0014720821611801718 -0.0037321998014745116
leaf_weight=1.1230735154822467 2.2235206781188031 3.6580776767805223 0.20129273179918517 0.42006125207990397 0.28066415642388154 0.38107446441426873
leaf_count=122 473 216 12 16 25 38
internal_value=0.000897691 0.00593555 0.0102005 -0.0071652 -0.00515566 -0.000297222
internal_weight=8.28776 5.26311 3.85937 3.02466 1.40374 0.801136
internal_count=902 375 228 527 147 54
is_linear=0
shrinkage=0.02


Tree=732
num_leaves=7
num_cat=0
split_feature=28 19 38 7 14 33
split_gain=0.684515 0.447616 0.4742 0.311846 0.310673 0.259404
threshold=0.14373778746385865 -0.094898654262802681 0.066385877602505625 64.505864503205146 0.03606814114871678 -1.0000000180025095e-35
decision_type=2 2 2 2 2 2
left_child=1 -1 3 5 -5 -3
right_child=-2 2 -4 4 -6 -7
leaf_value=-0.0076391767025087197 0.0073708117882180712 -0.0069461147227670422 -0.0073561765732445905 0.0086595909888874667 -0.0032893244193415694 0.0041160590479164851
leaf_weight=3.2192394433077416 2.7369028339162478 0.97100116964429617 1.1873624692670999 2.8444459245074545 0.550879576941952 0.62543548131361493
leaf_count=308 306 31 141 54 40 13
internal_value=3.13232e-05 -0.00260931 0.000710246 0.00353645 0.00641363 -0.00269616
internal_weight=12.1353 9.39836 6.17912 4.99176 3.39533 1.59644
internal_count=893 587 279 138 94 44
is_linear=0
shrinkage=0.02


Tree=733
num_leaves=7
num_cat=0
split_feature=30 44 46 46 42 41
split_gain=1.07318 0.491983 0.263777 0.25291 0.127884 0.0722562
threshold=0.0078759962504703507 0.041876336578416794 -0.0052076279289635227 0.064880436125691818 0.066252171373528443 0.004995613885987499
decision_type=2 2 2 2 2 2
left_child=1 -1 -2 4 5 -3
right_child=2 3 -4 -5 -6 -7
leaf_value=-0.004431467795904245 0.0029422720258963659 0.010420009421211842 -0.0092858138795612628 -0.0023961853316906566 -0.0016182116983074154 -0.00066061785436435482
leaf_weight=1.0233935422729699 0.36244136421009931 3.5146742176730195 3.1754320173058659 0.45448669977486122 0.13696998800151039 0.12723803566768754
leaf_count=25 24 288 485 43 21 7
internal_value=-0.000281482 0.00511552 -0.00766077 0.00782922 0.0093031 0.00997397
internal_weight=8.79464 5.25676 3.53787 4.23337 3.77888 3.64191
internal_count=893 384 509 359 316 295
is_linear=0
shrinkage=0.02


Tree=734
num_leaves=7
num_cat=0
split_feature=31 52 6 40 47 40
split_gain=1.06081 0.436786 0.336632 0.0995515 0.0940892 0.0777623
threshold=-0.02383527084458293 0.023911872906617598 55.776776246023339 0.07761500817231963 -0.01284433322148811 0.0013709305449042272
decision_type=2 2 2 2 2 2
left_child=3 2 4 -1 -2 -3
right_child=1 5 -4 -5 -6 -7
leaf_value=-0.0093890562550410558 -0.0016915333764715252 -0.00044356419669519444 -0.0064548648736883485 0.0014039834613606972 0.006454148858950153 0.0095477557697428508
leaf_weight=2.4183301884913821 0.31876073055900633 0.2446257981937382 1.2575735587161032 0.11568649671971787 0.92064390424639009 2.962510091601871
leaf_count=523 36 35 59 7 28 205
internal_value=0.000253902 0.00490357 -0.00126021 -0.00863847 0.00453933 0.00886137
internal_weight=8.23813 5.70411 2.49698 2.53402 1.2394 3.20714
internal_count=893 363 123 530 64 240
is_linear=0
shrinkage=0.02


Tree=735
num_leaves=7
num_cat=0
split_feature=42 44 70 20 42 38
split_gain=0.658438 0.656719 0.423638 0.313275 0.260453 0.312162
threshold=0.069401674208035766 0.077017442196986835 56.693240454076381 0.083815934912977827 0.029697077460477107 0.028505430272976064
decision_type=2 2 2 8 2 2
left_child=1 2 3 -1 -3 -6
right_child=-2 4 -4 -5 5 -7
leaf_value=-0.007423947190503136 0.0087103434500355684 -0.0088420746371459854 0.0066037366323956253 0.0041556869438272147 0.0056087434257842675 -0.005856616807254438
leaf_weight=1.3188205379992703 2.2235456965863714 3.272366666700691 3.5030490471981466 0.74083515303209457 0.97855513449758269 0.82737978920340538
leaf_count=57 268 348 91 30 29 76
internal_value=0.000753942 -0.00151406 0.00301042 -0.00326195 -0.00615001 0.000140753
internal_weight=12.8646 10.641 5.5627 2.05966 5.0783 1.80593
internal_count=899 631 178 87 453 105
is_linear=0
shrinkage=0.02


Tree=736
num_leaves=7
num_cat=0
split_feature=42 18 15 26 1 15
split_gain=0.916379 0.541189 0.319589 0.180656 0.151615 0.129523
threshold=-1.0000000180025095e-35 -0.0099576051691529482 0.070516206618957314 0.050894822048487283 0.24461116788999351 0.041345101727199927
decision_type=2 2 2 2 2 2
left_child=1 4 3 -2 -1 -3
right_child=2 5 -4 -5 -6 -7
leaf_value=-0.0019080275821677791 -0.0097090580030232913 -0.0045722859045057964 0.0036380229186232377 0.0013928507051194482 0.01003665568077265 0.0033315462110281276
leaf_weight=0.15622518211603198 3.4356206768425186 1.7152733551338317 0.47226241463795293 0.41036104492377479 2.8173837480135262 0.36466767359524954
leaf_count=2 508 52 24 28 263 22
internal_value=-0.000723698 0.00466488 -0.00672123 -0.00848152 0.00908687 -0.00255477
internal_weight=9.37179 5.05355 4.31824 3.84598 2.97361 2.07994
internal_count=899 339 560 536 265 74
is_linear=0
shrinkage=0.02


Tree=737
num_leaves=7
num_cat=0
split_feature=50 28 47 48 30 50
split_gain=0.786384 0.659703 0.223043 0.138983 0.109899 0.10335
threshold=0.0094282828965074148 0.08854319761516552 -0.017096219207920742 0.0086193203622938735 0.10728780785981475 0.073602201875355308
decision_type=2 2 2 2 2 2
left_child=4 2 -2 -3 -1 -5
right_child=1 3 -4 5 -6 -7
leaf_value=-0.0091058041009151845 -0.0015023339191755187 0.0025373501175145808 0.0093182816950334087 -0.0075699752143693301 0.0015006981642820539 0.001863627314938505
leaf_weight=2.2401442406699066 0.61895291623659465 0.35443884704727713 3.358266192022711 1.5023776789894325 0.15343071846291412 0.1553044223692267
leaf_count=377 37 19 202 252 9 3
internal_value=-0.000314083 0.003552 0.00767082 -0.00443315 -0.00818404 -0.00631749
internal_weight=8.38292 5.98934 3.97722 2.01212 2.39357 1.65768
internal_count=899 513 239 274 386 255
is_linear=0
shrinkage=0.02


Tree=738
num_leaves=7
num_cat=0
split_feature=28 72 41 14 46 50
split_gain=0.737359 0.543113 0.296318 0.27336 0.249988 0.152045
threshold=0.10707780842249982 0.27548183839881396 -0.0093764274764720282 0.092290094437561046 0.058950579726189827 0.0034695073532156201
decision_type=2 2 2 2 2 2
left_child=1 2 4 5 -1 -2
right_child=3 -3 -4 -5 -6 -7
leaf_value=-0.0047130572387452906 0.00024368471708225307 0.0053481726007158217 -0.008473110835887164 -0.0036859507089342337 0.0047267234423952979 0.009577289375271485
leaf_weight=1.2494529744144531 0.91515640844590995 1.5124836713075636 3.9291145296301693 0.37789038312621404 1.2392090866342185 2.9005444450303912
leaf_count=118 55 51 297 56 28 297
internal_value=0.000335198 -0.00317409 -0.00563277 0.00630479 -5.06743e-06 0.00785417
internal_weight=12.1239 7.93026 6.41778 4.19359 2.48866 3.8157
internal_count=902 494 443 408 146 352
is_linear=0
shrinkage=0.02


Tree=739
num_leaves=7
num_cat=0
split_feature=46 44 47 30 50 44
split_gain=1.08266 0.643134 0.183292 0.182165 0.164583 0.0520117
threshold=0.042158900029689812 0.039237907562878906 -0.007419507890758458 -0.0082992410975778145 -8.5754058795759974e-05 0.12799725055675934
decision_type=2 2 2 2 2 2
left_child=1 4 -3 5 -1 -2
right_child=3 2 -4 -5 -6 -7
leaf_value=0.003033445758151938 -0.0023926515723018764 0.010012159967415836 -0.001307638844399121 -0.0094953372893497624 -0.0068830175007084616 0.0032578432898657124
leaf_weight=0.30733338510617603 0.2951656794175509 3.5242891134694219 0.41056301444768939 2.7018165293848142 1.1019455329515038 0.36455307900905609
leaf_count=8 30 301 34 473 36 20
internal_value=-8.77817e-05 0.005194 0.00880541 -0.00775034 -0.00435898 0.000811354
internal_weight=8.70567 5.34413 3.93485 3.36154 1.40928 0.659719
internal_count=902 379 335 523 44 50
is_linear=0
shrinkage=0.02


Tree=740
num_leaves=7
num_cat=0
split_feature=39 37 40 40 62 30
split_gain=0.823579 0.302924 0.299575 0.257985 0.254572 0.115488
threshold=-0.0074109369742668399 0.023441913679200215 0.045187630759657621 0.010061858577998512 0.79782258381480187 0.11224088323373935
decision_type=2 2 2 2 2 2
left_child=2 3 4 -2 5 -1
right_child=1 -3 -4 -5 -6 -7
leaf_value=-0.01016983531507502 -0.00173282147943286 -0.0043631921624797494 0.0029883475551066158 0.0096369697321581852 0.0028449733816014408 0.0011866609363588945
leaf_weight=3.0338076968910181 0.67047240934334773 0.37463593622669566 0.73554011387750495 2.732572078704834 0.33992927882354695 0.17922590288799245
leaf_count=600 37 5 23 201 20 16
internal_value=-0.000391246 0.00566766 -0.00579093 0.00751209 -0.00786559 -0.00940506
internal_weight=8.06618 3.77768 4.2885 3.40304 3.55296 3.21303
internal_count=902 243 659 238 636 616
is_linear=0
shrinkage=0.02


Tree=741
num_leaves=7
num_cat=0
split_feature=14 38 26 34 42 64
split_gain=0.676423 0.551897 0.469091 0.221792 0.212104 0.165385
threshold=0.017937086023635297 0.066385877602505625 0.042667833702542575 -0.014666347888682483 -0.00025105221323870933 0.21973859473859478
decision_type=2 2 2 2 2 2
left_child=1 2 3 -1 -5 -6
right_child=-2 -3 -4 4 5 -7
leaf_value=-0.0030110617251003793 -0.0058255749705681138 -0.0057768385944027287 -0.0040823878338261087 -2.8073657347398137e-05 0.00094626123800140157 0.011071303220417937
leaf_weight=0.27726271213032205 3.6360495695844302 1.3051762287504969 1.0714596302714197 1.0550007498823086 0.96325040794909078 4.222716472344473
leaf_count=12 375 113 38 20 60 293
internal_value=0.000517011 0.00343646 0.00550892 0.00741882 0.00823403 0.00964765
internal_weight=12.5309 8.89487 7.58969 6.51823 6.24097 5.18597
internal_count=911 536 423 385 373 353
is_linear=0
shrinkage=0.02


Tree=742
num_leaves=7
num_cat=0
split_feature=46 15 44 47 46 42
split_gain=0.918153 0.503049 0.192622 0.173062 0.157544 0.127736
threshold=0.00072863773870476833 0.042779240836650752 0.12712824465270992 -0.082319740151278673 0.078356685644693919 0.0024842732973173087
decision_type=2 2 2 2 2 2
left_child=-1 2 3 -2 -3 -4
right_child=1 4 5 -5 -6 -7
leaf_value=0.0074830932948897668 0.0020795985945978746 0.006745709175534487 0.0041442913951490329 -0.0097427967123716926 -0.0030604244176569728 -0.0040371855706677921
leaf_weight=2.4926158008165658 0.20103738200850685 0.98453718237578847 0.56577676418237366 4.1362026837887251 0.28618815261870623 0.49141787050757557
leaf_count=219 7 72 21 454 13 125
internal_value=-0.00113105 -0.00490852 -0.00736193 -0.00890784 0.00416203 0.000227448
internal_weight=9.15778 6.66516 5.39443 4.33724 1.27073 1.05719
internal_count=911 692 607 461 85 146
is_linear=0
shrinkage=0.02


Tree=743
num_leaves=7
num_cat=0
split_feature=41 38 45 60 40 28
split_gain=0.971699 0.508624 0.308805 0.23135 0.124752 0.105367
threshold=0.0071490681792927566 0.066385877602505625 0.0023007780172028401 0.32087118565105993 0.018934631054758216 0.11000076801528812
decision_type=2 2 2 2 2 2
left_child=1 2 3 -1 -5 -3
right_child=-2 5 -4 4 -6 -7
leaf_value=-0.0052786550205447128 0.009045117995255458 0.0068185618265808462 -0.0098807626513598475 -0.0025201066323729815 0.0067789676792541186 -0.0021456202594310391
leaf_weight=0.77712736639659841 2.4835524454247206 0.99267879594117381 2.8598797261947766 0.2283425520872695 0.8523593507707119 0.18618795461952686
leaf_count=77 173 55 551 38 10 7
internal_value=0.000479031 -0.00391727 -0.00665614 2.82339e-05 0.00454728 0.00506782
internal_weight=8.38013 5.89658 4.71771 1.85783 1.0807 1.17887
internal_count=911 738 676 125 48 62
is_linear=0
shrinkage=0.02


Tree=744
num_leaves=7
num_cat=0
split_feature=28 19 28 15 71 55
split_gain=0.606268 0.520116 0.390657 0.286659 0.189769 0.149951
threshold=0.14042933558932616 -0.046380575673008455 -0.0079201708901896258 0.043369965740664443 43.286761823882948 0.3028444820358181
decision_type=2 2 2 2 2 2
left_child=1 4 -3 -2 -1 -4
right_child=3 2 5 -5 -6 -7
leaf_value=-0.0073043008787401055 0.0093916155041457415 -0.0056376602494015091 0.0076615184566780348 -0.0032573983363194852 0.0018680820969385801 -0.001726881682612004
leaf_weight=4.1503781049977979 2.4649710627272738 0.69643612205982242 2.4702424588613208 0.37087790830992151 0.66658373735845078 0.44853366119787086
leaf_count=394 308 56 43 31 26 21
internal_value=0.000659563 -0.00211877 0.00314654 0.00731942 -0.00593207 0.00614628
internal_weight=11.268 8.43217 3.61521 2.83585 4.81696 2.91878
internal_count=879 540 120 339 420 64
is_linear=0
shrinkage=0.02


Tree=745
num_leaves=7
num_cat=0
split_feature=46 15 42 46 18 59
split_gain=1.1061 0.492466 0.183225 0.14286 0.118572 0.0447352
threshold=0.00072863773870476833 0.042779240836650752 0.029927525620720926 0.078356685644693919 -0.081525478771824297 2.5694980694980702
decision_type=2 2 2 2 2 2
left_child=2 4 -1 -3 -2 -6
right_child=1 3 -4 -5 5 -7
leaf_value=0.0094098488998983938 0.00049206206425641749 0.0062696368525733161 -0.0016754323738543395 -0.0030506057952104679 -0.0097911165661699953 -0.000397116043951566
leaf_weight=2.265342245344073 0.43642688274849195 0.86181344557553508 0.39979877043515433 0.28497390612028539 3.9143913420848548 0.30204201524611551
leaf_count=215 70 65 12 12 466 39
internal_value=-0.00124605 -0.00590835 0.00774352 0.00361142 -0.00847847 -0.00932331
internal_weight=8.46479 5.79965 2.66514 1.14679 4.65286 4.21643
internal_count=879 652 227 77 575 505
is_linear=0
shrinkage=0.02


Tree=746
num_leaves=7
num_cat=0
split_feature=47 28 9 48 52 28
split_gain=0.825936 0.584062 0.173822 0.14565 0.0909676 0.0853207
threshold=-0.017096219207920742 0.08854319761516552 11.955492424242427 0.024088665717931005 0.011461969564853904 -0.014787535095022194
decision_type=2 2 2 2 2 2
left_child=5 2 -2 -3 -4 -1
right_child=1 3 4 -5 -6 -7
leaf_value=0.0012323497564498552 -0.0022444843790335638 0.0022283812644019983 -0.00013990335482459387 -0.0068450015421872125 0.010285665945727631 -0.0084681352246083526
leaf_weight=0.14760569785721633 0.19294161442667279 0.50594445166643687 0.33576869661919806 0.95892860158346593 3.0729919732548296 2.1516003331635147
leaf_count=7 6 42 14 174 203 433
internal_value=0.000442522 0.00477633 0.00848143 -0.00407853 0.00945993 -0.00766061
internal_weight=7.36578 5.06658 3.6017 1.46487 3.40876 2.29921
internal_count=879 439 223 216 217 440
is_linear=0
shrinkage=0.02


Tree=747
num_leaves=7
num_cat=0
split_feature=42 38 10 19 14 66
split_gain=0.676991 0.916032 0.307615 0.288874 0.260445 0.271662
threshold=-1.0000000180025095e-35 0.060501921201270674 2.1631303118498599 -1.0000000180025095e-35 0.077058241601184019 0.20454205886747351
decision_type=2 2 2 2 2 2
left_child=2 4 3 -1 5 -2
right_child=1 -3 -4 -5 -6 -7
leaf_value=-0.0084552458165101357 0.0092749019386333086 -0.0067330801730837598 0.0045543506445490482 0.003553684426215971 -0.0026144303093034562 -0.003221226664630491
leaf_weight=3.6797394657041878 5.5502556511200947 1.6977657380048183 0.43621144769713271 0.38968543428927738 0.53842032141983498 0.29076279094442714
leaf_count=334 367 175 5 4 31 5
internal_value=0.000465289 0.00379068 -0.00510183 -0.00683112 0.00712426 0.00827291
internal_weight=12.5828 8.0772 4.50564 4.06942 6.37944 5.84102
internal_count=921 578 343 338 403 372
is_linear=0
shrinkage=0.02


Tree=748
num_leaves=7
num_cat=0
split_feature=30 18 47 15 42 14
split_gain=0.894849 0.579454 0.237246 0.140859 0.120268 0.0707265
threshold=0.0043297639304314276 -0.0091989236114220479 -0.044446194424006845 0.041988979223242039 0.03402507614413363 0.017937086023635297
decision_type=2 2 2 2 2 2
left_child=1 4 5 -3 -1 -2
right_child=2 3 -4 -5 -6 -7
leaf_value=0.0093913696616076802 -0.0025329537308017114 -0.0055110624498888395 -0.0093556907105036766 0.0030732743073932397 -0.00078544057652474904 0.0039208097492368869
leaf_weight=2.9718847007025038 0.36682673543691668 1.6152526543010024 3.0218254721257836 0.34276720695197571 0.36027067573741067 0.44327235082164407
leaf_count=251 47 59 472 25 30 37
internal_value=-0.000936898 0.00412499 -0.00733254 -0.00347737 0.00836374 0.00121357
internal_weight=9.1221 5.29018 3.83192 1.95802 3.33216 0.810099
internal_count=921 365 556 84 281 84
is_linear=0
shrinkage=0.02


Tree=749
num_leaves=7
num_cat=0
split_feature=47 39 29 45 30 51
split_gain=0.84914 0.542181 0.272383 0.183224 0.101495 0.0779055
threshold=-0.0028562965119561311 -0.010379005360254474 -0.052801344904806237 0.015812383105698161 0.10470038843040542 0.0098140934732639691
decision_type=2 2 2 2 2 2
left_child=2 3 -1 -2 -5 -4
right_child=1 -3 5 4 -6 -7
leaf_value=0.0030055485962723482 0.0029610140169162693 0.0092965714744317075 -0.0096314809775177 -0.0073190330422781523 0.0018252287095804288 0.00057674462864852746
leaf_weight=0.4519342707935724 0.89992263983003828 3.0836686615366489 2.3949581541819502 1.045599016244523 0.19595594401471306 0.20875937351956952
leaf_count=33 39 221 481 112 15 20
internal_value=0.000340858 0.00494782 -0.00681456 -0.00228021 -0.00570538 -0.00888009
internal_weight=8.2808 5.22515 3.05565 2.14148 1.24155 2.60372
internal_count=921 387 534 166 127 501
is_linear=0
shrinkage=0.02


Tree=750
num_leaves=7
num_cat=0
split_feature=42 38 46 66 63 0
split_gain=0.611745 0.471163 0.408545 0.276856 0.25887 0.204248
threshold=-9.1113012273090388e-05 0.073437528073747524 0.0066735948092799752 0.18311382579372656 0.71097724230254367 0.067647058823529435
decision_type=2 2 2 2 2 2
left_child=5 2 -2 4 -4 -1
right_child=1 -3 3 -5 -6 -7
leaf_value=0.0021094283028199796 -0.0036229913774518496 -0.006368289767318118 0.0087796156222282179 -0.0032413494429194777 -0.002954912480443871 -0.0084096862775366564
leaf_weight=0.50649809744209173 1.2975429224316011 0.97586438548751164 5.6225060729775578 0.49918624525889743 0.36646791058592487 2.3684590144548565
leaf_count=6 81 130 382 20 25 241
internal_value=0.000252379 0.00290312 0.00465778 0.0065765 0.00774152 -0.00649035
internal_weight=11.6365 8.76157 7.7857 6.48816 5.98897 2.87496
internal_count=885 638 508 427 407 247
is_linear=0
shrinkage=0.02


Tree=751
num_leaves=7
num_cat=0
split_feature=42 18 15 46 34 12
split_gain=0.838327 0.695811 0.270038 0.23102 0.141497 0.0851908
threshold=0.0024842732973173087 -0.00340431624988291 0.057101826566892798 0.00072863773870476833 -0.014833320536524612 72.805010893246205
decision_type=2 2 2 2 2 2
left_child=1 -1 4 -3 -2 -5
right_child=2 3 -4 5 -6 -7
leaf_value=0.009735291569621201 0.0013893164325195296 0.0041120420404605765 0.0030063870941160948 -0.0078901083008281487 -0.0095226172453904828 0.00095699526076450687
leaf_weight=2.9636547672562301 0.27625648665707636 0.42313799168914545 0.4875492479186504 1.2204878584016112 2.8629963712301105 0.29548255912959565
leaf_count=264 28 15 28 35 504 11
internal_value=-0.00024989 0.00477051 -0.00660079 -0.00354805 -0.0084587 -0.00647071
internal_weight=8.52957 4.90276 3.6268 1.93911 3.13925 1.51597
internal_count=885 325 560 61 532 46
is_linear=0
shrinkage=0.02


Tree=752
num_leaves=7
num_cat=0
split_feature=40 47 37 38 39 47
split_gain=0.849266 0.373958 0.297315 0.198581 0.13347 0.0607527
threshold=0.018934631054758216 -0.031128159869344061 0.023441913679200215 -0.020000323082656753 0.0032830575259637927 0.030405945779715744
decision_type=2 2 2 2 2 2
left_child=4 -2 3 -3 -1 -6
right_child=1 2 -4 -5 5 -7
leaf_value=-0.0091956849484870276 -0.0040687362174199153 -0.0025378480194960559 -0.0039332270327346389 0.0096264008983361956 -0.0028470006977721531 0.003319238019823075
leaf_weight=2.1437078118324284 0.88660026504658151 0.19845830276608545 0.30831890646368254 3.4859170366544276 0.25867903279140581 0.31488744355738163
leaf_count=563 65 6 3 227 11 10
internal_value=-9.3973e-05 0.00464677 0.0070094 0.00856928 -0.00756672 0.000496302
internal_weight=7.59657 4.87929 3.99269 3.68438 2.71727 0.573566
internal_count=885 301 236 233 584 21
is_linear=0
shrinkage=0.02


Tree=753
num_leaves=7
num_cat=0
split_feature=14 38 46 7 57 57
split_gain=0.595916 0.53362 0.295876 0.309514 0.209398 0.148819
threshold=0.038044359955277836 0.068259426444936031 0.015311420769751014 64.505864503205146 0.1697108701695858 0.10652778599751436
decision_type=2 2 2 2 2 2
left_child=1 2 4 -4 -1 -5
right_child=-2 -3 3 5 -6 -7
leaf_value=-0.0058909328792643902 -0.0061916043441591585 -0.0059045939394159475 -0.0017529283560416946 -0.0011168113975188452 0.0041967169817846723 0.0095489692124696834
leaf_weight=0.90066791605204144 2.8681370534468451 1.3003789063077418 1.026931158499792 0.3612299698870628 0.53624367923475802 4.6021234311629087
leaf_count=50 327 114 30 23 12 332
internal_value=0.00048738 0.00309315 0.00518223 0.00692693 -0.00194899 0.00871561
internal_weight=11.5957 8.72758 7.4272 5.99028 1.43691 4.96335
internal_count=888 561 447 385 62 355
is_linear=0
shrinkage=0.02


Tree=754
num_leaves=7
num_cat=0
split_feature=46 42 45 7 25 18
split_gain=1.06238 0.42735 0.392999 0.11212 0.0902961 0.0490687
threshold=0.0099345188642554916 -1.7457833721610198e-05 0.030193433097217313 507.58927666666676 0.064742010279769752 -0.00062100654848723502
decision_type=2 2 2 2 2 2
left_child=3 2 -2 -1 -3 -4
right_child=1 4 5 -5 -6 -7
leaf_value=0.0089917128697372794 -0.0056281115139804865 0.00099692437201423598 0.0072381234578528008 -0.0014771402038434816 -0.010173123712315569 -0.00043793243202392557
leaf_weight=2.4700907906517391 1.1525647216476502 0.13129113824106786 1.1047219228930769 0.17420052271336306 2.8086880216142163 0.26637985464185465
leaf_count=246 41 8 54 7 518 14
internal_value=-0.000613319 -0.0054232 0.000727871 0.00808596 -0.00954788 0.00619107
internal_weight=8.10794 5.46365 2.52367 2.64429 2.93998 1.3711
internal_count=888 635 109 253 526 68
is_linear=0
shrinkage=0.02


Tree=755
num_leaves=7
num_cat=0
split_feature=38 66 1 23 40 65
split_gain=0.776269 0.32086 0.251088 0.243304 0.109768 0.0997211
threshold=0.038991839640575052 0.18311382579372656 0.28024390243902447 454.33700038699692 0.020535559903072566 0.1122546524475785
decision_type=2 2 2 10 2 2
left_child=1 2 4 -2 -1 -4
right_child=3 -3 5 -5 -6 -7
leaf_value=-0.0033266770723091401 0.0090563047879128507 0.0044466137787909903 0.0010300840143702781 -0.0015606292819867267 0.0046292160052586705 -0.0095256192934437441
leaf_weight=0.32513918145559717 2.2897065728902821 0.54896487947553385 0.19220612931530956 0.81751422164961685 0.56106091663241386 3.0357321561314166
leaf_count=48 179 20 13 46 12 570
internal_value=-6.30341e-05 -0.00485758 -0.00672579 0.0065631 0.0014941 -0.00880211
internal_weight=7.77032 4.6631 4.11414 3.10722 0.8862 3.22794
internal_count=888 663 643 225 60 583
is_linear=0
shrinkage=0.02


Tree=756
num_leaves=7
num_cat=0
split_feature=42 44 70 5 46 28
split_gain=0.636388 0.48704 0.34645 0.310782 0.259536 0.215349
threshold=0.069401674208035766 0.07407757091967207 56.693240454076381 0.17416582406471184 0.043198667192112704 0.15971010810392225
decision_type=2 2 2 2 2 2
left_child=1 2 -1 4 -3 -5
right_child=-2 3 -4 5 -6 -7
leaf_value=-0.0037980476248462404 0.0081879802247267347 -0.0052218304753881882 0.0059791072892740483 -0.0098584847260140534 0.0055337497044061377 0.001353068351118034
leaf_weight=1.4604086764156798 2.131633270997555 0.60870848107151676 2.9080962815787643 3.1961174467578535 1.072257437277585 0.55441829119808961
leaf_count=75 272 54 77 352 37 41
internal_value=0.000268083 -0.00205324 0.00261193 -0.00562811 0.00114397 -0.0082652
internal_weight=11.9316 9.80001 4.3685 5.4315 1.68097 3.75054
internal_count=908 636 152 484 91 393
is_linear=0
shrinkage=0.02


Tree=757
num_leaves=7
num_cat=0
split_feature=30 18 46 46 46 44
split_gain=0.926506 0.393618 0.242287 0.186545 0.125511 0.0915464
threshold=0.0078759962504703507 -0.0091989236114220479 0.066236817852183674 0.0066735948092799752 0.00072863773870476833 0.13342876825054348
decision_type=2 2 2 2 2 2
left_child=1 2 -1 -2 -3 -6
right_child=3 4 -4 -5 5 -7
leaf_value=0.0096776955188256717 0.0016804569183795489 0.0029688016036873871 -0.0025100872032867887 -0.008629624108433773 -0.0065612207683452039 0.0019107392054901352
leaf_weight=3.0194955684710298 0.50072374567389522 0.47833792213350523 0.354850697913207 2.9866009120596573 0.9406369765056295 0.19158583763055503
leaf_count=267 33 23 29 493 51 12
internal_value=-0.000258603 0.00491761 0.00811519 -0.00710467 -0.00232412 -0.00490387
internal_weight=8.47223 4.98491 3.37435 3.48732 1.61056 1.13222
internal_count=908 382 296 526 86 63
is_linear=0
shrinkage=0.02


Tree=758
num_leaves=7
num_cat=0
split_feature=41 38 38 66 20 57
split_gain=0.81315 0.525442 0.27292 0.250679 0.10143 0.0968854
threshold=-0.0013483051659850872 0.066385877602505625 0.002484236894325875 0.18261633574470271 0.12806479462706483 0.19463875902035327
decision_type=2 2 2 2 10 2
left_child=1 3 -2 5 -4 -1
right_child=2 -3 4 -5 -6 -7
leaf_value=-0.010346726196366604 -0.0020553282243512506 0.0046647306759558787 0.0097126997539347028 0.0027483417252722529 -0.0010980775645310083 0.00050955560103656803
leaf_weight=3.1225444833980882 0.79539120476692948 1.0180534119717775 2.3890799949876969 0.32697108632419247 0.17591939703561355 0.25843377644196142
leaf_count=582 25 44 175 17 14 51
internal_value=-0.000111948 -0.0050564 0.00640671 -0.00814933 0.00887121 -0.00959
internal_weight=8.08639 4.726 3.36039 3.70795 2.565 3.38098
internal_count=908 694 214 650 189 633
is_linear=0
shrinkage=0.02


Tree=759
num_leaves=7
num_cat=0
split_feature=14 28 6 16 34 39
split_gain=0.56912 0.459939 0.370217 0.264783 0.249952 0.191004
threshold=0.037088223916494946 -0.0047320439599957262 24.973662964876038 -0.053533289237892266 -0.010333275169310872 0.039076911401036848
decision_type=2 2 2 2 2 2
left_child=1 -1 -3 -4 -5 -6
right_child=-2 2 3 4 5 -7
leaf_value=-0.0062705369671468185 -0.005707510005089741 -0.0025671993429491101 -0.0022040980082588123 -0.0029830339517901141 0.0097952215135321489 -0.0022836048577123081
leaf_weight=0.85039594513364036 2.8087308653630325 1.5677647630218396 0.72796354792080631 0.29705745959654262 5.397404740331698 0.2047834526747464
leaf_count=88 339 50 52 16 343 26
internal_value=0.000957023 0.00338863 0.00496391 0.0068485 0.00812315 0.00907468
internal_weight=11.8541 9.04537 8.19497 6.62721 5.89925 5.60219
internal_count=914 575 487 437 385 369
is_linear=0
shrinkage=0.02


Tree=760
num_leaves=7
num_cat=0
split_feature=46 18 42 42 34 14
split_gain=0.906054 0.41255 0.404945 0.153507 0.115871 0.0778078
threshold=0.002138375346397423 -0.0091989236114220479 0.015427374265088546 0.041848776506886766 0.046811973767372096 0.081267459786711835
decision_type=2 2 2 2 2 2
left_child=3 2 4 -1 -2 -4
right_child=1 -3 5 -5 -6 -7
leaf_value=0.008859611099422935 0.0072696387982959356 -0.0093413033354781058 -0.0071188157397394994 -0.0018238570078988043 -0.0018085284597707172 0.0013972358607386524
leaf_weight=2.2526230888906871 1.3997135140234607 2.8356467846315354 1.1085888850502668 0.28419689228758205 0.29393037827685464 0.1795198640320449
leaf_count=227 79 310 261 10 17 10
internal_value=-0.000813836 -0.00500009 0.000437584 0.00748548 0.00560762 -0.00584001
internal_weight=8.35422 5.8174 2.98175 2.53682 1.69364 1.28811
internal_count=914 677 367 237 96 271
is_linear=0
shrinkage=0.02


Tree=761
num_leaves=7
num_cat=0
split_feature=50 28 30 40 53 11
split_gain=0.84938 0.502405 0.180581 0.142913 0.128441 0.0730962
threshold=0.012895622244921684 0.08854319761516552 0.07753756763516749 0.0080733225841550984 0.018549172001257941 -2.3493647903911885
decision_type=2 2 2 2 2 2
left_child=2 3 -1 -2 -3 -5
right_child=1 4 -4 5 -6 -7
leaf_value=-0.009342952853703965 -0.001196794934123674 -0.0065913652184173468 0.0017138723936968143 -0.0010501919767065832 0.002102052882728701 0.009540051394101445
leaf_weight=2.4438025166746233 0.37949970364570651 0.90122463763691463 0.37961077503859986 0.080259576439857816 0.46661672554910183 2.9157189540565014
leaf_count=413 26 197 27 1 47 203
internal_value=-0.000547334 0.00437412 -0.00779691 0.00790101 -0.00399045 0.00906453
internal_weight=7.56673 4.74332 2.82341 3.37548 1.36784 2.99598
internal_count=914 474 440 230 244 204
is_linear=0
shrinkage=0.02


Tree=762
num_leaves=7
num_cat=0
split_feature=28 74 42 9 42 16
split_gain=0.625113 0.490774 0.284969 0.332251 0.19947 0.151762
threshold=0.13499359144159967 0.016750000000000004 0.078393946761618774 13.392873045918369 -0.0012300378435733093 -0.00084883462642659769
decision_type=2 2 2 2 2 2
left_child=1 5 3 -3 -2 -1
right_child=4 2 -4 -5 -6 -7
leaf_value=-0.0020315418747464779 -0.0026777513273811833 0.0017736950677023798 0.0039155591352327953 -0.0090454876389230859 0.0089494701026498428 0.0063140922621505594
leaf_weight=0.70895310654304955 0.24654033943079445 1.0885566566139457 0.50031209317967285 4.0830312322359532 2.3105663177557298 1.7141158953309039
leaf_count=16 25 58 19 409 321 25
internal_value=0.000305163 -0.00249964 -0.00545564 -0.00684978 0.00739081 0.00399214
internal_weight=10.6521 8.09497 5.6719 5.17159 2.55711 2.42307
internal_count=873 527 486 467 346 41
is_linear=0
shrinkage=0.02


Tree=763
num_leaves=7
num_cat=0
split_feature=46 44 52 14 42 50
split_gain=0.731614 0.478713 0.221044 0.119023 0.113922 0.0980625
threshold=0.042158900029689812 0.039237907562878906 0.032729162854450343 -0.028077456079759793 -0.00025105221323870933 -6.0528358250516702e-05
decision_type=2 2 2 2 2 2
left_child=1 5 3 -3 -2 -1
right_child=4 2 -4 -5 -6 -7
leaf_value=0.0019225116680095056 0.00022302265250086003 -0.0013751145912913626 -0.0021387432105872358 0.0098309625061826222 -0.0086451893888637565 -0.0059618855886713366
leaf_weight=0.34966499242000271 0.64599181734956834 0.16970593121368471 0.45468639209866513 2.9130333648063247 2.2291825397405773 1.0483860257081685
leaf_count=10 29 19 30 274 477 34
internal_value=-0.00038795 0.00406567 0.00743796 0.00902835 -0.00710931 -0.00401055
internal_weight=7.81065 4.93548 3.53743 3.08274 2.87517 1.39805
internal_count=873 367 323 293 506 44
is_linear=0
shrinkage=0.02


Tree=764
num_leaves=7
num_cat=0
split_feature=39 50 55 40 40 6
split_gain=0.874889 0.233519 0.21679 0.159348 0.0460421 0.0457539
threshold=-0.0074109369742668399 0.0083438431466148748 0.18455399401139769 0.045948685896307545 0.020535559903072566 258.08493867030973
decision_type=2 2 2 2 2 2
left_child=2 -2 4 -4 -1 -3
right_child=1 5 3 -5 -6 -7
leaf_value=-0.0018233705987003809 -0.0021997421906345548 0.0091343518758414243 -0.0094181825403047165 0.0010378812390935655 0.0039769268574926251 -0.00032096781817723881
leaf_weight=0.15718418383039567 0.57367983204312656 2.4291481459513311 2.4785754731856291 0.47876082034781564 0.43482747231610119 0.14713816321454931
leaf_count=34 26 186 584 18 11 14
internal_value=-1.78835e-05 0.00662491 -0.00607359 -0.00789093 0.00225892 0.00865559
internal_weight=6.69931 3.14997 3.54935 2.95734 0.592012 2.57629
internal_count=873 226 647 602 45 200
is_linear=0
shrinkage=0.02


Tree=765
num_leaves=7
num_cat=0
split_feature=28 44 37 48 6 32
split_gain=0.684844 0.484316 0.397409 0.330053 0.298175 0.146463
threshold=0.11290454205342343 0.076329722014115683 -0.00031055146315158913 -0.00066981565225935475 57.686402857286843 0.1267991922137762
decision_type=2 2 2 2 2 2
left_child=1 2 4 -2 -1 -3
right_child=3 5 -4 -5 -6 -7
leaf_value=-0.0076148758652115301 -0.0028672466638248306 -0.0097355367923508337 0.0074216702331701048 0.0082976752494404154 0.0025452472851031712 0.0018893314243941751
leaf_weight=1.4960314496420326 0.89776755683124099 3.0405682874843483 1.1759628737345336 2.7576269588898867 1.4498620484955607 0.15959210670553137
leaf_count=60 65 365 16 332 54 4
internal_value=-0.000670448 -0.00405772 0.00065949 0.00552868 -0.00323665 -0.00884401
internal_weight=10.9774 7.32202 4.12186 3.65539 2.94589 3.20016
internal_count=896 499 130 397 114 369
is_linear=0
shrinkage=0.02


Tree=766
num_leaves=7
num_cat=0
split_feature=18 46 46 30 16 14
split_gain=0.759514 0.450675 0.278518 0.216892 0.105923 0.0969974
threshold=-0.0091989236114220479 0.066236817852183674 -0.0052076279289635227 0.042227339589625705 -0.057661772848525965 -0.04128658979800013
decision_type=2 2 2 2 2 2
left_child=1 3 -2 5 -4 -1
right_child=2 -3 4 -5 -6 -7
leaf_value=-0.0012190314575620835 0.0024022269541343986 -0.0049578421762372848 0.00076690230837899039 -0.0022187010625864699 -0.0094210385223968494 0.0096424486030962514
leaf_weight=0.13065850129351098 0.77387833967804942 0.7489605884766205 0.30041375546716231 0.40705619915388513 2.5045627057552333 3.1923047238960862
leaf_count=28 31 190 36 39 281 291
internal_value=-5.57754e-05 0.00497408 -0.00606223 0.00759488 -0.00841512 0.00903218
internal_weight=8.05783 4.47898 3.57885 3.73002 2.80498 3.32296
internal_count=896 548 348 358 317 319
is_linear=0
shrinkage=0.02


Tree=767
num_leaves=7
num_cat=0
split_feature=40 51 38 61 16 31
split_gain=0.824606 0.415051 0.177467 0.169572 0.0713098 0.0420802
threshold=0.020335502331026826 -0.00089293770010038067 0.064181334306981905 0.23503836317135554 0.078611610709125937 -0.029887033207629428
decision_type=2 2 2 2 2 2
left_child=2 3 4 -2 -1 -3
right_child=1 5 -4 -5 -6 -7
leaf_value=-0.0090400531587137567 -0.0049384972145408009 -0.00031856754277439651 0.001900783814464816 0.0035147081378670815 0.00053498333959962376 0.0099245831210040877
leaf_weight=2.0238999198190877 1.0649231647839768 0.10400829953141544 0.4707330809906124 0.81968104501720507 0.22713257721625257 2.6851203059777617
leaf_count=526 46 15 19 43 57 190
internal_value=0.00101667 0.00571398 -0.00641743 -0.00131802 -0.00820654 0.00955934
internal_weight=7.3955 4.67373 2.72177 1.8846 2.25103 2.78913
internal_count=896 294 602 89 583 205
is_linear=0
shrinkage=0.02


Tree=768
num_leaves=7
num_cat=0
split_feature=28 19 51 32 28 23
split_gain=0.447065 0.555693 0.345558 0.218223 0.186015 0.149432
threshold=0.14153396847183222 -0.066278225869858307 -9.3298650568181818e-05 0.080647496320042714 0.085837477833543452 190.37850111892587
decision_type=2 2 2 2 2 8
left_child=1 3 -3 -1 -4 -2
right_child=5 2 4 -5 -6 -7
leaf_value=-0.0080220646127297877 -0.0016874560694867117 0.0063247779404940162 -0.0062008142187864939 0.0021433955739233877 0.0034056365085212031 0.0086527102338179972
leaf_weight=3.2763332775793965 0.33514133794233325 2.978571570944041 1.2023316465783853 0.60330367228016246 0.48539607599377621 1.9388442586641756
leaf_count=328 33 57 120 45 6 293
internal_value=0.000750726 -0.00149828 0.00292361 -0.00632598 -0.00319881 0.00707883
internal_weight=10.8199 8.54594 4.6663 3.87964 1.68773 2.27399
internal_count=882 556 183 373 126 326
is_linear=0
shrinkage=0.02


Tree=769
num_leaves=7
num_cat=0
split_feature=46 45 46 15 12 34
split_gain=0.853249 0.403456 0.286138 0.263547 0.115035 0.0730126
threshold=0.00072863773870476833 0.051277260378759855 0.064471200956077931 0.1176401506844986 183.52889310906133 0.092597291738023543
decision_type=2 2 2 2 2 2
left_child=4 3 -3 -2 5 -1
right_child=1 2 -4 -5 -6 -7
leaf_value=0.0091427026695070097 -0.0097330154298754055 0.0061964816939630209 -0.0049260818310578837 0.0030443983458281355 -0.0014636830149879609 -0.0010171210605421422
leaf_weight=2.0716708693653354 3.2851106898160656 1.2098490108037365 0.65840030112303782 0.28609305643476535 0.23525257874280203 0.10611595958471287
leaf_count=215 357 84 196 16 8 6
internal_value=-0.00080401 -0.00501095 0.00192587 -0.00826733 0.00736889 0.00848336
internal_weight=7.85249 5.43945 1.86825 3.5712 2.41304 2.17779
internal_count=882 653 280 373 229 221
is_linear=0
shrinkage=0.02


Tree=770
num_leaves=7
num_cat=0
split_feature=50 38 40 75 39 39
split_gain=0.809186 0.333584 0.259423 0.204633 0.119874 0.0759722
threshold=0.017116686865545214 0.024529950270922165 0.048437812855996236 0.27125000000000005 0.025897916553492363 -0.020936731359438177
decision_type=2 2 2 2 2 2
left_child=2 3 4 -2 -1 -3
right_child=1 5 -4 -5 -6 -7
leaf_value=-0.0096595686882418458 -0.0061088123671206238 -0.00081970595667277594 0.0024334137971499217 0.0040116496004888071 0.0015062909506084632 0.0092667011626082138
leaf_weight=2.4722259158734241 0.76834214967675529 0.1588880491908643 0.59735368890687812 0.54954530869144946 0.15636648610234249 2.4199353563599288
leaf_count=471 134 26 20 39 12 180
internal_value=-0.000216188 0.00534141 -0.00660476 -0.00197863 -0.00876328 0.00858985
internal_weight=7.12266 3.89671 3.22595 1.31789 2.62859 2.57882
internal_count=882 379 503 173 483 206
is_linear=0
shrinkage=0.02


Tree=771
num_leaves=7
num_cat=0
split_feature=28 44 7 32 15 38
split_gain=0.62534 0.464025 0.332278 0.294838 0.204812 0.192623
threshold=0.14042933558932616 0.062993750448413502 164.84856504547926 0.076682754814445253 0.043369965740664443 -0.012036530110305083
decision_type=2 2 2 2 2 2
left_child=1 2 -1 5 -2 -3
right_child=4 3 -4 -5 -6 -7
leaf_value=-0.0028455533741922664 0.0088506235757734031 0.00040977060768802588 0.0072072292208250188 0.0026070534953130959 -0.0025607285820812109 -0.0099456783910106504
leaf_weight=1.8509049532003685 2.2027243771590306 0.77398294233716969 1.6061281752772627 0.74830227904021729 0.3127636914141475 3.2005054096225658
leaf_count=59 315 79 36 53 30 331
internal_value=-7.15667e-05 -0.00281285 0.0023941 -0.00637661 0.00710697 -0.00825209
internal_weight=10.6953 8.17982 3.45703 4.72279 2.51549 3.97449
internal_count=903 558 95 463 345 410
is_linear=0
shrinkage=0.02


Tree=772
num_leaves=7
num_cat=0
split_feature=50 30 0 2 48 18
split_gain=0.911208 0.285545 0.213734 0.166061 0.0942172 0.0466627
threshold=0.0094282828965074148 0.0043297639304314276 0.085960591133004943 0.3161681181370693 0.0023235042169784188 -0.011780022201083149
decision_type=2 2 2 2 2 2
left_child=1 2 -1 5 -3 -2
right_child=3 4 -4 -5 -6 -7
leaf_value=-0.0026008352870686858 0.0032374272408051013 0.0024214785622794811 0.0091787422205470183 -0.0090984185840016062 -0.0044241987148572878 -0.0021719503527060473
leaf_weight=0.28264944837428663 0.32066920003853738 0.61115673719905295 2.9878008735831827 2.3590322209056467 0.78032291599083692 0.29910664597991887
leaf_count=7 26 38 264 472 74 22
internal_value=2.12956e-05 0.00517349 0.00779005 -0.00731574 -0.0016622 0.00089764
internal_weight=7.64074 4.66193 3.27045 2.97881 1.39148 0.619776
internal_count=903 383 271 520 112 48
is_linear=0
shrinkage=0.02


Tree=773
num_leaves=7
num_cat=0
split_feature=51 38 31 27 47 2
split_gain=0.814392 0.309285 0.272416 0.139327 0.119089 0.077082
threshold=0.0004980613279487188 0.068259426444936031 -0.029887033207629428 -0.020608404291138079 -0.0072916734886824949 0.81216931216931221
decision_type=2 2 2 2 2 2
left_child=1 3 -2 5 -5 -1
right_child=2 -3 -4 4 -6 -7
leaf_value=-0.0097038481094559991 -0.0031283029835370269 0.0033670543117455811 0.009037044202732096 -0.0040883168718711099 0.0040809371257584867 0.00072237979218320509
leaf_weight=2.445707294158638 0.39820844691712443 0.78483584336936463 2.5027338730869815 0.43144145724363625 0.42373763816431198 0.16507608338724811
leaf_count=454 83 30 213 90 8 25
internal_value=8.01038e-05 -0.00507111 0.00699327 -0.00730794 -2.26407e-05 -0.00902712
internal_weight=7.15174 4.2508 2.90094 3.46596 0.855179 2.61078
internal_count=903 607 296 577 98 479
is_linear=0
shrinkage=0.02


Tree=774
num_leaves=7
num_cat=0
split_feature=14 44 37 42 38 42
split_gain=0.611613 0.345131 0.300697 0.238982 0.229407 0.138434
threshold=-0.025957329147263699 0.082792401536174842 -0.0087108212087580236 0.03402507614413363 0.060501921201270674 0.040041947337738359
decision_type=2 2 2 2 2 2
left_child=4 2 5 -3 -1 -2
right_child=1 3 -4 -5 -6 -7
leaf_value=0.0086341901142647295 -0.0049811461280534616 -0.0093853469877289552 0.0060038936786438891 0.0011978023002194944 -0.0022915402365345696 0.0027881354730351629
leaf_weight=2.4216245713178073 2.0193378902040426 2.4041003475431357 1.5818693833425639 0.86342477821744967 0.53258566907607008 0.56780632771551598
leaf_count=291 88 320 39 90 30 28
internal_value=0.000100704 -0.00294954 0.000934949 -0.00696344 0.0065831 -0.00297409
internal_weight=10.3907 7.43654 4.16901 3.26753 2.95421 2.58714
internal_count=886 565 155 410 321 116
is_linear=0
shrinkage=0.02


Tree=775
num_leaves=7
num_cat=0
split_feature=46 42 45 47 16 18
split_gain=0.923288 0.337587 0.279841 0.143622 0.12048 0.0508013
threshold=0.00072863773870476833 -1.7457833721610198e-05 0.030193433097217313 -0.099167979727253872 0.061808830165264984 -0.00062100654848723502
decision_type=2 2 2 2 2 2
left_child=4 2 -2 -3 -1 -4
right_child=1 3 5 -5 -6 -7
leaf_value=0.0090267964136496563 -0.0047308704529027638 0.0018991364576767485 0.0066728224245088752 -0.0096494388008643434 -0.0015363597298255083 -0.00080281113285676612
leaf_weight=2.0990287503227596 1.0576388905756178 0.15472609759308431 0.95737836789339781 2.7894166859332472 0.19793248828500498 0.2056750659830866
leaf_count=217 43 3 71 532 7 13
internal_value=-0.000694891 -0.00519298 0.000732416 -0.00871489 0.00792665 0.00559085
internal_weight=7.4618 5.16484 2.22069 2.94414 2.29696 1.16305
internal_count=886 662 127 535 224 84
is_linear=0
shrinkage=0.02


Tree=776
num_leaves=7
num_cat=0
split_feature=40 51 67 42 65 53
split_gain=0.705405 0.363718 0.186838 0.125978 0.101966 0.10562
threshold=0.010061858577998512 -0.00089293770010038067 0.10424537747813899 0.07569169988431669 0.13450026255907579 0.032360662752502739
decision_type=2 2 2 2 2 2
left_child=-1 2 4 -3 -2 -6
right_child=1 3 -4 -5 5 -7
leaf_value=-0.0075109262419243063 0.0020906703200430994 0.0091355492879959307 0.0042621548560205745 -0.0012639129143301152 -0.0076203980945369777 0.0019105795904156239
leaf_weight=1.9547864941414443 0.25987695553340051 2.6522387181175877 0.61074079247191537 0.27832086978014547 1.1703798759263007 0.16014417540282
leaf_count=493 9 193 35 39 112 5
internal_value=0.00058529 0.0043913 -0.00150677 0.00807761 -0.00451228 -0.00614566
internal_weight=7.08649 5.1317 2.20114 2.93056 1.5904 1.33052
internal_count=886 393 161 232 126 117
is_linear=0
shrinkage=0.02


Tree=777
num_leaves=7
num_cat=0
split_feature=28 44 37 5 40 15
split_gain=0.602312 0.430937 0.281234 0.220717 0.214698 0.160143
threshold=0.14153396847183222 0.077017442196986835 -0.0029440726575426352 0.076655982905982925 0.020335502331026826 0.043369965740664443
decision_type=2 2 2 2 2 2
left_child=1 2 4 -3 -1 -2
right_child=5 3 -4 -5 -6 -7
leaf_value=0.0026581527592604488 0.0090608582273409045 0.0012990938017032121 0.0074160971265108322 -0.0081882864831381921 -0.0055786780647092415 -0.0019380415509790119
leaf_weight=1.8231310807168486 2.313996133860202 0.97457372653298113 1.3594781733117978 2.9903833207208663 1.3682266359683124 0.26179551100358356
leaf_count=57 319 42 22 367 60 26
internal_value=0.00076614 -0.00192505 0.00212416 -0.00606435 -0.00136167 0.0077136
internal_weight=11.0916 8.51579 4.55084 3.96496 3.19136 2.57579
internal_count=893 548 139 409 117 345
is_linear=0
shrinkage=0.02


Tree=778
num_leaves=7
num_cat=0
split_feature=46 14 47 34 42 6
split_gain=0.800504 0.312686 0.188102 0.18102 0.130703 0.0844109
threshold=0.00072863773870476833 0.077058241601184019 -0.071906463636586052 -0.0059074472354478718 0.041848776506886766 297.22728192673554
decision_type=2 2 2 2 2 2
left_child=4 2 -2 -4 5 -1
right_child=1 -3 3 -5 -6 -7
leaf_value=0.0089091398465997295 0.0021126675337061604 0.0031922893359021824 0.0011075249339697634 -0.0095913211839970917 -0.0017771431311286055 -0.0012075701653436537
leaf_weight=1.9209756779018796 0.38850102119613428 0.83627858641557384 0.50824325927533198 3.6906506861560047 0.26957814954221238 0.12502623675391067
leaf_count=205 20 86 53 516 9 4
internal_value=-0.00138629 -0.00537446 -0.007228 -0.00833237 0.00675858 0.00809744
internal_weight=7.73925 5.42367 4.58739 4.19889 2.31558 2.046
internal_count=893 675 589 569 218 209
is_linear=0
shrinkage=0.02


Tree=779
num_leaves=7
num_cat=0
split_feature=38 50 10 67 39 29
split_gain=0.704261 0.344117 0.320795 0.160961 0.0812824 0.0676668
threshold=0.060501921201270674 0.009364992800828047 1.0757897799929477 0.08371068538059627 -0.006587790783100708 -0.027758480420611225
decision_type=2 2 2 2 2 2
left_child=1 -1 3 5 -4 -3
right_child=-2 2 4 -5 -6 -7
leaf_value=-0.008833077690013404 0.0079721952328960753 0.0024026973868795133 -0.0068694130817971311 0.0072386985463608871 0.00099117469987530576 -0.004244822309332175
leaf_weight=1.787565429578535 2.1746684398967773 0.23552873427979648 0.97633389243856095 1.4040672585833815 0.41056699701584831 0.42003423580899912
leaf_count=359 181 10 238 53 20 32
internal_value=0.000339085 -0.00360241 0.000486894 0.00468786 -0.00510207 -0.00184783
internal_weight=7.40876 5.2341 3.44653 2.05963 1.3869 0.655563
internal_count=893 712 353 95 258 42
is_linear=0
shrinkage=0.02


Tree=780
num_leaves=7
num_cat=0
split_feature=10 19 28 45 32 15
split_gain=0.581092 0.285032 0.403017 0.255222 0.219462 0.211254
threshold=1.4420765116137755 -0.0069035704040154014 0.11290454205342343 0.069182439348351235 0.080647496320042714 0.039504830860242299
decision_type=2 2 2 2 2 2
left_child=1 2 4 -2 -1 -4
right_child=3 -3 5 -5 -6 -7
leaf_value=-0.0089295727605423949 0.0080508612517328146 0.0044980629122402674 0.0062936290974925715 -0.0019174681134184988 0.001713902434050402 -0.0039342451363411149
leaf_weight=3.7040795821230859 2.9288164272438739 0.83827962144277979 1.0651496083009986 0.94514684658497561 0.58366204542107869 0.48040316672995675
leaf_count=370 228 22 58 121 38 63
internal_value=0.000350883 -0.00310881 -0.00470025 0.00572442 -0.00743062 0.00281786
internal_weight=10.5455 6.67157 5.83329 3.87396 4.28774 1.54555
internal_count=900 551 529 349 408 121
is_linear=0
shrinkage=0.02


Tree=781
num_leaves=7
num_cat=0
split_feature=47 44 9 34 14 48
split_gain=0.827623 0.351442 0.198685 0.134695 0.124906 0.0632415
threshold=-0.032453667695278479 0.13342876825054348 100.58219178082193 0.10022374976835573 0.088258653671586071 0.035175204698977051
decision_type=2 2 2 2 2 2
left_child=2 4 3 -1 -2 -3
right_child=1 5 -4 -5 -6 -7
leaf_value=0.0083849682288498831 -0.0096434295501051231 0.0045447070066021271 -0.0028512107378141781 -0.0015760815177033294 0.0013402825243409803 -0.0020635510752237845
leaf_weight=2.7676582304993653 2.8870753872906798 0.69708733819425095 0.39671869575977314 0.30407647101674218 0.21223434386774886 0.18248816509731114
leaf_count=279 380 55 34 47 29 76
internal_value=-0.000595849 -0.00614342 0.00571876 0.007254 -0.00874781 0.00280523
internal_weight=7.44734 3.97889 3.46845 3.07173 3.09931 0.879576
internal_count=900 540 360 326 409 131
is_linear=0
shrinkage=0.02


Tree=782
num_leaves=7
num_cat=0
split_feature=51 38 66 29 31 20
split_gain=0.58942 0.304246 0.295902 0.23404 0.2054 0.164308
threshold=0.00083979681747389063 0.068259426444936031 0.18890487322424027 0.04277074171384903 -0.029887033207629428 0.0018286059311186933
decision_type=2 2 2 2 2 8
left_child=1 2 5 4 -2 -1
right_child=3 -3 -4 -5 -6 -7
leaf_value=0.001660550608129439 -0.0024888098219453519 0.0036065407499204761 0.0036364211947316157 -0.0033742501198292295 0.0092880991052957732 -0.0099582820547200659
leaf_weight=0.26404777448624395 0.28105111396871585 0.81885487725958217 0.37667282915208478 0.35723934753332276 2.3551100608892739 2.6228524135658522
leaf_count=11 41 31 9 51 186 571
internal_value=0.000121623 -0.00440979 -0.00679529 0.00585832 0.00769336 -0.00874177
internal_weight=7.07583 4.08243 3.26357 2.9934 2.63616 2.8869
internal_count=900 622 591 278 227 582
is_linear=0
shrinkage=0.02


Tree=783
num_leaves=7
num_cat=0
split_feature=42 38 37 46 28 28
split_gain=0.739202 0.651112 0.440036 0.204602 0.168745 0.164473
threshold=0.013201836162079865 0.060501921201270674 0.011331978910574041 -0.018459448152491256 0.14373778746385865 0.017234676038807618
decision_type=2 2 2 2 2 2
left_child=2 3 4 -2 -1 -5
right_child=1 -3 -4 5 -6 -7
leaf_value=-0.01020579829010412 -0.0028898282183143116 -0.0058537366969994373 0.0050389082082671092 -0.0022290492362889536 0.00023607896597690469 0.0089499416542469391
leaf_weight=2.9074825469870125 0.27025205176323641 1.3102282728068528 0.48863853770308185 0.19696402177214611 0.68274264014326025 4.1182646034285426
leaf_count=304 13 144 9 15 35 367
internal_value=-0.00054989 0.0037626 -0.0062968 0.0070664 -0.00860126 0.00811632
internal_weight=9.97457 5.89571 4.07886 4.58548 3.59023 4.31523
internal_count=887 539 348 395 339 382
is_linear=0
shrinkage=0.02


Tree=784
num_leaves=7
num_cat=0
split_feature=50 42 46 23 47 34
split_gain=0.853515 0.285033 0.193436 0.123891 0.119876 0.0509385
threshold=0.0058596666357361906 0.026636157182937787 1.0000000180025095e-35 16.249999999999996 -0.0072916734886824949 -0.014666347888682483
decision_type=2 2 2 8 2 2
left_child=1 4 -2 -4 -1 -3
right_child=2 5 3 -5 -6 -7
leaf_value=0.0098324151442784734 0.0021758871257620774 0.0019867514582855702 0.0010454627141245553 -0.008552948000024381 -0.0013234777412784557 -0.0039186949991800038
leaf_weight=2.625680083176122 0.59975768392905626 0.17088836058974266 0.39590924954973195 2.5868751186644658 0.18651753338053811 0.58822326769586641
leaf_count=239 47 6 27 499 9 60
internal_value=0.000544929 0.00660235 -0.00561655 -0.00733632 0.00893943 -0.00221561
internal_weight=7.15385 3.57131 3.58254 2.98278 2.8122 0.759112
internal_count=887 314 573 526 248 66
is_linear=0
shrinkage=0.02


Tree=785
num_leaves=7
num_cat=0
split_feature=41 40 30 31 57 43
split_gain=0.635988 0.237769 0.2009 0.176606 0.097713 0.0693323
threshold=-0.0013483051659850872 0.058516948829946409 0.07753756763516749 -0.019589138349086987 0.2007566110861583 -0.002545424470736767
decision_type=2 2 2 2 2 2
left_child=1 2 4 5 -1 -2
right_child=3 -3 -4 -5 -6 -7
leaf_value=-0.0087653285983273609 0.0027107305244161791 0.0040108776179048873 0.0021079760875088215 0.0086832419936712386 0.00087158865685344454 -0.0036381299799429188
leaf_weight=2.7105342072900398 0.353349196491763 0.41661622375249852 0.56102768378332246 1.9533799106720833 0.28309061878826458 0.45368666155263815
leaf_count=568 18 21 81 151 34 14
internal_value=0.000205846 -0.00451258 -0.00617283 0.00638886 -0.00786396 -0.000896571
internal_weight=6.73168 3.97127 3.55465 2.76042 2.99362 0.807036
internal_count=887 704 683 183 602 32
is_linear=0
shrinkage=0.02


Tree=786
num_leaves=7
num_cat=0
split_feature=42 38 48 23 14 66
split_gain=0.510879 0.609271 0.314721 0.264741 0.251054 0.210674
threshold=-1.0000000180025095e-35 0.060501921201270674 0.021214520085910269 102.60416666666669 0.081267459786711835 0.20454205886747351
decision_type=2 2 2 8 2 2
left_child=2 4 -1 -4 5 -2
right_child=1 -3 3 -5 -6 -7
leaf_value=-0.0082049234539993826 0.0089039415966521481 -0.0057774971212948755 -0.0051403878685228263 0.0055846230567714395 -0.0030384587663578088 -0.0027602559783383505
leaf_weight=2.0564295373624195 4.8007461947854608 1.1921004105824975 0.59660096513107386 1.2627136444207281 0.4276786078698932 0.23965755198150862
leaf_count=255 373 153 44 27 29 5
internal_value=0.000913657 0.00407627 -0.00420049 0.00154906 0.0067856 0.00798419
internal_weight=10.5759 6.66018 3.91574 1.85931 5.46808 5.0404
internal_count=886 560 326 71 407 378
is_linear=0
shrinkage=0.02


Tree=787
num_leaves=7
num_cat=0
split_feature=46 18 46 12 15 16
split_gain=0.699371 0.513192 0.147057 0.139835 0.0861116 0.073243
threshold=0.045900508776053131 -0.0091989236114220479 0.002138375346397423 161.07445421961555 0.070516206618957314 -0.057661772848525965
decision_type=2 2 2 2 2 2
left_child=1 3 -3 -1 -2 -4
right_child=4 2 5 -5 -6 -7
leaf_value=0.0093220500675975371 -0.0083922129574133583 0.0022837852171922932 0.0013711662892962962 -0.0013440198280228433 0.00086602708033290082 -0.0071158757598444493
leaf_weight=2.539347583195195 2.3687316457508136 0.72327930713072452 0.15304260258562874 0.30353775166440744 0.25750154070556153 1.1314789702882986
leaf_count=262 479 32 9 38 16 50
internal_value=-0.000659534 0.00369038 -0.00320857 0.00812983 -0.00749596 -0.00594712
internal_weight=7.47692 4.85069 2.0078 2.84289 2.62623 1.28452
internal_count=886 391 91 300 495 59
is_linear=0
shrinkage=0.02


Tree=788
num_leaves=7
num_cat=0
split_feature=38 45 40 47 40 28
split_gain=0.68098 0.379389 0.344516 0.108446 0.105819 0.099233
threshold=0.060501921201270674 0.015812383105698161 0.017304160765262869 -0.01284433322148811 0.054332109563242005 0.11955350104600689
decision_type=2 2 2 2 2 2
left_child=1 2 -1 -4 -3 -2
right_child=5 4 3 -5 -6 -7
leaf_value=-0.005982412503414393 0.0084864536940971267 -0.0097036635250698985 -0.0015169751796896577 0.0071376898784828056 0.0011398882044792488 -0.0015791352802324438
leaf_weight=0.78453308180905912 1.7171125411987302 2.2401888656313536 0.36947112332563836 1.3238410712219773 0.18543499219231296 0.13188973069190968
leaf_count=122 166 510 31 39 11 7
internal_value=-0.000643099 -0.0044477 0.00110229 0.0053872 -0.00878393 0.00746621
internal_weight=6.75247 4.90347 2.47785 1.69331 2.42562 1.849
internal_count=886 713 192 70 521 173
is_linear=0
shrinkage=0.02


Tree=789
num_leaves=7
num_cat=0
split_feature=42 18 38 45 32 20
split_gain=0.458401 0.482991 0.286898 0.332517 0.204421 0.112341
threshold=0.069401674208035766 -0.0091989236114220479 0.066385877602505625 -0.012032616470843525 0.050648430342038669 0.15368491753516481
decision_type=2 2 2 2 2 10
left_child=1 4 3 -3 5 -1
right_child=-2 2 -4 -5 -6 -7
leaf_value=-0.0093672380435348163 0.0077670243584930321 -0.0024675719568864459 -0.0050124221321474127 0.0077138236332910306 0.00061034273465544568 0.0011576118542732784
leaf_weight=2.3655317621305585 1.8512982805259532 1.3349572748411445 0.72697537462227035 2.8716166745871297 1.2323403777554629 0.2299208475742488
leaf_count=245 270 49 98 79 129 28
internal_value=0.00076241 -0.00136175 0.00260333 0.0046294 -0.00595292 -0.00837223
internal_weight=10.6126 8.76134 4.93355 4.20657 3.82779 2.59545
internal_count=898 628 226 128 402 273
is_linear=0
shrinkage=0.02


Tree=790
num_leaves=7
num_cat=0
split_feature=18 2 46 34 50 23
split_gain=0.809739 0.547872 0.277366 0.0836713 0.0711779 0.0546278
threshold=-0.0091989236114220479 0.43244784876140813 1.0000000180025095e-35 0.090993627936157243 0.0013614894018949694 276.4772727272728
decision_type=2 2 2 2 2 10
left_child=1 3 5 -1 -3 -2
right_child=2 4 -4 -5 -6 -7
leaf_value=0.0095151020300084915 0.0041780709804861991 0.001328958596674033 -0.0091251563509233222 -0.00084530758534612487 -0.0058761280769056611 -0.0018407221246854234
leaf_weight=2.6677754101110627 0.4376605688594285 0.33485828363336601 2.7472078225109726 0.17203331715427328 0.88846794341225177 0.29128571879118681
leaf_count=278 24 22 309 20 234 11
internal_value=-0.000700115 0.00485581 -0.00682821 0.00883079 -0.00419323 0.0020994
internal_weight=7.53929 4.06313 3.47615 2.83981 1.22333 0.728946
internal_count=898 554 344 298 256 35
is_linear=0
shrinkage=0.02


Tree=791
num_leaves=7
num_cat=0
split_feature=41 67 53 59 31 60
split_gain=0.633108 0.343798 0.167992 0.112048 0.10251 0.0754339
threshold=0.004995613885987499 0.1050896512024561 0.020115596047740578 1.0894444444444447 -0.035257721440182001 0.39052425007008701
decision_type=2 2 2 2 2 2
left_child=1 2 5 -2 -3 -1
right_child=3 4 -4 -5 -6 -7
leaf_value=-0.009067694926656775 -0.0016928763535453445 -0.0025558377117337878 0.0017918295932009671 0.0078522860330613748 0.0054252031443699092 0.00034269170488893666
leaf_weight=2.8312363466830002 0.21608757344074581 0.26473465887829661 0.41166702727787186 2.0484908320941031 0.88846429693512596 0.29599786596372712
leaf_count=507 7 78 46 173 49 38
internal_value=-0.000361345 -0.00434884 -0.00699881 0.00670192 0.00325694 -0.00830977
internal_weight=6.95668 4.6921 3.5389 2.26458 1.1532 3.12723
internal_count=898 718 591 180 127 545
is_linear=0
shrinkage=0.02


Tree=792
num_leaves=7
num_cat=0
split_feature=14 38 42 9 26 35
split_gain=0.631842 0.436028 0.340548 0.317159 0.191237 0.13594
threshold=0.037088223916494946 0.066385877602505625 -1.0000000180025095e-35 65.960859379865084 0.050894822048487283 0.010390230080225398
decision_type=2 2 2 2 2 2
left_child=1 2 3 -1 -4 -2
right_child=5 -3 4 -5 -6 -7
leaf_value=-0.00454712249392879 -0.007702738995868659 -0.0049726717632706833 0.0097250106921869979 0.0062467149428418467 -0.0016480405978624951 0.001777785811873733
leaf_weight=1.6678091767244043 1.982031394261867 1.0269361794926224 4.0924056603107601 0.84046621806919564 0.37136055016890157 0.35258865216746915
leaf_count=72 312 116 355 11 13 13
internal_value=0.00141042 0.00406161 0.00584915 -0.000180712 0.00865038 -0.00616718
internal_weight=10.3336 7.99898 6.97204 2.50828 4.46377 2.33462
internal_count=892 567 451 83 368 325
is_linear=0
shrinkage=0.02


Tree=793
num_leaves=7
num_cat=0
split_feature=46 14 44 42 25 34
split_gain=0.764203 0.34355 0.186418 0.112751 0.103216 0.110971
threshold=1.0000000180025095e-35 0.077058241601184019 0.12712824465270992 0.0024842732973173087 0.11304093950763652 -0.01011388383120145
decision_type=2 2 2 2 2 2
left_child=-1 2 4 -4 -2 -6
right_child=1 -3 3 -5 5 -7
leaf_value=0.0075020185880918947 0.00083400358640407823 0.0038791962659425372 0.004407954144602602 -0.00360029734202228 0.00050343229706955011 -0.010116583658057574
leaf_weight=2.0276181476656348 0.28095868322998319 0.84580061095766712 0.4852099202107637 0.36447210051119328 0.33475481695495579 2.9926039658021182
leaf_count=227 34 87 19 119 38 368
internal_value=-0.00085742 -0.00473631 -0.00678215 0.00088352 -0.00838728 -0.00917871
internal_weight=7.33142 5.3038 4.458 0.849682 3.60832 3.32736
internal_count=892 665 578 138 440 406
is_linear=0
shrinkage=0.02


Tree=794
num_leaves=7
num_cat=0
split_feature=50 39 40 42 39 67
split_gain=0.734032 0.426678 0.201389 0.0750131 0.0672013 0.0554346
threshold=0.016655920688285433 -0.010379005360254474 0.048437812855996236 0.021159240875567822 0.035682234816610252 0.056906906906906911
decision_type=2 2 2 2 2 2
left_child=2 3 4 -2 -1 -3
right_child=1 5 -4 -5 -6 -7
leaf_value=-0.0096322521807419813 0.0017983310123349183 -0.00088034941442451651 0.0017159680036619674 -0.0050276931417671741 0.00095113641420841463 0.0088724678176866131
leaf_weight=2.4113736111321495 0.34512830118183069 0.068286311347037887 0.50321542331948865 0.98920616158284247 0.076233532279729732 2.2614434664137661
leaf_count=469 25 3 20 191 8 176
internal_value=-0.00115503 0.00437697 -0.00733084 -0.00324809 -0.0091282 0.00840807
internal_weight=6.65489 3.66406 2.99082 1.33433 2.48761 2.32973
internal_count=892 395 497 216 477 179
is_linear=0
shrinkage=0.02


Tree=795
num_leaves=7
num_cat=0
split_feature=42 38 48 15 66 34
split_gain=0.482954 0.618467 0.283418 0.229952 0.255589 0.228031
threshold=-1.7457833721610198e-05 0.060501921201270674 0.021214520085910269 0.070516206618957314 0.18311382579372656 -0.014666347888682483
decision_type=2 2 2 2 2 2
left_child=2 3 -1 4 5 -2
right_child=1 -3 -4 -5 -6 -7
leaf_value=-0.0080260474533673434 -0.0026453023474226336 -0.0060966418760405195 0.0014690049274204658 -0.0033088374331382677 -0.0029613323135948811 0.0096750855463221801
leaf_weight=1.994203254580498 0.25455064745619793 1.1671393115539102 1.7130856316071001 0.32197559834457923 0.36935696797445405 4.7023979059886196
leaf_count=262 13 152 64 23 18 375
internal_value=0.000882158 0.00386555 -0.00425852 0.00653149 0.00755534 0.00870454
internal_weight=10.5227 6.81542 3.70729 5.64828 5.32631 4.95695
internal_count=907 581 326 429 406 388
is_linear=0
shrinkage=0.02


Tree=796
num_leaves=7
num_cat=0
split_feature=18 16 2 15 50 61
split_gain=0.703043 0.305192 0.29239 0.149077 0.0967336 0.0700333
threshold=-0.03095038116486953 -0.047603361056129577 0.38345364741641347 0.081617648430370351 0.0088976510795749 0.14933950934980275
decision_type=2 2 2 2 2 2
left_child=2 -2 -1 5 -4 -3
right_child=1 3 4 -5 -6 -7
leaf_value=0.0088409813322179141 0.0026364916010081407 0.0009261471671459298 0.0025178437086439899 0.0019845839795963418 -0.0047138707863564463 -0.0092673953809419059
leaf_weight=1.9908354652579876 0.93818314222153265 0.10524128016550172 0.50995969306677558 0.21474533481523383 0.62321354949381202 3.1194652065169066
leaf_count=238 88 9 47 19 159 347
internal_value=-0.000828097 -0.00551029 0.0054782 -0.00782582 -0.00180472 -0.00879424
internal_weight=7.50164 4.37763 3.12401 3.43945 1.13317 3.22471
internal_count=907 463 444 375 206 356
is_linear=0
shrinkage=0.02


Tree=797
num_leaves=7
num_cat=0
split_feature=38 18 41 16 67 28
split_gain=0.703709 0.40238 0.132733 0.130299 0.0897024 0.0809116
threshold=0.060501921201270674 0.020097596177778069 -0.0013483051659850872 -0.012392848087727363 0.088620794340095843 0.11955350104600689
decision_type=2 2 2 2 2 2
left_child=1 2 -1 -3 -4 -2
right_child=5 3 4 -5 -6 -7
leaf_value=-0.0094847049149113273 0.0086651471573448748 -0.0027332338788073353 -0.0038809216490362447 0.0053715916315289604 0.0030698796435817727 -0.0012848972785033269
leaf_weight=2.3431046519544907 1.7332102756481615 0.49645989085547615 0.47458150517195496 1.1386703924508763 0.51280092028900981 0.10455478355288494
leaf_count=573 164 48 27 66 24 5
internal_value=-0.000400424 -0.0042559 -0.0075712 0.00280741 -0.000542733 0.00784576
internal_weight=6.80338 4.96562 3.33049 1.63513 0.987382 1.83777
internal_count=907 738 624 114 51 169
is_linear=0
shrinkage=0.02


Tree=798
num_leaves=7
num_cat=0
split_feature=10 42 35 38 42 34
split_gain=0.481805 0.270366 0.322528 0.199455 0.178583 0.143014
threshold=1.3633297634552548 0.061139036361744468 -1.0000000180025095e-35 0.071658598599433215 -0.0001636010358037902 0.041461512910178196
decision_type=2 2 2 2 2 2
left_child=1 2 5 4 -2 -1
right_child=3 -3 -4 -5 -6 -7
leaf_value=-0.0083581227971717877 -0.0023442968772109728 0.004002322453460108 0.002821678515764614 -0.0029206453070014693 0.0080112170123207479 0.00093434362435498982
leaf_weight=3.5109783107182011 0.33905723551288325 0.948240152793005 1.1351216197945175 0.4846424723509698 2.9556765353772789 0.55675136717036355
leaf_count=364 26 57 44 41 301 45
internal_value=0.000163567 -0.00313612 -0.00487262 0.00506646 0.00664782 -0.00715286
internal_weight=9.93047 6.15109 5.20285 3.77938 3.29473 4.06773
internal_count=878 510 453 368 327 409
is_linear=0
shrinkage=0.02


Tree=799
num_leaves=7
num_cat=0
split_feature=30 52 47 47 67 50
split_gain=0.737902 0.264169 0.171401 0.112469 0.0790184 0.0534128
threshold=0.0078759962504703507 0.029199611478749048 -0.0072916734886824949 -0.043181039583134802 0.1305531444803914 0.015173453031883572
decision_type=2 2 2 2 2 2
left_child=1 2 4 -2 5 -1
right_child=3 -3 -4 -5 -6 -7
leaf_value=0.009266796705634333 0.00040578847051915475 -0.003483227976979491 -0.0020572965619736964 -0.0083926552830600361 -0.0011114736930964706 0.00015476828306336361
leaf_weight=2.6310863938415432 0.59932218655012581 0.65463865909259755 0.39143775985576246 2.2475803088163957 0.13560558576136816 0.31393092707730819
leaf_count=241 73 62 35 439 4 24
internal_value=-0.000331496 0.00467428 0.00664729 -0.00691643 0.00798645 0.00858092
internal_weight=6.9736 4.1267 3.47206 2.8469 3.08062 2.94502
internal_count=878 366 304 512 269 265
is_linear=0
shrinkage=0.02


Tree=800
num_leaves=7
num_cat=0
split_feature=47 28 72 48 28 38
split_gain=0.584888 0.385161 0.232253 0.132607 0.091306 0.059815
threshold=-0.01284433322148811 0.08854319761516552 0.29606843538141253 0.0092816818914603447 -0.011830540826103171 -0.0016354506829249977
decision_type=2 2 2 2 2 2
left_child=4 2 5 -3 -1 -2
right_child=1 3 -4 -5 -6 -7
leaf_value=0.001446765273197973 -0.00027299771139582238 0.0027993233481895404 -0.0024818785157613363 -0.0060238254214788588 -0.0080213463032558861 0.0093904501245988901
leaf_weight=0.15732988296076644 0.21608761441893909 0.32909925677813567 0.4441132959909736 0.97130390722304583 1.831745250849053 2.6170467289630328
leaf_count=9 7 17 16 170 455 204
internal_value=0.000113042 0.00392556 0.00702545 -0.00354469 -0.00703897 0.00877447
internal_weight=6.56673 4.57765 3.27725 1.3004 1.98908 2.83313
internal_count=878 414 227 187 464 211
is_linear=0
shrinkage=0.02


Tree=801
num_leaves=7
num_cat=0
split_feature=28 72 15 11 36 75
split_gain=0.506063 0.378826 0.373698 0.30403 0.272309 0.19611
threshold=0.10707780842249982 0.27548183839881396 0.040300263115127022 0.93943772319363383 0.042390350883846038 0.34325000000000011
decision_type=2 2 2 2 2 2
left_child=1 3 -2 4 5 -1
right_child=2 -3 -4 -5 -6 -7
leaf_value=-0.0096441486529433643 0.0086322206578892755 0.0048187648970811469 -0.0036575496446814323 0.0040199589023845721 0.002418415271350343 0.0020822259711358324
leaf_weight=3.5502745538251479 2.714309698902071 1.2155396874295545 0.71420544467400748 0.59365393337793637 0.66018122457899142 0.29248958523385216
leaf_count=367 327 52 79 14 33 14
internal_value=0.000530533 -0.00274813 0.00582429 -0.00504721 -0.00675588 -0.00850594
internal_weight=9.74065 6.31214 3.42852 5.0966 4.50295 3.84276
internal_count=886 480 406 428 414 381
is_linear=0
shrinkage=0.02


Tree=802
num_leaves=7
num_cat=0
split_feature=2 17 40 50 42 68
split_gain=0.52801 0.502506 0.184307 0.143307 0.0856191 0.0560121
threshold=0.36491677336747769 0.08951465201465203 0.044239621172210038 -6.4123729190093136e-05 0.061139036361744468 0.4408672647803083
decision_type=2 2 2 2 2 2
left_child=1 5 4 -2 -3 -1
right_child=3 2 -4 -5 -6 -7
leaf_value=0.0014167175472322541 0.0013435905077784883 0.0093791757805957963 -0.0025451429743557569 -0.0078279495621012534 -0.00123098698725683 -0.0058142545847015923
leaf_weight=0.12048768647946406 0.53296844637952778 2.6339612988522285 0.2283523641526698 2.2194643176626414 0.097903168178163358 1.0822404590435324
leaf_count=6 45 279 10 478 8 60
internal_value=-0.000512377 0.00369682 0.00747578 -0.00616723 0.00877097 -0.00477556
internal_weight=6.91538 4.16294 2.96022 2.75243 2.73186 1.20273
internal_count=886 363 297 523 287 66
is_linear=0
shrinkage=0.02


Tree=803
num_leaves=7
num_cat=0
split_feature=50 39 7 30 34 39
split_gain=0.572048 0.362009 0.165726 0.119228 0.110836 0.0979925
threshold=0.0099687549040147153 -0.010379005360254474 193.18550176366844 -0.0076658674143759353 0.11410740803748455 0.049675983656316459
decision_type=2 2 2 2 2 2
left_child=5 2 3 -2 -3 -1
right_child=1 4 -4 -5 -6 -7
leaf_value=-0.0081788376255370158 -0.0031482778645608249 0.0087740364103918358 -0.005822961999372319 0.0052388157050240313 -0.0013655482381006252 0.0016187827338780495
leaf_weight=1.8682473844964991 0.28094781457912177 2.2025090829702099 0.98513668519444753 0.74319981562439374 0.21597820473834861 0.13524246215820301
leaf_count=383 27 189 232 33 15 7
internal_value=-0.000221041 0.00368081 -0.00214664 0.00251934 0.00773396 -0.0071987
internal_weight=6.43126 4.42777 2.00928 1.02415 2.41849 2.00349
internal_count=886 496 292 60 204 390
is_linear=0
shrinkage=0.02


Tree=804
num_leaves=7
num_cat=0
split_feature=14 41 46 6 45 35
split_gain=0.529269 0.512278 0.314782 0.189622 0.134193 0.110543
threshold=0.038044359955277836 0.0071490681792927566 -0.011731221736226738 24.973662964876038 0.10464975224895728 0.010390230080225398
decision_type=2 2 2 2 2 2
left_child=1 2 -1 -4 -5 -2
right_child=5 -3 3 4 -6 -7
leaf_value=-0.003883625538344408 -0.0071311731878113639 -0.0053583789696863993 -0.00036592939588847573 0.0092810032196752445 -0.0013721605825879942 0.001506582568252405
leaf_weight=0.56163179920986284 2.0081752059049909 1.2551323573570696 1.0364354783669112 4.5969328095670789 0.25743479467928398 0.3586110456380992
leaf_count=37 315 129 41 335 28 15
internal_value=0.00107645 0.00359755 0.00582491 0.0071798 0.00857817 -0.00576364
internal_weight=10.0744 7.70757 6.45243 5.8908 4.85437 2.36679
internal_count=900 570 441 404 363 330
is_linear=0
shrinkage=0.02


Tree=805
num_leaves=7
num_cat=0
split_feature=46 44 15 46 12 34
split_gain=0.745602 0.391356 0.224126 0.133978 0.0934015 0.0544368
threshold=1.0000000180025095e-35 0.12712824465270992 0.085978486056971712 0.069246920298800127 183.52889310906133 0.095827435757271026
decision_type=2 2 2 2 2 2
left_child=4 2 -2 -3 5 -1
right_child=1 3 -4 -5 -6 -7
leaf_value=0.0086483524518417357 -0.0091611224568638877 0.0055234859231388543 0.0026990511917580856 -0.0030695636237002316 -0.0012566711883482714 -0.00082744148138444613
leaf_weight=1.7807458101306113 3.4729347825050358 0.94881729700136908 0.29028365528210986 0.36366927553899586 0.2181494254618882 0.085961738601326831
leaf_count=213 469 65 24 115 9 5
internal_value=-0.00113922 -0.00508849 -0.00787169 0.00284473 0.00700826 0.00807557
internal_weight=7.16056 5.07571 3.76322 1.31249 2.08486 1.86671
internal_count=900 673 493 180 227 218
is_linear=0
shrinkage=0.02


Tree=806
num_leaves=7
num_cat=0
split_feature=47 10 46 9 24 29
split_gain=0.510507 0.367014 0.182736 0.110998 0.0896322 0.0685891
threshold=-0.017096219207920742 1.3823403984168749 0.098300927232350926 11.431860784313725 0.29166666666666669 -0.079504688548346497
decision_type=2 2 2 2 10 2
left_child=5 3 -3 -2 -5 -1
right_child=1 2 -4 4 -6 -7
leaf_value=0.0011572509475090411 -0.0019154143793635346 -0.0063127188391988477 0.0030911970896833753 0.0085329476750900714 -0.0006922045446895506 -0.0079228678566953988
leaf_weight=0.11439988296478976 0.16359833977185223 1.1206775571336036 0.58667710807640094 2.4733734144829218 0.31749132054392237 1.7677818635711444
leaf_count=5 10 133 84 194 31 443
internal_value=-0.000347862 0.00318182 -0.00313314 0.00670062 0.00757773 -0.00716094
internal_weight=6.544 4.66182 1.70735 2.95446 2.79086 1.88218
internal_count=900 452 217 235 225 448
is_linear=0
shrinkage=0.02


Tree=807
num_leaves=7
num_cat=0
split_feature=38 15 34 41 55 33
split_gain=0.420893 0.549341 0.279277 0.262768 0.15837 0.127114
threshold=0.066385877602505625 0.042779240836650752 -0.00015427855530683596 0.0071490681792927566 0.19595231969813912 0.01704205631073916
decision_type=2 2 2 2 2 2
left_child=1 2 -1 4 -4 -6
right_child=-2 -3 3 -5 5 -7
leaf_value=-0.002541974386136086 -0.0063109809503100328 -0.0059229582748919728 -0.0008081273054617226 -0.0025447533276692935 0.0098192389701331397 -0.00087404523590798851
leaf_weight=1.0159105451311905 1.4429854966001592 1.3423558825161306 0.55339436093345185 0.6096174616832285 4.4967811640817672 0.31494417414069165
leaf_count=62 166 222 50 44 298 35
internal_value=0.00121175 0.00305104 0.00529983 0.00680649 0.0081019 0.00908936
internal_weight=9.77599 8.333 6.99065 5.97474 5.36512 4.81173
internal_count=877 711 489 427 383 333
is_linear=0
shrinkage=0.02


Tree=808
num_leaves=7
num_cat=0
split_feature=47 44 2 42 62 14
split_gain=0.595363 0.344808 0.22681 0.194126 0.116145 0.062595
threshold=-0.044931683674502558 0.10647450553950838 0.43244784876140813 0.059758100852446268 0.78943181818181829 0.12289962699820305
decision_type=2 2 2 2 2 2
left_child=3 5 -3 4 -1 -2
right_child=1 2 -4 -5 -6 -7
leaf_value=0.008055368785770024 -0.0096781021787722948 0.0055741325631742545 -0.0046354517026915357 -0.0033516604796463545 -0.0017352446268203891 0.00053655268636157547
leaf_weight=1.8808217945043004 2.6676653804024686 0.94151983642950632 0.6164272726746276 0.32425393315497775 0.21015519811771799 0.14823359576985229
leaf_count=202 326 104 184 44 8 9
internal_value=-0.00191073 -0.00587113 0.0013016 0.00488041 0.00682832 -0.00914069
internal_weight=6.78908 4.37385 1.55795 2.41523 2.09098 2.8159
internal_count=877 623 288 254 210 335
is_linear=0
shrinkage=0.02


Tree=809
num_leaves=7
num_cat=0
split_feature=41 38 28 51 28 42
split_gain=0.604787 0.410538 0.178791 0.190379 0.0803463 0.0794451
threshold=0.004995613885987499 0.066385877602505625 -0.011830540826103171 0.017743240747586243 0.11955350104600689 0.069401674208035766
decision_type=2 2 2 2 2 2
left_child=1 2 -1 -4 -3 -2
right_child=5 4 3 -5 -6 -7
leaf_value=0.0026846624941014503 0.0084258295788649119 0.0062220574469044098 -0.0091431214179538162 0.0024194140998337597 -0.0018688266650332159 -0.00074662435867728686
leaf_weight=0.25389715773053501 1.7619826612062754 0.83071486488915969 2.9491207945975479 0.24385852389968921 0.15865015052258968 0.26013353001326311
leaf_count=7 151 48 627 13 7 24
internal_value=0.000244699 -0.00377211 -0.00668595 -0.00789364 0.00463741 0.00738924
internal_weight=6.45836 4.43624 3.44688 3.19298 0.989365 2.02212
internal_count=877 702 647 640 55 175
is_linear=0
shrinkage=0.02


Tree=810
num_leaves=7
num_cat=0
split_feature=28 35 50 14 75 42
split_gain=0.509221 0.299147 0.274242 0.181974 0.158676 0.189372
threshold=0.14042933558932616 -0.019608133656474565 0.015845847298320712 0.017937086023635297 0.34325000000000011 0.078393946761618774
decision_type=2 2 2 2 2 2
left_child=1 4 3 -3 5 -1
right_child=-2 2 -4 -5 -6 -7
leaf_value=-0.0088481693778416897 0.0071103038121101492 0.0066822450056320797 -0.0043796560952285889 -0.0024326568909950586 0.0023198363691826112 0.0024442457794817247
leaf_weight=2.5849862066097566 2.1659885256085545 2.0648389020934705 1.3045815911609677 0.63224815705325443 0.32467080117203284 0.26915666041895736
leaf_count=306 338 34 105 62 14 13
internal_value=0.000326851 -0.00233842 0.00128278 0.00446549 -0.00611308 -0.00742537
internal_weight=9.34647 7.18048 4.00167 2.69709 3.17881 2.85414
internal_count=872 534 201 96 333 319
is_linear=0
shrinkage=0.02


Tree=811
num_leaves=7
num_cat=0
split_feature=18 2 2 1 50 16
split_gain=0.60367 0.315988 0.147215 0.0992211 0.093203 0.0603975
threshold=-0.0091989236114220479 0.38345364741641347 0.23317152103559874 0.22552705292643374 -6.4123729190093136e-05 -0.091913677658600271
decision_type=2 2 2 2 2 2
left_child=1 3 -2 -1 -3 -4
right_child=2 4 5 -5 -6 -7
leaf_value=-0.0015675503768038189 0.0017507381529888516 0.0023026503102393753 0.00092107809634821172 0.0085284632554721747 -0.0050121600194666018 -0.0080931447996270677
leaf_weight=0.1265393979847439 0.43081350391730699 0.39542779210023604 0.11626518936827857 2.2399360995041206 0.80573005310725376 2.5924599542049687
leaf_count=2 16 29 15 261 242 307
internal_value=-0.000715283 0.00438484 -0.00617005 0.00768334 -0.00265198 -0.0075622
internal_weight=6.70717 3.56763 3.13954 2.36648 1.20116 2.70873
internal_count=872 534 338 263 271 322
is_linear=0
shrinkage=0.02


Tree=812
num_leaves=7
num_cat=0
split_feature=47 20 37 30 38 66
split_gain=0.522586 0.253531 0.249212 0.192673 0.135052 0.0353257
threshold=-0.017096219207920742 0.079127559384970833 0.020487878472411878 -0.010511435987293363 0.075374115922767895 0.075128558886241079
decision_type=2 10 2 2 2 2
left_child=-1 2 3 -2 -3 -5
right_child=1 4 -4 5 -6 -7
leaf_value=-0.0074278111855567231 -0.0019466004268573166 -0.0055745774162738841 -0.0031474277176231631 -0.00036021020104318494 0.0031554297821811041 0.0095941850497847057
leaf_weight=1.4666173991863614 0.36640580836683589 0.86145980627043151 0.46980427298694838 0.074922395870089864 0.34013996832072735 2.5723620489006862
leaf_count=433 10 210 11 4 11 193
internal_value=0.000297978 0.00359759 0.00593304 0.00778009 -0.00279258 0.00929094
internal_weight=6.15171 4.68509 3.48349 3.01369 1.2016 2.64728
internal_count=872 439 218 207 221 197
is_linear=0
shrinkage=0.02


Tree=813
num_leaves=7
num_cat=0
split_feature=14 6 38 34 42 66
split_gain=0.553456 0.399125 0.284652 0.187875 0.181229 0.175454
threshold=0.038044359955277836 24.973662964876038 0.066385877602505625 -0.010333275169310872 -0.00069543678388788918 0.18311382579372656
decision_type=2 2 2 2 2 2
left_child=1 -1 3 -3 -5 -6
right_child=-2 2 -4 4 5 -7
leaf_value=-0.0038590633697386163 -0.006587950985218304 -0.0027195818731462857 -0.0030777058777595664 -0.000689594714125116 0.010164444558411367 -0.0015550018983179635
leaf_weight=1.7081909115659071 2.1905829212628305 0.26426517427898932 0.76995165902189899 0.71015465212985773 3.9130172538571069 0.29897124646231521
leaf_count=86 341 19 84 21 331 14
internal_value=0.000587992 0.00316256 0.00544153 0.00699931 0.00789222 0.00919384
internal_weight=9.85513 7.66455 5.95636 5.18641 4.92214 4.21199
internal_count=896 555 469 385 366 345
is_linear=0
shrinkage=0.02


Tree=814
num_leaves=7
num_cat=0
split_feature=15 50 35 28 48 10
split_gain=0.542174 0.282766 0.239324 0.123645 0.110213 0.0567212
threshold=0.038827151055179247 0.0050188567276891393 -0.0020429483466101041 0.14584269929267765 0.047143805763468986 -1.1684428171555943
decision_type=2 2 2 2 2 2
left_child=1 2 3 -1 -2 -3
right_child=4 5 -4 -5 -6 -7
leaf_value=0.0062853628758994737 0.0080665455926410973 0.00097918281946057263 -0.00514602774654667 -0.0023338504305230505 -0.0014921634751776159 -0.0082206512736899048
leaf_weight=1.3946240204386415 1.5918897262308744 0.076390005648136472 0.73584378440864373 0.32995828753337253 0.25366414722520847 2.3125751550542191
leaf_count=75 241 2 20 42 17 499
internal_value=-0.000536217 -0.00395991 0.000871123 0.00438495 0.00669006 -0.00772435
internal_weight=6.69495 4.84939 2.46043 1.72458 1.84555 2.38897
internal_count=896 638 137 117 258 501
is_linear=0
shrinkage=0.02


Tree=815
num_leaves=7
num_cat=0
split_feature=39 51 67 28 65 46
split_gain=0.501868 0.256967 0.199459 0.190531 0.175325 0.112751
threshold=-0.010379005360254474 -0.00089293770010038067 0.10424537747813899 0.01293482311810998 0.1122546524475785 0.022410119833081988
decision_type=2 2 2 2 2 2
left_child=3 2 -2 -1 -5 -3
right_child=1 5 -4 4 -6 -7
leaf_value=0.002367374136666071 -0.0055627977941893701 -0.0017665738971159154 0.0043201580265685531 0.0020902301616603832 -0.0090127144633923174 0.0084346545919544991
leaf_weight=0.51569602370727841 0.93828417523764096 0.149441622430459 0.48386369517538697 0.29705263336654786 2.1044998125871643 2.061936441110447
leaf_count=40 51 10 19 17 570 189
internal_value=-0.000298852 0.00419207 -0.00180491 -0.00553465 -0.00742862 0.00740984
internal_weight=6.55077 3.63353 1.42215 2.91725 2.40155 2.21138
internal_count=896 269 70 627 587 199
is_linear=0
shrinkage=0.02


Tree=816
num_leaves=7
num_cat=0
split_feature=42 28 47 9 25 28
split_gain=0.494443 0.450174 0.300724 0.219496 0.159645 0.130565
threshold=-1.0000000180025095e-35 0.086908624704955598 0.0011485658930781991 102.39787581699348 0.17547531484121959 0.14373778746385865
decision_type=2 2 2 2 2 2
left_child=3 2 4 5 -2 -1
right_child=1 -3 -4 -5 -6 -7
leaf_value=-0.0080413096835056427 -0.0035000707797270677 0.0083265663497359907 -0.0066185277575964829 0.0035076402182501881 0.0056112675928459213 0.00082554334443924501
leaf_weight=2.3971761227585384 0.33434874820522997 2.9468042000662535 1.2805938840610904 0.44164356437977392 1.44334603077732 0.61015172768384207
leaf_count=282 12 344 173 11 36 29
internal_value=0.00056221 0.00382709 -0.00149182 -0.00470485 0.00325448 -0.00648524
internal_weight=9.45406 6.00509 3.05829 3.44897 1.77769 3.00733
internal_count=887 565 221 322 48 311
is_linear=0
shrinkage=0.02


Tree=817
num_leaves=7
num_cat=0
split_feature=18 46 46 14 30 42
split_gain=0.676942 0.459044 0.242777 0.154915 0.108708 0.0631031
threshold=-0.0091989236114220479 0.066236817852183674 0.00072863773870476833 -0.04128658979800013 0.042227339589625705 0.023667739351258515
decision_type=2 2 2 2 2 2
left_child=1 3 5 -1 -5 -2
right_child=2 -3 -4 4 -6 -7
leaf_value=-0.0022282693465455381 0.0041870243748501649 -0.0052007374070998395 -0.0089390996354426107 0.0096285792699836188 -0.00087242579063232157 -0.0022684335522408523
leaf_weight=0.19630409113597203 0.43977572256699238 0.77410354581661511 2.4663416041294113 2.5052033085376029 0.26768215233460058 0.22722741216421127
leaf_count=49 24 195 316 279 16 8
internal_value=-0.00088739 0.00437498 -0.00671163 0.0075528 0.00865231 0.0019463
internal_weight=6.87664 3.74329 3.13334 2.96919 2.77289 0.667003
internal_count=887 539 348 344 295 32
is_linear=0
shrinkage=0.02


Tree=818
num_leaves=7
num_cat=0
split_feature=38 67 28 50 50 76
split_gain=0.536293 0.245488 0.231146 0.150214 0.105541 0.0819212
threshold=0.026925250574297514 0.095089492720022276 0.11000076801528812 0.0079147402953547753 0.0094282828965074148 0.25750000000000006
decision_type=2 2 2 2 2 2
left_child=1 5 3 -2 -3 -1
right_child=2 4 -4 -5 -6 -7
leaf_value=-0.0086967763064581937 -0.001463054391953138 -0.0032254498404878313 -0.0034820922886300639 0.0090441668581199546 0.0043862498872427281 0.0011029379650870402
leaf_weight=1.8933279810589745 0.35671579977497536 0.31354279263177864 0.34622483764542256 2.0802851233165711 0.83651139109861106 0.15172221552347753
leaf_count=446 15 77 58 201 73 17
internal_value=0.000159389 -0.00478503 0.00559998 0.00752798 0.00177606 -0.00784629
internal_weight=5.97833 3.1951 2.78323 2.437 1.15005 2.04505
internal_count=887 613 274 216 150 463
is_linear=0
shrinkage=0.02


Tree=819
num_leaves=7
num_cat=0
split_feature=28 21 42 19 32 47
split_gain=0.517701 0.349168 0.24134 0.213441 0.23094 0.120679
threshold=0.14042933558932616 0.016272199322061174 0.071441035633486097 -0.0069035704040154014 0.080647496320042714 -0.059526207668356097
decision_type=2 10 2 2 2 2
left_child=1 2 3 4 -1 -2
right_child=5 -3 -4 -5 -6 -7
leaf_value=-0.0086377218332340799 -0.0013476233497915335 0.0050239138100698537 0.003694685582874752 0.0027290051584181606 0.0017081178779870907 0.0082365060535272219
leaf_weight=4.219424355775117 0.33670851355418596 1.0072655796539036 0.53740959940478195 0.49002836365252811 0.68156600219663221 1.7996736471541224
leaf_count=424 43 36 25 17 51 303
internal_value=-0.000111457 -0.00282026 -0.00468578 -0.00596858 -0.00715331 0.00677792
internal_weight=9.07208 6.93569 5.92843 5.39102 4.90099 2.13638
internal_count=899 553 517 492 475 346
is_linear=0
shrinkage=0.02


Tree=820
num_leaves=7
num_cat=0
split_feature=46 17 2 57 23 15
split_gain=0.644435 0.277025 0.137266 0.126176 0.114039 0.0629001
threshold=0.042158900029689812 0.1082709215239336 0.24264069264069268 0.10686340478708066 454.33700038699692 0.070516206618957314
decision_type=2 2 2 2 10 2
left_child=1 2 -1 -2 -3 -5
right_child=3 4 -4 5 -6 -7
leaf_value=0.003486378192259546 0.001604464769772098 0.0087641472323266873 -0.0050568979359771581 -0.0085965276512581131 -0.00091058131321117362 0.0005100667065867225
leaf_weight=0.37125820061191939 0.31939679908100549 2.1918021729215984 0.88981428812257946 2.1166776972822849 0.36793674959335465 0.2168370191939174
leaf_count=18 27 262 48 486 41 17
internal_value=-0.000281396 0.00455358 -0.00211222 -0.00658516 0.00750836 -0.00785115
internal_weight=6.47372 3.82081 1.26107 2.65291 2.55974 2.33351
internal_count=899 369 66 530 303 503
is_linear=0
shrinkage=0.02


Tree=821
num_leaves=7
num_cat=0
split_feature=41 29 50 40 20 2
split_gain=0.67475 0.206439 0.151172 0.141401 0.112729 0.0472134
threshold=-0.0013483051659850872 -0.036791301175568066 0.013274293344928913 0.045948685896307545 0.12089720408203651 0.97673374056773277
decision_type=2 2 2 2 8 2
left_child=1 2 -1 5 -2 -3
right_child=4 3 -4 -5 -6 -7
leaf_value=-0.0036319861490599161 0.0087650432623731719 -0.0085788615212581305 0.0053387778172148716 0.0014092307783301141 -0.0012394428776656707 0.00073220648852226702
leaf_weight=0.43369282037019752 1.9293509765993802 2.2187762302346536 0.7094409610144794 0.43794576684012998 0.26555506407748941 0.073799369507469126
leaf_count=44 170 592 43 14 28 8
internal_value=0.000456342 -0.00428459 0.00182871 -0.00664808 0.00754554 -0.00814778
internal_weight=6.06856 3.87366 1.14313 2.73052 2.19491 2.29258
internal_count=899 701 87 614 198 600
is_linear=0
shrinkage=0.02


Tree=822
num_leaves=7
num_cat=0
split_feature=28 18 50 22 46 75
split_gain=0.40928 0.251306 0.325123 0.2379 0.20034 0.175407
threshold=0.14042933558932616 -0.0028202672677817282 0.012635503692677257 0.067966628537311502 0.002138375346397423 0.34841666666666671
decision_type=2 2 2 10 2 2
left_child=1 3 4 5 -3 -1
right_child=-2 2 -4 -5 -6 -7
leaf_value=-0.0084206964523336706 0.0067199157562476365 -0.0031700090222040876 -0.0038772938467953161 0.0031310742926561018 0.007556829508905836 0.0023727787950583883
leaf_weight=2.5856590989278638 2.2047345757018775 0.30137721123173911 1.6675232973648233 0.57466817705426354 1.9779836542438713 0.27413458703085769
leaf_count=287 339 20 141 48 32 12
internal_value=0.000692552 -0.00169473 0.00162445 -0.00501529 0.00560437 -0.00703937
internal_weight=9.58608 7.38135 3.94688 3.43446 2.27936 2.85979
internal_count=879 540 193 347 52 299
is_linear=0
shrinkage=0.02


Tree=823
num_leaves=7
num_cat=0
split_feature=15 47 18 58 61 42
split_gain=0.6326 0.325437 0.153207 0.0768649 0.0739713 0.0727882
threshold=0.040300263115127022 -0.050426756423209006 -0.053191095766105083 3.6201923076923079 0.15737874097007226 0.044526100108530357
decision_type=2 2 2 2 2 2
left_child=1 3 -3 -1 -4 -2
right_child=5 2 4 -5 -6 -7
leaf_value=0.0050486997428663017 0.0082524862652362165 0.0005680978361495831 0.00092566750173183525 -0.0019651865699762535 -0.00889659615874374 -0.00096155315515048239
leaf_weight=0.86399349232669898 1.5873706610873339 0.81064067187253375 0.14088005188386965 0.29752490541432053 2.8675324983196333 0.17298289446625847
leaf_count=81 221 123 22 16 400 16
internal_value=-0.000676658 -0.0042575 -0.00670737 0.0031741 -0.00832045 0.00732673
internal_weight=6.74093 4.98057 3.81905 1.16152 3.00841 1.76035
internal_count=879 642 545 97 422 237
is_linear=0
shrinkage=0.02


Tree=824
num_leaves=7
num_cat=0
split_feature=50 28 47 39 43 56
split_gain=0.518794 0.524416 0.138406 0.0960101 0.0806458 0.0681487
threshold=0.009364992800828047 0.10707780842249982 -0.017096219207920742 0.049675983656316459 -0.020055167470855954 0.15932484022695156
decision_type=2 2 2 2 2 2
left_child=3 2 -2 -1 -3 -4
right_child=1 4 5 -5 -6 -7
leaf_value=-0.007965300265494326 -0.0010745138033429952 0.0017186712589382053 -0.00040778902000777206 0.0016354932123143432 -0.006729845217296174 0.0093614591394689268
leaf_weight=1.8050675026606766 0.45656738564139265 0.14391614717896983 0.22338317194953594 0.13708597607910622 0.95613996346946828 2.3811551553662866
leaf_count=366 46 6 14 8 255 184
internal_value=-0.000294715 0.00356316 0.00728584 -0.00696208 -0.00533248 0.0086429
internal_weight=6.10332 4.16116 3.06111 1.94215 1.10006 2.60454
internal_count=879 505 244 374 261 198
is_linear=0
shrinkage=0.02


Tree=825
num_leaves=7
num_cat=0
split_feature=28 44 37 31 32 17
split_gain=0.402363 0.474125 0.342469 0.228477 0.200149 0.165547
threshold=0.13499359144159967 0.076329722014115683 -0.0087108212087580236 -0.042667951082294896 0.093417304681933058 0.030453913849004172
decision_type=2 2 2 2 2 2
left_child=1 2 3 -1 5 -3
right_child=-2 4 -4 -5 -6 -7
leaf_value=0.0037209176930091997 0.006298160290017586 0.0022324752499891546 0.0072314771608556587 -0.0059587500788881864 0.0025167973154307387 -0.009363112863806429
leaf_weight=0.76152247749269042 2.1894862458575517 0.17982648406177837 1.7717138712760059 1.4635524500627073 0.3582832331303506 2.7448380690766498
leaf_count=19 350 2 35 88 28 379
internal_value=0.000286113 -0.00206438 0.00238521 -0.00251939 -0.00677358 -0.00826298
internal_weight=9.46922 7.27974 3.99679 2.22507 3.28295 2.92466
internal_count=901 551 142 107 409 381
is_linear=0
shrinkage=0.02


Tree=826
num_leaves=7
num_cat=0
split_feature=47 44 50 50 65 14
split_gain=0.614267 0.416082 0.147924 0.139285 0.0835776 0.070646
threshold=-0.044446194424006845 0.11623941280863262 0.015091784660585979 0.0075544144896497285 0.1122546524475785 0.1404174554762731
decision_type=2 2 2 2 2 2
left_child=2 5 4 -3 -1 -2
right_child=1 3 -4 -5 -6 -7
leaf_value=-0.0015045159790208931 -0.0095425241151142533 0.0056734978765749953 -0.0021652835265200104 -0.0028834685007944711 0.0077194730960493257 0.0010060569003265134
leaf_weight=0.11713194113690484 2.5649129917146647 0.81708493595942833 0.40764475055038918 0.50695047760382295 2.1801483886083588 0.080820824252441414
leaf_count=4 368 84 53 152 230 10
internal_value=-0.000931182 -0.00542619 0.00534974 0.00256622 0.00693551 -0.00903272
internal_weight=6.67469 3.96977 2.70493 1.32404 2.29728 2.64573
internal_count=901 614 287 236 234 378
is_linear=0
shrinkage=0.02


Tree=827
num_leaves=7
num_cat=0
split_feature=51 67 31 28 65 31
split_gain=0.597474 0.346899 0.143228 0.141159 0.118172 0.0820033
threshold=0.0040407287782345406 0.10622234513274338 -0.029887033207629428 -0.0067340594566934605 0.1122546524475785 -0.035257721440182001
decision_type=2 2 2 2 2 2
left_child=1 3 -2 -1 -5 -3
right_child=2 5 -4 4 -6 -7
leaf_value=0.0019732736203264649 -0.0019816200733230242 -0.0020617782014183566 0.0086027745225283024 0.0014472865483658138 -0.0087873034746351261 0.0057350438420174493
leaf_weight=0.28617718035820905 0.22478171880357001 0.18024192575830966 1.991549414466135 0.22353555972222272 2.5715146103757434 0.80489936290541653
leaf_count=21 63 60 184 12 526 35
internal_value=0.000570002 -0.00378129 0.00724694 -0.00663408 -0.00780311 0.00398852
internal_weight=6.2827 4.06637 2.21633 3.08123 2.79505 0.985141
internal_count=901 654 247 559 538 95
is_linear=0
shrinkage=0.02


Tree=828
num_leaves=7
num_cat=0
split_feature=28 70 44 15 3 8
split_gain=0.397433 0.359113 0.307792 0.266036 0.185567 0.111837
threshold=0.11290454205342343 70.200814697813627 0.074612855477917558 0.040300263115127022 0.16492174851592015 0.13738746574502167
decision_type=2 2 2 2 2 2
left_child=1 4 5 -2 -1 -3
right_child=3 2 -4 -5 -6 -7
leaf_value=-0.0080836651667289365 0.0081412409750961177 -0.00213834874346658 -0.004604663679067607 -0.0032696705170506975 0.0015558640753657788 0.0069012513957987711
leaf_weight=2.4886284916428854 2.2710525898728524 0.18611561739817339 0.91376525978557754 0.48463265947066236 0.66731682105455536 2.0148546430282295
leaf_count=283 319 10 126 65 40 44
internal_value=0.000561228 -0.00222112 0.00229849 0.00579819 -0.00616148 0.00570763
internal_weight=9.02637 6.27068 3.11474 2.75569 3.15595 2.20097
internal_count=887 503 180 384 323 54
is_linear=0
shrinkage=0.02


Tree=829
num_leaves=7
num_cat=0
split_feature=48 45 9 42 50 68
split_gain=0.620834 0.207458 0.171694 0.154966 0.0845702 0.0555438
threshold=0.006115950537361429 0.050751619962317453 104.23132012413465 0.0065093999710058572 0.016394411820974966 0.4451137884872825
decision_type=2 2 2 2 2 2
left_child=2 5 4 -3 -1 -2
right_child=1 3 -4 -5 -6 -7
leaf_value=0.0085486498003342175 0.00072393550619152152 0.0046197105764167181 -0.0025319715628395242 -0.0040302396548366872 -0.0010601101662208038 -0.0082290041582713559
leaf_weight=2.0203467817045757 0.13560263090767044 0.82659508544020333 0.31624972610734392 0.54381420067511499 0.18514180427882809 2.3089615849312395
leaf_count=237 19 68 12 206 16 329
internal_value=-0.000403472 -0.00502411 0.0060285 0.000935028 0.00766295 -0.00766639
internal_weight=6.33671 3.81497 2.52174 1.37041 2.20549 2.44456
internal_count=887 622 265 274 253 348
is_linear=0
shrinkage=0.02


Tree=830
num_leaves=7
num_cat=0
split_feature=51 66 30 29 31 20
split_gain=0.575417 0.24964 0.215631 0.211595 0.100549 0.0832097
threshold=0.0040407287782345406 0.17997570853395486 0.07753756763516749 0.04277074171384903 -0.029887033207629428 -0.0045169863064281951
decision_type=2 2 2 2 2 8
left_child=1 2 5 4 -2 -1
right_child=3 -3 -4 -5 -6 -7
leaf_value=0.00099975177266722415 -0.0013647209639191568 0.0037306789093097632 0.0021253681208096872 -0.0031035117059877576 0.0089070419479254041 -0.0093126177971815018
leaf_weight=0.14451096288394183 0.16152989689726438 0.46345471841050301 0.51054372621001665 0.32065534323919553 1.8894771635532379 2.493555637658575
leaf_count=10 36 23 73 42 170 533
internal_value=-0.000381876 -0.00492616 -0.00679251 0.00594747 0.00791592 -0.00862819
internal_weight=5.98373 3.61207 3.14861 2.37166 2.05101 2.63807
internal_count=887 639 616 248 206 543
is_linear=0
shrinkage=0.02


Tree=831
num_leaves=7
num_cat=0
split_feature=14 19 22 44 38 10
split_gain=0.470303 0.286893 0.291637 0.150004 0.128862 0.114327
threshold=-0.036578905016491491 -0.0069035704040154014 0.042494520928964788 0.10494545577276973 0.060501921201270674 2.2245232138647757
decision_type=2 2 10 2 2 2
left_child=4 2 5 -4 -1 -2
right_child=1 -3 3 -5 -6 -7
leaf_value=0.0080850431149099497 -0.0082933476625455804 0.0043883993562291793 0.0045166938882403654 -0.0035095290968616627 -0.0014695778713964618 0.0013938285725648937
leaf_weight=1.4785805591382084 3.5579341844422747 0.84698737529106427 1.1312931316206229 0.71373924578074355 0.38052366813644756 0.25299399415962387
leaf_count=259 358 24 76 135 22 15
internal_value=-0.000675721 -0.00324363 -0.00487414 0.00126957 0.0062994 -0.0074942
internal_weight=8.36205 6.50295 5.65596 1.84503 1.8591 3.81093
internal_count=889 608 584 211 281 373
is_linear=0
shrinkage=0.02


Tree=832
num_leaves=7
num_cat=0
split_feature=18 2 15 48 1 40
split_gain=0.547362 0.377755 0.183555 0.0808817 0.0499109 0.0408307
threshold=-0.0091989236114220479 0.43244784876140813 0.041345101727199927 -0.017119415235092535 0.50555624151129785 0.032164722133654906
decision_type=2 2 2 2 2 2
left_child=1 5 3 -2 -3 -1
right_child=2 4 -4 -5 -6 -7
leaf_value=0.0086590520053790275 0.001330675341988874 -0.0049415326020207147 0.0022461863736237177 -0.0083740832754474314 0.0013217821191979799 -0.00039037563569295047
leaf_weight=2.501155036035926 0.1085416637361053 0.68206909915897984 0.51815273403190065 1.8407871405361218 0.23526906000915915 0.12260125810280431
leaf_count=305 5 199 38 284 43 15
internal_value=0.000612875 0.00510873 -0.00545174 -0.00756575 -0.0034836 0.00824516
internal_weight=6.00858 3.54109 2.46748 1.94933 0.917338 2.62376
internal_count=889 562 327 289 242 320
is_linear=0
shrinkage=0.02


Tree=833
num_leaves=7
num_cat=0
split_feature=50 28 38 38 49 67
split_gain=0.546987 0.426646 0.151441 0.138978 0.0302826 0.028832
threshold=0.011526222727482568 0.10707780842249982 0.002484236894325875 0.060501921201270674 0.028527505087843619 0.064899964899964913
decision_type=2 2 2 2 2 2
left_child=3 2 4 -1 -2 -4
right_child=1 -3 5 -5 -6 -7
leaf_value=-0.0081144303633622229 -0.0029627879560882938 -0.0052351244106669404 -0.0001434333569527994 0.0019148032926033336 0.0017130754147936336 0.0092776399110625837
leaf_weight=1.6360262014204634 0.27779163804370988 0.63197419687639911 0.10376475402154062 0.28474871488288034 0.13126175105571747 2.3963762256316841
leaf_count=403 33 232 7 15 1 198
internal_value=0.000314263 0.00461568 0.00754737 -0.00648109 -0.00131144 0.00895736
internal_weight=5.46194 3.54117 2.90919 1.92077 0.409053 2.50014
internal_count=889 471 239 418 34 205
is_linear=0
shrinkage=0.02


Tree=834
num_leaves=7
num_cat=0
split_feature=20 33 76 41 15 44
split_gain=0.410623 0.236242 0.314215 0.263321 0.171504 0.147868
threshold=0.11718930288527453 -1.0000000180025095e-35 0.16383333333333336 -0.0093764274764720282 0.057101826566892798 0.077496724546692666
decision_type=10 2 2 2 2 2
left_child=1 3 5 -1 -2 -3
right_child=4 2 -4 -5 -6 -7
leaf_value=0.0010382285573339097 0.007897757326935425 0.0079200913655065579 -0.0053934955799068178 -0.0077228407211868497 -0.002566118428468725 -0.0014037275597103211
leaf_weight=1.8322792960098011 1.9332436769036578 1.3647170951589944 0.67566664959304024 2.7395161676686257 0.28295304533094157 0.58562424010597158
leaf_count=135 328 18 94 237 36 74
internal_value=0.000134434 -0.00225351 0.00205882 -0.00465544 0.0061793 0.00559359
internal_weight=9.414 7.1978 2.62601 4.5718 2.2162 1.95034
internal_count=922 558 186 372 364 92
is_linear=0
shrinkage=0.02


Tree=835
num_leaves=7
num_cat=0
split_feature=18 42 15 48 0 71
split_gain=0.606324 0.338646 0.113377 0.109588 0.0818148 0.070436
threshold=-0.0091989236114220479 0.015427374265088546 0.086732737633877649 -0.0020441902216476317 0.090097402597402607 -241.01061646220549
decision_type=2 2 2 2 2 2
left_child=1 4 5 -3 -1 -2
right_child=2 3 -4 -5 -6 -7
leaf_value=-0.0010935813968419616 0.00095084731657978929 0.0027275072735492949 0.0020554941175117613 -0.0051278231699622909 0.0087653059016489752 -0.0078117566155943502
leaf_weight=0.14744967222213823 0.18405534257181067 0.35685823531821392 0.17966629355214525 0.89286936796270266 2.1413640020182356 2.642305564309936
leaf_count=3 20 18 16 271 276 318
internal_value=-0.000613345 0.00446723 -0.00621617 -0.00266942 0.00799078 -0.00714176
internal_weight=6.54457 3.53854 3.00603 1.24973 2.28881 2.82636
internal_count=922 568 354 289 279 338
is_linear=0
shrinkage=0.02


Tree=836
num_leaves=7
num_cat=0
split_feature=50 28 38 22 65 38
split_gain=0.497828 0.356814 0.197035 0.162668 0.12471 0.0903921
threshold=0.012895622244921684 0.12162145305831326 0.002484236894325875 -0.0094885076382164157 0.11866162641228604 0.069631348789745376
decision_type=2 2 2 8 2 2
left_child=4 2 -2 -4 -1 -6
right_child=1 -3 3 -5 5 -7
leaf_value=0.001816744001236614 -0.0019851519372550809 -0.0049177187990089074 -0.0021496628539776634 0.0095377383843043995 -0.0081645419155400405 0.0012683816360255246
leaf_weight=0.35295123921241645 0.48578084982000369 0.57606916164513666 0.17602236103266478 2.668457859079354 1.756120740319602 0.19156107492744912
leaf_count=15 37 227 2 220 411 10
internal_value=0.000447821 0.0044352 0.00681512 0.00844347 -0.00561503 -0.00712123
internal_weight=6.20696 3.90633 3.33026 2.84448 2.30063 1.94768
internal_count=922 486 259 222 436 421
is_linear=0
shrinkage=0.02


Tree=837
num_leaves=7
num_cat=0
split_feature=28 19 70 28 74 15
split_gain=0.417655 0.324988 0.235705 0.291399 0.168975 0.118852
threshold=0.14373778746385865 -0.066278225869858307 93.348671947809905 0.08854319761516552 0.0052500000000000003 0.062633350414234512
decision_type=2 2 2 2 2 2
left_child=1 -1 3 4 -3 -2
right_child=5 2 -4 -5 -6 -7
leaf_value=-0.0065222031886578193 0.0080499860623508036 0.0028670999771472868 0.005764006015179588 0.0052233606036957694 -0.0077952190949082062 -0.0019628832863895808
leaf_weight=2.8626461735693733 1.5626728500938041 0.21588195860386017 1.5529705039225516 0.53911486687138666 1.4905183481751008 0.16943445010110725
leaf_count=373 297 1 50 11 116 17
internal_value=-3.44264e-06 -0.00239734 0.00142266 -0.00243066 -0.00588534 0.00671058
internal_weight=8.39324 6.66113 3.79849 2.24552 1.7064 1.73211
internal_count=865 551 178 128 117 314
is_linear=0
shrinkage=0.02


Tree=838
num_leaves=7
num_cat=0
split_feature=47 42 52 15 39 16
split_gain=0.648394 0.169186 0.149178 0.0926664 0.0890681 0.0644724
threshold=-0.033128486122741649 0.059758100852446268 0.0034256963358827632 0.086732737633877649 0.01239172144401028 0.065343499540702774
decision_type=2 2 2 2 2 2
left_child=1 4 -2 -4 5 -1
right_child=2 -3 3 -5 -6 -7
leaf_value=0.008879019908349493 0.001820114722823378 -0.0027730056168226171 -0.0079152152824347507 0.0014765565041740866 -0.0014001557652693281 -0.00079103875201429273
leaf_weight=2.1156532521126805 0.50171062629669938 0.25663286435883481 2.5091886671725665 0.15752882719971228 0.13764355005696405 0.13308843877166499
leaf_count=249 36 65 477 23 5 10
internal_value=-0.000241276 0.00595388 -0.00559768 -0.00710904 0.00743411 0.00823938
internal_weight=5.81145 2.64302 3.16843 2.66672 2.38639 2.24874
internal_count=865 329 536 500 264 259
is_linear=0
shrinkage=0.02


Tree=839
num_leaves=7
num_cat=0
split_feature=38 67 40 50 28 28
split_gain=0.500547 0.270884 0.130076 0.11141 0.0989964 0.0989358
threshold=0.038991839640575052 0.10207674619143434 0.10675957255767089 0.0046330607476512678 -0.023422908887570686 0.15492383431228704
decision_type=2 2 2 2 2 2
left_child=1 2 4 -2 -1 -5
right_child=3 -3 -4 5 -6 -7
leaf_value=0.0014999557142431517 -0.0014009223522244722 0.0029050757719446159 0.002119705684586963 0.0085961871290506711 -0.0088715430395082794 -0.0015519428203315086
leaf_weight=0.12111151870340231 0.33835817698854986 0.98187858675373707 0.17191178817301977 1.7565648320596663 2.1917400289676152 0.12942863337229926
leaf_count=3 15 120 3 195 508 21
internal_value=0.000250453 -0.00411773 -0.00693015 0.00622395 -0.00803961 0.00760332
internal_weight=5.69099 3.46664 2.48476 2.22435 2.31285 1.88599
internal_count=865 634 514 231 511 216
is_linear=0
shrinkage=0.02


Tree=840
num_leaves=7
num_cat=0
split_feature=10 42 38 38 58 42
split_gain=0.425071 0.274041 0.28616 0.22202 0.188995 0.166331
threshold=1.4420765116137755 0.013201836162079865 0.028505430272976064 0.076388500640897958 4.3279569892473129 -0.0001636010358037902
decision_type=2 2 2 2 2 2
left_child=1 4 -3 5 -1 -2
right_child=3 2 -4 -5 -6 -7
leaf_value=-0.0084878444866795747 -0.00236376662278122 0.0055089125674854748 -0.0045607629329127682 -0.0031800428706506997 0.0015092527527878774 0.008739499399813196
leaf_weight=1.9960682630771773 0.20742377778515297 1.7457921609748157 0.97800504253245879 0.39341002167202521 0.65530982729978848 2.4573341086506844
leaf_count=290 19 84 148 29 23 292
internal_value=0.000647006 -0.00263942 0.00163949 0.00565038 -0.00628034 0.00746606
internal_weight=8.43334 5.37518 2.7238 3.05817 2.65138 2.66476
internal_count=885 545 232 340 313 311
is_linear=0
shrinkage=0.02


Tree=841
num_leaves=7
num_cat=0
split_feature=46 15 44 60 46 14
split_gain=0.59754 0.261689 0.124696 0.103255 0.0888959 0.0511933
threshold=0.00072863773870476833 0.042779240836650752 0.13457431936877456 0.18677325581395351 0.078356685644693919 -0.048234864968760983
decision_type=2 2 2 2 2 2
left_child=5 2 3 -2 -3 -1
right_child=1 4 -4 -5 -6 -7
leaf_value=-0.00094298594303852262 0.0015526642425713459 0.0052800862596542606 0.00074313447744050781 -0.0087807963630066564 -0.0024401491166607383 0.0078512404322059401
leaf_weight=0.073985095135867707 0.13033209426794279 0.6424206111114471 0.60148399905301619 2.5363570543122478 0.2173518652562052 1.6248432106804098
leaf_count=3 4 66 110 460 14 228
internal_value=-0.00041158 -0.00436925 -0.00658523 -0.00799004 0.00306575 0.00726075
internal_weight=5.82677 4.12795 3.26817 2.66669 0.859772 1.69883
internal_count=885 654 574 464 80 231
is_linear=0
shrinkage=0.02


Tree=842
num_leaves=7
num_cat=0
split_feature=41 38 38 5 28 37
split_gain=0.58071 0.331327 0.194721 0.0868026 0.0614642 0.0436639
threshold=-0.0013483051659850872 0.066385877602505625 0.002484236894325875 0.89087301587301593 0.11000076801528812 -0.01431438301627398
decision_type=2 2 2 2 2 2
left_child=1 3 5 -1 -3 -2
right_child=2 4 -4 -5 -6 -7
leaf_value=-0.0089038123510473029 0.0017004479876700225 0.0050850406767684519 0.0081119787524734869 0.00092880185319395867 -0.0018313497727964311 -0.0038308700442088828
leaf_weight=2.3671005364740276 0.23270091402810067 0.59257476055063296 1.8023745554964987 0.20409202092559997 0.15557444840669632 0.36861780693288926
leaf_count=612 8 36 178 28 8 15
internal_value=-0.000489909 -0.00529702 0.00575432 -0.0080818 0.00342193 -0.00196516
internal_weight=5.72304 3.31934 2.40369 2.57119 0.748149 0.601319
internal_count=885 684 201 640 44 23
is_linear=0
shrinkage=0.02


Tree=843
num_leaves=7
num_cat=0
split_feature=42 38 72 34 18 10
split_gain=0.44832 0.519895 0.279373 0.204774 0.164622 0.151451
threshold=-1.0000000180025095e-35 0.060501921201270674 0.27548183839881396 -0.014666347888682483 0.11306519640454439 2.2245232138647757
decision_type=2 2 2 2 2 2
left_child=2 3 5 -2 -5 -1
right_child=1 -3 -4 4 -6 -7
leaf_value=-0.0083988598293310464 -0.0029439845821798128 -0.0055396856761915228 0.0033820750414063254 0.008767712193730735 -0.0023140478845554277 0.0022806280765364463
leaf_weight=2.3276709807105371 0.28942310879938293 1.0313023455673827 0.72544742457102973 3.8039904624456544 0.19476043060421933 0.19762456417083729
leaf_count=290 20 161 34 376 4 4
internal_value=0.00051459 0.00384628 -0.00455961 0.00672429 0.00787302 -0.00715325
internal_weight=8.57022 5.31948 3.25074 4.28817 3.99875 2.5253
internal_count=889 561 328 400 380 294
is_linear=0
shrinkage=0.02


Tree=844
num_leaves=7
num_cat=0
split_feature=42 17 18 2 2 25
split_gain=0.596533 0.318322 0.16684 0.0967512 0.0532565 0.0516525
threshold=-1.0000000180025095e-35 0.083683473389355764 -0.076520455646284999 0.45946969696969703 0.24264069264069268 0.12691770771854191
decision_type=2 2 2 2 2 2
left_child=1 4 -2 -3 -1 -4
right_child=2 3 5 -5 -6 -7
leaf_value=0.0012738332257144986 0.0018126242815010225 0.0087478500294281506 0.0002766680930545951 -0.00043552624290643926 -0.0051325061438134848 -0.0086987671067927912
leaf_weight=0.28787261107936535 0.45624103222508017 1.9563590340549128 0.21309195290086824 0.4348873971030115 0.5779772512614727 2.2220274338615127
leaf_count=9 74 280 58 18 21 429
internal_value=-0.000877674 0.00441108 -0.00643796 0.00744176 -0.00346139 -0.00806145
internal_weight=6.14846 3.2571 2.89136 2.39125 0.86585 2.43512
internal_count=889 328 561 298 30 487
is_linear=0
shrinkage=0.02


Tree=845
num_leaves=7
num_cat=0
split_feature=40 36 31 49 38 64
split_gain=0.504769 0.229937 0.266376 0.0686217 0.0644931 0.047859
threshold=0.010947436055001388 0.041432090858775063 -0.029887033207629428 0.012558154163019858 0.064181334306981905 0.26429301003641537
decision_type=2 2 2 2 2 2
left_child=4 2 3 -2 -1 -3
right_child=1 5 -4 -5 -6 -7
leaf_value=-0.0078855585411110301 -0.0044499850233360528 0.0015927225671086259 0.0086599252819360949 0.0022468540556984523 0.00077345665062488649 -0.0045943864252079667
leaf_weight=1.4053588415263218 0.5101441435399473 0.14347175223520015 2.3316544767585583 0.24632309330627322 0.20700626727193583 0.60413075989345089
leaf_count=509 100 15 211 15 10 29
internal_value=0.000209251 0.00400836 0.00609866 -0.00223165 -0.00690333 -0.00317507
internal_weight=5.44809 3.83572 3.08812 0.756467 1.61237 0.747603
internal_count=889 370 326 115 519 44
is_linear=0
shrinkage=0.02


Tree=846
num_leaves=7
num_cat=0
split_feature=42 44 31 70 55 66
split_gain=0.418492 0.440322 0.323573 0.224793 0.140527 0.111453
threshold=0.03402507614413363 0.082792401536174842 0.0099171425910489167 74.017586794837896 0.29911947736721156 0.17997570853395486
decision_type=2 2 2 2 2 2
left_child=1 3 5 4 -1 -2
right_child=2 -3 -4 -5 -6 -7
leaf_value=-0.0058148643603166449 0.0088774601352953324 -0.0078295678493316805 -0.0039512282638203703 0.0057808748934920755 0.0029245979583415 -0.0012492304547034761
leaf_weight=0.8834512750618162 2.3737942425068477 2.4016149138333276 0.56381939176935691 1.6571487495675681 0.43309655366465449 0.23970292531885196
leaf_count=50 337 351 85 52 13 16
internal_value=0.000438594 -0.00282862 0.00531993 0.0021642 -0.00291847 0.00785999
internal_weight=8.55263 5.37531 3.17732 2.9737 1.31655 2.6135
internal_count=904 466 438 115 63 353
is_linear=0
shrinkage=0.02


Tree=847
num_leaves=7
num_cat=0
split_feature=18 30 42 47 71 42
split_gain=0.614707 0.350325 0.0733951 0.0692706 0.0650708 0.0578753
threshold=-0.0091989236114220479 0.0065964947191711207 0.031135710631233313 -0.053386039708134991 -241.01061646220549 -0.00025105221323870933
decision_type=2 2 2 2 2 2
left_child=1 2 -1 -2 -5 -3
right_child=3 5 -4 4 -6 -7
leaf_value=0.0088952307198920701 9.9569429482111084e-05 0.0018671885471344138 -0.00046734811960928528 0.00083268385204721715 -0.0084253566481103746 -0.0045666391523182326
leaf_weight=1.9178508196491755 0.49200535390991751 0.16095515084452927 0.26960420387331385 0.14933419425506178 2.1308898209827021 0.91827919083880238
leaf_count=246 33 20 39 15 306 245
internal_value=-0.00092401 0.00439902 0.0079567 -0.00669982 -0.00775003 -0.00317057
internal_weight=6.03892 3.26669 2.18746 2.77223 2.28022 1.07923
internal_count=904 550 285 354 321 265
is_linear=0
shrinkage=0.02


Tree=848
num_leaves=7
num_cat=0
split_feature=40 50 28 42 39 41
split_gain=0.544719 0.200078 0.137209 0.087432 0.0864567 0.0587022
threshold=0.020335502331026826 0.0079147402953547753 0.08854319761516552 0.06671034443941902 0.0032830575259637927 -0.0011903653880699369
decision_type=2 2 2 2 2 2
left_child=4 -2 3 -3 -1 -4
right_child=1 2 5 -5 -6 -7
leaf_value=-0.0079333338376335674 -0.0027440201143822695 0.0091920234555407498 -0.0035270514724325464 -0.00060991779952978414 0.00030235637978461363 0.0025271052816840246
leaf_weight=1.4413425778038798 0.60420971125131506 2.0250331853749239 0.32458640413824469 0.27858664095401753 0.55444383155554522 0.28994090249761928
leaf_count=583 55 180 34 17 29 6
internal_value=0.000355055 0.00469054 0.00653734 0.00818083 -0.00630819 -0.000874601
internal_weight=5.51814 3.52236 2.91815 2.30362 1.99579 0.614527
internal_count=904 292 237 197 612 40
is_linear=0
shrinkage=0.02


Tree=849
num_leaves=7
num_cat=0
split_feature=42 28 67 72 6 43
split_gain=0.375826 0.340615 0.291342 0.245691 0.12182 0.0835172
threshold=-1.0000000180025095e-35 0.08120417182156793 0.086250656397689487 0.27548183839881396 266.1233678528709 -0.020055167470855954
decision_type=2 2 2 2 2 2
left_child=3 2 -2 4 -1 -3
right_child=1 5 -4 -5 -6 -7
leaf_value=-0.007853135954148785 0.0037862696784370553 -0.0014012285863435844 -0.0062705110917005745 0.0031958397242149847 0.0017107392165653223 0.0078554724737046524
leaf_weight=2.2596974872285509 1.3469664542935791 0.13011095346882973 1.3384715880965812 0.73103250190615643 0.2622253110166638 2.8173098708502948
leaf_count=288 61 6 161 35 8 345
internal_value=0.000477316 0.00341121 -0.00156757 -0.00421058 -0.00665532 0.00719539
internal_weight=8.88581 5.63286 2.68544 3.25296 2.52192 2.94742
internal_count=904 573 222 331 296 351
is_linear=0
shrinkage=0.02


Tree=850
num_leaves=7
num_cat=0
split_feature=46 45 15 46 34 44
split_gain=0.592524 0.364172 0.190617 0.187263 0.0744346 0.0605587
threshold=0.00072863773870476833 0.051277260378759855 0.089637792725260304 0.064880436125691818 0.092597291738023543 0.15341207054035769
decision_type=2 2 2 2 2 2
left_child=4 2 5 -3 -1 -2
right_child=1 3 -4 -5 -6 -7
leaf_value=0.0076871957638695873 -0.009722588322727696 0.0060928557314070412 0.0025078400736735602 -0.0037540130929283847 -0.0010536929249823949 0.00037020127864069257
leaf_weight=1.6004548256751148 2.5858394082169989 0.92019136843737193 0.22607650398276735 0.44270893809152767 0.19977184711024154 0.17803574260324229
leaf_count=217 346 88 16 201 10 26
internal_value=-0.000886781 -0.00468334 -0.00785792 0.00265923 0.00668732 -0.00914683
internal_weight=6.15308 4.35285 2.98995 1.3629 1.80023 2.76388
internal_count=904 677 388 289 227 372
is_linear=0
shrinkage=0.02


Tree=851
num_leaves=7
num_cat=0
split_feature=40 38 45 47 30 64
split_gain=0.5035 0.247743 0.381503 0.0749763 0.0579846 0.0465831
threshold=0.010947436055001388 0.038991839640575052 0.010682403593812369 -0.017096219207920742 0.11224088323373935 0.19724190283400814
decision_type=2 2 2 2 2 2
left_child=4 2 3 -2 -1 -4
right_child=1 -3 5 -5 -6 -7
leaf_value=-0.0077355964826582302 -0.0011327262419763464 0.0079959772002914584 0.00079018997279015567 0.0065317540113420981 0.0010133362788574611 -0.0073340569667226232
leaf_weight=1.4991156372125258 0.33030304714338843 1.6988443197915328 0.11894018528982986 1.1139804894337433 0.10321798885706801 1.035221630358137
leaf_count=501 30 202 9 29 12 121
internal_value=0.000235455 0.00374508 -0.000483855 0.00503261 -0.00699919 -0.00651866
internal_weight=5.89962 4.29729 2.59845 1.44428 1.60233 1.15416
internal_count=904 391 189 59 513 130
is_linear=0
shrinkage=0.02


Tree=852
num_leaves=7
num_cat=0
split_feature=16 18 18 34 15 38
split_gain=0.353056 0.229906 0.195391 0.194709 0.118852 0.131007
threshold=-0.00084883462642659769 0.019187635820538899 0.021160447248376461 -0.01203560672135001 0.070516206618957314 0.066385877602505625
decision_type=2 2 2 2 2 2
left_child=2 3 -1 -2 5 -5
right_child=1 -3 -4 4 -6 -7
leaf_value=-0.0063435166062129605 -0.0032165445290937883 -0.0029608708296978586 0.0022701596415225385 0.0084425224075285969 -0.0020214971435500518 -0.0014139838771085908
leaf_weight=2.2389905978925531 0.32566178578417737 1.0005223416956139 0.94466534885577846 3.4184511506464341 0.17711461067665357 0.31802416045684356
leaf_count=322 57 110 80 242 38 48
internal_value=0.000715286 0.00366557 -0.00385593 0.00549613 0.00672821 0.00748219
internal_weight=8.42343 5.23977 3.18366 4.23925 3.91359 3.73648
internal_count=897 495 402 385 328 290
is_linear=0
shrinkage=0.02


Tree=853
num_leaves=7
num_cat=0
split_feature=18 47 46 14 16 71
split_gain=0.487386 0.275748 0.211866 0.110465 0.0826501 0.0619508
threshold=-0.03095038116486953 -0.064735899014463513 0.066236817852183674 0.096209282723822773 -0.057661772848525965 -320.25879056047194
decision_type=2 2 2 2 2 2
left_child=2 -2 -1 4 -3 -6
right_child=1 3 -4 -5 5 -7
leaf_value=0.0075754497070560037 0.0036894512127585324 0.00047511827145789958 -0.0031677322265741166 0.00162876715980052 0.00083656015402490045 -0.0092538492336731899
leaf_weight=1.8790377801051366 0.60160900733899358 0.32618932146579105 0.3661205987446009 0.2170368144288658 0.093378657707945734 2.3844456875231108
leaf_count=290 45 44 134 33 4 347
internal_value=-0.000640749 -0.00473387 0.00538726 -0.00691165 -0.00782709 -0.00874238
internal_weight=5.86782 3.62266 2.24516 3.02105 2.80401 2.47782
internal_count=897 473 424 428 395 351
is_linear=0
shrinkage=0.02


Tree=854
num_leaves=7
num_cat=0
split_feature=28 50 53 71 49 52
split_gain=0.452605 0.473734 0.101213 0.0802609 0.0650655 0.0381364
threshold=0.062516793501303639 0.0079147402953547753 0.018549172001257941 49.779943479345029 0.018072329914003059 0.011461969564853904
decision_type=2 2 2 2 2 2
left_child=1 4 -2 5 -1 -3
right_child=2 3 -4 -5 -6 -7
leaf_value=-0.0060707215163784065 -0.0077226612882447618 5.213242178632243e-05 0.0011890943683380271 -0.0011286080535313557 0.0015782031314724061 0.0091089421289602054
leaf_weight=0.89941295329481386 1.6533575819921678 0.21047845110297281 0.33378467039437953 0.14394036540761579 0.13071521371603012 2.0233314135693945
leaf_count=116 485 21 58 9 5 203
internal_value=-0.000365894 0.00375806 -0.00632879 0.00778962 -0.00480083 0.00853558
internal_weight=5.39502 3.40788 1.98714 2.37775 1.03013 2.23381
internal_count=897 354 543 233 121 224
is_linear=0
shrinkage=0.02


Tree=855
num_leaves=7
num_cat=0
split_feature=42 39 20 2 34 70
split_gain=0.437553 0.4198 0.390451 0.179247 0.17285 0.11707
threshold=0.021159240875567822 -0.0074109369742668399 0.020551488242357228 0.3161681181370693 0.041461512910178196 74.017586794837896
decision_type=2 2 8 2 2 2
left_child=2 3 5 -2 -4 -1
right_child=1 -3 4 -5 -6 -7
leaf_value=-0.0026388619177153062 -0.0010093105298054669 -0.0036077566823753231 -0.0090406137080004702 0.009417227064363945 0.00089655177709275276 0.0060701416612731467
leaf_weight=0.23952487995848037 0.5914499340578917 1.2459999175043774 2.2701315407175575 2.4865742236142978 0.67699210729915638 0.91963716852478683
leaf_count=32 32 155 288 307 58 16
internal_value=0.000365377 0.00434344 -0.00385387 0.00765753 -0.0071091 0.00388185
internal_weight=8.43031 4.32402 4.10629 3.07802 2.94712 1.15916
internal_count=888 494 394 339 346 48
is_linear=0
shrinkage=0.02


Tree=856
num_leaves=7
num_cat=0
split_feature=46 44 65 42 34 42
split_gain=0.534058 0.339615 0.114457 0.0831771 0.078013 0.0679506
threshold=0.042158900029689812 0.039237907562878906 0.1122546524475785 -0.00025105221323870933 -1.0000000180025095e-35 0.038971348815223752
decision_type=2 2 2 2 2 2
left_child=1 4 -3 -2 -1 -4
right_child=3 2 5 -5 -6 -7
leaf_value=0.0022041093113275931 0.00019277951830504051 -0.0018126685248747365 0.0090038301261380089 -0.0080796875065730824 -0.005006084144175184 -0.00077068341784855446
leaf_weight=0.20456761587411165 0.53882373159285668 0.15101387351751361 2.1532205264084046 1.6622818405739961 0.9251383214723321 0.1486915822024456
leaf_count=8 29 5 290 485 38 33
internal_value=-0.000409329 0.00402323 0.00736169 -0.00662701 -0.00327858 0.00833026
internal_weight=5.78374 3.58263 2.45293 2.20111 1.12971 2.30191
internal_count=888 374 328 514 46 323
is_linear=0
shrinkage=0.02


Tree=857
num_leaves=7
num_cat=0
split_feature=41 38 38 60 66 20
split_gain=0.519807 0.253057 0.157286 0.122184 0.0590777 0.0589276
threshold=-0.0013483051659850872 0.066385877602505625 0.002484236894325875 0.39052425007008701 0.19363283229184261 0.13426917058522483
decision_type=2 2 2 2 2 10
left_child=1 3 -2 4 -1 -4
right_child=2 -3 5 -5 -6 -7
leaf_value=-0.0090136005193584487 -0.0015345236939573808 0.0030324986882143403 0.0085404996657606567 0.0011857768080801969 0.00085940123725275139 -0.00077705069869089892
leaf_weight=2.0893521086545674 0.57954654376953874 0.704558856319636 1.6654985120985655 0.35856871522264544 0.085268007940612622 0.1276051882887258
leaf_count=577 22 44 172 53 6 14
internal_value=-0.00010118 -0.00475098 0.00577132 -0.00716139 -0.00847771 0.00783662
internal_weight=5.6104 3.23775 2.37265 2.53319 2.17462 1.7931
internal_count=888 680 208 636 583 186
is_linear=0
shrinkage=0.02


Tree=858
num_leaves=7
num_cat=0
split_feature=44 28 23 32 39 46
split_gain=0.418811 0.422581 0.248189 0.14539 0.1322 0.115463
threshold=0.077017442196986835 0.14042933558932616 118.8103888221154 0.093417304681933058 0.039076911401036848 -0.011113333641065174
decision_type=2 2 8 2 2 2
left_child=2 3 -1 -2 5 -4
right_child=1 -3 4 -5 -6 -7
leaf_value=-0.0024148727420795018 -0.0086340419622166903 0.0041256726529604933 -0.0014387205241933401 0.001835300426565143 -0.0021932005461850453 0.0086013155419102302
leaf_weight=1.1349606174044309 2.5565586597658703 1.1187811821000648 0.2280145499389622 0.26046217104885716 0.19453114550560702 2.6125225212890659
leaf_count=62 390 241 15 27 25 147
internal_value=0.000206178 -0.00398167 0.00416442 -0.00743882 0.00661348 0.00763062
internal_weight=8.10583 3.9358 4.17003 2.81702 3.03507 2.84054
internal_count=907 658 249 417 187 162
is_linear=0
shrinkage=0.02


Tree=859
num_leaves=7
num_cat=0
split_feature=15 46 45 60 46 18
split_gain=0.487384 0.252046 0.159185 0.0998067 0.0755239 0.0645823
threshold=0.038827151055179247 0.00072863773870476833 0.058930575209988019 0.18677325581395351 0.07339097965290084 -0.027742077774837223
decision_type=2 2 2 2 2 2
left_child=1 -1 3 -3 -2 -4
right_child=4 2 5 -5 -6 -7
leaf_value=0.0034966701527579659 0.0076518775004551847 0.0015249290465570151 0.0031770645919012887 -0.0087362139201023394 -0.0013869436883743203 -0.0028476134500905414
leaf_weight=0.74949835916049767 1.4191715802298857 0.12497676140628833 0.60172102053184062 2.4478369441349059 0.11481929745059449 0.3106416300870477
leaf_count=61 231 3 97 386 20 109
internal_value=-0.000586013 -0.00399863 -0.00603075 -0.00795047 0.00669498 0.000709369
internal_weight=5.76867 4.23467 3.48518 2.57281 1.53399 0.912363
internal_count=907 656 595 389 251 206
is_linear=0
shrinkage=0.02


Tree=860
num_leaves=7
num_cat=0
split_feature=41 50 28 39 61 10
split_gain=0.535877 0.234129 0.143055 0.0615479 0.0547853 0.0435182
threshold=0.0021252109994881756 0.016655920688285433 0.020125422703544619 0.0050493053217591172 0.31158186076218869 1.9236737136089161
decision_type=2 2 2 2 2 2
left_child=1 4 -3 -4 -1 -2
right_child=5 2 3 -5 -6 -7
leaf_value=-0.0082624763341507344 0.0078650654434645004 0.0054089324965266566 -0.0042885055469526565 0.0021089638525413667 0.00045491877348183561 -0.00050374224181742671
leaf_weight=1.656078589265235 1.6091119218617675 0.63656044052913774 0.81938861199887447 0.1814498791936785 0.21085751079954196 0.14741812960710365
leaf_count=411 180 37 204 9 53 13
internal_value=0.000333678 -0.00396368 0.00134269 -0.0026543 -0.00746265 0.00723476
internal_weight=5.26087 3.50434 1.6374 1.00084 1.86694 1.75653
internal_count=907 714 250 213 464 193
is_linear=0
shrinkage=0.02


Tree=861
num_leaves=7
num_cat=0
split_feature=44 28 46 28 59 42
split_gain=0.375649 0.45316 0.215851 0.175091 0.12487 0.136411
threshold=0.066246729281944375 0.15971010810392225 1.0000000180025095e-35 -0.0079201708901896258 1.1177335349462367 0.073229711483713725
decision_type=2 2 2 2 2 2
left_child=2 4 -1 -4 -2 -6
right_child=1 -3 3 -5 5 -7
leaf_value=-0.0031270804591406404 0.0012509950036975212 0.0052197662557601724 -0.0025889739693895492 0.0082485579180163731 -0.0086942529266706495 0.0015719078283727029
leaf_weight=0.49789620656520162 0.46464643371291492 1.0955889504402874 0.23741677193902511 2.4318889240967105 2.636733232880943 0.28357536927796889
leaf_count=32 35 235 25 111 412 24
internal_value=0.000415159 -0.00307091 0.00490028 0.00684176 -0.00633273 -0.00755069
internal_weight=7.64775 4.48054 3.1672 2.66931 3.38496 2.92031
internal_count=874 706 168 136 471 436
is_linear=0
shrinkage=0.02


Tree=862
num_leaves=7
num_cat=0
split_feature=46 30 17 46 14 14
split_gain=0.525342 0.252726 0.161433 0.0774741 0.0305739 0.0265761
threshold=0.002138375346397423 0.001542903024573779 0.08951465201465203 0.064880436125691818 0.1404174554762731 -0.027737432771590239
decision_type=2 2 2 2 2 2
left_child=5 2 -2 -4 -3 -1
right_child=1 4 3 -5 -6 -7
leaf_value=-0.00020745668451394914 -0.0042530550026410327 -0.0079831341188610454 0.0057724180951015027 -0.0017084195664188568 0.00056411963903638042 0.0076916351703495327
leaf_weight=0.12778001185506593 0.49553522677160833 1.9047224265523253 1.0776405285578219 0.24600856582401309 0.04384893225505937 1.43883580842521
leaf_count=8 29 498 88 29 7 215
internal_value=-9.02303e-05 -0.00400529 0.00124281 0.00424518 -0.00766471 0.00721755
internal_weight=5.33437 3.76776 1.81918 1.32365 1.94857 1.56662
internal_count=874 651 146 117 505 223
is_linear=0
shrinkage=0.02


Tree=863
num_leaves=7
num_cat=0
split_feature=51 47 31 73 39 62
split_gain=0.533435 0.186989 0.118574 0.107524 0.0568039 0.052332
threshold=0.0004980613279487188 0.050052803549933765 -0.02383527084458293 -0.24440335305719918 0.045980066694084644 0.80655913978494631
decision_type=2 2 2 2 2 2
left_child=1 3 -2 -1 5 -5
right_child=2 -3 -4 4 -6 -7
leaf_value=0.0012799149774107021 -0.0017077165919399807 0.0030242526775120229 0.0075788520574260288 -0.0090310255114932451 0.00094075023203020361 0.00062744897854790944
leaf_weight=0.29330674023367498 0.29461753502255317 0.3529933975660241 1.6179790344322096 2.1117223186884089 0.074312335811555275 0.10797577444463957
leaf_count=59 91 28 194 486 5 11
internal_value=-0.000515749 -0.00524047 0.00605317 -0.00689676 -0.00801339 -0.00851224
internal_weight=4.85291 2.94031 1.9126 2.58732 2.29401 2.2197
internal_count=874 589 285 561 502 497
is_linear=0
shrinkage=0.02


Tree=864
num_leaves=7
num_cat=0
split_feature=28 74 15 76 16 36
split_gain=0.34408 0.338855 0.269347 0.140963 0.114172 0.0988055
threshold=0.085837477833543452 0.018750000000000003 0.070516206618957314 0.13475000000000004 -0.054300893147516842 -1.0000000180025095e-35
decision_type=2 2 2 2 2 2
left_child=1 5 4 -3 -2 -1
right_child=2 3 -4 -5 -6 -7
leaf_value=-0.0017813878762772562 -0.00082114886706064264 0.00037472399753437713 -0.00404393408300769 -0.0082175285809341966 0.0080559774871981557 0.0056602947210326908
leaf_weight=0.49717886059079308 0.47728992067277509 0.93915039033163372 0.43015577446203668 1.7652262141928075 2.8978454020107165 1.1497233461122958
leaf_count=22 46 75 94 299 336 18
internal_value=0.00130057 -0.00233508 0.00507866 -0.00593802 0.00689987 0.00358948
internal_weight=8.15657 4.35128 3.80529 2.70438 3.37514 1.6469
internal_count=890 414 476 374 382 40
is_linear=0
shrinkage=0.02


Tree=865
num_leaves=7
num_cat=0
split_feature=42 47 14 16 16 31
split_gain=0.507865 0.234059 0.190232 0.125689 0.0720786 0.0389439
threshold=-1.0000000180025095e-35 -0.0072916734886824949 0.094492715292091176 0.030857747479332096 -0.067410353136929294 0.036662379154126103
decision_type=2 2 2 2 2 2
left_child=1 3 4 5 -2 -1
right_child=2 -3 -4 -5 -6 -7
leaf_value=0.0084908562818641741 0.00077011893263689922 -0.0030616725033925912 0.0026743887073524138 -0.0012112490688634537 -0.0086530919548530004 -0.00055879835017315469
leaf_weight=1.8772219148231677 0.189969567582012 0.76702971884515125 0.33315148181281973 0.43424492399208237 2.1574741388903931 0.077048621140420326
leaf_count=242 25 46 38 36 500 3
internal_value=-0.000900976 0.00401414 -0.00620555 0.00651937 -0.00788826 0.00806569
internal_weight=5.83614 3.15555 2.6806 2.38852 2.34744 1.95427
internal_count=890 327 563 281 525 245
is_linear=0
shrinkage=0.02


Tree=866
num_leaves=7
num_cat=0
split_feature=41 38 66 38 58 27
split_gain=0.420226 0.303372 0.165954 0.091946 0.0573162 0.0527209
threshold=0.0021252109994881756 0.066385877602505625 0.18261633574470271 -0.020000323082656753 1.288888888888889 -0.16130372238092031
decision_type=2 2 2 2 2 2
left_child=1 2 4 -2 -1 -5
right_child=3 -3 -4 5 -6 -7
leaf_value=0.0008956032320467757 -0.0019289027658500782 0.0037001985415348838 0.0022937027900518914 -0.001036520998488312 -0.0090098675287976424 0.0073829636904060381
leaf_weight=0.068326793611050873 0.15035322261974227 0.70191997755318869 0.24176927749067534 0.083449837053194531 2.3738662180257961 1.4228726404253389
leaf_count=1 4 46 17 13 643 166
internal_value=-0.00095151 -0.00462748 -0.0072186 0.00547528 -0.00855306 0.00668907
internal_weight=5.04256 3.38588 2.68396 1.65668 2.44219 1.50632
internal_count=890 707 661 183 644 179
is_linear=0
shrinkage=0.02


Tree=867
num_leaves=7
num_cat=0
split_feature=28 44 23 3 75 15
split_gain=0.430196 0.304823 0.241474 0.153314 0.134308 0.127246
threshold=0.14373778746385865 0.077017442196986835 159.23611111111114 0.25701179554390569 0.17291666666666669 0.062633350414234512
decision_type=2 2 8 2 2 2
left_child=1 2 -1 4 -3 -2
right_child=5 3 -4 -5 -6 -7
leaf_value=-0.0034926573111861699 0.0078790194982690017 0.0009109964717564841 0.0053731191970095441 0.0016950835331261164 -0.0093249362273467445 -0.0020458767812126014
leaf_weight=1.3455771543085577 1.6322996352100743 0.41269775095861483 1.6920660401228813 0.43816338945180167 2.1817041963804513 0.2070681545883416
leaf_count=73 312 31 63 15 376 19
internal_value=-0.000157302 -0.00278237 0.0015535 -0.00643373 -0.00789623 0.00643468
internal_weight=7.90958 6.07021 3.03764 3.03257 2.5944 1.83937
internal_count=889 558 136 422 407 331
is_linear=0
shrinkage=0.02


Tree=868
num_leaves=7
num_cat=0
split_feature=47 44 42 34 30 65
split_gain=0.530392 0.237817 0.151596 0.0975047 0.0762341 0.0738131
threshold=-0.043181039583134802 0.12584389384315656 0.061139036361744468 -0.012678029164009228 0.0078759962504703507 0.1122546524475785
decision_type=2 2 2 2 2 2
left_child=2 3 5 -2 -3 -1
right_child=1 4 -4 -5 -6 -7
leaf_value=-0.0013202695291594383 0.0010326003412916705 0.0044825271301390532 -0.0026616082929298525 -0.0084926363528643467 -0.0023243012053332825 0.0078797869183748551
leaf_weight=0.10228360327892083 0.26416002865880805 0.60568192496430118 0.24281487090047438 2.2628859736141749 0.31772955128690228 1.9375425808830185
leaf_count=3 44 71 48 382 114 227
internal_value=-0.000577209 -0.00500407 0.00560037 -0.00748647 0.00214968 0.0071359
internal_weight=5.7331 3.45046 2.28264 2.52705 0.923411 2.03983
internal_count=889 611 278 426 185 230
is_linear=0
shrinkage=0.02


Tree=869
num_leaves=7
num_cat=0
split_feature=47 28 40 53 20 5
split_gain=0.480946 0.324031 0.0974325 0.0704304 0.0541534 0.0398463
threshold=-0.017096219207920742 0.08854319761516552 0.0080733225841550984 0.018549172001257941 0.065573327673781392 0.84599096555618303
decision_type=2 2 2 2 8 2
left_child=5 2 -2 4 -3 -1
right_child=1 3 -4 -5 -6 -7
leaf_value=-0.0072979251049640568 -0.0012602197979556043 0.0013912816368288089 0.0086022603953841131 0.0019484223620973621 -0.0058464269107832171 0.00047691924636562264
leaf_weight=1.2240401122835463 0.19041428249329406 0.11823692591860868 2.3044045059941709 0.3237007288262248 0.72714030742645264 0.16646045201923687
leaf_count=415 11 3 221 26 184 29
internal_value=0.000873399 0.00449463 0.00770431 -0.00274895 -0.00462876 -0.00655702
internal_weight=5.0544 3.6639 2.49482 1.16908 0.845377 1.3905
internal_count=889 445 232 213 187 444
is_linear=0
shrinkage=0.02


Tree=870
num_leaves=7
num_cat=0
split_feature=10 19 32 20 38 15
split_gain=0.328543 0.2223 0.193994 0.14446 0.138105 0.0877121
threshold=1.4420765116137755 -0.0069035704040154014 0.080514439374508098 0.081760024571854981 0.076388500640897958 0.062633350414234512
decision_type=2 2 2 10 2 2
left_child=1 2 3 -1 -2 -5
right_child=4 -3 -4 5 -6 -7
leaf_value=-0.0073159504097578352 0.0068107972915093604 0.0046023067820985079 0.0028989347007526236 0.0033157983609907672 -0.0023594326544824676 -0.0034538488349474075
leaf_weight=2.6682041534222667 2.4951861895387997 0.76056932692881662 0.78269457747228433 0.74440673599019624 0.28680333460215468 0.37557512742932886
leaf_count=327 323 23 74 73 23 57
internal_value=0.000903736 -0.00197944 -0.00370416 -0.00538896 0.00549152 0.000487302
internal_weight=8.11344 5.33145 4.57088 3.78819 2.78199 1.11998
internal_count=900 554 531 457 346 130
is_linear=0
shrinkage=0.02


Tree=871
num_leaves=7
num_cat=0
split_feature=42 19 2 50 15 30
split_gain=0.428907 0.194889 0.146289 0.146029 0.0743767 0.0514839
threshold=-1.0000000180025095e-35 -0.035661561299542392 0.23317152103559874 0.010818527639084504 0.070516206618957314 -0.0076658674143759353
decision_type=2 2 2 2 2 2
left_child=1 3 -2 -1 -4 -5
right_child=2 -3 4 5 -6 -7
leaf_value=0.0077063229329155779 0.0016761910876907182 -0.0034987123868378484 -0.0081570541861394549 0.002338216069810114 0.0011028834964718821 -0.0033920567275871451
leaf_weight=1.9050860317656777 0.50518609816208515 0.48575398209504772 2.0431670050020334 0.20943000633269548 0.14478472433984269 0.43501810100860883
leaf_count=263 13 25 529 25 17 28
internal_value=-0.00087512 0.00375427 -0.00569644 0.00573252 -0.00739055 -0.00124039
internal_weight=5.72843 3.03529 2.69314 2.54953 2.18795 0.644448
internal_count=900 341 559 316 546 53
is_linear=0
shrinkage=0.02


Tree=872
num_leaves=7
num_cat=0
split_feature=40 50 20 39 41 39
split_gain=0.484006 0.213178 0.146002 0.0612376 0.0607077 0.0521448
threshold=0.020335502331026826 0.009364992800828047 0.073376256371049581 0.025897916553492363 0.0021252109994881756 0.0032830575259637927
decision_type=2 2 10 2 2 2
left_child=5 3 -3 -2 -4 -1
right_child=1 2 4 -5 -6 -7
leaf_value=-0.0077848177154485219 -0.0049094332909348885 0.008236440903592138 -0.0035815500962551668 0.0019107703065812636 0.0025392805829363117 -0.000130370087776048
leaf_weight=1.4367449878482146 0.4989650484058078 1.8585869995877149 0.36269827705109481 0.16288360953330994 0.2935554210562259 0.45733636256773014
leaf_count=585 53 176 35 8 16 27
internal_value=-0.000386765 0.00402511 0.00624458 -0.00309118 -0.000963543 -0.00662027
internal_weight=5.07077 3.17669 2.51484 0.661849 0.656254 1.89408
internal_count=900 288 227 61 51 612
is_linear=0
shrinkage=0.02


Tree=873
num_leaves=7
num_cat=0
split_feature=42 39 6 14 66 34
split_gain=0.475605 0.286757 0.209489 0.1216 0.111679 0.0994792
threshold=0.026901962364728395 0.017059639134123551 266.1233678528709 0.096885497013029856 0.2008929908561502 0.088632681753080159
decision_type=2 2 2 2 2 2
left_child=2 3 5 4 -2 -1
right_child=1 -3 -4 -5 -6 -7
leaf_value=-0.0069523929127999883 0.0086149268714538329 -0.0040316211744464859 0.0030857666146961171 -0.0020088563158916473 -0.0016169104435259686 0.0017063475027185291
leaf_weight=2.92180467885919 2.7852797394152744 0.53613290493376542 0.63349545747041691 0.17363027948886145 0.1614880859851836 0.21683811768889416
leaf_count=415 358 100 17 11 5 10
internal_value=0.000241098 0.00476344 -0.00422221 0.00688628 0.0077866 -0.00608643
internal_weight=7.42867 3.65653 3.77214 3.1204 2.94677 3.13864
internal_count=916 474 442 374 363 425
is_linear=0
shrinkage=0.02


Tree=874
num_leaves=7
num_cat=0
split_feature=48 16 14 23 42 45
split_gain=0.482689 0.174787 0.14645 0.121043 0.0811613 0.0643521
threshold=0.0069253703380776225 -0.058814063601987952 0.094492715292091176 591.37670000000014 0.061139036361744468 0.12771054767593379
decision_type=2 2 2 10 2 2
left_child=3 -2 5 4 -1 -3
right_child=1 2 -4 -5 -6 -7
leaf_value=0.0080590846240823216 0.0027202813786861841 -0.0085348084520900196 0.0018858280451658478 -0.0017613337290148332 -0.0014009953510444903 0.00094207068652101033
leaf_weight=1.6399866481078791 0.45027990639209781 2.226850906619803 0.33577489410527039 0.34841234225314099 0.1133221040945499 0.1109331517945974
leaf_count=231 63 514 58 33 5 12
internal_value=-0.000431873 -0.00485707 -0.00652635 0.0055908 0.00716088 -0.00793759
internal_weight=5.22556 3.12384 2.67356 2.10172 1.75331 2.33778
internal_count=916 647 584 269 236 526
is_linear=0
shrinkage=0.02


Tree=875
num_leaves=7
num_cat=0
split_feature=28 41 38 28 47 3
split_gain=0.562002 0.195481 0.116776 0.0930075 0.0903385 0.0187401
threshold=0.019314206998105394 -0.0011903653880699369 0.066385877602505625 0.11290454205342343 -0.01650227738643564 0.038610614192009549
decision_type=2 2 2 2 2 2
left_child=4 2 -2 5 -1 -3
right_child=1 3 -4 -5 -6 -7
leaf_value=-0.0010391010045994959 -0.0085505911609203462 -0.00051156513600956978 0.0010005563109523326 -0.0030136800444223806 0.0082828371224502578 0.0049627142420219485
leaf_weight=0.25326621741987776 1.7879641030449422 0.092485264874995088 0.39073580573312927 0.26919187570456415 1.5215059865731742 0.59280064445920289
leaf_count=49 608 4 19 21 171 44
internal_value=0.000111125 -0.00457915 -0.00706176 0.0018014 0.0070575 0.00435875
internal_weight=4.90795 3.13318 2.1787 0.954478 1.77477 0.685286
internal_count=916 696 627 69 220 48
is_linear=0
shrinkage=0.02


Tree=876
num_leaves=7
num_cat=0
split_feature=42 28 54 36 53 42
split_gain=0.468188 0.224346 0.335765 0.160316 0.0868383 0.0837132
threshold=-7.1976127105803425e-05 0.08120417182156793 0.36146613480950834 0.015234320280386843 0.018549172001257941 0.013201836162079865
decision_type=2 2 2 2 2 2
left_child=-1 2 -2 -4 5 -3
right_child=1 4 3 -5 -6 -7
leaf_value=-0.005915782690264779 -0.0056902685706060096 -0.0012981811013143515 -0.0024729366994239743 0.0068689679106142621 -0.00052543722342860723 0.0087481121846453899
leaf_weight=1.9384713780600575 1.38337759510614 0.10673435102216977 0.46020973101258267 1.383954958990216 0.41546853852923948 2.226604807889089
leaf_count=263 131 21 60 52 53 295
internal_value=0.000882251 0.00361915 -0.000188704 0.00448789 0.00694787 0.00803697
internal_weight=7.91482 5.97635 3.22754 1.84416 2.74881 2.33334
internal_count=875 612 243 112 369 316
is_linear=0
shrinkage=0.02


Tree=877
num_leaves=7
num_cat=0
split_feature=30 16 34 57 15 14
split_gain=0.439478 0.180223 0.166754 0.0551723 0.0549594 0.0477531
threshold=-0.0044411263757870986 -0.04847355164125388 0.026711190309817574 0.10652778599751436 0.039504830860242299 0.1404174554762731
decision_type=2 2 2 2 2 2
left_child=2 -2 -1 -3 -4 -5
right_child=1 3 4 5 -6 -7
leaf_value=0.0073330033780392026 0.0021729954159753358 0.0008364172675479971 -0.0038363444035777691 -0.0078459458048253435 0.002188799224984338 0.00087320748927525982
leaf_weight=1.6435708350036295 0.66873621812555972 0.15070794714847613 0.47038360097212706 2.2618097044178289 0.20213121420238167 0.069640592322684713
leaf_count=232 88 18 45 451 28 13
internal_value=-0.000571162 -0.00483494 0.00493824 -0.00680483 -0.00179949 -0.00740157
internal_weight=5.46698 3.15089 2.31609 2.48216 0.672515 2.33145
internal_count=875 570 305 482 73 464
is_linear=0
shrinkage=0.02


Tree=878
num_leaves=7
num_cat=0
split_feature=51 28 47 29 66 31
split_gain=0.380415 0.281703 0.179896 0.172843 0.105202 0.0815006
threshold=0.0040407287782345406 -0.0067340594566934605 0.050052803549933765 0.04277074171384903 0.18890487322424027 -0.028064388438153089
decision_type=2 2 2 2 2 2
left_child=1 -1 4 5 -3 -2
right_child=3 2 -4 -5 -6 -7
leaf_value=0.0042606189314734868 -0.0013051338096755972 -0.0091065110361277495 0.0024830786448813685 -0.0031116196357759097 0.0014781569333405904 0.0079684902734892676
leaf_weight=0.48869796533836085 0.14899556385353196 2.2849520526942806 0.28857709356816474 0.27606854075565923 0.13838541007135052 1.5083985854871569
leaf_count=32 39 570 22 45 6 161
internal_value=-0.000680039 -0.00444919 -0.00674372 0.00494907 -0.00824685 0.0069574
internal_weight=5.13408 3.20061 2.71191 1.93346 2.42334 1.65739
internal_count=875 630 598 245 576 200
is_linear=0
shrinkage=0.02


Tree=879
num_leaves=7
num_cat=0
split_feature=42 38 9 34 15 41
split_gain=0.415378 0.425657 0.309766 0.143108 0.123024 0.0940761
threshold=0.015427374265088546 0.060501921201270674 110.34559643255297 -0.01203560672135001 0.070516206618957314 0.016642069680684917
decision_type=2 2 2 2 2 2
left_child=2 3 -1 -2 5 -5
right_child=1 -3 -4 4 -6 -7
leaf_value=-0.0071822314839707583 -0.0022183241251798698 -0.0047694100325023202 0.0041415031909929926 0.0097310071032443539 -0.0017932399379717912 -0.00064752435872777656
leaf_weight=2.7060159028042112 0.2063480801880363 0.9668414257466792 0.57552174490410823 2.4998838754836479 0.15194088290445495 0.25535185774788249
leaf_count=345 19 143 17 331 9 17
internal_value=-0.000116046 0.00376392 -0.00469281 0.00692903 0.00797988 0.00885285
internal_weight=7.3619 4.08037 3.28154 3.11352 2.90718 2.75524
internal_count=881 519 362 376 357 348
is_linear=0
shrinkage=0.02


Tree=880
num_leaves=7
num_cat=0
split_feature=50 46 21 15 34 2
split_gain=0.514731 0.134454 0.132444 0.116639 0.0644331 0.0562236
threshold=0.0088976510795749 0.046701445477244453 -0.008500673827836475 0.085978486056971712 0.092597291738023543 0.18469785575048733
decision_type=2 2 10 2 2 2
left_child=1 2 4 5 -1 -2
right_child=3 -3 -4 -5 -6 -7
leaf_value=0.0085075718569244171 0.0010006368449831191 -0.0016397501060696612 -0.0019160189872753548 0.002000969003480848 -0.00051862332513374746 -0.0080211526958727294
leaf_weight=1.9851114618359145 0.079657196765765881 0.64205517066875462 0.27986910846084345 0.20399825437925745 0.23051999299786974 1.741214732697699
leaf_count=264 6 70 8 28 25 480
internal_value=0.000180914 0.00474025 0.00638124 -0.00611537 0.00769923 -0.00741166
internal_weight=5.16243 3.13756 2.4955 2.02487 2.21563 1.82087
internal_count=881 367 297 514 289 486
is_linear=0
shrinkage=0.02


Tree=881
num_leaves=7
num_cat=0
split_feature=41 28 47 67 65 54
split_gain=0.467448 0.133536 0.125019 0.0862351 0.0635371 0.068571
threshold=-0.0013483051659850872 -0.0047320439599957262 -0.026051124785198772 0.1050896512024561 0.10525403155886943 0.58070436328025832
decision_type=2 2 2 2 2 2
left_child=1 -1 -2 4 -3 -6
right_child=2 3 -4 -5 5 -7
leaf_value=0.0026402814638299193 -0.0020221441405417519 0.0010491732950531556 0.0075555503558013271 0.0008366355725579923 -0.008584182807026745 0.00058139717889476
leaf_weight=0.31522460741689462 0.23661724070552748 0.12536466732854101 1.6623651441186662 0.43775822612224136 1.8345191609696487 0.23214545857626934
leaf_count=26 23 11 175 101 484 61
internal_value=-2.47269e-05 -0.00450177 0.00607628 -0.0058494 -0.00702843 -0.00770077
internal_weight=4.84399 2.94501 1.89898 2.62979 2.19203 2.06666
internal_count=881 683 198 657 556 545
is_linear=0
shrinkage=0.02


Tree=882
num_leaves=7
num_cat=0
split_feature=42 38 64 44 15 14
split_gain=0.358156 0.462024 0.214963 0.19166 0.107563 0.101758
threshold=-1.0000000180025095e-35 0.060501921201270674 0.20297095070422538 0.037531013108545043 0.070516206618957314 -0.056404035111481558
decision_type=2 2 2 2 2 2
left_child=3 2 -2 -1 -4 -5
right_child=1 -3 4 5 -6 -7
leaf_value=0.0022995700236635376 -0.0021496327400938983 -0.0058846642315811609 0.0083982449194926374 0.0017520576827190759 -0.0016689656670934342 -0.0078301596711321149
leaf_weight=0.72466526157222722 0.64460701961070288 0.87481559463776637 3.2821402893168856 0.14514623954892236 0.14183576544746745 2.0091936805984001
leaf_count=19 43 160 355 3 19 304
internal_value=0.000215214 0.00327907 0.0060217 -0.0045347 0.00769823 -0.00683379
internal_weight=7.8224 4.9434 4.06858 2.87901 3.42398 2.15434
internal_count=903 577 417 326 374 307
is_linear=0
shrinkage=0.02


Tree=883
num_leaves=7
num_cat=0
split_feature=46 44 50 14 16 2
split_gain=0.441708 0.272694 0.245976 0.0743627 0.0689998 0.0571276
threshold=0.00072863773870476833 0.086018221439929557 0.0075544144896497285 -0.030161374076849403 0.061808830165264984 0.32163382594417084
decision_type=2 2 2 2 2 2
left_child=4 -2 3 -3 -1 -4
right_child=1 2 5 -5 -6 -7
leaf_value=0.0070733527762199136 -0.0082744614633174039 -0.0016300591835558703 0.0014082368386225585 0.0065706513267472615 -0.0013178705943401746 -0.0057436768245410618
leaf_weight=1.3873600492952389 1.8395816184347498 0.13605243153870095 0.15381877205800254 1.0286520562367516 0.13672604481689621 0.82670047483406961
leaf_count=216 242 18 19 85 7 316
internal_value=-0.00084451 -0.00418981 0.000830022 0.00530222 0.00609669 -0.00447717
internal_weight=5.50889 3.98481 2.14522 1.1647 1.52409 0.980519
internal_count=903 680 438 103 223 335
is_linear=0
shrinkage=0.02


Tree=884
num_leaves=7
num_cat=0
split_feature=47 28 38 40 42 42
split_gain=0.475557 0.338968 0.0901855 0.0872862 0.0564446 0.0410464
threshold=-0.017096219207920742 0.08854319761516552 0.066385877602505625 0.0013709305449042272 -0.0016429062781115739 0.069401674208035766
decision_type=2 2 2 2 2 2
left_child=-1 3 4 -2 -3 -5
right_child=1 2 -4 5 -6 -7
leaf_value=-0.0068695693822802377 -0.00094984705068841145 0.0014145016901202609 0.0024853928988700811 0.0089956959468452877 -0.005983447347190347 -0.00026555397214524053
leaf_weight=1.3390922182588836 0.23222188232466656 0.11310255900025368 0.27089536469429731 2.0757706910371785 0.88201166264479958 0.14417725219391275
leaf_count=452 11 2 6 204 214 14
internal_value=0.000594017 0.00416828 -0.00288073 0.00758782 -0.00485508 0.00849854
internal_weight=5.05727 3.71818 1.26601 2.45217 0.995114 2.21995
internal_count=903 451 222 229 216 218
is_linear=0
shrinkage=0.02


Tree=885
num_leaves=7
num_cat=0
split_feature=6 14 39 46 16 29
split_gain=0.323544 0.295567 0.245818 0.139436 0.135715 0.0611297
threshold=24.973662964876038 0.037088223916494946 0.017059639134123551 -0.0052076279289635227 -0.053533289237892266 -0.064073732120652996
decision_type=2 2 2 2 2 2
left_child=-1 2 3 -2 -5 -6
right_child=1 -3 -4 4 5 -7
leaf_value=-0.0053450807980308544 -0.0017692882135234096 -0.0038771468680700158 -0.0037418048072302102 -0.0010118469566842848 -0.00093113455563694544 0.0089276933700012159
leaf_weight=1.8284754125634206 0.37717536638956461 1.2891923739807678 0.48395974817685772 0.46229476470034558 0.078499974217265733 3.2552187526598586
leaf_count=192 31 235 79 44 12 313
internal_value=0.000401395 0.00268351 0.00486396 0.00639235 0.00740312 0.00853425
internal_weight=7.77482 5.94634 4.65715 4.17319 3.79601 3.33372
internal_count=906 714 479 400 369 325
is_linear=0
shrinkage=0.02


Tree=886
num_leaves=7
num_cat=0
split_feature=47 14 42 44 76 50
split_gain=0.50635 0.193422 0.175088 0.0914603 0.054095 0.0496621
threshold=-0.044446194424006845 0.077058241601184019 0.04273034083099924 0.13457431936877456 0.079500000000000015 0.015091784660585979
decision_type=2 2 2 2 2 2
left_child=2 3 5 4 -2 -1
right_child=1 -3 -4 -5 -6 -7
leaf_value=0.0082394473657301584 0.00084058845664029662 0.0024109564370605151 -0.002789972312910997 0.00073088229435207687 -0.0085693286262642585 -0.00042554490179806833
leaf_weight=1.5640185206430035 0.082638944149949878 0.5979113831417634 0.30095787369646121 0.36754282045876596 2.2214552544755861 0.18943088129162777
leaf_count=213 4 95 52 96 428 18
internal_value=-0.000767454 -0.00511615 0.00556255 -0.00699855 -0.00807957 0.00748877
internal_weight=5.32396 3.26955 2.05441 2.67164 2.30409 1.75345
internal_count=906 623 283 528 432 231
is_linear=0
shrinkage=0.02


Tree=887
num_leaves=7
num_cat=0
split_feature=51 28 2 28 18 56
split_gain=0.343145 0.207637 0.188475 0.124028 0.117312 0.0402903
threshold=0.0040407287782345406 -0.0067340594566934605 0.71535181236673784 0.085837477833543452 0.095802610820299242 0.28535884685169016
decision_type=2 2 2 2 2 2
left_child=1 -1 4 -2 -3 -5
right_child=3 2 -4 5 -6 -7
leaf_value=0.0038064239138582384 0.0074273156460134991 -0.0084107904789462989 0.0027500190397230727 -0.0030581870768930132 0.0018207345621182975 0.002075210256936761
leaf_weight=0.49463798769284073 1.4114259256748485 2.1289280730416076 0.3844781927182338 0.41294061829103146 0.15843185293488193 0.18194527074228972
leaf_count=35 180 551 60 71 4 5
internal_value=0.000215652 -0.0035308 -0.00555586 0.00533616 -0.00736383 -0.0011714
internal_weight=5.17279 3.16648 2.67184 2.00631 2.28736 0.594886
internal_count=906 650 615 256 555 76
is_linear=0
shrinkage=0.02


Tree=888
num_leaves=7
num_cat=0
split_feature=28 74 54 1 15 38
split_gain=0.307281 0.232764 0.20125 0.104454 0.0956237 0.0941845
threshold=0.14042933558932616 0.028583333333333339 0.41490949507780256 0.29384781435509993 0.043369965740664443 -0.029042982896255998
decision_type=2 2 2 2 2 2
left_child=1 2 3 -1 -2 -3
right_child=4 5 -4 -5 -6 -7
leaf_value=0.0018963202935412069 0.007277431689664722 0.0018891583688908067 0.005052931533660549 -0.0052798193458210695 -0.0016381539900073899 -0.0066058180168081264
leaf_weight=0.6806977629894394 1.3381499836686996 0.16809300065506283 1.6046851879218591 1.0413668029941616 0.20765315787866701 2.5188430914422497
leaf_count=19 303 7 66 100 31 383
internal_value=-5.02752e-05 -0.00220536 0.00128743 -0.00278866 0.00590674 -0.00570613
internal_weight=7.55949 6.01369 3.32675 1.72206 1.5458 2.68694
internal_count=909 575 185 119 334 390
is_linear=0
shrinkage=0.02


Tree=889
num_leaves=7
num_cat=0
split_feature=46 45 46 15 7 31
split_gain=0.441526 0.291127 0.187008 0.138849 0.0653718 0.0432064
threshold=0.00072863773870476833 0.051277260378759855 0.064471200956077931 0.089637792725260304 507.58927666666676 -0.081782787007952135
decision_type=2 2 2 2 2 2
left_child=4 3 -3 -2 5 -1
right_child=1 2 -4 -5 -6 -7
leaf_value=-0.00084314871110544628 -0.0084606940907446457 0.0060044536637447014 -0.0039165545821239281 0.0020995922189012447 -0.0012662550321687214 0.0075518138166062497
leaf_weight=0.065234195441007503 2.2097872406011456 0.86760820623021551 0.41155343677382916 0.18285304983146478 0.12929069995880116 1.4787389704724772
leaf_count=2 368 89 197 16 6 231
internal_value=-0.000409314 -0.00406438 0.00249458 -0.00727266 0.0061314 0.00700511
internal_weight=5.34507 3.6718 1.27916 2.39264 1.67326 1.54397
internal_count=909 670 286 384 239 233
is_linear=0
shrinkage=0.02


Tree=890
num_leaves=7
num_cat=0
split_feature=41 38 45 60 47 42
split_gain=0.416289 0.207826 0.124442 0.0799204 0.0496472 0.0478344
threshold=0.004995613885987499 0.066385877602505625 -0.0065297772163568349 0.32087118565105993 0.042551064423043454 0.069401674208035766
decision_type=2 2 2 2 2 2
left_child=1 2 3 -1 -4 -2
right_child=5 -3 4 -5 -6 -7
leaf_value=-0.0033291470838544587 0.0076031414571992853 0.0035216778897491953 -0.0083803541233511743 0.0033144275012990184 0.00049739460617814388 -0.00052759035066836282
leaf_weight=0.34390239667845923 1.3865661048330364 0.63097005360759784 1.5752604979788887 0.58221425855299458 0.16013711836421851 0.18886345846112806
leaf_count=59 166 44 558 34 24 24
internal_value=0.000515934 -0.00337583 -0.00552626 0.000399813 -0.00767879 0.00680204
internal_weight=4.86791 3.29248 2.66151 0.926117 1.7354 1.57543
internal_count=909 719 675 93 582 190
is_linear=0
shrinkage=0.02


Tree=891
num_leaves=7
num_cat=0
split_feature=34 42 67 16 28 46
split_gain=0.260473 0.200483 0.271142 0.156979 0.139184 0.130852
threshold=-1.0000000180025095e-35 -0.00069543678388788918 0.1050896512024561 -0.032246949743726015 -0.0079201708901896258 -0.0052076279289635227
decision_type=2 2 2 2 2 2
left_child=-1 -2 3 -3 -5 -6
right_child=1 2 -4 4 5 -7
leaf_value=-0.005113896582340861 -0.0033524044754544265 -0.0014392437342541991 -0.0032114156780968977 -0.0020979908229231603 -0.0014179101475446881 0.0092130559086331752
leaf_weight=1.3062147584278134 1.0256627396447582 0.61501584842335377 0.9462006096728145 0.18423252541106183 0.24674236390274007 3.1879578471416621
leaf_count=228 93 95 140 32 18 273
internal_value=0.000842639 0.00263209 0.00416772 0.00611531 0.0074328 0.00830183
internal_weight=7.51203 6.20581 5.18015 4.23395 3.61893 3.4347
internal_count=879 651 558 418 323 291
is_linear=0
shrinkage=0.02


Tree=892
num_leaves=7
num_cat=0
split_feature=46 15 44 16 46 16
split_gain=0.507603 0.228096 0.0889179 0.0691565 0.0618206 0.0613468
threshold=0.00072863773870476833 0.042779240836650752 0.13749221343511533 0.061808830165264984 0.078356685644693919 -0.064341596052068392
decision_type=2 2 2 2 2 2
left_child=3 2 5 -1 -3 -2
right_child=1 4 -4 -5 -6 -7
leaf_value=0.0070802169044812228 0.00064494977148519183 0.004571642581095884 0.00047536204508906416 -0.0013294574694044249 -0.0020615215563634568 -0.0088304542443583007
leaf_weight=1.4403862463077528 0.15666506608249697 0.5139366496587171 0.42599112598691125 0.13285548146814097 0.17847223649732769 2.243587141274475
leaf_count=209 27 68 109 8 12 446
internal_value=-0.00114158 -0.00502954 -0.00711363 0.00612938 0.00265405 -0.0082042
internal_weight=5.09189 3.51865 2.82624 1.57324 0.692409 2.40025
internal_count=879 662 582 217 80 473
is_linear=0
shrinkage=0.02


Tree=893
num_leaves=7
num_cat=0
split_feature=41 38 60 66 38 6
split_gain=0.380532 0.252685 0.12724 0.111239 0.0945844 0.0451487
threshold=0.0021252109994881756 0.066385877602505625 0.38814749780509222 0.19363283229184261 -0.020000323082656753 370.47150439777334
decision_type=2 2 2 2 2 2
left_child=1 2 3 -1 -2 -6
right_child=4 -3 -4 -5 5 -7
leaf_value=-0.0085258467002988451 -0.0018911655493345334 0.0037532110768316875 0.0017949095077064293 0.0016957348795522439 0.0075827834201468462 -0.00080369895078082304
leaf_weight=2.1110036704922108 0.14724792249035101 0.65744043514132489 0.30762582697207097 0.1527010342106222 1.4828377767698833 0.087344513856805972
leaf_count=585 4 48 50 7 174 11
internal_value=-3.66929e-05 -0.00378395 -0.00622239 -0.00752803 0.00580817 0.00698508
internal_weight=4.9462 3.22877 2.57133 2.2637 1.71743 1.57018
internal_count=879 690 642 592 189 185
is_linear=0
shrinkage=0.02


Tree=894
num_leaves=7
num_cat=0
split_feature=44 20 32 70 20 51
split_gain=0.340457 0.308871 0.145436 0.145288 0.187336 0.0756985
threshold=0.077017442196986835 0.14515155372256638 0.093417304681933058 70.200814697813627 0.083815934912977827 0.0040407287782345406
decision_type=2 10 2 2 8 2
left_child=3 2 -2 4 -1 -5
right_child=1 -3 -4 5 -6 -7
leaf_value=-0.0051355982157589132 -0.0075149041560254046 0.0043701065414028257 0.0021661155450083433 0.0073385612185731279 0.0041734690769246394 -0.0011173460471837276
leaf_weight=0.73945154505781852 2.5334988812683159 0.73973579506855447 0.29308076086454082 2.0863423951668669 0.73478076292667538 0.21270408853888501
leaf_count=58 425 196 28 102 58 25
internal_value=0.000413823 -0.00353679 -0.00620736 0.00410645 -0.000684281 0.00645468
internal_weight=7.33959 3.56632 2.82658 3.77328 1.47423 2.29905
internal_count=892 649 453 243 116 127
is_linear=0
shrinkage=0.02


Tree=895
num_leaves=7
num_cat=0
split_feature=46 44 2 52 31 12
split_gain=0.441871 0.192413 0.23932 0.0589306 0.0461403 0.0365709
threshold=1.0000000180025095e-35 0.086018221439929557 0.36491677336747769 0.004970841727716729 -0.081782787007952135 240.34722222222226
decision_type=2 2 2 2 2 2
left_child=4 -2 -3 -4 -1 -6
right_child=1 2 3 -5 5 -7
leaf_value=-0.0010239529956755169 -0.0078258841986689337 0.0054517312618266736 0.0012750077000413299 -0.0058308922877170497 0.0072142577748250912 -0.00071660777953502178
leaf_weight=0.08072299975901831 1.733622706262395 0.84760614059632633 0.2161510777659712 0.84335998602909967 1.3491009508725254 0.07074706908315409
leaf_count=3 249 102 9 310 214 5
internal_value=-0.000886633 -0.00442132 0.000300924 -0.00446603 0.00602787 0.00668625
internal_weight=5.14131 3.64074 1.90712 1.05951 1.50057 1.41985
internal_count=892 670 421 319 222 219
is_linear=0
shrinkage=0.02


Tree=896
num_leaves=7
num_cat=0
split_feature=51 67 30 28 5 31
split_gain=0.362332 0.204981 0.143765 0.115178 0.0707996 0.049477
threshold=0.0040407287782345406 0.10906673114119923 0.080126413906581082 0.11352590537522925 0.83285163776493276 -0.035257721440182001
decision_type=2 2 2 2 2 2
left_child=1 2 4 -2 -1 -3
right_child=3 5 -4 -5 -6 -7
leaf_value=-0.0083581343397835031 0.0074290940837683749 -0.0016555833894450326 0.0021963605984513315 -0.0020699000683056913 0.00060608886377963556 0.0046153070320658872
leaf_weight=1.7646655031712737 1.4932596776634453 0.13990801468025893 0.30521361116552714 0.1820550026022828 0.25655314751202229 0.57831331074703474
leaf_count=472 183 51 55 63 39 29
internal_value=0.000348598 -0.00348162 -0.00585587 0.00600898 -0.00739631 0.00314115
internal_weight=4.71997 3.04465 2.32643 1.67531 2.02122 0.718221
internal_count=892 646 566 246 511 80
is_linear=0
shrinkage=0.02


Tree=897
num_leaves=7
num_cat=0
split_feature=44 42 39 54 54 54
split_gain=0.317325 0.333422 0.237171 0.196165 0.115424 0.0952477
threshold=0.077017442196986835 0.029697077460477107 -0.011741432567675457 0.35690988835725684 0.52971664649668249 0.29019689452881725
decision_type=2 2 2 2 2 2
left_child=3 -2 -3 5 -5 -1
right_child=1 2 -4 4 -6 -7
leaf_value=0.002585460292491723 -0.0072740874162670124 0.0060520818912274347 -0.0042046579526541965 0.0083418906949118809 -0.00093513726220307626 -0.0040759206210275525
leaf_weight=0.74665813532192238 1.911265845759772 1.3290814721258355 0.59576209902297694 2.0967289858963345 0.42295867356006045 0.76023119245655835
leaf_count=49 342 210 101 94 45 58
internal_value=0.000908598 -0.0028516 0.00252532 0.00434555 0.00696139 -0.00106054
internal_weight=7.86269 3.83611 1.92484 4.02658 2.51969 1.50689
internal_count=899 653 311 246 139 107
is_linear=0
shrinkage=0.02


Tree=898
num_leaves=7
num_cat=0
split_feature=18 2 15 14 50 44
split_gain=0.474106 0.273224 0.104827 0.0721146 0.0532529 0.055456
threshold=-0.0091989236114220479 0.4746134020618557 0.086732737633877649 -0.023030265626988424 -0.0013492793755086408 0.13342876825054348
decision_type=2 2 2 2 2 2
left_child=1 3 4 -1 -2 -6
right_child=2 -3 -4 -5 5 -7
leaf_value=-0.00071278745289496057 5.019351005215495e-05 -0.0040547833836873789 0.0019804533683063382 0.0077785396060660204 -0.0086050950827958259 0.00026421243394009799
leaf_weight=0.28094650100683871 0.37246005190536458 0.54446371376980085 0.17246513860300172 1.9104406916303558 1.8782167218159886 0.24797527177724976
leaf_count=41 16 209 19 283 268 63
internal_value=-0.00102751 0.00413921 -0.00600545 0.00680768 -0.00696517 -0.00781705
internal_weight=5.40697 2.73585 2.67112 2.19139 2.49865 2.12619
internal_count=899 533 366 324 347 331
is_linear=0
shrinkage=0.02


Tree=899
num_leaves=7
num_cat=0
split_feature=38 18 0 66 40 76
split_gain=0.33817 0.222509 0.0846772 0.0785415 0.0745384 0.0735477
threshold=0.066385877602505625 0.020097596177778069 0.057307060755336627 0.18311382579372656 0.020335502331026826 0.25575000000000009
decision_type=2 2 2 2 2 2
left_child=1 2 -1 5 -3 -4
right_child=-2 4 3 -5 -6 -7
leaf_value=0.0015262921167993452 0.0060984172549172133 -0.0021281032707075767 -0.0082680092620144689 0.001304640606013946 0.0045163417933186617 0.001161529314906213
leaf_weight=0.19783897465095002 1.2994438456371424 0.32801460527116411 2.1170416905079046 0.15337444707984094 0.87638664012774825 0.11759947013342742
leaf_count=6 170 79 562 16 50 16
internal_value=-0.000241292 -0.00323414 -0.00589556 -0.00677945 0.00256226 -0.0075661
internal_weight=5.0897 3.79026 2.58585 2.38802 1.2044 2.23464
internal_count=899 729 600 594 129 578
is_linear=0
shrinkage=0.02


end of trees

feature_importances:
junk_call_lift_max=439
call_lift_max=437
pfr_pres_max=350
squeeze_lift_max=310
pfr_pres_min=281
hu_check_lift=261
vpip_pres_max=235
hu_strong_check_lift=233
wopen_pres_max=197
pre_fold_ahead_lift_max=195
pre_fold_ahead_lift_min=163
step_aside_lift_max=156
squeeze_lift_min=139
raise_lift_max=106
conf_rate=95
blk_call_lift_max=93
wopen_pres_min=92
open_pres_max=82
raise_lift_min=79
vpip_pres_min=79
payoff_lift_max=77
iso_lift=75
netflow_bb100=58
raise_rate_max=54
loss_share_lr_max=53
iso_opp_rate=52
step_aside_lift_min=51
call_lift_min=49
n_shared_frac=49
raise_rate_min=48
fold_strong_lift_min=43
blk_netflow_max_bb100=37
hands_max_frac=34
blk_call_lift_frac=33
wvpip_pres_max=33
fold_lift_max=28
fold_ahead_lift_max=28
wvpip_pres_min=27
call_rate_min=26
contested_rate=24
grossflow_bb100=24
open_pres_min=24
net_bb100_max=24
fold_lift_min=22
pfr_min=22
hu_rate=21
both_contrib_rate=20
vpip_max=20
fold_strong_lift_max=19
wtsd_max=19
junk_call_lift_min=18
net_bb100_min=18
hands_min_frac=18
nosd_flow_max_bb100=17
blk_fold_ahead_lift_max=17
payoff_lift_min=17
adjacent_rate=13
payoff_bb100_max=13
blk_raise_lift_min=13
af_max=13
call_rate_max=13
vpip_min=12
fold_ahead_lift_min=11
sd_together_rate=10
loss_share_lr_min=10
pfr_max=9
bet_unopened_max=9
fold_rate_max=8
tilt_vpip_max=8
tilt_vpip_min=7
flow_asym=6
style_dist=6
wtsd_min=6
af_min=4
bet_unopened_min=4
fold_rate_min=3
payoff_bb100_min=1

parameters:
[boosting: gbdt]
[objective: multiclass]
[metric: multi_logloss]
[tree_learner: serial]
[device_type: cpu]
[data_sample_strategy: bagging]
[data: ]
[valid: ]
[num_iterations: 300]
[learning_rate: 0.02]
[num_leaves: 7]
[num_threads: 10]
[seed: 2]
[deterministic: 0]
[force_col_wise: 0]
[force_row_wise: 0]
[histogram_pool_size: -1]
[max_depth: -1]
[min_data_in_leaf: 10]
[min_sum_hessian_in_leaf: 0.001]
[bagging_fraction: 0.8]
[pos_bagging_fraction: 1]
[neg_bagging_fraction: 1]
[bagging_freq: 1]
[bagging_seed: 29216]
[bagging_by_query: 0]
[feature_fraction: 0.6]
[feature_fraction_bynode: 1]
[feature_fraction_seed: 17795]
[extra_trees: 0]
[extra_seed: 19650]
[early_stopping_round: 0]
[early_stopping_min_delta: 0]
[first_metric_only: 0]
[max_delta_step: 0]
[lambda_l1: 0]
[lambda_l2: 1]
[linear_lambda: 0]
[min_gain_to_split: 0]
[drop_rate: 0.1]
[max_drop: 50]
[skip_drop: 0.5]
[xgboost_dart_mode: 0]
[uniform_drop: 0]
[drop_seed: 24198]
[top_rate: 0.2]
[other_rate: 0.1]
[min_data_per_group: 100]
[max_cat_threshold: 32]
[cat_l2: 10]
[cat_smooth: 10]
[max_cat_to_onehot: 4]
[top_k: 20]
[monotone_constraints: ]
[monotone_constraints_method: basic]
[monotone_penalty: 0]
[feature_contri: ]
[forcedsplits_filename: ]
[refit_decay_rate: 0.9]
[cegb_tradeoff: 1]
[cegb_penalty_split: 0]
[cegb_penalty_feature_lazy: ]
[cegb_penalty_feature_coupled: ]
[path_smooth: 0]
[interaction_constraints: ]
[verbosity: -1]
[saved_feature_importance_type: 0]
[use_quantized_grad: 0]
[num_grad_quant_bins: 4]
[quant_train_renew_leaf: 0]
[stochastic_rounding: 1]
[linear_tree: 0]
[max_bin: 255]
[max_bin_by_feature: ]
[min_data_in_bin: 3]
[bin_construct_sample_cnt: 200000]
[data_random_seed: 45]
[is_enable_sparse: 1]
[enable_bundle: 1]
[use_missing: 1]
[zero_as_missing: 0]
[feature_pre_filter: 1]
[pre_partition: 0]
[two_round: 0]
[header: 0]
[label_column: ]
[weight_column: ]
[group_column: ]
[ignore_column: ]
[categorical_feature: ]
[forcedbins_filename: ]
[precise_float_parser: 0]
[parser_config_file: ]
[objective_seed: 29484]
[num_class: 3]
[is_unbalance: 0]
[scale_pos_weight: 1]
[sigmoid: 1]
[boost_from_average: 1]
[reg_sqrt: 0]
[alpha: 0.9]
[fair_c: 1]
[poisson_max_delta_step: 0.7]
[tweedie_variance_power: 1.5]
[lambdarank_truncation_level: 30]
[lambdarank_norm: 1]
[label_gain: ]
[lambdarank_position_bias_regularization: 0]
[eval_at: ]
[multi_error_top_k: 1]
[auc_mu_weights: ]
[num_machines: 1]
[local_listen_port: 12400]
[time_out: 120]
[machine_list_filename: ]
[machines: ]
[gpu_platform_id: -1]
[gpu_device_id: -1]
[gpu_device_id_list: ]
[gpu_use_dp: 0]
[num_gpu: 1]

end of parameters

pandas_categorical:null
