tree
version=v4
num_class=1
num_tree_per_iteration=1
label_index=0
max_feature_idx=44
objective=binary sigmoid:1
feature_names=h_fold_edge_max h_call_edge_min h_strong_check_partner h_step_aside h_both_vpip h_sd_together h_pot_bb h_board_n h_n_vpip h_netflow_bb h_contrib_max_bb h_pre_pct_max h_pre_pct_min h_fac h_fold_max h_call_max h_raise__max h_fold_ahead_max h_payoff_max h_payoff_bb_max h_fold_strong_max h_squeeze_max h_pre_fold_ahead_max h_pre_junk_call_max h_hu_n h_hu_check h_hu_strong_check h_third_vpip h_weak_open h_open_step_aside h_open_pct h_step_aside_pct n_cand r_h_pot_bb r_h_netflow_bb r_h_contrib_max_bb r_h_pre_pct_max blk_h_fold_ahead_max blk_h_payoff_max blk_h_hu_strong_check blk_h_open_step_aside blk_h_call_max p_directed_transfer p_soft_play p_coordinated_isolation
feature_infos=[-0.99321264028549194:0.93891400098800659] [-0.99321264028549194:0.99321264028549194] [0:6] [0:1] [0:1] [0:1] [1.5:673] [0:5] [0:6] [0:217.75] [1:249.5] [0.0045248870737850666:0.99773752689361572] [0.0045248870737850666:0.99321264028549194] [0:7] [0:1] [0:6] [0:3] [0:1] [0:4] [0:214.75] [0:1] [0:3] [0:1] [0:3] [0:3] [0:3] [0:3] [0:4] [0:1] [0:1] [0.0045248870737850666:0.99773752689361572] [0.0045248870737850666:0.99773752689361572] [20:161] [0.0062893081761006293:1] [0.14000000000000001:1] [0.014084507042253521:1] [0.0062111801242236021:1] [0:1] [0:3] [0:1] [0:1] [0:4] [0.00075033995303396429:0.99907598201115366] [0.00049721248607116273:0.99887628223727754] [0.00036290264714808817:0.9984652608694834]
tree_sizes=1683 1729 1756 1743 1745 1751 1755 1764 1753 1754 1751 1765 1751 1749 1764 1764 1758 1752 1759 1717 1768 1759 1726 1774 1761 1746 1771 1739 1739 1767 1752 1763 1776 1743 1760 1751 1739 1750 1767 1763 1768 1760 1750 1760 1743 1774 1763 1754 1756 1761 1757 1769 1752 1767 1754 1770 1759 1762 1781 1763 1768 1759 1745 1779 1752 1763 1763 1768 1775 1764 1747 1775 1761 1766 1768 1774 1763 1781 1759 1762 1766 1772 1764 1767 1767 1765 1773 1780 1770 1773 1771 1771 1763 1767 1760 1761 1771 1780 1770 1764 1752 1772 1776 1760 1773 1756 1773 1765 1765 1777 1771 1780 1754 1775 1761 1772 1766 1776 1770 1745 1759 1760 1762 1772 1768 1764 1770 1761 1759 1780 1781 1774 1786 1778 1774 1763 1771 1768 1788 1776 1774 1769 1772 1778 1776 1776 1763 1775 1767 1770 1756 1764 1771 1769 1768 1759 1766 1767 1776 1765 1777 1769 1767 1767 1767 1780 1776 1755 1781 1771 1776 1784 1765 1766 1760 1770 1770 1766 1767 1774 1762 1768 1778 1774 1789 1774 1757 1767 1760 1767 1752 1767 1760 1790 1757 1752 1777 1757 1780 1748 1775 1771 1772 1780 1774 1777 1759 1780 1749 1765 1761 1767 1774 1768 1768 1768 1764 1768 1762 1775 1763 1767 1772 1765 1765 1774 1761 1742 1769 1746 1767 1774 1754 1754 1765 1760 1778 1763 1783 1768 1783 1758 1764 1766 1755 1766 1783 1744 1734 1748 1752 1757 1751 1757 1756 1773 1754 1753 1762 1762 1780 1773 1775 1771 1761 1764 1750 1773 1780 1784 1757 1771 1768 1784 1760 1757 1743 1758 1758 1777 1754 1774 1760 1772 1777 1746 1785 1777 1775 1757 1773 1756 1755 1771 1762 1780 1773 1766 1759 1743

Tree=0
num_leaves=15
num_cat=0
split_feature=0 1 31 32 44 34 44 42 42 34 44 32 44 42
split_gain=2359.52 977.904 811.735 288.077 200.767 179.898 205.455 114.568 102.552 100.506 58.3601 50.7654 48.2879 43.5043
threshold=0.071644037961959853 inf 0.027149322442710403 71.500000000000014 0.89185316293149786 0.82534901510805136 0.10105466353485022 0.034693408531335013 0.037114809458192406 0.27174369747899163 0.95987788521857442 32.500000000000007 0.95987788521857442 0.99747798128327081
decision_type=10 8 10 2 2 2 2 2 2 2 2 2 2 2
left_child=1 3 4 5 9 8 7 -7 12 -2 -3 -9 -1 -5
right_child=2 10 -4 13 -6 6 -8 11 -10 -11 -12 -13 -14 -15
leaf_value=-2.2894592845603796 -2.3485088452836838 -2.3846327388602337 -2.3293717697807406 -2.3558759785212753 -2.3639727565678017 -2.2634230622799372 -2.3539380429268899 -2.2695337407992051 -2.3688036389564475 -2.2053889866512564 -2.3720379374685812 -2.3231176291007616 -2.3418267037238403 -2.3815144362772322
leaf_weight=10.451601706445215 2.2789206728339186 726.50419380515814 57.9946019500494 57.444517649710178 3.6934231594204894 30.097469575703144 33.083641491830349 8.4870149195194227 47.700167186558247 48.486001901328564 186.79291170090437 47.621583715081215 21.846205070614815 47.464416772127151
leaf_count=133 29 9245 738 731 47 383 421 108 607 617 2377 606 278 604
internal_value=-2.3636 -2.37173 -2.27637 -2.34072 -2.22156 -2.32666 -2.31118 -2.29507 -2.3501 -2.21139 -2.38207 -2.3135 -2.32316 -2.36753
internal_weight=1329.95 1217.49 112.453 304.197 54.4583 199.288 119.29 86.2061 79.998 50.7649 913.297 56.1086 32.2978 104.909
internal_count=16924 15493 1431 3871 693 2536 1518 1097 1018 646 11622 714 411 1335
is_linear=0
shrinkage=1


Tree=1
num_leaves=15
num_cat=0
split_feature=0 1 17 32 34 42 2 28 42 32 32 42 33 6
split_gain=2103.75 888.063 703.541 250.173 146.665 87.226 59.5069 58.9592 48.7214 48.5256 46.3917 41.573 39.7158 38.1744
threshold=0.071644037961959853 inf 1.0000000180025095e-35 70.500000000000014 0.82534901510805136 0.037114809458192406 1.5000000000000002 1.0000000180025095e-35 0.12603000980821966 59.500000000000007 31.500000000000004 0.99747798128327081 0.19423714759535657 192.27500000000003
decision_type=10 8 2 2 2 2 2 2 2 2 2 2 2 2
left_child=1 3 12 4 5 -1 10 -3 -9 -4 -6 -5 -2 -12
right_child=2 7 9 11 6 -7 -8 8 -10 -11 13 -13 -14 -15
leaf_value=0.037277504152840105 0.057085335416136584 -0.019027700665254662 0.14851939079867335 0.0080226129379597864 0.081970508118870078 -0.0049012590737000129 0.089871020696559459 0.031963716976418692 -0.020096217737029323 0.10151132237551652 0.045610367116624827 -0.016359771118966245 0.019297904705896804 0.017484247568688559
leaf_weight=32.796555295586586 14.714390411972998 872.18307908624411 29.357653766870499 60.553118236362934 10.555425167083738 46.250663124024868 12.061180360615252 16.126859419047836 11.508281186223028 32.168963670730591 70.055354028940201 50.32429576665163 45.113350823521614 28.962991118431091
leaf_count=404 182 11269 331 764 125 591 142 207 149 366 859 649 558 356
internal_value=-6.57748e-05 -0.00804238 0.0789729 0.0210142 0.0342818 0.0128457 0.0479942 -0.0181153 0.0103394 0.125958 0.0426136 -0.00309121 0.0293773 0.0376405
internal_weight=1332.73 1211.38 121.354 311.56 200.682 79.0472 121.635 899.818 27.6351 61.5266 109.574 110.877 59.8277 99.0183
internal_count=16952 15515 1437 3890 2477 995 1482 11625 356 697 1340 1413 740 1215
is_linear=0
shrinkage=0.02


Tree=2
num_leaves=15
num_cat=0
split_feature=9 32 15 22 44 9 30 44 44 20 33 3 20 43
split_gain=1406.28 292.438 258.73 231.995 154.757 77.6076 72.0897 50.2203 47.4924 76.8652 61.5835 49.1015 46.6071 44.3784
threshold=1.9898580000000001 54.500000000000007 1.0000000180025095e-35 1.0000000180025095e-35 0.95987788521857442 93.125000000000014 0.27752640843391424 0.85118042413256967 0.85118042413256967 1.0000000180025095e-35 0.69059891998036338 1.0000000180025095e-35 1.0000000180025095e-35 0.004213393860802799
decision_type=2 2 2 2 2 2 8 2 2 2 2 2 2 2
left_child=3 2 -2 6 5 -4 7 -1 9 10 -3 -11 -8 -14
right_child=1 8 4 -5 -6 -7 12 -9 -10 11 -12 -13 13 -15
leaf_value=-0.017560830225541654 0.01013448376007567 0.032024358686724173 0.086008540744856712 0.031938694512342582 -0.00029540620416024953 0.033736780405275162 -0.015755169443178483 0.066009592118373053 0.0015617259586348747 0.091489381039979514 0.005624886174691676 -0.0046358172344848764 -0.0083651597570257429 0.069537304400763861
leaf_weight=4.0950535461306554 38.336683116853237 73.755821526050568 84.410206399857998 43.894321694970131 11.070902243256567 15.164807721972464 908.24013038724661 6.5263916701078415 50.970394745469093 9.0331443846225721 68.019222885370255 2.5785881802439681 6.5172609090805036 4.0454373732209206
leaf_count=53 477 887 954 529 134 179 11849 81 630 96 851 32 82 49
internal_value=-0.000109127 0.0340102 0.0552494 -0.0125175 0.0706501 0.0784624 -0.0146492 0.0350508 0.0183326 0.0238594 0.0194868 0.0714681 -0.0152612 0.0249045
internal_weight=1326.66 353.34 148.983 973.319 110.646 99.575 929.424 10.6214 204.357 153.387 141.775 11.6117 918.803 10.5627
internal_count=16883 4240 1744 12643 1267 1133 12114 134 2496 1866 1738 128 11980 131
is_linear=0
shrinkage=0.02


Tree=3
num_leaves=15
num_cat=0
split_feature=0 1 17 43 38 30 34 34 42 42 43 0 43 43
split_gain=1821.89 818.177 476.25 274.698 76.2944 71.6471 65.3784 50.3782 49.0622 45.2323 36.8732 32.988 31.908 43.0049
threshold=0.078682314867118339 -0.881598800420761 1.0000000180025095e-35 0.22088054448289898 0.019049346879535561 0.674208164215088 0.7181292885518239 0.27315608919382511 0.048474569499748536 0.064984711974632431 0.016628871087387347 0.033342792038238908 0.99626770471615511 0.99815025277571146
decision_type=10 10 2 2 2 8 2 2 2 2 2 10 2 2
left_child=1 5 -2 6 -5 8 9 -4 10 -3 -1 -7 -6 -14
right_child=2 3 7 4 12 11 -8 -9 -10 -11 -12 -13 13 -15
leaf_value=0.03038542172669358 0.02970991544214726 0.017429302788695214 0.016155344240412962 0.074556843597022568 0.058638174723208564 -0.01963577083754265 0.015160515158925256 0.11085755102307006 -0.018945263703593871 -0.018497870924134633 -0.019098477638760762 0.0183904468581951 0.0046141775906049318 0.050317638486443494
leaf_weight=25.817591518163681 60.471168175339699 18.851618885993958 2.7111762985587111 32.924167603254318 14.113414362072943 817.8511580824852 170.66946335881948 64.954162694513798 20.790915057063103 47.286281354725361 7.0222772657871237 8.4893079251050931 21.575303807854652 12.552027985453604
leaf_count=328 716 232 31 372 157 10862 2061 639 277 611 92 110 257 144
internal_value=-0.000151228 -0.00783896 0.0712252 0.0196161 0.0511359 -0.0177707 0.00864315 0.107354 0.0045545 -0.00815029 0.0195524 -0.0192234 0.0339616 0.0223778
internal_weight=1326.08 1197.94 128.137 317.972 81.1649 879.971 236.807 67.6653 53.6308 66.1379 32.8399 826.34 48.2407 34.1273
internal_count=16889 15503 1386 3834 930 11669 2904 670 697 843 420 10972 558 401
is_linear=0
shrinkage=0.02


Tree=4
num_leaves=15
num_cat=0
split_feature=0 1 22 32 34 44 44 38 0 42 30 30 44 41
split_gain=1685.77 839.301 338.239 247.389 111.066 117.796 101.282 96.0664 94.5338 89.9384 74.23 53.6002 47.0394 40.3676
threshold=0.067263661553028362 -0.881598800420761 1.0000000180025095e-35 71.500000000000014 0.75134408602150549 0.71582374483794953 0.89185316293149786 0.11483516483516486 0.097934105055353285 0.81688173727788205 0.27752640843391424 0.56259429454803478 0.10105466353485022 0.29814814814814822
decision_type=10 10 2 2 2 2 2 2 10 2 8 8 2 2
left_child=1 10 6 4 9 7 8 -6 -2 12 -1 -7 -3 -5
right_child=2 3 -4 13 5 11 -8 -9 -10 -11 -12 -13 -14 -15
leaf_value=0.040745113367423445 0.038924231604342462 0.068255603262846271 0.026955701596548334 0.010391463844411754 0.072592920329648092 0.051000233229409109 0.01797662791295155 0.035084126736464695 0.10689565533973124 -0.012688558083817587 -0.018495328621720614 -0.0031932667034586483 0.01327086122623484 -0.014718586913137386
leaf_weight=7.6380913704633704 11.090705975890158 9.8595754504203814 56.503971949219704 40.449158683419228 47.235107764601707 8.6129440590739232 7.5136720165610305 72.365425296127796 65.115098960697651 34.127834856510162 858.07865235209465 29.913552865386009 16.059677444398403 66.304866150021553
leaf_count=93 116 111 652 493 495 103 84 816 588 441 11564 359 193 846
internal_value=9.99998e-05 -0.00764318 0.0654363 0.0197253 0.0318876 0.0406407 0.090783 0.050377 0.0976356 0.00854917 -0.0179263 0.00990594 0.0359454 -0.00519623
internal_weight=1330.87 1190.64 140.223 324.928 218.174 158.127 83.7195 119.601 76.2058 60.0471 865.717 38.5265 25.9193 106.754
internal_count=16954 15514 1440 3857 2518 1773 788 1311 704 745 11657 462 304 1339
is_linear=0
shrinkage=0.02


Tree=5
num_leaves=15
num_cat=0
split_feature=0 9 17 32 44 30 24 43 44 42 9 44 30 44
split_gain=1576.15 606.335 303.021 188.374 103.267 88.1781 64.0013 65.5013 52.3568 51.4141 82.6297 48.9806 40.2576 36.2803
threshold=0.052790358662605293 1.6040600000000003 1.0000000180025095e-35 56.500000000000007 0.85118042413256967 0.27752640843391424 1.0000000180025095e-35 0.0074601759805136376 0.89185316293149786 0.99742994848139654 0.9987275000000001 0.94876020125090255 0.86274510622024547 0.043623071708209081
decision_type=10 2 2 2 2 8 2 2 2 2 2 2 8 2
left_child=1 5 -2 6 9 8 -3 13 -1 -4 -11 -7 -13 -8
right_child=2 3 4 -5 -6 11 7 -9 -10 10 -12 12 -14 -15
leaf_value=-0.017330852654672064 0.027778589530118795 0.018809166646590693 0.11117332445356987 0.0014164642368483429 -0.0047115171045120077 -0.019607618191559449 0.039893429573003063 0.07350612458717086 0.069189833649027657 -0.017489592615237554 0.080474676379183249 0.0092508431782328104 -0.012949552633651034 -0.0038882956735385712
leaf_weight=3.8725840672850591 68.735030457377434 68.412293300032616 32.678349204361439 157.15070150047541 4.7987665385007849 679.33278734236956 41.180633418262005 23.356501527130604 6.6838765814900398 3.3725888878107062 45.314878791570663 41.533857762813568 142.30919692665339 9.0223820209503156
leaf_count=51 784 797 283 1924 51 9297 451 225 75 33 382 543 1922 107
internal_value=-6.50632e-05 -0.00800023 0.0596836 0.016539 0.0845242 -0.0164105 0.0331513 0.0460587 0.038697 0.0897804 0.0734733 -0.0171285 -0.00791112 0.0321028
internal_weight=1327.75 1172.85 154.9 299.123 86.1646 873.732 141.972 73.5595 10.5565 81.3658 48.6875 863.176 183.843 50.203
internal_count=16925 15392 1533 3504 749 11888 1580 783 126 698 415 11762 2465 558
is_linear=0
shrinkage=0.02


Tree=6
num_leaves=15
num_cat=0
split_feature=0 15 43 31 32 44 30 32 34 44 34 44 21 43
split_gain=1408.57 666.519 274.449 270.867 163.497 126.427 128.623 93.8129 97.9828 89.2525 65.3234 50.3346 39.9044 29.6341
threshold=0.067263661553028362 1.0000000180025095e-35 0.22088054448289898 0.96870285272598278 75.500000000000014 0.92925425934993655 0.674208164215088 70.500000000000014 0.7181292885518239 0.85118042413256967 0.27718676122931446 0.10105466353485022 1.0000000180025095e-35 0.0014418243572603322
decision_type=10 2 2 8 2 2 8 2 2 2 2 2 2 2
left_child=1 5 7 -2 -4 -1 -7 8 -3 10 -5 -10 -8 -12
right_child=3 2 4 9 -6 6 12 -9 11 -11 13 -13 -14 -15
leaf_value=-0.020492594717445582 0.024081619843438345 -0.013987913848958968 0.068050036379780604 0.0051605656573947287 0.010422228862451794 0.029537148855024637 -0.013612415900735291 -0.012940255804581541 0.033402702430389612 0.0052056542148742526 0.074414343317699971 -0.0013110723107924345 0.015166917742476001 0.10588081991736271
leaf_weight=667.12623260170221 62.962284713983536 32.360613711178303 56.786236509680748 4.1574277058243743 30.49826018512249 38.987049475312233 157.06044495850801 68.721375346183777 75.488954596221447 6.3468107953667632 49.480282947421074 21.283291652798653 21.107843235135078 31.173737987875938
leaf_count=9282 698 422 550 43 366 469 2153 885 814 68 392 253 254 247
internal_value=-0.000106525 -0.00761206 0.0189331 0.0565252 0.0482603 -0.0161833 -0.00291156 0.00581765 0.0158229 0.0784292 0.0837843 0.0258327 -0.0101373 0.0877243
internal_weight=1323.54 1169.42 285.139 154.121 87.2845 884.282 217.155 197.854 129.133 91.1583 84.8114 96.7722 178.168 80.654
internal_count=16896 15448 3290 1448 916 12158 2876 2374 1489 750 682 1067 2407 639
is_linear=0
shrinkage=0.02


Tree=7
num_leaves=15
num_cat=0
split_feature=17 1 43 44 20 44 34 34 16 10 36 37 34 38
split_gain=1084.66 650.207 189.657 104.331 120.806 78.4745 46.8516 45.5283 45.3171 33.8063 44.7943 31.5977 32.2976 29.2221
threshold=1.0000000180025095e-35 -0.881598800420761 0.22088054448289898 0.92925425934993655 1.0000000180025095e-35 0.85118042413256967 0.30673457838143753 0.30304779496652051 1.0000000180025095e-35 1.5000000000000002 0.23827838827838829 0.038098693759071121 0.7181292885518239 0.019049346879535561
decision_type=2 10 2 2 2 2 2 2 2 2 2 2 2 2
left_child=1 3 11 4 -1 7 -6 -2 13 -5 -11 -3 -13 -4
right_child=5 2 8 9 6 -7 -8 -9 -10 10 -12 12 -14 -15
leaf_value=-0.020139149085583889 0.011269132223528015 0.016281317706227809 0.06106739276276181 -0.021050811517950702 -0.010961768762270981 -0.00013279545643880188 0.065022188026274991 0.064294316675995417 -0.0064383174138010167 0.018698468926610128 -0.0048258952162484586 -0.014116989876080477 0.0079986744437943857 0.035046211727286648
leaf_weight=654.4056917950511 7.4032913222908965 113.08800706267357 35.072627849876881 33.02071014046669 4.559946045279502 9.0885277912020666 8.430889964103697 104.98079064488411 6.6708944737911215 41.316752478480339 136.86985253542662 35.701988652348518 93.312830336391926 46.314276985824108
leaf_count=9235 84 1314 339 460 53 105 98 879 71 509 1817 475 1085 482
internal_value=-0.000318917 -0.00606058 0.0178325 -0.0150492 -0.0189215 0.0563989 0.0394737 0.0609315 0.0427998 -0.00278148 0.000702692 0.00861265 0.00181715 0.0468648
internal_weight=1330.24 1208.76 330.161 878.604 667.397 121.473 12.9908 112.384 88.0578 211.207 178.187 242.103 129.015 81.3869
internal_count=17006 15938 3766 12172 9386 1068 151 963 892 2786 2326 2874 1560 821
is_linear=0
shrinkage=0.02


Tree=8
num_leaves=15
num_cat=0
split_feature=0 15 17 30 38 37 21 38 7 40 6 0 33 30
split_gain=1237.82 620.139 209.383 146.743 74.991 51.8212 51.3816 31.0892 28.4863 27.0106 23.7682 22.3617 19.9233 25.0144
threshold=0.071644037961959853 1.0000000180025095e-35 1.0000000180025095e-35 0.46003016829490667 0.019049346879535561 1.0000000180025095e-35 1.0000000180025095e-35 0.16542288557213933 4.5000000000000009 0.11651583710407241 172.55000000000004 -0.58220210671424855 0.1913329161451815 0.82956260442733776
decision_type=10 2 2 8 2 2 2 2 2 2 2 10 2 8
left_child=1 3 12 7 -3 8 11 -1 -6 -4 -10 -5 -2 -14
right_child=2 4 9 6 5 -7 -8 -9 10 -11 -12 -13 13 -15
leaf_value=0.036112744466770062 0.041823483188805341 0.035763515611191121 0.087614883008050537 -0.020489351179891473 0.0040865397500631879 0.0059517357885170395 0.0064758142870824566 -0.017780951487695235 0.047773845171151769 0.060643969885679883 0.018511107903982499 -0.012821679426570538 0.033321500415837563 0.004903212038289079
leaf_weight=24.784330524504188 17.723905935883522 69.021800100803375 30.725040212273598 580.11740223318338 16.563882403075695 164.12580665200949 34.104913212358952 4.50111050158739 25.506397724151611 65.950548946857452 22.583498850464821 215.82552410662174 20.62481714785099 29.988231554627419
leaf_count=287 186 718 220 8338 188 1912 403 62 266 489 249 3023 225 327
internal_value=9.89123e-05 -0.00722236 0.0511729 -0.0158382 0.0176092 0.0120003 -0.0173991 0.0275158 0.0270304 0.070025 0.0346888 -0.0184289 0.0238778 0.0169049
internal_weight=1322.15 1157.13 165.013 859.333 297.801 228.78 830.048 29.2854 64.6538 96.6756 48.0899 795.943 68.337 50.613
internal_count=16893 15446 1447 12113 3333 2615 11764 349 703 709 515 11361 738 552
is_linear=0
shrinkage=0.02


Tree=9
num_leaves=15
num_cat=0
split_feature=1 17 17 43 22 30 16 11 42 1 36 1 41 30
split_gain=1008.75 383.36 214.909 187.959 181.895 84.6517 33.5405 31.7311 29.751 26.0576 25.7023 23.9568 23.8166 34.5804
threshold=0.67345401644706737 1.0000000180025095e-35 1.0000000180025095e-35 0.22088054448289898 1.0000000180025095e-35 0.35746607184410101 1.0000000180025095e-35 0.87820512056350719 0.12603000980821966 -0.38612367212772364 0.18469899665551842 0.10708899796009065 0.12060606060606062 0.81598794460296642
decision_type=8 2 2 2 2 8 2 2 2 10 2 10 2 8
left_child=2 4 3 12 5 8 7 11 -2 -9 -3 -5 13 -1
right_child=1 10 -4 6 -6 -7 -8 9 -10 -11 -12 -13 -14 -15
leaf_value=0.049249836589399125 0.041706463767178424 0.0078788939076255872 0.050813535308759275 0.019012319633738943 0.022216667855948665 -0.018172270808829098 -0.002816222231617095 0.0078524085667090633 -0.017347468441628825 0.061336629232866396 0.062351867427074485 0.053026124267433583 0.0054154553564908286 0.0052404896375535456
leaf_weight=11.897410951554777 12.144716851413252 4.3132168129086521 98.418133363127708 27.804251186549664 48.822061449289322 783.45467961579561 6.2611430734395972 4.3418923467397681 3.9760831594467154 40.606937848031521 26.968843244016171 12.22732289880514 211.13831278681755 16.611855745315552
leaf_count=131 129 47 775 269 513 11349 66 44 55 382 235 117 2475 191
internal_value=-0.000114593 -0.0123777 0.0249837 0.017171 -0.0149359 -0.0172294 0.0414407 0.0446963 0.0269787 0.0564536 0.0553178 0.0304407 0.00779694 0.0246529
internal_weight=1308.99 879.68 429.307 330.889 848.398 799.575 91.2415 84.9804 16.1208 44.9488 31.2821 40.0316 239.648 28.5093
internal_count=16778 12328 4450 3675 12046 11533 878 812 184 426 282 386 2797 322
is_linear=0
shrinkage=0.02


Tree=10
num_leaves=15
num_cat=0
split_feature=0 1 3 32 30 44 34 44 42 0 42 38 44 30
split_gain=1106.11 690.008 172.117 160.401 82.1781 78.3787 66.3039 66.9341 57.8033 57.6502 57.3243 50.4996 39.0633 39.7874
threshold=0.02187028527259827 -0.881598800420761 1.0000000180025095e-35 55.500000000000007 0.27752640843391424 0.85118042413256967 0.7181292885518239 0.037362098537922217 0.81688173727788205 0.090659340659340684 0.0314432850447161 0.12347560975609757 0.92925425934993655 0.87028658390045177
decision_type=10 10 2 2 8 2 2 2 2 10 2 2 2 8
left_child=1 4 5 6 -1 9 8 11 -3 -2 -5 -8 -6 -14
right_child=2 3 -4 10 12 -7 7 -9 -10 -11 -12 -13 13 -15
leaf_value=0.041242131025922418 0.029463843506810451 0.033847604523283378 0.021068225215865238 0.014538603140029504 -0.020672702483567746 -0.0065768691844333262 0.063773637694134508 0.01024052615924189 -0.017491726021914435 0.069742456862445124 -0.0078054426709205371 0.032770201536252673 0.0083094409740494084 -0.01491568589604543
leaf_weight=8.467900983989237 19.280236721038818 15.38605213165283 82.024679645895958 95.622088924050331 605.94051772356033 6.6663407832384101 39.686218738555908 26.760989397764206 17.951541595160961 91.852688796818256 86.648994125425816 53.228295780718327 37.586799502372742 127.48309142142534
leaf_count=92 185 161 890 1042 9010 67 330 295 237 605 1071 528 500 1838
internal_value=0.000470877 -0.00730674 0.0436804 0.016652 -0.0176205 0.0591156 0.0316804 0.0385834 0.00649823 0.0630797 0.00393194 0.0465506 -0.0183195 -0.00960908
internal_weight=1314.59 1114.76 199.824 335.284 779.478 117.799 153.013 119.676 33.3376 111.133 182.271 92.9145 771.01 165.07
internal_count=16851 15104 1747 3664 11440 857 1551 1153 398 790 2113 858 11348 2338
is_linear=0
shrinkage=0.02


Tree=11
num_leaves=15
num_cat=0
split_feature=9 22 44 1 6 1 42 14 31 44 31 31 37 36
split_gain=950.658 160.454 115.708 99.3407 70.8951 57.0718 80.4533 74.6093 85.4987 67.5555 49.5876 48.2393 35.8647 32.1201
threshold=1.9898580000000001 1.0000000180025095e-35 0.85118042413256967 -0.881598800420761 163.62500000000003 -0.39356266662250788 0.55233124286261204 1.0000000180025095e-35 0.87820512056350719 0.10105466353485022 0.64404225349426281 0.99547508358955394 0.041960093896713617 0.53647450110864758
decision_type=2 2 2 10 2 10 2 2 8 2 8 8 2 2
left_child=1 5 3 -2 11 7 -7 -1 9 -9 -4 -5 -10 -11
right_child=2 -3 10 4 -6 6 -8 8 12 13 -12 -13 -14 -15
leaf_value=-0.019895508427236874 0.0019712865955456575 0.022921158551499801 0.027076433134197112 -0.0046459504494878665 0.016122697893580746 0.02460189544951737 -0.021096501436512392 -0.019991814080960769 -0.0087628629953503158 0.012920431609313389 -0.005524980560575962 0.041225465964259946 0.028192872458797404 -0.0099540462806059979
leaf_weight=484.02253013849258 44.882084652781487 50.142486751079559 25.40361151099205 9.3681174889206869 70.892709039151669 34.777178667485714 26.105419278144836 154.50571290403605 14.541862875223158 47.345194928348064 62.828636936843395 219.39594085514545 33.478680923581123 48.911590814590454
leaf_count=7282 545 510 282 106 739 371 343 2326 206 620 718 1901 365 711
internal_value=0.000252517 -0.0115266 0.0245511 0.0297718 0.0339153 -0.0135986 0.00498293 -0.0150483 -0.00715571 -0.0118406 0.00405978 0.0393349 0.0170513 0.00131424
internal_weight=1326.6 893.831 432.771 344.539 299.657 843.688 60.8826 782.806 298.783 250.762 88.2322 228.764 48.0205 96.2568
internal_count=17025 12734 4291 3291 2746 12224 714 11510 4228 3657 1000 2007 571 1331
is_linear=0
shrinkage=0.02


Tree=12
num_leaves=15
num_cat=0
split_feature=0 9 32 31 30 43 34 16 13 43 41 32 32 0
split_gain=976.034 505.329 153.195 142.021 62.2785 58.5451 70.8955 38.7089 35.8763 36.8017 34.8425 32.4348 30.1584 29.227
threshold=0.02187028527259827 1.6040600000000003 56.500000000000007 0.96870285272598278 0.75829562544822704 0.045118867052476364 0.49594720496894412 1.0000000180025095e-35 1.0000000180025095e-35 0.0074601759805136376 0.35147058823529415 59.500000000000007 80.500000000000014 -0.60897433757781971
decision_type=10 2 2 8 8 2 2 2 2 2 2 2 2 10
left_child=1 4 8 -2 10 6 -5 -6 -3 -10 -1 -8 -4 -11
right_child=3 2 12 5 7 -7 11 -9 9 13 -12 -13 -14 -15
leaf_value=0.010607621693336204 0.018729849499594581 -0.018396504951024541 0.008404584102432491 -0.013399995219477483 -0.018231813076262156 0.07376712229229912 0.060679017287725151 0.019972902834327434 0.022536643385808609 0.056752274861441368 -0.015227308807320282 0.03355809426605437 -0.0090168718967788847 0.024699417298491212
leaf_weight=51.861779771745205 81.220524549484253 5.6981772035360327 85.035623587667942 7.7308766692876807 699.78541301190853 38.8521389067173 42.966729387640953 9.9913387894630414 97.170503720641136 29.880222544074059 33.515865460038185 38.43823765963316 72.876588493585587 22.103396579623222
leaf_count=660 857 82 951 74 10585 267 284 119 993 231 484 278 881 213
internal_value=0.000228747 -0.00726164 0.0142442 0.0397419 -0.015728 0.0528275 0.0429833 -0.0176667 0.0283113 0.0302063 0.000406981 0.0484356 0.000358424 0.0438468
internal_weight=1317.13 1107.92 312.765 209.209 795.154 127.988 89.1358 709.777 154.852 149.154 85.3776 81.405 157.912 51.9836
internal_count=16959 15199 3351 1760 11848 903 636 10704 1519 1437 1144 562 1832 444
is_linear=0
shrinkage=0.02


Tree=13
num_leaves=15
num_cat=0
split_feature=1 13 32 31 44 44 31 28 6 31 14 37 32 42
split_gain=825.484 165.479 148.122 105.643 96.9359 76.6423 70.9685 55.8982 45.9767 42.1524 42.0457 41.6031 32.0969 27.7136
threshold=inf 1.0000000180025095e-35 71.500000000000014 0.84615385532379161 0.85118042413256967 0.71582374483794953 0.95022624731063854 1.0000000180025095e-35 163.62500000000003 0.85671192407608043 1.0000000180025095e-35 0.07362240289069559 42.500000000000007 0.99747798128327081
decision_type=8 2 2 8 2 2 8 2 2 8 2 2 2 2
left_child=2 -2 5 4 -3 6 -1 -6 12 -7 13 -5 -8 -4
right_child=1 3 10 11 7 9 8 -9 -10 -11 -12 -13 -14 -15
leaf_value=-0.0073366280014031306 -0.020041862474436893 -0.01818440453749345 0.0047949351143014643 0.0033633336661385606 -0.0018122647067486764 0.024751131769472155 0.054775450927233814 0.030958384381266347 0.020410172065042125 -0.0047338153805613695 0.014097476976755213 0.030261681328579301 0.035240340626918998 -0.019975527565962235
leaf_weight=15.456444039940832 470.05163419246674 164.92008005827665 38.260226055979729 48.219774231314659 95.272231988608837 39.367428354918957 54.618384636938572 25.608242698013783 57.424491241574287 36.807848744094372 83.035080604255199 43.476095639169216 120.50695049017668 32.720342449843884
leaf_count=191 7311 2492 423 600 1305 417 430 262 562 407 788 437 1004 432
internal_value=-0.000284505 -0.012135 0.0207007 -0.00226268 -0.00825619 0.0283545 0.0337348 0.00532717 0.0364844 0.0106273 0.00451149 0.0163056 0.0416094 -0.00674253
internal_weight=1325.75 847.548 478.197 377.496 285.801 324.182 248.006 120.88 232.55 76.1753 154.016 91.6959 175.125 70.9806
internal_count=17061 12407 4654 5096 4059 3011 2187 1567 1996 824 1643 1037 1434 855
is_linear=0
shrinkage=0.02


Tree=14
num_leaves=15
num_cat=0
split_feature=9 13 32 42 44 31 30 13 22 9 30 21 44 6
split_gain=767.968 169.43 136.715 89.7613 88.2351 68.3218 85.2374 48.3407 44.6469 42.715 42.1674 38.2999 35.7871 35.6272
threshold=1.6040600000000003 1.0000000180025095e-35 59.500000000000007 0.94020770508060059 0.98907574798998976 0.87820512056350719 0.46003016829490667 1.0000000180025095e-35 1.0000000180025095e-35 0.49989500000000009 0.27752640843391424 1.0000000180025095e-35 0.0068114473795804651 81.700000000000017
decision_type=2 2 2 2 2 8 8 2 2 2 8 2 2 2
left_child=1 10 4 5 7 6 -3 -2 -5 -10 -1 -8 -7 -4
right_child=2 3 13 8 -6 12 11 -9 9 -11 -12 -13 -14 -15
leaf_value=0.039232123114829973 -0.018286886648312121 0.031453302957647582 0.014861949075804902 -0.018259386076000972 0.0043991863775815314 0.030598584168610256 -0.0085082761189095666 0.038759221972933869 -0.019580316417492517 0.044423186979641711 -0.0204083871079275 0.029760989985342996 -0.0013500151515398542 -0.0028190490363172488
leaf_weight=3.9055365771055213 5.5810804292559615 26.786878198385239 141.45705387741327 134.22250160574913 40.203740194439888 49.462587662041187 168.9560366794467 189.52247153967619 6.6011151522397986 8.5793211981654149 442.64463443309069 10.176159180700777 19.30846443772316 66.623591743409634
leaf_count=42 83 264 1388 1985 430 526 2410 1554 66 83 7035 109 231 766
internal_value=-0.000307806 -0.0112165 0.0210896 -0.00215278 0.0315074 0.00463287 -0.00115712 0.0370424 -0.0145766 0.0171016 -0.0198003 -0.00618112 0.0217378 0.00921441
internal_weight=1314.03 870.643 443.388 424.093 235.307 274.69 205.919 195.104 149.403 15.1804 446.55 179.132 68.7711 208.081
internal_count=16972 12751 4221 5674 2067 3540 2783 1637 2134 149 7077 2519 757 2154
is_linear=0
shrinkage=0.02


Tree=15
num_leaves=15
num_cat=0
split_feature=9 13 32 15 22 41 14 44 9 3 44 37 32 10
split_gain=729.65 173.699 126.762 92.9602 63.4847 53.266 51.0317 49.3581 44.9242 38.0729 54.6215 28.8041 27.9023 27.7514
threshold=1.9898580000000001 1.0000000180025095e-35 59.500000000000007 1.0000000180025095e-35 1.0000000180025095e-35 0.43095238095238103 1.0000000180025095e-35 0.98760905901283003 20.100000000000005 1.0000000180025095e-35 0.71582374483794953 0.041960093896713617 94.000000000000014 94.15000000000002
decision_type=2 2 2 2 2 2 2 2 2 2 2 2 2 2
left_child=1 -1 3 -2 5 6 -3 13 12 11 -11 -8 -4 -5
right_child=2 4 8 7 -6 -7 9 -9 -10 10 -12 -13 -14 -15
leaf_value=-0.019743135577642054 0.0061765032714374678 0.023864610625365767 0.019637729815971245 0.043603581801640194 0.018065022038353033 -0.01688049418026167 -0.01059005725832329 -0.00015142245763090543 -0.0069565111741737157 -0.018185915621016135 0.0032939295649505804 0.023969690469466644 0.0011792855012646832 0.023307081186740127
leaf_weight=438.82613157108426 51.38804791867733 30.604748792946339 111.71929636597633 139.44043282419443 55.062067002058029 103.2699720300734 13.263189271092413 13.58128862082958 52.573755770921707 90.87831474095583 97.187231540679932 30.261215828359127 46.36527518928051 38.274431772530079
leaf_count=7076 566 330 1081 1021 535 1523 181 150 608 1436 1335 301 475 342
internal_value=-0.000128422 -0.0109558 0.0203749 0.0302049 -0.00176104 -0.00478925 1.91465e-05 0.0365939 0.00896124 -0.0032211 -0.007127 0.013437 0.0142654 0.0393872
internal_weight=1312.7 859.353 453.343 242.684 420.527 365.465 262.195 191.296 210.658 231.59 188.066 43.5244 158.085 177.715
internal_count=16960 12717 4243 2079 5641 5106 3583 1513 2164 3253 2771 482 1556 1363
is_linear=0
shrinkage=0.02


Tree=16
num_leaves=15
num_cat=0
split_feature=0 1 31 42 40 28 41 42 0 9 42 39 40 40
split_gain=833.7 545.995 93.4385 68.1636 41.8859 39.5719 36.7729 24.522 23.2958 19.9526 20.4515 19.5108 19.4862 17.1215
threshold=0.060841597426963288 -0.881598800420761 0.47058823704719549 0.99841769497333799 0.27888888888888896 1.0000000180025095e-35 0.15075757575757578 0.018120694565182203 -0.52087701809562825 1.9898580000000001 0.99882803050714852 0.069047619047619066 0.15504807692307696 0.34891304347826091
decision_type=10 10 10 2 2 2 2 2 10 2 2 2 2 2
left_child=1 5 12 4 6 8 -3 -7 -1 -5 -11 -6 -2 -10
right_child=2 3 -4 9 11 7 -8 -9 13 10 -12 -13 -14 -15
leaf_value=-0.019870839629991869 0.056513102457495766 0.041081667171873198 0.017867830100246288 -0.020466741015858513 0.0027830716406519736 0.019848954326621926 0.018370373654281388 -0.017772092114354897 -0.014608382793015183 -0.0050339064836456074 0.016488214920690868 0.04027816984558124 0.039098439004499976 0.00054985897313664046
leaf_weight=532.87276924028993 60.073604665696621 34.814555369317532 65.754383936524391 17.88410846889019 77.645259320735931 17.994652248919014 166.08414156734943 9.9783510863780958 137.10787225887179 49.822713129222393 26.097679793834686 4.99744027853012 71.108038507401943 37.918757792562246
leaf_count=8686 358 309 647 260 831 194 1593 152 2056 545 254 40 478 562
internal_value=-0.000117126 -0.00683627 0.0377068 0.0127017 0.0175762 -0.0168587 0.0224901 0.0062788 -0.0177806 -0.00206257 0.00248251 0.00550486 0.0474406 -0.0113399
internal_weight=1310.15 1113.22 196.936 377.346 283.541 735.872 200.899 27.973 707.899 93.8045 75.9204 82.6427 131.182 175.027
internal_count=16965 15482 1483 3832 2773 11650 1902 346 11304 1059 799 871 836 2618
is_linear=0
shrinkage=0.02


Tree=17
num_leaves=15
num_cat=0
split_feature=0 15 43 44 31 30 32 32 34 44 43 9 32 21
split_gain=869.294 421.005 145.56 140.091 107.569 102.468 76.5169 68.3785 60.9694 59.892 33.5127 66.3464 30.0096 29.5944
threshold=0.02187028527259827 1.0000000180025095e-35 0.22088054448289898 0.92925425934993655 0.96870285272598278 0.8355957865715028 94.000000000000014 56.500000000000007 0.7181292885518239 0.85118042413256967 0.0018609733130996343 0.49989500000000009 48.500000000000007 1.0000000180025095e-35
decision_type=10 2 2 2 8 8 2 2 2 2 2 2 2 2
left_child=1 3 7 -1 12 -5 -4 8 -3 10 11 -6 -2 -7
right_child=4 2 6 5 9 13 -8 -9 -10 -11 -12 -13 -14 -15
leaf_value=-0.020507439055422624 0.032951288737566246 -0.01509882347369083 0.038903688238700156 0.020716751620265761 -0.019831828034248971 -0.013921192942878514 -0.0033257334468222424 -0.0093308088580684786 0.021213844579198518 -0.0040946670070640461 0.062550585122698468 0.045471925180262829 0.0077402189712977715 0.011752060235988673
leaf_weight=558.04189023375511 29.283836796879768 22.845170609652996 87.306483186781406 59.630608431994915 6.1998127773404113 123.50511268526316 21.117234990000725 102.93845835328102 84.178795993328094 8.814325846731661 51.550165541470051 78.777335539460182 52.503607727587223 20.204231686890125
leaf_count=9169 292 297 667 694 58 1928 220 1245 762 85 314 472 527 218
internal_value=0.000221887 -0.00726661 0.0120199 -0.0153368 0.0356979 -0.00111577 0.0307236 0.00226157 0.0133946 0.0459999 0.0492403 0.0405322 0.017056 -0.0102555
internal_weight=1306.9 1079.77 318.386 761.382 227.129 203.34 108.424 209.962 107.024 145.342 136.527 84.9771 81.7874 143.709
internal_count=16948 15200 3191 12009 1748 2840 887 2304 1059 929 844 530 819 2146
is_linear=0
shrinkage=0.02


Tree=18
num_leaves=15
num_cat=0
split_feature=1 14 32 31 22 6 37 24 41 11 31 32 32 32
split_gain=695.643 157.955 103.913 93.5588 52.7409 41.8589 37.6417 37.3209 32.1588 30.5321 27.7659 23.6309 21.2505 21.1469
threshold=0.67345401644706737 1.0000000180025095e-35 59.500000000000007 0.84615385532379161 1.0000000180025095e-35 93.125000000000014 0.041960093896713617 1.0000000180025095e-35 0.36602870813397131 0.61840122938156139 0.5429864525794984 95.500000000000014 48.500000000000007 40.500000000000007
decision_type=8 2 2 8 2 2 2 2 2 2 10 2 2 2
left_child=2 -2 7 4 9 11 -5 8 10 -3 -1 -4 -6 -9
right_child=1 3 5 6 12 -7 -8 13 -10 -11 -12 -13 -14 -15
leaf_value=0.035684959135882433 -0.01950165467337658 0.0038042734988516635 0.019174124803243327 -0.0030125218503940961 0.032032538428538614 -0.0034983792178894741 0.023322859968560008 0.044561124286346371 0.0077688088629057706 -0.014648487561555757 0.0078905103824176946 0.00052645705098788062 0.0023894870070338657 0.02768863658642327
leaf_weight=51.363106481730938 430.6997025385499 43.414177276194096 113.67250778526068 31.664633747190237 13.995985269546507 75.04277016595006 66.629622891545296 52.672163397073746 57.901575729250908 195.91828639060259 20.757555283606052 35.703391708433628 27.762518107891083 90.198589734733105
leaf_count=438 7278 582 1042 411 129 853 648 370 578 3129 209 358 263 686
internal_value=0.000198943 -0.0112275 0.018797 -0.00180762 -0.00768016 0.00865963 0.0148942 0.0270715 0.0190643 -0.0112993 0.0279026 0.0147502 0.0128416 0.0341755
internal_weight=1307.4 810.085 497.312 379.385 281.091 224.419 98.2943 272.893 130.022 239.332 72.1207 149.376 41.7585 142.871
internal_count=16974 12440 4534 5162 4103 2253 1059 2281 1225 3711 647 1400 392 1056
is_linear=0
shrinkage=0.02


Tree=19
num_leaves=15
num_cat=0
split_feature=0 1 32 31 30 34 41 41 34 32 30 1 2 0
split_gain=755.084 503.199 105.786 84.5821 58.4064 57.0347 40.4089 31.4864 26.6502 25.4336 21.1766 20.4457 19.9207 19.6
threshold=0.025685695653241625 inf 70.500000000000014 0.96870285272598278 0.674208164215088 0.81440092165898637 0.21807065217391305 0.29814814814814822 0.27374686716791991 32.500000000000007 0.18702866137027743 -0.60105583071708668 1.5000000000000002 0.097934105055353285
decision_type=10 8 2 8 8 2 2 2 2 2 10 10 2 10
left_child=1 2 5 -2 10 6 -1 -4 -5 -7 -3 -10 -11 -13
right_child=3 4 7 8 -6 9 -8 -9 11 12 -12 13 -14 -15
leaf_value=0.028575467647234551 0.016665865835222775 0.041778508968547588 0.007980802617957701 0.0017999041581492604 -0.01863600561390364 0.047719551531949782 -0.0027193774127227317 -0.012695202291447799 0.056292499463343762 0.019490152144193303 -0.00046348623753009454 0.017804985463837041 0.041205342945478556 0.042346868756170795
leaf_weight=21.205080412328243 83.962434992194176 4.3180028125643721 50.298143401741982 6.3596850559115401 644.37138117104769 18.108133770525455 63.720970660448074 68.40768625959754 42.610345125198364 134.72749022394419 44.02422484382987 18.06611979752779 19.7064019292593 78.813928790390491
leaf_count=200 821 44 521 59 10835 143 688 863 260 1174 608 135 131 437
internal_value=0.000134518 -0.00694341 0.0116582 0.0329423 -0.0170471 0.0188376 0.00533621 -0.00394086 0.042135 0.025414 0.00407987 0.043948 0.0225084 0.037999
internal_weight=1298.7 1068.89 376.174 229.813 692.714 257.468 84.9261 118.706 145.85 172.542 48.3422 139.49 154.434 96.88
internal_count=16919 15207 3720 1712 11487 2336 888 1384 891 1448 652 832 1305 572
is_linear=0
shrinkage=0.02


Tree=20
num_leaves=15
num_cat=0
split_feature=9 17 22 17 32 44 44 44 43 29 11 21 40 32
split_gain=597.394 160.7 129.47 118.712 112.859 93.4401 38.2411 32.409 31.6447 31.3359 35.2843 35.1946 25.4082 24.9796
threshold=1.6040600000000003 1.0000000180025095e-35 1.0000000180025095e-35 1.0000000180025095e-35 52.500000000000007 0.71582374483794953 0.89185316293149786 0.037362098537922217 0.045118867052476364 1.0000000180025095e-35 0.63763198256492626 1.0000000180025095e-35 0.27681992337164757 78.500000000000014
decision_type=2 2 2 2 2 2 2 2 2 2 2 2 2 2
left_child=2 4 3 5 7 -1 -3 -2 -5 11 -11 -7 -13 -6
right_child=1 6 -4 8 13 9 -8 -9 -10 10 -12 12 -14 -15
leaf_value=-0.01867618519389292 0.028040376660677949 0.038535758667677146 0.018226122839437749 -0.0016227482315893417 0.0059396601212581878 -0.012609261582140119 -0.0041404509138400596 0.006132291805549488 0.040368584769606246 0.026883101802099331 -0.0017774984907565807 0.059093644998482235 -0.0032579486518442423 -0.0085982893268086828
leaf_weight=538.93938601762056 116.46081975102425 127.37046300619841 56.942845091223717 11.032151699066164 114.25579340010881 100.81033573299646 8.790009602904318 35.9355199187994 19.159590773284435 24.220524445176125 53.555593207478523 3.9321088418364507 5.3535026535391808 79.153071273118258
leaf_count=9155 957 754 518 101 1159 1617 83 355 140 264 797 40 54 947
internal_value=-0.000187942 0.0174378 -0.0106334 -0.0128254 0.0101369 -0.0144488 0.0357706 0.022948 0.0254647 -0.00228707 0.00737576 -0.00911821 0.0263239 -2.36566e-05
internal_weight=1295.91 481.966 813.946 757.003 345.805 726.811 136.16 152.396 30.1917 187.872 77.7761 110.096 9.28561 193.409
internal_count=16941 4255 12686 12168 3418 11927 837 1312 241 2772 1061 1711 94 2106
is_linear=0
shrinkage=0.02


Tree=21
num_leaves=15
num_cat=0
split_feature=1 17 30 17 44 34 31 39 44 34 31 44 44 31
split_gain=600.445 240.742 148.173 99.6366 53.3956 34.5071 34.3812 33.7146 31.3749 29.7183 28.8427 25.6472 24.1684 22.351
threshold=0.67345401644706737 1.0000000180025095e-35 0.674208164215088 1.0000000180025095e-35 0.043623071708209081 0.55857843137254914 0.94570136070251476 0.061553030303030311 0.85118042413256967 0.8674084091467914 0.75829562544822704 0.043623071708209081 0.71582374483794953 0.64404225349426281
decision_type=8 2 8 2 2 2 10 2 2 2 8 2 2 8
left_child=3 2 4 7 10 -5 12 9 -7 -1 -2 -11 -4 -13
right_child=1 -3 6 5 -6 8 -8 -9 -10 11 -12 13 -14 -15
leaf_value=0.002651893815861916 -0.017857463158309186 0.035414283851895691 -0.019603712519119791 -0.0078100464734431772 0.023356694275292151 0.037162846569963749 0.024213146962989558 0.025525478710683443 -0.0040315518679093767 0.019884602993975473 0.032976866976646688 0.023055553267938997 -0.010514952726842995 -0.0060829431120406801
leaf_weight=156.42135420069098 25.848709598183635 41.084678553044796 496.54332291334867 7.8697456046938887 52.557388328015804 112.9243141785264 7.198552541434764 57.369239896535873 7.7105850502848616 116.36990935355425 4.4052551724016658 13.943827524781225 158.36063384264708 34.736421585083008
leaf_count=1691 393 293 8643 65 532 646 86 456 75 1054 40 137 2450 371
internal_value=-0.000226365 -0.0111699 -0.0137833 0.0167165 0.0113317 0.0318858 -0.0169368 0.0115005 0.0345183 0.00892629 -0.00963722 0.0148209 -0.0174254 0.00255948
internal_weight=1293.34 785.999 744.914 507.345 82.8114 128.505 662.103 378.841 120.635 321.472 30.254 165.05 654.904 48.6802
internal_count=16932 12437 12144 4495 965 786 11179 3709 721 3253 433 1562 11093 508
is_linear=0
shrinkage=0.02


Tree=22
num_leaves=15
num_cat=0
split_feature=0 1 32 43 31 30 44 44 9 43 9 21 38 0
split_gain=673.307 438.504 103.624 85.9111 78.5428 71.2247 58.6903 46.8268 28.9844 26.8303 32.443 25.8959 25.0349 23.826
threshold=0.025685695653241625 inf 71.500000000000014 0.22088054448289898 0.96870285272598278 0.674208164215088 0.10105466353485022 0.85118042413256967 16.050000000000004 0.00083198376355692689 0.49989500000000009 1.0000000180025095e-35 0.019049346879535561 0.3512725811147141
decision_type=10 8 2 2 8 8 2 2 2 2 2 2 2 10
left_child=1 2 3 8 13 6 -3 9 -1 10 -6 -5 -4 -2
right_child=4 5 12 11 7 -7 -8 -9 -10 -11 -12 -13 -14 -15
leaf_value=0.0024724292661491439 0.007649112163220134 -0.020310945760374021 0.011299988201377249 0.035628547148616706 -0.018694393328291422 -0.0185898134922939 0.02347603003625004 -0.0038611681257300925 0.018222563116536861 0.049196009009566097 0.0345365000559558 -0.017717887087194552 -0.011527188038618321 0.030981103235531271
leaf_weight=111.72682350128889 62.338778987526894 19.290677007287741 23.902683757245541 80.313691094517708 4.3295669779181472 618.97841051965952 30.005644105374813 9.6649276018142682 79.809925720095634 80.617008216679096 61.31601832062006 3.2365004792809478 84.720191359519958 23.919302374124527
leaf_count=1170 610 325 246 537 40 10873 326 89 697 445 336 28 1030 217
internal_value=-4.61871e-05 -0.00697344 0.0100507 0.0165647 0.0299488 -0.0167488 0.00627813 0.0384037 0.00909579 0.0412038 0.0307979 0.0333769 -0.00644676 0.0144
internal_weight=1294.17 1051.98 383.71 275.087 242.186 668.275 49.2963 155.928 191.537 146.263 65.6456 83.5502 108.623 86.2581
internal_count=16969 15232 3708 2432 1737 11524 651 910 1867 821 376 565 1276 827
is_linear=0
shrinkage=0.02


Tree=23
num_leaves=15
num_cat=0
split_feature=13 17 34 30 32 42 42 14 15 34 30 32 16 42
split_gain=532.701 267.555 113.773 69.14 67.4216 36.2581 34.0198 62.9469 31.2651 28.3063 24.878 24.7702 24.6423 27.7389
threshold=1.0000000180025095e-35 1.0000000180025095e-35 0.86967844202898559 0.46003016829490667 71.500000000000014 0.94020770508060059 0.55233124286261204 1.0000000180025095e-35 1.0000000180025095e-35 0.3987179487179488 0.27752640843391424 76.500000000000014 1.0000000180025095e-35 0.99859623773400863
decision_type=2 2 2 8 2 2 2 2 2 2 8 2 2 2
left_child=10 2 3 5 8 -2 7 11 -4 -8 -1 -5 13 -10
right_child=1 -3 4 6 -6 -7 9 -9 12 -11 -12 -13 -14 -15
leaf_value=0.02560702861819714 0.028229468966004773 0.030820951411547691 0.0024291199270260917 0.030530215836458187 -0.0032939829810982937 -0.0086346899138729366 -0.021194682839228613 -0.0046759759945340425 0.036209987288228343 -0.004809513076637845 -0.020003334252931874 -0.0032227545769731177 0.011732567214689755 0.0051350920701883239
leaf_weight=4.0290718525648108 40.429375715553761 171.14768378436565 27.202423863112926 31.268132127821445 57.318720873445272 13.844748593866823 72.665414977818727 224.11761055514216 77.948548495769501 100.50513637065887 391.02030226960778 11.661695539951323 36.344294115900993 13.872189067304133
leaf_count=42 362 1061 288 265 664 167 1180 3120 562 1315 7183 125 319 115
internal_value=-0.000214995 0.00845983 0.00301223 -0.00225322 0.0152076 0.0188397 -0.00489056 -0.000404022 0.0220106 -0.0117672 -0.0194747 0.0214967 0.0261157 0.0316211
internal_weight=1273.38 878.326 707.178 494.492 212.686 54.2741 440.218 267.047 155.367 173.171 395.049 42.9298 128.165 91.8207
internal_count=16768 9543 8482 6534 1948 529 6005 3510 1284 2495 7225 390 996 677
is_linear=0
shrinkage=0.02


Tree=24
num_leaves=15
num_cat=0
split_feature=0 15 43 28 31 34 16 42 0 42 37 34 43 9
split_gain=593.106 349.291 104.614 84.6942 76.2946 50.0059 33.9173 30.2139 29.4029 23.4882 29.4973 28.5245 23.183 34.3072
threshold=0.025685695653241625 1.0000000180025095e-35 0.22088054448289898 1.0000000180025095e-35 0.96870285272598278 0.7181292885518239 1.0000000180025095e-35 0.12603000980821966 0.078682314867118339 0.55233124286261204 0.030776515151515155 0.95015527950310574 0.045118867052476364 0.49989500000000009
decision_type=10 2 2 2 8 2 2 2 10 2 2 2 2 2
left_child=1 3 5 6 -2 -3 -1 -5 -6 -7 11 -11 13 -10
right_child=4 2 -4 7 8 9 -8 -9 12 10 -12 -13 -14 -15
leaf_value=-0.017905099627810166 0.011657177792775945 -0.016026546899118779 0.02407605011739259 0.022042926794820179 0.013927557922123787 -0.0073272161302113626 0.0014002717828117647 -0.019110143919496236 -0.011607666789236049 0.012769540613545695 0.0043679902233831501 0.050678482919932558 0.052147436051587691 0.035868604034340293
leaf_weight=622.71680680289865 84.347371429204941 50.825682293623686 124.35704515129328 31.183079645037651 23.879474826157093 37.86526583135128 38.510016307234764 8.3333693407475931 6.0476838350296012 25.68581485748291 94.554239436984062 11.203521251678465 39.847373485565186 94.819325357675552
leaf_count=11198 797 680 927 300 188 412 402 139 50 219 923 95 195 495
internal_value=-0.000367049 -0.00697931 0.00949182 -0.0150786 0.0273128 0.00118137 -0.0167803 0.013107 0.0352169 0.00641087 0.0103939 0.0253164 0.0387059 0.0329361
internal_weight=1294.18 1045.23 344.492 700.743 248.941 220.135 661.227 39.5164 164.594 169.309 131.444 36.8893 140.714 100.867
internal_count=17020 15295 3256 12039 1725 2329 11600 439 928 1649 1237 314 740 545
is_linear=0
shrinkage=0.02


Tree=25
num_leaves=15
num_cat=0
split_feature=0 1 32 43 30 31 34 41 43 34 41 32 30 41
split_gain=630.572 419.793 99.1102 81.2174 60.0927 59.7669 33.1385 34.5588 32.7837 42.1889 25.7715 25.1284 24.915 23.0284
threshold=0.025685695653241625 -0.881598800420761 71.500000000000014 0.95938849276378135 0.23831070959568026 0.94570136070251476 0.7181292885518239 0.19859154929577469 0.045118867052476364 0.45968489341983326 0.09449404761904763 31.500000000000004 0.674208164215088 0.22902097902097904
decision_type=10 10 2 2 8 8 2 2 2 2 2 2 8 2
left_child=1 4 3 6 -1 -2 7 -3 9 -7 -4 -8 -6 -11
right_child=5 2 10 -5 12 8 11 -9 -10 13 -12 -13 -14 -15
leaf_value=0.03669216963337664 0.014380614977670158 0.026017772633368148 0.033561099741664706 0.032673314887335728 -0.0022614821778486026 -0.013902963230909083 0.035114381346712652 -0.015649474206129659 0.048812858579971662 0.0021291873700239861 -0.0088090175935040798 0.010189357120858299 -0.018447697252561453 0.034830972117342374
leaf_weight=7.4184308573603621 86.088282138109207 9.3178655579686147 5.1006064265966407 80.733208261430264 40.961903750896454 8.0464693903923017 17.66967211663723 34.315731901675463 50.591333381831646 9.5463334992527944 104.0761951841414 137.98755135387182 593.16265995427966 102.05439005047083
leaf_count=70 807 91 51 512 576 74 130 447 262 72 1231 1232 10885 550
internal_value=0.000191833 -0.0067941 0.00957754 0.0158635 -0.0167256 0.028201 0.00892474 -0.00636796 0.035065 0.0288955 -0.00654289 0.0132248 -0.0174073 0.0320774
internal_weight=1287.07 1030.74 389.201 280.024 641.543 256.327 199.291 43.6336 170.239 119.647 109.177 155.657 634.125 111.601
internal_count=16990 15225 3694 2412 11531 1765 1900 538 958 696 1282 1362 11461 622
is_linear=0
shrinkage=0.02


Tree=26
num_leaves=15
num_cat=0
split_feature=13 9 41 31 15 20 43 43 9 1 11 31 28 24
split_gain=481.298 167.038 64.4836 35.1498 34.8899 43.4918 40.6235 29.9293 36.383 27.2096 18.1453 31.0324 17.0552 16.9515
threshold=1.0000000180025095e-35 1.6040600000000003 0.11882352941176472 0.67873305082321178 1.0000000180025095e-35 1.0000000180025095e-35 0.0051106040482886582 0.010251232595750469 0.49989500000000009 -0.48688912751511054 0.72398191690444957 0.84615385532379161 1.0000000180025095e-35 2.5000000000000004
decision_type=2 2 2 8 2 2 2 2 2 10 2 8 2 2
left_child=12 2 9 -4 -3 6 -6 8 -5 10 -2 -12 13 -1
right_child=1 4 3 7 5 -7 -8 -9 -10 -11 11 -13 -14 -15
leaf_value=-0.020234884016799418 0.018394171697379932 0.0045302490374379964 -0.012703920386242596 -0.015748359842560448 0.010601861440342805 0.038086788252856815 0.024611822793919866 0.013176104703502407 0.012890004258700584 0.038475455084993761 -0.0077860552946236771 0.02491754521574974 0.0067247553913470526 0.025589684530319668
leaf_weight=367.91383003070951 36.491142615675926 95.829717922955751 167.98816081136465 53.468318525701761 228.36279290914536 38.508597522974014 131.67084217816591 49.690550625324249 25.429420802742243 12.039169050753115 44.376716796308756 14.595302805304526 9.4555715359747392 2.4483507499098769
leaf_count=7117 416 955 2727 707 1942 198 929 531 304 108 736 146 122 48
internal_value=-0.000340378 0.00763904 -0.00189944 -0.00670759 0.0154235 0.0180249 0.0157795 0.00116363 -0.00647216 0.0113048 0.00751488 0.000588458 -0.019186 -0.0198639
internal_weight=1278.27 898.451 404.079 296.576 494.372 398.542 360.034 128.588 78.8977 107.502 95.4632 58.972 379.818 370.362
internal_count=16986 9699 5675 4269 4024 3069 2871 1542 1011 1406 1298 882 7287 7165
is_linear=0
shrinkage=0.02


Tree=27
num_leaves=15
num_cat=0
split_feature=0 1 43 44 44 34 43 29 34 41 11 0 34 11
split_gain=556.253 371.346 78.8013 68.8547 55.9389 68.3202 42.0288 40.5449 25.0384 29.6296 21.1634 20.9181 19.9305 19.5931
threshold=0.02187028527259827 inf 0.045118867052476364 0.10105466353485022 0.89185316293149786 0.53174692049272132 0.019490522383576861 1.0000000180025095e-35 0.7181292885518239 0.11596638655462187 0.46003016829490667 0.086004380429279909 0.36239495798319338 0.96870285272598278
decision_type=10 8 2 2 2 2 2 2 2 2 2 10 2 2
left_child=1 2 8 -3 5 6 -2 -5 9 -1 -9 13 -6 -7
right_child=4 3 -4 7 12 11 -8 10 -10 -11 -12 -13 -14 -15
leaf_value=0.025239973407523958 -0.016221901532686472 -0.020345035244535216 0.020897914683370589 -0.013746919492922451 0.02261807115802145 0.0091709573864901771 0.030615240492316828 0.030034059152488531 0.0054222454773940774 -0.014468619919267843 0.0012764546772521021 0.039987968078197891 0.0015814365659744239 0.049709144200565193
leaf_weight=7.7914492711424819 17.305713307112459 458.04587965831161 132.57871716469526 92.031974535435438 31.06159045919776 20.565609693527225 12.198054585605858 11.469060331583021 201.97049207240343 53.384898703545332 57.722157582640648 133.8228722885251 41.490621872246265 5.4855561330914488
leaf_count=73 169 8820 970 1650 279 157 85 100 1951 720 890 682 375 37
internal_value=-2.4042e-05 -0.00673395 0.00838639 -0.0163941 0.025904 0.0316138 0.00351131 -0.00511302 0.00202757 -0.00908671 0.00640326 0.0367459 0.0107729 0.0192291
internal_weight=1276.92 1014.99 395.726 619.269 261.93 189.378 29.5038 161.223 263.147 61.1763 69.1912 159.874 72.5522 26.0512
internal_count=16958 15174 3714 11460 1784 1130 254 2640 2744 793 990 876 654 194
is_linear=0
shrinkage=0.02


Tree=28
num_leaves=15
num_cat=0
split_feature=0 1 43 44 31 32 32 44 29 32 11 25 32 43
split_gain=505.238 369.084 98.2443 73.2066 68.3923 54.6259 54.2577 36.8775 36.2577 32.6299 26.2371 21.7337 21.5699 20.4282
threshold=0.039466630930045571 inf 0.0051106040482886582 0.95987788521857442 0.96870285272598278 74.500000000000014 94.000000000000014 0.89185316293149786 1.0000000180025095e-35 42.500000000000007 0.87028658390045177 2.5000000000000004 47.500000000000007 0.00077974603579986708
decision_type=10 8 2 2 8 2 2 2 2 2 2 2 2 2
left_child=1 2 5 11 12 -1 9 13 -5 -4 -10 -3 -2 -6
right_child=4 3 6 8 7 -7 -8 -9 10 -11 -12 -13 -14 -15
leaf_value=0.0060691121285009822 0.024607125150764696 -0.020185126559983085 0.045650980429998392 -0.012628814015459467 0.025336761369109714 -0.015649729334942471 -0.0051749623193322811 -0.0062384199976545712 0.016307313578701042 0.020774204712360911 -0.0096806221081481274 0.031287315578726584 0.0037147916700358587 0.041520779932971603
leaf_weight=191.5208761356771 29.654241643846035 469.11284627765417 27.559714339673519 80.056796476244926 57.104828536510468 60.000962939113379 25.682774119079113 8.6325821876525861 43.218291930854321 99.036040015518665 23.141206197440624 2.4549213051795951 56.912491381168365 93.65564252436161
leaf_count=1840 260 9145 164 1440 297 774 263 74 534 721 396 48 520 463
internal_value=-0.000116728 -0.00631591 0.00854161 -0.0160222 0.0255577 0.000846589 0.0211632 0.0333074 -0.0036378 0.0265052 0.0072355 -0.0198515 0.0110709 0.035598
internal_weight=1267.74 1021.78 403.8 617.984 245.96 251.522 152.279 159.393 146.416 126.596 66.3595 471.568 86.5667 150.76
internal_count=16939 15325 3762 11563 1614 2614 1148 834 2370 885 930 9193 780 760
is_linear=0
shrinkage=0.02


Tree=29
num_leaves=15
num_cat=0
split_feature=13 17 32 34 42 9 20 34 42 16 43 32 12 34
split_gain=474.118 198.283 86.5353 81.0689 45.4281 34.0692 45.1639 31.1537 25.3812 24.506 21.0262 23.0042 18.1686 16.2236
threshold=1.0000000180025095e-35 1.0000000180025095e-35 70.500000000000014 0.82534901510805136 0.88834318165707671 0.49989500000000009 1.0000000180025095e-35 0.34084768659236747 0.99776249193075983 1.0000000180025095e-35 0.00088104060992618002 42.500000000000007 0.8355957865715028 0.56698717948717958
decision_type=2 2 2 2 2 2 2 2 2 2 2 2 2 2
left_child=-1 2 3 4 7 -6 -7 -2 -4 10 -5 -12 -8 -3
right_child=1 13 8 9 5 6 12 -9 -10 -11 11 -13 -14 -15
leaf_value=-0.019133988553694671 0.015100850013108118 0.0083262086574782661 -0.0027603530146394868 0.0081739369115053761 -0.021035388146394881 -0.0045628690186242963 0.081325634478376069 -0.00093415700328335354 -0.01750085905342871 0.0078269110294618208 0.041690579619388296 0.020248667334679633 0.0074153013088986072 0.028275602373566584
leaf_weight=361.60510462149978 94.433795709162951 19.200811132788658 152.76356550678611 31.468248199671507 50.310272201895714 51.487002234905958 2.6546642780303946 98.252780620008707 66.625772014260292 68.786334306001663 30.553417909890413 67.636535782366991 2.4380489960312843 166.88217529654503
leaf_count=7298 1152 144 1954 267 853 714 21 1283 1010 601 201 505 28 920
internal_value=0.000188231 0.00793417 0.00314755 0.00775355 0.00117209 -0.00923265 0.00144531 0.00696183 -0.00729596 0.0176334 0.0227362 0.0272737 0.0529669 0.0262726
internal_weight=1265.1 903.493 717.41 498.021 299.577 106.89 56.5797 192.687 219.389 198.445 129.658 98.19 5.09271 186.083
internal_count=16951 9653 8589 5625 4051 1616 763 2435 2964 1574 973 706 49 1064
is_linear=0
shrinkage=0.02


Tree=30
num_leaves=15
num_cat=0
split_feature=0 1 43 44 30 44 34 38 42 30 30 12 37 0
split_gain=459.932 354.688 77.7023 57.2604 46.3737 45.285 50.0186 30.8536 26.9659 25.7922 23.8221 22.9694 19.7383 16.6532
threshold=0.067263661553028362 -0.881598800420761 0.75928880338049354 0.10105466353485022 0.87028658390045177 0.89185316293149786 0.30304779496652051 0.019049346879535561 0.0046617185505968411 0.82956260442733776 0.18702866137027743 0.32277527451515203 0.051956815114709856 0.025685695653241625
decision_type=10 10 2 2 8 2 2 2 2 8 10 2 2 10
left_child=1 3 11 13 10 6 8 -4 -2 -7 -5 12 -3 -1
right_child=5 2 7 4 -6 9 -8 -9 -10 -11 -12 -13 -14 -15
leaf_value=-0.020118628249834965 0.038284254165332009 0.01899316203424161 0.031026981460995345 0.05098349099339667 -0.012721249876601415 0.022636233623383281 0.033807930780704452 0.011551445106396684 -0.019369405774054417 -0.002512274847559769 0.0054114258955399877 -0.0019731791822958427 0.00092296602677250706 0.0077828359963149707
leaf_weight=436.7203961648047 3.412441559135913 47.684410344809294 60.694795854389668 4.1391271874308577 116.36723583191633 32.56138426810503 152.87165220826864 72.995207495987415 11.345990933477877 31.389440260827541 46.359464216977358 187.66875297948718 48.250356201082468 8.2392602115869504
leaf_count=8792 20 459 388 32 2127 267 775 545 107 280 589 1925 522 85
internal_value=-0.000421796 -0.00615695 0.00804891 -0.0158433 -0.00580681 0.0249814 0.0304327 0.020558 -0.00445523 0.0104438 0.0100642 0.00210064 0.010008 -0.0195857
internal_weight=1260.7 1029.12 417.294 611.825 166.866 231.581 167.63 133.69 14.7584 63.9508 50.4986 283.604 95.9348 444.96
internal_count=16913 15464 3839 11625 2748 1449 902 933 127 547 621 2906 981 8877
is_linear=0
shrinkage=0.02


Tree=31
num_leaves=15
num_cat=0
split_feature=13 31 44 32 43 22 14 44 44 9 34 43 34 11
split_gain=444.969 123.455 106.185 96.6211 44.097 39.3542 30.4226 32.594 29.0284 25.5684 25.3664 24.9974 24.583 22.6121
threshold=1.0000000180025095e-35 0.94117647409439098 0.039913366222266829 51.500000000000007 0.045118867052476364 1.0000000180025095e-35 1.0000000180025095e-35 0.71582374483794953 0.95987788521857442 0.9987275000000001 0.56698717948717958 0.22088054448289898 0.50155279503105599 0.87028658390045177
decision_type=2 8 2 2 2 2 2 2 2 2 2 2 2 2
left_child=-1 2 5 8 6 -2 -5 12 10 -7 11 -3 -8 -4
right_child=1 3 13 4 -6 9 7 -9 -10 -11 -12 -13 -14 -15
leaf_value=-0.018986745882871119 -0.017588732353115599 -0.017165923346020375 0.012567122275287175 -0.0094967608354996572 0.015605663457371534 -0.0094345658354562916 -0.019888849414823963 -0.010256031816537819 -0.0019996912609181131 0.035621547662635873 0.027762545934078148 0.023665227571509694 0.015457437999381882 -0.0019577007360412728
leaf_weight=352.45012421905994 139.25077328085899 10.229497086256744 135.03527189046144 74.461742926388979 126.67266140878201 9.6081516295671463 7.7838611640036097 33.62594585493207 16.572601579129696 8.8826342895627022 187.25168657302856 11.936190675944088 87.699420977383852 62.247218336910009
leaf_count=7355 2605 130 1474 878 1052 88 93 364 165 72 1199 95 590 874
internal_value=6.45187e-05 0.00744577 -0.0017671 0.0133186 0.00639111 -0.0139528 0.00060907 0.00646565 0.0233692 0.0129267 0.0253768 0.00489401 0.0123997 0.00799744
internal_weight=1263.71 911.258 355.024 556.234 330.244 157.742 203.571 129.109 225.99 18.4908 209.417 22.1657 95.4833 197.282
internal_count=17034 9679 5113 4566 2977 2765 1925 1047 1589 160 1424 225 683 2348
is_linear=0
shrinkage=0.02


Tree=32
num_leaves=15
num_cat=0
split_feature=13 31 30 34 20 43 30 38 42 22 42 43 42 24
split_gain=405.075 119.218 75.929 36.0937 36.3674 28.417 27.5468 24.943 24.3372 21.3389 21.1507 28.6226 18.8255 18.5422
threshold=1.0000000180025095e-35 0.94117647409439098 0.53657618165016185 0.28215467328370564 1.0000000180025095e-35 0.0008241552530034046 0.6591252088546754 0.097619047619047633 0.0046617185505968411 1.0000000180025095e-35 0.94020770508060059 0.95938849276378135 0.99770098280471287 2.5000000000000004
decision_type=2 8 8 2 2 2 8 2 2 2 2 2 2 2
left_child=6 2 7 8 5 12 -1 -2 -3 10 11 -4 -5 -8
right_child=1 3 9 4 -6 -7 13 -9 -10 -11 -12 -13 -14 -15
leaf_value=0.0086595860988300487 0.023632307233111681 0.012371403893058049 8.7261390148533032e-05 -0.0097530758513009203 0.028275175344991941 0.015173979467358057 -0.02041787263121559 -0.0043466521098868959 -0.019234102611669534 0.005753218589907242 -0.017734208717441892 -0.018633219641214838 0.0079857628464745194 0.029251937264912757
leaf_weight=13.454817056655882 49.404009617865086 15.689828883856533 116.96060952171683 28.613164950162172 59.738917145878077 313.50784025341272 326.7398034632206 16.686404645442963 22.648344371467829 43.486636437475681 79.693336226046085 44.325552262365818 125.58911424130201 2.1988704726099959
leaf_count=200 432 143 1674 290 345 2460 7020 189 322 379 1548 839 1041 44
internal_value=-0.000321197 0.00661516 -0.00254603 0.0122858 0.0136472 0.0117224 -0.0188501 0.0166087 -0.00631392 -0.00703887 -0.00936154 -0.00514072 0.00465258 -0.0199982
internal_weight=1258.74 916.344 350.557 565.787 527.449 467.71 342.393 66.0904 38.3382 284.466 240.979 161.286 154.202 328.939
internal_count=16926 9662 5061 4601 4136 3791 7264 621 465 4440 4061 2513 1331 7064
is_linear=0
shrinkage=0.02


Tree=33
num_leaves=15
num_cat=0
split_feature=0 1 32 44 30 31 42 32 42 44 30 16 32 42
split_gain=452.805 324.295 78.7158 74.7673 61.4331 49.7411 30.7468 19.211 26.4063 37.4904 25.6307 22.9099 19.0229 20.3332
threshold=0.067263661553028362 inf 70.500000000000014 0.10105466353485022 0.86274510622024547 0.46606335043907171 0.99386458264925703 31.500000000000004 0.034693408531335013 0.95987788521857442 0.85671192407608043 1.0000000180025095e-35 124.50000000000001 0.0012033655269709576
decision_type=10 8 2 2 8 10 2 2 2 2 8 2 2 2
left_child=1 2 7 -3 -5 -2 12 -1 9 11 -11 -9 13 -4
right_child=5 3 6 4 -6 -7 -8 8 -10 10 -12 -13 -14 -15
leaf_value=0.028714580963364475 0.030996545319645491 -0.019708519351461912 0.02801691101546043 0.013999538362029124 -0.012137815629501832 0.011218613773279177 -0.017562858039880159 0.029032895246157583 0.0046105737350582215 0.019000864550040901 -0.0065845443927369665 -0.0098197428770115044 -0.018201895914897057 0.0009521890585767128
leaf_weight=28.456607140600681 162.01229136437178 430.37512793391943 13.525773644447325 51.933312147855759 111.4460831657052 76.272008165717125 50.357282154262066 75.986557006835938 122.09822794049978 28.187478981912136 32.994770810008049 6.1174309551715842 13.422446213662623 47.449325568974018
leaf_count=221 807 9012 118 621 2092 651 674 426 1096 260 332 43 137 486
internal_value=-6.29609e-06 -0.00584949 0.00762159 -0.0153434 -0.00379493 0.0247392 -0.00565701 0.0132593 0.0115005 0.0172989 0.005319 0.0260547 0.00252773 0.007311
internal_weight=1250.63 1012.35 418.596 593.755 163.379 238.284 124.755 293.841 265.384 143.286 61.1822 82.104 74.3975 60.9751
internal_count=16976 15518 3793 11725 2713 1458 1415 2378 2157 1061 592 469 741 604
is_linear=0
shrinkage=0.02


Tree=34
num_leaves=15
num_cat=0
split_feature=13 0 13 0 32 44 43 44 34 32 41 43 34 9
split_gain=403.523 218.299 76.0365 69.5623 57.1782 54.6911 48.9193 46.6664 45.2391 33.8772 25.4027 25.053 22.3201 21.842
threshold=1.0000000180025095e-35 0.025685695653241625 1.5000000000000002 0.071644037961959853 76.500000000000014 0.039913366222266829 0.0074601759805136376 0.10105466353485022 0.55857843137254914 37.500000000000007 0.24662162162162166 0.97138217585240205 0.7181292885518239 0.019069750000000003
decision_type=2 8 2 10 2 2 2 2 2 2 2 2 2 2
left_child=-1 2 5 4 6 -2 9 8 11 -3 -6 -5 -4 -7
right_child=1 3 12 7 10 13 -8 -9 -10 -11 -12 -13 -14 -15
leaf_value=-0.018807116876409291 -0.019586617153458025 0.024153722676647213 -0.010826281989720394 -0.010857851090448708 0.010891962443633257 0.0092203375528974053 0.02537050063865174 0.0088603681528486283 0.033075168727176613 0.00040459938439027239 -0.015409106947153004 0.028925857557308591 0.0093895684189132106 -0.0098409990887787738
leaf_weight=332.65518798306584 138.6727577149868 30.360603544861078 25.125004179775715 16.224672578275207 20.354466393589973 49.361827846616507 84.964276507496834 65.939570799469948 145.93833354115486 102.8697409145534 46.871034517884254 9.0352086052298528 135.92604768276215 45.018867503851652
leaf_count=7301 2737 255 291 137 189 732 526 541 688 1020 584 54 1172 707
internal_value=2.82213e-05 0.00687658 -0.00435681 0.0153408 0.00864255 -0.0116394 0.0135973 0.0233326 0.028823 0.00595619 -0.00740277 0.00393201 0.00618842 0.000120375
internal_weight=1249.32 916.662 394.105 522.558 285.42 233.053 218.195 237.138 171.198 133.23 67.2255 25.2599 161.051 94.3807
internal_count=16934 9633 5639 3994 2574 4176 1801 1420 879 1275 773 191 1463 1439
is_linear=0
shrinkage=0.02


Tree=35
num_leaves=15
num_cat=0
split_feature=13 0 13 0 31 32 43 30 24 38 42 42 30 32
split_gain=374.343 217.226 69.5419 58.2252 71.4727 59.1289 43.2062 30.2997 23.8413 22.6772 19.6601 19.4295 19.4122 18.4385
threshold=1.0000000180025095e-35 0.02187028527259827 1.5000000000000002 0.078682314867118339 0.47058823704719549 67.500000000000014 0.22088054448289898 0.6591252088546754 2.5000000000000004 0.019049346879535561 0.24738599827581656 0.99747798128327081 0.87028658390045177 36.500000000000007
decision_type=2 8 2 10 10 2 2 8 2 2 2 2 8 2
left_child=7 2 12 5 -5 6 13 10 -9 -4 -1 -7 -2 -3
right_child=1 3 9 4 -6 11 -8 8 -10 -11 -12 -13 -14 -15
leaf_value=0.028634800487986056 -0.002903673126482265 0.02213537434096571 0.01423270492134807 0.029738316381765918 0.0058569948533357501 0.0034724660471545737 0.027541187978243453 -0.020326771750750972 0.03582179326327882 -0.00093827704277781325 -0.017748798031421147 -0.014535157458245034 -0.015507180034930965 0.0038540006734728012
leaf_weight=8.0566593557596189 70.215663313865662 27.64112838730216 65.505733393132687 159.14841987192631 73.810786508023739 57.916093345731497 70.491825386881828 309.3697536252439 2.1814017370343199 96.458461783826351 5.2608711980283251 39.53450994566083 164.04058451578021 98.867997985333204
leaf_count=95 1121 225 540 770 618 547 400 6999 44 927 106 530 3131 922
internal_value=-0.00012298 0.00637332 -0.0048109 0.0147687 0.0222291 0.0088111 0.01509 -0.0185554 -0.0198203 0.00524725 0.0103518 -0.00390644 -0.0117578 0.00799059
internal_weight=1248.5 923.631 396.22 527.411 232.959 294.452 197.001 324.869 311.551 161.964 13.3175 97.4506 234.256 126.509
internal_count=16975 9731 5719 4012 1388 2624 1547 7244 7043 1467 201 1077 4252 1147
is_linear=0
shrinkage=0.02


Tree=36
num_leaves=15
num_cat=0
split_feature=0 1 32 43 43 34 32 41 43 32 38 0 16 34
split_gain=378.261 302.819 80.4897 63.9907 31.9337 31.068 29.221 24.9946 21.8829 21.5924 21.5036 20.1629 20.0039 16.4393
threshold=0.025685695653241625 inf 71.500000000000014 0.22088054448289898 0.99349704174708953 0.7181292885518239 31.500000000000004 0.21807065217391305 0.99811735264776191 70.500000000000014 0.091966173361522213 -0.62589014205942828 1.0000000180025095e-35 0.2592719780219781
decision_type=10 8 2 2 2 2 2 2 2 2 2 10 2 2
left_child=1 2 3 5 9 7 -7 -1 -4 13 -11 -3 -5 -2
right_child=4 11 8 12 -6 6 -8 -9 -10 10 -12 -13 -14 -15
leaf_value=0.016749152746360949 -0.00038085162984901352 -0.018243013524800702 -0.011541368770211686 0.027802736245114517 0.03524760793080705 0.031752176201624772 0.0065448543176772492 -0.017204238504937217 0.013149853483498675 -0.0069888343758097724 0.01590974648148373 -0.010047581589092643 -0.0063893519331741722 0.023693756559020885
leaf_weight=10.679202094674109 12.335447706282137 373.69089686125517 91.998625624924898 92.362055338919163 49.781299836933613 20.330730646848679 141.18924994021654 33.711126644164324 16.116365842521191 24.17011546343565 47.149594102054834 183.6212247274816 7.023268297314643 136.03324063494802
leaf_count=101 111 8340 1130 507 251 135 1201 457 136 190 276 3250 50 873
internal_value=-0.000133847 -0.00595637 0.00700404 0.0122457 0.0207854 0.00583027 0.00989358 -0.00884686 -0.00777394 0.0173634 0.00816013 -0.0155656 0.0253469 0.021703
internal_weight=1240.19 970.723 413.411 305.296 269.47 205.91 161.52 44.3903 108.115 219.688 71.3197 557.312 99.3853 148.369
internal_count=17008 15307 3717 2451 1701 1894 1336 558 1266 1450 466 11590 557 984
is_linear=0
shrinkage=0.02


Tree=37
num_leaves=15
num_cat=0
split_feature=13 0 1 43 0 44 32 32 30 44 25 1 44 32
split_gain=350.072 203.404 60.5566 57.2578 53.8427 48.4107 37.4916 30.1 24.1642 23.318 23.1101 22.6684 20.6279 17.2714
threshold=1.0000000180025095e-35 0.02187028527259827 -0.881598800420761 0.004213393860802799 0.090659340659340684 0.039913366222266829 70.500000000000014 83.500000000000014 0.63084465265274059 0.99063640675951337 2.5000000000000004 0.37742731991992567 0.99011773542116122 38.500000000000007
decision_type=2 8 10 2 10 2 2 2 8 2 2 8 2 2
left_child=8 2 5 4 6 -2 13 -5 12 -6 -10 -9 -1 -3
right_child=1 3 -4 7 9 -7 -8 11 10 -11 -12 -13 -14 -15
leaf_value=-0.015681964057389412 -0.019359840518462172 0.017795585787860276 0.0043727457996900485 0.026960259541094881 0.022226107577443935 -0.00066078275868269778 -0.01372033637534634 -0.0031958088580324173 -0.020271014508824365 0.0057838841102994488 0.034329052989195356 0.025989804608668982 0.0325866125665853 0.0018690168579589858
leaf_weight=6.3638227544724923 135.65893954783678 38.702843684703112 155.05461003258824 146.27556400746107 111.20005345344543 93.239138714969158 48.118425905704498 27.752639457583427 300.19700396060944 51.097950093448162 2.2662735469639292 16.082051582634449 5.925366222858429 87.626342888921499
leaf_count=122 2782 314 1388 867 586 1443 620 248 7031 412 45 99 61 823
internal_value=-0.00048331 0.00580213 -0.00526189 0.0138599 0.00886276 -0.011779 0.00113001 0.0226187 -0.0186325 0.0171166 -0.0197501 0.00785265 0.00829208 0.0068498
internal_weight=1225.56 910.809 383.953 526.856 336.746 228.898 174.448 190.11 314.752 162.298 302.463 43.8347 12.2892 126.329
internal_count=16841 9582 5613 3969 2755 4225 1757 1214 7259 998 7076 347 183 1137
is_linear=0
shrinkage=0.02


Tree=38
num_leaves=15
num_cat=0
split_feature=13 17 1 44 31 43 9 44 36 23 38 43 28 24
split_gain=368.608 122.657 82.2927 45.519 70.9802 44.2463 39.2404 32.7266 25.6556 25.521 30.2348 20.6627 19.0716 18.9149
threshold=1.0000000180025095e-35 1.0000000180025095e-35 -0.881598800420761 0.71582374483794953 0.85067874193191539 0.93370350674311697 0.49989500000000009 0.89185316293149786 0.53647450110864758 1.0000000180025095e-35 0.26969696969696971 0.00090336354885209422 1.0000000180025095e-35 2.5000000000000004
decision_type=2 2 10 2 10 2 2 2 2 2 2 2 2 2
left_child=12 2 3 4 -2 9 -6 -3 -5 -4 -11 -12 13 -1
right_child=1 7 5 8 6 -7 -8 -9 -10 10 11 -13 -14 -15
leaf_value=-0.019851368912888741 -0.016625910408551162 0.022436038218713764 0.00027996446732397461 0.010570643108404096 -0.011295890558744602 0.018005134371166364 0.050686319883602428 -0.011644816295991149 -0.0069638477355172647 0.023666140098989815 -0.0097332585257813159 0.022314430845450137 0.010397630230399905 0.031206615577073205
leaf_weight=298.24579568579793 147.74495002254844 189.01950854063034 206.98943419381976 79.62642427533865 6.1883161291480056 132.36114688962698 9.4857997186481935 11.386764854192732 56.060693047940731 47.449308339506388 26.485524535179138 10.379194065928457 8.2573000863194448 2.077411286532878
leaf_count=7098 2894 983 2071 873 67 855 81 101 876 465 280 90 112 40
internal_value=0.00032082 0.00664769 0.00279729 -0.00522422 -0.0123023 0.00845943 0.0270052 0.0204514 0.00332812 0.00407533 0.0132804 -0.000359265 -0.0185675 -0.0193958
internal_weight=1231.76 923.177 722.771 299.106 163.419 423.665 15.6741 200.406 135.687 291.303 84.314 36.8647 308.581 300.323
internal_count=16886 9636 8552 4791 3042 3761 148 1084 1749 2906 835 370 7250 7138
is_linear=0
shrinkage=0.02


Tree=39
num_leaves=15
num_cat=0
split_feature=1 17 30 20 17 43 24 9 22 38 30 31 43 36
split_gain=308.005 137.601 87.8187 63.2749 34.3529 41.4349 27.7811 20.948 17.8858 14.8802 14.5187 14.9538 13.5276 12.3304
threshold=-0.84841629862785328 1.0000000180025095e-35 0.674208164215088 1.0000000180025095e-35 1.0000000180025095e-35 0.0036670519035380904 2.5000000000000004 1.9898580000000001 1.0000000180025095e-35 0.019049346879535561 0.24886878579854968 0.7828054428100587 0.97138217585240205 0.27525510204081638
decision_type=10 2 8 2 2 2 2 2 2 2 10 10 2 2
left_child=1 2 10 6 5 -2 8 -6 -4 -7 -1 -12 -5 -3
right_child=4 13 3 12 7 9 -8 -9 -10 -11 11 -13 -14 -15
leaf_value=0.021741167497999085 0.0025287334297181721 0.0020191709726272355 -0.017765783247594372 0.0091989414764621479 -0.0123692393114743 0.022254305030130928 0.031426762385813184 0.020484296129733431 0.00079987650424758806 0.009971202572484697 -0.0015774128561475865 0.027281449479264652 0.047412331592321985 0.027030238004263265
leaf_weight=19.72296130657196 253.856650326401 9.9819639474153501 478.27648393064737 16.489203233271841 7.5674604773521414 71.437689304351807 3.9097418412566176 143.28926891833544 21.607733406126499 93.531596589833498 53.107679083943367 7.2896272577345362 4.0729421451687804 39.826067112386227
leaf_count=158 2563 76 10744 168 64 448 63 716 182 700 687 59 34 226
internal_value=-0.000142928 -0.00949799 -0.0121385 -0.0151153 0.0105992 0.00762008 -0.0165262 0.0187657 -0.0169633 0.0153923 0.00728972 0.00229331 0.0186161 0.0221562
internal_weight=1223.97 654.284 604.476 524.356 569.683 418.826 503.794 150.857 499.884 164.969 80.1203 60.3973 20.5621 49.808
internal_count=16888 12397 12095 11191 4491 3711 10989 780 10926 1148 904 746 202 302
is_linear=0
shrinkage=0.02


Tree=40
num_leaves=15
num_cat=0
split_feature=13 17 1 44 43 30 31 30 44 38 34 38 30 34
split_gain=350.732 127.341 67.2361 46.3756 46.349 32.7122 27.9848 26.3883 25.8056 15.1352 15.5763 13.4552 12.2388 12.0841
threshold=1.0000000180025095e-35 1.0000000180025095e-35 -0.881598800420761 0.0018553562999568528 0.00088104060992618002 0.27752640843391424 0.90346908569335949 0.12368024513125421 0.85118042413256967 0.019049346879535561 0.9128709454796412 0.30860805860805868 0.88499245047569286 0.55857843137254914
decision_type=2 2 10 2 2 8 10 8 2 2 2 2 8 2
left_child=5 2 3 6 11 -1 -2 -5 -3 -6 -11 12 -4 -8
right_child=1 8 4 7 9 -7 13 -9 -10 10 -12 -13 -14 -15
leaf_value=0.032509685850028607 -0.016458081442106202 0.022119323644589142 0.010630992954804946 0.033960946891059579 0.019064190189732187 -0.019299145564607524 -0.0049123764498538343 -2.8956352148529875e-05 -0.0083833803867804368 0.002900018038656469 0.015424678322773141 -0.0079875478210940393 -0.0027254233861757292 0.042284210491363654
leaf_weight=4.086863435804843 119.10153157263994 188.90002865344286 51.0581014752388 8.6953631378710252 96.228127270936966 298.33054213598371 3.5978888832032672 158.41977535188198 11.284223258495329 83.352884396910667 75.886769250035286 62.189946886152029 57.358538374304771 3.8343638963997364
leaf_count=39 2413 967 516 61 672 7285 37 2240 98 748 567 655 608 27
internal_value=0.000155038 0.00629934 0.00236379 -0.00498954 0.00743149 -0.0184942 -0.0140732 0.0019311 0.0203668 0.0128053 0.00892774 -0.000643071 0.00360437 0.0215637
internal_weight=1222.32 919.908 719.723 293.649 426.074 302.417 126.534 167.115 200.184 255.468 159.24 170.607 108.417 7.43225
internal_count=16933 9609 8544 4778 3766 7324 2477 2301 1065 1987 1315 1779 1124 64
is_linear=0
shrinkage=0.02


Tree=41
num_leaves=15
num_cat=0
split_feature=0 24 30 32 42 35 31 32 0 37 31 32 32 41
split_gain=351.636 134.837 70.9021 50.2204 47.0565 28.0171 23.6423 22.3041 20.2847 17.0605 15.3143 15.0228 14.3817 14.7573
threshold=0.02187028527259827 1.0000000180025095e-35 0.75452488660812389 47.500000000000007 0.55233124286261204 0.6378430682617876 0.94570136070251476 52.500000000000007 0.097934105055353285 0.18465909090909094 0.93363499641418468 48.500000000000007 80.500000000000014 0.29814814814814822
decision_type=10 2 8 2 2 2 8 2 10 2 8 2 2 2
left_child=1 2 4 9 -1 -4 11 10 -8 -3 -7 -2 -5 -14
right_child=6 3 5 12 -6 7 8 -9 -10 -11 -12 -13 13 -15
leaf_value=0.013102455302791619 0.02125165342669208 0.024105409036551714 -0.016283612144644691 0.0050518413381341921 -0.014154170404747536 -0.0088859779634014591 0.010516995327222244 -0.012299320449475131 0.026958887512099818 -0.0020064299064724285 0.0070473626086346945 0.0049142093659702776 0.0052139014517612794 -0.017595185163673026
leaf_weight=78.235136914998293 36.060483444482088 68.803574029356241 357.49254666641355 95.044719848781824 36.301498275250196 41.929328542202711 39.637443091720343 147.39427885785699 151.02398680895567 11.51273340731859 54.098623394966125 59.496034305542707 18.360796425491571 27.214490257203579
leaf_count=845 289 455 7979 783 618 806 253 2540 696 79 565 518 183 355
internal_value=0.00017346 -0.00575901 -0.0099737 0.00787274 0.00441594 -0.0127192 0.0195345 -0.00743925 0.0236134 0.0203838 7.04015e-05 0.0112358 0.000633447 -0.0084915
internal_weight=1222.61 936.388 715.451 220.936 114.537 600.915 286.218 243.422 190.661 80.3163 96.028 95.5565 140.62 45.5753
internal_count=16964 15208 13353 1855 1463 11890 1756 3911 949 534 1371 807 1321 538
is_linear=0
shrinkage=0.02


Tree=42
num_leaves=15
num_cat=0
split_feature=0 1 44 43 44 34 43 38 34 15 3 34 34 35
split_gain=304.731 270.437 69.6411 43.5381 38.172 38.9321 28.8683 17.9962 17.8405 19.2 17.6788 15.684 14.7019 16.1785
threshold=0.071644037961959853 inf 0.71582374483794953 0.0036670519035380904 0.89185316293149786 0.34084768659236747 0.019490522383576861 0.019049346879535561 0.7181292885518239 1.0000000180025095e-35 1.0000000180025095e-35 0.36239495798319338 0.34764185703758294 0.1981945348080677
decision_type=10 8 2 2 2 2 2 2 2 2 2 2 2 2
left_child=1 3 -3 8 5 6 -2 -5 9 -1 -4 -6 13 -12
right_child=4 2 10 7 11 -7 -8 -9 -10 -11 12 -13 -14 -15
leaf_value=0.011090069290678095 -0.021326828051003048 -0.019365109533241075 -0.020033285717910656 0.021106603130499248 0.017026120567146565 0.027657966564232105 0.023459101526497661 0.0082097250050400701 0.0039685425101040053 -0.014851491212503641 -0.010445588919350284 -0.0020842506985877633 -0.0087626314551158997 0.010307169313714858
leaf_weight=14.407915480434893 11.716461740434172 380.17711844667792 20.212855242192745 78.178363136947155 30.47884501516819 160.44677255302668 9.5212652757763845 100.29647495225072 203.17590983957052 44.59484351053834 19.225259132683277 37.390988796949387 49.145685587078333 58.364852923899889
leaf_count=142 105 9080 453 477 233 733 55 737 1853 623 378 297 829 953
internal_value=-0.000116248 -0.00520086 -0.014855 0.00635522 0.0195441 0.0243092 -0.00109644 0.0139451 0.00115512 -0.00843755 -0.00313455 0.0066204 -0.000303668 0.00509757
internal_weight=1217.33 967.779 527.126 440.654 249.554 181.684 21.2377 178.475 262.179 59.0028 146.949 67.8698 126.736 77.5901
internal_count=16948 15525 11693 3832 1423 893 160 1214 2618 765 2613 530 2160 1331
is_linear=0
shrinkage=0.02


Tree=43
num_leaves=15
num_cat=0
split_feature=13 0 17 1 44 42 0 44 34 24 9 44 29 34
split_gain=318.47 167.768 57.9978 55.3363 51.2495 28.4429 26.9305 21.1716 20.3575 19.6215 16.0597 15.82 28.3443 15.6089
threshold=1.0000000180025095e-35 0.025685695653241625 1.0000000180025095e-35 0.84564274962451313 0.039913366222266829 0.99841769497333799 0.097934105055353285 0.85118042413256967 0.7181292885518239 2.5000000000000004 0.49989500000000009 0.99011773542116122 1.0000000180025095e-35 0.4836021505376345
decision_type=2 8 2 8 2 2 10 2 2 2 2 2 2 2
left_child=9 3 5 8 -5 -3 -4 -8 -2 11 -7 -1 -13 -6
right_child=1 2 6 4 13 10 7 -9 -10 -11 -12 12 -14 -15
leaf_value=-0.020589583721859595 -0.011711601330529326 0.011287996974167528 0.0063501964939781429 -0.019257644372605735 0.0078545919800186714 -0.020273045687617893 0.027745978119012263 -0.0092688789857643481 0.0074665898560685078 0.029539597138121231 0.0022150113374702881 -0.016241454050655808 0.02030061653639539 -0.0086124553729473065
leaf_weight=243.12213959544897 25.377571731805801 290.16724903509021 34.859378352761269 123.79467054456472 50.304743204265833 14.966626729816197 138.042495675385 6.0134170800447455 138.8984588496387 2.570957336574792 61.40769374743104 33.167890246957541 10.367000624537466 40.774306118488312
leaf_count=6335 296 2323 209 2768 762 234 586 43 1146 48 601 788 154 670
internal_value=0.000207711 0.00593924 0.0130327 -0.00427308 -0.0109326 0.00843778 0.0223471 0.0261476 0.00445098 -0.0180722 -0.0023969 -0.0186005 -0.00727922 0.000469146
internal_weight=1213.83 924.607 545.457 379.15 214.874 366.542 178.915 144.056 164.276 289.228 76.3743 286.657 43.5349 91.079
internal_count=16963 9638 3996 5642 4200 3158 838 629 1442 7325 835 7277 942 1432
is_linear=0
shrinkage=0.02


Tree=44
num_leaves=15
num_cat=0
split_feature=13 0 1 44 0 43 44 30 34 44 43 32 44 32
split_gain=310.96 155.86 50.8017 55.1892 46.8852 41.9502 34.7609 33.222 29.7262 28.8002 26.7663 23.7834 21.4396 19.9462
threshold=1.0000000180025095e-35 0.039466630930045571 inf 0.039913366222266829 0.078682314867118339 0.00084585968431476297 0.89185316293149786 0.6591252088546754 0.53717523493642905 0.99011773542116122 0.019490522383576861 124.50000000000001 0.0027315094357884292 57.500000000000007
decision_type=2 8 8 2 10 2 2 8 2 2 2 2 2 2
left_child=7 2 13 -4 5 -3 8 9 10 -1 -6 12 -7 -2
right_child=1 4 3 -5 6 11 -8 -9 -10 -11 -12 -13 -14 -15
leaf_value=-0.016119851146915342 0.01029629273788258 -0.0030225411077184974 -0.018842415648878601 0.0014414332632399129 -0.014294374821278377 0.019164087539237484 0.0067729010917633378 -0.019648380895355321 0.027104191798657702 0.037733223060047352 0.024526892757748598 -0.013352504846686911 0.0036435307882375229 -0.0032435541623479116
leaf_weight=7.1046522036194784 95.991688970476389 102.28430558741093 125.10383313149214 93.160533513873816 14.18877884745598 124.87905414029956 67.399835914373398 270.68015017360449 153.05929543077946 6.9493823871016502 12.383324235677717 12.172826401889322 50.403061125427485 78.261960830539465
leaf_count=147 731 1089 2790 1451 118 842 521 7113 685 67 67 124 435 777
internal_value=0.000159713 0.00576468 -0.00380875 -0.0102177 0.0127594 0.00726278 0.019151 -0.0180894 0.0237323 0.0112468 0.00403079 0.0128612 0.0147471 0.00423138
internal_weight=1214.02 929.288 392.518 218.264 536.77 289.739 247.031 284.734 179.631 14.054 26.5721 187.455 175.282 174.254
internal_count=16957 9630 5749 4241 3881 2490 1391 7327 870 214 185 1401 1277 1508
is_linear=0
shrinkage=0.02


Tree=45
num_leaves=15
num_cat=0
split_feature=13 17 1 43 22 44 34 25 44 38 44 29 34 41
split_gain=296.765 80.8226 56.3551 46.2951 45.0084 42.9374 24.0821 19.1513 19.0153 15.5885 14.9794 26.9097 14.7092 40.4275
threshold=1.0000000180025095e-35 1.0000000180025095e-35 -0.82579186558723439 0.045118867052476364 1.0000000180025095e-35 0.018881126594059838 0.34764185703758294 2.5000000000000004 0.99516137374606695 0.019049346879535561 0.99011773542116122 1.0000000180025095e-35 0.7181292885518239 0.18634259259259262
decision_type=2 2 10 2 2 2 2 2 2 2 2 2 2 2
left_child=7 2 4 12 5 -2 -7 10 -3 -5 -1 -12 13 -4
right_child=1 8 3 9 -6 6 -8 -9 -10 -11 11 -13 -14 -15
leaf_value=-0.020631161871300541 -0.016520750503646976 0.017518347850960719 0.020546957123903052 0.02322300976492361 0.010028611268604316 0.010269903569717822 -0.0090876649316659168 0.028476829592233355 -0.016962669495804363 0.0099284527936462814 -0.016176867846751614 0.020010880603285451 0.0045853124686693917 -0.015324006441843839
leaf_weight=232.57100462168455 124.96173618361354 200.02005159854889 15.938092097640036 65.114858232438564 65.138793177902699 52.486899435520172 48.50557965785265 2.6467353627085677 5.8499377518892279 81.532037474215031 32.903789300471544 9.9237190671265108 221.97348680347204 48.154529199004173
leaf_count=6287 2786 1030 136 369 496 765 783 49 51 554 807 141 2023 677
internal_value=1.17379e-05 0.00543588 0.00228158 0.00685243 -0.00451324 -0.00873113 0.00097473 -0.018079 0.0164613 0.0159489 -0.0186278 -0.00752641 0.00214998 -0.00622525
internal_weight=1207.72 929.676 723.806 432.713 291.093 225.954 100.992 278.045 205.87 146.647 275.399 42.8275 286.066 64.0926
internal_count=16954 9670 8589 3759 4830 4334 1548 7284 1081 923 7235 948 2836 813
is_linear=0
shrinkage=0.02


Tree=46
num_leaves=15
num_cat=0
split_feature=13 0 1 0 42 31 40 1 24 42 28 37 0 33
split_gain=295.281 140.356 50.6989 32.8392 39.3518 34.2291 18.58 16.6916 15.4142 14.0608 13.4873 13.141 11.3507 13.599
threshold=1.0000000180025095e-35 0.039466630930045571 -0.881598800420761 0.090659340659340684 0.99841769497333799 0.9566364884376527 0.30094339622641514 0.036576183512806899 2.5000000000000004 0.81688173727788205 1.0000000180025095e-35 1.0000000180025095e-35 0.3512725811147141 0.26695402298850579
decision_type=2 8 10 10 2 8 2 8 2 2 2 2 10 2
left_child=8 2 6 4 7 12 -2 11 10 -8 -1 -3 -5 -14
right_child=1 3 -4 5 -6 -7 9 -9 -10 -11 -12 -13 13 -15
leaf_value=-0.019724298053930819 -0.014865146811499752 0.014486819243696237 0.0041806290591116738 0.0013385114446329582 -0.0049472051364070485 0.022912202391971288 0.0021690658438136513 0.019914623228244083 0.024164619500837814 -0.016372679931142692 0.005388604356912673 0.0029604522238126248 0.035160198288165509 0.0069144862215871888
leaf_weight=259.86400777101517 134.73829447105527 69.548604425042868 172.30413265153766 53.541526667773724 76.509883251041174 154.95727621763945 60.861122284084558 67.021014750003815 2.5504885017871848 21.282182458788157 8.4501135572791082 91.602108228951693 9.5038805380463618 21.360062509775162
leaf_count=7073 2810 517 1488 420 815 693 942 486 46 531 117 752 67 166
internal_value=-7.87883e-05 0.00525962 -0.00390554 0.0118111 0.00741728 0.0173498 -0.0103194 0.0115668 -0.0184233 -0.00277398 -0.0189163 0.00799361 0.00698938 0.0164426
internal_weight=1204.09 933.23 389.186 544.044 304.682 239.363 216.882 228.172 270.865 82.1433 268.314 161.151 84.4055 30.8639
internal_count=16923 9687 5771 3916 2570 1346 4283 1755 7236 1473 7190 1269 653 233
is_linear=0
shrinkage=0.02


Tree=47
num_leaves=15
num_cat=0
split_feature=13 0 1 44 43 30 44 0 32 32 32 0 32 31
split_gain=274.807 138.968 44.747 47.7847 39.3026 31.8426 36.3574 31.7163 41.2943 26.0234 22.9332 21.3419 21.1379 20.3735
threshold=1.0000000180025095e-35 0.02187028527259827 0.47732169860666934 0.039913366222266829 0.95938849276378135 0.81598794460296642 0.99011773542116122 0.067263661553028362 32.500000000000007 92.500000000000014 71.500000000000014 0.20579563294537617 76.500000000000014 0.88499245047569286
decision_type=2 8 8 2 2 8 2 10 2 2 2 10 2 10
left_child=5 2 12 -4 7 6 -1 8 -3 13 -10 -11 -2 -6
right_child=1 4 3 -5 9 -7 -8 -9 10 11 -12 -13 -14 -15
leaf_value=-0.017411255466239155 0.0075919542238936143 0.02563599604650162 -0.018821298148600018 3.5825273111632271e-05 0.021745890967958689 -0.019896484264187626 0.036185360591351336 0.013313748601596221 0.0027223554388822193 -0.0047569343064538042 -0.014171910790564653 0.028835384497330113 -0.010147831946088893 0.060493316960711682
leaf_weight=10.329051095992329 121.92859814688563 24.127031642943621 118.06601320579648 97.983241897076368 123.5264906771481 248.37148264050484 8.2052889317274076 200.70791402459145 115.68691079318523 27.006432466208935 43.382950235158205 9.3969660922884923 33.453942451626062 5.083639219403266
leaf_count=244 975 183 2774 1493 643 6896 91 1186 1066 220 600 41 372 30
internal_value=-0.000184064 0.00500033 -0.00444053 -0.0103084 0.0113851 -0.0180129 0.0069541 0.00784172 0.00180692 0.0195318 -0.00194495 0.00445349 0.0037321 0.0237324
internal_weight=1187.26 920.35 371.432 216.049 548.918 266.906 18.5343 383.905 183.197 165.014 159.07 36.4034 155.383 128.61
internal_count=16814 9583 5614 4267 3969 7231 335 3035 1849 934 1666 261 1347 673
is_linear=0
shrinkage=0.02


Tree=48
num_leaves=15
num_cat=0
split_feature=0 1 30 22 41 34 0 25 6 41 41 9 35 10
split_gain=247.265 222.741 46.6667 31.8158 24.3332 31.497 20.7292 19.6204 11.3942 10.8545 10.4038 17.6451 10.1531 17.5565
threshold=0.067263661553028362 -0.881598800420761 0.57918554544448864 1.0000000180025095e-35 0.30602006688963218 0.81440092165898637 -0.52087701809562825 2.5000000000000004 251.27500000000003 0.39767441860465119 0.50757575757575768 0.9987275000000001 0.8185736677115989 79.77500000000002
decision_type=10 10 8 2 2 2 10 2 2 2 2 2 2 2
left_child=1 2 9 10 -3 -6 7 -4 12 -1 -2 -12 -7 -14
right_child=3 4 6 -5 5 8 -8 -9 -10 -11 11 -13 13 -15
leaf_value=0.012336581186472087 0.027664218582774135 0.010756725508178839 -0.018988260827071498 0.0078174787105357944 -0.0083884866646238721 0.0036322843258027523 -0.0089982642756226451 0.028877859959305367 -0.0048072811727877434 -0.013750038257283131 -0.017002848041463781 0.019542090502009297 0.026492275573925316 0.0054118565882977651
leaf_weight=30.832183040678501 85.907519854605198 199.69848113134503 314.26339435577393 89.788353927433491 85.485509276390076 71.367795139551163 133.4738817922771 2.615364756435155 28.746931791305542 7.0969472005963317 4.9251161441206923 76.074357844889164 27.333282046020031 37.244596004486084
leaf_count=329 407 1500 8510 675 992 552 2618 47 251 146 40 319 198 343
internal_value=0.000183695 -0.00457829 -0.0139195 0.0175378 0.00556876 0.00140125 -0.0157126 -0.0185036 0.00650268 0.00722767 0.0226892 0.0171397 0.00891191 0.0146023
internal_weight=1194.85 938.158 488.282 256.695 449.877 250.178 450.353 316.879 164.693 37.9291 166.907 80.9995 135.946 64.5779
internal_count=16927 15486 11650 1441 3836 2336 11175 8557 1344 475 766 359 1093 541
is_linear=0
shrinkage=0.02


Tree=49
num_leaves=15
num_cat=0
split_feature=0 1 44 32 30 44 38 19 31 42 44 30 31 38
split_gain=252.611 204.705 67.2361 58.4929 53.0207 40.2459 21.0752 22.2261 19.7559 20.1721 19.4037 19.3027 19.2204 17.9956
threshold=0.039466630930045571 -0.881598800420761 0.043623071708209081 71.500000000000014 0.87028658390045177 0.89185316293149786 0.12132043734230448 4.8750000000000009 0.8431372642517091 0.99707012710764564 0.0078322845620324155 0.82956260442733776 0.58521872758865368 0.019049346879535561
decision_type=10 10 2 2 8 2 2 2 8 2 2 8 8 2
left_child=1 2 -1 6 -4 8 10 -8 -2 -10 -3 -7 -12 -5
right_child=5 3 4 13 -6 11 7 -9 9 -11 12 -13 -14 -15
leaf_value=-0.019361455315359547 0.0027970781420371899 0.019266146291817523 0.01348295064105173 0.006071336331708076 -0.011823436046352602 0.013682352944347475 -0.0051068003542593865 0.010489332308560811 0.031285707247451555 0.017426421039804067 0.019725332822963095 -0.0060980189985256096 -0.0024366125883213108 -0.011918518015229031
leaf_weight=323.72443007305264 21.315024890005589 104.45957949385047 50.328661371022463 29.101478807628155 92.436723135411739 39.855321243405342 65.106025017797947 81.008028041571379 75.371271356940269 107.45227402076125 23.173911228775978 37.334517098963261 43.88451074808836 86.686443857848644
leaf_count=8798 185 616 610 262 2062 287 612 593 339 504 190 306 383 1053
internal_value=2.25415e-05 -0.00515064 -0.0143315 0.00474093 -0.00287052 0.0165301 0.00917011 0.00355248 0.0211646 0.0232792 0.0139074 0.00415952 0.00539937 -0.00738378
internal_weight=1181.24 899.91 466.49 433.42 142.765 281.328 317.632 146.114 204.139 182.824 171.518 77.1898 67.0584 115.788
internal_count=16800 15179 11470 3709 2672 1621 2394 1205 1028 843 1189 593 573 1315
is_linear=0
shrinkage=0.02


Tree=50
num_leaves=15
num_cat=0
split_feature=13 32 9 42 30 32 9 31 1 24 18 30 30 31
split_gain=256.665 53.7277 48.3713 53.2798 28.1473 27.0571 26.5663 29.6189 21.1383 15.4518 14.7121 14.6699 13.0485 14.6233
threshold=1.0000000180025095e-35 80.500000000000014 1.9898580000000001 0.94020770508060059 0.27752640843391424 42.500000000000007 0.49989500000000009 0.57164406776428234 -0.50263953208923329 2.5000000000000004 1.0000000180025095e-35 0.8431372642517091 0.26546004414558416 0.93363499641418468
decision_type=2 2 2 2 8 2 2 8 10 2 2 10 8 8
left_child=4 2 3 8 -1 -4 -5 -8 11 -6 -10 -2 -3 -14
right_child=1 12 5 6 9 -7 7 -9 10 -11 -12 -13 13 -15
leaf_value=0.02759161350572218 0.0060632813878163808 0.024077666198971399 0.019658340257267117 -0.021105194978620019 -0.019230312210618317 0.0084919472594397558 -0.018556560466934408 0.017220919233028202 0.023177751765380714 0.02378345677195931 -0.012710602623507528 -0.0095172857105044646 -0.013379681695840653 -0.0015101489910250457
leaf_weight=4.5213851369917384 141.55133642628789 5.3402183316647998 123.06094848364592 50.52689016610384 247.10256150364876 300.66403165832162 15.670740902423857 19.816016018390656 37.763050258159637 2.579610049724578 4.5391367822885504 28.178549937903881 58.760182805359364 137.01999958232045
leaf_count=40 1807 51 755 987 7145 2151 398 261 287 46 34 583 1031 1287
internal_value=-1.02803e-05 0.00489397 0.00743921 0.00125833 -0.0177647 0.0117736 -0.0119334 0.00134622 0.00664061 -0.0186928 0.0191222 0.003436 -0.00423186 -0.00512248
internal_weight=1177.09 922.891 721.771 298.046 254.204 423.725 86.0136 35.4868 212.032 249.682 42.3022 169.73 201.12 195.78
internal_count=16863 9632 7263 4357 7231 2906 1646 659 2711 7191 321 2390 2369 2318
is_linear=0
shrinkage=0.02


Tree=51
num_leaves=15
num_cat=0
split_feature=13 0 13 44 32 0 42 22 9 32 44 29 44 6
split_gain=244.758 145.946 35.3206 37.6052 34.9519 32.9154 25.9813 25.5121 18.6079 16.4544 19.8118 15.0684 30.8044 15.6286
threshold=1.0000000180025095e-35 0.02187028527259827 1.5000000000000002 0.71582374483794953 42.500000000000007 0.078682314867118339 0.99854471067915751 1.0000000180025095e-35 0.019069750000000003 115.50000000000001 0.00089846204003713544 1.0000000180025095e-35 0.99011773542116122 38.550000000000004
decision_type=2 8 2 2 2 10 2 2 2 2 2 2 2 2
left_child=11 2 3 -2 -3 6 9 -7 -5 10 -6 -1 -13 -14
right_child=1 4 -4 8 5 7 -8 -9 -10 -11 -12 12 13 -15
leaf_value=-0.019554975660314628 -0.018466639078241334 0.01997354181388972 0.0014503383393314087 0.0075259207794033884 0.01520019262952123 0.019394856442880734 -0.0099718619046157628 0.0043593240337014387 -0.010990295497933424 -0.012130471769606807 0.0015199679437973167 -0.018786100555028287 0.036167522081919756 -0.015638175359666849
leaf_weight=220.42957502603531 113.56911277398467 129.93599577248096 168.23610191047192 46.609578181058168 82.903160329908133 127.90915621817112 47.933921162039042 70.559338599443436 38.915557097643614 16.528949085623026 85.989701304584742 18.976575247943405 7.5264418311417085 2.5517510324716568
leaf_count=6554 2827 815 1440 683 546 570 558 534 653 183 780 533 95 44
internal_value=-0.000227861 0.00449818 -0.00529588 -0.0109752 0.0109005 0.00813054 0.00301665 0.0140981 -0.000928954 0.00640983 0.00828502 -0.0177755 -0.00407405 0.022823
internal_weight=1178.57 929.091 367.33 199.094 561.76 431.824 233.356 198.468 85.5251 185.422 168.893 249.484 29.0548 10.0782
internal_count=16815 9589 5603 4163 3986 3171 2067 1104 1336 1509 1326 7226 672 139
is_linear=0
shrinkage=0.02


Tree=52
num_leaves=15
num_cat=0
split_feature=0 15 44 32 44 34 42 44 9 42 32 9 24 10
split_gain=226.943 168.585 108.394 54.9016 30.9741 33.5591 34.2449 22.6655 36.1715 31.8544 22.1831 20.4116 20.0074 18.6456
threshold=0.02187028527259827 1.0000000180025095e-35 0.92925425934993655 71.500000000000014 0.10105466353485022 0.84234892787524374 0.94020770508060059 0.89185316293149786 0.37075475000000008 0.17986813504431529 51.500000000000007 93.125000000000014 2.5000000000000004 1.5000000000000002
decision_type=10 2 2 2 2 2 2 2 2 2 2 2 2 2
left_child=1 2 12 4 5 6 -3 8 9 -2 -9 -7 -1 -4
right_child=7 3 13 -5 -6 11 -8 10 -10 -11 -12 -13 -14 -15
leaf_value=-0.019670538260754222 0.020303460579919719 0.01797573690102983 -0.019531564769057295 -0.0074440339488427909 -0.0065683523344743349 0.021302331947447493 -0.0079909213688109399 0.017973568517588443 0.021757848864234621 -0.02164028514801896 -0.0028532469107330665 0.00324356955333714 0.024199454381128853 0.0025837137168139728
leaf_weight=324.6184558942914 12.227625176310541 32.173982739448547 15.887410201132296 100.39019037038088 39.523557856678963 127.36663468182087 51.454315058887005 35.252452947199345 190.78412146866322 15.027692157775162 46.42034675180912 31.598174467682838 3.4069643169641486 156.25480903685093
leaf_count=9127 71 177 451 1168 367 725 557 258 898 146 372 223 58 2322
internal_value=0.00032561 -0.00478173 -0.012415 0.00520587 0.00971769 0.0123871 0.00209349 0.015333 0.0186931 -0.00277036 0.00624491 0.0177554 -0.0191427 0.000441625
internal_weight=1182.39 882.674 500.168 382.507 282.117 242.593 83.6283 299.712 218.039 27.2553 81.6728 158.965 328.025 172.142
internal_count=16920 15175 11958 3217 2049 1682 734 1745 1115 217 630 948 9185 2773
is_linear=0
shrinkage=0.02


Tree=53
num_leaves=15
num_cat=0
split_feature=0 1 44 32 30 44 9 43 43 43 9 16 1 44
split_gain=220.67 194.511 56.0233 49.9274 30.9467 30.5862 30.089 27.5537 21.7292 21.3377 20.0774 19.3844 18.791 19.8375
threshold=0.052790358662605293 0.67345401644706737 0.039913366222266829 70.500000000000014 0.87028658390045177 0.037362098537922217 0.37075475000000008 0.97138217585240205 0.0031205465985168815 0.95938849276378135 1.9898580000000001 1.0000000180025095e-35 -0.18841213221941064 0.0031356384467614265
decision_type=10 8 2 2 8 2 2 2 2 2 2 2 10 2
left_child=1 3 -3 9 -4 6 7 -2 -5 10 -1 -11 13 -12
right_child=5 2 4 8 -6 -7 -8 -9 -10 11 12 -13 -14 -15
leaf_value=-0.00891754879047915 -0.021444392718159264 -0.019364180000218667 0.0074308595630249146 -0.014543123628866584 -0.011266408932505459 0.0045637248488589353 0.022227189341102585 0.019601640877527506 0.0023228384433412299 0.018172084516439039 0.018410614108894847 -0.014766905716074459 6.8709856443755496e-05 -0.00085189155103123477
leaf_weight=35.138633213937283 12.433037847280504 302.74269003048539 55.177050940692425 64.507255356758833 95.186752066016197 78.992184035480022 174.17375237867236 11.756823696196077 56.816402725875378 95.636165261268616 74.399809084832668 6.9839015379548064 79.509795375168324 29.733067311346531
leaf_count=447 116 8754 650 876 2164 584 776 61 499 462 534 44 633 243
internal_value=-0.000393676 -0.00522163 -0.0144194 0.00420314 -0.00440155 0.0151629 0.0193396 -0.00150889 -0.0066903 0.00832323 0.00475582 0.0158095 0.00740624 0.0129548
internal_weight=1173.19 895.832 453.106 442.725 150.364 277.356 198.364 24.1899 121.324 321.401 218.781 102.62 183.643 104.133
internal_count=16843 15306 11568 3738 2814 1537 953 177 1375 2363 1857 506 1410 777
is_linear=0
shrinkage=0.02


Tree=54
num_leaves=15
num_cat=0
split_feature=13 0 13 17 32 30 0 43 32 31 30 31 32 0
split_gain=245.989 101.019 42.6058 36.1123 41.8655 24.4123 22.4318 21.1445 17.635 16.6913 14.7366 12.5578 12.5683 14.202
threshold=1.0000000180025095e-35 0.025685695653241625 1.5000000000000002 1.0000000180025095e-35 80.500000000000014 0.21266968548297885 0.097934105055353285 0.0074601759805136376 38.500000000000007 0.88499245047569286 0.26546004414558416 0.5429864525794984 57.500000000000007 -1.0000000180025095e-35
decision_type=2 8 2 2 2 8 10 2 2 10 8 10 2 10
left_child=10 2 5 4 7 -2 -5 8 -3 -9 -1 12 13 -4
right_child=1 3 11 6 -6 -7 -8 9 -10 -11 -12 -13 -14 -15
leaf_value=0.016952347950693 0.040809436834886456 0.015426247613624461 0.013742884861084244 0.0028910135698979301 -0.0077380799642531887 -0.01094892576528921 0.020524563105254644 0.0143415111300283 0.0021182522357553156 0.046435376327275693 -0.018784553660623617 -0.010672545840529499 -0.00084132552133423053 -0.010063863180646398
leaf_weight=3.9737660996615878 2.7538991943001738 53.165784765034914 74.33261077478528 36.240690611302853 68.898956745862961 192.09861124306917 147.91464694589376 99.101318530738354 152.0597517490387 6.236833117902278 236.55218314193189 20.824673995375633 68.287915080785751 10.824839331209658
leaf_count=34 23 397 538 208 776 4180 632 553 1371 37 7287 212 670 71
internal_value=-0.000135682 0.00451803 -0.00360951 0.00983786 0.0062833 -0.0100128 0.0170887 0.00940881 0.00562391 0.0166605 -0.0181264 0.0035663 0.0055553 0.010635
internal_weight=1173.27 932.741 369.123 563.618 379.463 194.853 184.155 310.564 205.226 105.338 240.526 174.27 153.445 85.1575
internal_count=16989 9668 5694 3974 3134 4203 840 2358 1768 590 7321 1491 1279 609
is_linear=0
shrinkage=0.02


Tree=55
num_leaves=15
num_cat=0
split_feature=0 34 44 32 30 32 32 15 43 43 15 30 43 44
split_gain=205.964 142.649 71.0867 47.9055 45.7332 21.0788 18.545 17.4699 24.2544 16.9388 14.1298 22.663 21.0534 15.7792
threshold=0.025685695653241625 0.73538899430740046 0.71582374483794953 59.500000000000007 0.8355957865715028 31.500000000000004 47.500000000000007 1.0000000180025095e-35 0.22088054448289898 0.045118867052476364 1.0000000180025095e-35 0.45399698615074163 0.025988283373331731 0.0010119788656654451
decision_type=10 2 2 2 8 2 2 2 2 2 2 8 2 2
left_child=1 2 7 5 -4 -3 -2 -1 -9 -8 11 -7 13 -12
right_child=6 3 4 -5 -6 10 9 8 -10 -11 12 -13 -14 -15
leaf_value=-0.01980251434899926 0.021560229392033517 0.02630937811147803 0.013963001660441454 -0.0042175635748613362 -0.0091239207752032928 0.029290553144146702 0.0075335223262473485 -0.017970273105676775 0.0071916512956458345 0.021253828440522163 0.011617441896597946 -0.0085156788219708339 0.018785319804386573 -0.0045890271491941595
leaf_weight=260.44464271143079 97.850803326815367 26.473072543740273 52.977761019021273 166.67657272517681 93.252953410148621 6.5858804546296588 153.54208118468523 36.688304558396339 25.092754058539867 46.981026109308004 50.998543135821819 37.836155211552978 67.063055776059628 43.90390357375145
leaf_count=8015 540 174 569 1982 2005 49 961 561 168 224 361 629 312 341
internal_value=0.000107789 -0.00482103 -0.0122975 0.00395395 -0.000721758 0.00979596 0.0144143 -0.0175323 -0.00779884 0.0108376 0.00756116 -0.00238918 0.0102881 0.00415031
internal_weight=1166.37 867.994 468.456 399.537 146.231 232.861 298.374 322.226 61.7811 200.523 206.388 44.422 161.966 94.9024
internal_count=16891 15166 11318 3848 2574 1866 1725 8744 729 1185 1692 678 1014 702
is_linear=0
shrinkage=0.02


Tree=56
num_leaves=15
num_cat=0
split_feature=13 32 9 44 28 25 44 9 22 43 32 43 32 28
split_gain=232.319 45.5874 26.7442 24.199 22.3375 20.5829 19.6952 19.3976 20.1662 20.0643 16.2679 15.3467 15.0476 13.1539
threshold=1.0000000180025095e-35 55.500000000000007 1.6040600000000003 0.97592476944316631 1.0000000180025095e-35 2.5000000000000004 0.98760905901283003 0.50024950000000012 1.0000000180025095e-35 0.22088054448289898 42.500000000000007 0.045118867052476364 54.500000000000007 1.0000000180025095e-35
decision_type=2 2 2 2 2 2 2 2 2 2 2 2 2 2
left_child=4 2 3 7 5 -1 10 9 -9 -2 -4 -3 -7 -8
right_child=1 11 6 -5 -6 12 13 8 -10 -11 -12 -13 -14 -15
leaf_value=-0.019664488508485609 -0.019051187207627881 -0.0018492163680831116 0.020886523910144481 0.011688463853176496 0.011410115505160115 0.064708926390272564 -0.0056747293474773211 6.3749239929021979e-05 0.036384326032478979 0.0033396453688350146 0.010198296326761254 0.0057661250946319485 -0.012483673138951681 0.019401155417107449
leaf_weight=217.82771574705839 37.46934693865478 338.14380346611142 113.43799454718828 72.705312896519899 9.4996089935302717 1.1085411459207528 32.346646279096603 24.576888255774978 7.1415226906538001 26.972320798784494 120.95525966584682 152.88923573121428 1.4261578805744646 10.171709999442099
leaf_count=7028 759 3971 619 805 117 20 283 453 43 376 710 1599 26 76
internal_value=0.00031204 0.00473608 0.00935891 0.00306058 -0.0176607 -0.0189598 0.0131749 -0.003516 0.00910357 -0.00977159 0.0154378 0.000528815 0.030032 0.000632167
internal_weight=1166.67 936.81 445.777 168.865 229.862 220.362 276.912 96.1601 31.7184 64.4417 234.393 491.033 2.5347 42.5184
internal_count=16885 9694 4124 2436 7191 7074 1688 1631 496 1135 1329 5570 46 359
is_linear=0
shrinkage=0.02


Tree=57
num_leaves=15
num_cat=0
split_feature=13 0 1 44 30 32 44 44 9 42 0 31 0 1
split_gain=230.358 96.5195 35.9589 47.4076 32.4555 32.2282 31.8611 21.217 35.9442 60.5202 32.5843 27.5529 19.5783 19.5008
threshold=1.0000000180025095e-35 0.025685695653241625 -0.881598800420761 0.039913366222266829 0.81598794460296642 80.500000000000014 0.99011773542116122 0.037362098537922217 0.37075475000000008 0.81688173727788205 0.12684266952559639 0.89894419908523571 0.078682314867118339 0.27828054130077368
decision_type=2 8 10 2 8 2 2 2 2 2 10 8 10 10
left_child=4 2 3 -2 6 7 -1 8 9 -3 -10 -9 13 -7
right_child=1 5 -4 -5 -6 12 -8 11 10 -11 -12 -13 -14 -15
leaf_value=-0.016677463661025158 -0.018341350086478379 0.020390262482353202 0.0035452895473964759 0.0014068276625434995 -0.019698886479642803 -0.010331335457208895 0.036094992844733297 0.011837168351330472 0.012982805956549853 -0.021298486700953894 0.02752261934313998 -0.0092268102478625727 0.0085986388671977897 0.031840045025180903
leaf_weight=8.6385458894073981 102.41232548840344 27.188124269247055 168.1264817006886 91.527583070099354 209.41986626945436 56.543032433837652 7.8136588521301737 71.220166750252247 201.33409997820854 26.535996753722429 90.715427070856094 36.973063413053751 63.067367576062679 3.7817228734493247
leaf_count=238 2744 153 1434 1467 6910 680 80 540 1229 372 391 306 325 34
internal_value=0.000512696 0.0048761 -0.00321415 -0.00906203 -0.0175767 0.00994635 0.00901791 0.0124051 0.0148206 -0.000214015 0.0175776 0.00462036 0.000873416 -0.00721154
internal_weight=1165.3 939.425 362.066 193.94 225.872 577.359 16.4522 453.967 345.774 53.7241 292.05 108.193 123.392 60.3248
internal_count=16903 9675 5645 4211 7228 4030 318 2991 2145 525 1620 846 1039 714
is_linear=0
shrinkage=0.02


Tree=58
num_leaves=15
num_cat=0
split_feature=13 32 31 28 28 11 32 10 1 25 14 31 21 20
split_gain=204.668 47.0334 32.7995 33.9392 22.2527 15.5287 15.3826 15.0481 13.3419 11.96 11.9292 23.4134 11.7845 12.1769
threshold=1.0000000180025095e-35 78.500000000000014 0.94117647409439098 1.0000000180025095e-35 1.0000000180025095e-35 0.91440421342849743 42.500000000000007 99.125000000000014 0.27828054130077368 2.5000000000000004 1.0000000180025095e-35 0.97285065054893505 1.0000000180025095e-35 1.0000000180025095e-35
decision_type=2 2 8 2 2 2 2 2 10 2 2 8 2 2
left_child=4 2 3 5 9 -2 7 -4 10 -1 -3 -12 13 -8
right_child=1 8 6 -5 -6 -7 12 -9 -10 -11 11 -13 -14 -15
leaf_value=-0.019051825226566264 0.00045590383431020346 -0.013873867530166981 0.018487367450098924 0.014412108002519198 0.012067755358750612 -0.011770834899770466 0.0070657437238291904 0.001203518660175011 0.016121584175537166 0.019900018308710146 -0.011984029605267016 0.0039929933780268991 -0.0048950409351168917 0.020472904358678688
leaf_weight=211.9799963850528 150.57830161973834 49.546500083059072 110.78055145964026 56.795115385204554 9.2986487522721273 56.34864517301321 264.93107424303889 24.757284682244062 11.187603097409008 2.4325342588126651 61.458986887708306 88.077622804790735 28.284134928137064 29.666720025241375
leaf_count=7080 2288 630 676 461 118 1170 1959 164 105 44 1093 690 238 152
internal_value=-6.45163e-05 0.00406081 0.00648287 0.000857553 -0.0172002 -0.00291418 0.00971011 0.0153622 -0.00424865 -0.0185196 -0.00546822 -0.00260949 0.00729738 0.00848057
internal_weight=1156.12 932.413 722.142 263.722 223.711 206.927 458.42 135.538 210.271 214.413 199.083 149.537 322.882 294.598
internal_count=16868 9626 7108 3919 7242 3458 3189 840 2518 7124 2413 1783 2349 2111
is_linear=0
shrinkage=0.02


Tree=59
num_leaves=15
num_cat=0
split_feature=13 31 44 44 34 30 44 30 20 35 38 44 24 34
split_gain=210.571 41.8135 76.9953 52.6894 32.7181 25.1433 24.7805 23.9527 22.5841 16.1743 14.5732 14.0529 12.9834 12.8622
threshold=1.0000000180025095e-35 0.87820512056350719 0.10105466353485022 0.71582374483794953 0.28215467328370564 0.81598794460296642 0.99011773542116122 0.35746607184410101 1.0000000180025095e-35 0.50787450396825407 0.046164772727272735 0.99805495847503145 2.5000000000000004 0.34764185703758294
decision_type=2 8 2 2 2 8 2 8 2 2 2 2 2 2
left_child=5 2 -2 4 10 6 -1 11 -6 -10 -3 -4 -7 -9
right_child=1 3 7 -5 8 12 -8 13 9 -11 -12 -13 -14 -15
leaf_value=-0.016757059039676482 -0.014388188958107933 0.010360137429391139 0.025503094660510667 -0.0081833700522559189 0.009182358043025059 -0.019919940223697377 0.028877556337651988 0.0089579688426534628 0.04009189904804359 0.015864717536229381 -0.017031019042011753 -0.0081918457238830296 0.021439305207978179 -0.0023797995487250213
leaf_weight=8.8684852495789546 116.71757059730589 10.315150327980517 31.057818308472633 75.847763583064079 449.46485900133848 199.41579438000917 8.2479211799800378 70.981477674096823 14.463456735014914 49.288907948881388 24.882243219763041 5.3640879839658728 2.3073734380304805 89.429150965064764
leaf_count=246 2719 100 212 771 3228 6855 85 883 78 250 326 36 41 1091
internal_value=0.000244711 0.00437037 -0.00158543 0.00735957 0.00952019 -0.0173748 0.00561318 0.00604069 0.0108011 0.0218954 -0.00893916 0.0204543 -0.0193434 0.00266156
internal_weight=1156.65 937.812 313.55 624.262 548.415 218.84 17.1164 196.833 513.217 63.7524 35.1974 36.4219 201.723 160.411
internal_count=16921 9694 4941 4753 3982 7227 331 2222 3556 328 426 248 6896 1974
is_linear=0
shrinkage=0.02


Tree=60
num_leaves=15
num_cat=0
split_feature=13 0 43 34 0 37 41 43 41 34 0 23 12 15
split_gain=199.591 84.5268 31.6764 24.8397 19.1449 19.4113 18.2998 19.5394 16.6834 31.6826 15.9553 13.1393 16.0518 13.3471
threshold=1.0000000180025095e-35 0.039466630930045571 0.010251232595750469 0.82534901510805136 0.097934105055353285 0.15075757575757578 0.1126984126984127 0.025988283373331731 0.41421568627450983 0.3987179487179488 0.071644037961959853 1.0000000180025095e-35 0.72398191690444957 1.0000000180025095e-35
decision_type=2 8 2 2 10 2 2 2 2 2 10 2 2 2
left_child=-1 3 4 6 5 -3 7 -2 -6 -10 -4 12 -5 -14
right_child=1 2 10 11 8 -7 -8 -9 9 -11 -12 -13 13 -15
leaf_value=-0.0176051191960729 0.0085886877115731695 0.0039637524612426232 0.010862575249502172 -0.0045582349274966511 0.0029883841571598964 -0.011587506741673019 -0.010235974917864678 -0.017283785533685349 -0.017699413022589369 0.01873536858085284 0.023152138577151746 0.019363200806257506 -0.0081483989948390075 0.019316183207403883
leaf_weight=216.03263467736542 46.649706531316042 145.96574231982231 128.2978331707418 69.076107949018478 83.902030237019062 40.082345273345709 192.9144783206284 14.479135444387792 9.8542673960328084 91.630654610693455 65.142453946173191 17.347207117825747 9.0653111450374109 25.094546362757683
leaf_count=7238 698 1399 771 639 565 387 3644 355 83 401 299 133 114 170
internal_value=-0.00031715 0.0036726 0.00855209 -0.00368804 0.00511114 0.00056934 -0.00722698 0.00228091 0.00964164 0.0150593 0.015099 0.00376588 0.000984377 0.0120032
internal_weight=1155.53 939.502 564.875 374.626 371.435 186.048 254.043 61.1288 185.387 101.485 193.44 120.583 103.236 34.1599
internal_count=16896 9658 3905 5753 2835 1786 4697 1053 1049 484 1070 1056 923 284
is_linear=0
shrinkage=0.02


Tree=61
num_leaves=15
num_cat=0
split_feature=13 0 1 32 30 0 30 24 1 17 0 32 38 11
split_gain=202.253 85.4128 38.5182 32.8252 25.8821 22.1691 20.6577 17.1072 15.1776 15.9639 17.8662 13.9882 13.1695 12.7757
threshold=1.0000000180025095e-35 0.02187028527259827 0.84564274962451313 69.500000000000014 0.6591252088546754 0.052790358662605293 0.21266968548297885 2.5000000000000004 0.036576183512806899 1.0000000180025095e-35 0.097934105055353285 42.500000000000007 0.032795698924731186 0.88499245047569286
decision_type=2 8 8 2 8 10 8 2 10 2 10 2 2 2
left_child=4 2 12 8 -1 -5 -4 -6 9 11 -11 -3 -2 -13
right_child=1 3 6 5 7 -7 -8 -9 -10 10 -12 13 -14 -15
leaf_value=0.010036318217154082 0.009761190205204405 0.014380260462620134 0.027994888601611537 -0.0051922500868259967 -0.019596678226752474 0.0086984535340362736 -0.010510233143562442 0.027407084029630786 0.022349950071269643 -0.00065298592294981089 0.021615755512167691 1.083937102985057e-05 -0.0013481525287216093 0.01183978030568468
leaf_weight=12.548887401819227 76.322792921215296 86.901932366192341 4.8072945922613135 86.539809320122004 198.37948028370738 95.85404435172677 186.13255194947124 2.3126207143068305 52.863083630800247 17.485817469656467 79.451947160065174 99.329634971916676 94.807882580906153 56.760451778769493
leaf_count=193 583 586 40 979 7042 523 4195 41 302 98 332 773 865 405
internal_value=0.000354947 0.00435821 -0.00324629 0.00914245 -0.0171788 0.0021154 -0.00939999 -0.0189218 0.0123918 0.0107822 0.0176332 0.00798801 0.00363444 0.00436029
internal_weight=1150.5 937.257 362.071 575.187 213.241 182.394 190.94 200.692 392.793 339.93 96.9378 242.992 171.131 156.09
internal_count=16957 9681 5683 3998 7276 1502 4235 7083 2496 2194 430 1764 1448 1178
is_linear=0
shrinkage=0.02


Tree=62
num_leaves=15
num_cat=0
split_feature=13 0 30 13 32 6 30 9 42 6 24 0 30 42
split_gain=186.457 87.0587 29.191 29.0141 27.3243 26.9007 19.9112 17.3405 45.7433 16.8972 16.4541 15.0821 14.7691 13.6272
threshold=1.0000000180025095e-35 0.02187028527259827 0.65309202671051036 1.5000000000000002 59.500000000000007 70.675000000000011 0.18702866137027743 0.9533950000000001 0.24738599827581656 192.27500000000003 2.5000000000000004 0.22954604787294236 0.27752640843391424 0.12603000980821966
decision_type=2 8 8 2 2 2 8 2 2 2 2 10 8 2
left_child=2 3 13 6 7 12 -2 8 -3 -9 -4 -7 -6 -1
right_child=1 4 10 -5 5 11 -8 9 -10 -11 -12 -13 -14 -15
leaf_value=0.023593938628348715 0.03418803913135026 0.014352548076530367 -0.019667371822168277 0.0019405943587767227 0.035970314298895807 -0.009173210947500645 -0.010449526755984652 0.017460393915377171 -0.01842783559248589 0.0049653439159593905 0.025701581226203096 0.015359138108977828 0.006761852034813806 -0.016768105198919813
leaf_weight=9.2738979235291463 3.1338583603501311 51.69431983679533 194.34963764064014 168.37276856973767 6.313541565090417 71.478920500725508 181.65205510146916 200.04312587529421 24.186168119311333 56.443053476512432 2.4308987557888022 10.708131141960619 162.46289950609207 4.1131026726216069
leaf_count=96 23 344 7020 1421 44 779 4150 1042 313 363 42 54 1097 112
internal_value=-5.64214e-05 0.00376796 -0.0170347 -0.00406206 0.00850723 0.00350584 -0.00951256 0.0122618 0.00380033 0.0147407 -0.0189798 -0.00583069 0.00805991 0.0108893
internal_weight=1146.66 936.489 210.168 353.159 583.33 250.963 184.786 332.367 75.8805 256.486 196.781 82.1871 168.776 13.387
internal_count=16900 9630 7270 5594 4036 1974 4173 2062 657 1405 7062 833 1141 208
is_linear=0
shrinkage=0.02


Tree=63
num_leaves=15
num_cat=0
split_feature=1 14 32 17 31 43 38 28 25 43 9 15 32 1
split_gain=125.795 80.84 41.0808 40.4762 20.5546 21.6048 20.5067 17.5668 15.3322 13.9863 16.4402 26.217 14.4241 13.9405
threshold=-0.881598800420761 1.0000000180025095e-35 71.500000000000014 1.0000000180025095e-35 0.84615385532379161 0.95938849276378135 0.097619047619047633 1.0000000180025095e-35 2.5000000000000004 0.0036670519035380904 1.9898580000000001 1.0000000180025095e-35 42.500000000000007 -0.57352936267852772
decision_type=10 2 2 2 10 2 2 2 2 2 2 2 2 10
left_child=1 7 9 4 5 6 -3 8 -1 10 11 -2 -11 -12
right_child=2 3 -4 -5 -6 -7 -8 -9 -10 12 13 -13 -14 -15
leaf_value=-0.018883228202384285 0.015146088080603665 0.0021602581337710866 -0.0023786894749510063 0.015832895159013146 0.012424726383232918 -0.017297174666207952 -0.011456804463279839 0.0085783147805504074 0.024224253503094095 0.024202898284922465 0.020150702732146971 -0.017375126888938525 0.010265756081196342 0.0065298331657113618
leaf_weight=196.10310712456703 14.995148859918116 123.91880378685892 168.01705339550972 47.930833388119936 26.664844952523708 50.455825863406062 67.584911534562707 9.7342786192893964 2.540448233485221 40.737079665064812 34.436666265130043 25.258859287947416 115.24962348118424 214.99059930443764
leaf_count=7125 119 1809 1576 277 239 1249 1503 123 43 199 217 361 614 1458
internal_value=-0.000104965 -0.00728534 0.00603883 -0.000905362 -0.00393963 -0.00578676 -0.00267998 -0.0169268 -0.0182134 0.00921046 0.00657238 -0.00518706 0.0140365 0.00848333
internal_weight=1138.62 524.933 613.685 316.555 268.624 241.96 191.504 208.378 198.644 445.668 289.681 40.254 155.987 249.427
internal_count=16912 12368 4544 5077 4800 4561 3312 7291 7168 2968 2155 480 813 1675
is_linear=0
shrinkage=0.02


Tree=64
num_leaves=15
num_cat=0
split_feature=0 1 44 2 24 44 9 42 31 0 31 34 42 0
split_gain=143.279 143.582 56.5266 19.3252 18.8249 17.743 25.7639 23.0171 17.2193 15.1122 14.9034 17.1903 14.3966 15.0804
threshold=0.067263661553028362 -0.881598800420761 0.71582374483794953 2.5000000000000004 2.5000000000000004 0.037362098537922217 0.37075475000000008 0.034693408531335013 0.69079941511154186 -0.072315415566678767 0.76319760084152233 0.68871048356866182 0.99624348998761592 0.34106137764674355
decision_type=10 10 2 2 2 2 2 2 8 10 10 2 2 10
left_child=1 2 4 -3 9 6 7 -2 -4 -1 -11 -12 -8 -14
right_child=5 3 8 -5 -6 -7 12 -9 -10 10 11 -13 13 -15
leaf_value=-0.020296684449216302 0.017332550190839686 0.0024516362204623421 0.0017411032381887128 0.021550977469587944 0.020264780690540173 0.004600065367502717 0.026340581578285463 -0.021502594036976252 -0.015603135763408641 -0.011710301015403265 -0.0039874647823306365 0.062148628219265679 0.0091480793735673506 0.02637603947549913
leaf_weight=242.62795682810247 10.192116416990759 446.19886907190084 103.35856517776847 21.279053770005703 4.2714470475912085 82.235431261360645 60.407379753887653 12.480421349406241 28.355079105123878 22.231837371364239 3.6395567525178185 1.6269459314644334 78.265480503439903 27.499344989657402
leaf_count=8564 50 3715 1855 115 65 573 261 116 724 379 72 24 343 119
internal_value=-0.000247705 -0.00419069 -0.0128752 0.00336516 -0.0180296 0.0124278 0.0157943 -0.0040501 -0.00208217 -0.0187076 -0.0044666 0.0231008 0.0185099 0.0138325
internal_weight=1144.67 873.589 406.111 467.478 274.398 271.08 188.845 22.6725 131.714 270.126 27.4983 5.2665 166.172 105.765
internal_count=16975 15513 11683 3830 9104 1462 889 166 2579 9039 475 96 723 462
is_linear=0
shrinkage=0.02


Tree=65
num_leaves=15
num_cat=0
split_feature=1 17 44 20 32 34 29 34 34 41 31 17 42 32
split_gain=119.852 74.5077 64.135 68.2959 29.0925 25.4866 20.8398 17.2397 15.1388 22.7086 20.7939 12.8315 19.943 12.4189
threshold=inf 1.0000000180025095e-35 0.71582374483794953 1.0000000180025095e-35 70.500000000000014 0.55857843137254914 1.0000000180025095e-35 0.29226190476190483 0.71317502410800404 0.19859154929577469 0.64404225349426281 1.0000000180025095e-35 0.99747798128327081 35.500000000000007
decision_type=8 2 2 2 2 2 2 2 2 2 10 2 2 2
left_child=4 2 3 -2 8 -5 -4 -8 9 -1 13 12 -6 -10
right_child=1 -3 6 5 11 -7 7 -9 10 -11 -12 -13 -14 -15
leaf_value=0.017930599336109958 -0.018189300686024288 0.01537298730484719 -0.0079205168240307298 -0.0050050764974637263 0.00079942414255166478 0.042233435192730574 0.014229265135338325 -0.0022972503619091088 0.019854011499637544 -0.0053704306419470309 -0.0095012985852885121 0.0064240993605189757 -0.016459286261950881 0.0096464595891972444
leaf_weight=21.805463887751102 268.65558875352144 51.343031886965036 82.151379071176052 7.7325684167444733 83.712252799421549 9.5283631980419141 47.311526164412498 52.3904735930264 58.416212767362595 61.819847010076046 19.289622135460377 61.420876059681177 38.320647206157446 276.47336921840906
leaf_count=147 8958 293 1770 78 787 70 545 644 306 596 162 312 600 1667
internal_value=-0.000207179 -0.00729275 -0.00980805 -0.0156976 0.00571561 0.0219563 -0.000513065 0.00560849 0.00851189 0.000845445 0.0103145 -0.000967564 -0.00470987 0.0114808
internal_weight=1140.37 519.113 467.77 285.917 621.258 17.2609 181.853 99.702 437.805 83.6253 354.179 183.454 122.033 334.89
internal_count=16935 12358 12065 9106 4577 148 2959 1189 2878 743 2135 1699 1387 1973
is_linear=0
shrinkage=0.02


Tree=66
num_leaves=15
num_cat=0
split_feature=13 17 32 30 1 43 30 42 7 30 1 24 32 40
split_gain=183.122 41.8163 52.1478 26.6011 25.868 29.5306 19.0183 15.5189 15.0517 14.3423 14.965 14.3352 13.8559 11.7468
threshold=1.0000000180025095e-35 1.0000000180025095e-35 72.500000000000014 0.81598794460296642 0.67345401644706737 0.95938849276378135 0.66365009546279918 0.0077303203459366783 1.0000000180025095e-35 0.27300152182579046 0.33484162390232092 2.5000000000000004 31.500000000000004 0.15504807692307696
decision_type=2 2 2 8 8 2 8 2 2 8 10 2 2 2
left_child=3 2 4 7 5 12 -6 -1 -8 -4 -11 -5 -2 -7
right_child=1 -3 9 11 6 13 8 -9 -10 10 -12 -13 -14 -15
leaf_value=0.021602173177706425 0.01675552048542751 0.012173451429246168 0.020015246481776352 -0.019658188086441406 0.0090521038938635306 0.01230842012359136 0.001920823869705168 -0.015500271153314926 -0.010983266186610077 -0.0097748771334649261 0.016757069805253339 0.020541528176133608 0.0027116142277476079 0.026898708153513771
leaf_weight=10.239823535084726 31.461784716695547 211.06017350405455 6.461213305592536 179.56030806712806 57.091987881809473 70.542847163975239 72.226497299969196 6.6244521904736748 70.897131372243166 163.64144446142018 8.0784713849425298 2.8489609137177458 214.16758559644222 33.901903003454208
leaf_count=133 215 1069 64 6971 532 332 1422 200 1502 2539 72 47 1796 160
internal_value=0.000659258 0.00435629 0.00207784 -0.0167062 0.00512182 0.00839356 -0.000612057 0.00697613 -0.00450315 -0.00729922 -0.0084369 -0.0189218 0.00457109 0.0172545
internal_weight=1138.8 939.531 728.471 199.274 550.29 350.074 200.216 16.8643 143.124 178.181 171.72 182.409 245.629 104.445
internal_count=17054 9703 8634 7351 5959 2503 3456 333 2924 2675 2611 7018 2011 492
is_linear=0
shrinkage=0.02


Tree=67
num_leaves=15
num_cat=0
split_feature=9 44 20 17 30 32 34 15 15 42 15 44 32 42
split_gain=102.629 47.3832 57.4312 47.9633 33.2764 27.3067 25.07 17.8342 17.7822 30.6972 16.2292 18.8483 14.2275 13.524
threshold=1.9898580000000001 0.95987788521857442 1.0000000180025095e-35 1.0000000180025095e-35 0.8355957865715028 59.500000000000007 0.30304779496652051 1.0000000180025095e-35 1.0000000180025095e-35 0.55233124286261204 1.0000000180025095e-35 0.98760905901283003 38.500000000000007 0.0012033655269709576
decision_type=2 2 2 2 8 2 2 2 2 2 2 2 2 2
left_child=1 2 3 8 -3 10 -4 -5 -1 -10 -2 -12 -6 -7
right_child=5 4 6 7 12 13 -8 -9 9 -11 11 -13 -14 -15
leaf_value=-0.017089598885726774 -0.000120272531361585 0.010728244981617896 -0.014260776345973631 0.01731342382122239 0.012478941335965537 0.011081836058235501 0.031077159778392996 -0.0214628752142846 0.010727916634648371 -0.020396511936995331 0.01304817674579222 -0.0072113383442384549 -0.0084945342435941429 -0.0013052547497810934
leaf_weight=257.68609991297126 57.051206272095442 88.525886416435242 5.9802560359239605 26.281709454953674 14.054089792072771 41.472128992900252 17.301520515233278 4.8535440005362025 26.223535742610693 22.771248668432236 253.69069968163967 19.17640658468008 94.846208503469825 206.63367975316942
leaf_count=8812 565 792 63 161 242 327 115 41 179 418 1343 166 1919 1826
internal_value=-8.18871e-05 -0.00619021 -0.0104881 -0.0125937 0.00168398 0.00582087 0.0193238 0.010789 -0.0149949 -0.00385638 0.00958173 0.0116033 -0.00569889 0.000801484
internal_weight=1136.55 558.524 361.098 337.816 197.426 578.024 23.2818 31.1353 306.681 48.9948 329.918 272.867 108.9 248.106
internal_count=16969 12742 9789 9611 2953 4227 178 202 9409 597 2074 1509 2161 2153
is_linear=0
shrinkage=0.02


Tree=68
num_leaves=15
num_cat=0
split_feature=9 14 44 2 15 43 24 42 17 9 31 35 44 31
split_gain=100.649 47.467 20.9921 20.2853 18.0203 21.2905 19.0173 17.5263 21.4954 20.5704 21.7639 16.7148 16.0952 23.0852
threshold=1.6040600000000003 1.0000000180025095e-35 0.94876020125090255 1.0000000180025095e-35 1.0000000180025095e-35 0.032052538125117443 2.5000000000000004 0.99624348998761592 1.0000000180025095e-35 0.49989500000000009 0.57164406776428234 0.20794025157232707 0.002039617226489748 0.88499245047569286
decision_type=2 2 2 2 2 2 2 2 2 2 8 2 2 10
left_child=1 2 4 -2 6 -6 -1 8 12 -9 -11 -4 13 -3
right_child=3 7 11 -5 5 -7 -8 9 -10 10 -12 -13 -14 -15
leaf_value=-0.020387525818444427 0.0038749464815539293 -0.016635167737463808 -0.018368805802526006 0.014037727575076993 -0.020186615483052561 0.0072875555678326666 0.025734280635973661 -0.020916541190367236 0.017310635692649574 -0.017851642891554529 0.014964833694371885 0.0055835963122167643 0.0019753071117310085 0.031851591875247554
leaf_weight=145.29815690033138 480.02958641760051 37.520396027714014 15.781998762860892 93.324234142899513 18.878946378827095 25.239874675869942 2.8492293991148463 33.328392522409558 28.901998955756426 12.778653183951976 18.569371186196804 37.192606173455715 164.38093114458025 3.4467622935771933
leaf_count=5950 3672 991 521 552 356 167 47 790 177 413 260 705 2202 22
internal_value=-0.000292013 -0.00644698 -0.0129494 0.00555069 -0.0160073 -0.0046558 -0.0193339 -0.00108695 0.00146714 -0.010219 0.00144926 -0.00176033 -0.000835863 -0.011894
internal_weight=1117.52 544.167 245.241 573.354 192.266 44.1188 148.147 298.927 234.25 64.6764 31.348 52.9746 205.348 40.9672
internal_count=16825 12601 7746 4224 6520 523 5997 4855 3392 1463 673 1226 3215 1013
is_linear=0
shrinkage=0.02


Tree=69
num_leaves=15
num_cat=0
split_feature=0 1 44 30 31 43 31 34 0 25 33 10 41 31
split_gain=135.999 124.867 60.095 31.9947 23.7648 21.3654 15.6625 21.7849 15.4801 15.4674 13.3279 15.5367 13.2802 12.4184
threshold=0.078682314867118339 -0.881598800420761 0.71582374483794953 0.87028658390045177 0.47058823704719549 0.0047839939702771818 0.5429864525794984 0.84234892787524374 -0.072315415566678767 2.5000000000000004 0.38130296610169495 23.050000000000004 0.11596638655462187 0.76319760084152233
decision_type=10 10 2 8 10 2 8 2 10 2 2 2 2 10
left_child=1 2 8 10 -2 6 12 -8 9 -1 -4 -12 -3 -10
right_child=4 5 3 -5 -6 -7 7 -9 13 -11 11 -13 -14 -15
leaf_value=-0.020056137923525723 0.016984531976177015 0.025775737251386217 0.0010305776418049455 -0.0093182885431544859 0.0039671199938343124 0.0084009398008056419 -0.009109929683018712 0.0030297946031072947 -0.010266562467781884 0.022597588177152097 0.027907643608063019 -0.0090024377227115975 0.0013346535683326885 0.020299755263055115
leaf_weight=223.17733352817595 175.84125995635986 14.772260293364523 29.54396665841341 78.02341996319592 83.254162453114986 192.18401222676039 101.54677310213447 138.82125595211983 26.246843198314313 2.6667945459485045 20.96451881155372 5.2382222078740588 20.653067577630281 5.6367946732789269
leaf_count=8501 779 112 341 1988 596 1173 1114 1163 417 43 221 67 224 95
internal_value=0.000160127 -0.00367069 -0.0119907 -0.00109866 0.012833 0.00330038 -0.000271405 -0.00211529 -0.017618 -0.0194551 0.0103671 0.0204692 0.0119543 -0.00440967
internal_weight=1118.57 859.475 391.498 133.77 259.095 467.977 275.793 240.368 257.728 225.844 55.7467 26.2027 35.4253 31.8836
internal_count=16834 15459 11673 2617 1375 3786 2613 2277 9056 8544 629 288 336 512
is_linear=0
shrinkage=0.02


Tree=70
num_leaves=15
num_cat=0
split_feature=13 0 32 1 44 30 40 32 1 0 44 41 35 6
split_gain=159.672 78.3014 46.9613 29.0932 32.7481 23.3627 21.9161 18.8064 15.2545 14.5787 12.3885 11.6074 9.49758 20.488
threshold=1.0000000180025095e-35 0.067263661553028362 73.500000000000014 inf 0.043623071708209081 0.65309202671051036 0.15504807692307696 31.500000000000004 0.27828054130077368 0.033342792038238908 0.99011773542116122 0.30602006688963218 0.76677927927927947 192.27500000000003
decision_type=2 10 2 8 2 8 2 2 10 10 2 2 2 2
left_child=5 2 3 7 9 10 -3 -2 -4 -5 -1 -9 -13 -14
right_child=1 6 8 4 -6 -7 -8 11 -10 -11 -12 12 13 -15
leaf_value=-0.014262957291665835 0.019981685284566588 0.019972923234654029 -0.011073358997387686 -0.017354625176956621 0.0047584413299038009 -0.018670230775652323 0.0082089448350951486 0.0086391715588818013 0.010715109700500569 0.015359186806064918 0.023052395932930205 -0.0040872628546842786 0.01351864644275785 -0.0043160603540046156
leaf_weight=5.0425391849130374 33.585229393094778 100.11005652695894 153.25640079937875 62.510899057611823 69.574167799204588 171.1639300826937 176.93264359608293 144.79892739653587 13.236488651484249 5.1978950686752787 7.9568430483341217 79.698386896401644 53.335375014692545 48.291531641036272
leaf_count=136 212 466 2485 1895 1091 6997 1015 935 121 48 62 637 374 388
internal_value=0.000268179 0.00360683 -0.000126667 0.00295471 -0.00485374 -0.0167098 0.0125164 0.00594 -0.0092875 -0.0146562 0.00859268 0.00443728 0.00105284 0.00508439
internal_weight=1124.69 940.528 663.485 496.992 137.283 184.163 277.043 359.709 166.493 67.7088 12.9994 326.124 181.325 101.627
internal_count=16862 9667 8186 5580 3034 7195 1481 2546 2606 1943 198 2334 1399 762
is_linear=0
shrinkage=0.02


Tree=71
num_leaves=15
num_cat=0
split_feature=9 17 10 1 1 40 22 5 11 37 37 31 7 34
split_gain=100.661 33.1866 29.1442 21.753 20.7262 17.0808 13.8849 19.0285 13.5709 13.1757 12.561 16.992 12.0976 11.9847
threshold=0.9533950000000001 1.0000000180025095e-35 1.5000000000000002 -0.03973465558831412 0.30869740589203071 0.20871143375680581 1.0000000180025095e-35 1.0000000180025095e-35 0.8355957865715028 0.065591397849462371 0.044466403162055343 0.53657618165016185 1.0000000180025095e-35 0.4836021505376345
decision_type=2 2 2 8 10 2 2 2 2 2 2 10 2 2
left_child=2 3 -1 10 5 -4 7 -5 9 12 11 -2 13 -7
right_child=1 -3 4 6 -6 8 -8 -9 -10 -11 -12 -13 -14 -15
leaf_value=-0.020182574340274543 0.012808500188913306 0.011413275042052041 -0.011507031502674063 -0.00801018574428034 0.023025783711179887 0.018275145140738188 0.010805230490780414 0.005279087818709333 -0.0093522940723933141 -0.010907387332789967 0.0012448310241302692 -0.0085595643446357977 -0.0010720274190282833 -0.008540301324290258
leaf_weight=65.12426619976759 113.14541513100266 193.39058886095881 151.82418989762664 155.25368669629097 8.8252943418920022 32.632278624922037 26.261468477547169 58.717753758653998 73.227410865947604 26.166213938966393 128.90300430729985 16.409679166972637 57.798875799402595 7.6797694303095332
leaf_count=2791 785 941 3921 2848 72 392 171 433 1687 588 1084 131 935 118
internal_value=-0.000294133 0.00440288 -0.00796626 0.00166687 -0.00569492 -0.00648416 -0.0026605 -0.00435577 -0.00258451 0.00144608 0.00568384 0.0100572 0.00481756 0.0130835
internal_weight=1115.36 692.082 423.278 498.691 358.154 349.329 240.233 213.971 197.505 124.277 258.458 129.555 98.1109 40.312
internal_count=16897 6393 10504 5452 7713 7641 3452 3281 3720 2033 2000 916 1445 510
is_linear=0
shrinkage=0.02


Tree=72
num_leaves=15
num_cat=0
split_feature=0 1 44 32 43 44 44 31 32 31 43 36 32 32
split_gain=122.279 112.878 65.167 25.7181 20.3108 20.1169 18.5246 15.5149 15.9558 14.6347 13.6684 13.3353 12.8794 12.1839
threshold=0.067263661553028362 -0.881598800420761 0.039913366222266829 56.500000000000007 0.99811735264776191 0.89185316293149786 0.00064013727656168776 0.94117647409439098 60.500000000000007 0.8431372642517091 0.00078215371857102772 0.6094494047619049 124.50000000000001 51.500000000000007
decision_type=10 10 2 2 2 2 2 8 2 8 2 2 2 2
left_child=1 2 -1 11 6 9 -5 8 -4 -2 -11 -3 -6 -7
right_child=5 3 7 4 12 13 -8 -9 -10 10 -12 -13 -14 -15
leaf_value=-0.01842398225032079 -0.00067647255307662715 0.00201886576558528 0.0079670805693304054 -0.015195791631616232 0.016167081920954639 0.011441601254512193 -0.0010632417690586489 -0.019499441748558916 -0.006516938637462992 0.0097335726928084541 0.0214033928697317 0.011045311238774605 -0.018717848611090968 -0.0041143733018981932
leaf_weight=238.29316180199385 21.557085268199444 126.51519449427724 65.800839088857174 53.042604941874743 28.908794730901718 35.458578638732433 118.87253331765532 15.12462969124317 54.895986147224903 70.025832541286945 102.96894451975822 135.8972913660109 4.0734674632549277 44.162668988108635
leaf_count=8863 172 886 1148 650 174 230 1189 489 1153 310 445 866 35 320
internal_value=-0.000190862 -0.00397164 -0.0121435 0.0025825 -0.00272029 0.0113844 -0.00548635 -0.00107062 0.00137996 0.0148368 0.0167627 0.00671764 0.0114346 0.00286932
internal_weight=1115.6 841.425 374.115 467.31 204.897 274.173 171.915 135.821 120.697 194.552 172.995 262.412 32.9823 79.6212
internal_count=16930 15453 11653 3800 2048 1477 1839 2790 2301 927 755 1752 209 550
is_linear=0
shrinkage=0.02


Tree=73
num_leaves=15
num_cat=0
split_feature=34 44 17 17 30 34 20 4 38 35 36 12 44 2
split_gain=75.9567 62.1609 39.7843 31.2997 26.5359 24.6739 17.3624 12.4025 11.302 12.0806 15.4005 10.922 10.8192 10.0268
threshold=0.69501860272840033 0.94876020125090255 1.0000000180025095e-35 1.0000000180025095e-35 0.8355957865715028 0.29610733182161758 1.0000000180025095e-35 1.0000000180025095e-35 0.027402402402402406 0.64400359527478179 0.72909946236559142 0.22473604977130893 0.85118042413256967 2.5000000000000004
decision_type=2 2 2 2 8 2 2 2 2 2 2 2 2 2
left_child=1 2 6 13 5 -3 7 -1 9 -6 -11 -7 -5 -2
right_child=3 4 -4 12 8 11 -8 -9 -10 10 -12 -13 -14 -15
leaf_value=-0.018378128687713758 0.0011246744122718343 0.020474510563047995 0.0050687807121184711 0.013484320446475075 -0.0049310321339327921 0.010623676332256939 0.007207276701985104 -0.0089698085240510605 -0.011544217035719622 0.027426684404339655 -0.0075576038827218864 -0.011278846904171911 -0.0067982730646879179 0.014405309311172461
leaf_weight=173.02318311296403 421.28495228663087 49.959014806896448 50.859154302626848 150.8661021143198 33.919044258072972 15.720572788268326 13.954060772433875 87.506378546357155 40.710676081478596 12.219150770455601 7.5544667523354283 19.01779743283987 10.712493423372505 23.055350840091705
leaf_count=6650 4364 425 291 690 775 130 122 1914 837 180 136 180 81 135
internal_value=-0.000173122 -0.00589986 -0.0110971 0.0045964 0.00355034 0.0116132 -0.0141 -0.0152645 -0.00372941 0.00229865 0.0143406 -0.00134712 0.0121061 0.00184456
internal_weight=1110.36 504.443 325.343 605.919 179.101 84.6974 274.484 260.53 94.4033 53.6927 19.7736 34.7384 161.579 444.34
internal_count=16910 11640 8977 5270 2663 735 8686 8564 1928 1091 316 310 771 4499
is_linear=0
shrinkage=0.02


Tree=74
num_leaves=15
num_cat=0
split_feature=1 17 22 40 38 9 38 24 40 31 31 31 37 31
split_gain=83.1929 54.2278 31.7558 27.9538 13.4864 17.4234 12.8882 11.2474 10.4935 9.93774 10.6981 7.67984 8.61346 7.66015
threshold=0.67345401644706737 1.0000000180025095e-35 1.0000000180025095e-35 0.29099462365591405 0.019049346879535561 1.6040600000000003 0.11882352941176472 1.5000000000000002 0.30368906455862982 0.31372550129890447 0.14479638636112216 0.93363499641418468 0.065591397849462371 0.63763198256492626
decision_type=8 2 2 2 2 2 2 2 2 8 10 10 2 10
left_child=4 2 3 7 8 6 -6 -2 -1 10 -10 12 -5 -7
right_child=1 -3 -4 11 5 13 -8 -9 9 -11 -12 -13 -14 -15
leaf_value=0.012186785604628379 -0.015725629816973456 0.013027430996958354 0.0032841155801393018 -0.0018893601024304498 0.0027568232427308778 0.0046906493690962456 -0.016828361995240754 0.015947315435653059 -0.0070448383766922619 -0.001737610911945599 0.039956415137777992 0.02981075428697515 -0.016015830539668256 -0.0098319652962265205
leaf_weight=128.7048831358552 234.9806692134589 50.218783110380173 72.855000600218773 105.89972030185163 24.023455392569304 365.61772168800235 28.816801093518734 3.8087767064571372 2.7162536755204192 47.3470104560256 4.0593747571110725 1.7211820762604464 19.716505700722337 14.214687261730431
leaf_count=781 8572 293 498 2351 216 2509 449 67 20 353 31 26 647 134
internal_value=-0.000332052 -0.00648123 -0.00873753 -0.0111321 0.00455791 0.00262249 -0.00803827 -0.015156 0.00909903 0.00166838 0.0226315 -0.00352698 -0.00421561 0.00412277
internal_weight=1104.7 489.201 438.982 366.127 615.5 432.673 52.8403 238.789 182.828 54.1226 6.77563 127.337 125.616 379.832
internal_count=16947 12454 12161 11663 4493 3308 665 8639 1185 404 51 3024 2998 2643
is_linear=0
shrinkage=0.02


Tree=75
num_leaves=15
num_cat=0
split_feature=13 32 30 31 44 44 22 17 44 34 34 24 34 20
split_gain=134.246 40.6977 25.5912 23.817 39.8035 38.9234 23.3341 22.3718 20.0637 19.8202 17.5345 15.1481 14.3459 13.8438
threshold=1.0000000180025095e-35 80.500000000000014 0.85671192407608043 0.94117647409439098 0.71582374483794953 0.71582374483794953 1.0000000180025095e-35 1.0000000180025095e-35 0.94876020125090255 0.28215467328370564 0.34764185703758294 2.5000000000000004 0.3987179487179488 1.0000000180025095e-35
decision_type=2 2 8 8 2 2 2 2 2 2 2 2 2 2
left_child=2 3 8 5 9 6 -2 -3 -1 -5 -7 -4 -8 -11
right_child=1 7 11 4 -6 10 12 -9 -10 13 -12 -13 -14 -15
leaf_value=-0.018129591109333151 -0.015654203107391202 -0.010222889441654425 -0.019692302343825047 -0.0079714205532737323 -0.0089241477435797693 0.01235422661906503 -0.016331288316978936 0.0046786802721159731 0.022590685159296377 0.0093362235311476444 -0.00032275719432934733 0.02263506167236114 0.020085788134051305 0.021672373311979808
leaf_weight=7.2927528135478523 71.30464780330658 126.09471399523318 152.92530161701143 23.644729424268007 51.364532060921192 81.272256344556808 5.3767303079366711 58.302460126578808 10.746304415166376 368.24622955545783 92.848298758268356 2.6638077758252612 13.061977066099642 40.274621456861496
leaf_count=273 2069 2005 6825 277 481 846 50 304 111 2352 1003 43 79 188
internal_value=-0.000130459 0.00288259 -0.0162242 0.00495818 0.00759111 0.000122908 -0.0105084 -0.00551151 0.00604089 0.00957008 0.00563109 -0.0188277 0.00917271 0.0106024
internal_weight=1105.42 931.791 173.628 747.394 483.53 263.864 89.7434 184.397 18.0391 432.166 174.121 155.589 18.4387 408.521
internal_count=16906 9654 7252 7345 3298 4047 2198 2309 384 2817 1849 6868 129 2540
is_linear=0
shrinkage=0.02


Tree=76
num_leaves=15
num_cat=0
split_feature=13 0 34 30 30 44 44 34 42 1 38 44 37 25
split_gain=125.6 59.4342 40.6968 25.5642 24.8223 19.1317 17.7426 17.442 19.1401 16.0863 16.3545 14.5805 24.2077 14.4593
threshold=1.0000000180025095e-35 0.067263661553028362 0.84234892787524374 0.21266968548297885 0.85671192407608043 0.89185316293149786 0.99011773542116122 0.30304779496652051 0.0046617185505968411 0.0501508116722107 0.053342816500711245 0.10105466353485022 1.0000000180025095e-35 2.5000000000000004
decision_type=2 10 2 8 8 2 2 2 2 10 2 2 2 2
left_child=4 2 3 -2 6 7 -1 8 -3 -5 -11 12 -4 -6
right_child=1 5 11 9 13 -7 -8 -9 -10 10 -12 -13 -14 -15
leaf_value=-0.016090036002679862 0.023186018415376614 0.025447824282933174 0.015289610910114548 -0.0080255202214056694 -0.019529797990971792 0.0020491989853063893 0.021972770447686547 0.015745948244736768 -0.019472311030069824 0.014604458424521722 -0.0081615114901644747 -0.0039329198173191082 0.0022163618684712884 0.021230372086639342
leaf_weight=7.648016061633828 11.263698991388081 4.5234893038868895 87.103915009647608 291.05762020684779 149.02064519934356 75.936864092946053 10.419382344931362 175.3456145785749 11.285103045403956 26.703756034374237 22.302758850157261 61.888879809528589 159.90396663546562 2.78222832083702
leaf_count=272 91 21 547 5337 6772 523 102 779 109 200 223 579 1206 44
internal_value=-0.000264867 0.00263588 -0.000587994 -0.00523704 -0.0160227 0.0105775 0.00586176 0.0139371 -0.00586953 -0.0062437 0.00428769 0.0046995 0.00686952 -0.0186487
internal_weight=1097.19 927.316 660.225 351.328 169.87 267.091 18.0674 191.154 15.8086 340.064 49.0065 308.897 247.008 151.803
internal_count=16805 9615 8183 5851 7190 1432 374 909 130 5760 423 2332 1753 6816
is_linear=0
shrinkage=0.02


Tree=77
num_leaves=15
num_cat=0
split_feature=9 42 17 14 1 32 41 18 32 37 1 31 29 36
split_gain=67.6729 57.5755 35.6005 30.6921 56.8885 27.6102 14.9137 14.5257 12.9511 12.8638 13.6278 13.8533 10.9495 10.6799
threshold=0.9533950000000001 0.55233124286261204 1.0000000180025095e-35 1.0000000180025095e-35 0.67345401644706737 78.500000000000014 0.11882352941176472 1.0000000180025095e-35 40.500000000000007 0.10960960960960962 -0.78695324063301075 0.9215686321258546 1.0000000180025095e-35 0.24202037351443126
decision_type=2 2 2 2 8 2 2 2 2 2 10 10 2 2
left_child=1 3 5 4 7 8 13 -1 -2 10 11 -10 -6 -5
right_child=2 -3 -4 6 12 -7 -8 -9 9 -11 -12 -13 -14 -15
leaf_value=0.017225533802072812 0.009098242629036345 -0.018985270669310134 0.010801412940036057 0.023439079451497039 -0.018956496783194981 -0.0087925915709774968 -0.0013616986964138146 -0.015040749028392465 -0.0077140514303196215 -0.0078457612228207373 0.0055395637383024955 0.029865698635987759 -0.00069566723042008641 0.0058381852073229722
leaf_weight=32.213856037706137 103.43146851100028 110.23773916997015 193.8348343372345 19.071029456332326 89.46660759113729 97.164416462182999 86.773913443088531 5.9028363414108744 57.874786354601383 53.878767922520638 186.14527516067028 3.2262689620256415 15.456461751833556 47.382686587050557
leaf_count=238 860 3674 941 163 4065 1511 1268 48 1272 573 1280 22 311 686
internal_value=-0.00024192 -0.00671541 0.0035456 -0.00210142 -0.00873422 0.000726483 0.00410686 0.0119719 0.00302877 0.000920793 0.00285507 -0.00528079 -0.0162984 0.0111619
internal_weight=1102.06 406.505 695.556 296.267 143.04 501.721 153.228 38.1167 404.557 301.125 247.246 61.1011 104.923 66.4537
internal_count=16912 10453 6459 6779 4662 5518 2117 286 4007 3147 2574 1294 4376 849
is_linear=0
shrinkage=0.02


Tree=78
num_leaves=15
num_cat=0
split_feature=1 17 30 32 20 25 32 9 32 43 12 16 12 30
split_gain=65.242 53.3301 72.7789 29.0794 25.015 13.4889 13.4677 12.3927 10.4321 11.0021 11.8786 11.2776 12.5588 10.4307
threshold=0.67345401644706737 1.0000000180025095e-35 0.82956260442733776 71.500000000000014 1.0000000180025095e-35 1.5000000000000002 50.500000000000007 0.9987275000000001 35.500000000000007 0.97875912938005449 0.32277527451515203 1.0000000180025095e-35 0.674208164215088 0.27752640843391424
decision_type=8 2 8 2 2 2 2 2 2 2 2 2 2 10
left_child=3 2 13 8 5 -4 -7 -6 -1 10 -10 12 -11 -2
right_child=1 -3 4 -5 7 6 -8 -9 9 11 -12 -13 -14 -15
leaf_value=0.013711372178741866 0.015062579804468471 0.013755559969024236 -0.014809497183437442 -0.0026882608482954851 -0.0068273044748516825 0.04872061163272428 -0.014182686011221865 0.023258792158155194 0.0092881886306417048 0.0057544199816408946 0.00045469922343675101 -0.011299499059588587 0.020106679369268604 0.0018918190079845968
leaf_weight=78.588802583515644 32.291975419968367 51.365471333265305 283.9709315598011 164.62322657369077 10.248237118124964 1.7992852777242654 1.9769250415265558 9.9586387425661069 92.140623614192009 50.341271594166756 176.18930250778794 7.5743345096707335 48.455402612686157 87.969982001930475
leaf_count=472 223 297 10239 1551 113 23 34 81 671 229 1313 43 218 1387
internal_value=0.000206388 -0.00532257 -0.00763775 0.00449925 -0.0127787 -0.0142897 0.0197148 0.00839773 0.00710975 0.00569233 0.00351122 0.0111104 0.0129245 0.0055234
internal_weight=1097.49 479.581 428.216 617.913 307.954 287.747 3.77621 20.2069 453.29 374.701 268.33 106.371 98.7967 120.262
internal_count=16894 12397 12100 4497 10490 10296 57 194 2946 2474 1984 490 447 1610
is_linear=0
shrinkage=0.02


Tree=79
num_leaves=15
num_cat=0
split_feature=13 32 30 44 32 5 32 9 30 43 12 1 41 35
split_gain=122.609 34.3443 25.1839 16.7875 14.6624 10.8996 16.386 9.71451 9.06277 19.4804 15.6387 13.1699 9.12243 9.75135
threshold=1.0000000180025095e-35 70.500000000000014 0.81598794460296642 0.99011773542116122 42.500000000000007 1.0000000180025095e-35 48.500000000000007 39.250000000000007 0.8355957865715028 0.0074601759805136376 0.44645550847053533 -0.26448907491285972 0.69098143236074283 0.90754985754985762
decision_type=2 2 8 2 2 2 2 2 8 2 2 8 2 2
left_child=2 4 3 -1 -2 -4 -7 -3 -6 11 -11 12 -10 -14
right_child=1 7 5 -5 8 6 -8 -9 9 10 -12 -13 13 -15
leaf_value=-0.015813793423885725 0.0095672201116354157 -0.0018543714590099046 -0.019599790153068775 0.021964788571386906 0.0074550540125785623 0.047089455244587748 -0.016206865017468076 -0.0142252514395861 -0.0033568400439860611 -0.0040430799371301805 0.011104685782400514 -0.0069573551849014337 0.0048494448622603123 0.03016088825273824
leaf_weight=7.1298496834933784 213.98316486179829 246.98244457691908 141.72915484197438 10.328678850084541 137.60563410259783 1.6508046556264151 3.3905377238988876 27.366815932095051 28.914122320711613 36.958373574540019 98.449978919699788 116.77223390154541 21.889995295554403 7.7188003137707701
leaf_count=246 1868 3033 6765 90 1210 37 97 367 222 459 720 1593 159 57
internal_value=7.50029e-06 0.00280682 -0.0158781 0.00651559 0.00526942 -0.0185679 0.00888347 -0.00313557 0.0032013 0.00129951 0.00697092 -0.00309611 0.00459577 0.0122177
internal_weight=1100.87 936.642 164.229 17.4585 662.292 146.77 5.04134 274.349 448.309 310.704 135.408 175.295 58.5229 29.6088
internal_count=16923 9688 7235 336 6288 6899 134 3400 4420 3210 1179 2031 438 216
is_linear=0
shrinkage=0.02


Tree=80
num_leaves=15
num_cat=0
split_feature=34 14 1 32 42 17 32 30 18 1 30 43 31 30
split_gain=73.3048 33.4364 37.8276 28.3753 24.9711 21.6634 16.8723 15.6586 14.7252 14.5071 16.2297 14.7972 15.1955 15.301
threshold=0.68650392107260316 1.0000000180025095e-35 -0.42579130206533672 95.500000000000014 0.55233124286261204 1.0000000180025095e-35 35.500000000000007 0.27752640843391424 1.0000000180025095e-35 -0.80354449152946461 0.74962294101715099 0.75928880338049354 0.46003016829490667 0.045248869806528098
decision_type=2 2 10 2 2 2 2 8 2 10 8 2 8 10
left_child=1 2 7 5 8 6 -2 -1 -4 10 -8 12 13 -11
right_child=3 -3 4 -5 -6 -7 9 -9 -10 11 -12 -13 -14 -15
leaf_value=0.015801676583322807 0.013881144125075308 -0.0011818811821650373 0.016621843856638844 -0.0075492622339454855 -0.01965488998580036 0.012895566651664652 0.016133023166707464 -0.01804626849914481 -0.019533289986759347 -0.0084810476104251447 -0.010557999619293648 0.010150824830757407 -0.0012880818312411807 0.028558770376482419
leaf_weight=4.9418869093060485 56.194042736664414 266.3892217874527 31.603388573974371 67.082702679559588 12.882135316729544 140.67301609367132 9.9547234103083593 147.51433333568275 4.3691505789756766 5.9677659794688251 55.188192373141646 102.41250356286764 165.56069917976856 13.11389373987913
leaf_count=39 416 4162 233 794 263 672 108 6652 37 51 1354 510 1441 96
internal_value=0.000121211 -0.00584182 -0.0119719 0.00464971 0.00329356 0.00615115 0.00380217 -0.0168533 0.011821 0.00215929 -0.006297 0.00409353 0.000697242 0.0171291
internal_weight=1083.85 467.7 201.311 616.148 48.8547 549.065 408.392 152.456 35.9725 352.198 65.1429 287.055 184.642 19.0817
internal_count=16828 11386 7224 5442 533 4648 3976 6691 270 3560 1462 2098 1588 147
is_linear=0
shrinkage=0.02


Tree=81
num_leaves=15
num_cat=0
split_feature=13 0 32 30 32 40 37 43 0 43 33 32 13 40
split_gain=123.45 57.4942 29.3885 24.615 21.8482 19.2951 17.6609 14.717 13.7823 12.4027 14.8845 11.6529 10.9142 12.2081
threshold=1.0000000180025095e-35 0.067263661553028362 80.500000000000014 0.65309202671051036 31.500000000000004 0.47140522875816998 0.11483516483516486 0.99296924042435364 -0.033141773544537477 0.0074601759805136376 0.64188317670904749 70.500000000000014 1.5000000000000002 0.27429467084639503
decision_type=2 10 2 8 2 2 2 2 8 2 2 2 2 2
left_child=3 2 4 -1 -2 7 8 11 12 10 -10 -3 13 -6
right_child=1 5 -4 -5 6 -7 -8 -9 9 -11 -12 -13 -14 -15
leaf_value=0.0087942181857619574 0.014905453157940347 0.01297093466582463 -0.0091921016913012934 -0.018532725708584982 -0.013889370247087097 -0.0086302087250183096 -0.0072490925994183391 0.021782982808242417 -0.0094231439386310949 0.010711807030261252 0.0058608824089788694 0.0031332781714130411 0.0036056264759205012 0.00010760405590852669
leaf_weight=13.915337756276129 44.854648366570473 138.66251761838794 120.31329393386841 144.6311279758811 44.290613947436213 18.97930383682251 94.702776255086064 48.666790194809437 35.635878572240472 102.47968906350434 82.820439515635371 74.725419737398624 82.195977367460728 55.397897465154529
leaf_count=207 422 760 1992 6984 1269 116 1075 213 384 597 709 417 629 1168
internal_value=0.00017819 0.0029261 -0.000292188 -0.0160942 0.00169532 0.0104891 0.000476842 0.0119014 0.00230666 0.00565249 0.00122251 0.00955661 -0.00176623 -0.00618729
internal_weight=1102.27 943.725 662.691 158.546 542.378 281.034 497.523 262.055 402.82 220.936 118.456 213.388 181.884 99.6885
internal_count=16942 9751 8245 7191 6253 1506 5831 1390 4756 1690 1093 1177 3066 2437
is_linear=0
shrinkage=0.02


Tree=82
num_leaves=15
num_cat=0
split_feature=13 30 17 44 37 31 9 42 2 24 9 40 38 30
split_gain=111.254 29.7465 26.5738 20.1597 14.8161 13.4951 12.6056 22.0103 11.2512 11.1016 10.5333 10.5034 10.3 10.9944
threshold=1.0000000180025095e-35 0.85671192407608043 1.0000000180025095e-35 0.99011773542116122 0.072299651567944254 0.80392158031463634 21.100000000000005 0.88834318165707671 1.0000000180025095e-35 2.5000000000000004 0.49989500000000009 0.11834733893557424 0.082650273224043724 0.8355957865715028
decision_type=2 8 2 2 2 10 2 2 2 2 2 2 2 10
left_child=1 3 4 -1 6 -6 7 12 11 -3 -9 -4 13 -2
right_child=2 9 8 -5 5 -7 -8 10 -10 -11 -12 -13 -14 -15
leaf_value=-0.01585239246542151 0.0065514550250293044 -0.019539813837840276 0.013202752560120972 0.02538518566046474 -0.0054035079926141915 0.012021863398370216 0.0097001262973463991 -0.020178257241451829 0.021693510504407602 0.017056547167015414 -0.0035767514676800722 0.0035494842046132759 -0.0037229538806084891 -0.0035755931626571557
leaf_weight=7.2552532292902496 241.53081305138767 135.93846478126943 69.739492900669575 10.365714468061922 189.56623561494052 18.664025213569403 81.21904655918479 22.171955140307546 22.775399081408978 2.6712362952530375 46.610410410910845 127.40136036276817 70.146626295521855 51.41735733859241
leaf_count=270 2505 6842 356 97 2573 176 592 595 97 42 640 654 799 758
internal_value=-4.27993e-05 -0.015617 0.0025561 0.00846654 0.00069633 -0.00379165 0.00252152 0.00115222 0.00862538 -0.0187174 -0.00914071 0.00701377 0.0031218 0.00476787
internal_weight=1097.47 156.231 941.243 17.621 721.326 208.23 513.096 431.877 219.916 138.61 68.7824 197.141 363.095 292.948
internal_count=16996 7251 9745 367 8638 2749 5889 5297 1107 6884 1235 1010 4062 3263
is_linear=0
shrinkage=0.02


Tree=83
num_leaves=15
num_cat=0
split_feature=13 32 34 30 43 30 44 30 24 37 31 31 30 44
split_gain=124.399 32.0861 15.5164 14.2241 15.3424 13.3306 11.7352 17.8818 11.3226 12.5794 11.2626 11.2147 11.0984 10.4975
threshold=1.0000000180025095e-35 70.500000000000014 0.73538899430740046 0.2564102709293366 0.99808646053677375 0.79185521602630626 0.71582374483794953 0.82956260442733776 1.0000000180025095e-35 0.03509852216748769 0.94117647409439098 0.7828054428100587 0.87028658390045177 0.99011773542116122
decision_type=2 2 2 8 2 8 2 8 2 2 8 8 10 2
left_child=5 2 12 -3 -5 13 11 8 9 -8 -6 -4 -2 -1
right_child=1 3 6 4 10 -7 7 -9 -10 -11 -12 -13 -14 -15
leaf_value=-0.018029523163673487 0.0029336961371501536 0.019738168855899751 -0.011189362621954363 -0.0059016087602045356 -0.017707287735429681 -0.018843001526188233 0.0087191966913328124 -0.0072580603332294139 -0.011862538103121436 0.039484961227551935 0.01222682682118271 0.0099207434122521136 -0.0083846455883173059 0.012926026864198777
leaf_weight=6.3931547701358822 220.88757390528917 9.5063827931880933 9.6171086486428958 233.13114094361663 5.0230256654322138 137.34330501034856 22.757810786366466 47.147702071815729 6.1674164310097686 6.3171188831329337 32.024534165859222 301.41582212969661 40.083056226372719 9.7592743188142759
leaf_count=226 2794 81 175 2929 158 6920 167 452 50 48 257 1717 882 79
internal_value=-0.000210189 0.00253692 0.00495802 -0.00312535 -0.00399964 -0.0168356 0.00746147 0.000738487 0.0113415 0.0164943 0.00780954 0.00923425 0.00116992 0.000336956
internal_weight=1087.57 934.079 654.394 279.685 270.179 153.496 393.423 82.39 35.2423 29.0749 37.0476 311.033 260.971 16.1524
internal_count=16935 9710 6285 3425 3344 7225 2609 717 265 215 415 1892 3676 305
is_linear=0
shrinkage=0.02


Tree=84
num_leaves=15
num_cat=0
split_feature=13 17 32 30 24 42 1 42 32 42 9 1 9 30
split_gain=114.869 32.7317 33.7943 22.8641 16.3555 13.2585 13.1823 20.4825 13.1363 12.5453 11.2662 9.86728 9.72744 9.72045
threshold=1.0000000180025095e-35 1.0000000180025095e-35 70.500000000000014 0.85671192407608043 2.5000000000000004 0.0077303203459366783 -0.099924571812152849 0.17986813504431529 50.500000000000007 0.99765950065287934 0.49989500000000009 0.029070163797162811 0.019069750000000003 0.27300152182579046
decision_type=2 2 2 8 2 2 8 2 2 2 2 10 2 8
left_child=3 2 6 5 -5 -1 -2 11 -6 13 -9 12 -8 -4
right_child=1 -3 9 4 8 -7 7 10 -10 -11 -12 -13 -14 -15
leaf_value=0.017313130587566776 0.0075630321309637242 0.0098881749783245147 0.017395421176073823 -0.01964083362967654 0.051920079776427673 -0.01760563818648932 0.0064234953027421772 -0.0188078135936545 -0.01365990663657517 -0.014626705473237203 -0.0025711032376655109 0.010200115415126923 -0.0029877895937746547 -0.0043841067243565787
leaf_weight=11.718470154330136 204.00794898718596 213.16333519294858 7.7504102736711493 130.61676845513284 1.4692281186580651 5.666283616796135 80.578051762655377 24.210618007928133 1.7762290090322492 50.644618349149823 54.326330974698067 70.259078122675419 94.287666136398911 133.72138776630163
leaf_count=155 1427 1077 60 6817 21 221 1026 694 30 1039 779 434 1268 1871
internal_value=0.000398241 0.00302385 0.000980092 -0.015711 -0.0184988 0.00559335 0.00359439 0.00107731 0.021265 -0.0061818 -0.00774994 0.00392552 0.00136079 -0.00307721
internal_weight=1084.2 932.949 719.786 151.247 133.862 17.3848 527.67 323.662 3.24546 192.116 78.5369 245.125 174.866 141.472
internal_count=16919 9675 8598 7244 6868 376 5628 4201 51 2970 1473 2728 2294 1931
is_linear=0
shrinkage=0.02


Tree=85
num_leaves=15
num_cat=0
split_feature=13 0 32 44 30 30 0 32 44 40 41 43 32 6
split_gain=117.026 42.5044 31.7787 19.1549 18.7104 15.523 18.4501 18.9179 12.2693 12.1456 11.9971 11.7611 11.5787 10.8978
threshold=1.0000000180025095e-35 0.067263661553028362 73.500000000000014 0.99678919794211174 0.85671192407608043 0.35143288969993597 -0.52087701809562825 34.500000000000007 0.94876020125090255 0.1126984126984127 0.26439144736842107 0.00075944639807037397 99.500000000000014 9.4500000000000011
decision_type=2 10 2 2 8 8 8 2 2 2 2 2 2 2
left_child=4 2 5 9 8 11 -7 -8 -1 -3 -4 -2 -11 -13
right_child=1 3 10 -5 -6 6 7 -9 -10 12 -12 13 -14 -15
leaf_value=-0.017805545291554356 -6.8596513821221334e-05 0.018760916809567822 -0.0020548862033708394 -0.0031256489825204053 -0.019061602806377441 -0.010901145338931044 0.013354073140662177 0.00094241100685064992 0.014567860519503314 0.010191894252402382 -0.013025378669768946 -0.0058414661763178692 -0.0071358181006603095 0.031364255939200156
leaf_weight=6.5081169418990639 12.135513285174968 64.106864996254444 74.63916440308094 42.747688435018063 131.97937764972448 43.884791286662221 55.577093115076423 374.25188401527703 11.485514149069784 150.68868444487453 85.703127987682819 3.5129433237016228 16.46537446975708 16.105007544159889
leaf_count=277 92 297 1080 288 6916 1082 499 3802 113 797 1524 30 87 115
internal_value=-0.000124842 0.00249827 -0.000233452 0.00911277 -0.0164705 0.00222937 0.0013058 0.00257452 0.00253775 0.0113787 -0.00796301 0.0155471 0.00845276 0.0247417
internal_weight=1089.79 939.818 665.81 274.009 149.973 505.467 473.714 429.829 17.9936 231.261 160.342 31.7535 167.154 19.618
internal_count=16999 9693 8224 1469 7306 5620 5383 4301 390 1181 2604 237 884 145
is_linear=0
shrinkage=0.02


Tree=86
num_leaves=15
num_cat=0
split_feature=13 30 2 30 34 41 41 43 24 21 34 43 41 11
split_gain=104.913 19.5794 16.7312 16.1884 14.5084 15.7972 11.4843 11.688 10.6622 9.7183 11.6003 10.5146 9.41504 12.006
threshold=1.0000000180025095e-35 0.85671192407608043 1.0000000180025095e-35 0.69079941511154186 0.28897569444444449 0.37321428571428578 0.11882352941176472 0.00080133450105803502 2.5000000000000004 1.0000000180025095e-35 0.84699879951980805 0.00088104060992618002 0.4919354838709678 0.79185521602630626
decision_type=2 8 2 8 2 2 2 2 2 2 2 2 2 2
left_child=1 -1 3 6 5 -5 -2 -8 -3 10 -6 -12 13 -13
right_child=2 8 -4 4 9 -7 7 -9 -10 -11 11 12 -14 -15
leaf_value=0.0034584126624774272 0.01470006812734029 -0.019443368158285332 0.0099438665924668334 -0.0012582044887317035 -0.0005569703265949341 -0.01852576245782131 -0.0026863963339378112 0.0088596922490428529 0.016007451889120228 -0.0055584290330180372 -0.00094372097994913887 -0.0052941163900249279 0.01745247885408106 0.010005728288382627
leaf_weight=18.107348879799247 48.95568722859025 126.40300057269633 100.14456795156002 58.384099258109927 274.5826729349792 32.412260426208377 65.076521631330252 74.144959416240454 2.7742931321263304 76.010283585637808 63.065926257520914 28.195384407415986 36.714757353067398 69.520051602274179
leaf_count=398 359 6849 570 931 3691 809 589 642 44 627 530 214 214 453
internal_value=-0.000231269 -0.0158523 0.00226449 0.00132375 -0.000197623 -0.007557 0.00646275 0.00348202 -0.0185649 0.00103307 0.00210389 0.0057875 0.008929 0.00558211
internal_weight=1074.49 147.285 927.207 827.063 638.885 90.7964 188.177 139.221 129.177 548.089 472.079 197.496 134.43 97.7154
internal_count=16920 7291 9629 9059 7469 1740 1590 1231 6893 5729 5102 1411 881 667
is_linear=0
shrinkage=0.02


Tree=87
num_leaves=15
num_cat=0
split_feature=13 0 32 44 42 24 42 44 43 37 44 29 24 21
split_gain=108.431 46.6416 30.603 20.6017 15.6974 14.2564 25.1662 19.1348 13.2315 12.5311 12.5229 12.16 11.631 10.7932
threshold=1.0000000180025095e-35 0.067263661553028362 73.500000000000014 0.89185316293149786 0.0016191611848186806 1.0000000180025095e-35 0.81688173727788205 0.043623071708209081 0.0028895072070967377 0.15587044534412958 0.99011773542116122 1.0000000180025095e-35 2.5000000000000004 1.0000000180025095e-35
decision_type=2 10 2 2 2 2 2 2 2 2 2 2 2 2
left_child=10 2 5 8 -4 6 -2 9 -3 -7 12 -12 -1 -6
right_child=1 3 4 -5 13 7 -8 -9 -10 -11 11 -13 -14 -15
leaf_value=-0.020033888969696378 0.0029419060866145916 0.0088150525448263024 0.0023498556320600793 0.0006769147404528513 -0.014201790948696542 0.011012110980457351 -0.0095141268974303708 -0.010034355442841243 0.019767195815947693 -0.0030440771712681616 -0.014319119017500539 0.01100672976829872 0.017923849248547081 0.0040624980402157417
leaf_weight=113.28124566935003 217.77435103990138 128.32859347388148 41.54112764634192 79.604454003274441 101.29068088717759 140.68875250592828 91.242014994844794 24.710572574287653 69.119010463356972 30.444931603968143 18.030491491779685 11.685597376897933 2.5877378210425368 14.372672270983456
leaf_count=6324 2676 621 574 540 1859 795 1723 219 321 187 800 147 40 182
internal_value=-8.76003e-05 0.0024071 -0.000479139 0.0092812 -0.00815586 0.00192265 -0.000754762 0.00612963 0.0127293 0.00850834 -0.0160867 -0.00432584 -0.0190401 -0.0119168
internal_weight=1084.7 939.117 662.065 277.052 157.204 504.861 309.016 195.844 197.448 171.134 145.585 29.7161 115.869 115.663
internal_count=17008 9697 8215 1482 2615 5600 4399 1201 942 982 7311 947 6364 2041
is_linear=0
shrinkage=0.02


Tree=88
num_leaves=15
num_cat=0
split_feature=13 0 1 44 0 43 30 36 24 30 1 44 30 9
split_gain=105.335 53.107 25.1953 31.1964 21.0592 21.6111 17.7872 17.6264 15.3372 11.5908 11.1588 11.1548 15.0435 8.90021
threshold=1.0000000180025095e-35 0.02187028527259827 0.67345401644706737 0.039913366222266829 0.27766698336463874 0.00088104060992618002 0.6591252088546754 0.92664992826398873 2.5000000000000004 0.45399698615074163 0.30869740589203071 0.0039224517238495875 0.82956260442733776 0.37075475000000008
decision_type=2 8 8 2 10 2 8 2 2 8 10 2 8 2
left_child=6 2 9 -4 5 -3 -1 10 -8 -2 -7 13 -13 -6
right_child=1 4 3 -5 11 7 8 -9 -10 -11 -12 12 -14 -15
leaf_value=0.0064826037873844354 0.015584859988205651 -0.0008531409012001996 -0.018233469816031557 -0.0010557628448713144 -0.0013440666325679133 0.0045888800229079056 -0.019286398184909629 0.020440596261943916 0.019664395415297645 -0.00036127311109989438 0.020762700502547932 0.01684700561547791 -0.0062080871135369907 0.021855816807933942
leaf_weight=12.412555823102592 19.69911789521575 196.93491820059717 80.455075135454535 88.224991312250495 7.3363172933459273 235.79634664393961 126.67876544594765 37.059568095952272 3.4054634608328334 152.70620824769139 17.536044403910637 22.904369384050369 20.745420441031456 57.185146167874336
leaf_count=196 158 1642 2789 1452 47 1518 7047 214 52 1256 102 135 148 246
internal_value=6.99074e-06 0.00244931 -0.00383631 -0.00930816 0.00604995 0.00426063 -0.0159508 0.00771967 -0.0181245 0.00154011 0.00578569 0.0139982 0.00599599 0.0192377
internal_weight=1079.08 936.584 341.085 168.68 595.498 487.327 142.497 290.392 130.084 172.405 253.332 108.171 43.6498 64.5215
internal_count=17002 9707 5655 4241 4052 3476 7295 1834 7099 1414 1620 576 283 293
is_linear=0
shrinkage=0.02


Tree=89
num_leaves=15
num_cat=0
split_feature=13 0 34 42 44 30 30 30 44 9 42 0 11 44
split_gain=99.2309 45.1367 27.0928 32.3668 24.0255 23.1206 20.9291 18.1869 16.0323 15.8622 20.8089 14.7464 13.1445 11.1313
threshold=1.0000000180025095e-35 0.078682314867118339 0.81661396953147469 0.81688173727788205 0.89185316293149786 0.49472096562385565 0.85671192407608043 0.82956260442733776 0.99011773542116122 0.37075475000000008 0.17986813504431529 0.071644037961959853 0.86274510622024547 0.0073818494725669754
decision_type=2 10 2 2 2 8 8 8 2 2 2 8 2 2
left_child=6 2 3 5 9 -2 8 -6 -1 10 -3 13 -13 -7
right_child=1 4 -4 -5 7 11 -8 -9 -10 -11 -12 12 -14 -15
leaf_value=-0.018123739403721854 0.015560078109275566 0.016071410385539556 0.0034768677883016386 -0.013291217298243981 0.0093468379926702466 -0.014237232454589181 -0.018461936402704143 -0.0096432365052330007 0.01848710670638776 0.015421806415499726 -0.021247405357611739 -0.0032362829610391775 0.018031659109941273 -0.0020299507302611298
leaf_weight=6.8975478783249882 31.533405464142561 11.036698222160341 349.91364172101021 110.14265528321266 40.474836327135563 43.636884627863765 123.31767767295241 38.276328034698963 11.223967164754866 163.38540837913752 10.888941038399933 23.595013804733753 21.431330908089876 91.636779373511672
leaf_count=276 242 55 2646 2382 246 1128 6938 283 105 714 103 174 156 1537
internal_value=2.13078e-05 0.00238568 -0.000370929 -0.00455041 0.00937465 3.5456e-05 -0.0155315 0.000111693 0.00433296 0.0132894 -0.00258062 -0.00275056 0.00705852 -0.00604338
internal_weight=1077.39 935.952 671.89 321.976 264.062 211.833 141.439 78.7512 18.1215 185.311 21.9256 180.3 45.0263 135.274
internal_count=16985 9666 8265 5619 1401 3237 7319 529 381 872 158 2995 330 2665
is_linear=0
shrinkage=0.02


Tree=90
num_leaves=15
num_cat=0
split_feature=13 32 41 31 43 25 29 25 32 34 20 41 32 40
split_gain=95.9161 26.7024 15.0078 15.7057 14.1876 13.5418 11.8171 9.64256 9.18077 8.29824 8.80575 8.04453 7.38118 7.1453
threshold=1.0000000180025095e-35 44.500000000000007 0.12660256410256412 0.90346908569335949 0.99788324353721336 1.0000000180025095e-35 1.0000000180025095e-35 2.5000000000000004 118.00000000000001 0.30086206896551732 1.0000000180025095e-35 0.20501077586206898 58.500000000000007 0.34216027874564464
decision_type=2 2 2 8 2 2 2 2 2 2 2 2 2 2
left_child=6 5 8 -4 9 -2 7 -1 13 11 -11 -5 -9 -3
right_child=1 2 3 4 -6 -7 -8 12 -10 10 -12 -13 -14 -15
leaf_value=-0.019154200703418361 0.005754095434840934 0.010471455337756005 -0.0072271022335641134 0.010352829180341172 0.0093360454772360088 0.019089674060297272 -0.0023754223408021641 0.036614218530324448 -0.021995439403622204 -0.0015155406248417247 0.0079557174220602298 -0.016785941700394644 -0.013113155554041793 0.00077151667431402701
leaf_weight=113.01710276864469 220.5877532735467 82.522960424423218 138.4130452349782 4.7105312794446972 61.350471487268806 34.752599097788334 22.930815573781729 1.4299673698842519 3.5841805860400191 265.97041643969715 45.03668237477541 21.327116807922721 1.5930825546383856 48.005186883732677
leaf_count=6570 2071 908 2695 40 428 164 675 20 47 2123 237 319 27 548
internal_value=-0.000183932 0.00214575 4.78144e-05 -0.00144932 0.000571103 0.0076365 -0.015616 -0.0181898 0.00600674 -0.00104723 -0.000122913 -0.0116749 0.0136632 0.00693703
internal_weight=1065.23 926.261 670.921 536.808 398.395 255.34 138.971 116.04 134.112 337.045 311.007 26.0376 3.02305 130.528
internal_count=16872 9580 7345 5842 3147 2235 7292 6617 1503 2719 2360 359 47 1456
is_linear=0
shrinkage=0.02


Tree=91
num_leaves=15
num_cat=0
split_feature=0 9 44 30 32 12 31 37 37 9 2 32 11 31
split_gain=57.0635 59.8696 53.0189 20.8401 18.1264 15.6669 13.5822 12.5148 12.1517 11.7185 10.9725 11.3008 12.1822 9.30775
threshold=0.02187028527259827 1.6040600000000003 0.039913366222266829 0.27752640843391424 73.500000000000014 0.54751133918762218 0.97737553715705883 0.18465909090909094 0.057417582417582429 0.019069750000000003 1.0000000180025095e-35 47.500000000000007 0.96870285272598278 0.9566364884376527
decision_type=10 2 2 8 2 2 8 2 2 2 2 2 2 8
left_child=1 2 5 -4 7 -1 9 -3 -6 -5 11 -2 -13 -7
right_child=10 4 3 6 8 13 -8 -9 -10 -11 -12 12 -14 -15
leaf_value=-0.018650560869475287 0.01183031330882626 0.0058701582789775679 0.022853313266062138 0.0051452179754017729 0.0012723963288967435 -0.014355356212074297 -0.017915603181206729 -0.0083394688055388674 -0.013401705498578555 -0.008647197878495886 0.021458856987098724 0.0018501389518819475 0.018580459554242205 0.00096114392034179889
leaf_weight=148.63171034865081 98.439484991133213 292.18792798928916 14.139400914311407 75.067570006474853 48.924829760566354 30.149380557239056 17.295435542240739 26.21153929643333 40.661786776036024 35.452395159751177 19.804299585521221 176.37967051193118 18.35765927284956 32.115463079884648
leaf_count=6906 539 2040 81 1481 569 1328 549 181 584 768 85 1049 100 705
internal_value=0.000184534 -0.0027727 -0.0087937 0.000660243 0.0024434 -0.0151302 -0.00195319 0.00467793 -0.00546234 0.000683045 0.00735932 0.00633718 0.00351415 -0.00656497
internal_weight=1073.82 760.837 352.851 141.955 407.986 210.897 127.815 318.399 89.5866 110.52 312.981 293.177 194.737 62.2648
internal_count=16965 15192 11818 2879 3374 8939 2798 2221 1153 2249 1773 1688 1149 2033
is_linear=0
shrinkage=0.02


Tree=92
num_leaves=15
num_cat=0
split_feature=13 32 30 17 41 30 43 1 26 1 39 32 34 1
split_gain=91.9255 33.9417 15.3795 14.1049 14.6048 11.7462 10.5103 10.9433 10.4309 7.96078 7.77777 7.64201 9.97916 7.50797
threshold=1.0000000180025095e-35 52.500000000000007 0.27300152182579046 1.0000000180025095e-35 0.1327044025157233 0.8355957865715028 0.0024450943591469159 0.33484162390232092 1.0000000180025095e-35 -0.6095537768631446 0.039230769230769243 70.500000000000014 0.83766891891891904 -0.31209893909257264
decision_type=2 2 8 2 2 8 2 10 2 8 2 2 2 8
left_child=2 13 -1 4 5 -3 11 9 -4 -8 -5 12 -6 -2
right_child=1 3 8 10 6 -7 7 -9 -10 -11 -12 -13 -14 -15
leaf_value=0.015210331714313435 0.010716643233896065 0.013173541736741061 -0.01795802329216108 0.0016915777558641544 -0.010174743528436695 -0.0019752634089717515 0.028350134841289797 0.018909552162931182 0.022887355711460805 -0.0037752416144548879 0.014036086590297878 -0.013465596531831414 0.003374280571205264 0.004537810917023921
leaf_weight=5.3840275257825843 105.49640050157905 31.735562132671475 125.80329127050936 104.69706912711263 53.90339232981205 54.085914097726345 2.1786859855055809 8.9437399804592115 1.735181352123617 114.80718506127596 24.47332214936614 77.75052054785192 35.348221208900213 314.78191055543721
leaf_count=41 656 301 7122 549 862 787 21 62 27 1450 129 1432 281 3106
internal_value=-0.00031999 0.001913 -0.0158109 -0.00156542 -0.00351023 0.00371376 -0.0056321 -0.00125307 -0.0172286 -0.00294174 0.0041203 -0.00890704 -0.0048307 0.00611055
internal_weight=1061.12 928.202 132.923 507.924 378.753 85.8215 292.932 125.93 127.538 116.986 129.17 167.002 89.2516 420.278
internal_count=16826 9636 7190 5874 5196 1088 4108 1533 7149 1471 678 2575 1143 3762
is_linear=0
shrinkage=0.02


Tree=93
num_leaves=15
num_cat=0
split_feature=0 34 42 40 40 34 10 42 10 41 40 4 0 35
split_gain=78.0911 56.5956 28.1678 25.1565 15.746 11.9735 11.319 10.769 10.571 12.4553 10.462 10.1579 8.45422 8.44098
threshold=0.067263661553028362 0.73538899430740046 0.55233124286261204 0.20871143375680581 0.43303571428571436 0.34084768659236747 1.5000000000000002 0.0051397874737084447 27.125000000000004 0.12347560975609757 0.11651583710407241 1.0000000180025095e-35 -0.048265466466546052 0.8185736677115989
decision_type=10 2 2 2 2 2 2 2 2 2 2 2 10 2
left_child=1 2 3 7 10 6 -5 -1 9 13 -2 -9 -4 -8
right_child=4 -3 12 5 -6 -7 8 11 -10 -11 -12 -13 -14 -15
leaf_value=-0.015045225832937348 0.017710175821420301 0.0017293928328723051 -0.020013813848830449 -0.017840059599467922 -0.0059436525913806959 -0.0081882645551844303 0.015279222869757587 -0.012268701217131955 -0.0076736790698475653 0.0016528795128955285 0.0082507999786847024 0.010328853185537249 -0.0047814882134605604 0.052442878276107788
leaf_weight=92.742862301878631 63.364579267799854 434.39259479939938 89.580943483859301 7.01216713245958 24.379734076559544 38.918266271241009 31.909312471747398 15.207176707684994 15.000791599042712 33.036027443595231 188.42289327457547 14.641313277184963 18.260152352973819 1.9350097328424443
leaf_count=3714 300 3987 3947 392 147 878 475 639 240 599 1027 249 274 24
internal_value=6.79644e-05 -0.0031239 -0.00899724 -0.00527935 0.00920726 0.000934875 0.00497572 -0.0117133 0.0071213 0.0105039 0.010692 -0.00120862 -0.0175022 0.0188481
internal_weight=1068.8 792.637 358.244 250.403 276.167 127.812 88.8933 122.591 81.8811 66.8803 251.787 29.8485 107.841 33.8443
internal_count=16892 15418 11431 7210 1474 2608 1730 4602 1338 1098 1327 888 4221 499
is_linear=0
shrinkage=0.02


Tree=94
num_leaves=15
num_cat=0
split_feature=13 30 17 1 44 41 9 42 44 24 44 27 10 30
split_gain=86.6631 20.5773 15.2692 16.6913 13.7456 11.7861 16.9091 19.1149 16.3107 11.5135 10.938 9.98551 9.97442 9.47747
threshold=1.0000000180025095e-35 0.85671192407608043 1.0000000180025095e-35 0.33484162390232092 0.99011773542116122 0.12660256410256412 0.9987275000000001 0.55233124286261204 0.043623071708209081 2.5000000000000004 0.85118042413256967 1.5000000000000002 50.550000000000004 0.69984918832778942
decision_type=2 8 2 10 2 2 2 2 2 2 2 2 2 8
left_child=1 4 3 5 -1 -2 7 -7 -8 -3 -4 -10 -5 -12
right_child=2 9 10 12 -6 6 8 -9 11 -11 13 -13 -14 -15
leaf_value=-0.015632746758925013 0.0047670834403515929 -0.01908549503980422 0.0081605491606541614 0.016696555967567656 0.018532405469952946 -0.0015216148419532455 0.0030705343160059313 -0.016539088959846186 -0.01073896469490462 0.019136622382501033 0.01807890878832193 0.0078457952696228388 -0.0097537938675766721 -0.018617647962270858
leaf_weight=6.9694177526980665 165.33992362581193 110.94293017592281 201.30908649414778 37.000603433698416 10.635730378329752 91.12143088132143 291.12889167480171 53.209446860477328 61.362352654337883 2.4793310686945906 2.8560482338070843 13.429699787870048 6.031536202877759 10.456429716199636
leaf_count=295 1935 6873 985 247 95 1285 2734 1518 664 38 20 145 50 84
internal_value=0.000179415 -0.0149882 0.0023227 0.000920759 0.00489403 0.00014293 -0.00136186 -0.00713371 0.000927985 -0.01809 0.00699083 -0.00734239 0.0128519 -0.0100317
internal_weight=1064.27 131.027 933.245 718.624 17.6051 675.592 510.252 144.331 365.921 113.422 214.622 74.7921 43.0321 13.3125
internal_count=16968 7301 9667 8578 390 8281 6346 2803 3543 6911 1089 809 297 104
is_linear=0
shrinkage=0.02


Tree=95
num_leaves=15
num_cat=0
split_feature=13 32 44 39 2 35 24 1 38 35 32 6 6 32
split_gain=77.7609 21.0996 20.1873 13.5673 13.0424 11.4546 10.8929 8.81364 14.5494 10.4683 8.66265 8.04216 9.6773 7.97688
threshold=1.0000000180025095e-35 78.500000000000014 0.99011773542116122 0.028174603174603175 1.0000000180025095e-35 0.28637566137566145 2.5000000000000004 -0.21792636116398972 0.075498575498575513 0.47424845269672861 27.500000000000004 35.850000000000001 28.600000000000005 94.000000000000014
decision_type=2 2 2 2 2 2 2 8 2 2 2 2 2 2
left_child=2 4 6 -3 7 -4 -1 9 -9 -2 -10 12 -7 -5
right_child=1 3 5 13 -6 11 -8 8 10 -11 -12 -13 -14 -15
leaf_value=-0.019935857446362896 -0.0088580586755727681 -0.007315295185613151 -0.013644561214421161 0.013390976163345336 0.011293497373070305 0.010665641946493516 0.016126980845748588 0.0037831122571624427 0.021660909841860369 0.0073718639293767832 -0.0043142466633510016 -0.006654045054022859 0.059376424210702307 -0.0017491430361760204
leaf_weight=98.426482421346009 16.567216766998172 139.56458196043968 11.895833684131505 21.887789092957973 74.149579599499702 8.5702073089778406 2.7563255988061419 277.72872895933688 4.3133793603628865 182.43369819223881 171.13788106478751 5.7246760837733737 1.2377992272377003 35.023947106674314
leaf_count=6284 139 1876 509 255 368 226 42 3115 48 1240 2200 187 30 420
internal_value=-0.000208927 0.00182663 -0.0147158 -0.00397411 0.00339907 0.000500928 -0.0188053 0.0024856 0.000939956 0.00598316 -0.00355652 0.0115044 0.021738 0.00420431
internal_weight=1051.42 922.807 128.611 196.476 726.33 27.4285 101.183 652.181 453.18 199.001 175.451 15.5327 9.80801 56.9117
internal_count=16939 9661 7278 2551 7110 952 6326 6742 5363 1379 2248 443 256 675
is_linear=0
shrinkage=0.02


Tree=96
num_leaves=15
num_cat=0
split_feature=34 44 31 32 44 34 30 31 34 30 20 6 31 30
split_gain=40.4875 45.3168 30.9417 19.4136 20.8621 18.6639 18.2093 16.5598 15.4539 14.4812 13.2014 12.9877 12.4185 10.7774
threshold=0.68871048356866182 0.71582374483794953 0.67873305082321178 91.500000000000014 0.037362098537922217 0.30086206896551732 0.7828054428100587 0.84615385532379161 0.43257575757575767 0.8355957865715028 1.0000000180025095e-35 192.27500000000003 0.97737553715705883 0.77526396512985241
decision_type=2 2 8 2 2 2 8 8 2 8 2 2 8 10
left_child=1 2 -1 4 7 -4 -6 -2 9 13 -7 -9 -11 -3
right_child=3 8 5 -5 6 10 -8 11 -10 12 -12 -13 -14 -15
leaf_value=-0.018338381389611171 -0.010022540900475952 0.0097708587008770165 -0.012420386571929802 -0.0057277573334864676 0.0071152261067547705 -0.0018620237042809935 -0.0081551213229735069 0.0096492164770123449 -0.0074379715146322342 0.0033868093299844367 0.017915551495689411 0.00033376286913773279 -0.019455894033313055 0.035990910654248295
leaf_weight=102.71187981124967 20.915080449543893 66.1516027841717 63.1526890238747 79.755966207943857 50.281345365568995 75.174345762468874 79.046397494152188 318.99525317363441 41.603905010968447 57.251896984875202 15.418232087045906 73.734730292111635 10.379990532994269 6.1890539750456801
leaf_count=5217 630 498 1833 979 382 1537 852 2081 721 1209 94 529 355 74
internal_value=0.00016011 -0.00449292 -0.0098906 0.00343505 0.00478901 -0.0041649 -0.00220912 0.00697706 0.00314314 0.0063186 0.00166283 0.00790554 -0.000351438 0.0124742
internal_weight=1060.76 438.034 256.457 622.729 542.973 153.745 129.328 413.645 181.576 139.973 90.5926 392.73 67.6319 72.3407
internal_count=16991 11538 8681 5453 4474 3464 1234 3240 2857 2136 1631 2610 1564 572
is_linear=0
shrinkage=0.02


Tree=97
num_leaves=15
num_cat=0
split_feature=0 1 44 32 0 44 1 3 36 24 38 1 36 42
split_gain=51.8136 63.3203 51.2104 27.4346 26.336 24.8316 16.6769 12.2464 12.361 11.8217 10.4923 11.7038 9.4269 9.27945
threshold=0.097934105055353285 -0.881598800420761 0.039913366222266829 71.500000000000014 0.033342792038238908 0.037362098537922217 0.27828054130077368 1.0000000180025095e-35 0.069098143236074286 1.0000000180025095e-35 0.11483516483516486 -0.0088132811404207489 0.5675139425139426 0.003017507203747547
decision_type=10 10 2 2 10 2 10 2 2 2 2 10 2 2
left_child=1 2 4 10 9 -2 12 -4 -9 -1 -3 13 -5 -12
right_child=5 3 7 6 -6 -7 -8 8 -10 -11 11 -13 -14 -15
leaf_value=-0.019405140010732111 0.012520844423472451 0.0079896092228564902 -0.018948697921038548 -0.016451888213535035 0.0082861878125763625 -0.00094605424999012928 0.013695693711060546 0.020473702331230671 2.6765494104686411e-05 0.0051485077270307742 -0.012636524219332238 -0.011444019771872219 -0.0039879614998260269 0.004725930917970707
leaf_weight=162.84974105283618 166.44597534835339 194.4469974078238 10.930205991491674 41.26733629591763 15.816913690418003 81.191229812800884 13.617451742291449 12.306888826191424 106.33306392002851 7.8460191283375016 12.475394539535044 23.912471998482943 59.099547879770398 146.68767415359616
leaf_count=8653 782 1200 487 535 124 532 124 138 2197 122 76 198 692 1060
internal_value=0.000135098 -0.00232023 -0.009289 0.00217108 -0.0159703 0.00811949 -0.00639092 0.000377209 0.00230119 -0.0182531 0.00476623 0.00131783 -0.00922443 0.00329464
internal_weight=1055.23 807.59 316.083 491.507 186.513 247.637 113.984 129.57 118.64 170.696 377.523 183.076 100.367 159.163
internal_count=16920 15606 11721 3885 8899 1314 1351 2822 2335 8775 2534 1334 1227 1136
is_linear=0
shrinkage=0.02


Tree=98
num_leaves=15
num_cat=0
split_feature=13 0 32 43 13 44 44 7 0 29 32 25 41 32
split_gain=73.9294 34.7203 16.8368 18.6264 15.8852 25.4824 15.2739 13.0196 12.5954 12.0481 11.0891 10.7399 10.5345 9.27911
threshold=1.0000000180025095e-35 -0.043889037791476807 51.500000000000007 0.0021558436979246787 1.5000000000000002 0.10105466353485022 0.94876020125090255 4.5000000000000009 0.033342792038238908 1.0000000180025095e-35 124.50000000000001 2.5000000000000004 0.21807065217391305 58.500000000000007
decision_type=2 8 2 2 2 2 2 2 10 2 2 2 2 2
left_child=6 4 -3 7 5 -2 11 -4 10 -8 -5 -1 -11 -7
right_child=1 2 3 8 -6 13 9 -9 -10 12 -12 -13 -14 -15
leaf_value=-0.020087486571121117 -0.018658440496472913 0.007490789174677338 0.00106906870877589 0.0042303092636976026 0.00058662536821286928 0.0048446161346805431 -0.013178473231136535 -0.0090707137240368402 0.013333255650573408 0.0015155921076745727 -0.015849289107603085 0.015555187807300749 0.041718879406854911 -0.0091647265455721844
leaf_weight=90.265435196459293 62.43750224635005 294.61258114501834 133.24556020088494 93.663191448897123 120.87255134992301 41.591471510007977 18.001373648643494 80.536902416497469 60.446563437581062 11.344063339754941 11.45952360332012 2.8113116882741442 2.4170360155403605 33.047191329300404
leaf_count=6130 2530 1809 1029 716 982 655 915 887 319 129 130 42 39 608
internal_value=-0.000416396 0.00152502 0.00391214 0.0011205 -0.00470304 -0.00933788 -0.0148058 -0.00277527 0.00613716 -0.00272097 0.00191269 -0.018857 0.0109249 -0.00139735
internal_weight=1056.75 931.913 673.964 379.352 257.949 137.076 124.839 213.782 165.569 31.7625 105.123 93.0767 13.7611 74.6387
internal_count=16920 9665 4890 3081 4775 3793 7255 1916 1165 1083 846 6172 168 1263
is_linear=0
shrinkage=0.02


Tree=99
num_leaves=15
num_cat=0
split_feature=13 0 32 30 1 31 41 41 43 1 1 24 1 4
split_gain=81.193 38.282 24.3377 24.1005 16.3049 15.4296 13.1456 11.9181 11.6503 12.0353 10.3672 9.78845 9.45733 9.18825
threshold=1.0000000180025095e-35 0.086004380429279909 76.500000000000014 0.85671192407608043 -0.881598800420761 0.9566364884376527 0.11882352941176472 0.27681992337164757 0.0036670519035380904 -0.5912518799304961 0.33484162390232092 2.5000000000000004 0.094507578949096296 1.0000000180025095e-35
decision_type=2 10 2 8 10 8 2 2 2 10 10 2 8 2
left_child=3 2 4 -1 6 -3 -2 10 9 -6 -4 -5 -7 -10
right_child=1 5 7 11 8 12 -8 -9 13 -11 -12 -13 -14 -15
leaf_value=0.0067828338054760715 0.0039175991720196346 0.002406136096395067 -0.0041986531306025228 -0.019536138132471906 0.012857676808856093 0.0091207853373997377 -0.0086898748356037218 -0.01339755573089489 -0.00847860991221017 -0.00064472029413208923 0.021241048866651759 0.013638537029438673 0.019519358310427965 0.0094449921279743405
leaf_weight=17.105541059747338 51.693301415070891 93.514928307384253 62.210337076336145 102.1641800776124 29.221329921856523 109.90711697191 88.62716987170279 69.303222578018904 11.646782867610453 208.52472563832998 6.1355517953634253 3.0149646140635005 53.288549318909645 145.52526259794831
leaf_count=383 928 639 952 6849 218 483 2331 1326 55 1701 48 44 242 733
internal_value=0.000344618 0.00236483 -0.000145346 -0.0149075 0.0017861 0.00891951 -0.00405049 -0.00761435 0.00386493 0.00106176 -0.00164151 -0.0184657 0.0126144 0.00807161
internal_weight=1051.88 929.598 672.888 122.285 535.239 256.711 140.32 137.649 394.918 237.746 68.3459 105.179 163.196 157.172
internal_count=16932 9656 8292 7276 5966 1364 3259 2326 2707 1919 1000 6893 725 788
is_linear=0
shrinkage=0.02


Tree=100
num_leaves=15
num_cat=0
split_feature=0 1 44 30 37 43 32 43 32 32 34 44 0 6
split_gain=61.8546 56.9817 58.1765 21.1711 17.7441 16.4122 13.286 12.7636 13.1676 11.9327 11.5233 10.5334 11.7715 10.368
threshold=0.02187028527259827 inf 0.043623071708209081 0.87028658390045177 0.075498575498575513 0.0020512739485749427 74.500000000000014 0.0010094865212852508 124.50000000000001 42.500000000000007 0.86967844202898559 0.99738522714945677 -0.8563348352909087 2.7500000000000004
decision_type=10 8 2 8 2 2 2 2 2 2 2 2 10 2
left_child=1 4 13 -4 7 9 10 -1 -9 -2 -6 -5 -13 -3
right_child=5 2 3 11 6 -7 -8 8 -10 -11 -12 12 -14 -15
leaf_value=-0.0011984080112468134 0.012621381691742048 0.00875216844815155 0.0092993821000321615 -0.012997856785392083 -0.0077933642101656537 0.014207937373527286 -0.015020871733144332 0.0085721980645088042 -0.014639376217183617 0.0015991854279133872 0.00437378540976138 -0.015456037256701529 0.01477483535221091 -0.018914767762064088
leaf_weight=110.51635278202593 51.659721802920103 5.0659206863492718 56.160088924691081 42.701933987438679 54.770542062819004 101.26908237487078 33.652315838262439 179.47377306967974 9.4470480605959875 156.19628537632525 69.522921450436115 7.0294500645250109 13.52243150398135 154.31388985365629
leaf_count=1013 277 196 621 1446 491 541 514 1161 100 931 404 339 277 8580
internal_value=0.000145452 -0.00300724 -0.0101169 0.000448329 0.00133901 0.00763904 -0.00406866 0.00419547 0.00734053 0.00438591 -0.00100714 -0.00743253 0.00419746 -0.0179863
internal_weight=1045.3 736.177 278.794 119.414 457.383 309.125 157.946 299.437 188.921 207.856 124.293 63.2538 20.5519 159.38
internal_count=16891 15142 11459 2683 3683 1749 1409 2274 1261 1208 895 2062 616 8776
is_linear=0
shrinkage=0.02


Tree=101
num_leaves=15
num_cat=0
split_feature=13 30 32 30 44 32 17 42 9 1 20 1 13 6
split_gain=65.6797 19.6316 19.5434 15.2383 11.4085 11.1713 11.0566 11.2837 25.6944 16.1023 14.3378 12.0012 11.5875 16.0499
threshold=1.0000000180025095e-35 0.85671192407608043 78.500000000000014 0.27300152182579046 0.94876020125090255 31.500000000000004 1.0000000180025095e-35 0.17986813504431529 0.49989500000000009 -0.071644037961959825 1.0000000180025095e-35 -0.50263953208923329 1.5000000000000002 192.27500000000003
decision_type=2 8 2 8 2 2 2 2 2 10 2 8 2 2
left_child=1 4 5 -4 -1 -2 7 11 -9 10 12 -7 -10 -14
right_child=2 -3 3 -5 -6 6 -8 8 9 -11 -12 -13 13 -15
leaf_value=-0.017174428421970117 0.011503176332435406 -0.017403605168434536 0.022063972260720596 -0.0051850921751453718 0.015862492954076199 -0.013777498794715017 0.0075549682405324815 -0.01973641542234145 -0.011416770942640406 -0.014644920885584577 0.029568001035813991 0.0039545095005768891 0.011277831661337072 -0.0052779902295445758
leaf_weight=5.2264398150146034 58.63643254712224 100.9441405814141 7.6169615779072037 182.41390925459564 11.968377523124216 15.002860270440577 135.09066743776202 29.321391670033336 21.307055070996284 22.637452844530344 6.8291755281388751 347.20780006237328 56.712574437260628 38.636862404644489
leaf_count=269 484 6834 65 2456 113 110 694 867 579 184 46 3473 386 280
internal_value=-8.81735e-05 -0.0140627 0.00171688 -0.00398309 0.00542876 0.00320129 0.00246169 0.00117031 -0.00298176 0.000491559 0.00336174 0.00318413 0.00158933 0.00458404
internal_weight=1039.55 118.139 921.413 190.031 17.1948 731.382 672.746 537.655 175.445 146.123 123.486 362.211 116.656 95.3494
internal_count=16840 7216 9624 2521 382 7103 6619 5925 2342 1475 1291 3583 1245 666
is_linear=0
shrinkage=0.02


Tree=102
num_leaves=15
num_cat=0
split_feature=13 30 44 2 30 1 35 43 12 44 43 12 11 30
split_gain=65.0884 24.7839 12.3586 10.9855 10.4671 14.8925 19.3189 11.6276 12.2827 11.4321 13.4436 11.5028 10.6833 9.36621
threshold=1.0000000180025095e-35 0.85671192407608043 0.99011773542116122 1.0000000180025095e-35 0.56259429454803478 -0.27441651264869055 0.47424845269672861 0.22088054448289898 0.38612368702888494 0.0011266399877603262 0.00058377838341172714 0.32277527451515203 0.79185521602630626 0.28808447718620306
decision_type=2 8 2 2 8 8 2 2 2 2 2 2 2 8
left_child=1 2 -1 4 9 6 -6 -7 -9 -2 13 -12 -10 -11
right_child=3 -3 -4 -5 5 7 -8 8 12 10 11 -13 -14 -15
leaf_value=-0.015008794065674081 -0.0032180456475184535 -0.017947660758194223 0.01768735607992156 0.0080390879999145438 -0.016720392095246991 -0.0040660889741248301 0.0066243821996351962 -0.008114168338763281 -0.0045310085260726737 -0.019403054937840242 0.017900106618699833 0.0024419508953899679 0.0082271168449566008 0.01105963343975703
leaf_weight=6.0963057214394238 38.764566216617823 99.454353343695402 12.620583612471817 96.903767086565495 14.489266458898781 328.23378168791533 172.61249095574021 34.86330857872963 34.386012239381671 9.1554143205285037 55.094586867839098 29.859573233872652 103.08148943819106 5.8627692237496385
leaf_count=278 371 6863 107 556 149 4560 1297 714 362 54 372 226 932 42
internal_value=-8.99415e-05 -0.014001 0.00681675 0.00170371 0.00095201 -6.19308e-05 0.00473727 -0.00186165 0.00233631 0.00594221 0.00949082 0.0125585 0.00502613 -0.00756305
internal_weight=1041.48 118.171 18.7169 923.307 826.403 687.666 187.102 500.565 172.331 138.737 99.9723 84.9542 137.468 15.0182
internal_count=16883 7248 385 9635 9079 8014 1446 6568 2008 1065 694 598 1294 96
is_linear=0
shrinkage=0.02


Tree=103
num_leaves=15
num_cat=0
split_feature=13 0 30 1 44 37 44 13 44 44 30 15 36 40
split_gain=65.0944 40.0551 20.9193 20.5313 30.552 14.4314 14.0128 14.8767 11.0694 10.4787 14.5427 10.3317 12.5116 9.95832
threshold=1.0000000180025095e-35 0.025685695653241625 0.85671192407608043 inf 0.039913366222266829 0.072299651567944254 0.043623071708209081 1.5000000000000002 0.94876020125090255 0.89185316293149786 0.82956260442733776 1.0000000180025095e-35 0.63055830039525707 0.45141065830721011
decision_type=2 10 8 8 2 2 2 2 2 2 8 2 2 2
left_child=2 3 8 5 -5 6 11 -8 -1 -3 -11 -2 -13 -10
right_child=1 9 -4 4 -6 -7 7 -9 13 10 -12 12 -14 -15
leaf_value=-0.017334493084598997 -0.019249076322285272 0.0096216905200790064 -0.01828611721371818 -0.017572091689422382 0.00021088072008412903 -0.0043610854183372171 0.013558660896378607 -0.0069865753228725725 0.02524437125492876 0.0086062435626229165 -0.0073562766760396957 0.0013898493856731354 0.011461109478783272 -0.0092168518315038136
leaf_weight=5.5651101795956519 5.3478585686534634 212.69804507866502 97.110000300221145 70.401354983448982 84.184947950765491 160.10829959250987 16.232611518353224 77.274731170386076 9.002414368093012 50.038739189505577 40.333951741456985 92.580719055607915 105.41048870794475 4.4074296541512004
leaf_count=294 61 1082 6840 2742 1440 1446 138 701 82 310 309 675 667 38
internal_value=-0.000522387 0.00127373 -0.0145637 -0.00167349 -0.00794869 0.000462113 0.00306948 -0.00331425 0.00444869 0.00720663 0.00147952 0.00600695 0.00678244 0.0140644
internal_weight=1030.7 914.612 116.085 611.541 154.586 456.955 296.846 93.5073 18.975 303.071 90.3727 203.339 197.991 13.4098
internal_count=16825 9571 7254 7870 4182 3688 2242 839 414 1701 619 1403 1342 120
is_linear=0
shrinkage=0.02


Tree=104
num_leaves=15
num_cat=0
split_feature=13 0 44 1 44 0 38 44 36 9 42 43 42 15
split_gain=71.5696 31.1436 20.9375 17.4501 18.1953 18.2203 16.407 15.7199 12.4414 11.8519 15.4396 11.4496 14.3885 12.8701
threshold=1.0000000180025095e-35 0.14632306520531821 0.89185316293149786 -0.881598800420761 0.99025478204281259 -0.084714183344722124 0.17914438502673799 0.98550159624748968 0.049752475247524762 0.49989500000000009 0.17986813504431529 0.00088104060992618002 0.99814842418124483 2.5000000000000004
decision_type=2 10 2 10 2 8 2 2 2 2 2 2 2 2
left_child=7 3 9 4 5 -2 -5 -1 -6 10 -3 -8 13 -13
right_child=1 2 -4 6 8 -7 11 -9 -10 -11 -12 12 -14 -15
leaf_value=-0.019392479842094218 -0.016798274571261398 0.014029810405030752 -0.00099270614347339754 0.0042063291006530709 0.025897167876007123 -0.0011257232211069469 -0.0072448639548523212 -0.002209233917602573 -0.00050878835335069444 0.015004794508981857 -0.020981872012524834 -0.007170282788658471 0.025957858247742369 0.012463745381967702
leaf_weight=85.238202132284641 69.570461433380842 9.9914730191230792 64.093681260943413 333.36875205859542 6.9170772954821578 51.460319627076387 110.19723749347031 28.65058255661279 72.098487891256809 122.1626450419426 8.313781686127184 38.4596336055547 8.553493916988371 19.187625806778669
leaf_count=6235 2657 47 421 2405 58 707 1065 1016 1094 538 75 303 63 122
internal_value=-0.000247592 0.00162015 0.00847531 -0.000364594 -0.00535538 -0.0101984 0.00160058 -0.0151266 0.00209757 0.0127719 -0.00213477 -0.0033199 0.00322414 -0.000534097
internal_weight=1028.26 914.375 204.562 709.813 200.046 121.031 509.767 113.889 79.0156 140.468 18.3053 176.398 66.2008 57.6473
internal_count=16806 9555 1081 8474 4516 3364 3958 7251 1152 660 122 1553 488 425
is_linear=0
shrinkage=0.02


Tree=105
num_leaves=15
num_cat=0
split_feature=0 34 44 32 15 42 34 43 31 32 30 44 11 32
split_gain=42.801 42.3678 45.5493 21.6705 19.2134 25.7326 13.4789 13.0994 15.0844 12.6699 12.2646 15.8483 12.4094 11.8377
threshold=0.025685695653241625 0.73538899430740046 0.71582374483794953 73.500000000000014 1.0000000180025095e-35 0.24738599827581656 0.27374686716791991 0.9863775695441771 0.88499245047569286 76.500000000000014 0.82352942228317272 0.99750088739002363 0.71644043922424328 30.500000000000004
decision_type=10 2 2 2 2 2 2 2 8 2 8 2 2 2
left_child=1 2 4 13 -1 9 10 -2 -9 -6 11 12 -4 -3
right_child=7 3 6 -5 5 -7 -8 8 -10 -11 -12 -13 -14 -15
leaf_value=-0.019033320448721816 0.0039919516802074386 0.016209788728217319 0.016146496264485992 -0.0073877471585259667 0.017846816501576001 -0.016841632554820758 -0.0042317070742215277 -0.016805738803218277 0.017900104815665226 -0.0123717290641849 -0.00068330491503891327 -0.0069489956138714046 0.055050468864018223 0.002512196743688932
leaf_weight=128.56454938277602 245.30521504580975 26.651751596480608 11.876433616504078 89.369394871406257 18.889630690217022 31.80853452719748 83.041452522389591 4.7604468874633303 50.947515152394772 6.8868551254272452 25.190576680004597 6.244908992201089 4.4208043254911891 297.75142084807158
leaf_count=8014 1431 158 97 1311 98 588 1642 36 226 66 717 54 50 2364
internal_value=-0.000320838 -0.00293514 -0.00842577 0.00128052 -0.014754 -0.00503809 0.000625671 0.00601396 0.0146903 0.00961263 0.00898957 0.0193688 0.0292721 0.0036839
internal_weight=1031.71 730.696 316.924 413.773 186.15 57.585 130.774 301.013 55.708 25.7765 47.7327 22.5421 16.2972 324.403
internal_count=16852 15159 11326 3833 8766 752 2560 1693 262 164 918 201 147 2522
is_linear=0
shrinkage=0.02


Tree=106
num_leaves=15
num_cat=0
split_feature=0 34 32 30 40 31 37 24 9 34 30 41 41 32
split_gain=50.2864 35.8063 20.6182 19.4296 16.2208 12.1814 11.1173 9.26832 13.5221 11.9776 9.47548 9.03164 16.5535 11.8798
threshold=0.067263661553028362 0.73538899430740046 94.000000000000014 0.87028658390045177 0.39696969696969703 0.94117647409439098 0.1526806526806527 1.0000000180025095e-35 2.1989012500000005 0.95356537809949182 0.48567119240760809 0.1126984126984127 0.076197387518142243 50.500000000000007
decision_type=10 2 2 8 2 10 2 2 2 2 8 2 2 2
left_child=1 3 6 11 -2 -5 7 10 -9 -10 -3 12 -1 -14
right_child=4 2 -4 5 -6 -7 -8 8 9 -11 -12 -13 13 -15
leaf_value=-0.0018751562705280676 0.0091217259477518742 0.013258366060433676 -0.012165152930451777 -0.011859336190531368 -0.0043729799619173018 0.019601848310824725 -0.0065625924437320996 0.028119877754619341 0.0013537998221105536 0.012219120393632717 -0.0018076756563622566 -0.0047739155603207578 -0.0043067853644198377 0.040215632240061472
leaf_weight=23.687943352386355 232.38308092951775 17.970020635053515 42.646765588782728 219.54723116569221 41.430065236985683 4.1669318638741961 48.355465454980731 10.036584509536622 114.73810385912657 62.042639750987291 138.41421201266348 73.278874206356704 3.1397177064791304 7.1648575514554977
leaf_count=278 1211 121 639 9605 249 67 378 89 727 385 1619 1475 38 87
internal_value=-0.000268591 -0.00290091 0.000877717 -0.00784562 0.00707139 -0.0111887 0.00232566 0.0035934 0.0065881 0.00521435 -3.20362e-06 -0.000834651 0.00755111 0.0274691
internal_weight=1039 765.189 434.204 330.986 273.813 223.714 391.557 343.202 186.817 176.781 156.384 107.271 33.9925 10.3046
internal_count=16968 15508 3958 11550 1460 9672 3319 2941 1201 1112 1740 1878 403 125
is_linear=0
shrinkage=0.02


Tree=107
num_leaves=15
num_cat=0
split_feature=13 0 41 34 32 44 34 44 43 34 25 32 34 41
split_gain=62.6809 38.8203 20.9461 19.4833 18.222 14.2784 14.948 12.6692 11.9775 11.8879 10.2589 8.91482 8.54927 8.98017
threshold=1.0000000180025095e-35 0.086004380429279909 0.2792397660818714 0.81440092165898637 32.500000000000007 0.89185316293149786 0.55857843137254914 0.94876020125090255 0.99155172207996911 0.25834260289210237 2.5000000000000004 78.500000000000014 0.36239495798319338 0.17914438502673799
decision_type=2 10 2 2 2 2 2 2 2 2 2 2 2 2
left_child=7 2 9 -4 -5 6 8 10 -3 -2 -1 -6 13 -7
right_child=1 5 3 4 11 12 -8 -9 -10 -11 -12 -13 -14 -15
leaf_value=-0.020009580331849412 0.015608270247936276 -0.010620733196729959 -0.010279562614433267 0.015015662233016112 -0.00081480346201286222 0.01462494738458095 0.013570265280700152 -0.0033499550643031192 0.015414668950045448 0.0013161950322362692 0.014439261259032212 -0.012822871760729174 -0.005221310436968535 -0.0060177824747681451
leaf_weight=77.519693672657013 24.260254941880703 19.974593684077266 142.19001984037459 25.079397855326533 140.54524662718177 24.289379425346851 150.31498978286982 30.484823218546808 9.6720557957887632 300.63114223442972 2.9332410022616378 29.052794387564063 42.495885021984577 11.962658554315565
leaf_count=6120 343 152 2827 120 914 143 661 1106 45 3647 45 431 291 80
internal_value=-0.000338731 0.00137836 -0.00119161 -0.00467943 -0.000557526 0.00793143 0.0110251 -0.0144708 -0.001901 0.00242803 -0.0185918 -0.00293494 0.000811856 0.00783445
internal_weight=1031.41 920.468 661.759 336.867 194.677 258.71 179.962 110.938 29.6466 324.891 80.4529 169.598 78.7479 36.252
internal_count=16925 9654 8282 4292 1465 1372 858 7271 197 3990 6165 1345 514 223
is_linear=0
shrinkage=0.02


Tree=108
num_leaves=15
num_cat=0
split_feature=13 0 44 0 25 44 44 34 42 42 9 38 38 44
split_gain=64.0235 29.7759 15.8477 15.4289 14.0479 14.5656 12.9652 12.2406 9.56749 9.34581 12.9348 8.90219 8.76604 10.7332
threshold=1.0000000180025095e-35 0.23529411107301715 0.89185316293149786 -0.40639238809970507 2.5000000000000004 0.94876020125090255 0.039913366222266829 0.34969879518072294 0.24738599827581656 0.99841769497333799 0.49989500000000009 0.66025641025641035 0.02837022132796781 0.99011773542116122
decision_type=2 10 2 8 2 2 2 2 2 2 2 2 2 2
left_child=4 3 7 6 5 -1 -2 8 -3 11 -11 -5 13 -8
right_child=1 2 -4 9 -6 -7 12 -9 -10 10 -12 -13 -14 -15
leaf_value=-0.020000542099271667 -0.015665881912966667 0.011793399428427966 0.0014466316283618099 0.0024103925286967083 0.023125005726103716 -0.0033555207124340513 0.025932016462616066 0.018686056267167357 -0.02040436695632971 -0.01978842083642408 -0.00085071804981297241 0.023032592867342844 -0.010767058194485021 -0.00045561090722815557
leaf_weight=76.388629049994051 39.326950415968895 7.6510478705167753 49.508442334830761 531.67079229094088 3.0608409382402888 29.506818656809628 6.8768955972045651 74.770291864871979 5.4513514712452888 15.255823973566292 129.1641053352505 7.5250252261757842 20.830771727487445 28.231223236769438
leaf_count=6150 1428 36 321 5002 46 1074 100 331 45 431 1139 51 360 397
internal_value=0.000268028 0.00199652 0.0105455 0.000477027 -0.0141536 -0.0154373 -0.00702082 0.015598 -0.00209968 0.00153062 -0.00297353 0.0027403 -0.000774646 0.00528817
internal_weight=1025.22 916.263 137.381 778.882 108.956 105.895 95.2658 87.8727 13.1024 683.616 144.42 539.196 55.9389 35.1081
internal_count=16911 9641 733 8908 7270 7224 2285 412 81 6623 1570 5053 857 497
is_linear=0
shrinkage=0.02


Tree=109
num_leaves=15
num_cat=0
split_feature=13 0 32 0 44 42 37 40 32 44 1 37 35 12
split_gain=61.0809 28.2963 18.2157 16.322 15.8297 13.3628 12.4989 12.2362 14.4593 11.8189 37.3285 10.9838 8.53599 8.53224
threshold=1.0000000180025095e-35 0.02187028527259827 42.500000000000007 0.27766698336463874 0.94876020125090255 0.99859623773400863 0.03509852216748769 0.31698564593301443 118.00000000000001 0.0034247336279613684 -0.027889001037185612 0.063164893617021281 0.26118496283590625 0.75829562544822704
decision_type=2 8 2 10 2 2 2 2 2 2 8 2 2 2
left_child=4 9 13 5 -1 7 -5 8 -4 10 11 -2 -6 -3
right_child=1 2 3 6 12 -7 -8 -9 -10 -11 -12 -13 -14 -15
leaf_value=-0.018774010642628122 0.012139384665271306 0.012485528884558785 0.0059460785485473486 -0.0014657373752410944 -0.014824075317087902 -0.0070321001400179967 0.015406816107732953 -0.0058525463211019455 -0.011067231959465707 0.00068391788233680489 -0.015583899656337066 -0.0037340338274037266 0.0064978400155892239 -0.00049454700924320551
leaf_weight=77.443604320287704 33.430542919784784 125.50883118063211 219.89872952364385 24.848454728722572 11.093981646932663 73.114359352737665 57.57984010130167 56.467565968632698 21.049991887062788 172.03963476791978 86.287502771243453 34.6038404610008 18.855505759827793 24.029930118471384
leaf_count=6167 231 723 1476 160 545 664 284 428 199 2335 2745 308 550 132
internal_value=0.000157966 0.00181405 0.00438068 0.00237153 -0.0140504 0.000570445 0.0103639 0.00245669 0.00442015 -0.00292311 -0.00692279 0.00412866 -0.00162407 0.0104103
internal_weight=1036.25 928.859 602.498 452.959 107.393 370.531 82.4283 297.416 240.949 326.362 154.322 68.0344 29.9495 149.539
internal_count=16947 9685 4066 3211 7262 2767 444 2103 1675 5619 3284 539 1095 855
is_linear=0
shrinkage=0.02


Tree=110
num_leaves=15
num_cat=0
split_feature=0 1 30 40 43 24 43 38 9 42 43 30 31 7
split_gain=43.5556 46.1811 37.8063 16.9434 14.124 13.0234 12.1651 10.9114 16.5236 9.92651 10.5813 9.89401 9.16012 9.09998
threshold=0.025685695653241625 -0.881598800420761 0.8431372642517091 0.43303571428571436 0.00088104060992618002 2.5000000000000004 0.99377723476586211 0.30860805860805868 21.100000000000005 0.55233124286261204 0.75928880338049354 0.35143288969993597 0.87028658390045177 1.0000000180025095e-35
decision_type=10 10 8 2 2 2 2 2 2 2 2 8 8 2
left_child=1 2 9 6 7 -4 -2 8 -3 10 -1 -6 -8 -13
right_child=3 4 5 -5 11 -7 12 -9 -10 -11 -12 13 -14 -15
leaf_value=0.0094072499494280756 0.0057049709639374223 -0.0048880477467193942 -0.014792938537790498 -0.0083956519701767901 0.020432663080664677 0.018644290043665745 -0.0093941856992085446 -0.0099224763682616238 0.012251651858694564 -0.013599913774927147 -0.017441963661226911 -0.0092449759959255372 0.018568852163863496 0.003983467819133492
leaf_weight=52.50287033431232 220.9530187882483 69.817363196983933 185.43351366277784 27.455108677968383 12.606894016265867 3.9623731635510913 4.5481983907520762 63.972053060308099 31.977236837148666 10.765962490811942 5.668796735815703 21.647399432957172 51.068076841533184 261.75766971893609
leaf_count=539 1274 749 10055 170 87 57 34 667 286 552 246 204 229 1708
internal_value=3.13936e-05 -0.00264852 -0.00940256 0.0063669 0.00114206 -0.0139991 0.00785735 -0.00351879 0.000562938 0.00324549 0.00654026 0.00375519 0.0161565 0.00294408
internal_weight=1024.14 720.112 258.334 304.024 461.779 189.396 276.569 165.767 101.795 68.9376 58.1717 296.012 55.6163 283.405
internal_count=16857 15150 11449 1707 3701 10112 1537 1702 1035 1337 785 1999 263 1912
is_linear=0
shrinkage=0.02


Tree=111
num_leaves=15
num_cat=0
split_feature=13 0 32 30 38 30 43 42 5 32 9 42 0 0
split_gain=62.5863 27.2567 21.1667 15.2783 14.0299 13.6957 13.6038 11.2127 10.8454 13.5943 9.29482 12.0107 14.3271 14.0885
threshold=1.0000000180025095e-35 0.071644037961959853 55.500000000000007 0.79185521602630626 0.1126984126984127 0.48567119240760809 0.99349704174708953 0.0015142808261266781 1.0000000180025095e-35 48.500000000000007 6.2750000000000012 0.24738599827581656 -0.048265466466546052 -0.34970517287590452
decision_type=2 10 2 8 2 8 2 2 2 2 2 2 10 10
left_child=3 2 10 -1 5 -4 7 -3 -5 -10 11 13 -13 -2
right_child=1 6 4 8 -6 -7 -8 -9 9 -11 -12 12 -14 -15
leaf_value=0.0032183191450258844 0.0090584959123791008 -0.0067955434869613907 0.014310987593531698 -0.019330887102654681 -0.0097077393829160356 -0.0027661078938144797 0.017045879443681706 0.0066731391511653951 0.048758863437341288 -0.014859288340542738 0.0067840887874224777 -0.014947576382234182 0.0074629925710221583 -0.0033372704312804387
leaf_weight=15.973099133931099 74.652792124077678 27.477588199079037 19.952919315546751 84.487762100063264 116.7531898021698 180.89796305261552 44.42846243083477 194.72516245767474 1.2978421850129955 2.4382523829117417 143.91691766679287 35.853419720195234 15.797416901215909 70.414343968033791
leaf_count=316 847 177 169 6828 1998 2560 202 1040 33 93 794 923 165 784
internal_value=7.91227e-06 0.00166884 -0.000518506 -0.0146105 -0.00422597 -0.00100714 0.00705056 0.00498462 -0.0178383 0.0128693 0.00294054 0.000108545 -0.00808174 0.00306004
internal_weight=1029.07 924.87 658.239 104.197 317.604 200.851 266.631 222.203 88.2239 3.73609 340.635 196.718 51.6508 145.067
internal_count=16929 9659 8240 7270 4727 2729 1419 1217 6954 126 3513 2719 1088 1631
is_linear=0
shrinkage=0.02


Tree=112
num_leaves=15
num_cat=0
split_feature=0 1 40 40 42 0 25 34 1 34 42 34 1 0
split_gain=43.8185 44.9525 24.6254 15.7744 10.3362 8.53982 11.5228 7.9801 7.55863 10.658 9.83125 9.57767 7.80866 7.38003
threshold=0.067263661553028362 inf 0.2991228070175439 0.11651583710407241 0.81688173727788205 -0.18665155768394467 1.5000000000000002 0.25834260289210237 0.33484162390232092 0.84234892787524374 0.94020770508060059 0.67974358974358984 -0.48092426520207388 -0.012463146609488071
decision_type=10 8 2 2 2 10 2 2 10 2 2 2 10 10
left_child=1 8 5 -2 7 6 -3 -4 9 10 13 -12 -13 -1
right_child=3 2 4 -5 -6 -7 -8 -9 -10 -11 11 12 -14 -15
leaf_value=0.0034145035769280467 0.015713028144897931 -0.016779052278298533 0.01517297538259371 0.00434320357845856 -0.013682496423470109 -0.0048046070263901338 0.018437533585083009 -0.00078565617645331347 0.0094021947211191167 0.0029017110928486862 -0.018871748185801968 0.01120141767282669 -0.0076465156400976073 -0.014211831678277984
leaf_weight=73.074583292007446 63.86906385794282 129.08614125847816 14.3919570017606 202.68510144203901 19.513029174879193 36.977690163999796 3.0387368462979785 67.033656482584774 41.603867523372173 282.10897719487548 24.218000086024404 10.2396850772202 40.180704735219479 9.9053269773721677
leaf_count=554 309 8027 300 1125 1147 769 47 1398 291 1967 524 83 347 76
internal_value=0.000164632 -0.00230762 -0.00882266 0.00711607 -0.000986659 -0.0134667 -0.0158367 0.00218489 0.00135823 0.000577562 -0.00357432 -0.00879046 -0.00367536 0.00116627
internal_weight=1017.93 751.372 270.041 266.554 100.939 169.103 132.125 81.4256 481.331 439.727 157.618 74.6384 50.4204 82.9799
internal_count=16964 15530 11688 1434 2845 8843 8074 1698 3842 3551 1584 954 430 630
is_linear=0
shrinkage=0.02


Tree=113
num_leaves=15
num_cat=0
split_feature=13 30 2 30 44 44 34 41 24 17 44 37 1 31
split_gain=49.6253 21.5229 12.4168 10.7608 12.4533 8.59959 8.38992 7.76927 6.40816 6.40622 13.5899 9.37847 8.20168 13.3383
threshold=1.0000000180025095e-35 0.79185521602630626 1.0000000180025095e-35 0.27752640843391424 0.99811097492378342 0.99011773542116122 0.23567323481116587 0.2792397660818714 2.5000000000000004 1.0000000180025095e-35 0.85118042413256967 0.23303167420814483 -0.22132136156526397 0.94570136070251476
decision_type=2 8 2 8 2 2 2 2 2 2 2 2 8 10
left_child=1 5 3 4 -2 -1 7 -5 -3 12 11 -11 -8 -14
right_child=2 8 -4 6 -6 -7 9 -9 -10 10 -12 -13 13 -15
leaf_value=-0.013440929154129927 0.01272577426820487 -0.018602800584116376 0.0075811401499406442 0.0028936544692903716 -0.016553878590343962 0.017026082407193763 0.0024767533436827601 -0.017979647047444106 0.0088262631224701061 0.0069508656764996858 -0.016493637703816094 -0.0049372891879547872 -0.0035151130977630158 0.01448056567481361
leaf_weight=4.5371875492855898 43.900576233863831 83.452131048776209 99.179670149460435 10.645153591409327 5.798111379146575 10.777458667755125 175.93505718372762 19.197483858093619 2.9925930537283412 138.11206441372633 12.054191078990696 32.040182292461395 369.93338657170534 16.265707138925791
leaf_count=217 291 6937 570 138 33 80 1478 474 44 695 93 158 5642 117
internal_value=-0.000534148 -0.0137185 0.000932586 0.000124007 0.00905072 0.00772919 -0.00045998 -0.0106815 -0.0175632 -3.63886e-05 0.00321227 0.00469652 -0.00109322 -0.00272174
internal_weight=1024.82 101.759 923.062 823.882 49.6987 15.3146 774.183 29.8426 86.4447 744.341 182.206 170.152 562.134 386.199
internal_count=16967 7278 9689 9119 324 297 8795 612 6981 8183 946 853 7237 5759
is_linear=0
shrinkage=0.02


Tree=114
num_leaves=15
num_cat=0
split_feature=13 32 30 0 25 30 0 37 32 43 34 42 12 30
split_gain=52.2094 25.0482 19.235 19.1633 15.105 12.3759 12.1614 14.5987 11.155 10.7189 10.1341 9.39802 9.14053 9.13837
threshold=1.0000000180025095e-35 56.500000000000007 0.6591252088546754 0.033342792038238908 2.5000000000000004 0.27752640843391424 0.12684266952559639 0.18465909090909094 50.500000000000007 0.93370350674311697 0.26352339181286555 0.98440740340648569 0.92609351873397838 0.81598794460296642
decision_type=2 2 8 10 2 8 10 2 2 2 2 2 2 8
left_child=2 6 -1 5 -4 -3 7 -2 -6 13 -8 12 -7 -5
right_child=1 3 4 9 8 11 10 -9 -10 -11 -12 -13 -14 -15
leaf_value=0.0080521706319636698 0.0042937490479000836 0.016112591074849355 -0.018626742536696259 0.0073258847989859238 0.047095148504383066 -0.0045197218773226789 -0.0087435889047427738 -0.0087447615357199599 -0.013300634688542342 0.012891174548746349 0.012602591104255994 -0.012195890004006942 0.018059901243463437 -0.0038908047104352335
leaf_weight=13.726275188848374 348.95229520555586 9.5788579601794464 83.935746053233743 47.873052973300219 1.6341417506337159 182.72886546514928 9.0985273867845518 37.153654381632805 1.6428973041474817 36.871055066585541 95.790618509054184 70.598750724457204 6.4908015206456176 70.664395373314619
leaf_count=206 3619 93 7005 276 20 2610 62 327 27 172 497 1526 52 426
internal_value=9.37508e-05 0.00160341 -0.0134845 -0.00195035 -0.0169269 -0.00516972 0.00467581 0.00301975 0.0207861 0.00362773 0.0106858 -0.00601311 -0.0036543 0.000662606
internal_weight=1016.74 915.801 100.939 424.806 87.2128 269.397 490.995 386.106 3.27704 155.409 104.889 259.818 189.22 118.537
internal_count=16918 9660 7258 5155 7052 4281 4505 3946 47 874 559 4188 2662 702
is_linear=0
shrinkage=0.02


Tree=115
num_leaves=15
num_cat=0
split_feature=0 34 44 15 34 42 0 44 9 31 43 32 0 8
split_gain=32.1518 27.7325 42.633 22.6775 18.6705 18.4142 17.3079 14.8584 15.5821 14.1627 13.3333 13.3037 11.5926 10.9504
threshold=0.086004380429279909 0.81661396953147469 0.71582374483794953 1.0000000180025095e-35 0.43257575757575767 0.55233124286261204 0.025685695653241625 0.043623071708209081 0.49989500000000009 0.97737553715705883 0.9888630217316392 94.000000000000014 0.00087108013937282241 4.5000000000000009
decision_type=10 2 2 2 2 2 10 2 2 8 2 2 8 2
left_child=1 2 3 6 9 -5 -1 8 10 13 -2 -3 -7 -4
right_child=7 11 4 5 -6 12 -8 -9 -10 -11 -12 -13 -14 -15
leaf_value=-0.018019642337667681 -0.020205309162834553 0.0033322312487558507 0.0090094458484640677 0.0070257917044016195 -0.006361238883269533 0.0011683369926407648 0.0077986664827916505 -0.00062914216491078096 0.011792440401793992 -0.013064554554532898 0.010458403790999994 -0.0099654952891658106 -0.016409076189660501 0.049893178691770013
leaf_weight=129.23456760216504 11.390581615269186 325.72385767009109 87.713477675803006 39.394251897931099 58.852220638655126 23.10370403714478 10.737670317292212 84.92490790784359 152.03471025824547 10.792301390320061 9.6010736525058729 32.177428144030273 41.175578575581312 1.7677761474624265
leaf_count=8637 105 2366 1494 230 1083 270 105 549 676 347 45 428 571 28
internal_value=0.000133788 -0.00193613 -0.00552982 -0.0107721 0.002514 -0.00363128 -0.0159978 0.00622167 0.00956848 0.00773441 -0.00634264 0.00211225 -0.0101702 0.0103596
internal_weight=1018.62 760.673 402.772 243.646 159.126 103.674 139.972 257.951 173.026 100.274 20.9917 357.901 64.2793 89.4813
internal_count=16934 15559 12765 9813 2952 1071 8742 1375 826 1869 150 2794 841 1522
is_linear=0
shrinkage=0.02


Tree=116
num_leaves=15
num_cat=0
split_feature=0 1 44 32 0 24 43 36 43 30 32 16 31 34
split_gain=27.2411 35.3645 48.1151 19.9786 15.7984 18.2792 13.3946 15.6757 13.2366 13.1763 11.5753 10.9635 9.27945 9.07633
threshold=0.097934105055353285 -0.84841629862785328 0.94876020125090255 80.500000000000014 -0.12816045360793951 2.5000000000000004 0.22088054448289898 0.62082869855394895 0.9863775695441771 0.674208164215088 37.500000000000007 1.0000000180025095e-35 0.93363499641418468 0.2703810367744795
decision_type=10 10 2 2 10 2 2 2 2 8 2 2 10 2
left_child=1 2 4 6 5 -1 -3 10 -2 13 -8 -9 -6 -4
right_child=8 3 9 -5 12 -7 7 11 -10 -11 -12 -13 -14 -15
leaf_value=-0.01933842173071167 0.0036051651267798861 0.00060191867180011457 0.024207379909506738 -0.0078408163470972889 -0.0057946305755866481 0.019615410361297797 0.027688896928065039 0.015274948822850272 0.015486186181921142 -0.0025077409573662736 -0.0035891293252655505 -0.010421487316036959 0.029178458793298598 0.0042818346049713213
leaf_weight=120.45961469598114 196.33183436468244 269.55673087574542 13.676867686212061 76.741264950484037 34.339209208264947 4.2443384043872348 4.2453508377075186 81.859576359391212 45.686652928590775 75.314468877390027 47.462174415588379 6.5334194749593726 2.3275614492595187 25.743900701403618
leaf_count=8595 1078 2170 99 1006 657 54 18 373 211 2123 227 38 21 213
internal_value=7.05604e-05 -0.00178579 -0.00748893 0.00146034 -0.0144955 -0.0178671 0.00321757 0.00821023 0.00590248 0.0024057 -0.000544496 0.0132803 -0.00285887 0.0116228
internal_weight=1004.52 762.504 276.106 486.399 161.371 124.704 409.657 140.101 242.018 114.735 51.7075 88.393 36.6668 39.4208
internal_count=16883 15594 11762 3832 9327 8649 2826 656 1289 2435 245 411 678 312
is_linear=0
shrinkage=0.02


Tree=117
num_leaves=15
num_cat=0
split_feature=13 32 0 37 44 0 2 32 37 10 9 40 31 34
split_gain=60.037 20.6965 15.3966 12.5786 11.6053 10.4957 10.0417 10.2608 9.76464 8.60021 11.8785 8.21602 6.89567 6.89865
threshold=1.0000000180025095e-35 41.500000000000007 0.27766698336463874 1.0000000180025095e-35 0.94876020125090255 -0.50188535451889027 1.0000000180025095e-35 96.500000000000014 0.23303167420814483 99.125000000000014 20.625000000000004 0.59166666666666679 0.94570136070251476 0.9128709454796412
decision_type=2 2 10 2 2 8 2 2 2 2 2 2 10 2
left_child=4 5 6 -4 -1 -2 7 8 12 10 11 -7 13 -3
right_child=1 2 3 -5 -6 9 -8 -9 -10 -11 -12 -13 -14 -15
leaf_value=-0.019115086405199624 -0.0094017496624970703 -0.0018871054045038668 -0.0047482346567699583 0.012744900490009876 -0.0036776232185449856 0.00927644870804154 0.0059649282634794574 -0.0095401576601020742 -0.011816912180527803 -0.0015690665735821497 0.02289223347895785 -0.010350734611910991 0.014033156017278453 0.0038818672039349325
leaf_weight=67.995519534684718 12.94346738886088 346.68428370077163 21.605447240173817 62.3651352673769 27.917648691684008 127.38450008910149 75.595457212999463 59.444217103533447 29.277072742581367 27.600538248196244 25.118806697428226 8.3281034529209119 12.421150609850882 107.89219395443797
leaf_count=6199 305 4836 141 310 1098 1069 454 986 285 169 123 73 98 825
internal_value=0.000265178 0.00184598 0.000247992 0.00824104 -0.014706 0.00749275 -0.000826509 -0.00175942 -0.00081012 0.00869674 0.0104573 0.00800511 -9.63055e-05 -0.000512344
internal_weight=1012.57 916.66 715.285 83.9706 95.9132 201.375 631.314 555.719 496.275 188.432 160.831 135.713 466.998 454.576
internal_count=16971 9674 7935 451 7297 1739 7484 7030 6044 1434 1265 1142 5759 5661
is_linear=0
shrinkage=0.02


Tree=118
num_leaves=15
num_cat=0
split_feature=13 0 30 44 41 34 44 42 30 30 9 0 34 9
split_gain=49.3771 25.9729 17.9223 14.7689 12.9755 19.4003 12.9444 12.8607 12.3104 11.9324 10.707 10.2195 10.3665 10.1856
threshold=1.0000000180025095e-35 0.22954604787294236 0.81598794460296642 0.89185316293149786 0.12660256410256412 0.69204425711275042 0.99473882552975412 0.55233124286261204 0.81598794460296642 0.23076923191547397 0.49989500000000009 0.090659340659340684 0.84699879951980805 0.49989500000000009
decision_type=2 10 8 2 2 2 2 2 8 8 2 10 2 2
left_child=2 4 -1 13 -2 7 9 -6 -5 -7 -9 12 -11 -3
right_child=1 3 -4 8 5 6 -8 10 -10 11 -12 -13 -14 -15
leaf_value=0.0048548518491142766 0.0052271005522994199 -0.0019070366665343802 -0.017283027800155504 0.0097492069327224165 -0.0019194837120749988 0.028949548961407418 -0.0095714411371602987 -0.020469820659789684 -0.0097328121828940666 -0.004849983629612472 -0.005244274348986229 0.010428812135840874 0.0028097726167249353 0.017078935579308761
leaf_weight=17.44859232660383 166.22870425879955 12.976566322147844 78.758202030323446 27.408405914902687 98.685289397835732 5.6065525487065306 39.597476303577423 36.741271047852933 22.885399930179119 98.069810183718801 38.013262345455587 47.46674969047308 245.65876586921513 77.7315344363451
leaf_count=340 1949 82 6907 154 1484 38 411 1255 166 1110 751 212 1698 349
internal_value=0.000295688 0.0017306 -0.0132593 0.00959483 0.000291252 -0.00106051 0.00119044 -0.00669857 0.000867304 0.00228575 -0.0128989 0.00183077 0.000616625 0.0143717
internal_weight=1013.28 917.07 96.2068 141.002 776.068 609.839 436.399 173.44 50.2938 396.802 74.7545 391.195 343.729 90.7081
internal_count=16906 9659 7247 751 8908 6959 3469 3490 320 3058 2006 3020 2808 431
is_linear=0
shrinkage=0.02


Tree=119
num_leaves=15
num_cat=0
split_feature=13 32 30 30 43 24 31 40 40 32 10 2 40 32
split_gain=45.4917 24.3954 18.5419 12.8731 12.8023 7.49198 7.38923 8.15684 6.88547 8.49679 11.6338 10.0497 8.42384 7.27863
threshold=1.0000000180025095e-35 70.500000000000014 0.85671192407608043 0.27752640843391424 0.99808646053677375 2.5000000000000004 0.88499245047569286 0.14174107142857145 0.54700854700854717 43.500000000000007 124.95000000000002 1.5000000000000002 0.3066239316239317 28.500000000000004
decision_type=2 2 8 8 2 2 8 2 2 2 2 2 2 2
left_child=2 8 -1 -3 -5 -4 -6 -8 9 10 11 12 13 -2
right_child=1 3 5 4 6 -7 7 -9 -10 -11 -12 -13 -14 -15
leaf_value=0.0051819552130030764 0.017131707487872367 0.017467953476670892 -0.018615793221937224 -0.0065911666331734311 -0.016839776394982804 0.01253866640072334 0.0028541491868227433 0.02510981517826966 -0.0062235246510767761 0.002041641920393699 -0.010083336852666932 0.026503489087489941 0.013091658120094359 0.0028005040023597015
leaf_weight=17.4099255297333 14.940814992412923 9.9021701067686063 73.461484661325812 212.38795037381351 3.8309523556381455 2.5584383867681018 21.284569062292579 8.7454144153743965 27.521107663400471 395.6786945136264 14.414212218485771 10.24912405759096 62.261636988259852 134.8339345632121
leaf_count=376 126 82 6807 2886 153 38 183 75 294 3943 94 44 584 1190
internal_value=2.13391e-05 0.00138237 -0.0131965 -0.0038463 -0.00477057 -0.0174181 0.00651035 0.00993584 0.00341472 0.00384334 0.00683388 0.00797113 0.00695513 0.00433426
internal_weight=1009.48 916.051 93.4298 256.151 246.249 76.0199 33.8609 30.03 659.9 632.378 236.7 222.286 212.036 149.775
internal_count=16875 9654 7221 3379 3297 6845 411 258 6275 5981 2038 1944 1900 1316
is_linear=0
shrinkage=0.02


Tree=120
num_leaves=15
num_cat=0
split_feature=13 30 32 24 40 30 39 31 36 43 32 41 21 31
split_gain=42.6114 16.1323 14.4143 12.6037 11.4007 11.3922 10.7879 9.07706 10.1374 17.2882 11.032 11.9729 10.5114 10.4234
threshold=1.0000000180025095e-35 0.85671192407608043 78.500000000000014 2.5000000000000004 0.54700854700854717 0.5429864525794984 0.018826322930800547 0.34238311648368841 0.63055830039525707 0.22088054448289898 49.500000000000007 0.93725490196078443 1.0000000180025095e-35 0.94570136070251476
decision_type=2 8 2 2 2 8 2 8 2 2 2 2 2 10
left_child=1 -1 4 -3 5 -2 -4 -7 -9 10 -10 -12 13 -11
right_child=2 3 6 -5 -6 7 -8 8 9 12 11 -13 -14 -15
leaf_value=0.0039669148254187362 0.0089886270955202296 -0.018858664305313889 -0.0070963365137368265 0.018577149483582644 -0.010056560173245155 -0.0066343415810545606 0.0032878051358688869 -0.00033090182966698581 0.005960310503057723 0.010819986252645106 -0.0072533550869301093 0.0141641015320172 -0.017770356778791567 0.040846779920642826
leaf_weight=17.473702683113515 99.913688590750098 72.29819156602025 130.418188248761 3.0124709829688063 27.897155792452395 46.94479977991432 56.836491061374545 270.28657091688365 86.652383444830775 105.7042199857533 71.279851151630282 11.255115454085169 4.0081219077110282 4.0152113586664191
leaf_count=374 723 6828 1806 43 305 1238 714 2354 761 749 841 91 24 18
internal_value=-0.000323245 -0.013163 0.000991397 -0.0171374 0.00226455 0.00276919 -0.00394377 0.00172053 0.00244022 0.00507949 0.00100916 -0.00419811 0.0110732 0.0122778
internal_weight=1008 92.7844 915.212 75.3107 727.957 700.06 187.255 600.146 553.201 282.915 169.187 82.535 113.728 109.719
internal_count=16869 7245 9624 6871 7104 6799 2520 6076 4838 2484 1693 932 791 767
is_linear=0
shrinkage=0.02


Tree=121
num_leaves=15
num_cat=0
split_feature=13 32 25 44 32 43 31 11 21 1 9 44 7 32
split_gain=44.7454 13.7067 12.5622 15.2565 11.8654 11.089 23.2802 16.8347 10.2922 9.11272 9.06934 8.14544 7.51296 10.4043
threshold=1.0000000180025095e-35 91.500000000000014 2.5000000000000004 0.99011773542116122 48.500000000000007 0.0074601759805136376 0.88499245047569286 0.88499245047569286 1.0000000180025095e-35 0.10708899796009065 2.0195735000000004 0.043623071708209081 3.5000000000000004 37.500000000000007
decision_type=2 2 2 2 2 2 8 2 2 10 2 2 2 2
left_child=2 5 3 -1 -4 12 11 9 10 -8 -9 -7 -2 -14
right_child=1 -3 4 -5 -6 6 7 8 -10 -11 -12 -13 13 -15
leaf_value=-0.019627670313650532 0.0029481776406771461 -0.0050724948066740907 0.04930211014918677 -0.0011545832267463938 -0.013377135990891669 -0.014260013371716052 -0.00059411128585463849 0.02417851648672719 -0.011122783782597798 0.013771351422729481 0.011132356423146956 0.0044626233585842593 0.005947178124107411 -0.0038086267716165132
leaf_weight=64.051688919775188 295.46132443379611 111.31759043596685 1.5497826933860772 24.842493354342878 1.661571469157934 26.804065551608801 82.658836981281638 30.457588423043489 5.7156558558344832 21.437553826719522 79.426382053643465 13.375765545293687 54.738927841186523 202.56965406704694
leaf_count=6306 3304 1544 18 940 27 857 635 204 36 103 409 170 393 2046
internal_value=0.000149557 0.00147969 -0.0130663 -0.0145354 0.0213958 0.00238235 0.00578128 0.00833966 0.0135612 0.00246719 0.0149339 -0.00807028 0.000776837 -0.00171822
internal_weight=1016.07 923.963 92.1055 88.8942 3.21135 812.646 259.876 219.696 115.6 104.096 109.884 40.1798 552.77 257.309
internal_count=16992 9701 7291 7246 45 8157 2414 1387 649 738 613 1027 5743 2439
is_linear=0
shrinkage=0.02


Tree=122
num_leaves=15
num_cat=0
split_feature=32 24 30 31 32 11 31 41 14 42 35 6 37 6
split_gain=23.6486 12.5043 12.5758 13.4645 11.2968 11.0398 9.53767 9.18182 8.80652 7.99413 11.3629 8.8234 7.52898 8.128
threshold=70.500000000000014 1.0000000180025095e-35 0.87820512056350719 0.4102564156055451 40.500000000000007 0.98190042376518261 0.9566364884376527 0.2834821428571429 1.0000000180025095e-35 0.9978353580386502 0.88352713178294584 154.25000000000003 0.17232237539766707 10.275000000000002
decision_type=2 2 8 8 2 2 8 2 2 2 2 2 2 2
left_child=1 2 12 -4 7 8 -7 -3 -2 11 -11 -6 13 -1
right_child=5 4 3 -5 9 6 -8 -9 -10 10 -12 -13 -14 -15
leaf_value=-0.0010048315307372351 -0.010789430364899042 0.024891828575821517 -0.011511266338383617 -0.00038726217578845186 0.0015038418215412872 -0.014031468381416806 0.016179482531642902 0.008142320758961246 -0.0031605953251828767 0.0031385942271573391 0.021905874318622162 -0.016142981881464319 -0.012601073361353601 0.0084106708047319532
leaf_weight=54.203638566657901 91.371077077463269 16.400140061974525 52.401884002611041 235.70922593399882 96.115970436483622 4.6793700288981226 16.14090780634433 61.156371276825666 179.44496946129948 48.040225356817245 16.867711510509253 11.832115788944064 8.9833400780335051 111.14214439503849
leaf_count=681 3587 86 2557 4773 551 171 173 305 2345 277 113 78 140 1085
internal_value=0.000109067 0.00207181 0.000119816 -0.00244332 0.00566178 -0.0046792 0.00905768 0.011956 -0.00576473 0.0027852 0.00827404 -0.000560832 0.00434565 0.0053366
internal_weight=1004.49 712.853 462.44 288.111 250.413 291.636 20.8203 77.5565 270.816 172.856 64.9079 107.948 174.329 165.346
internal_count=16922 10646 9236 7330 1410 6276 344 391 5932 1019 390 629 1906 1766
is_linear=0
shrinkage=0.02


Tree=123
num_leaves=15
num_cat=0
split_feature=10 32 17 39 34 42 34 34 20 30 38 32 30 11
split_gain=23.9793 19.1357 8.98551 10.3443 8.7223 9.73686 41.8107 18.3809 11.5171 8.51174 9.28949 8.32729 7.64622 7.10622
threshold=1.5000000000000002 78.500000000000014 1.0000000180025095e-35 0.039230769230769243 0.73538899430740046 0.17986813504431529 0.3987179487179488 0.38495423340961105 1.0000000180025095e-35 0.27300152182579046 0.019049346879535561 31.500000000000004 0.061840122565627105 0.87028658390045177
decision_type=2 2 2 2 2 2 2 2 2 8 2 2 8 2
left_child=-1 4 9 -4 5 7 -7 12 13 -3 -11 -6 -2 -8
right_child=1 2 3 -5 11 6 8 -9 -10 10 -12 -13 -14 -15
leaf_value=-0.017145696743444735 0.027243225868938598 0.011383530198388267 -0.003354477448511607 0.014796513776776083 0.012811992825356134 -0.020839271765192981 0.0051274817037003963 -0.0074610090608943341 0.02241801200898939 -0.00081288752815786866 -0.012421008886789832 0.0030330982045850465 0.0046237593421346599 -0.01093430545303843
leaf_weight=30.317681545391679 5.285638414323329 7.9743037931621066 47.236162882298231 15.990841187536715 37.2385636838153 41.306399664841592 38.941157810389996 58.881526643410325 10.996950492262838 39.655962392687798 90.640005928464234 410.72120652999729 152.03573782835156 14.219240527600048
leaf_count=2841 27 68 252 84 205 1708 618 1319 63 861 2590 3068 2772 432
internal_value=7.9756e-05 0.000634605 -0.00483736 0.00139502 0.00207165 -0.000440815 -0.00539433 0.00198922 0.00471679 -0.00767681 -0.00892114 0.00387274 0.005551 0.000708742
internal_weight=1001.44 971.124 201.497 63.227 769.626 321.667 105.464 216.203 64.1573 138.27 130.296 447.96 157.321 53.1604
internal_count=16908 14067 3855 336 10212 6939 2821 4118 1113 3519 3451 3273 2799 1050
is_linear=0
shrinkage=0.02


Tree=124
num_leaves=15
num_cat=0
split_feature=0 1 44 41 40 30 32 32 44 7 34 10 44 34
split_gain=35.6823 39.9966 47.6905 12.9003 13.5788 11.6748 11.4085 11.1479 11.6745 10.7578 10.0229 9.99363 12.8822 9.80262
threshold=0.02187028527259827 -0.881598800420761 0.10105466353485022 0.1526806526806527 0.30094339622641514 0.87028658390045177 90.500000000000014 45.500000000000007 0.89185316293149786 1.0000000180025095e-35 0.21606265356265361 2.7750000000000004 0.99775548849182638 0.43257575757575767
decision_type=10 10 2 2 2 8 2 2 2 2 2 2 2 2
left_child=1 2 -1 4 -3 -4 -5 -2 13 10 -7 -12 -13 -9
right_child=7 3 5 6 -6 9 -8 8 -10 -11 11 12 -14 -15
leaf_value=-0.017626058175151903 0.011613856472341097 0.013721684561746814 0.0070983324937578789 0.00059100343098787613 -0.0029654786755880088 0.045552545509472825 -0.010513532596528617 -0.0062758979504345669 -0.0042758110441677597 -0.01340751389070277 -0.0094975274837265505 -0.0011781589365353303 0.04644940837468077 0.0080049215103317733
leaf_weight=124.32205877732486 89.015090022236109 55.230115745216608 53.097908822819591 329.41053542867303 29.395667973905802 1.1239051679149294 40.679610460996628 21.562036670744419 59.562240809202194 31.648837151937187 15.04746544826776 6.1268638689070922 2.5660124188289046 137.64332515373826
leaf_count=8891 481 320 567 2552 219 50 593 177 432 1210 574 163 56 657
internal_value=3.22042e-05 -0.00249776 -0.00919874 0.00096224 0.00795828 0.00043256 -0.000654628 0.00568264 0.00322741 -0.00584492 0.00392745 0.000195282 0.0162225 0.00604369
internal_weight=996.432 688.649 233.933 454.716 84.6258 109.611 370.09 307.783 218.768 56.5131 24.8642 23.7403 8.69288 159.205
internal_count=16942 15195 11511 3684 539 2620 3145 1747 1266 2053 843 793 219 834
is_linear=0
shrinkage=0.02


Tree=125
num_leaves=15
num_cat=0
split_feature=13 32 30 40 30 32 39 40 1 40 11 35 30 6
split_gain=39.2815 18.3133 14.972 10.2348 10.5449 8.55374 8.52759 8.28805 8.11303 8.16029 7.66206 10.6503 6.56211 6.32127
threshold=1.0000000180025095e-35 69.500000000000014 0.85671192407608043 0.3066239316239317 0.27300152182579046 35.500000000000007 0.29814814814814822 0.38278388278388281 0.094507578949096296 0.13188405797101452 0.98642531037330639 0.6378430682617876 0.11613876372575761 93.125000000000014
decision_type=2 2 8 2 8 2 2 2 10 2 2 2 8 2
left_child=2 5 -1 4 -3 -2 -4 12 10 -10 13 -12 -7 -6
right_child=1 3 6 -5 8 7 -8 -9 9 -11 11 -13 -14 -15
leaf_value=0.0037240421462842411 0.0080104614428269643 0.02212519781406069 -0.017978357180159756 -0.012089432872068631 -0.0029234140987155518 0.020207828764056638 0.022589071423124652 -0.0039573464875815893 -0.0046293698484612027 0.016635279112272472 0.02786405487404759 -0.0056568589271717776 0.0025363374235833425 -0.011947560901584253
leaf_weight=17.080312537960708 105.99744293838739 6.2464398983865967 69.433424273505807 44.12554888240993 130.37386102043092 7.5937335267662993 1.3180700996890653 83.231923264451325 12.150399213656785 15.604053657501934 6.0158547097817046 7.6530161025002599 446.45563989225775 40.206614509224892
leaf_count=385 912 55 6824 648 1767 43 85 894 100 134 74 104 4310 629
internal_value=-0.000215161 0.00102862 -0.0129073 -0.00341609 -0.00161538 0.00284399 -0.0169183 0.00181174 -0.00241546 0.00748875 -0.00393976 0.00998995 0.00287564 -0.00510768
internal_weight=993.486 905.655 87.8318 262.376 218.25 643.279 70.7515 537.281 212.004 27.7545 184.249 13.6689 454.049 170.58
internal_count=16964 9670 7294 3511 2863 6159 6909 5247 2808 234 2574 178 4353 2396
is_linear=0
shrinkage=0.02


Tree=126
num_leaves=15
num_cat=0
split_feature=13 30 38 34 39 36 41 30 40 41 30 43 31 36
split_gain=37.8518 12.3916 10.8065 14.3618 9.10545 7.60577 7.23088 10.6418 9.59108 6.07954 5.96099 10.6315 12.2965 12.8637
threshold=1.0000000180025095e-35 0.85671192407608043 0.019049346879535561 0.62871870397643603 0.24038461538461542 0.96035674996071052 0.21525096525096529 0.31372550129890447 0.32795698924731187 0.21294035577258461 0.85671192407608043 0.22088054448289898 0.88499245047569286 0.29520940906483079
decision_type=2 8 2 2 2 2 2 8 2 2 8 2 8 2
left_child=1 -1 10 6 -3 -5 9 8 -8 -4 -2 -12 -13 -14
right_child=2 4 3 5 -6 -7 7 -9 -10 -11 11 12 13 -15
leaf_value=0.0029129999203143888 0.007519930383648156 -0.017636424184298345 -0.00075711291461557837 0.00049853108897769509 0.019010898284492209 0.010521281005879955 0.024278372569213738 -0.010687439524519858 -0.012264786678136764 0.028051217283781224 -0.0026370641500470904 -0.012497485234796071 -0.010232759180762371 0.011166681332330794
leaf_weight=16.204400247894228 119.76401144638658 67.731836176477373 32.707104987464845 400.29371162969619 2.0357277728617182 31.775667542591691 6.1689566504210216 96.430603086017072 3.9927556701004505 2.2137076593935481 103.86867098137736 11.647822946310042 12.069765033200381 87.781620288267732
leaf_count=376 1017 6722 456 3286 152 261 58 2090 29 37 1320 400 107 562
internal_value=-9.25131e-05 -0.0126978 0.0011127 -0.000555082 -0.0163136 0.00125823 -0.00606148 -0.0086295 0.0101074 0.00179919 0.0039603 0.00195521 0.00621862 0.00850416
internal_weight=994.686 85.972 908.714 573.583 69.7676 432.069 141.513 106.592 10.1617 34.9208 335.132 215.368 111.499 99.8514
internal_count=16873 7250 9623 6217 6874 3547 2670 2177 87 493 3406 2389 1069 669
is_linear=0
shrinkage=0.02


Tree=127
num_leaves=15
num_cat=0
split_feature=13 32 0 30 43 36 6 37 34 0 25 38 42 34
split_gain=42.9747 19.0506 16.2223 14.5004 11.9793 11.9166 11.2814 10.3378 9.05124 8.6411 7.93344 7.721 9.5093 8.79138
threshold=1.0000000180025095e-35 80.500000000000014 0.02187028527259827 0.93363499641418468 0.004213393860802799 0.89398956451936595 196.12500000000003 0.067816091954023008 0.23567323481116587 0.34106137764674355 1.5000000000000002 0.31101190476190482 0.9978353580386502 0.92695630081300828
decision_type=2 2 8 8 2 2 2 2 2 10 2 2 2 2
left_child=3 2 7 -1 6 -6 8 10 -4 -3 -2 12 -8 -14
right_child=1 9 4 -5 5 -7 11 -9 -10 -11 -12 -13 13 -15
leaf_value=0.0019329251353843726 0.00071308241266765133 -0.0060783343784343623 -0.013561954854606342 -0.017611855394507707 0.0065796119925532782 0.020017341996318248 -0.0072228766574990531 -0.0072917416194602912 0.0053985114715089022 0.009199130659212235 0.027678025810146251 -0.011235846241127707 -0.0052093519878950237 0.025114645424093772
leaf_weight=19.316601668484509 186.4650742188096 153.21699577011168 9.5854823514819127 66.925732692703605 140.76824380084872 32.140255693346262 18.381710946559906 77.068725625053048 234.19443564675748 15.493932180106638 3.471013667061924 33.632875692099333 5.7233108170330516 8.9793176576495153
leaf_count=523 2965 2269 136 6749 704 154 143 1369 1513 80 27 251 55 60
internal_value=0.000153295 0.00142514 0.00279069 -0.0132622 0.00497265 0.00917816 0.00260876 -0.00116352 0.00460062 -0.00462936 0.00134824 -0.00462982 0.00221836 0.0137304
internal_weight=1005.36 919.121 750.41 86.2423 483.406 172.908 310.497 267.005 243.78 168.711 189.936 66.7172 33.0843 14.7026
internal_count=16998 9726 7377 7272 3016 858 2158 4361 1649 2349 2992 509 258 115
is_linear=0
shrinkage=0.02


Tree=128
num_leaves=15
num_cat=0
split_feature=13 25 30 32 32 30 43 20 35 27 37 7 1 41
split_gain=37.4019 12.4208 14.8154 12.8469 12.0387 11.0254 10.1981 8.00448 10.1248 10.1157 11.6129 7.82695 12.0149 9.51917
threshold=1.0000000180025095e-35 2.5000000000000004 0.85671192407608043 49.500000000000007 59.500000000000007 0.27752640843391424 0.14497106643452182 1.0000000180025095e-35 0.42560379528464637 1.0000000180025095e-35 0.061553030303030311 3.5000000000000004 -0.48092426520207388 0.1526806526806527
decision_type=2 2 8 2 2 8 2 2 2 2 2 2 8 2
left_child=1 2 -1 -3 -2 -6 11 8 -8 10 -10 12 -7 -13
right_child=4 3 -4 -5 5 6 7 -9 9 -11 -12 13 -14 -15
leaf_value=0.001947644656721245 0.0029406675449484927 0.05158790128860883 -0.018676344304858778 -0.013526364374317729 0.013687597626375274 0.016565320964106442 -0.012637990149025764 0.019988441384767304 0.024442758565601845 -0.00030751477878146374 -0.004911137416946842 0.0079887155508221591 -0.0037358494944468414 -0.011346456532745075
leaf_weight=17.460935492999852 539.32897656410933 1.4703778401017182 64.64434455614537 1.7425220683217046 16.694334691390395 11.959717430174349 18.346624795347452 8.2122221607714874 14.870231442153456 78.400192281231284 7.7233584076166144 10.772889431565998 116.08569691237062 88.855150450952351
leaf_count=386 4963 17 6846 31 127 94 356 52 118 860 62 145 1604 1218
internal_value=-0.000156887 -0.01274 -0.0143197 0.0214449 0.00103392 -0.00173157 -0.0024926 0.00202477 0.0006328 0.00314386 0.0146256 -0.00502122 -0.001726 -0.00919711
internal_weight=996.568 85.3182 82.1053 3.2129 911.249 371.92 355.226 127.553 119.34 100.994 22.5936 227.673 128.045 99.628
internal_count=16879 7280 7232 48 9599 4636 4509 1448 1396 1040 180 3061 1698 1363
is_linear=0
shrinkage=0.02


Tree=129
num_leaves=15
num_cat=0
split_feature=13 0 41 34 30 30 42 9 0 0 1 0 0 12
split_gain=38.8727 16.5628 12.6271 21.6394 12.065 9.37638 8.42777 13.2026 10.9254 8.25464 8.79895 12.1883 15.6112 17.1203
threshold=1.0000000180025095e-35 0.27766698336463874 0.12660256410256412 0.69501860272840033 0.27752640843391424 0.5429864525794984 0.55233124286261204 0.49989500000000009 0.067263661553028362 0.039466630930045571 -0.047919916997994909 1.0000000180025095e-35 -0.11155606375338722 0.7828054428100587
decision_type=2 10 2 2 8 8 2 2 10 10 8 8 10 2
left_child=4 2 5 6 -1 -2 -4 -8 -9 10 11 12 13 -5
right_child=1 -3 3 9 -6 -7 7 8 -10 -11 -12 -13 -14 -15
leaf_value=0.011557241113042151 0.014227042701569466 0.0085560489897961063 -0.0031768397852344477 -0.0037179438674099113 -0.015190767499716389 0.0025956719328392415 -0.020529196377682964 -0.014457787517212144 0.00581521144632969 0.0065401853979904214 -0.0042813432159557871 -0.00074487809466024734 0.022859471203829713 0.027774159312870684
leaf_weight=6.658302064985036 34.096287624910474 106.10921316593885 103.83683636784554 35.346838653087616 77.492730082944036 135.23082941956818 36.302805026993155 19.392925738357008 21.379558570683002 91.992465924471617 129.73854257073253 159.05171388760209 21.823248874396086 7.5326441824436179
leaf_count=46 212 565 1534 276 7162 1737 1270 679 105 448 1352 1184 170 52
internal_value=-4.58236e-05 0.00117256 0.000178477 -0.00113282 -0.0129635 0.00500758 -0.00694589 -0.0119179 -0.00394266 0.00123814 -0.000156214 0.00224405 0.00949091 0.00232116
internal_weight=985.985 901.834 795.725 626.398 84.151 169.327 180.912 77.0753 40.7725 445.485 353.493 223.754 64.7027 42.8795
internal_count=16792 9584 9019 7070 7208 1949 3588 2054 784 3482 3034 1682 498 328
is_linear=0
shrinkage=0.02


Tree=130
num_leaves=15
num_cat=0
split_feature=13 30 32 25 25 43 30 32 1 38 38 23 31 43
split_gain=36.0182 15.3695 14.5711 12.8782 10.1981 7.67453 10.8609 9.78613 7.85739 7.50685 7.22285 8.67011 6.96421 10.17
threshold=1.0000000180025095e-35 0.85671192407608043 42.500000000000007 1.0000000180025095e-35 2.5000000000000004 0.00081196940449316005 0.46003016829490667 124.50000000000001 0.32315231859683996 0.67948717948717963 0.30860805860805868 1.0000000180025095e-35 0.87820512056350719 0.97138217585240205
decision_type=2 8 2 2 2 2 8 2 10 2 2 2 8 2
left_child=1 -1 3 -2 -3 8 -7 12 9 10 11 -4 13 -8
right_child=2 4 5 -5 -6 6 7 -9 -10 -11 -12 -13 -14 -15
leaf_value=0.0039794675735432255 0.0038198702158395519 -0.018618482413920258 -0.0046732774787521768 0.018544093413731002 0.016781398674385824 0.01138042531641929 -0.00027837918877547533 -0.010620164040921811 0.016275352290205818 0.016713459770297812 -0.010248071747232886 0.0064051423516329814 0.0027597910913499803 -0.016497084106868794
leaf_weight=17.427882823161781 195.34650742355734 62.519213859923184 125.52038902230561 26.220470156520605 2.6822903715074053 37.876750806346536 81.917093691416085 29.308207234367728 7.0650429781526318 5.9376631034538141 61.337446490302682 35.44855354167521 287.41006108000875 18.074232810176909
leaf_count=390 1787 6844 1651 123 40 272 1446 402 63 59 790 288 2125 655
internal_value=3.67977e-05 -0.0125256 0.00118813 0.00563784 -0.0169307 -0.000247036 0.00127035 0.000326355 -0.0031714 -0.00384173 -0.00446313 -0.00220911 0.00117971 -0.00334436
internal_weight=994.092 82.6294 911.462 221.567 65.2015 689.895 454.586 416.71 235.309 228.244 222.306 160.969 387.401 99.9913
internal_count=16935 7274 9661 1910 6884 7751 4900 4628 2851 2788 2729 1939 4226 2101
is_linear=0
shrinkage=0.02


Tree=131
num_leaves=15
num_cat=0
split_feature=32 24 10 2 30 40 10 38 34 9 42 7 4 32
split_gain=21.7211 11.731 13.789 11.4801 10.192 9.87456 8.2755 8.43624 15.9343 8.84453 19.0615 15.5822 9.23979 9.74138
threshold=67.500000000000014 1.0000000180025095e-35 1.5000000000000002 1.0000000180025095e-35 0.27300152182579046 0.13188405797101452 24.625000000000004 0.10435571687840291 0.3987179487179488 0.23924699999999857 0.17986813504431529 1.0000000180025095e-35 1.0000000180025095e-35 42.500000000000007
decision_type=2 2 2 2 8 2 2 2 2 2 2 2 2 2
left_child=1 2 -1 4 -2 -5 7 9 -9 10 11 -4 13 -13
right_child=3 -3 6 5 -6 -7 -8 8 -10 -11 -12 12 -14 -15
leaf_value=-0.018808287862843331 0.010200418265702648 0.0057232551457017857 0.022523439470903819 -0.0042912521109209466 -0.0065634709375065716 0.016346142584086561 -0.0034635330854179843 -0.01430182258465309 0.0040796914974201371 0.00098553189676059741 -0.018921563571451982 0.012222296760337705 0.014438362431457944 -0.0086020760011671672
leaf_weight=13.702256089076398 14.500026348978279 240.09296600986272 32.388425787910819 17.472079796716571 256.26823722850531 17.999058485962451 123.32031433377415 29.59518202021718 48.375235096551478 123.84417424630374 8.1355995610356313 13.172354144975541 25.620570359751582 23.567878861911595
leaf_count=1586 111 1345 430 160 6288 144 1628 1061 803 1693 353 252 376 599
internal_value=0.000187919 0.00217487 0.000237618 -0.00422854 -0.00563151 0.00634181 0.000889756 0.00265722 -0.00299012 0.0046039 0.00890798 0.0114702 0.0054646 -0.00100996
internal_weight=988.054 681.815 441.722 306.239 270.768 35.4711 428.02 304.699 77.9704 226.729 102.885 94.7492 62.3608 36.7402
internal_count=16829 10126 8781 6703 6399 304 7195 5567 1864 3703 2010 1657 1227 851
is_linear=0
shrinkage=0.02


Tree=132
num_leaves=15
num_cat=0
split_feature=13 44 0 32 43 0 44 15 11 32 29 37 44 3
split_gain=33.0104 17.4901 15.392 13.4757 11.6383 11.4002 14.0929 13.0522 11.8043 9.94682 9.46616 9.35941 9.10286 8.30649
threshold=1.0000000180025095e-35 0.99011773542116122 0.27766698336463874 94.000000000000014 0.00088104060992618002 -0.10694840468947543 0.0056690111670310087 1.0000000180025095e-35 0.87820512056350719 37.500000000000007 1.0000000180025095e-35 0.03509852216748769 0.10105466353485022 1.0000000180025095e-35
decision_type=2 2 10 2 2 8 2 2 2 2 2 2 2 2
left_child=1 -1 3 4 -2 6 7 -6 9 -7 -3 -4 -10 -14
right_child=2 10 11 -5 5 8 -8 -9 12 -11 -12 -13 13 -15
leaf_value=-0.017885063964429217 -0.0019693091470889728 -0.010517196134278647 -3.3218190396812085e-05 -0.0075274545000891127 -0.019202800951953418 0.013370175147046193 0.0044137962752251814 -0.00012552319937091441 0.011779796112186849 -7.8234692970947013e-06 0.014033587673384963 0.012373007742490496 -0.016081699034275355 0.011168802760292423
leaf_weight=57.219979718793184 285.47102358657867 10.925836624577641 36.302213177084923 78.335601010359824 26.287022513337433 24.954055431298912 64.172743950039148 30.274329382926226 114.42594871297479 154.97487661708146 12.32053630053997 72.682424664497375 8.9842669963836688 7.1760088242590419
leaf_count=6288 3335 800 221 1248 1195 151 958 169 650 1181 148 361 77 66
internal_value=0.000167743 -0.0120266 0.00126522 0.00029475 0.00115899 0.00322958 -0.00197359 -0.00917131 0.00525251 0.00191119 0.00253681 0.00827783 0.00980685 -0.00403535
internal_weight=984.507 80.4664 904.041 795.056 716.72 431.249 120.734 56.5614 310.515 179.929 23.2464 108.985 130.586 16.1603
internal_count=16848 7236 9612 9030 7782 4447 2322 1364 2125 1332 948 582 793 143
is_linear=0
shrinkage=0.02


Tree=133
num_leaves=15
num_cat=0
split_feature=13 43 1 20 18 38 9 8 19 40 11 1 43 33
split_gain=38.5894 9.4582 10.5729 18.5039 8.27687 8.25046 8.14466 7.62381 7.55517 7.01672 6.53897 6.52202 7.34072 7.21312
threshold=1.0000000180025095e-35 0.0028895072070967377 -0.3774509578943252 1.0000000180025095e-35 1.5000000000000002 0.019049346879535561 4.5500000000000007 2.5000000000000004 1.0000000180025095e-35 0.29708431836091415 0.87028658390045177 -0.1771944973990221 0.00090336354885209422 0.9525418275418277
decision_type=2 2 10 2 2 2 2 2 2 2 2 8 2 2
left_child=9 10 3 4 -3 -4 8 -8 -7 -1 -2 12 13 -12
right_child=1 2 5 -5 -6 6 7 -9 -10 -11 11 -13 -14 -15
leaf_value=-0.017693959079116212 0.00054109312782948873 -0.0045833568679108398 0.010336827899064555 0.020131644466844154 0.021567201148625696 4.2621280753988394e-05 0.018835180740103399 0.0030140718112325643 -0.019720485598836816 -0.004210478433721741 -0.0061133792761151841 -0.0073357011456915032 0.0086201755488562442 0.013266843722487348
leaf_weight=56.417048923671246 353.08309485949576 122.60673307906836 93.235125605016947 13.676613742485641 4.0588557049632064 46.02228482440114 15.722345553338526 46.801715344190598 8.3000579178333265 22.15672705322504 58.431974731385708 106.46522377617657 26.457867443561554 7.8682910054922095
leaf_count=6032 3518 2207 482 89 26 312 90 280 53 1245 484 1780 191 75
internal_value=-0.000640722 0.000535615 0.00310103 -0.0011459 -0.00358302 0.00593013 0.00235602 0.00722634 -0.00327892 -0.0139925 -0.00109474 -0.00398214 -9.58246e-05 -0.00365045
internal_weight=981.304 902.73 350.424 140.342 126.666 210.082 116.846 62.5241 54.3223 78.5738 552.306 199.223 92.7581 66.3003
internal_count=16864 9587 3539 2322 2233 1217 735 370 365 7277 6048 2530 750 559
is_linear=0
shrinkage=0.02


Tree=134
num_leaves=15
num_cat=0
split_feature=13 0 43 17 34 44 37 33 44 24 12 32 41 44
split_gain=35.926 13.9019 15.1595 15.6767 10.741 9.64381 9.36606 9.32925 9.11243 9.91171 9.00619 8.56348 11.5747 7.05412
threshold=1.0000000180025095e-35 0.097934105055353285 0.99793563741437052 1.0000000180025095e-35 0.90974832915622394 0.89185316293149786 0.15075757575757578 0.73827838827838843 0.94876020125090255 2.5000000000000004 0.72398191690444957 74.500000000000014 0.096464019851116647 0.0073818494725669754
decision_type=2 8 2 2 2 2 2 2 2 2 2 2 2 2
left_child=8 4 3 6 13 -5 11 10 9 -1 -6 -3 -13 -2
right_child=1 2 -4 5 7 -7 -8 -9 -10 -11 -12 12 -14 -15
leaf_value=-0.019784479234860718 -0.006115019302634566 0.0022229893468733125 0.011738671167181941 0.009273089860712392 -0.011690518972935096 -0.013098641963626818 -0.0097902200378722475 0.013555012024753123 -0.0030063042867705288 0.014467105975891468 0.011684316935946182 0.021366994733753961 -0.009738899815731469 -0.00021744572846640601
leaf_weight=50.321081811562181 171.30837044492364 250.43172674626112 68.941220916807652 115.40221583098173 15.939628269523384 7.3935082107782355 37.378518061712384 29.758543493226171 25.322487567551434 2.9189383648335925 9.8287756256759149 4.3774182349443427 46.501081792637706 153.44645933713764
leaf_count=6118 3488 1645 358 514 126 44 385 231 1098 44 60 35 620 2148
internal_value=-0.000155166 0.000969765 0.00305963 0.00174049 -0.00194561 0.00783116 -0.000484305 0.00611082 -0.0130438 -0.0176745 -0.00267129 0.00069869 -0.00670237 -0.00333764
internal_weight=989.27 910.707 530.426 461.484 380.282 122.796 338.689 55.5269 78.5625 53.24 25.7684 301.31 50.8785 324.755
internal_count=16914 9654 3601 3243 6053 558 2685 417 7260 6162 186 2300 655 5636
is_linear=0
shrinkage=0.02


Tree=135
num_leaves=15
num_cat=0
split_feature=13 0 40 32 40 41 32 32 34 33 33 10 33 40
split_gain=37.1862 16.7422 16.21 11.7363 11.0023 10.3833 11.4334 8.7908 8.35553 8.28871 8.06208 10.4189 8.00748 7.94909
threshold=1.0000000180025095e-35 0.067263661553028362 0.11651583710407241 35.500000000000007 0.29708431836091415 0.31009615384615391 70.500000000000014 39.500000000000007 0.81440092165898637 0.13119877049180331 0.64521578029642557 124.95000000000002 0.20037878787878791 0.14724480578139118
decision_type=2 10 2 2 2 2 2 2 2 2 2 2 2 2
left_child=4 3 12 10 -1 9 8 -6 -7 -5 -2 -12 -3 -11
right_child=1 2 -4 5 7 6 -8 -9 -10 13 11 -13 -14 -15
leaf_value=-0.017848356202266422 -0.00076630073572182486 0.035152197909464895 0.002907440829082559 -0.010792023008470432 0.019725918600720399 -0.0075176373483683305 -0.011637177923034344 -0.0079098601829160099 0.0013167076860449124 -0.0020703094208423616 0.016369704631661916 -0.01016640104782683 0.011737917776375211 0.0046546507572512242
leaf_weight=53.612246121279895 31.021908639930189 5.9798254743218413 205.92183770239353 20.781534915789962 5.0403028074651983 65.37720126286149 63.049156482331455 18.407702786382288 120.02109476737678 115.56206885818392 37.87686606682837 6.2829402163624755 56.183669455349445 176.7317797858268
leaf_count=5923 424 31 1140 530 240 1300 1435 1055 741 1256 281 37 278 2155
internal_value=0.000318258 0.00145939 0.00564203 -0.0003078 -0.0129272 -0.00130503 -0.00434962 -0.0014055 -0.00182218 0.00111723 0.00705974 0.0124527 0.0145111 0.00199786
internal_weight=981.85 904.79 268.085 636.705 77.0603 561.523 248.447 23.448 185.398 313.075 75.1817 44.1598 62.1635 292.294
internal_count=16826 9608 1449 8159 7218 7417 3476 1295 2041 3941 742 318 309 3411
is_linear=0
shrinkage=0.02


Tree=136
num_leaves=15
num_cat=0
split_feature=13 0 44 44 41 34 44 29 9 44 41 10 36 10
split_gain=27.088 18.3585 17.3305 12.4848 12.1002 16.4794 10.2677 9.17171 8.50724 7.72978 7.7257 7.47093 8.5176 7.42254
threshold=1.0000000180025095e-35 0.23529411107301715 0.94876020125090255 0.89185316293149786 0.12660256410256412 0.69501860272840033 0.10105466353485022 1.0000000180025095e-35 0.37075475000000008 0.0014321874361862489 0.33012820512820518 2.2250000000000005 0.049752475247524762 150.25000000000003
decision_type=2 10 2 2 2 2 2 2 2 2 2 2 2 2
left_child=2 4 -1 8 11 9 13 -4 -3 -6 -8 -2 -13 -7
right_child=1 3 7 -5 5 6 10 -9 -10 -11 -12 12 -14 -15
leaf_value=-0.018328895440013333 0.018140994945039238 -0.003424119772213974 -0.010298461361812708 -0.0006417156013472675 -0.011622848409402602 0.0021105316666225667 -0.0017461942309569913 0.012601616007965626 0.014364931542247071 -0.0030153531382609861 -0.015321942240524647 0.021361963931423061 0.0016233864053262215 -0.010202274592493369
leaf_weight=51.377089590299875 12.977686583995817 12.148777469992636 12.55958195310086 50.323527857661247 81.961949968710542 350.30975921265781 45.466915408149362 13.471592012792826 74.215211994946003 85.889166077598929 25.846924597397447 8.3254695609211904 144.86501044500619 19.755047291517258
leaf_count=6187 199 77 946 315 2092 2617 457 166 341 1401 259 59 1697 155
internal_value=-0.000418231 0.00055092 -0.0116989 0.007281 -0.000643313 -0.00194851 8.41234e-05 0.00158049 0.011852 -0.00726235 -0.00681042 0.00412504 0.00282771 0.00142752
internal_weight=989.494 912.085 77.4083 136.688 775.398 609.23 441.379 26.0312 86.364 167.851 71.3138 166.168 153.19 370.065
internal_count=16968 9669 7299 733 8936 6981 3488 1112 418 3493 716 1955 1756 2772
is_linear=0
shrinkage=0.02


Tree=137
num_leaves=15
num_cat=0
split_feature=13 0 32 1 7 44 24 37 43 32 24 44 41 1
split_gain=29.0802 16.8807 13.0595 13.2135 11.8772 10.5879 13.5275 10.1368 8.98078 8.66651 8.4006 14.2944 9.27229 9.59427
threshold=1.0000000180025095e-35 0.071644037961959853 80.500000000000014 0.27828054130077368 4.5000000000000009 0.94876020125090255 2.5000000000000004 0.10724554341575619 0.99377723476586211 50.500000000000007 2.5000000000000004 0.85118042413256967 0.1526806526806527 -0.50263953208923329
decision_type=2 10 2 10 2 2 2 2 2 2 2 2 2 10
left_child=5 2 7 -4 -5 6 -1 10 -3 -8 12 -12 13 -2
right_child=1 8 3 4 -6 -7 9 -9 -10 -11 11 -13 -14 -15
leaf_value=-0.019755419915424774 -0.0005499614367052507 0.0034697032639164995 -0.0097499812224168189 -0.0074639550660611891 0.036310405722137465 -0.0014154282577567626 0.043457685485025488 -0.0048375310280767345 0.013513369105546007 -0.012335917316058598 0.011171679139179706 -0.016062237465298137 -0.0018010647604179385 0.010601511390268421
leaf_weight=47.763500845991075 62.395753789693117 220.67146951705217 91.218778355047107 4.3226951286196691 4.0443838573992252 25.869038960896432 1.4716959819197648 118.27695353515446 41.794522263109684 1.3972360081970689 63.269650826230645 7.8693113625049582 237.88925036881119 59.881120499223471
leaf_count=6114 1190 1214 1919 47 34 1090 17 1343 197 27 326 71 2997 364
internal_value=-0.000154632 0.000844348 -0.000887235 -0.00751295 0.0153127 -0.0119163 -0.0171501 0.000324828 0.00511426 0.0201198 0.00174842 0.0079782 0.000499249 0.00495281
internal_weight=988.135 911.634 649.168 99.5859 8.36708 76.5015 50.6324 549.582 262.466 2.86893 431.305 71.139 360.166 122.277
internal_count=16950 9702 8291 2000 81 7248 6158 6291 1411 44 4948 397 4551 1554
is_linear=0
shrinkage=0.02


Tree=138
num_leaves=15
num_cat=0
split_feature=32 30 24 44 31 44 7 33 38 17 30 38 43 43
split_gain=18.1788 12.1891 17.3038 21.4427 9.87122 10.2685 9.21501 16.0896 9.5307 9.21327 9.90878 9.42461 9.09999 8.47172
threshold=80.500000000000014 0.53657618165016185 1.0000000180025095e-35 0.52192610077836099 0.34238311648368841 0.71582374483794953 3.5000000000000004 0.63858403912680439 0.075498575498575513 1.0000000180025095e-35 0.27300152182579046 0.30860805860805868 0.00078215371857102772 0.19308475435187575
decision_type=2 8 2 2 8 2 2 2 2 2 8 2 2 2
left_child=1 12 4 -4 5 -3 7 -6 -9 10 -2 -11 -1 -8
right_child=9 2 3 -5 6 -7 13 8 -10 11 -12 -13 -14 -15
leaf_value=0.0011305821762937313 0.014444102583280603 -0.018333579439029867 0.0064036165508150238 -0.013381303682085786 -0.0010787023226684828 -0.002639071025201356 -0.0083364067632213934 0.017513187049668706 -0.0025662253248157998 0.0057979091657358464 -0.0099735333710937093 -0.012788493783955981 0.012111955353905243 0.00065742710725943108
leaf_weight=54.367353642359376 6.1869668439030638 26.887486049439758 230.11748316045851 23.270384170114994 140.96173444204032 42.492046448402107 87.959654179401696 34.941222550347447 12.514713831711559 42.333966210484505 116.19447667244822 13.592381358146666 67.498868201859295 78.924028710462153
leaf_count=386 53 2350 1275 214 3466 836 1567 460 208 229 3962 75 509 1410
internal_value=0.000177262 0.00146577 0.00041488 0.00454117 -0.00205198 -0.00889543 -0.000694442 0.00233151 0.0122743 -0.00557924 -0.00863204 0.00113536 0.00726198 -0.00410439
internal_weight=978.243 799.935 678.069 253.388 424.681 69.3795 355.301 188.418 47.4559 178.308 122.381 55.9263 121.866 166.884
internal_count=17000 12681 11786 1489 10297 3186 7111 4134 668 4319 4015 304 895 2977
is_linear=0
shrinkage=0.02


Tree=139
num_leaves=15
num_cat=0
split_feature=13 30 24 1 35 30 43 24 17 1 30 6 34 40
split_gain=25.6633 13.6939 10.7608 8.73917 13.7203 9.70402 10.0347 8.80826 9.86413 7.96379 6.47662 5.57701 9.01073 6.65635
threshold=1.0000000180025095e-35 0.81598794460296642 2.5000000000000004 -0.27441651264869055 0.45066075465136507 0.32277527451515203 0.00058247974209411663 2.5000000000000004 1.0000000180025095e-35 0.024132743477821354 0.22473604977130893 196.12500000000003 0.99842767295597501 0.39696969696969703
decision_type=2 8 2 8 2 8 2 2 2 8 10 2 2 2
left_child=1 -1 -3 4 -2 6 10 8 -7 -10 -5 -6 13 -13
right_child=3 2 -4 5 11 7 -8 -9 9 -11 -12 12 -14 -15
leaf_value=0.0048975067659800626 -0.014410352745947113 -0.017734553904500572 0.016025129205936003 -0.022454631756032989 0.0071290197697569113 -0.0034289079009637582 0.010837942882724784 0.0060092832033449015 -0.0024094134909242249 0.0073964643209064431 0.0083888274184332739 -0.0074800308359270241 0.013201406144490642 0.019124710851598243
leaf_weight=16.024442382156849 14.092475255951284 56.250433145090938 3.2862685620784751 5.851949652656911 166.94970644824207 420.34812007285655 50.072536874562502 61.117566499859095 61.384532649070024 70.021278530359268 3.8258693031966686 37.532217497006059 13.768423181027172 3.2105869054794303
leaf_count=340 135 6925 50 36 1154 6365 331 392 318 401 26 347 100 30
internal_value=-0.000154851 -0.0112752 -0.0156372 0.000781761 0.00408828 -0.000380538 0.00724517 -0.00113458 -0.00193534 0.00283217 -0.0106178 0.00532491 -0.000229358 -0.00497561
internal_weight=983.736 75.5611 59.5367 908.175 235.553 672.622 59.7504 612.871 551.754 131.406 9.67782 221.461 54.5112 40.7428
internal_count=16950 7315 6975 9635 1766 7869 393 7476 7084 719 62 1631 477 377
is_linear=0
shrinkage=0.02


Tree=140
num_leaves=15
num_cat=0
split_feature=13 0 44 30 15 44 36 41 35 44 30 44 31 33
split_gain=26.79 17.8654 19.2843 15.5172 12.8853 11.0933 9.83348 8.36077 8.09184 7.63975 9.28576 7.6563 12.5798 14.5703
threshold=1.0000000180025095e-35 -0.10694840468947543 0.0034247336279613684 0.14027149975299838 1.0000000180025095e-35 0.94876020125090255 0.94604989604989609 0.12060606060606062 0.64146178768820283 0.99771431557777379 0.37556561827659612 0.89185316293149786 0.084464557468891158 0.47344924812030081
decision_type=2 8 2 10 2 2 2 2 2 2 8 2 10 2
left_child=3 2 4 -1 -2 -5 9 -4 -8 10 -3 -12 -13 -14
right_child=1 6 7 5 -6 -7 8 -9 -10 -11 11 12 13 -15
leaf_value=-0.016710877438977832 -0.019604686608026702 0.010646363158149612 0.00643876152479699 -0.017156741680932439 -0.0036990850076550879 0.014707703441033365 0.022237074636960816 -0.0037280536647882672 0.0052466160795204813 -0.0064726917341600574 0.0025804923911724241 -0.014151604512425267 -0.0099522429469702071 0.010159079850940214
leaf_weight=55.992695662658662 40.717219318263233 47.961655933409929 54.996254336088896 5.5438343179412213 40.94015721604228 12.325572077184914 15.715213298797606 75.650765478610992 36.88020402379334 41.591266579926014 458.4338793028146 29.869096331298351 24.000495122745633 33.051803335547447
leaf_count=6582 2182 321 706 537 310 162 98 1175 249 320 3492 297 222 275
internal_value=-0.000107748 0.000847751 -0.00421091 -0.0116037 -0.0117714 0.00443669 0.00241374 0.000568098 0.0106435 0.00171633 0.0023003 0.00154815 -0.00386394 0.00167304
internal_weight=973.67 899.808 212.304 73.8621 81.6574 17.8694 687.504 130.647 52.5954 634.908 593.317 545.355 86.9214 57.0523
internal_count=16928 9647 4373 7281 2492 699 5274 1881 347 4927 4607 4286 794 497
is_linear=0
shrinkage=0.02


Tree=141
num_leaves=15
num_cat=0
split_feature=13 32 30 25 40 40 43 40 30 32 40 40 6 33
split_gain=27.5162 16.6674 10.5733 12.2261 8.85016 8.84626 14.4224 10.6404 20.3184 7.52536 6.79119 6.75986 6.56227 6.42218
threshold=1.0000000180025095e-35 53.500000000000007 0.63084465265274059 2.5000000000000004 0.028782894736842108 0.13423423423423428 0.019490522383576861 0.3066239316239317 0.27300152182579046 52.500000000000007 0.48611111111111116 0.44097222222222227 251.27500000000003 0.38485427615862405
decision_type=2 2 8 2 2 2 2 2 8 2 2 2 2 2
left_child=2 12 11 -4 -3 -6 7 8 -7 -5 -8 -1 -2 -10
right_child=1 4 3 9 5 6 10 -9 13 -11 -12 -13 -14 -15
leaf_value=0.013677664409653369 0.0042668681913230009 0.0073492630646905342 -0.017488904167641588 0.040510863563135317 -0.0077559231885546706 0.027640911840115412 0.0054422114825043843 -0.0083251698847721708 -0.0086646643680988837 -0.011887266500811206 0.036206267431281719 -0.015936435736496387 -0.0045514822022237672 0.0007194753514886764
leaf_weight=8.7747616674751026 403.03769089933485 37.173443336971104 57.294838702771813 1.5887115933001035 103.88109970744699 8.9688044898211938 69.325314538553357 100.61055764276534 39.291471977718174 1.2827615253627298 2.0449734861031166 3.5516232661902896 36.023162191733718 105.21562514360994
leaf_count=143 3691 372 6979 19 1254 66 820 1287 632 25 26 37 259 1270
internal_value=-0.000212606 0.000741765 -0.0119824 -0.015397 -0.00188873 -0.0027038 -0.00107242 -0.00330504 1.84772e-05 0.020079 0.00681181 0.00458934 0.00353466 -0.00187408
internal_weight=978.065 905.572 72.4927 60.1663 466.511 429.338 325.457 254.086 153.476 2.87147 71.3703 12.3264 439.061 144.507
internal_count=16880 9677 7203 7023 5727 5355 4101 3255 1968 44 846 180 3950 1902
is_linear=0
shrinkage=0.02


Tree=142
num_leaves=15
num_cat=0
split_feature=32 17 30 43 37 12 32 43 44 26 40 35 7 44
split_gain=19.4411 9.97087 10.394 11.556 10.3885 9.66099 11.8793 9.59633 8.00787 7.7203 6.44969 6.11226 9.14893 9.04075
threshold=42.500000000000007 1.0000000180025095e-35 0.27752640843391424 0.0007009199705875585 0.23885918003565065 0.87820512056350719 115.50000000000001 0.032052538125117443 0.85118042413256967 1.0000000180025095e-35 0.24568965517241384 0.61237244897959198 3.5000000000000004 0.99743650985409549
decision_type=2 2 8 2 2 2 2 2 2 2 2 2 2 2
left_child=9 2 3 -2 8 6 11 -7 -3 -1 -6 -4 13 -13
right_child=1 4 5 -5 10 7 -8 -9 -10 -11 -12 12 -14 -15
leaf_value=0.0044344072906428271 -0.0094357294713763723 0.0065192627069902385 -0.005803303830326941 0.014014139061973971 -0.0016940930899654036 -0.0045581632484888498 -0.017164761235227814 0.016340627546734116 -0.010654482299723855 0.023072166361915062 -0.023432480279484306 0.0011085792271651989 -0.0034814527213788116 0.018529888142250889
leaf_weight=223.05865067243576 11.080062802881001 126.56742549687624 218.50565161556005 27.669189689680934 16.657467428594831 15.558667253237216 25.279933040495962 18.211417463142425 10.975009400397537 8.3415812551975232 7.2498911172151557 54.423012440092862 196.199264081195 14.307737339287995
leaf_count=3042 78 656 7025 182 93 197 1106 144 87 39 34 981 3120 153
internal_value=0.000153598 -0.00142443 -0.00264525 0.00724013 0.00295986 -0.00336337 -0.00405402 0.00685789 0.00508189 0.00520265 -0.00896236 -0.00333441 -0.00128398 0.00494891
internal_weight=974.085 742.685 581.235 38.7493 161.45 542.486 508.716 33.7701 137.542 231.4 23.9074 483.436 264.93 68.7307
internal_count=16937 13856 12986 260 870 12726 12385 341 743 3081 127 11279 4254 1134
is_linear=0
shrinkage=0.02


Tree=143
num_leaves=15
num_cat=0
split_feature=24 44 2 44 31 7 32 19 31 38 33 36 35 44
split_gain=14.8303 19.4064 12.4693 14.0618 25.068 12.8263 11.2001 7.90418 7.22063 10.2001 8.02618 12.8909 7.76983 7.09814
threshold=1.0000000180025095e-35 0.98550159624748968 1.5000000000000002 0.0029448583185351547 0.62443441152572643 3.5000000000000004 47.500000000000007 84.375000000000014 0.59125190973281871 0.10582306830907055 0.43714080459770122 0.73453443877551028 0.25791424564215593 0.0043566387566532179
decision_type=2 2 2 2 8 2 2 2 8 2 2 2 2 2
left_child=2 6 3 4 -1 -6 7 -2 9 10 -5 12 -12 -10
right_child=1 -3 -4 8 5 -7 -8 -9 13 -11 11 -13 -14 -15
leaf_value=-0.017394640650974208 0.010112747600052603 -0.013382433510188708 0.01434605593512611 -0.00035927327926646012 0.0022814823846189413 -0.0071297122441611573 0.001220534214737615 -0.011023468996425175 0.011245896556030959 -0.0082073742886851087 -0.013657561162804676 -0.0064921245842700648 0.014705194809578517 -0.0041804530959939079
leaf_weight=59.318615304771811 118.77205357328057 26.00957652926445 16.640494528692216 61.840109027456492 104.5136304050684 127.90332425292581 190.81089007295668 6.7207938134670249 12.028470755089073 26.541252079419792 3.3531338218599549 16.232200695667416 62.220359703525901 145.91047143237665
leaf_count=4892 594 261 130 1021 2349 2242 1410 36 157 621 104 302 772 2097
internal_value=-0.000442538 0.00290922 -0.00224686 -0.00271469 -0.00590136 -0.00290603 0.00428683 0.0089026 0.000127876 0.00297758 0.00508666 0.00915808 0.0130715 -0.00294223
internal_weight=978.815 342.313 636.502 619.862 291.736 232.417 316.304 125.493 328.126 170.187 143.646 81.8057 65.5735 157.939
internal_count=16988 2301 14687 14557 9483 4591 2040 630 5074 2820 2199 1178 876 2254
is_linear=0
shrinkage=0.02


Tree=144
num_leaves=15
num_cat=0
split_feature=10 1 43 17 44 20 9 9 36 18 22 36 12 6
split_gain=15.4061 8.45232 12.6099 10.8098 22.7051 20.6328 10.7525 7.92975 7.25348 7.03181 6.92846 6.72109 7.77759 6.79614
threshold=1.5000000000000002 0.67345401644706737 0.0008241552530034046 1.0000000180025095e-35 0.0073818494725669754 1.0000000180025095e-35 1.0000000180025095e-35 0.49989500000000009 0.74249924992499261 2.5000000000000004 1.0000000180025095e-35 0.710655314757482 0.53657618165016185 142.62500000000003
decision_type=2 8 2 2 2 2 2 2 2 2 2 2 2 2
left_child=-1 2 -2 4 5 10 8 -7 11 -4 -3 13 -13 -6
right_child=1 3 9 -5 6 7 -8 -9 -10 -11 -12 12 -14 -15
leaf_value=-0.016104878210289778 -0.002124872213634658 -0.016980286766990892 0.0032801606825341861 0.0064477458621355144 0.0070547636020152314 -0.0095487299460741675 -0.005548342417135279 0.019174914988320853 -0.0071871848121219419 0.017546318921441185 -0.001888878645679351 0.048889774751773654 -0.0047199734162734893 -0.013834077348100601
leaf_weight=22.748568827752024 226.26420529745519 77.321158756036311 366.45282229408622 46.741114189848304 80.557596672326326 5.0372794698923817 68.127734027337283 10.466235458850859 16.830518656410277 13.437865819782017 14.725489389151333 2.061448675114661 1.4236553050577638 5.8258777465671292
leaf_count=2862 1967 6077 2402 286 1080 62 1245 67 430 86 107 32 27 109
internal_value=-0.000196911 0.000206805 0.00160705 -0.00236916 -0.0038462 -0.0110309 0.000611273 0.00982916 0.00455921 0.00382954 -0.0146122 0.00681395 0.0308207 0.00550378
internal_weight=958.022 935.273 606.155 329.118 282.377 107.55 174.827 15.5035 106.699 379.891 92.0466 89.8686 3.4851 86.3835
internal_count=16839 13977 4455 9522 9236 6313 2923 129 1678 2488 6184 1248 59 1189
is_linear=0
shrinkage=0.02


Tree=145
num_leaves=15
num_cat=0
split_feature=13 30 24 1 2 30 10 1 33 1 1 42 17 11
split_gain=23.6803 11.8598 13.9098 6.72846 7.55445 8.20483 7.44113 7.06676 6.638 6.5648 6.65697 6.36207 6.24961 6.38754
threshold=1.0000000180025095e-35 0.93363499641418468 2.5000000000000004 -0.21792636116398972 1.0000000180025095e-35 0.53657618165016185 71.050000000000011 -0.3346011850955945 0.32772752967778412 0.34503970904456999 0.17571642994880679 0.0012852558414651451 1.0000000180025095e-35 0.51734542846679699
decision_type=2 8 2 8 2 8 2 10 2 10 10 2 2 2
left_child=1 -1 -3 7 5 11 9 8 -2 10 12 -5 -7 -14
right_child=3 2 -4 4 -6 6 -8 -9 -10 -11 -12 -13 13 -15
leaf_value=0.0028205190400125654 -0.01205843131478255 -0.018198451922150864 0.023529484992277427 -0.0075480325223544389 0.0060013032408298139 -0.0026300444401173646 -0.0087400900634414455 0.0078153032813858218 0.0022247548463303619 0.011194396730566556 -0.012353648407105689 0.0061365503052415527 -0.014267486096605983 0.0049062983874059119
leaf_weight=18.113594873342663 13.04842967353761 50.028028088156134 2.5686957463622084 15.189392704516647 67.560902299359441 262.03706683032215 59.300281900912523 96.575762847438455 177.21892471425235 15.429683450609444 21.188201993703842 87.092307494953275 6.5927037671208373 85.644668322056532
leaf_count=508 87 6735 38 96 389 4901 705 666 1377 113 168 680 44 487
internal_value=3.73249e-05 -0.011027 -0.0157596 0.00091122 -0.000261497 -0.00103682 -0.00219915 0.00343825 0.0011873 -0.00118708 -0.00172428 0.00405091 -0.00105559 0.00339752
internal_weight=977.589 70.7103 52.5967 906.878 620.035 552.474 450.193 286.843 190.267 390.892 375.463 102.282 354.274 92.2374
internal_count=16994 7281 6773 9713 7583 7194 6418 2130 1464 5713 5600 776 5432 531
is_linear=0
shrinkage=0.02


Tree=146
num_leaves=15
num_cat=0
split_feature=0 32 44 9 42 37 36 37 35 30 4 2 32 10
split_gain=23.6684 15.4425 13.2019 17.3281 14.5784 12.9269 11.2653 9.78001 9.45508 9.47464 7.97407 7.65052 7.38811 8.84621
threshold=0.02187028527259827 74.500000000000014 0.85118042413256967 0.49989500000000009 0.17986813504431529 0.23303167420814483 0.51269956458635713 0.10724554341575619 0.64767316017316034 0.38914027810096746 1.0000000180025095e-35 1.0000000180025095e-35 42.500000000000007 8.0500000000000025
decision_type=10 2 2 2 2 2 2 2 2 10 2 2 2 2
left_child=1 7 3 4 -2 -5 8 -1 -4 -10 -9 -3 -7 -14
right_child=2 11 6 5 -6 12 -8 10 9 -11 -12 -13 13 -15
leaf_value=0.00050834667363577586 0.0064844387934827538 -0.010124553870825835 -0.0020177812673783267 0.011783959796376876 -0.02145911802857145 0.011480080961855512 -0.011103706169802899 -0.018171146577369506 0.0042624544323198238 0.033584823434058053 -0.0036866666494210711 0.0026246592119029601 0.016072329273980394 -0.013418516856375601
leaf_weight=419.16640489827842 14.442956894636156 123.24261436285451 44.826842416077852 149.43972051143646 13.717518435791133 10.625753507018088 33.362375780940056 17.824061419814825 13.340639092028143 5.8561149984598151 83.532762566581368 21.763490953948349 4.1671276763081577 19.73883718252182
leaf_count=8193 77 4822 288 725 155 50 241 1136 87 36 852 238 20 91
internal_value=-0.000333566 -0.0024579 0.00422741 0.00701592 -0.00739652 0.0092501 -0.00185627 -0.000843891 0.00305918 0.0144275 -0.00638647 -0.0082062 -0.0017385 -0.00783895
internal_weight=975.047 665.529 309.518 212.132 28.1605 183.971 97.386 520.523 64.0236 19.1968 101.357 145.006 34.5317 23.906
internal_count=17011 15241 1770 1118 232 886 652 10181 411 123 1988 5060 161 111
is_linear=0
shrinkage=0.02


Tree=147
num_leaves=15
num_cat=0
split_feature=13 24 41 9 42 20 34 29 34 40 34 1 43 43
split_gain=27.246 10.3817 9.00898 8.62961 35.1409 8.86025 8.52969 7.76421 6.0589 5.94468 7.70774 9.51868 13.0428 8.68774
threshold=1.0000000180025095e-35 2.5000000000000004 0.1526806526806527 0.49989500000000009 0.55233124286261204 1.0000000180025095e-35 0.79502625888168066 1.0000000180025095e-35 0.32819299905392624 0.54700854700854717 0.45968489341983326 -0.053167402744293206 0.0047839939702771818 0.0025810514781377386
decision_type=2 2 2 2 2 2 2 2 2 2 2 8 2 2
left_child=1 7 9 4 8 -5 -7 -1 -4 10 11 -2 -13 -12
right_child=2 -3 3 5 -6 6 -8 -9 -10 -11 13 12 -14 -15
leaf_value=-0.017453326177684459 0.02790479930322548 0.021534956343262836 0.004385313419599102 9.3483015208600844e-05 -0.020888939109827215 0.015423628180454346 0.00073288456645731156 -0.0024512883554840183 -0.013339562193144579 -0.0052398004176128143 -0.0029571761369226422 0.012906792025194389 -0.0075006001604953423 0.0069786566273057913
leaf_weight=48.706818510312587 10.155971482396124 2.7340724207460871 71.905690565705299 487.81001736223698 36.655512905679643 30.503261065110564 31.944278506562114 19.607027631253004 7.652251715771853 21.973883342929184 60.507767461240292 46.484575432725251 16.268197706900537 81.725114797241986
leaf_count=6590 65 41 892 4497 1259 184 180 709 99 226 627 468 325 799
internal_value=0.000210629 -0.0116263 0.00115318 -3.97804e-05 -0.00496775 0.00100812 0.00803875 -0.013245 0.00253603 0.00449235 0.00550601 0.0107519 0.00758166 0.00276068
internal_weight=974.634 71.0479 903.587 666.471 116.213 550.258 62.4475 68.3138 79.5579 237.116 215.142 72.9087 62.7528 142.233
internal_count=16961 7340 9621 7111 2250 4861 364 7299 991 2510 2284 858 793 1426
is_linear=0
shrinkage=0.02


Tree=148
num_leaves=15
num_cat=0
split_feature=13 0 43 30 11 32 30 43 1 1 43 35 32 35
split_gain=23.5328 12.3024 12.8448 12.168 12.0097 11.904 10.7068 10.2116 10.0012 8.79149 13.9425 9.6197 12.2342 8.40709
threshold=1.0000000180025095e-35 -0.087830634280955347 0.99806507789733023 0.85671192407608043 0.87820512056350719 36.500000000000007 0.27752640843391424 0.0006810382325079451 0.15874809026718142 -0.36651585996150965 0.75928880338049354 0.17694497153700192 64.500000000000014 0.14134615384615387
decision_type=2 8 2 8 2 2 8 2 10 10 2 2 2 2
left_child=3 9 5 -1 8 -3 7 -7 -4 10 11 12 13 -2
right_child=1 2 4 -5 -6 6 -8 -9 -10 -11 -12 -13 -14 -15
leaf_value=0.0034731971238032987 0.0046928743349305595 0.0077128950243829375 -0.0026120736116938704 -0.016075683910379248 0.017289886079807384 -0.0051321804778302269 -0.00095719521814098985 0.018309457277881195 0.021968448070251327 0.0015664656664702813 -0.019584870090249739 -0.0051172789288641473 -0.015193923564381207 0.052588591111060387
leaf_weight=16.362992355599999 2.8735835338011366 88.824602806940675 35.084661385044456 51.889230110682547 39.034718714654446 10.482889847829936 473.2778826309368 21.814556695520878 7.1182081922888747 86.025697581470013 25.608535611070693 99.776202995330095 2.6404188573360443 2.5352030405774713
leaf_count=382 71 541 258 6885 216 68 3870 133 38 679 1098 2467 97 76
internal_value=-0.000173946 0.000694323 0.00203049 -0.0114065 0.00943953 0.00100373 -0.000187902 0.0107753 0.00194637 -0.00340981 -0.00660583 -0.00337166 0.0164409 0.0318453
internal_weight=963.349 895.097 675.638 68.2522 81.2376 594.4 505.575 32.2974 42.2029 219.46 133.434 107.825 8.04921 5.40879
internal_count=16879 9612 5124 7267 512 4612 4071 201 296 4488 3809 2711 244 147
is_linear=0
shrinkage=0.02


Tree=149
num_leaves=15
num_cat=0
split_feature=13 44 24 34 35 43 31 43 1 11 35 37 36 1
split_gain=17.831 13.3774 16.5997 10.0473 8.62127 7.38154 12.0436 13.6019 9.04668 11.1479 5.99851 5.98498 5.88017 10.5815
threshold=1.0000000180025095e-35 0.94876020125090255 2.5000000000000004 0.23760245901639346 0.26118496283590625 0.0036670519035380904 0.87820512056350719 0.95938849276378135 0.26769750256763331 0.7828054428100587 0.64767316017316034 0.07362240289069559 0.74249924992499261 -0.41543822031626904
decision_type=2 2 2 2 2 2 8 2 10 2 2 2 2 8
left_child=1 2 -1 4 -3 12 7 -7 9 10 -8 -10 -2 -14
right_child=5 3 -4 -5 -6 6 8 -9 11 -11 -12 -13 13 -15
leaf_value=-0.019665366134741062 0.00062169743888200468 -0.0060185402282660087 0.023933726530629279 -0.0037636246260952227 0.048009056759315771 0.0028284862721781831 -0.0099520801966611356 -0.016021686267358611 0.022681396022648098 0.0062529683843901684 0.0019820569414839332 0.0022460942037159388 0.0046556062664528343 -0.0071213292057283641
leaf_weight=40.809092327021062 413.81404752098024 1.5758398538455396 2.9735667258501044 19.621595500968397 2.1309887720271945 37.413428762927651 28.898267142474651 24.63696066942066 16.82112201303244 182.88305198960006 37.978097055107355 8.8030342534184438 41.017504027113318 112.00550333689898
leaf_count=6105 4266 101 44 912 77 580 271 891 86 1214 321 45 323 1664
internal_value=3.34451e-05 -0.00983522 -0.0162359 0.0023512 0.028642 0.00077591 0.00311332 -0.00479133 0.00490531 0.00370683 -0.00324551 0.016009 -0.000618564 -0.00395481
internal_weight=971.382 67.1111 43.7827 23.3284 3.70683 904.271 337.434 62.0504 275.384 249.759 66.8764 25.6242 566.837 153.023
internal_count=16900 7239 6149 1090 178 9661 3408 1471 1937 1806 592 131 6253 1987
is_linear=0
shrinkage=0.02


Tree=150
num_leaves=15
num_cat=0
split_feature=13 25 32 32 40 40 38 19 35 10 10 37 35 42
split_gain=21.4391 10.8497 10.8828 10.4092 10.3043 10.0405 9.3944 8.90145 8.52378 14.4813 10.3331 10.247 8.10768 8.6629
threshold=1.0000000180025095e-35 2.5000000000000004 49.500000000000007 41.500000000000007 0.27149877149877155 0.31698564593301443 0.44949494949494956 79.15000000000002 0.91445993031358896 72.125000000000014 60.050000000000004 0.049590163934426237 0.23097601323407776 0.0016697233150067181
decision_type=2 2 2 2 2 2 2 2 2 2 2 2 2 2
left_child=1 4 -3 -2 -1 7 -7 8 9 10 -5 -12 -6 -14
right_child=3 2 -4 5 12 6 -8 -9 -10 -11 11 -13 13 -15
leaf_value=-0.018818002554697372 0.0050561165626783113 0.04666463305969093 -0.01314256225570103 0.001146103896333465 -0.018540640656574462 -0.005139871834079217 0.021560847812292644 -0.014172548125237395 0.0083915618893707095 -0.012761509583678707 0.046535190151297111 0.0052678309473206007 0.023360224857372672 -0.0049310300533402084
leaf_weight=38.895248750690371 200.39709427021444 1.6391534656286233 1.6215144991874693 406.23739869333804 7.2608827333897379 165.60247387830168 4.4707938637584439 13.541219260543583 65.281576591543853 28.83399710059166 2.9865079764276725 6.8402032544836402 5.7660806528292623 11.290696579497306
leaf_count=5563 1705 17 30 4577 685 1973 53 128 652 333 29 80 166 734
internal_value=0.000234086 -0.0106376 0.0208187 0.00105326 -0.0125592 -0.000108546 -0.00431605 0.00126342 0.00170005 0.000701558 0.00166293 0.0209495 -0.00220047 0.00539694
internal_weight=960.665 66.4736 3.26067 894.191 63.2129 693.794 170.073 523.721 510.18 444.898 416.064 9.82671 24.3177 17.0568
internal_count=16725 7195 47 9530 7148 7825 2026 5799 5671 5019 4686 109 1585 900
is_linear=0
shrinkage=0.02


Tree=151
num_leaves=15
num_cat=0
split_feature=1 9 44 44 12 31 33 31 35 31 7 33 11 11
split_gain=10.7295 8.57561 44.7079 17.715 10.9389 10.8592 20.4683 10.5367 14.7128 10.0088 9.35032 10.8353 11.3115 12.1714
threshold=0.029070163797162811 0.9533950000000001 0.10105466353485022 0.52192610077836099 0.45399698615074163 0.70739066600799572 0.44833147942157958 0.84615385532379161 0.5120499419279908 0.90346908569335949 1.0000000180025095e-35 0.45198893572181248 0.90346908569335949 0.75452488660812389
decision_type=10 2 2 2 2 8 2 10 2 8 2 2 2 2
left_child=1 2 4 7 -1 6 -5 -3 -9 10 11 -4 13 -13
right_child=-2 3 9 5 -6 -7 -8 8 -10 -11 -12 12 -14 -15
leaf_value=-0.018890691371863885 0.0047138288051625796 0.0013323101177709041 0.0049097048976402607 -0.012344838905808533 -0.0067121978605866675 -0.012256467383190996 0.014177681524280637 0.03315893580874793 -0.0045367753018464713 -0.011957370377450966 0.00027759231086957944 0.017810540277395433 -0.014648640134008316 0.060142903487321514
leaf_weight=62.548426894936711 140.67360284738243 429.14221075503156 39.387072222772986 22.962242838460952 58.217665385920554 63.921887400560081 21.633085077628493 8.8733337670564634 6.7642174172215155 14.421755967661737 72.064822226762772 12.870277843438091 2.1253857701085499 3.0964269782416514
leaf_count=5269 985 4275 587 324 2447 659 259 53 86 534 1211 118 53 41
internal_value=-0.00036858 -0.00124727 -0.00420033 0.000170683 -0.0131231 -0.00703669 0.000549939 0.00194098 0.0175606 0.00332349 0.00510323 0.0110452 0.0234456 0.029081
internal_weight=958.702 818.029 264.732 553.297 120.766 108.517 44.5953 444.78 15.6376 143.966 129.544 57.4792 18.0921 15.9667
internal_count=16901 15916 10260 5656 7716 1242 583 4414 139 2544 2010 799 212 159
is_linear=0
shrinkage=0.02


Tree=152
num_leaves=15
num_cat=0
split_feature=0 34 42 43 15 43 34 42 32 25 37 32 32 32
split_gain=16.7286 15.7226 22.7092 17.2369 11.9377 11.6574 11.4982 11.1635 10.8991 12.9945 8.99501 7.71406 7.18645 8.08165
threshold=0.067263661553028362 0.73538899430740046 0.17986813504431529 0.99349704174708953 1.0000000180025095e-35 0.99377723476586211 0.26120401337792648 0.0015142808261266781 42.500000000000007 1.5000000000000002 0.10582306830907055 140.50000000000003 76.500000000000014 48.500000000000007
decision_type=10 2 2 2 2 2 2 2 2 2 2 2 2 2
left_child=1 2 3 6 -5 7 -1 -2 9 -3 -10 -7 13 -6
right_child=5 8 -4 4 12 11 -8 -9 10 -11 -12 -13 -14 -15
leaf_value=0.010936814333344589 -0.0089572345515797382 0.0037506346520968748 -0.015074464265379037 -0.017636659308086666 -0.009248759598011292 0.016727207997657069 -0.0017174838493852814 0.0040593324705357169 0.00050280894160993433 0.026978112575805971 -0.007639330320967949 -0.0094117533604289368 -0.016111405126118791 0.020039224457319267
leaf_weight=38.379794016480446 29.438358590006828 104.06175043620169 71.350882897619158 37.599051201716065 5.3968123346567181 37.105996429920197 105.37486001010984 197.26968552172184 255.19901077356189 9.6856736578047258 67.896911155432463 4.4745759144425383 5.5612514577805987 8.7110340073704702
leaf_count=810 187 720 4346 3748 26 180 2512 1077 2570 47 675 20 60 45
internal_value=-9.27819e-05 -0.00170211 -0.00546391 -0.00199501 -0.011173 0.00415198 0.00171319 0.0023372 0.000650508 0.00594634 -0.00122651 0.0137594 0.00143828 0.00896481
internal_weight=977.506 709.217 272.374 201.023 57.2681 268.289 143.755 226.708 436.843 113.747 323.096 41.5806 19.6691 14.1078
internal_count=17023 15559 11547 7201 3879 1464 3322 1264 4012 767 3245 200 131 71
is_linear=0
shrinkage=0.02


Tree=153
num_leaves=15
num_cat=0
split_feature=0 32 37 13 33 42 6 34 37 11 0 0 33 42
split_gain=20.3297 14.845 14.5128 12.0103 10.6481 10.2169 10.7286 9.26406 9.10763 10.5651 11.7016 8.62304 8.61703 7.97212
threshold=0.067263661553028362 35.500000000000007 0.03509852216748769 1.0000000180025095e-35 0.64521578029642557 0.99869271134982285 324.70000000000005 0.31042228212039541 0.075498575498575513 0.97285065054893505 0.039466630930045571 0.26851867140138225 0.063391601366284925 0.048474569499748536
decision_type=10 2 2 2 2 2 2 2 2 2 8 10 2 2
left_child=1 4 -2 -3 12 6 -6 13 -5 -10 -11 -9 -1 -4
right_child=2 3 7 8 5 -7 -8 11 9 10 -12 -13 -14 -15
leaf_value=0.032550559499818707 -0.0027097433669506198 -0.011310098297580997 0.0045718700280283258 -0.00024265765159609456 0.019933556803185638 -0.0040178148397910151 -0.01937199049368242 0.0055292577506993058 -0.0076540145702851574 -0.01191682550079535 0.016497912278406707 0.014993534332792567 -0.0052376660308707731 -0.020045715188294535
leaf_weight=1.6095853843726207 75.169164430350065 60.721547758206725 13.33057361841202 377.07356035988778 34.387442010454834 11.696560957469044 2.2323711956851175 100.52469728514552 152.89567420724779 8.1210280945524556 15.300105696544053 63.547554358839989 31.972774946596473 7.4037199541926375
leaf_count=54 477 6732 73 4894 372 88 22 484 2262 179 118 309 734 81
internal_value=-8.74536e-05 -0.00187014 0.00467405 -0.00293851 0.00607984 0.0119994 0.0170862 0.00767579 -0.00200119 -0.00573942 0.00656088 0.00926353 -0.00253762 -0.00473634
internal_weight=955.986 696.011 259.976 614.112 81.8987 48.3164 36.6198 184.807 553.39 176.317 23.4211 164.072 33.5824 20.7343
internal_count=16879 15455 1424 14185 1270 482 394 947 7453 2559 297 793 788 154
is_linear=0
shrinkage=0.02


Tree=154
num_leaves=15
num_cat=0
split_feature=0 34 44 0 41 34 40 34 27 0 35 3 40 39
split_gain=20.3305 17.905 29.7072 12.5819 11.5373 10.6866 10.5934 8.80713 8.03101 7.25957 7.10484 7.07359 6.87645 6.72181
threshold=0.27766698336463874 0.69501860272840033 0.10105466353485022 0.039466630930045571 0.12060606060606062 0.2592719780219781 0.3066239316239317 0.26639784946236561 1.0000000180025095e-35 -0.79260936379432667 0.49812030075187974 1.0000000180025095e-35 0.11651583710407241 0.028991596638655467
decision_type=10 2 2 10 2 2 2 2 2 10 2 2 2 2
left_child=1 2 3 -1 6 -6 11 -8 -5 -9 -10 -4 -13 -2
right_child=13 -3 4 8 5 -7 7 9 10 -11 -12 12 -14 -15
leaf_value=-0.013867264662775783 0.0065213817028997199 0.0015123802777839233 -0.013420962838733799 0.009184819145754624 0.0062633604889219098 -0.0087373351786230943 0.016029503405201415 -0.018397132482896081 -0.019610083653737124 0.0024455423471508443 0.0010720592989251895 -0.0050585095640704623 0.027981434502154595 0.021600520958184807
leaf_weight=116.24679473508149 96.432246517390013 549.22987490193918 1.7040940085425997 17.018051777034998 29.360988491680473 50.069919949397445 12.975270411930977 7.889444498345255 10.897516615688803 26.227392796427011 14.825410485267637 2.6333384406752911 15.952413785737006 12.865210391581057
leaf_count=8233 521 5017 113 101 635 984 184 231 89 281 92 59 240 66
internal_value=0.000394675 -0.000647054 -0.00451777 -0.0104805 0.00196661 -0.00318352 0.00799544 0.00264206 -0.00116259 -0.00276091 -0.00809588 0.0197128 0.0232809 0.00847607
internal_weight=964.328 855.031 305.801 158.988 146.813 79.4309 67.382 47.0921 42.741 34.1168 25.7229 20.2898 18.5858 109.297
internal_count=16846 16259 11242 8515 2727 1619 1108 696 282 512 181 412 299 587
is_linear=0
shrinkage=0.02


Tree=155
num_leaves=15
num_cat=0
split_feature=32 35 30 32 40 40 30 1 10 11 37 40 30 32
split_gain=19.5953 9.3641 6.88576 6.49926 7.49801 9.72486 5.69078 5.03772 6.80122 6.58671 9.63953 5.69618 5.23449 4.9631
threshold=53.500000000000007 0.2786299765807963 0.85671192407608043 71.500000000000014 0.37321428571428578 0.14174107142857145 0.99095019698143016 0.32315231859683996 14.950000000000001 0.97285065054893505 0.13100686498855837 0.15707236842105265 0.97737553715705883 31.500000000000004
decision_type=2 2 8 2 2 2 10 10 2 2 2 2 8 2
left_child=13 6 3 4 5 -3 -2 9 -9 -4 11 -11 -13 -1
right_child=1 2 7 -5 -6 -7 -8 8 -10 10 -12 12 -14 -15
leaf_value=0.0081268717915887675 -0.011697140801654444 -0.0081899578087296296 -0.005340221458152241 -0.0026056816570991189 -0.0046051469153924702 0.013272702497085752 0.026523668386948356 0.017647005014836143 -0.0082656866783869191 0.0066559175697992311 0.021336454270194722 0.01544626032836632 -0.012666630319166167 0.0021382359621717876
leaf_weight=63.457314015831798 51.034326715860516 9.5661571891978365 246.66832519229501 69.230179187376052 19.738953473046422 46.332765362691134 0.68812310229986806 9.0797904767096025 5.9960784949362269 16.920033149886876 8.1386341108009201 2.2330676084384349 17.098366553895175 403.62351840734482
leaf_count=757 2782 92 5101 861 182 453 22 56 55 242 111 41 315 5922
internal_value=2.13575e-05 -0.00271633 -0.00177965 0.00180433 0.00582207 0.00952034 -0.0106952 -0.003476 0.00746776 -0.00406648 0.0029732 -0.00161154 -0.00881918 0.00296747
internal_weight=969.806 502.725 451.002 144.868 75.6379 55.8989 51.7224 306.134 15.0759 291.058 44.3901 36.2515 19.3314 467.081
internal_count=16992 10313 7509 1588 727 545 2804 5921 111 5810 709 598 356 6679
is_linear=0
shrinkage=0.02


Tree=156
num_leaves=15
num_cat=0
split_feature=35 24 44 37 30 11 38 43 30 35 41 41 39 7
split_gain=10.1454 8.09747 18.8363 11.289 10.5144 7.68009 12.2224 7.56562 6.87447 8.5714 9.93149 7.29178 6.8704 6.09734
threshold=0.12706919945725917 1.0000000180025095e-35 0.10105466353485022 0.075498575498575513 0.32277527451515203 0.77526396512985241 0.23466833541927412 0.00058377838341172714 0.92609351873397838 0.86855396065922397 0.26201372997711675 0.26439144736842107 0.041126760563380292 3.5000000000000004
decision_type=2 2 2 2 8 2 2 2 10 2 2 2 2 2
left_child=-1 4 3 5 7 6 -3 -2 9 11 -11 12 -7 -6
right_child=1 2 -4 -5 13 8 -8 -9 -10 10 -12 -13 -14 -15
leaf_value=-0.014009159656097881 -0.0080964720074400472 0.010515419092257545 -0.010758488035443886 0.0010364219082265196 0.00018607039807854545 0.028666488512221071 -0.0097175374329580393 0.010334961065185552 -0.00025360580503637248 -0.0027156984732246807 0.032930505850037463 0.0029204359012869607 0.0090682696942560748 -0.0040674772188820166
leaf_weight=18.480024415068328 10.05072697997093 27.617082113400102 34.50697036087513 162.62752187997103 306.31552894087508 11.552935726940634 19.527305793017149 49.139898922294378 15.258329473435877 3.7111683562397983 14.902975231409071 28.587888887152076 20.126818781718612 239.63498396798968
leaf_count=1940 63 184 339 1043 6978 66 132 320 91 20 98 168 113 5328
internal_value=0.000278158 0.000572516 0.00304535 0.00464282 -0.000813132 0.00875755 0.00210711 0.00712274 0.0120309 0.0143805 0.0260475 0.0104107 0.0168738 -0.00168497
internal_weight=962.04 943.56 338.419 303.912 605.141 141.285 47.1444 59.1906 94.1401 78.8818 18.6141 60.2676 31.6798 545.951
internal_count=16883 14943 2254 1915 12689 872 316 383 556 465 118 347 179 12306
is_linear=0
shrinkage=0.02


Tree=157
num_leaves=15
num_cat=0
split_feature=0 34 31 44 31 31 44 43 40 9 34 41 0 38
split_gain=17.1798 12.0582 11.3081 9.28318 33.3394 14.2185 8.78381 8.57543 8.31381 7.66339 7.33465 12.4761 7.2341 7.08046
threshold=0.27766698336463874 0.90342013214146921 0.93363499641418468 0.10105466353485022 0.85067874193191539 0.59879338741302501 0.98705904872496608 0.99349704174708953 0.18983268983268986 0.019069750000000003 0.79502625888168066 0.057189542483660136 0.02187028527259827 0.10435571687840291
decision_type=10 2 10 2 8 8 2 2 2 2 2 2 8 2
left_child=1 2 3 4 -1 9 8 -2 -3 -5 -11 -12 -4 -13
right_child=7 6 12 5 -6 -7 -8 -9 -10 10 11 13 -14 -15
leaf_value=-0.01579552965865982 0.0050625717138376089 0.001425497715500475 -0.015624099638555621 0.0080960902131447104 -0.0016412252089499995 -0.0060536968993689343 -0.0057306015210408425 0.021010340460184178 0.0099578686572698513 -0.0067398089698591217 -0.015034209709384015 0.026898316250827087 0.017308119088653304 -0.0067173816644487752
leaf_weight=84.35588752059266 92.730140000581741 122.35283792810515 2.3522079233080149 83.487813844811171 303.68245003232732 83.991987005341798 38.43113898858428 15.05068391561508 72.284659084863961 35.623974945861846 5.3469927627593306 9.5285163037478906 16.236385864205662 2.836341922171413
leaf_count=6652 510 844 31 1288 4368 1471 340 75 495 637 43 72 163 33
internal_value=-2.71188e-05 -0.000972746 -0.00241496 -0.00289187 -0.00475093 0.000381731 0.00290357 0.00746221 0.00462896 0.00434751 -0.00156124 0.008658 0.012556 0.0192616
internal_weight=968.292 860.511 627.443 608.854 388.038 220.816 233.069 107.781 194.637 136.824 53.3358 17.7119 18.5886 12.3649
internal_count=17022 16437 14758 14564 11020 3544 1679 585 1339 2073 785 148 194 105
is_linear=0
shrinkage=0.02


Tree=158
num_leaves=15
num_cat=0
split_feature=0 15 40 42 37 40 39 41 40 42 11 39 31 38
split_gain=20.2768 18.3554 17.7179 16.1539 11.9749 11.7975 9.33439 8.71423 13.7918 9.9973 8.24043 7.14836 7.00394 8.01723
threshold=0.067263661553028362 1.0000000180025095e-35 0.20550527903469082 0.015247835554756685 0.057417582417582429 0.15504807692307696 0.18350168350168353 0.12660256410256412 0.19292803970223329 0.99892060096237123 0.89140272140502941 0.17028985507246377 0.76319760084152233 0.30500894454382832
decision_type=10 2 2 2 2 2 2 2 2 2 2 2 10 2
left_child=1 2 -1 -4 7 -2 -6 8 -3 10 -9 -12 -5 -14
right_child=5 4 3 12 6 -7 -8 9 -10 -11 11 -13 13 -15
leaf_value=-0.012587677624354809 0.010391772447229195 0.025615894435319607 0.00090821737066988585 -0.018042287452154387 -0.0037945063320899211 0.0014819699846221584 0.019001998292021181 -0.0023901889588168047 -0.0027388304621233433 0.022711607157778323 0.0080416061298345248 -0.0097091697704275899 -0.0096474153803934801 0.034118628317444395
leaf_weight=100.88606694713235 89.604264073073864 15.957408756017687 142.18559268070385 28.902257934678346 188.57208219449967 174.05251251161098 6.4856580048799506 105.59967677481472 11.22776225954294 8.1741718295961601 74.694219944998622 9.4547431245446187 4.1434683315455905 1.5115767489187417
leaf_count=6855 459 79 2887 2251 1675 987 33 827 86 56 543 44 154 50
internal_value=-0.000177023 -0.00196243 -0.00594303 -0.00210074 0.000675654 0.00453781 -0.00294347 0.0038108 0.0142234 0.00231629 0.00132322 0.00595658 -0.0141584 0.00542001
internal_weight=961.451 697.795 277.629 176.743 420.166 263.657 195.058 225.108 27.1852 197.923 189.749 84.149 34.5573 5.65505
internal_count=16986 15540 12197 5342 3343 1446 1708 1635 165 1470 1414 587 2455 204
is_linear=0
shrinkage=0.02


Tree=159
num_leaves=15
num_cat=0
split_feature=32 13 30 7 33 31 33 11 31 37 37 10 33 12
split_gain=12.8853 13.9919 14.9573 10.4355 9.35651 10.3305 9.34592 8.12486 9.85212 9.66284 6.62413 6.47313 6.98574 6.1819
threshold=35.500000000000007 1.0000000180025095e-35 0.93363499641418468 3.5000000000000004 0.52010101010101029 0.94570136070251476 0.063391601366284925 0.97737553715705883 0.99095019698143016 0.17914438502673799 0.13100686498855837 142.62500000000003 0.63858403912680439 0.03619909659028054
decision_type=2 2 8 2 2 10 2 2 8 2 2 2 2 2
left_child=6 2 -2 4 5 -3 -1 9 -9 -5 -10 12 13 -8
right_child=1 3 -4 7 -6 -7 11 8 10 -11 -12 -13 -14 -15
leaf_value=0.038459526116280222 0.0053527416028895589 -0.0011486023624594748 -0.016507927065041384 -0.002253085981025037 0.0063597988601368392 0.017787684715117002 0.02739505587954429 -0.018095166521408905 0.0048440805494804938 -0.013271793516794741 0.025062764185203076 -0.015089623857333078 0.011420657195632488 -0.00077502169515305185
leaf_weight=2.5350511553697279 17.097014736384153 224.733059277758 41.963323422241956 341.14141788054258 137.88859212398529 11.143696758896111 2.327745404560118 5.027493509463965 29.378205111250281 34.209005611017346 7.5939946752041569 5.0121514410711816 52.31001514242962 48.308763567823917
leaf_count=62 474 3267 6233 3329 1362 70 34 138 208 319 51 32 500 790
internal_value=-5.19917e-05 -0.000889379 -0.0101959 -0.000182614 0.00224149 -0.000182666 0.00634134 -0.00235374 0.00589481 -0.00328991 0.00954761 0.00524109 0.00636658 0.00102541
internal_weight=960.67 850.176 59.0603 791.115 373.765 235.877 110.494 417.35 41.9997 375.35 36.9722 107.959 102.947 50.6365
internal_count=16869 15451 6707 8744 4699 3337 1418 4045 397 3648 259 1356 1324 824
is_linear=0
shrinkage=0.02


Tree=160
num_leaves=15
num_cat=0
split_feature=0 1 44 24 43 32 31 32 1 36 31 32 36 34
split_gain=18.2153 18.9764 38.5403 13.1022 8.81425 10.2201 8.68599 10.0163 11.4591 8.66241 8.42726 8.34525 7.98817 7.68196
threshold=0.025685695653241625 -0.881598800420761 0.043623071708209081 2.5000000000000004 0.0036670519035380904 42.500000000000007 0.45399698615074163 56.500000000000007 -0.13737578663692432 0.63804446460980058 0.054298643022775657 38.500000000000007 0.10542661000326906 0.25568475452196388
decision_type=10 10 2 2 2 2 8 2 10 2 10 2 2 2
left_child=1 2 3 -1 6 -6 11 8 -8 -7 -4 -3 -13 -12
right_child=-2 4 10 -5 5 9 7 -9 -10 -11 13 12 -14 -15
leaf_value=-0.018407121952175368 0.0037600145376254696 -0.011261443533010089 -0.011899921202292552 0.014285810876057823 0.012347050221293343 -0.0044366761760531778 0.0032657201100373384 -0.0092568607984501901 -0.0085328660065567934 0.0048736398406427454 0.013301604020830547 -0.0078852469851828071 0.01860141700285611 -4.6208961371610787e-05
leaf_weight=87.846509736962616 303.06570981442928 6.6369571629911688 16.22855710843578 4.4794019274413577 38.430102068930864 67.699672818183899 100.32745394669473 81.957701755687594 47.782557373866439 94.660839758813381 22.155756711494178 5.2720971070230034 19.067958788946271 67.560917623341084
leaf_count=8809 1728 53 655 61 175 428 692 1189 393 579 510 47 171 1513
internal_value=-0.000291646 -0.0021547 -0.0073132 -0.0166849 7.09111e-05 0.00321256 -0.00234862 -0.00369275 -0.000572382 0.000988111 0.000933395 0.0074376 0.0127796 0.00336036
internal_weight=963.172 660.106 198.271 92.3259 461.835 200.791 261.045 230.068 148.11 162.361 105.945 30.977 24.3401 89.7167
internal_count=17003 15275 11548 8870 3727 1182 2545 2274 1085 1007 2678 271 218 2023
is_linear=0
shrinkage=0.02


Tree=161
num_leaves=15
num_cat=0
split_feature=0 32 0 13 42 34 44 0 0 11 40 34 10 44
split_gain=18.6308 13.4526 8.08735 9.24202 10.2638 7.92597 15.8511 8.20993 9.91968 10.7133 9.12729 8.2394 12.9691 7.54492
threshold=0.22954604787294236 56.500000000000007 -0.37319671983886288 1.0000000180025095e-35 0.99859623773400863 0.81440092165898637 0.99063640675951337 -0.60897433757781971 -0.29549454923802038 0.22473604977130893 0.20871143375680581 0.27374686716791991 19.550000000000004 0.10105466353485022
decision_type=10 2 8 2 2 2 2 8 10 2 2 2 2 2
left_child=1 5 -3 -4 -5 6 -1 -8 10 -10 -9 -12 -13 -2
right_child=13 2 3 4 -6 -7 7 8 9 -11 11 12 -14 -15
leaf_value=-0.0056465412670669273 0.010252605672068307 -0.011908260314647113 -0.012887971422973224 -0.0002408562835790878 -0.010577373280338373 0.0035387291351861873 -0.01384809089621241 -0.0085110269644417674 0.029659310860190167 -0.0038839198417289084 0.032598617762764091 0.019949923098762288 -0.016249427288287214 0.00074397200245618117
leaf_weight=143.65565142827109 84.070000328123569 46.6183544350788 33.190968330949545 242.9031659308821 44.657367309555411 229.61657540127635 6.8858722746372223 4.9115532524883738 3.3268011659383765 30.807680450379848 10.951604218222203 13.261759759858252 4.6262494297698131 55.208553560078144
leaf_count=4698 411 1356 4236 2747 657 1351 129 149 25 285 183 249 62 337
internal_value=-0.000217764 -0.00137445 -0.00420606 -0.00305308 -0.00187718 0.000951495 -0.00177201 0.00564826 0.00779816 0.000136375 0.0153201 0.0195278 0.0102233 0.00651566
internal_weight=954.692 815.414 367.37 320.752 287.561 448.044 218.427 74.7715 67.8856 34.1345 33.7512 28.8396 17.888 139.279
internal_count=16875 16127 8996 7640 3404 7131 5780 1082 953 310 643 494 311 748
is_linear=0
shrinkage=0.02


Tree=162
num_leaves=15
num_cat=0
split_feature=13 32 1 32 10 35 41 21 36 42 41 42 43 42
split_gain=16.5118 9.81447 8.61381 8.80409 8.61796 18.4309 10.6692 9.00046 8.07932 6.65488 7.80652 7.67736 7.47374 6.36141
threshold=1.0000000180025095e-35 124.50000000000001 0.30869740589203071 35.500000000000007 76.15000000000002 0.91080268741159842 0.93725490196078443 1.5000000000000002 0.79598549946294317 0.99882803050714852 0.58114035087719318 0.99823319925888698 0.0013503464626613039 0.034693408531335013
decision_type=2 2 10 2 2 2 2 2 2 2 2 2 2 2
left_child=-1 2 3 8 6 -6 7 -5 -2 10 11 12 -7 -4
right_child=1 -3 13 4 5 9 -8 -9 -10 -11 -12 -13 -14 -15
leaf_value=-0.0099020510969500489 0.0089465209784346661 -0.010832661789916832 0.011675919777150181 -0.00014724180733273468 -0.016423606111386334 -0.010826023073716598 0.010659815153844256 0.036564532991948791 -0.0042836417768612337 0.013946199199735783 -0.010847970403237326 0.02467205058500916 0.005396246759382003 -0.0097171928715367711
leaf_weight=62.617569761816412 80.089798691682518 27.861821142025292 43.351140949875116 546.55977526679635 38.016155730932951 16.30784123763442 39.580071216449142 1.6843412332236756 23.244094044901431 10.972139935940502 25.80021586548537 4.5390703603625289 32.05716522410512 5.5890528988093129
leaf_count=7279 666 414 278 6367 398 172 398 13 226 86 260 43 288 49
internal_value=-5.62273e-05 0.000642397 0.00102287 0.000530395 -0.00026067 -0.00494883 0.000764412 3.19129e-05 0.00595797 4.30945e-05 -0.00204579 0.00236846 -0.000182122 0.00908713
internal_weight=958.27 895.653 867.791 818.851 715.517 127.693 587.824 548.244 103.334 89.6764 78.7043 52.9041 48.365 48.9402
internal_count=16937 9658 9244 8917 8025 1247 6778 6380 892 849 763 503 460 327
is_linear=0
shrinkage=0.02


Tree=163
num_leaves=15
num_cat=0
split_feature=0 37 11 34 37 0 8 0 0 24 37 33 35 37
split_gain=12.846 9.9277 9.87616 8.70018 8.71344 7.62007 6.82379 6.9781 13.065 7.42312 7.18797 6.78337 7.10999 6.65562
threshold=0.071644037961959853 0.065591397849462371 0.97737553715705883 0.55857843137254914 0.032795698924731186 0.039466630930045571 1.5000000000000002 -0.12816045360793951 -1.0000000180025095e-35 2.5000000000000004 0.16869918699186995 0.11695219673943079 0.59197099892588623 0.11651583710407241
decision_type=10 2 2 2 2 8 2 10 10 2 2 2 2 2
left_child=1 -1 6 -2 11 -4 -3 9 13 -8 -11 -5 -13 -9
right_child=3 2 5 4 -6 -7 7 8 -10 10 -12 12 -14 -15
leaf_value=0.00025169469668908691 -0.002250177916025472 -0.018484198616085485 -0.0080321821756942635 0.015766872867081651 0.007916627222126436 0.014533530949151077 -0.0099783651996201393 0.0002655367562587405 -0.0061840049481459228 0.0055511179348822519 -0.01701604229343627 -0.01636638593346499 0.0026080443327799203 0.022418975082388933
leaf_weight=454.26864643441513 71.487457152456045 15.655097086448221 8.2935827970504743 5.4723109155893317 156.35037086904049 16.566933685448024 108.85891000507399 9.532831431366505 39.411186526529491 26.222918653860688 6.1252232715487471 14.525113463401796 15.602056562900541 11.66196663957089
leaf_count=9737 459 745 179 30 748 200 3772 143 323 194 48 97 100 157
internal_value=-7.11209e-05 -0.00149396 -0.00475394 0.00368266 0.00589242 0.00698601 -0.00612186 -0.00507648 0.000596731 -0.00749849 0.000895838 -0.00297116 -0.00677193 0.0129159
internal_weight=960.035 696.597 242.329 263.437 191.95 24.8605 217.468 201.813 60.606 141.207 32.3481 35.5995 30.1272 21.1948
internal_count=16932 15498 5761 1434 975 379 5382 4637 623 4014 242 227 197 300
is_linear=0
shrinkage=0.02


Tree=164
num_leaves=15
num_cat=0
split_feature=0 37 35 44 42 9 10 31 0 15 44 44 24 31
split_gain=16.5133 12.6743 10.4548 10.3763 11.139 15.698 10.0305 9.6652 8.71625 7.90524 38.8884 18.1179 11.5541 7.54646
threshold=0.039466630930045571 0.075498575498575513 0.45066075465136507 0.89185316293149786 0.99624348998761592 0.49989500000000009 43.100000000000009 0.85671192407608043 0.22954604787294236 1.0000000180025095e-35 0.018881126594059838 0.043623071708209081 1.0000000180025095e-35 0.9566364884376527
decision_type=10 2 2 2 2 2 2 8 8 2 2 2 2 8
left_child=1 9 -3 4 -2 -6 -7 -5 -8 10 12 -11 -1 -12
right_child=3 2 -4 7 5 6 8 -9 -10 11 13 -13 -14 -15
leaf_value=-0.018555335789745813 0.012229757282920757 -0.01553093381663396 -0.0037301461750721375 0.0023664620234484478 -0.020822920088068134 0.007654874544555647 -0.017498806347417118 -0.011985833306421476 0.0087783621376032912 0.0050768129682526317 0.0038320685590634176 -0.0084436468549705691 0.013726710681180188 -0.013718798698432145
leaf_weight=56.400897183455527 80.5539640635252 36.200592721812427 161.86093964800239 68.507483396679163 9.4835671335458738 89.157128356397152 12.431099154055117 24.731936827301979 7.3099518269300487 203.89364866167307 142.72371346084401 48.206841498613358 4.0978519804775706 9.542688943911342
leaf_count=5478 416 2307 2653 433 113 423 58 175 32 1365 2412 491 75 496
internal_value=1.43209e-05 -0.0017314 -0.00595421 0.00396765 0.00653784 0.00259472 0.004805 -0.0015273 -0.00781448 7.66991e-05 -0.00275531 0.00246827 -0.0161811 0.00264981
internal_weight=955.102 662.927 198.062 292.175 198.936 118.382 108.898 93.2394 19.7411 464.866 212.765 252.1 60.4987 152.266
internal_count=16927 15277 4960 1650 1042 626 513 608 90 10317 8461 1856 5553 2908
is_linear=0
shrinkage=0.02


Tree=165
num_leaves=15
num_cat=0
split_feature=13 30 32 30 43 32 25 32 41 43 30 40 6 37
split_gain=21.5046 11.1168 9.28002 10.2599 7.03111 6.24148 5.98683 5.81431 7.16885 5.44236 9.19477 7.78439 10.5932 7.48656
threshold=1.0000000180025095e-35 0.79185521602630626 80.500000000000014 0.27300152182579046 0.016628871087387347 132.50000000000003 2.5000000000000004 31.500000000000004 0.94590643274853814 0.004213393860802799 0.87028658390045177 0.46862745098039221 140.05000000000004 0.18465909090909094
decision_type=2 8 2 8 2 2 2 2 2 2 8 2 2 2
left_child=1 -1 7 -4 -5 -6 -3 8 -2 10 11 12 13 -9
right_child=2 6 3 4 5 -7 -8 9 -10 -11 -12 -13 -14 -15
leaf_value=0.0039047280634561029 0.012082048849052826 -0.01831241510853333 0.017276545369199477 -0.0086846114145517177 0.0039632583530325744 -0.0092496832270064309 0.0086381879189525203 0.0083702065684990151 -0.0021958818969647657 0.0034254589255165915 -0.0029902403200529719 -0.0063930777390811787 -0.0061841548391851258 -0.0063290501816791267
leaf_weight=13.629221735056488 41.526967715471983 42.460144854150712 7.8387925047427407 85.25917880423367 46.540824471972883 19.452614206820726 2.9953814856708041 125.68937166966498 20.611993399448693 243.40323733352125 234.14233969151974 30.136746659874916 29.823303449898958 14.829349871724842
leaf_count=307 361 6914 61 1370 625 273 45 1106 144 2306 2826 254 265 108
internal_value=-0.000135968 -0.0117205 0.000637359 -0.00373029 -0.00492531 -1.13986e-05 -0.0163887 0.00157991 0.00738618 0.00103769 -0.000304339 0.00283184 0.00449169 0.00678519
internal_weight=958.339 59.0847 899.255 159.091 151.253 65.9934 45.4555 740.163 62.139 678.024 434.621 200.479 170.342 140.519
internal_count=16965 7266 9699 2329 2268 898 6959 7370 505 6865 4559 1733 1479 1214
is_linear=0
shrinkage=0.02


Tree=166
num_leaves=15
num_cat=0
split_feature=32 1 32 25 37 17 1 44 6 40 22 40 1 29
split_gain=11.4212 11.1695 7.01069 7.73025 7.65607 12.041 6.15533 12.7956 15.5752 11.1399 6.09507 5.92906 5.92083 5.87753
threshold=80.500000000000014 0.27828054130077368 37.500000000000007 1.5000000000000002 0.16869918699186995 1.0000000180025095e-35 -0.78695324063301075 0.0019123539620199729 4.1000000000000005 0.46410256410256417 1.0000000180025095e-35 0.23431372549019611 -0.39770129743561095 1.0000000180025095e-35
decision_type=2 10 2 2 2 2 10 2 2 2 2 2 8 2
left_child=2 -2 3 -1 5 6 7 8 10 13 -4 -6 -7 -9
right_child=1 -3 4 -5 11 12 -8 9 -10 -11 -12 -13 -14 -15
leaf_value=0.0044922122620329637 -0.0054946344518854839 0.016676172943261153 -0.0024008365464998106 0.02808466322519404 -0.0014687670593883176 -0.004674732127984014 0.0019159505062947043 -0.0013121575387265031 -0.016035715785516883 -0.010272948333362255 0.024017774548751567 -0.014163393461745805 0.010447789114482584 0.0078689048044879324
leaf_weight=133.31455851439387 160.69038923969492 8.6720315814018232 8.4495194852352125 4.8540834486484519 42.239504229277372 11.500703908503054 298.60281239449978 52.20117302518338 44.533951359335333 28.446936436928809 4.7688935548067084 21.809382275678217 71.148867484182119 58.289127999916673
leaf_count=1695 4264 79 626 25 523 58 2081 1965 3646 402 26 293 404 827
internal_value=0.000424381 -0.00426818 0.00144723 0.0055169 0.000564146 0.00129427 0.000108704 -0.00263077 -0.0104558 0.00067334 0.00814924 -0.00594272 0.00831276 0.00355845
internal_weight=949.522 169.362 780.16 138.169 641.991 577.942 495.292 196.69 57.7524 138.937 13.2184 64.0489 82.6496 110.49
internal_count=16914 4343 12571 1720 10851 10035 9573 7492 4298 3194 652 816 462 2792
is_linear=0
shrinkage=0.02


Tree=167
num_leaves=15
num_cat=0
split_feature=13 0 37 44 6 34 44 37 24 35 30 9 0 44
split_gain=18.5614 15.3015 11.519 9.53215 9.30058 7.7222 13.4263 9.61768 7.5957 7.14417 6.8792 6.49414 5.73403 6.45013
threshold=1.0000000180025095e-35 0.27766698336463874 0.03509852216748769 0.94876020125090255 21.050000000000004 0.95015527950310574 0.85118042413256967 0.16869918699186995 2.5000000000000004 0.25791424564215593 0.44645550847053533 8.7750000000000021 0.0078397212543554022 0.00057299682582287188
decision_type=2 10 2 2 2 2 2 2 2 2 10 2 10 2
left_child=3 5 -3 8 -4 -2 7 12 -1 -5 -8 -6 13 -7
right_child=1 2 4 9 11 6 10 -9 -10 -11 -12 -13 -14 -15
leaf_value=-0.019531234648214987 -0.00098740060965421604 -0.0010963391395038924 0.018239014250140212 -0.015046728878752148 -0.002887768412209724 0.0013299195566485328 -0.017698371208197373 -0.010780704050674281 0.012650897067691487 0.0072106998094003671 0.0037984708684723738 0.016990910210288656 0.027240461243015563 0.012024546387413031
leaf_weight=33.09215881396085 646.7830801513046 37.645399082452059 43.383940067142248 7.8659193948842612 20.007916823029522 37.955321228131652 13.890979237854483 9.9103158488869649 2.5361655540764323 15.516851997002957 9.4217616282403451 8.6301301717758161 5.6951522380113593 55.616252012550831
leaf_count=6099 8132 227 222 555 106 251 133 75 39 526 86 41 29 339
internal_value=0.000177509 0.000903296 0.00786238 -0.0105886 0.0124959 -8.48811e-05 0.00429539 0.00723699 -0.0169575 -0.000586686 -0.0092116 0.00347387 0.00912537 0.00774643
internal_weight=947.951 888.94 109.667 59.0111 72.022 779.273 132.49 109.177 35.6283 23.3828 23.3127 28.638 99.2667 93.5716
internal_count=16860 9641 596 7219 369 9045 913 694 6138 1081 219 147 619 590
is_linear=0
shrinkage=0.02


Tree=168
num_leaves=15
num_cat=0
split_feature=13 0 29 41 12 1 1 0 40 0 12 43 41 37
split_gain=18.4597 12.3081 9.17953 9.10036 9.29193 7.99314 9.78974 18.3269 8.78339 7.80758 8.74063 8.6128 8.94087 8.57864
threshold=1.0000000180025095e-35 -0.10694840468947543 1.0000000180025095e-35 0.1327044025157233 0.7828054428100587 0.029070163797162811 -0.21792636116398972 -0.0011391047976413828 0.43303571428571436 0.02187028527259827 0.59577679634094249 0.981829750287048 0.56696428571428581 0.039230769230769243
decision_type=2 8 2 2 2 8 10 8 2 10 2 2 2 2
left_child=2 3 -1 -2 -5 6 7 -3 -7 10 -8 12 -12 -14
right_child=1 5 -4 4 -6 8 9 -9 -10 -11 11 -13 13 -15
leaf_value=-0.01563648182718191 0.0023199842594719623 0.023462274592488241 0.0012280812361415425 -0.0084132525860478296 0.0078626575869487885 0.0061794315598012982 -0.012374775923414389 0.0016075959877587848 -0.0049591528120903686 0.0031697252323662456 -0.016428959556279005 0.0055192279786344944 0.016185919913990415 -0.008529633520503177
leaf_weight=41.209148910362273 71.471131849102676 15.475935775786636 18.400064908899367 116.88661804702133 15.130505866371093 237.57868256513029 48.129842111840844 227.58431997429579 31.376938927918673 55.825977694243193 21.376355830579996 36.025601446628571 8.4864572156220692 12.797796836122869
leaf_count=6584 1250 132 680 2940 145 1979 398 1648 246 299 212 201 68 151
internal_value=0.000187187 0.000907132 -0.0104964 -0.00340777 -0.00650278 0.00217419 0.000465841 0.00308954 0.00486642 -0.00302359 -0.00575344 -0.0015989 -0.00759869 0.00160907
internal_weight=957.755 898.146 59.6092 203.488 132.017 694.658 425.702 243.06 268.956 182.642 126.816 78.6862 42.6606 21.2843
internal_count=16933 9669 7264 4335 3085 5334 3109 1780 2225 1329 1030 632 431 219
is_linear=0
shrinkage=0.02


Tree=169
num_leaves=15
num_cat=0
split_feature=32 11 24 43 14 1 32 32 25 36 32 43 36 36
split_gain=10.2456 7.30556 9.29541 9.69026 8.85006 10.8285 6.60422 6.32604 6.24402 6.20648 6.13816 6.03588 6.22845 5.62053
threshold=96.500000000000014 0.77526396512985241 2.5000000000000004 0.0011225918962101818 1.0000000180025095e-35 0.10708899796009065 42.500000000000007 37.500000000000007 1.5000000000000002 0.55592347314201629 28.500000000000004 0.99844463948235906 0.62539308176100639 0.69752141982864146
decision_type=2 2 2 2 2 10 2 2 2 2 2 2 2 2
left_child=1 4 6 9 5 10 -3 -5 11 -4 -1 -8 -13 -9
right_child=-2 2 3 7 -6 -7 8 13 -10 -11 -12 12 -14 -15
leaf_value=0.011718299756069368 -0.0070294036750662304 0.0049608012044740617 0.018107254394569408 0.031947432968785369 0.00038457971706952167 0.0095614943117137627 -0.0011799623696429878 -0.0021279276516943837 -0.02266312489311182 -0.0057661873510914631 -0.0094277482438307678 -0.0082854789853203745 0.013711992572465234 0.015095343455945627
leaf_weight=4.9683426888659588 82.371265774127096 110.77033306937665 4.4171581231057671 6.0880416557192794 242.79698979202658 14.534270713105796 288.84805822744966 9.9762814454734308 4.0891209840774527 21.291227923706174 103.45426426688209 6.0208678822964457 20.565360093954951 27.821091618388891
leaf_count=69 2290 1618 28 29 2434 97 5167 60 20 158 4173 183 410 141
internal_value=-0.000333215 0.000311346 0.00188139 0.0086085 -0.00183376 -0.00618198 0.00077594 0.0142174 -0.000685792 -0.00113992 -0.00836052 -0.00033017 0.00861056 0.0106117
internal_weight=948.013 865.641 499.888 69.5938 365.754 122.957 430.294 43.8854 319.523 25.7084 108.423 315.434 26.5862 37.7974
internal_count=16877 14587 7814 416 6773 4339 7398 230 5780 186 4242 5760 593 201
is_linear=0
shrinkage=0.02


Tree=170
num_leaves=15
num_cat=0
split_feature=0 4 44 44 38 38 34 29 35 36 5 2 32 32
split_gain=17.3215 12.286 24.3208 10.1726 9.4917 10.411 9.82038 8.81664 8.39671 7.82406 7.6352 7.01086 6.91666 6.66591
threshold=-0.064859337675382919 1.0000000180025095e-35 0.018881126594059838 0.99809150736981833 0.1126984126984127 0.10172413793103451 0.86967844202898559 1.0000000180025095e-35 0.61237244897959198 0.91521640435835361 1.0000000180025095e-35 1.0000000180025095e-35 65.500000000000014 43.500000000000007
decision_type=10 2 2 2 2 2 2 2 2 2 2 2 2 2
left_child=1 2 10 -2 5 7 -6 11 -9 -10 -1 -3 -4 -13
right_child=3 4 12 -5 6 -7 -8 8 9 -11 -12 13 -14 -15
leaf_value=-0.019322177784921301 0.0043602466764086426 -0.0013207553216431115 0.0043736158682326012 -0.012200843991964166 -0.0096576937098227563 0.026454920447541743 0.00013981278984159822 -0.0099839166905718903 0.030082140015265796 -0.0059650790844837697 -0.0036850471044295864 0.020621604746155184 -0.0076781408596154725 0.0032670927331275713
leaf_weight=50.432466417551041 373.67760094814003 156.82979880552739 58.523670243099332 14.501931518316267 63.661854278761894 6.1590026235207906 111.38608783250675 3.4373490745201734 10.223226800560949 2.6915519940666845 17.217908186838031 10.466524107847361 27.016686531715095 41.223259347490966
leaf_count=6475 2659 2433 1484 100 1240 90 879 36 91 33 140 61 880 292
internal_value=0.000470993 -0.001781 -0.00658732 0.00371178 4.38896e-05 0.00270067 -0.00345799 0.00193582 0.0156347 0.0226808 -0.015454 0.000792054 0.000522503 0.00710584
internal_weight=947.449 559.269 153.191 388.18 406.079 231.031 175.048 224.872 16.3521 12.9148 67.6504 208.52 85.5404 51.6898
internal_count=16893 14134 8979 2759 5155 3036 2119 2946 160 124 6615 2786 2364 353
is_linear=0
shrinkage=0.02


Tree=171
num_leaves=15
num_cat=0
split_feature=0 37 4 30 15 44 25 43 44 9 31 43 16 31
split_gain=13.6068 14.466 12.5665 8.86741 10.7754 30.6414 8.17764 7.7013 7.69275 17.0567 12.7136 12.6762 9.52091 7.55225
threshold=-0.092006042599678026 0.072299651567944254 1.0000000180025095e-35 0.27752640843391424 1.0000000180025095e-35 0.018881126594059838 2.5000000000000004 0.0005439183226150072 0.89185316293149786 0.37075475000000008 0.85067874193191539 0.023727396197536239 1.0000000180025095e-35 0.84615385532379161
decision_type=10 2 2 8 2 2 2 2 2 2 8 2 2 10
left_child=1 3 -3 -1 5 6 -5 -7 9 11 -10 -2 13 -11
right_child=8 2 -4 4 -6 7 -8 -9 10 12 -12 -13 -14 -15
leaf_value=0.012404906068436833 -0.021236516076444917 -0.01834188183873452 -0.0041294119886069649 -0.01997770570094691 0.0023891331573854127 0.022892106847550855 0.013532403332631371 -5.1045242176131623e-05 0.0030755061689829934 0.0070578246198229992 -0.010676363690373 0.0029121635523674549 -0.0049993197575130708 0.022419340417520705
leaf_weight=21.337578883394599 15.170478081330655 30.577792725991458 122.09980376483873 43.994148718658835 210.32819529250264 5.1925820074975482 2.4387394413352004 106.38493308518082 87.534209022298455 201.42899190727621 37.634972037747502 18.355114804580808 24.125738196074963 12.980832090601323
leaf_count=135 259 2801 1805 5180 1559 103 36 2429 624 1283 342 176 151 80
internal_value=0.000178293 -0.00188018 -0.00707667 0.000168736 -0.000571764 -0.00450326 -0.0179695 0.00121054 0.00298647 0.00486887 -0.00111115 -0.00831381 0.00674863 0.0080876
internal_weight=939.584 542.354 152.678 389.676 368.339 158.01 46.4329 111.578 397.23 272.061 125.169 33.5256 238.536 214.41
internal_count=16963 14048 4606 9442 9307 7748 5216 2532 2915 1949 966 435 1514 1363
is_linear=0
shrinkage=0.02


Tree=172
num_leaves=15
num_cat=0
split_feature=13 44 19 32 25 40 30 40 38 38 30 12 32 30
split_gain=12.6424 12.602 12.0824 10.3302 8.55783 8.36514 13.7158 8.36819 7.48024 7.34595 8.65162 7.31966 8.00645 8.34881
threshold=1.0000000180025095e-35 0.99025478204281259 81.750000000000014 52.500000000000007 2.5000000000000004 0.3066239316239317 0.27300152182579046 0.14724480578139118 0.72794117647058842 0.35388994307400384 0.60331827402114879 0.93363499641418468 115.50000000000001 0.85671192407608043
decision_type=2 2 2 2 2 2 8 2 2 2 10 2 2 10
left_child=1 4 3 8 -1 6 7 -5 -2 11 -11 12 13 -8
right_child=2 -3 -4 5 -6 -7 9 -9 -10 10 -12 -13 -14 -15
leaf_value=-0.018460768199673856 0.0031165718994929392 0.0038883341891406582 -0.013777946602260479 -0.010299711076240267 0.013416878929489702 -0.0055697592891641636 0.0030155851252372736 0.028033673531506036 0.019959318576230605 -0.016396500720778372 0.0032078696598560699 0.018274490855538884 -0.009328436487886331 -0.006757599558155589
leaf_weight=33.91514242021367 388.70395327173173 19.983784187119454 21.012444162741303 2.3126518204808226 3.0152693316340438 110.87701537180692 224.27961862273514 10.016045540571211 9.888614518567918 21.189669749699533 14.679596648551522 8.4518001303076726 29.422583975829184 40.419499568641186
leaf_count=6357 3598 879 176 25 45 1462 2566 72 61 280 216 65 454 663
internal_value=0.000261839 -0.00879052 0.000855771 0.0012288 -0.0155729 -0.000807474 0.000709413 0.0206097 0.00358332 -7.4091e-05 -0.00850396 0.000949968 0.0003919 0.00150341
internal_weight=938.168 56.9142 881.253 860.241 36.9304 461.648 350.771 12.3287 398.593 338.443 35.8693 302.574 294.122 264.699
internal_count=16919 7281 9638 9462 6402 5803 4341 97 3659 4244 496 3748 3683 3229
is_linear=0
shrinkage=0.02


Tree=173
num_leaves=15
num_cat=0
split_feature=13 30 40 40 30 43 6 34 2 6 33 40 43 11
split_gain=17.0078 12.9042 6.23417 7.31575 5.96424 13.0964 7.48676 6.85804 5.54437 5.49904 18.1176 7.44237 6.99822 6.12594
threshold=1.0000000180025095e-35 0.85671192407608043 0.57738095238095244 0.77500000000000013 0.36349925398826605 0.00078487588797616665 9.4500000000000011 0.2338541666666667 1.0000000180025095e-35 229.12500000000003 0.96318879855465223 0.089898989898989909 0.99349704174708953 0.34238311648368841
decision_type=2 8 2 2 8 2 2 2 2 2 2 2 2 2
left_child=1 -1 4 -4 5 -2 -7 -6 9 10 13 -11 -13 -9
right_child=2 -3 3 -5 7 6 -8 8 -10 11 -12 12 -14 -15
leaf_value=0.0036966583006711085 -0.0026138365927997616 -0.016786337446048159 -0.014517330595103945 0.013138313762254368 -0.010320538499898004 -0.0012872749241517468 0.019494427690956911 -0.013813641588487975 0.0051446538599223459 -0.019170064170312719 0.032337359300841272 -0.0045608515973997758 0.019208885631601402 0.0004986710119748185
leaf_weight=17.175171567127109 33.754599054343998 39.743132396135479 19.187818341888491 3.8944051619619122 22.520984468050301 8.9985533431172353 27.581482886336744 11.208028220571576 94.808944625779986 11.896659514866768 6.104339536279439 46.17212587594986 4.5454921247437587 593.71771939471364
leaf_count=393 233 6871 216 50 533 62 173 127 534 111 50 476 52 7003
internal_value=-0.00014865 -0.0106485 0.000538368 -0.0094995 0.000818077 0.00635688 0.014484 0.000318153 0.000642948 2.68973e-06 0.000584394 -0.0055939 -0.0021003 0.000211133
internal_weight=941.309 56.9183 884.391 23.0822 861.309 70.3346 36.58 790.974 768.453 673.644 611.03 62.6143 50.7176 604.926
internal_count=16884 7264 9620 266 9354 468 235 8886 8353 7819 7180 639 528 7130
is_linear=0
shrinkage=0.02


Tree=174
num_leaves=15
num_cat=0
split_feature=32 10 37 26 0 37 6 42 42 15 37 38 0 40
split_gain=9.69008 10.1136 9.88486 9.472 9.15979 12.0531 7.29077 7.30705 7.7479 6.87915 7.52873 6.78332 6.53438 9.74916
threshold=42.500000000000007 1.5000000000000002 0.23303167420814483 1.0000000180025095e-35 0.27766698336463874 0.03509852216748769 26.050000000000004 0.9986236689093424 0.048474569499748536 3.5000000000000004 0.030776515151515155 0.019049346879535561 0.049383543285982316 0.15504807692307696
decision_type=2 2 2 2 10 2 2 2 2 2 2 2 10 2
left_child=3 -2 4 -1 9 -6 -7 8 -8 11 -11 -3 -13 -14
right_child=1 2 -4 -5 5 6 7 -9 -10 10 -12 12 13 -15
leaf_value=0.00315992479119391 -0.017428171899967704 0.0018681499778145608 -0.010172132955903147 0.021972286394333528 -0.0042057150226585986 0.017636775991797419 0.0077025494322175694 0.019014614129382438 -0.024018574321315184 0.031025092941440235 0.0012134964597667135 -0.0040925206249323269 0.011039561369092295 -0.0031523773390294591
leaf_weight=213.51216948078945 13.076722123427315 215.55573017895222 37.362154665403068 10.321002952754496 25.613480232656002 33.608477607369423 5.5178102701902372 4.9587191045284262 5.0669861808419228 4.6726486012339583 8.628749178722499 273.2562980717048 30.719556473195553 48.882324101403356
leaf_count=3042 2310 3786 415 47 162 176 30 24 24 31 92 6197 165 296
internal_value=0.000504462 -0.000644928 -0.00030399 0.00412124 0.00027225 0.00681365 0.0125253 0.00107511 -0.008245 -0.000578739 0.0131231 -0.000921858 -0.00262669 0.00239352
internal_weight=930.753 706.92 693.843 223.833 656.481 74.7655 49.152 15.5435 10.5848 581.715 13.3014 568.414 352.858 79.6019
internal_count=16797 13708 11398 3089 10983 416 254 78 54 10567 123 10444 6658 461
is_linear=0
shrinkage=0.02


Tree=175
num_leaves=15
num_cat=0
split_feature=10 32 39 30 31 40 11 4 31 10 19 40 9 37
split_gain=9.23588 7.89741 7.5817 8.02402 8.07156 6.40842 5.19265 4.75969 8.54053 5.18579 5.14914 5.13672 4.5334 4.45417
threshold=1.5000000000000002 78.500000000000014 0.018826322930800547 0.4177978932857514 0.075414784252643599 0.049390243902439034 0.97737553715705883 1.0000000180025095e-35 0.93363499641418468 22.100000000000005 91.200000000000017 0.19836065573770495 36.510966500000002 0.18898809523809526
decision_type=2 2 2 8 10 2 2 2 10 2 2 2 2 2
left_child=-1 7 12 -4 5 -5 -7 8 9 -2 13 -12 -3 -9
right_child=1 2 3 4 -6 6 -8 10 -10 -11 11 -13 -14 -15
leaf_value=-0.01465334451908934 -0.0013973553659100866 -0.0050593838666933297 0.035798810806196103 -0.010365342833802573 -0.015853857213680638 0.0046488935399507736 0.026130833246295521 0.0028280163041042188 0.018320007937294085 -0.011853234426081299 -0.020711303954090547 0.0033481726591113674 -0.017505844218783241 -0.0029183313505755527
leaf_weight=16.465141444001347 169.78422647994012 113.39905306696892 1.7394432397559274 8.7992692119441909 8.7507350770756585 32.076733639929444 4.3854140266776076 480.90699238004163 7.1649452284909776 20.421644534450024 6.9458993747830373 5.9781221449375153 12.367416184861211 59.942591254133731
leaf_count=2828 4509 2342 15 139 612 467 49 4335 70 851 48 40 243 426
internal_value=-0.000243663 2.61467e-05 -0.00370589 0.00240354 0.000696865 0.00417027 0.00786115 0.000931741 -0.00172899 -0.00257608 0.00188146 -0.0101412 -0.00641176 0.00218694
internal_weight=949.128 932.662 181.518 55.7516 54.0122 45.2614 36.4621 751.144 197.371 190.206 553.774 12.924 125.766 540.85
internal_count=16974 14146 3867 1282 1267 655 516 10279 5430 5360 4849 88 2585 4761
is_linear=0
shrinkage=0.02


Tree=176
num_leaves=15
num_cat=0
split_feature=0 1 33 32 40 40 33 36 12 40 42 42 36 0
split_gain=14.4801 11.1472 10.729 9.34747 8.91138 8.10592 7.59742 10.2026 6.98081 6.23146 5.79827 6.31294 6.04025 5.80305
threshold=0.097934105055353285 0.30869740589203071 0.42136243386243394 67.500000000000014 0.39696969696969703 0.27149877149877155 0.45772922197263638 0.69752141982864146 0.22473604977130893 0.049390243902439034 0.0018277087005456074 0.0013996469880579803 0.8232230392156864 -0.024127473910415306
decision_type=10 10 2 2 2 2 2 2 2 2 2 2 2 8
left_child=1 2 10 -4 -2 9 7 -5 -7 -3 11 12 -1 -14
right_child=4 5 3 6 -6 8 -8 -9 -10 -11 -12 -13 13 -15
leaf_value=-0.0094345570295733747 0.0057099967574835084 -0.0019187634511372762 0.00087848060085183677 0.030145997625079281 -0.0047854745409477723 -0.017144875196206191 -0.0066160200165965247 -0.015892319285452192 0.0072257698811642544 0.01876878103814526 -0.0092142062915061013 0.0080165974236815259 -0.010849977905245436 0.02137596453794615
leaf_weight=33.531802262179554 200.7444970831275 7.5008212439715889 352.6573010343127 4.2564208698458961 37.750458743423223 7.1394570954144028 119.9027677976992 2.2533841324038804 10.221796998754142 22.607893204316497 114.01341575128026 18.279671461088583 2.8634277619421482 4.754529398167505
leaf_count=1203 1074 44 5357 150 223 51 3407 64 77 151 4389 508 98 86
internal_value=-0.000210247 -0.00166059 -0.0023448 -0.000796671 0.00403566 0.00759886 -0.00544011 0.0142156 -0.00318409 0.013719 -0.00659185 -0.00149173 -0.00580553 0.00940948
internal_weight=938.478 699.983 652.513 479.07 238.495 47.47 126.413 6.50981 17.3613 30.1087 173.443 59.4294 41.1498 7.61796
internal_count=16882 15585 15262 8978 1297 323 3621 214 128 195 6284 1895 1387 184
is_linear=0
shrinkage=0.02


Tree=177
num_leaves=15
num_cat=0
split_feature=32 13 44 34 0 39 32 6 37 6 42 34 41 0
split_gain=12.493 11.2345 8.27076 7.60825 7.58365 10.0862 7.23861 6.97757 6.44973 9.07735 7.99046 6.39859 6.62973 6.42636
threshold=42.500000000000007 1.0000000180025095e-35 0.94876020125090255 0.22776679841897235 0.27766698336463874 0.024184149184149187 132.50000000000003 231.55000000000004 0.03509852216748769 31.050000000000004 0.99864130845811894 0.73538899430740046 0.065591397849462371 -0.12330314517021178
decision_type=2 2 2 2 10 2 2 2 2 2 2 2 2 8
left_child=7 2 -2 -4 6 8 -3 11 -6 -10 -11 12 -1 -14
right_child=1 4 3 -5 5 -7 -8 -9 9 10 -12 -13 13 -15
leaf_value=0.0095493837666846011 -0.017951005571190365 -0.00092167197522852531 0.028069699241047019 -0.0056990841263006601 -0.0059380404544915931 0.021735890393667901 -0.01331065686030837 -0.0067560251094632038 0.011982520465271644 -0.019113265575870172 0.010608021560507786 0.0083299463025992664 -0.014373135347905222 0.0010053249202214409
leaf_weight=26.091350112110376 25.725725999334827 569.32688793260604 2.1559791136533049 16.29742095945403 24.689267255365849 11.433343529701231 18.522127769887447 20.379009092226624 33.221425861120224 7.8053750842809659 5.3013287261128426 117.68598955404013 12.751018992625175 51.339101962279528
leaf_count=419 5069 6987 91 853 156 61 329 187 171 41 25 770 457 1307
internal_value=0.000115443 -0.00118654 -0.0108401 -0.000513641 -0.000535076 0.00510852 -0.00133397 0.00417842 0.00216698 0.00652052 -0.00719196 0.00527763 0.00124673 -0.0022281
internal_weight=942.725 714.479 44.1791 18.4534 670.3 82.4507 587.849 228.246 71.0174 46.3281 13.1067 207.867 90.1815 64.0901
internal_count=16923 13783 6013 944 7770 454 7316 3140 393 237 66 2953 2183 1764
is_linear=0
shrinkage=0.02


Tree=178
num_leaves=15
num_cat=0
split_feature=0 37 43 42 15 6 25 9 10 31 9 41 38 43
split_gain=10.579 14.0538 12.1843 8.90033 8.79414 8.73391 7.95855 10.2373 8.54114 7.57773 8.76454 14.2913 7.24792 11.6291
threshold=0.039466630930045571 0.075498575498575513 0.99377723476586211 0.0015682445800010698 3.5000000000000004 17.050000000000004 1.5000000000000002 2.1989012500000005 1.5000000000000002 0.46606335043907171 0.49989500000000009 0.12347560975609757 0.35388994307400384 0.00084585968431476297
decision_type=10 2 2 2 2 2 2 2 2 8 2 2 2 2
left_child=1 4 3 -2 6 -3 8 -8 -1 -5 11 -11 -7 -14
right_child=2 5 -4 9 -6 12 7 -9 -10 10 -12 -13 13 -15
leaf_value=-0.018222470471683631 -0.0077193936654630481 -0.011543830629620029 0.012766485364590668 0.017668676835996572 0.015398351443042755 8.2627618593367712e-05 0.028609054206831259 0.0035418055520753887 -7.038786785548759e-05 0.011107527261078793 0.0041597981037489471 -0.015903767796172762 -0.019196292374592847 0.005599742903885414
leaf_weight=9.6492979342583549 33.681814819574356 64.287621871801093 46.497272495180368 12.612101290374993 14.990111391991375 100.67585884430446 7.2810614593327037 32.385364554822445 393.78052115580067 10.925253026187418 159.1261515840888 22.404740797355771 20.878625083714727 10.994795192964373
leaf_count=1937 213 2527 234 78 102 1995 77 191 7992 64 824 197 376 118
internal_value=0.000304869 -0.00109548 0.00351265 0.00166471 0.000826718 -0.00555047 0.000300191 0.00873344 -0.000548536 0.003236 0.00220375 -0.00698408 -0.00257897 -0.0107327
internal_weight=940.171 654.923 285.247 238.75 458.086 196.837 443.096 39.6664 403.43 205.068 192.456 33.33 132.549 31.8734
internal_count=16925 15315 1610 1376 10299 5016 10197 268 9929 1163 1085 261 2489 494
is_linear=0
shrinkage=0.02


Tree=179
num_leaves=15
num_cat=0
split_feature=0 41 15 42 40 1 41 39 36 40 38 42 42 40
split_gain=9.94454 9.84992 11.6025 12.9082 11.1623 11.3665 9.93223 8.01541 7.8048 7.3881 7.33739 7.43116 9.1033 6.89803
threshold=-0.10694840468947543 0.21525096525096529 1.5000000000000002 0.24738599827581656 0.13574938574938578 -0.4313121141321184 0.89444444444444449 0.24038461538461542 0.92895962732919268 0.051315789473684217 0.12347560975609757 0.025337699311408179 0.0075541230511919815 0.43303571428571436
decision_type=10 2 2 2 2 10 2 2 2 2 2 2 2 2
left_child=1 4 3 6 5 7 -3 -1 -4 -7 11 12 -6 -2
right_child=13 2 8 -5 10 9 -8 -9 -10 -11 -12 -13 -14 -15
leaf_value=-0.019692887483786531 0.0032999420590358909 -0.0043704017346290463 -0.0015788114867250843 -0.015010918297494931 0.0048529924009271773 0.011342301552499661 0.034180564172689415 0.028252089111180562 0.011911066282382596 -0.0057594491583780848 -0.017079645029624273 -0.010255825791564428 0.022425887321652287 -0.0054776576502337786
leaf_weight=20.56446308572777 361.24333880282938 115.64162833685987 122.90865080151707 58.212327221641317 125.85768517409451 15.201006226241587 1.7445596959441889 0.6305000027641644 18.913187364116311 25.86268599703908 5.1395036354660979 10.498781990027053 12.167930544819681 38.83600752428174
leaf_count=2270 2711 2813 1035 3603 2739 81 22 33 136 153 121 554 278 297
internal_value=5.62209e-05 -0.00173042 -0.00396719 -0.00738846 0.00156089 -0.00552587 -0.00351359 -0.017058 0.000290984 0.000690439 0.00444934 0.00530357 0.00655233 0.00243636
internal_weight=933.422 533.343 317.42 175.599 215.923 62.2587 117.386 21.195 141.822 41.0637 153.664 148.524 138.026 400.079
internal_count=16846 13838 7609 6438 6229 2537 2835 2303 1171 234 3692 3571 3017 3008
is_linear=0
shrinkage=0.02


Tree=180
num_leaves=15
num_cat=0
split_feature=0 30 13 0 24 30 30 33 43 38 33 33 42 1
split_gain=14.5942 10.5288 13.6228 10.6669 8.67558 9.99022 7.64128 6.108 6.13365 9.06328 5.55587 9.61064 6.33604 5.42655
threshold=0.26851867140138225 0.32277527451515203 1.0000000180025095e-35 -0.62589014205942828 2.5000000000000004 0.81598794460296642 0.14027149975299838 0.13502788502788507 0.00059645281015236623 0.1126984126984127 0.70671679197994997 0.48900966183574884 0.0018277087005456074 0.33484162390232092
decision_type=10 8 2 8 2 8 10 2 2 2 2 2 2 10
left_child=1 6 4 -4 5 10 -1 -8 -9 -10 11 -3 -13 -5
right_child=-2 2 3 13 -6 -7 7 8 9 -11 -12 12 -14 -15
leaf_value=-0.0025690293194126231 0.0067566652741487473 -0.0088588639490636591 -0.012628281095521745 -0.00071855585893207505 0.016754060273361383 -0.01853102251765951 -0.012815087406755035 -0.0023618464547192951 0.025910649512240994 0.00087067859135166257 -0.016418460137109899 0.056549370676779447 0.0050115596924039576 0.0074300160702210028
leaf_weight=19.998310582712293 112.05042708292603 3.5790011170320195 28.343886446673423 663.01477648317814 3.1871056370437136 36.488380644703284 2.73273817077279 6.4484722334891549 19.682909172028307 8.124528485350309 2.775265078060329 1.2868161611258986 2.0086580161005259 33.384832844138145
leaf_count=122 610 130 1085 7407 48 6956 26 42 115 78 79 14 75 220
internal_value=1.42027e-05 -0.000901905 -0.00151588 -0.000816011 -0.0115787 -0.0138497 0.00732026 0.0125939 0.0149269 0.0188789 0.00392942 0.0131858 0.0336159 -0.000317826
internal_weight=943.106 831.056 774.069 724.743 49.3252 46.1381 56.987 36.9886 34.2559 27.8074 9.64974 6.87448 3.29547 696.4
internal_count=17007 16397 16014 8712 7302 7254 383 261 235 193 298 219 89 7627
is_linear=0
shrinkage=0.02


Tree=181
num_leaves=15
num_cat=0
split_feature=32 0 24 44 37 10 37 42 0 38 32 30 10 34
split_gain=13.3094 10.3086 9.88296 14.0343 15.4764 9.53741 8.1357 7.62353 7.30863 7.14276 6.94793 6.84957 6.33229 7.25344
threshold=103.50000000000001 0.27766698336463874 2.5000000000000004 0.94876020125090255 0.17914438502673799 1.5000000000000002 0.03509852216748769 0.99864130845811894 -0.15384615212678907 0.93750000000000011 43.500000000000007 0.82956260442733776 6.7250000000000005 0.62076727964489553
decision_type=2 10 2 2 2 2 2 2 10 2 2 8 2 2
left_child=1 2 5 4 -4 -1 11 9 -2 -7 -9 -3 -8 -14
right_child=8 6 3 -5 -6 7 12 10 -10 -11 -12 -13 13 -15
leaf_value=-0.01848051350046399 -0.01654462510563507 0.0075953528176953625 0.010407379256109548 -0.017007025523747263 -0.015380208175472799 -9.1119475245545546e-05 0.019085199756325558 0.0022532930058027627 -0.0023683852505543383 0.028873550657171402 -0.0096273574165950011 -0.008989896879613735 -0.012397198670418901 0.0096219887216856103
leaf_weight=11.395135965198277 27.486836216645315 18.860803201794624 87.064659927040339 9.1809737272560579 9.5209270976483804 577.9555306378752 23.088525980710983 27.661274795653298 30.530662105418742 2.4257228581700465 64.623588710557669 18.989278696477413 6.3756708279252043 32.726067714393139
leaf_count=2468 1478 100 521 90 64 9880 124 373 285 23 1330 128 38 164
internal_value=-5.32974e-05 0.000556095 -0.00021313 0.00544703 0.00773381 -0.00109495 0.0065712 -0.000773441 -0.00925117 7.93948e-05 -0.0060803 -0.000742643 0.0109638 0.00581207
internal_weight=947.886 889.868 789.828 105.767 96.5856 684.061 100.04 672.666 58.0175 580.381 92.2849 37.8501 62.1903 39.1017
internal_count=17066 15303 14749 675 585 14074 554 11606 1763 9903 1703 228 326 202
is_linear=0
shrinkage=0.02


Tree=182
num_leaves=15
num_cat=0
split_feature=42 9 30 44 9 3 12 6 42 27 19 9 30 6
split_gain=7.51609 15.6167 9.2205 8.03486 18.2575 15.9414 12.9345 11.2675 10.0617 8.8482 8.22421 7.53491 7.40137 8.56219
threshold=0.99841769497333799 0.49989500000000009 0.56259429454803478 0.52192610077836099 0.50024950000000012 1.0000000180025095e-35 0.45399698615074163 11.050000000000002 0.55233124286261204 1.0000000180025095e-35 1.9000000000000001 0.9987275000000001 0.85671192407608043 38.050000000000004
decision_type=2 2 8 2 2 2 2 2 2 2 2 2 8 2
left_child=2 -2 -1 4 6 -5 -4 11 10 -6 -8 -7 13 -9
right_child=1 -3 3 5 9 7 8 12 -10 -11 -12 -13 -14 -15
leaf_value=0.005727048482693055 -0.019974900775873765 -0.0014409079163369655 -0.016338283284222543 -0.013008266298376286 0.0078643960816776239 5.8686498957198726e-05 0.0077961000675270207 0.022903589280850203 -0.015677651487114586 0.0011563376796360424 -0.02056703322580614 -0.014345985330194544 0.00059742269681463313 0.00049089243129240548
leaf_weight=133.72691182233393 19.549940572818741 159.82338534062728 32.93915091897361 49.722543477080762 122.93937216792256 29.119800507556647 34.860609389841557 14.092121871188285 11.917187060462309 216.43266188492998 3.6491066738963118 27.966468618251383 73.13234285172075 12.517673021182416
leaf_count=964 1551 1711 3804 920 1001 680 1319 132 591 2306 25 402 1268 124
internal_value=0.00011176 -0.00356047 0.000978576 -3.79819e-05 0.00154121 -0.0032619 -0.00679259 -0.000108961 -0.000360834 0.00360233 0.00465593 -0.00712363 0.00393666 0.0127599
internal_weight=942.389 179.373 763.016 629.289 422.738 206.551 83.3661 156.828 50.4269 339.372 38.5097 57.0863 99.7421 26.6098
internal_count=16798 3262 13536 12572 9046 3526 5739 2606 1935 3307 1344 1082 1524 256
is_linear=0
shrinkage=0.02


Tree=183
num_leaves=15
num_cat=0
split_feature=32 37 30 13 44 9 6 43 39 32 37 43 38 12
split_gain=9.87874 9.76447 9.95075 11.8954 10.1585 8.118 7.78554 5.81423 5.80449 5.92021 5.68356 5.63922 8.36453 6.62041
threshold=42.500000000000007 0.24621212121212124 0.85671192407608043 1.0000000180025095e-35 0.85118042413256967 0.039461000000000024 10.050000000000002 0.99499779152983525 0.17028985507246377 115.50000000000001 0.033908045977011504 0.97757374974283906 0.019049346879535561 0.63763198256492626
decision_type=2 2 8 2 2 2 2 2 2 2 2 2 2 2
left_child=7 2 11 -4 8 -6 -3 -1 9 -5 -10 -2 13 -13
right_child=1 6 3 4 5 -7 -8 -9 10 -11 -12 12 -14 -15
leaf_value=0.0017941175109324617 0.0033079120090013158 0.012663927076419217 -0.014976708869716757 0.0013116730247616139 0.00019603832556480211 -0.011651812698202833 -0.015399746075633783 0.011363641154741035 -0.017988659623610868 -0.009231843232492723 0.0014089385559837068 -0.0091740040006912695 -0.017894086924920366 0.018700822836642955
leaf_weight=203.9608038153965 201.29198972135782 3.7605215567164114 29.59166482440196 272.30033156042919 35.3921415861696 65.606559671461582 30.353057589614764 28.115564628271386 12.989543910138311 22.105606400873512 10.396656196564434 5.9205186450853962 12.026809963863341 5.8340561604127288
leaf_count=2560 2183 76 5597 3233 535 916 325 592 93 344 101 118 190 39
internal_value=-0.000575267 -0.00174959 -0.00121159 -0.00293189 -0.00204715 -0.00753885 -0.0120336 0.00299723 -0.000283641 0.000491437 -0.00966104 0.00221333 -0.00681113 0.0050424
internal_weight=939.646 707.569 673.456 448.383 418.791 100.999 34.1136 232.076 317.792 294.406 23.3862 225.073 23.7814 11.7546
internal_count=16902 13750 13349 10819 5222 1451 401 3152 3771 3577 194 2530 347 157
is_linear=0
shrinkage=0.02


Tree=184
num_leaves=15
num_cat=0
split_feature=32 0 40 41 30 15 43 41 21 12 34 5 12 43
split_gain=11.2403 10.5297 9.84377 6.58173 6.68553 14.5885 11.8638 9.54423 8.69128 10.1997 9.14743 8.47884 8.21764 7.56313
threshold=80.500000000000014 0.02187028527259827 0.47140522875816998 1.3666666666666669 0.82352942228317272 1.0000000180025095e-35 0.00057079803146259963 1.0000000180025095e-35 1.0000000180025095e-35 0.87028658390045177 0.95670914542728647 1.0000000180025095e-35 0.76319760084152233 0.93370350674311697
decision_type=2 10 2 2 8 2 2 2 2 2 2 2 2 2
left_child=1 3 -3 4 -1 6 7 -6 9 10 -7 13 -12 -8
right_child=-2 2 -4 -5 5 8 11 -9 -10 -11 12 -13 -14 -15
leaf_value=0.0036826199887585705 -0.0043711991119187981 0.0062885113395318879 -0.0071319451054550256 -0.012373309831983814 0.034663746912847737 -0.0013724906178946509 -0.0062665184425576628 -0.0013710908224511765 -0.011276260377467815 0.015622054985187445 0.01109129892438167 0.018462472797475562 -0.0080826326638677847 -0.017806298236187325
leaf_weight=155.17613437073305 167.39033179124817 207.65287103317678 23.585919689387083 16.177786577027291 3.6019342821091396 152.05578608065844 75.141230888897553 7.9424417500849813 18.613480016589165 20.789344610646367 49.91329338401556 3.4871622268110505 10.085388634353874 32.883524616714567
leaf_count=1736 4323 1188 145 141 85 1030 3803 396 153 115 270 94 52 3352
internal_value=0.000314303 0.00132789 0.00489483 -0.000189315 0.000205423 -0.00124129 -0.00685477 0.0117391 0.00152206 0.002589 0.00124394 -0.00886694 0.00778862 -0.00991041
internal_weight=944.497 777.106 231.239 545.868 529.69 374.514 123.056 11.5444 251.457 232.844 212.054 111.512 59.9987 108.025
internal_count=16883 12560 1333 11227 11086 9350 7730 481 1620 1467 1352 7249 322 7155
is_linear=0
shrinkage=0.02


Tree=185
num_leaves=15
num_cat=0
split_feature=32 13 0 40 37 12 39 34 0 1 1 38 11 1
split_gain=11.6356 12.098 7.89818 9.27731 8.9954 7.65757 8.64542 6.94305 6.96762 6.89871 6.31016 7.4256 9.15768 9.08501
threshold=35.500000000000007 1.0000000180025095e-35 0.067263661553028362 0.39696969696969703 0.070197044334975381 0.87028658390045177 0.14365079365079367 0.96981089086352257 -0.092006042599678026 -0.25361833288662555 -0.881598800420761 0.15894736842105264 0.30015084147453314 -0.28414290208849752
decision_type=2 2 10 2 2 2 2 2 10 8 10 2 2 10
left_child=-1 -2 4 -4 5 6 -3 8 -7 -5 -6 13 -13 -12
right_child=1 2 3 9 10 7 -8 -9 -10 -11 11 12 -14 -15
leaf_value=0.0059171093602479472 -0.010522387564080091 0.00024083036755943364 0.0043459544877543456 0.011326791969558608 -0.013233946906083635 0.023497312332100048 -0.012003757923337147 -0.0074113356991196864 -0.00032854851252742042 -0.011540196059594799 0.01338530596728839 0.021485799518378038 -0.0096620206955830221 -0.0028569343226460897
leaf_weight=112.08365421253256 48.379193307366222 313.73959299409762 201.36602244712412 5.7189572900533676 31.800411950331181 13.655015661381189 23.892546661198139 6.2748966068029395 7.3419913249090323 25.81495833769441 16.855766928754747 3.0653965547680846 68.796809796243906 59.328337488695979
leaf_count=1430 6707 4252 1101 29 1302 110 229 47 83 162 150 35 808 418
internal_value=-0.000100199 -0.000922852 -0.000312899 0.00276241 -0.00163035 0.000176797 -0.000658547 0.010176 0.01553 -0.00717238 -0.00527772 -0.00349139 -0.00805671 0.00086353
internal_weight=938.114 826.03 777.651 232.9 544.751 364.904 337.632 27.2719 20.997 31.5339 179.847 148.046 71.8622 76.1841
internal_count=16863 15433 8726 1292 7434 4721 4481 240 193 191 2713 1411 843 568
is_linear=0
shrinkage=0.02


Tree=186
num_leaves=15
num_cat=0
split_feature=13 44 0 34 2 0 44 36 34 1 10 36 35 35
split_gain=11.9015 11.7003 10.5312 8.72688 6.74145 6.70668 10.1916 9.89697 9.75821 5.42558 5.40401 8.03433 5.37065 5.46148
threshold=1.0000000180025095e-35 0.94876020125090255 -0.62589014205942828 0.23760245901639346 2.5000000000000004 0.26851867140138225 0.037362098537922217 0.50900974025974033 0.43257575757575767 0.30869740589203071 4.5500000000000007 0.6453654552878727 0.64767316017316034 0.30292360221937692
decision_type=2 2 8 2 2 10 2 2 2 10 2 2 2 2
left_child=1 -1 -2 -3 5 9 8 12 -7 -4 11 -6 13 -8
right_child=2 3 4 -5 10 6 7 -9 -10 -11 -12 -13 -14 -15
leaf_value=-0.017595821624293097 -0.010604224352598828 0.025042225766677372 -0.00074778765606229496 -0.0046393279021846 -0.022083987877212292 -0.0087386850964476133 0.012996597993543331 -0.012661003898637595 0.013058396209474455 0.0067795806552658332 0.016696131146300135 0.012097686526726683 0.017193040599334998 -0.009243043306237016
leaf_weight=29.325645931297913 33.073621430434287 3.9347480898723033 665.38367590308189 19.150500825606287 3.5860684663057345 8.8799462877213937 6.000118173658854 19.605415262281895 56.09542416036129 39.639576392248273 17.47940393909812 5.8867991864681244 9.2108877301216108 10.985994257032869
leaf_count=6160 1092 172 7487 921 19 58 32 127 270 271 88 29 53 66
internal_value=-0.000261464 -0.00942715 0.000297151 0.00124941 0.000737034 0.000405612 0.00495714 -0.00224643 0.00999217 -0.000315562 0.0103952 -0.00171532 0.00572662 -0.00110137
internal_weight=928.238 52.4109 875.827 23.0852 842.753 815.801 110.778 45.8024 64.9754 705.023 26.9523 9.47287 26.197 16.9861
internal_count=16845 7253 9592 1093 8500 8364 606 278 328 7758 136 48 151 98
is_linear=0
shrinkage=0.02


Tree=187
num_leaves=15
num_cat=0
split_feature=0 33 32 38 37 6 42 6 32 9 37 33 38 0
split_gain=11.6544 10.9568 10.668 9.09321 6.66519 8.11625 6.63807 6.22631 8.71546 6.04028 5.65022 9.41668 6.36498 9.58947
threshold=0.2891316001072099 0.40894797026872504 62.500000000000007 0.49074074074074076 0.032795698924731186 26.050000000000004 0.99823319925888698 74.675000000000011 121.50000000000001 8.7750000000000021 0.093386627906976757 0.63427747180697625 0.051956815114709856 0.039466630930045571
decision_type=10 2 2 2 2 2 2 2 2 2 2 2 2 10
left_child=1 3 -3 6 -2 -6 -1 8 10 -7 11 -4 -12 -14
right_child=4 2 7 -5 5 9 -8 -9 -10 -11 12 -13 13 -15
leaf_value=-0.0036238822125835486 -0.00020110228358684548 0.0027931903046726205 -0.0069371071107854213 0.013700354313869271 0.015417219428510999 -0.0065129065017431398 -0.013325125717412416 -0.0072035885017342881 -0.015747403487220556 0.015694667123527729 0.023867020557532405 0.0064621229055549546 -0.012229163086920614 0.012626504010646336
leaf_weight=194.90380153153092 36.729427300393581 390.49745710380375 47.094075526576489 9.8844157145358604 42.371738761663437 15.045454829931261 32.329241435974836 78.742454874096438 11.780600601108743 6.0526650100946418 7.2922137337736812 36.233603684231639 8.977022524224596 15.566222682595251
leaf_count=5078 222 5228 1019 258 222 80 1259 1807 408 30 154 735 313 77
internal_value=0.000184295 -0.000593367 0.00085381 -0.0042203 0.00659363 0.0104678 -0.00505645 -0.00282382 -7.20131e-05 0.000279964 0.00165326 -0.00110314 0.00868187 0.00341236
internal_weight=933.5 833.301 596.184 237.117 100.199 63.4699 227.233 205.686 126.944 21.0981 115.163 83.3277 31.8355 24.5432
internal_count=16890 16336 9741 6595 554 332 6337 4513 2706 110 2298 1754 544 390
is_linear=0
shrinkage=0.02


Tree=188
num_leaves=15
num_cat=0
split_feature=13 0 44 32 42 0 35 32 35 0 35 11 0 31
split_gain=12.1282 8.84338 8.47358 8.2011 6.97067 16.0438 5.81215 5.60776 5.95089 5.28235 4.97286 7.4321 6.60776 6.47536
threshold=1.0000000180025095e-35 -0.62589014205942828 0.018881126594059838 96.500000000000014 0.99854471067915751 0.34106137764674355 0.24295634920634923 38.500000000000007 0.39429848320693395 0.039466630930045571 0.17694497153700192 0.84615385532379161 0.34106137764674355 0.33031675219535833
decision_type=2 8 2 2 2 10 2 2 2 10 2 2 10 8
left_child=2 -2 -1 4 10 -6 -4 -8 -9 -5 11 12 13 -3
right_child=1 3 6 9 5 -7 7 8 -10 -11 -12 -13 -14 -15
leaf_value=-0.016709500122621592 -0.0095881877168563154 0.01726215025989139 -0.014330106707962831 -0.010108588643441876 -0.0045636706015342518 0.017225975556934243 0.031425681784738028 0.016079600111175502 -0.0086833417678245216 0.00092011724302753129 0.0022443674603878001 0.032878269121793008 0.032061815893967005 -0.012305929797111426
leaf_weight=27.167298086453229 31.438437712844461 3.521230176091195 7.1423783951904651 40.098553186748177 129.35311150597408 14.094316583126782 1.9222459178417945 5.335283691994845 9.0330954666715098 29.82198210246861 612.62694548536092 4.2988630756735793 1.7602573037147511 7.6424265038222083
leaf_count=5848 1111 55 657 859 1507 69 71 153 494 169 5676 78 9 86
internal_value=0.000105655 0.00066079 -0.00931702 0.00105382 0.0016489 -0.00231831 -0.000413357 0.00616413 0.000959635 -0.00545806 0.00255467 0.0128635 0.00432292 -0.00232717
internal_weight=925.256 874.656 50.6003 843.218 773.297 143.447 23.433 16.2906 14.3684 69.9205 629.85 17.2228 12.9239 11.1637
internal_count=16842 9619 7223 8508 7480 1576 1375 718 647 1028 5904 228 150 141
is_linear=0
shrinkage=0.02


Tree=189
num_leaves=15
num_cat=0
split_feature=13 44 25 34 0 44 15 35 6 41 11 35 34 40
split_gain=9.30108 10.1227 9.37403 9.0673 8.5009 10.4692 11.695 7.67862 7.16666 7.29594 7.11135 8.70511 6.47796 6.25594
threshold=1.0000000180025095e-35 0.94876020125090255 2.5000000000000004 0.21852992957746481 -0.10694840468947543 0.0039224517238495875 1.0000000180025095e-35 0.17694497153700192 24.050000000000004 0.14642857142857144 0.58521872758865368 0.73463088939279431 0.2338541666666667 0.29708431836091415
decision_type=2 2 2 2 8 2 2 2 2 2 2 2 2 2
left_child=1 2 -1 13 5 6 -2 -7 9 -9 11 -10 -6 -3
right_child=4 3 -4 -5 12 7 -8 8 10 -11 -12 -13 -14 -15
leaf_value=-0.019355747043216215 -0.017997257314284015 -0.008508658590224356 0.01512120382275199 -0.0022924277667713227 -0.0095551531331051331 0.01985502525181471 -0.0018255461231919635 0.0013748147513700404 0.041674599190170747 -0.011333467868420479 0.0013545323400549233 0.0032889318516861384 0.0021229539037225455 0.053178473790258932
leaf_weight=26.030990133993331 31.003820582758635 0.60106581868604081 2.8267830386757842 20.400266781449318 18.586394867859781 6.750874299556016 41.132281556725502 37.259858921170235 3.3085689991712552 33.739748262800276 41.295049169100821 5.654755799099803 660.88198896404356 1.1253945822827516
leaf_count=6132 2155 35 43 1008 281 138 326 499 31 584 584 51 4983 41
internal_value=0.000237882 -0.00798307 -0.0155852 0.00217686 0.000722912 -0.00289039 -0.00892713 0.000554281 -0.000673876 -0.00473783 0.00504766 0.0202186 0.00178993 0.0364584
internal_weight=930.598 50.9845 28.8578 22.1267 879.613 200.145 72.1361 128.009 121.258 70.9996 50.2584 8.96332 679.468 1.72646
internal_count=16891 7259 6175 1084 9632 4368 2481 1887 1749 1083 666 82 5264 76
is_linear=0
shrinkage=0.02


Tree=190
num_leaves=15
num_cat=0
split_feature=0 1 30 43 43 32 24 32 32 0 38 38 12 1
split_gain=8.52488 10.5154 14.1738 10.0274 7.57968 8.93322 7.1734 8.432 6.73022 6.11287 5.80744 6.79591 6.59382 5.56255
threshold=0.02187028527259827 inf 0.87028658390045177 0.00093830736214975201 0.00056635717291686255 44.500000000000007 1.5000000000000002 51.500000000000007 124.50000000000001 -0.043889037791476807 0.49074074074074076 0.35599078341013829 0.88499245047569286 0.33484162390232092
decision_type=10 8 8 2 2 2 2 2 2 8 2 2 2 10
left_child=1 3 -3 -1 5 9 -6 -8 13 -4 11 12 -2 -5
right_child=10 2 4 8 6 -7 7 -9 -10 -11 -12 -13 -14 -15
leaf_value=-0.0039477695832597134 0.0017722025167439823 0.0012580307782129854 0.044549881348982689 0.0018528161588443482 -0.012712476757874534 -0.011182110583287011 0.031970009241160023 -0.014340197382012858 -0.012162918379931718 -0.0089789001056979362 0.012361266790654806 -0.0094168637512771734 0.017489019937171082 0.011067383933526026
leaf_weight=168.12703779246658 253.05642495211214 69.218595263082534 2.0562495235353708 242.21409914456308 98.686969075817615 3.2993381195701659 2.3526004161685696 2.1457749493420124 11.500033473595975 0.78026706539094393 20.555349752306938 19.870306681841612 10.172136809676884 28.490001555532217
leaf_count=1781 1478 1505 51 1567 9516 283 31 51 169 88 104 109 59 166
internal_value=-0.000398404 -0.00172649 -0.00581912 -9.46163e-05 -0.0102709 0.0101032 -0.0115678 0.0112891 0.00220679 0.0313229 0.00234872 0.00158077 0.00244345 0.00285976
internal_weight=932.525 628.871 178.54 450.331 109.321 6.13585 103.185 4.49838 282.204 2.83652 303.654 283.099 263.229 270.704
internal_count=16958 15208 11525 3683 10020 422 9598 82 1902 139 1750 1646 1537 1733
is_linear=0
shrinkage=0.02


Tree=191
num_leaves=15
num_cat=0
split_feature=32 13 30 24 6 33 36 40 40 6 30 43 33 31
split_gain=9.71273 6.72627 10.1482 12.1286 7.00837 6.52964 6.91189 5.85173 9.29252 5.74414 4.88569 8.14517 6.45905 9.14366
threshold=91.500000000000014 1.0000000180025095e-35 1.0000000180025095e-35 2.5000000000000004 42.400000000000006 0.48900966183574884 0.8005681818181819 0.57738095238095244 0.71111111111111114 355.37500000000006 0.75452488660812389 0.00077974603579986708 0.13502788502788507 0.47058823704719549
decision_type=2 2 10 2 2 2 2 2 2 2 8 2 2 8
left_child=1 2 3 -1 5 -4 -7 10 -9 -2 11 -3 -13 -14
right_child=9 7 4 -5 -6 6 -8 8 -10 -11 -12 12 13 -15
leaf_value=-0.018503838297255434 -0.0060134291561364638 -0.00020133181946367659 -0.0011322651684882909 0.020738499185984124 -0.012452253377112008 0.039179652850358813 -0.010721882282991405 -0.015477805201134731 0.012686062561534253 0.023847111140395928 0.00081191639945764294 -0.0044146480473145787 0.019740206599722462 0.0060080151560758391
leaf_weight=23.968613814096901 104.76548052113503 87.22881830856204 5.1096729331184161 2.7634629085659972 4.5513954730704418 4.0348602070007473 0.95530227501876641 16.989819603506479 5.4918480999767771 1.674327541142701 552.66123539209366 14.440972870215772 25.724744148552418 76.637969749048352
leaf_count=5201 2933 722 192 34 213 132 72 190 73 48 6127 164 255 553
internal_value=0.000329269 0.00106846 -0.00669396 -0.0138456 0.00640553 0.0152598 0.0294315 0.00148878 -0.00835064 -0.00532613 0.00179175 0.00442892 0.00785914 0.00961664
internal_weight=926.999 820.559 41.3833 26.7321 14.6512 10.0998 4.99016 779.175 22.4817 106.44 756.694 204.033 116.804 102.363
internal_count=16909 13928 5844 5235 609 396 204 8084 263 2981 7821 1694 972 808
is_linear=0
shrinkage=0.02


Tree=192
num_leaves=15
num_cat=0
split_feature=32 13 30 33 41 9 30 10 35 30 32 6 35 1
split_gain=8.96881 9.39737 11.1484 8.08436 7.82167 5.18448 6.57201 6.24409 11.0858 7.88411 5.18603 5.16139 11.1864 15.5003
threshold=35.500000000000007 1.0000000180025095e-35 0.6591252088546754 0.063391601366284925 0.10724554341575619 1.2541930000000008 0.24886878579854968 23.450000000000003 0.64767316017316034 0.57164406776428234 62.500000000000007 192.27500000000003 0.91445993031358896 0.18945925284793122
decision_type=2 2 8 2 2 2 10 2 2 10 2 2 2 8
left_child=3 2 -2 -1 5 7 -7 8 -3 10 -10 12 -6 -14
right_child=1 4 -4 -5 11 6 -8 -9 9 -11 -12 -13 13 -15
leaf_value=0.034127470774937392 0.0063480813567009719 0.0051885930130482587 -0.015203914842153721 0.0041747186402132496 -0.0010990991786365815 -0.0074692895513079624 0.0072156933879071851 -0.0047092723466240901 0.040109714312213239 0.00031133993911837307 0.0061303255835099078 -0.0057049771375581974 0.019910420024651251 -0.018271384245749464
leaf_weight=2.7572920210659495 12.557797380257396 58.49928907956928 34.189594799652696 110.00381123670377 523.91111619351432 27.495635613799095 20.32406054995954 14.703119470737873 7.918396298773585 4.1068819230422369 2.7597004640847445 86.432725067716092 20.00871928781271 4.4946064483374384
leaf_count=63 186 775 6515 1383 6070 232 141 180 81 58 37 948 139 82
internal_value=-6.12183e-05 -0.00079257 -0.00940268 0.00520069 -0.000258778 0.0040798 -0.001208 0.00693491 0.00930305 0.0242226 0.0326048 -0.00119185 -0.000471467 0.012465
internal_weight=930.163 817.402 46.7474 112.761 770.654 135.807 47.8197 87.9874 73.2843 14.785 10.6781 634.847 548.414 24.5033
internal_count=16890 15444 6701 1446 8743 1504 373 1131 951 176 118 7239 6291 221
is_linear=0
shrinkage=0.02


Tree=193
num_leaves=15
num_cat=0
split_feature=32 1 2 30 40 43 31 36 31 18 42 32 40 30
split_gain=9.78232 6.08222 8.64036 11.3068 8.95567 8.80558 14.7507 11.2753 8.23847 6.85267 6.48176 6.25297 6.12973 6.61136
threshold=80.500000000000014 -0.27441651264869055 1.0000000180025095e-35 0.8355957865715028 0.47140522875816998 0.22088054448289898 0.88499245047569286 0.27924076607387144 0.35143288969993597 1.0000000180025095e-35 0.0042009352725117582 38.500000000000007 0.35147058823529415 0.80844646692276012
decision_type=2 8 2 8 2 2 8 2 10 2 2 2 2 10
left_child=1 -1 3 4 12 8 -7 -8 -5 -9 -6 -10 13 -3
right_child=-2 2 -4 5 10 6 7 9 11 -11 -12 -13 -14 -15
leaf_value=0.0040854240301472491 -0.0043407666948342243 0.0016943796901682118 0.0072069924698932057 -0.0090719054052832513 -0.011563643366215515 -0.014635224668029965 -0.012841290376902754 0.0086042653059363924 0.0098472227918102208 -0.0090402509618544222 0.0051879097433909054 -0.0036260419203103717 0.011997361788921879 0.022998716255876392
leaf_weight=196.19102695584297 161.75201159249991 114.19188406690955 58.819594769272953 117.78778379340656 24.682674247771502 18.921853743027896 12.632225485984234 79.58425726625137 16.51148021267727 9.0654723793268186 13.699055100791155 63.704613828798756 37.686036165803671 5.1559949484653762
leaf_count=1324 4333 1191 367 3030 171 2289 409 1099 365 44 145 1746 373 67
internal_value=0.000114201 0.00105613 1.25987e-05 -0.000823699 0.00295374 -0.00314546 0.00112008 0.00417785 -0.0057276 0.00671919 -0.00560483 -0.000765639 0.00506783 0.00279821
internal_weight=930.386 768.634 572.443 513.623 195.416 318.208 120.204 101.282 198.004 88.6497 38.3817 80.2161 157.034 119.348
internal_count=16953 12620 11296 10929 1947 8982 3841 1552 5141 1143 316 2111 1631 1258
is_linear=0
shrinkage=0.02


Tree=194
num_leaves=15
num_cat=0
split_feature=32 0 37 11 35 25 37 44 10 0 30 15 35 34
split_gain=8.70806 8.51614 9.27667 11.3485 10.324 7.56584 7.32553 7.06926 7.96786 8.99401 6.94166 6.94603 6.84864 6.68136
threshold=42.500000000000007 0.071644037961959853 0.065591397849462371 0.97737553715705883 0.89666295884315916 1.5000000000000002 0.13100686498855837 0.89185316293149786 43.100000000000009 0.22322774678468707 0.21870286762714389 3.5000000000000004 0.86855396065922397 0.82850140056022425
decision_type=2 10 2 2 2 2 2 2 2 8 8 2 2 2
left_child=5 2 10 -4 -5 -1 -6 8 -3 -10 13 -12 -13 -2
right_child=1 7 3 4 6 -7 -8 -9 9 -11 11 12 -14 -15
leaf_value=0.0024024410317022809 0.019750064269488103 0.0066532385742084504 -0.0081522838087174816 -0.0016071187247942258 0.0031586154697929199 0.018541652395791048 0.048227073285836052 -0.0032957060105523938 -0.017828527705056954 0.0075402072623605119 -0.001793988748190566 -0.0035034154074789327 0.031741980615850901 -0.0070311406764603374
leaf_weight=214.55756815313362 11.2014227733016 121.11010626703501 153.80440110783093 13.844107061158867 2.6874271957203737 11.326704345643519 2.5418707481585443 63.422666899859905 11.371760394424198 9.4101722836494464 310.26789148291573 3.6430383473634711 3.9669387824833393 4.7545237615704528
leaf_count=3076 71 611 4516 259 36 56 29 416 57 44 7797 25 32 31
internal_value=-0.000122959 -0.00120875 -0.00259971 -0.00634586 0.00790125 0.00328988 0.0292908 0.00222007 0.00469132 -0.00652263 -0.000646587 -0.00130776 0.0164221 0.0118258
internal_weight=937.911 712.026 506.712 172.878 19.0734 225.884 5.2293 205.315 141.892 20.7819 333.834 317.878 7.60998 15.9559
internal_count=17056 13924 12796 4840 324 3132 65 1128 712 101 7956 7854 57 102
is_linear=0
shrinkage=0.02


Tree=195
num_leaves=15
num_cat=0
split_feature=13 30 24 32 32 44 37 24 44 25 41 9 36 30
split_gain=7.92929 10.5629 11.1354 7.99463 7.35331 6.42719 6.35405 5.93805 10.0101 6.4445 6.33076 7.46189 5.72128 5.27892
threshold=1.0000000180025095e-35 0.14027149975299838 2.5000000000000004 48.500000000000007 94.000000000000014 0.94876020125090255 0.20526315789473687 2.5000000000000004 0.94876020125090255 1.5000000000000002 0.12158167036215818 94.69295000000001 0.78008620689655184 0.85671192407608043
decision_type=2 10 2 2 2 2 2 2 2 2 2 2 2 10
left_child=1 2 -1 -4 6 -3 7 9 10 -2 -9 12 13 -12
right_child=4 5 3 -5 -6 -7 -8 8 -10 -11 11 -13 -14 -15
leaf_value=-0.017952382539384453 0.0012231468916160801 -0.015797542097601595 0.040123095455580085 -0.012452516686015944 -0.0049693873423961856 0.011510524082610538 -0.0047440718667819256 -0.0099500857432098435 -0.015264850750687779 -0.015828441104150315 0.0099508656061563523 -0.0055453339067199296 0.019748112371616753 -0.010697493781911191
leaf_weight=29.429089264944196 629.50058560119942 3.6144361183978644 1.5820077769458287 1.435275040566921 86.275361249223351 13.156248514540492 66.19848111178726 6.3076215386390677 6.9979292415082446 7.9957040771841994 41.366750312969089 10.540189146995543 24.527844106778502 4.7802882790565482
leaf_count=6443 7114 555 15 30 1344 175 576 28 70 39 239 69 131 31
internal_value=0.000105316 -0.00762595 -0.0141421 0.0182394 0.000543645 0.00506728 0.00114499 0.00168331 0.0063346 0.000984825 0.00821453 0.00972916 0.0120527 0.00763041
internal_weight=933.708 49.2171 32.4464 3.01728 884.491 16.7707 798.215 732.017 94.5206 637.496 87.5227 81.2151 70.6749 46.147
internal_count=16859 7218 6488 45 9641 730 8297 7721 568 7153 498 470 401 270
is_linear=0
shrinkage=0.02


Tree=196
num_leaves=15
num_cat=0
split_feature=24 0 1 44 15 31 44 43 44 38 34 41 34 1
split_gain=7.71442 9.39831 9.6942 11.6383 25.577 9.95307 11.2355 9.11388 8.43269 7.809 7.74406 7.01666 6.55793 6.53184
threshold=2.5000000000000004 0.078682314867118339 -0.27746594996977597 0.0037764462078877683 1.0000000180025095e-35 0.9566364884376527 0.0078322845620324155 0.99155172207996911 0.94876020125090255 0.061553030303030311 0.95015527950310574 0.081666666666666679 0.27374686716791991 0.12537905584628387
decision_type=2 10 8 2 2 8 2 2 2 2 2 2 2 10
left_child=1 2 11 4 -4 12 -7 -3 -2 13 -11 -1 -5 -6
right_child=8 7 3 5 9 6 -8 -9 -10 10 -12 -13 -14 -15
leaf_value=0.02214549141256077 0.0063452741949080339 0.00082441743266645348 -0.015682553900932202 0.0089439880378865966 -0.0014488349117640809 0.0095612696534024301 -0.012243225348791006 0.01133539629051054 -0.012882179052421172 -0.010118079075730346 0.003588373169826319 0.0016099694124018919 -0.00012629231500455981 0.010975861673779378
leaf_weight=6.074971303343772 106.30552374105901 207.12587523087859 80.378871211083606 42.059247578959912 47.369275853037834 11.261426572920753 42.640051423804834 38.29424113035202 9.0438433326780778 55.038221827708185 22.758835714310408 116.71947270538658 122.76146774203517 25.166589934378862
leaf_count=39 695 1152 8231 979 288 139 912 195 91 599 142 1077 2301 135
internal_value=-7.89306e-05 -0.000763719 -0.00216705 -0.00352642 -0.00664986 -0.000216496 -0.00759652 0.00250385 0.00474 -0.00174861 -0.00611373 0.0027966 0.00222826 0.0029526
internal_weight=932.998 817.649 572.228 449.434 230.712 218.722 53.9015 245.42 115.349 150.333 77.7971 122.794 164.821 72.5359
internal_count=16975 16189 14842 13726 9395 4331 1051 1347 786 1164 741 1116 3280 423
is_linear=0
shrinkage=0.02


Tree=197
num_leaves=15
num_cat=0
split_feature=32 41 40 10 43 40 40 32 10 18 37 44 38 36
split_gain=8.83671 4.93973 10.8851 6.49782 5.15015 4.88863 6.90072 5.03239 7.84146 6.62058 5.30968 6.18002 5.0679 4.70996
threshold=80.500000000000014 0.27681992337164757 0.45804195804195807 65.77500000000002 0.99772767093530346 0.52786377708978338 0.71111111111111114 29.500000000000004 124.95000000000002 1.0000000180025095e-35 0.16869918699186995 0.00049860917171340446 0.24621212121212124 0.78008620689655184
decision_type=2 2 2 2 2 2 2 2 2 2 2 2 2 2
left_child=5 3 -3 -2 13 7 -7 8 9 -1 -9 12 -12 -5
right_child=1 2 -4 4 -6 6 -8 10 -10 -11 11 -13 -14 -15
leaf_value=0.0049727027724376328 -0.0024423813087432011 -0.008309196730794062 0.035527270660547366 0.0067621520775465382 -0.0062798079064107053 -0.010171328968864787 0.012571643199948895 0.0014915793821456806 -0.016513125035924944 0.024611561120041592 0.013462921516818048 -0.0070699367183690966 -0.0065017594897320355 0.044310769817011625
leaf_weight=20.249556360533465 65.294649608200416 90.125547265633941 1.3523147287778545 3.229716465342789 2.4591809494886547 29.5115448939614 5.5780505659058681 618.95253139501438 3.5094844521954647 9.958032086491583 11.774846449028702 60.691141663352028 7.6634070726577184 1.9669276017230002
leaf_count=310 1864 2282 33 85 74 371 88 10793 21 44 155 749 89 36
internal_value=-2.11227e-05 -0.00421439 -0.007284 -0.00031874 0.015983 0.000881097 -0.0063078 0.00123346 0.0086671 0.0120279 0.000863064 -0.00395039 0.00565897 0.0258315
internal_weight=932.317 164.428 91.4779 72.9505 7.65583 767.889 35.0896 732.799 33.7171 30.2076 699.082 80.1294 19.4383 5.19664
internal_count=16994 4374 2315 2059 195 12620 459 12161 375 354 11786 993 244 121
is_linear=0
shrinkage=0.02


Tree=198
num_leaves=15
num_cat=0
split_feature=2 0 43 40 0 30 1 44 37 34 7 34 43 40
split_gain=9.36793 8.63465 13.5766 10.7951 8.49334 9.77064 9.30454 29.4264 8.61697 8.49058 8.28437 10.9128 9.56396 10.1278
threshold=1.0000000180025095e-35 0.071644037961959853 0.22088054448289898 0.13423423423423428 -0.043889037791476807 0.99095019698143016 -0.881598800420761 0.039913366222266829 0.14495798319327732 0.96981089086352257 1.0000000180025095e-35 0.56306818181818186 0.019490522383576861 0.30495169082125612
decision_type=2 10 2 2 10 10 10 2 2 2 2 2 2 2
left_child=4 2 -2 -4 5 6 7 -1 -8 -5 11 12 13 -9
right_child=1 -3 3 9 -6 -7 8 10 -10 -11 -12 -13 -14 -15
leaf_value=-0.017392212860850777 -0.016958319960803474 0.019013123493650905 0.00039735144771859527 0.023575923686093063 0.0021328061415915988 0.019712042863092648 0.00078011270961906567 0.023199919545223241 -0.0099386141459967253 -0.00045561731361091069 -0.0056498983138618432 -0.0064766611773011649 0.047691359307389568 0.00015521975202939815
leaf_weight=58.340750622330233 10.265090958680956 16.686762064695358 42.92224841285497 18.595074688084427 356.73401466198266 7.2049661739729336 284.42107385117561 11.463750212686138 32.525477825663984 8.3490532673895341 44.964128567371517 17.568285449407995 1.9140336795244355 19.698236075928435
leaf_count=8247 88 84 303 135 2521 162 2336 344 404 47 1414 405 79 347
internal_value=0.000486688 0.00634246 0.00350207 0.00670508 -0.000199199 -0.00194004 -0.0023124 -0.00632901 -0.000347656 0.0163796 0.00053196 0.0060236 0.0126583 0.00909057
internal_weight=931.653 96.8182 80.1315 69.8664 834.835 478.101 470.896 153.949 316.947 26.9441 95.6084 50.6443 33.076 31.162
internal_count=16916 657 573 485 16259 13738 13576 10836 2740 182 2589 1175 770 691
is_linear=0
shrinkage=0.02


Tree=199
num_leaves=15
num_cat=0
split_feature=32 10 10 30 19 25 41 19 19 19 33 10 34 30
split_gain=9.45878 8.44141 6.74671 6.27861 6.05137 5.49471 9.15806 5.81865 4.6282 6.81392 4.62534 7.62426 4.48824 5.42554
threshold=44.500000000000007 124.95000000000002 1.5000000000000002 0.054298643022775657 85.875000000000014 1.5000000000000002 0.26614583333333336 11.100000000000001 30.400000000000002 50.125000000000007 0.74203692432542112 26.050000000000004 0.28250805152979069 0.22473604977130893
decision_type=2 2 2 8 2 2 2 2 2 2 2 2 2 8
left_child=1 4 -2 -4 5 7 -7 10 -9 -10 12 -12 -1 -14
right_child=2 -3 3 -5 -6 6 -8 8 9 -11 11 -13 13 -15
leaf_value=-0.0071203084601178628 -0.016645878552298446 -0.010360319884523659 0.017993389685861321 -0.0010208647380053567 -0.017867818399480796 0.027787790001948726 -0.0035817158544600614 0.02124576368349354 -0.0072806872260239852 0.014407513553115219 0.01841349870912411 0.0024405146142090525 0.01607806887590689 0.00094802761809942998
leaf_weight=23.615487956209108 9.9568348205648345 15.879560620058326 6.0243271701037875 641.1288325516507 3.8872777372598639 8.9468654692172986 5.6188106834888449 11.579197140410541 8.9994662106037158 13.154374822974203 16.488151137251407 38.975403158925474 9.3779781088232976 111.58878379431553
leaf_count=814 2265 117 32 10970 22 47 27 59 47 63 269 457 47 1688
internal_value=0.000210809 0.00336952 -0.00108116 -0.000816374 0.0042714 0.00468821 0.0162341 0.00390276 0.0114698 0.00566327 0.00257605 0.00743096 0.000675393 0.00224319
internal_weight=925.221 268.111 657.11 647.153 252.232 248.345 14.5657 233.779 33.733 22.1538 200.046 55.4636 144.582 120.967
internal_count=16924 3657 13267 11002 3540 3518 74 3444 169 110 3275 726 2549 1735
is_linear=0
shrinkage=0.02


Tree=200
num_leaves=15
num_cat=0
split_feature=34 31 30 44 41 43 44 29 31 38 27 12 44 42
split_gain=6.18169 10.8136 8.97396 7.92373 8.17764 7.79645 6.40637 6.28519 12.579 5.64621 6.09755 7.02121 5.5883 7.1427
threshold=0.84699879951980805 0.94570136070251476 0.27752640843391424 0.0014321874361862489 1.296703296703297 0.00059645281015236623 0.99820222078677834 1.0000000180025095e-35 0.34690800309181219 0.66025641025641035 1.0000000180025095e-35 0.21266968548297885 0.00065550196489552466 0.0013369628185627106
decision_type=2 10 8 2 2 2 2 2 8 2 2 2 2 2
left_child=1 2 5 4 9 -1 -4 -5 -9 10 11 -2 13 -13
right_child=3 -3 6 7 -6 -7 -8 8 -10 -11 -12 12 -14 -15
leaf_value=-0.0097804210809178255 -0.0059734557422944255 0.013460902510410639 -0.0033795453685521804 -0.0034076551027214697 -0.012272554706954002 0.0099647443677110224 0.010938281842357758 0.037851766293280568 -0.0050339629434510633 0.024902852959732057 0.0019826004171182182 0.017997129761307098 0.021114654605574254 8.6062995728001303e-05
leaf_weight=9.1944995597004873 9.4946437999606115 17.176673398120329 486.89682647190057 126.36704236781225 10.906464796513317 38.183572264388204 11.875594932585953 3.5573724098503563 6.3472263212315747 4.4866449050605288 146.75866362918168 13.903449043631552 17.767011921852827 22.154714561998844
leaf_count=58 68 154 13720 971 74 234 180 28 53 32 1119 71 106 165
internal_value=-0.000414521 -0.00172349 -0.00222477 0.00162301 0.00391766 0.00600991 -0.00301744 -0.00217455 0.0124277 0.00479373 0.00424832 0.00938718 0.0121563 0.00729157
internal_weight=925.07 563.327 546.15 361.743 225.472 47.3781 498.772 136.272 9.9046 214.565 210.078 63.3198 53.8252 36.0582
internal_count=17033 14346 14192 2687 1635 292 13900 1052 81 1561 1529 410 342 236
is_linear=0
shrinkage=0.02


Tree=201
num_leaves=15
num_cat=0
split_feature=13 30 37 32 1 1 32 17 32 40 15 12 40 12
split_gain=7.77681 10.8091 5.5853 6.76409 8.70089 5.44826 5.84199 8.55892 7.90039 5.84617 5.93563 5.76111 5.62503 7.16061
threshold=1.0000000180025095e-35 0.85671192407608043 0.23885918003565065 42.500000000000007 -0.68589740991592396 0.30869740589203071 31.500000000000004 1.0000000180025095e-35 109.00000000000001 0.27149877149877155 1.5000000000000002 0.71644043922424328 0.26568627450980398 0.24132730066776278
decision_type=2 8 2 2 10 10 2 2 2 2 2 2 2 2
left_child=1 -1 5 -4 -5 6 9 8 -8 -2 -11 -9 -7 -14
right_child=2 -3 3 4 -6 12 7 11 -10 10 -12 -13 13 -15
leaf_value=0.0056352129986944315 0.00072065501299964244 -0.014208721790893926 0.0044394151674088597 0.0087350383675855528 -0.016258886257540513 0.012415847965648982 -0.00057863799805575903 0.0064633128181471912 -0.012779547672087464 0.0063999104664974162 0.027199629884827665 -0.0030124142976691399 -0.014332429694999781 0.0085279829343342436
leaf_weight=15.816239700186996 29.799791228957474 31.873882490675896 16.004127874039114 6.3552290364168575 25.679532840847969 31.070368286222219 557.58872918598354 113.77103308215737 21.075290070381016 16.966256145387892 7.80471546947956 32.406354296952486 8.3218205645680445 12.310561832040547
leaf_count=375 237 6879 119 101 185 202 7040 645 552 172 35 186 56 87
internal_value=0.000133871 -0.00764699 0.000564156 -0.00599612 -0.0111861 0.000950093 0.000528564 4.93695e-05 -0.00104428 0.00677809 0.0137545 0.00435643 0.00717398 -0.000928797
internal_weight=926.844 47.6901 879.154 48.0389 32.0348 831.115 779.412 724.841 578.664 54.5708 24.771 146.177 51.7028 20.6324
internal_count=16871 7254 9617 405 286 9212 8867 8423 7592 444 207 831 345 143
is_linear=0
shrinkage=0.02


Tree=202
num_leaves=15
num_cat=0
split_feature=0 42 9 1 36 1 42 15 36 30 30 9 9 42
split_gain=9.66591 6.81387 11.6083 8.49966 9.77154 7.64171 10.3461 8.98184 7.28348 7.08443 5.86644 5.71131 5.63358 5.44291
threshold=0.27766698336463874 0.99841769497333799 0.49989500000000009 -0.27746594996977597 0.080981717011128787 -0.3232495379460717 0.99818584517652909 1.0000000180025095e-35 0.91521640435835361 0.97285065054893505 0.56259429454803478 0.9987275000000001 19.600000000000005 0.0027132840278467044
decision_type=10 2 2 8 2 10 2 2 2 8 8 2 2 2
left_child=1 3 -3 4 -1 6 7 8 -6 -8 13 -2 -9 -5
right_child=11 2 -4 10 5 -7 9 12 -10 -11 -12 -13 -14 -15
leaf_value=0.034131666923105389 -0.0002995882374727518 -0.019547734803864802 -0.0021614947551775272 -0.00095532417010107755 0.027977328267454641 0.014374194071870129 0.00075798329617899024 -0.0069252993716935468 -0.0075007664324844682 0.031853782266597221 -0.0015509575515552188 0.0093798134895241216 0.0035653206427761429 0.0084971497943147328
leaf_weight=3.4967662058770648 37.201023422181606 16.423976646736264 132.96806990494952 47.432143553160131 6.2766491100192052 22.351280875504017 5.0605292879044983 49.884309645742178 2.8746675029397011 6.1299280840903529 445.77994176815264 69.438642278313637 33.450206112116575 48.716729251667857
leaf_count=20 214 1521 1603 319 45 144 39 397 22 43 11553 370 230 421
internal_value=0.000396489 -0.000342063 -0.00419019 0.000519066 0.00510098 0.00403314 0.00168772 -0.000588804 0.0171917 0.0190074 -0.000583418 0.00603176 -0.00272205 0.00387222
internal_weight=927.485 820.845 149.392 671.453 129.524 126.028 103.676 92.4858 9.15132 11.1905 541.929 106.64 83.3345 96.1489
internal_count=16941 16357 3124 13233 940 920 776 694 67 82 12293 584 627 740
is_linear=0
shrinkage=0.02


Tree=203
num_leaves=15
num_cat=0
split_feature=13 0 44 31 32 37 36 44 25 44 37 35 12 3
split_gain=9.85204 8.60208 9.8553 9.44882 7.978 7.11733 6.15744 5.95596 9.31159 5.77701 5.56461 6.90426 5.43842 11.8281
threshold=1.0000000180025095e-35 -0.040530845271266193 0.0011106092861286787 0.57164406776428234 42.500000000000007 0.23303167420814483 0.94604989604989609 0.98550159624748968 2.5000000000000004 0.9969834819745389 0.26969696969696971 0.60063291139240516 0.61085975170135509 1.0000000180025095e-35
decision_type=2 8 2 10 2 2 2 2 2 2 2 2 2 2
left_child=7 2 -2 12 -3 6 -6 8 -1 -8 -7 -12 13 -4
right_child=1 4 3 -5 5 10 9 -9 -10 -11 11 -13 -14 -15
leaf_value=-0.019298119349413213 -0.0097906808146578372 0.005167910223042825 -0.012557786470407934 -0.012056594937259144 -3.0493789898864438e-05 -0.018102372133917462 0.010589608669538005 -0.00097288418431198162 0.01534134237146577 -0.016561096929330072 0.0093836077015058399 -0.013835501238596219 0.011186910548035901 0.0030344261260343819
leaf_weight=23.825956800719727 64.38161653233692 158.78560132347047 23.469130735844374 23.312122013419867 419.66615749709308 13.710753549821673 34.722219154238701 20.568257347680628 2.7938188482075921 2.5473446734249583 9.9655291968956607 8.6283866930752975 18.733548872172832 94.078722011763602
leaf_count=6277 2245 957 271 452 3366 112 227 1002 43 25 68 66 168 1666
internal_value=-0.000366543 0.000119801 -0.00325042 -0.000567474 0.00128785 2.05855e-05 0.000669764 -0.00916982 -0.0152388 0.00834962 -0.00890616 -0.00154728 0.00147135 -0.000158322
internal_weight=919.189 872.001 223.975 159.594 648.026 489.24 456.936 47.188 26.6198 37.2696 32.3047 18.5939 136.281 117.548
internal_count=16945 9623 4802 2557 4821 3864 3618 7322 6320 252 246 134 2105 1937
is_linear=0
shrinkage=0.02


Tree=204
num_leaves=15
num_cat=0
split_feature=32 37 32 13 34 26 11 11 10 37 37 15 5 37
split_gain=7.90175 8.76291 6.92803 6.45258 7.9841 5.87322 5.3658 5.91648 5.15469 5.12249 4.92073 12.7709 7.91176 7.05831
threshold=41.500000000000007 0.23303167420814483 132.50000000000003 1.0000000180025095e-35 0.22492095429721187 1.0000000180025095e-35 0.21266968548297885 0.13273002207279208 124.95000000000002 0.058257918552036207 0.027402402402402406 3.5000000000000004 1.0000000180025095e-35 0.030776515151515155
decision_type=2 2 2 2 2 2 2 2 2 2 2 2 2 2
left_child=5 2 3 4 9 8 7 -5 -1 -2 11 -8 13 -12
right_child=1 -3 -4 6 -6 -7 10 -9 -10 -11 12 -13 -14 -15
leaf_value=0.0037318067129150762 0.030615625992710119 -0.010037120998539905 -0.010886510976439001 -0.0071845424424438684 -0.011088825174124311 0.018146891287253164 -0.0024071685968383295 0.023374153850563979 -0.009857825257931668 -0.011395681447641167 0.018632917812548801 0.027162572936124809 -0.0032530122229092696 0.0028881763847687157
leaf_weight=187.4297870027367 2.3711681081913407 36.924267350230366 22.274653661763296 3.1069442825391871 32.485913422424346 9.7681905627250654 245.88762137619779 7.2025422286242247 10.920461534289641 1.1262766071595249 10.950372348539529 4.9874339327216139 88.914257917553186 267.09264891128987
leaf_count=2707 158 470 731 32 5220 46 2928 58 86 214 147 32 771 3360
internal_value=0.000310738 -0.00067834 -0.000161023 0.000214535 -0.00790462 0.00373512 0.000691469 0.0143438 0.00293791 0.0175611 0.000440848 -0.00171381 0.00191456 0.00357282
internal_weight=931.443 723.324 686.4 664.125 35.9834 208.118 628.142 10.3095 198.35 3.49744 617.832 250.875 366.957 278.043
internal_count=16960 14121 13651 12920 5592 2839 7328 90 2793 372 7238 2960 4278 3507
is_linear=0
shrinkage=0.02


Tree=205
num_leaves=15
num_cat=0
split_feature=1 34 42 9 30 44 34 1 22 9 12 3 1 10
split_gain=8.23954 8.4859 9.85044 27.7462 9.77248 19.0226 8.52741 8.62425 7.73574 7.27819 8.30834 8.72991 8.0953 7.2179
threshold=0.30869740589203071 0.68650392107260316 0.55233124286261204 0.49989500000000009 0.86274510622024547 0.71582374483794953 0.25211864406779666 -0.39356266662250788 1.0000000180025095e-35 2.0195735000000004 0.7828054428100587 1.0000000180025095e-35 -0.43476620316505427 138.10000000000002
decision_type=10 2 2 2 8 2 2 10 2 2 2 2 8 2
left_child=1 2 6 -4 -3 9 -1 -8 -5 10 11 -6 -11 -7
right_child=-2 4 3 8 5 13 7 -9 -10 12 -12 -13 -14 -15
leaf_value=0.0071693697120794311 0.0081282673067488327 0.0055301140441129069 -0.020659687669532474 -0.002919759111456758 0.0093390459809892541 -0.011748598532632692 -0.0045801270716736174 0.006167382229144789 0.014828509327440656 0.0069335115185188492 0.025890830703278765 -0.012421891699129821 -0.0013589449598032724 0.018278936198085283
leaf_weight=45.525397916091606 50.851689126342535 161.92915085935965 39.131306906230748 36.876674366882071 32.811392703326419 60.401843890082091 146.56877723522484 36.521908551454544 12.279585979878901 58.546796195209026 8.1793700566049647 8.504875013837589 224.14419184578583 2.5070685409009448
leaf_count=1039 334 1218 3077 1165 481 761 5751 254 65 400 90 620 1658 30
internal_value=0.000382144 -7.73583e-05 -0.00268537 -0.0083189 0.00140855 -0.000290362 -0.000483041 -0.00241442 0.00172114 0.00162752 0.00862172 0.00467191 0.000376853 -0.0102846
internal_weight=924.78 873.928 316.904 88.2876 557.025 395.096 228.616 183.091 49.1563 332.187 49.4956 41.3163 282.691 62.9089
internal_count=16943 16609 11351 4307 5258 4040 7044 6005 1230 3249 1191 1101 2058 791
is_linear=0
shrinkage=0.02


Tree=206
num_leaves=15
num_cat=0
split_feature=32 30 43 40 0 40 8 0 37 24 19 40 32 7
split_gain=9.67655 12.0218 7.4587 5.71185 8.68369 5.16298 7.00725 6.62808 9.13102 7.87644 7.16307 6.47226 5.95803 7.05449
threshold=59.500000000000007 0.27752640843391424 0.0007009199705875585 0.04819976771196284 0.049383543285982316 0.38675213675213682 4.5000000000000009 0.097934105055353285 0.18465909090909094 1.5000000000000002 91.800000000000011 0.32795698924731187 57.500000000000007 3.5000000000000004
decision_type=2 8 2 2 10 2 2 10 2 2 2 2 2 2
left_child=5 2 -2 4 -3 7 -7 8 9 11 -11 -1 13 -13
right_child=1 3 -4 -5 -6 6 -8 -9 -10 10 -12 12 -14 -15
leaf_value=-0.0011571033711890893 -0.0089367531489278826 -0.001915391359508191 0.017868681865807146 -0.0042027607623673106 0.019111843897073127 -0.0032511856733075163 0.026060999264978398 0.0072084546041529642 -0.0088507137704513968 0.0084060269067639699 -0.014907749724558581 0.012268287065542914 0.029412801556531851 -0.0063462123613774206
leaf_weight=189.75484726810828 4.7476982437074211 27.654744697734714 16.679973536171019 312.45108676934615 9.8895159289240819 98.79340200079605 2.3790449905209234 99.191789254546165 30.844484168570489 91.718090314418077 4.6934542059898368 19.079277557786554 3.6012987359426907 12.883899055887015
leaf_count=4848 36 960 115 7413 49 1218 19 544 467 490 27 434 63 249
internal_value=7.75676e-05 -0.00241546 0.0117958 -0.00331664 0.00397553 0.00175353 -0.00231359 0.00266746 0.00137314 0.0023777 0.00712969 0.000321856 0.0080287 0.00480015
internal_weight=924.363 371.423 21.4277 349.995 37.5443 552.94 101.172 451.767 352.575 321.731 96.4115 225.319 35.5645 31.9632
internal_count=16932 8573 151 8422 1009 8359 1237 7122 6578 6111 517 5594 746 683
is_linear=0
shrinkage=0.02


Tree=207
num_leaves=15
num_cat=0
split_feature=27 0 1 40 41 30 34 23 31 2 0 1 34 1
split_gain=6.3505 6.62573 10.5711 15.3836 9.94272 8.81143 8.20368 8.12866 7.51599 7.20849 7.22256 12.3557 11.4898 6.57217
threshold=3.5000000000000004 -0.064859337675382919 -0.78695324063301075 0.26393188854489169 0.31503759398496245 0.33031675219535833 0.86967844202898559 1.0000000180025095e-35 0.75829562544822704 1.0000000180025095e-35 -0.0011391047976413828 -0.1598793342709541 0.68394199785177234 0.024132743477821354
decision_type=2 10 10 2 2 8 2 2 10 2 10 10 2 8
left_child=1 2 3 5 8 -1 -6 -8 -4 10 11 12 -3 -12
right_child=-2 9 4 -5 6 -7 7 -9 -10 -11 13 -13 -14 -15
leaf_value=0.021172026911884915 0.031805108732754654 0.0019960205927139815 0.002594255616293068 -0.00031429888638060983 -0.0080805763011800331 -0.014250290281135738 -0.002726079851482622 0.0087942611623616513 0.019908053847757491 0.014079550911290917 -0.0028104426013738026 -0.0031677460108716715 0.029145430065398058 0.0029580618037702549
leaf_weight=2.0738319512456647 1.5094438814558078 10.900448213331403 179.84989034570754 89.00709824427031 73.21879100240767 66.228469412075356 91.578423095867038 32.316657565534115 9.6655100192874652 17.728762552142143 146.86144818738103 19.261849166825414 14.07507981173694 168.65421579964459
leaf_count=24 67 235 1196 3448 927 7535 676 245 84 89 848 165 182 1196
internal_value=3.23509e-05 -5.41219e-05 -0.00146594 -0.00581921 0.000315737 -0.0128848 -0.00282217 0.000325227 0.00357714 0.00197876 0.00134505 0.00881879 0.0178292 0.00027263
internal_weight=922.93 921.42 543.939 157.309 386.629 68.3023 197.114 123.895 189.515 377.482 359.753 44.2374 24.9755 315.516
internal_count=16917 16850 14135 11007 3128 7559 1848 921 1280 2715 2626 582 417 2044
is_linear=0
shrinkage=0.02


Tree=208
num_leaves=15
num_cat=0
split_feature=32 0 44 31 9 42 37 32 4 12 30 38 41 37
split_gain=8.87213 8.35954 9.54883 8.38822 7.27497 6.47482 5.96117 6.3028 5.69587 5.62151 5.39803 5.62775 4.97415 4.89315
threshold=80.500000000000014 0.23529411107301715 0.95987788521857442 0.89894419908523571 0.49989500000000009 0.24738599827581656 0.10435571687840291 27.500000000000004 1.0000000180025095e-35 0.21266968548297885 0.27300152182579046 0.063164893617021281 0.17206290471785388 0.18898809523809526
decision_type=2 10 2 8 2 2 2 2 2 2 8 2 2 2
left_child=1 6 4 9 5 -3 -1 -8 -9 -4 11 -2 -11 -6
right_child=10 2 3 -5 13 -7 7 8 -10 12 -12 -13 -14 -15
leaf_value=0.0016069943639062736 -0.0077636751277848168 0.01111535907731025 -0.0046052359994507705 -0.019250430691842294 0.019009051893721592 -0.019581856604420293 0.015084574924837071 -0.013283199863339224 -0.0021183824097643785 0.017803535006331823 -0.0046190417970024744 0.022609037283195715 -0.0020020916827290037 0.004343334704144817
leaf_weight=506.01347702648491 3.3962676096707565 4.7509928643703443 17.62820453196764 6.7471331208944312 34.52300913631916 4.3212814033031464 6.5262680226005605 20.35105324536562 131.40506661497056 12.550480075180532 155.17417566175573 5.116397013887763 7.8106648102402678 13.195371344685553
leaf_count=9476 22 23 97 44 175 37 81 1257 1204 71 4310 42 50 67
internal_value=0.000464589 0.00136867 0.00668429 -0.000247423 0.0120545 -0.00399872 0.000547431 -0.00282871 -0.00369278 0.0035348 -0.00374784 0.0109491 0.0104679 0.015126
internal_weight=929.51 765.823 101.527 44.7365 56.7907 9.07227 664.296 158.282 151.756 37.9893 163.687 8.51266 20.3611 47.7184
internal_count=16956 12582 564 262 302 60 12018 2542 2461 218 4374 64 121 242
is_linear=0
shrinkage=0.02


Tree=209
num_leaves=15
num_cat=0
split_feature=32 37 37 24 44 43 30 30 43 25 10 35 37 38
split_gain=8.09582 5.63201 7.655 6.14363 9.47239 6.95982 6.92439 8.88013 6.38394 5.53629 5.33596 8.35803 6.67223 6.33084
threshold=76.500000000000014 0.18898809523809526 0.32051282051282054 2.5000000000000004 0.85118042413256967 0.0008995385296083708 0.82956260442733776 0.80392158031463634 0.00072354947554300415 1.5000000000000002 1.5000000000000002 0.18006211180124226 0.054804804804804812 0.17914438502673799
decision_type=2 2 2 2 2 2 8 10 2 2 2 2 2 2
left_child=1 3 -3 6 5 8 7 -1 -5 10 -8 12 -12 -14
right_child=-2 2 -4 4 -6 -7 9 -9 -10 -11 11 -13 13 -15
leaf_value=0.0024838289305937717 -0.0040481868859530363 -0.0094142725953997933 0.0047412838750323302 0.0080449968316536041 -0.01380258288567052 0.011805402759587955 -0.017439665246092743 0.023435044352132946 -0.012128194209778662 -0.017563935630942308 0.0036967770659362769 -0.00097247068115598114 0.056833273924429946 -0.0015641900090993944
leaf_weight=196.35394388623536 187.20463323034346 45.98162730387412 21.90155354491435 12.957899738103153 7.8279675729572764 57.311577858403325 6.5939395064488044 7.465949857607483 10.408359812572597 7.1055646613240233 5.1912868276704094 351.9827605234459 1.541786670451984 0.9751509993802755
leaf_count=1808 5072 602 198 74 75 292 1813 90 65 32 150 6554 55 53
internal_value=-0.000347523 0.000601061 -0.00484465 0.0011628 0.00603839 0.00810893 0.000406051 0.00336195 -0.00106999 -0.00121213 -0.000847965 -0.000496295 0.0188622 0.0401965
internal_weight=920.804 733.599 67.8832 665.716 88.5058 80.6778 577.21 203.82 23.3663 373.39 366.285 359.691 7.70822 2.51694
internal_count=16933 11861 800 11061 506 431 10555 1898 139 8657 8625 6812 258 108
is_linear=0
shrinkage=0.02


Tree=210
num_leaves=15
num_cat=0
split_feature=2 13 44 33 36 37 42 41 44 42 19 15 30 1
split_gain=7.08782 5.28202 12.5981 4.78284 4.87817 4.86193 6.10299 5.62502 5.17925 4.80022 4.71642 5.83555 4.4752 4.38084
threshold=1.0000000180025095e-35 1.0000000180025095e-35 0.94876020125090255 0.42136243386243394 0.12233560090702948 0.0149895178197065 0.0011814283286003938 0.081666666666666679 0.9981805314731943 0.0013195148246757042 79.15000000000002 3.5000000000000004 0.27300152182579046 -0.68589740991592396
decision_type=2 2 2 2 2 2 2 2 2 2 2 2 8 8
left_child=1 2 -1 12 -5 7 -7 8 -6 -9 13 -12 -4 -3
right_child=-2 10 3 4 5 6 -8 9 -10 -11 11 -13 -14 -15
leaf_value=-0.017570612305190317 0.0050092701422891264 0.0078090020280678733 0.015054101353529 -0.0092927495444196581 -0.011909907982066092 0.032986616210589945 -0.013793883362677175 -0.0076361365974184229 0.028428824331062953 0.042999674897485213 -0.019429600618603445 0.0020933003086054162 -0.017939584380774025 -0.00025095974922246535
leaf_weight=22.127796491608024 100.43719099112786 27.008178496733308 1.3886142820119882 3.5928268148563793 2.5849562510848032 0.48838937701657448 3.4935205490328372 0.56485324027016748 0.98530049622058857 3.8347457046620548 10.1496871560812 8.871720477938652 5.1992149692960083 729.81130363093689
leaf_count=6055 674 217 6 71 119 20 179 28 27 169 96 63 488 8694
internal_value=2.16662e-05 -0.000594519 -0.00723599 0.00340938 0.00931544 0.0151949 -0.00258659 0.0233768 0.00300711 0.0362884 -0.000206809 -0.009788 -0.00991758 4.65965e-05
internal_weight=920.538 820.101 44.2602 22.1324 15.5446 11.9518 3.98191 7.96986 3.57026 4.3996 775.841 19.0214 6.58783 756.819
internal_count=16906 16232 7162 1107 613 542 199 343 146 197 9070 159 494 8911
is_linear=0
shrinkage=0.02


Tree=211
num_leaves=15
num_cat=0
split_feature=0 37 40 2 34 41 36 44 0 40 31 0 35 1
split_gain=7.17387 12.0271 11.3071 6.6473 6.52951 10.5102 9.46949 8.93629 8.64543 8.46415 7.63806 8.5133 7.6786 7.36353
threshold=0.097934105055353285 0.075498575498575513 0.1126984126984127 1.0000000180025095e-35 0.95356537809949182 0.27681992337164757 0.61297335203366077 0.043623071708209081 0.02187028527259827 0.16472868217054268 0.28808447718620306 -0.60897433757781971 0.6378430682617876 -0.20814480632543561
decision_type=10 2 2 2 2 2 2 2 8 2 8 10 2 10
left_child=1 4 -2 -4 5 6 10 9 -8 -6 11 -1 -13 -14
right_child=2 -3 3 -5 7 -7 8 -9 -10 -11 -12 12 13 -15
leaf_value=-0.0064602764107915015 0.01173414070199537 -0.0043503855837119434 0.00014466719800230679 0.014362060777704811 0.002497864365437022 -0.0040531352138267248 0.0025782139383774948 -0.0051008349436768964 0.014296161858684644 0.017181018529031283 -0.0039643524082409497 0.0051984455191310223 0.036822317977179435 -0.0044197689766728851
leaf_weight=14.025421379134057 51.800928678363562 216.27748791943304 171.90543881431222 13.246143192052839 30.974109584465623 142.26198777602986 63.923543849028647 19.821036495268345 41.171563925454393 31.704613221809268 92.216346211964265 21.588809736073021 6.2161772800609452 2.0178454592823982
leaf_count=931 273 5158 967 67 204 3333 1271 190 1182 191 2771 237 74 14
internal_value=0.000578517 -0.0004638 0.00356874 0.0012335 0.00134578 0.000241433 0.00278111 0.00641392 0.00726026 0.0100782 -0.00070628 0.00608132 0.0119978 0.0273313
internal_weight=919.151 682.199 236.953 185.152 465.921 383.422 241.16 82.4998 105.095 62.6787 136.065 43.8483 29.8228 8.23402
internal_count=16863 15556 1307 1034 10398 9813 6480 585 2453 395 4027 1256 325 88
is_linear=0
shrinkage=0.02


Tree=212
num_leaves=15
num_cat=0
split_feature=0 40 1 38 2 36 11 35 37 34 36 11 15 40
split_gain=7.3933 12.6776 10.1366 10.0611 7.86612 7.63818 8.72263 7.56214 7.46256 7.32214 7.04872 8.01648 6.26058 6.25436
threshold=0.067263661553028362 0.11651583710407241 -0.20494951590939584 0.064172958133150312 1.0000000180025095e-35 0.18109695152423791 0.72398191690444957 0.80781966377992875 0.24621212121212124 0.96172161172161186 0.40511785246617199 0.79185521602630626 1.5000000000000002 0.43303571428571436
decision_type=10 2 8 2 2 2 2 2 2 2 2 2 2 2
left_child=2 -2 5 -4 12 7 9 -1 13 -7 -8 -12 -5 -3
right_child=1 8 3 4 -6 6 10 -9 -10 -11 11 -13 -14 -15
leaf_value=0.025443533359785015 0.010839141090206641 0.0029181307851511352 -0.00069325243513522537 -0.010617325921940647 0.0045881791411250365 -0.013827099600054951 0.020373470852095458 0.0017418743788386354 -0.012443471272469054 0.010389688067528512 -0.011441583196828429 0.0034093644569526578 -0.00036639321099089041 -0.0076032452294331138
leaf_weight=9.7866059169173258 57.872306708246469 159.04673601686954 281.0375540482346 115.50124475057237 20.295099945971742 23.074899096973244 7.7029372658580533 11.067884564399717 15.901290219277142 5.5138023346662512 15.289750983938573 135.60962529480457 30.051748904399574 25.340559627860785
leaf_count=89 303 903 7743 5466 150 233 55 91 78 43 142 1116 278 148
internal_value=-0.000180077 0.0026801 -0.00130987 -0.00300551 -0.00689611 0.00232935 0.00101743 0.0135199 0.000280457 -0.00896321 0.00286137 0.00183919 -0.0085178 0.00143895
internal_weight=913.092 258.161 654.931 446.886 165.848 208.046 187.191 20.8545 200.289 28.5887 158.602 150.899 145.553 184.387
internal_count=16838 1432 15406 13637 5894 1769 1589 180 1129 276 1313 1258 5744 1051
is_linear=0
shrinkage=0.02


Tree=213
num_leaves=15
num_cat=0
split_feature=19 35 37 31 7 33 36 43 36 41 9 36 19 11
split_gain=5.78751 5.53574 6.95652 7.17746 6.76895 8.59213 10.1123 7.45528 6.27518 6.00055 6.29412 6.16562 5.99964 6.77154
threshold=89.175000000000011 0.45066075465136507 0.067816091954023008 0.84615385532379161 3.5000000000000004 0.73827838827838843 0.710655314757482 0.004213393860802799 0.14318783068783072 0.4919354838709678 2.4334002500000005 0.93576254826254834 14.875000000000002 0.96870285272598278
decision_type=2 2 2 10 2 2 2 2 2 2 2 2 2 2
left_child=1 2 -1 -4 5 6 -3 8 -6 11 -11 -9 -10 -14
right_child=-2 4 3 -5 7 -7 -8 9 12 10 -12 -13 13 -15
leaf_value=-0.00014603587323073802 -0.012365284457149902 0.0049609597946753334 -0.010257841560840291 0.0096364861576652451 0.0055092246737518859 0.010885202346663703 -0.0038987125991786532 -0.00010405484100761815 -0.0066424250261427733 -0.0097724682543696914 0.01888719601910022 0.011913232838595543 -0.0022213001102778722 0.013818265986833477
leaf_weight=148.29787614056841 13.824391731992362 144.5184998488985 58.712697654264048 7.4591515965294084 30.406037345994264 50.758482719771564 78.887810793705285 144.02232615090907 131.56630048225634 3.1721754970494684 14.174734811764209 18.37229912285693 61.591888137161732 11.658762313425539
leaf_count=4818 118 1756 2591 82 319 623 1181 2417 2080 72 81 217 506 87
internal_value=3.00689e-05 0.000233168 -0.0025656 -0.0079052 0.00110665 0.00353916 0.00182906 -0.000505139 -0.0028433 0.00255355 0.0133993 0.0013201 -0.00410401 0.000483319
internal_weight=917.423 903.599 214.47 66.1718 689.129 274.165 223.406 414.965 235.223 179.742 17.3469 162.395 204.817 73.2507
internal_count=16948 16830 7491 2673 9339 3560 2937 5779 2992 2787 153 2634 2673 593
is_linear=0
shrinkage=0.02


Tree=214
num_leaves=15
num_cat=0
split_feature=35 12 0 44 38 34 38 0 12 44 27 34 0 9
split_gain=7.38755 8.92633 9.03632 9.75013 7.5997 9.33123 8.60668 6.79921 8.64499 7.23094 6.85981 7.11122 9.19111 6.58837
threshold=0.47424845269672861 0.91817495226860057 0.26851867140138225 0.0029448583185351547 0.30860805860805868 0.61684397163120586 0.32287644787644793 -0.16289592534303662 0.7828054428100587 0.0021405722695655971 1.5000000000000002 0.2703810367744795 0.19911868082665465 0.9987275000000001
decision_type=2 2 10 2 2 2 2 8 2 2 2 2 8 2
left_child=1 2 3 -1 7 -6 -7 8 -2 -9 11 12 -11 -5
right_child=4 -3 -4 13 5 6 -8 9 -10 10 -12 -13 -14 -15
leaf_value=-0.010002557893510899 -0.0041744275157419184 0.026621801860891938 0.0051457791642510872 0.0022924288223152458 -0.019613329421005795 -0.019652182852031679 0.00019215281362528668 0.005522459090427945 0.011750316637486944 -0.011613616573120275 0.006197461167979648 -0.0040455628785466451 0.022746788324447813 -0.0082334734983651875
leaf_weight=87.911927654640749 99.655806263908744 3.0615282354410729 40.911766100674868 74.182692683767527 11.309286560630424 8.4676244284491968 113.86528877844103 261.73660682048649 14.794050956610588 3.9512029197067005 52.77093722159043 107.9593510820996 8.199042887426911 33.814790157135576
leaf_count=5158 1838 29 222 1948 482 78 880 3652 135 41 736 1059 131 497
internal_value=0.000189784 -0.00282232 -0.0033133 -0.00509698 0.00125072 -0.00301105 -0.00132964 0.00229162 -0.00203201 0.00343224 0.000254133 -0.00238672 0.0115395 -0.00104861
internal_weight=922.592 239.883 236.821 195.909 682.709 133.642 122.333 549.067 114.45 434.617 172.881 120.11 12.1502 107.997
internal_count=16886 7854 7825 7603 9032 1440 958 7592 1973 5619 1967 1231 172 2445
is_linear=0
shrinkage=0.02


Tree=215
num_leaves=15
num_cat=0
split_feature=0 44 35 33 33 19 42 37 21 35 36 30 26 30
split_gain=6.02793 10.0592 6.70274 4.99895 11.2543 7.7629 6.98867 5.78986 6.25343 4.6663 8.48529 5.66078 4.42855 5.41264
threshold=-0.40639238809970507 0.0014321874361862489 0.12706919945725917 0.96318879855465223 0.96677704194260505 88.750000000000014 0.0010915343653221876 0.051956815114709856 1.5000000000000002 0.17694497153700192 0.65314351547070448 0.8431372642517091 2.5000000000000004 0.87028658390045177
decision_type=8 2 2 2 2 2 2 2 2 2 2 8 2 10
left_child=1 -1 -2 5 -5 12 -6 8 -8 10 -3 -11 13 -4
right_child=2 9 3 4 6 -7 7 -9 -10 11 -12 -13 -14 -15
leaf_value=-0.017138854515793226 -0.013451283823975724 -0.0086084283266907712 0.001584818784565927 0.035666720447824297 -0.014845173802197544 -0.015248046750512674 0.01610694332360919 -0.0016106686151202655 -0.016061633140089862 0.0047479532292541643 0.039947995763168487 -0.0078270707665932457 0.018129057150372295 -0.0033792604094280321
leaf_weight=18.73339336225763 11.649391017621381 2.2318588597699991 655.91250173910521 4.0288575966842464 5.8386167043354353 10.860872311517594 22.658283934462819 18.089232099475339 1.891659341752528 24.686762910336256 1.9714978993870316 31.527420280501246 5.0342186391353598 100.47136181150563
leaf_count=1152 1915 50 10567 50 83 88 274 256 16 279 55 776 31 1326
internal_value=0.000500044 -0.00474054 0.00100102 0.00122119 0.00713395 0.000810482 0.00408973 0.00696327 0.0130966 -0.000679785 0.0174664 -0.00231822 0.00105924 0.000921843
internal_weight=915.586 79.1509 836.435 824.786 52.5066 772.279 48.4778 42.6392 24.5499 60.4175 4.20336 56.2142 761.418 756.384
internal_count=16918 2312 14606 12691 679 12012 629 546 290 1160 105 1055 11924 11893
is_linear=0
shrinkage=0.02


Tree=216
num_leaves=15
num_cat=0
split_feature=30 31 6 35 40 43 31 1 1 1 40 20 43 1
split_gain=6.3133 11.0451 7.00016 9.17271 7.96782 6.96388 9.98799 7.76003 7.75375 7.62365 6.41752 6.47445 6.12956 8.70905
threshold=0.87028658390045177 0.34238311648368841 31.050000000000004 0.74152298850574727 0.41240409207161127 0.14497106643452182 0.88499245047569286 -0.3709934144549189 -0.35143287479877466 -0.53393664956092823 0.3066239316239317 1.0000000180025095e-35 0.95938849276378135 -0.22921100214894544
decision_type=8 8 2 2 2 2 8 8 8 8 2 2 2 10
left_child=12 2 -2 4 -4 7 -7 -3 -9 -8 11 -11 -1 -14
right_child=1 5 3 -5 -6 6 9 8 -10 10 -12 -13 13 -15
leaf_value=0.0029797028688493417 -0.016856659904955894 0.0025672816792388893 0.0019185276818116479 -0.010238164140586002 0.048857528858596337 -0.013430282602951189 -0.023989564694235282 -0.024411194572846334 -0.0037843279082905583 0.0019309345526016715 0.020057355701761891 0.01650096677593095 -0.017128418876369091 0.0029307997442027619
leaf_weight=296.98352424497716 27.694298895075917 85.158864059485495 4.201523769414055 12.487132223555816 1.2782089377287773 14.728599658701567 3.1058914437890053 6.590240822173655 218.7812359156087 199.00115719810128 8.0697723065968585 12.034735912457107 14.417267611715941 19.192514732480049
leaf_count=2962 2635 694 399 611 33 1548 19 59 4772 2675 88 75 358 106
internal_value=-0.000151226 -0.00138496 -0.010726 -0.000885573 0.0187179 -0.000587752 0.0019898 -0.00255454 -0.00449266 0.00306746 0.00355825 0.00283572 0.00205978 -0.0059201
internal_weight=923.725 593.132 45.6612 17.9669 5.47973 547.47 236.94 310.53 225.371 222.212 219.106 211.036 330.593 33.6098
internal_count=17034 13608 3678 1043 432 9930 4405 5525 4831 2857 2838 2750 3426 464
is_linear=0
shrinkage=0.02


Tree=217
num_leaves=15
num_cat=0
split_feature=0 32 25 44 35 10 30 31 34 37 30 30 36 36
split_gain=8.2152 7.51217 8.9393 7.39051 6.34967 7.47311 6.25906 6.244 6.41981 6.23805 5.94818 6.22048 6.55445 5.35209
threshold=0.27766698336463874 41.500000000000007 1.5000000000000002 0.000718995058152545 0.47424845269672861 4.0500000000000007 0.89894419908523571 0.88499245047569286 0.31881313131313133 0.065591397849462371 0.43740573525428778 0.23831070959568026 0.83093413421706719 0.19291979949874691
decision_type=10 2 2 2 2 2 8 10 2 2 10 8 2 2
left_child=1 2 -1 13 5 7 -5 9 -9 10 11 -3 -13 -2
right_child=3 4 -4 6 -6 -7 -8 8 -10 -11 -12 12 -14 -15
leaf_value=0.0021282003247200948 -0.0081055043650652761 0.0099941686715950551 0.020463927970766953 0.0074442893398053772 -0.00013814534881442651 -0.013368236456620044 -0.0041729346539667016 -0.013154673618505475 0.02708184300329744 -0.011706053719216883 0.0044529755694942968 -0.011352759758131664 0.011459367989458305 0.015778729589329649
leaf_weight=176.69931725389324 3.6349368765950194 7.7779947239905587 10.348102930933235 37.901400674134493 468.66313021234237 31.248985327081755 34.560055054724216 1.5552513315342356 4.3090586811304092 27.869398322654888 42.134726498741657 38.411026618210599 4.9576490172184995 30.807423863559961
leaf_count=2698 18 43 51 200 7152 604 215 63 33 2016 976 2544 153 159
internal_value=0.000426088 -0.000261008 0.00324602 0.00561162 -0.00131085 -0.00476089 0.00192214 -0.00255538 0.016049 -0.00357994 -0.00105372 -0.00558855 -0.00854551 0.0131005
internal_weight=920.878 813.975 187.047 106.904 626.927 158.264 72.4615 127.015 5.86431 121.151 93.2814 51.1467 43.3687 34.4424
internal_count=16925 16333 2749 592 13584 6432 415 5828 96 5732 3716 2740 2697 177
is_linear=0
shrinkage=0.02


Tree=218
num_leaves=15
num_cat=0
split_feature=32 41 37 43 32 13 30 43 30 11 40 8 32 40
split_gain=7.93268 4.91532 6.59936 6.91596 7.74076 6.12542 5.66247 5.47836 7.16589 5.10154 4.76314 5.32573 4.89925 8.42109
threshold=79.500000000000014 0.67914438502673813 0.028991596638655467 0.00066608276521469393 140.50000000000003 1.0000000180025095e-35 0.32277527451515203 0.00072043413293184657 0.89140272140502941 0.91817495226860057 0.57738095238095244 3.5000000000000004 42.500000000000007 0.32200460829493094
decision_type=2 2 2 2 2 2 8 2 8 2 2 2 2 2
left_child=10 2 7 -4 5 -5 -6 8 -2 -3 12 -12 13 -1
right_child=1 9 3 4 6 -7 -8 -9 -10 -11 11 -13 -14 -15
leaf_value=0.00153463636157398 0.033290564111594069 -0.015212695089887672 -0.012746508800136792 -0.016107634207363154 0.028563646432401401 0.0085073594893200905 -0.011089637964151411 -0.0098800015613630075 -0.013387567572049093 0.0031809256790662314 -0.010922640070085501 0.018689697788418561 0.00033041839758224406 0.010551840591641553
leaf_weight=155.93268800713122 1.9027888011187308 23.475092435721312 11.228261999087406 3.4411371536552897 0.61832708120346325 55.93281554011628 16.367916184011847 44.363295758143067 1.6443149934057144 7.5986370665486893 20.461419901577759 1.8243585415184487 510.81033649668097 55.637401388725266
leaf_count=2328 28 616 277 800 7 769 541 1186 67 183 295 23 9140 625
internal_value=0.000224257 -0.00370806 -0.00202485 0.00124808 0.00344406 0.00683758 -0.00813836 -0.00791151 0.0134667 -0.0107559 0.00110766 -0.0078 0.00139287 0.00394441
internal_weight=911.239 166.573 135.499 87.5885 76.3602 59.374 16.9862 47.9104 3.5471 31.0737 744.666 22.2858 722.38 211.57
internal_count=16885 4474 3675 2394 2117 1569 548 1281 95 799 12411 318 12093 2953
is_linear=0
shrinkage=0.02


Tree=219
num_leaves=15
num_cat=0
split_feature=32 2 40 43 42 17 32 40 40 13 40 42 40 41
split_gain=6.16809 5.32113 7.79649 10.8577 5.66778 5.24993 5.18235 4.97265 8.50978 4.81397 9.90959 5.11844 5.68093 6.71515
threshold=132.50000000000003 1.0000000180025095e-35 0.13423423423423428 0.0074601759805136376 0.9978353580386502 1.0000000180025095e-35 43.500000000000007 0.71111111111111114 0.62019230769230782 1.0000000180025095e-35 0.22902097902097904 0.064984711974632431 0.35147058823529415 0.33012820512820518
decision_type=2 2 2 2 2 2 2 2 2 2 2 2 2 2
left_child=1 7 6 4 -4 -2 -3 8 9 10 -1 12 -12 -14
right_child=5 2 3 -5 -6 -7 -8 -9 -10 -11 11 -13 13 -15
leaf_value=-0.017335709688392077 -0.017729657771768374 0.010601071635467788 -0.017270059326719107 0.017600287291769986 0.0059148384712041828 0.0020372218280601674 -0.0042041706126115814 0.016941562720937019 -0.015211398473198474 0.00041612256992949216 0.018288634689771922 -0.0160365730959573 -0.009123098399217244 0.032497889554761857
leaf_weight=17.767780716530979 12.942943368805572 11.444503647508098 5.4931881222873953 30.131897393381223 11.110530091449617 8.4391559772193432 38.428512853803113 5.7947266439441583 13.903160490328444 737.65754437679425 8.1679897743742966 3.920536800986155 9.3821126623079145 0.83004559669643718
leaf_count=4597 670 69 39 186 69 49 274 96 177 8560 660 1016 369 24
internal_value=0.000185029 0.000444159 0.00485188 0.0106299 -0.00230099 -0.0101855 -0.000665168 -9.5248e-05 -0.000241174 4.56339e-05 -0.00661909 0.0022968 0.00683305 -0.00314341
internal_weight=915.415 894.033 96.6086 46.7356 16.6037 21.3821 49.873 797.424 791.629 777.726 40.0685 22.3007 18.3801 10.2122
internal_count=16855 16136 637 294 108 719 343 15499 15403 15226 6666 2069 1053 393
is_linear=0
shrinkage=0.02


Tree=220
num_leaves=15
num_cat=0
split_feature=13 44 24 43 11 7 21 31 34 42 6 10 7 10
split_gain=5.99236 7.29085 6.85825 6.03483 10.1281 7.29526 7.48219 6.1412 6.42112 10.9383 8.89414 6.39124 6.36007 5.91316
threshold=1.0000000180025095e-35 0.018881126594059838 2.5000000000000004 0.0074601759805136376 0.7828054428100587 3.5000000000000004 1.5000000000000002 0.28808447718620306 0.86308579668348961 0.94020770508060059 192.27500000000003 138.10000000000002 4.5000000000000009 88.600000000000009
decision_type=2 2 2 2 2 2 2 8 2 2 2 2 2 2
left_child=1 2 -1 5 -5 6 -2 12 -9 11 13 -10 -7 -11
right_child=3 -3 -4 4 -6 7 -8 8 9 10 -12 -13 -14 -15
leaf_value=-0.019085538590736934 0.00092419444430269168 0.0008889784474770332 0.012275993208167076 -0.0030869052882967775 0.0050757681503521236 -0.010829823101019547 0.029484130585354588 -0.0072454484041680938 -0.016892641301124896 0.0045215976662830613 -0.0038613428563281649 0.010766963607844484 0.016219816852431124 0.022132743338309838
leaf_weight=19.244487863732505 311.1679080426693 22.894375666743144 2.5356551259756079 84.806213678792119 208.96730898506939 4.072898366954175 2.7148663438856593 122.46538761490956 20.424616081640128 43.664431827142835 51.594193607568741 3.2518448606133452 11.111475193407387 8.4739199690520746
leaf_count=5903 3671 1361 38 968 2104 104 19 1481 211 287 418 34 221 65
internal_value=1.80011e-05 -0.00704401 -0.0150558 0.000387156 0.0027169 -0.000797677 0.00126407 -0.00323477 -0.00399462 -0.000837828 0.0019913 -0.0128114 0.00874345 0.00774654
internal_weight=917.39 44.6745 21.7801 872.715 293.774 578.942 313.883 265.059 249.874 127.409 103.733 23.6765 15.1844 52.1384
internal_count=16885 7302 5941 9583 3072 6511 3690 2821 2496 1015 770 245 325 352
is_linear=0
shrinkage=0.02


Tree=221
num_leaves=15
num_cat=0
split_feature=32 0 1 31 10 36 33 33 10 38 36 0 36 10
split_gain=9.65184 7.50025 6.11414 9.69914 9.98592 7.16642 5.93872 6.60773 5.87343 5.51749 5.43633 6.15846 5.96584 8.92867
threshold=42.500000000000007 0.34106137764674355 -0.27746594996977597 0.16138763725757602 7.5500000000000007 0.91192630898513261 0.063391601366284925 0.1127896410722399 124.95000000000002 0.35388994307400384 0.93576254826254834 0.033342792038238908 0.80442955214122269 2.2750000000000004
decision_type=2 10 8 10 2 2 2 2 2 2 2 10 2 2
left_child=6 2 3 -2 -5 -6 -1 -8 -9 10 12 -12 -4 -14
right_child=1 -3 9 4 5 -7 7 8 -10 -11 11 -13 13 -15
leaf_value=0.023029312820173509 0.00038370383257950398 0.0059823059858315842 -0.0018330241252420107 -0.015210621795861239 0.037482808097293603 -0.0034842410816465046 -0.016513898806253768 0.0045649380103389243 -0.0092601362269366765 -0.010462200029958324 0.00046453717770365984 0.018648157149076087 0.016899637627668638 -0.010527763413790636
leaf_weight=5.2030870977323493 132.5223433515057 54.15225887671113 348.08246435155161 1.9983823867514718 6.4869384262710792 2.0056003034114838 5.6768492739647618 199.42137730866671 12.177190459100528 33.786356020253152 32.15314944460988 8.7184490114450437 4.2631551718804976 59.398809090489522
leaf_count=137 1130 305 9053 31 68 17 161 2729 93 931 691 52 191 1216
internal_value=8.49989e-05 -0.00109322 -0.00171049 0.001915 0.0195417 0.0284602 0.00369378 0.00312737 0.00372951 -0.00277821 -0.00218282 0.00469607 -0.00287538 -0.00845812
internal_weight=906.046 683.568 629.416 143.013 10.4909 8.49254 222.479 217.275 211.599 486.402 452.616 40.8716 411.744 63.662
internal_count=16805 13685 13380 1246 116 85 3120 2983 2822 12134 11203 743 10460 1407
is_linear=0
shrinkage=0.02


Tree=222
num_leaves=15
num_cat=0
split_feature=0 22 34 44 34 41 31 23 38 10 40 36 31 41
split_gain=7.02263 11.2732 7.46959 23.9032 10.8605 9.8929 8.85871 7.68214 13.012 11.7609 7.26838 6.95121 6.84052 6.59609
threshold=0.039466630930045571 1.0000000180025095e-35 0.73538899430740046 0.10105466353485022 0.27374686716791991 0.11596638655462187 0.55505281686782848 1.0000000180025095e-35 0.26969696969696971 6.0500000000000007 0.11834733893557424 0.10162870762711866 0.57164406776428234 0.14039408866995076
decision_type=10 2 2 2 2 2 8 2 2 2 2 2 8 2
left_child=2 10 3 12 11 6 -6 -4 9 -9 13 -5 -1 -2
right_child=1 -3 7 4 5 -7 -8 8 -10 -11 -12 -13 -14 -15
leaf_value=-0.019597891095813252 -0.0031365506591507566 -0.0027266015945244747 -0.0010890226013948545 -0.0093583164323206552 0.010189540044713253 -0.0098163727075906686 -0.011093888628932133 -0.021963470476474414 -0.0027821394241196351 0.017037300482889383 0.0027594611952712895 0.012375456008781711 -0.0079924390430369582 0.014901907255698931
leaf_weight=29.539364250609651 9.54228477925062 105.51173259317875 339.06495207245462 6.1534572830423704 27.225739398505539 39.769700829172507 9.9005050458945316 2.5281255878508082 34.894615454599261 35.561342315748334 118.64716787077487 38.824933917727321 69.483140106778592 43.366439059376717
leaf_count=4786 52 660 3350 108 433 977 321 16 272 261 660 847 3877 222
internal_value=-0.000248542 0.00240166 -0.00141061 -0.00436899 0.00156563 -0.002998 0.00437175 0.000182096 0.00602228 0.013953 0.00555321 0.00926321 -0.0116158 0.0116508
internal_weight=910.014 277.068 632.946 220.897 121.874 76.8959 37.1262 412.049 72.9841 38.0895 171.556 44.9784 99.0225 52.9087
internal_count=16842 1594 15248 11349 2686 1731 754 3899 549 277 934 955 8663 274
is_linear=0
shrinkage=0.02


Tree=223
num_leaves=15
num_cat=0
split_feature=27 32 41 39 24 44 10 10 17 32 10 9 44 41
split_gain=5.04287 6.11843 7.38784 6.00561 5.12634 8.99018 6.53533 6.24989 4.29173 5.58818 5.81282 6.11072 5.42479 4.93736
threshold=3.5000000000000004 91.500000000000014 0.096464019851116647 0.15707236842105265 2.5000000000000004 0.94876020125090255 1.5000000000000002 1.5000000000000002 1.0000000180025095e-35 31.500000000000004 124.95000000000002 78.750000000000014 0.99516137374606695 0.11882352941176472
decision_type=2 2 2 2 2 2 2 2 2 2 2 2 2 2
left_child=1 4 -3 -4 7 6 -6 -1 9 10 11 -9 -10 -11
right_child=-2 2 3 -5 5 -7 -8 8 12 13 -12 -13 -14 -15
leaf_value=-0.017636819318934446 0.02686420953854159 0.011658277501051974 -0.0078600965467104794 0.013369748684136571 0.034717858004324267 -0.014264094576996825 0.0052587659710443494 0.0047108156658312852 0.0038099323699591508 0.0015932450983953523 -0.014765621917659436 0.025799680154258986 -0.014658330792293499 -0.0027012742760679411
leaf_weight=7.2281310579273841 1.7454142130445678 8.8656710765790177 86.894188320729882 4.7831808372866353 2.1627874486148349 8.4005028735846263 90.902328744530678 27.929915318731219 137.08767024800181 150.49806480039842 3.7113996872212729 6.0631466209888449 5.69757405668497 365.5950798986014
leaf_count=2243 70 290 2527 141 23 86 524 495 765 2502 26 27 46 7118
internal_value=-0.000201311 -0.00028303 -0.00490945 -0.00662014 0.000299975 0.00447963 0.00630519 -0.00030809 -0.000103253 -0.000901151 0.00643191 0.0091021 0.00297617 -0.00144829
internal_weight=907.565 905.82 100.543 91.6774 805.277 101.466 93.0651 703.811 696.583 553.798 37.7045 33.9931 142.785 516.093
internal_count=16883 16813 2958 2668 13855 633 547 13222 10979 10168 548 522 811 9620
is_linear=0
shrinkage=0.02


Tree=224
num_leaves=15
num_cat=0
split_feature=32 27 40 39 32 13 39 27 32 1 12 33 32 41
split_gain=7.56216 5.55178 5.55751 6.88403 8.38725 4.60121 4.4451 4.35554 8.61844 5.41493 5.01596 5.42988 4.91126 4.52221
threshold=115.50000000000001 3.5000000000000004 0.37321428571428578 0.049390243902439034 31.500000000000004 5.5000000000000009 0.15707236842105265 1.5000000000000002 51.500000000000007 0.013200214419726616 0.35143288969993597 0.90397787144362496 86.000000000000014 0.12347560975609757
decision_type=2 2 2 2 2 2 2 2 2 10 2 2 2 2
left_child=1 2 5 4 -4 -1 -2 12 10 -10 -9 -12 -6 -14
right_child=6 -3 3 -5 7 -7 -8 8 9 -11 11 -13 13 -15
leaf_value=0.00081358429629982746 -0.011550409575100956 0.029096247140726131 0.0097111871580569265 0.014374204522104223 -0.0094504707027751097 -0.017911811081309029 0.011116930674764334 -0.00038713022180609429 -0.012365342974190504 0.014952779938705332 0.032623910262346324 -0.0046220460570022886 0.017128514727267001 -0.0068991016613242804
leaf_weight=721.64952055294998 32.023110325215384 1.6200267358217377 14.266345274401827 7.2618025767151257 92.128164724679664 4.2886562570929518 3.0717040549498043 6.7146911565214378 16.458250023424629 2.601545948535203 4.8828449049033225 1.8262906461022792 4.8552231926005316 5.8904999163933098
leaf_count=13349 1113 65 164 117 1226 32 98 94 341 23 80 18 73 129
internal_value=-0.000340256 2.59152e-05 -6.02908e-05 -0.00346132 -0.00441663 0.000678472 -0.0093134 -0.00596597 0.000413559 -0.00807706 0.0121931 0.0232008 -0.00796497 0.00449125
internal_weight=919.539 884.444 882.824 156.886 149.624 725.938 35.0948 135.358 32.4836 19.0598 13.4238 6.70914 102.874 10.7457
internal_count=16922 15711 15646 2265 2148 13381 1211 1984 556 364 192 98 1428 202
is_linear=0
shrinkage=0.02


Tree=225
num_leaves=15
num_cat=0
split_feature=1 38 12 43 30 43 1 1 42 36 17 42 42 9
split_gain=6.19056 6.24582 5.89055 6.3897 5.7611 7.9451 7.65041 8.5623 7.30882 7.40745 7.19066 6.73148 7.96374 10.0767
threshold=0.33484162390232092 0.72794117647058842 0.87028658390045177 0.0074601759805136376 0.27752640843391424 0.00058377838341172714 -0.20494951590939584 -0.39051324420258365 0.99865885241605834 0.18872737774355028 1.0000000180025095e-35 0.9978353580386502 0.99841769497333799 2.2128612500000009
decision_type=10 2 2 2 8 2 8 10 2 2 2 2 2 2
left_child=1 2 4 -4 5 -1 7 11 9 -9 -8 -6 13 -13
right_child=-2 -3 3 -5 6 -7 10 8 -10 -11 -12 12 -14 -15
leaf_value=-0.010815093597025772 0.0068450804167025335 0.01151463901551528 -0.0018612827460428223 0.011423190687257253 -0.0069320768513487074 0.0090244135422784047 -0.0043179960176865364 0.019777494276505519 -0.004003783434644974 0.0049037674358511901 0.0016939836918455676 -0.015137333046810289 -0.0019993420100201122 0.020500237447655764
leaf_weight=9.0850408440455777 47.541341003030539 15.996343978680668 26.035803017904982 30.963264646707103 65.495112587697804 41.323912942782044 388.96043974300846 15.212752711027859 28.606993915513158 84.739962703548372 99.398403516039252 3.2417482584714916 51.919627417810261 13.994884695857762
leaf_count=57 310 151 282 235 502 252 13091 109 237 588 612 45 451 82
internal_value=-0.000107336 -0.000492475 -0.000729208 0.00542769 -0.00117301 0.00530798 -0.00161418 0.00113164 0.00480517 0.00734103 -0.00309338 -0.00238526 0.00195828 0.0133352
internal_weight=922.516 874.974 858.978 56.9991 801.979 50.409 751.57 263.211 128.56 99.9527 488.359 134.651 69.1563 17.2366
internal_count=17004 16694 16543 517 16026 309 15717 2014 934 697 13703 1080 578 127
is_linear=0
shrinkage=0.02


Tree=226
num_leaves=15
num_cat=0
split_feature=32 1 30 44 31 8 7 36 12 32 34 33 33 34
split_gain=7.77895 7.75699 5.54275 6.31808 16.4694 9.36611 13.4621 10.2093 9.83632 10.3961 8.4525 10.5169 8.14117 6.40363
threshold=78.500000000000014 0.29524883627891546 0.56259429454803478 0.0014321874361862489 0.67873305082321178 3.5000000000000004 3.5000000000000004 0.94884877027734182 0.37556561827659612 61.500000000000007 0.95670914542728647 0.46891108247422686 0.49844720496894418 0.3987179487179488
decision_type=2 10 8 2 8 2 2 2 2 2 2 2 2 2
left_child=2 -2 -1 4 -4 7 8 -5 -7 -10 11 13 -9 -6
right_child=1 -3 3 5 10 6 -8 12 9 -11 -12 -13 -14 -15
leaf_value=0.0044023168806964297 -0.0050967672611650309 0.01165229780074648 -0.014668500100973576 -0.00531123234054914 -0.011445884162658 0.00010388747112522278 -0.00409481272462172 0.026521292126328685 0.03551968774780747 -0.00092672822270215287 0.0096244666068217282 -0.0017047285190590789 0.00018526173622119738 0.0084083804116657796
leaf_weight=130.98739451821893 164.02345991041511 10.919871356338261 21.748052227078006 212.24780955631286 6.1985193449072531 9.8462874682154524 28.525364198721945 6.2504302423913058 10.454349003499372 4.239228709600865 60.232805836945772 161.29856440750882 13.362202443182467 80.872673060046509
leaf_count=955 4571 95 2921 3878 587 141 428 106 118 71 335 1817 161 772
internal_value=-0.000207732 -0.00399101 0.00068332 -0.000114283 0.00176551 -0.00229231 0.00522009 -0.00402669 0.0157842 0.0256155 0.00296729 0.00132072 0.00945787 0.00688106
internal_weight=921.207 174.943 746.264 615.276 330.351 284.926 53.0652 231.86 24.5399 14.6936 308.603 248.37 19.6126 87.0712
internal_count=16956 4666 12290 11335 6432 4903 758 4145 330 189 3511 3176 267 1359
is_linear=0
shrinkage=0.02


Tree=227
num_leaves=15
num_cat=0
split_feature=35 12 10 33 7 33 7 35 1 6 9 12 42 35
split_gain=4.29305 7.51207 6.28851 6.73693 7.5579 5.95725 5.93312 5.1532 5.07844 8.49836 10.6395 5.38656 5.17156 4.64997
threshold=0.6378430682617876 0.90950226783752453 25.100000000000005 0.73097601323407779 3.5000000000000004 0.063391601366284925 4.5000000000000009 0.35170717592592599 -0.28054298460483545 31.550000000000004 7.4909437500000005 0.17797888815402987 0.0019166889668960679 0.89377820760799487
decision_type=2 2 2 2 2 2 2 2 8 2 2 2 2 2
left_child=1 5 3 8 13 7 -6 -1 9 10 11 -2 -13 -5
right_child=2 -3 -4 4 6 -7 -8 -9 -10 -11 -12 12 -14 -15
leaf_value=0.0098470297907519502 0.027687428121885432 0.015208164425940878 -0.00030579609977681523 0.02330331166783824 -0.011963231554565428 -0.0023077573679213263 0.0085345867110850713 -0.021445204126147782 -1.5442479573347101e-05 0.02751711311077093 -0.021055375660973642 0.019697534235167898 -0.0044517483529877824 -0.0035825201623267832
leaf_weight=24.393082657828931 4.09433077275754 9.8089589267037791 302.06264573452063 17.498975905124102 6.3815039487089988 388.82936279871501 23.722336584934965 1.3605282623320807 108.20980136143044 6.6321064438670865 4.7380931302905074 4.2343700975179663 10.191114839166401 2.7040752342436454
leaf_count=866 25 83 3803 247 153 9591 327 33 1531 45 35 29 60 22
internal_value=0.000211659 -0.0012596 0.00148468 0.00434171 0.0105348 -0.00168488 0.00394447 0.00745411 0.00202619 0.00917866 0.00303057 0.00995568 0.00345429 0.0197055
internal_weight=914.861 424.392 490.469 188.407 50.3069 414.583 30.1038 25.7536 138.1 29.89 23.2579 18.5198 14.4255 20.2031
internal_count=16850 10573 6277 2474 749 10490 480 899 1725 194 149 114 89 269
is_linear=0
shrinkage=0.02


Tree=228
num_leaves=15
num_cat=0
split_feature=1 0 43 30 11 1 32 32 11 0 6 33 13 41
split_gain=7.52285 8.36179 8.39068 8.15445 6.67148 6.79958 6.33583 5.57229 5.67914 6.44085 8.80383 7.82737 6.36301 5.96368
threshold=0.30869740589203071 0.02187028527259827 0.99349704174708953 0.71644043922424328 0.65309202671051036 -0.24114072677501877 70.500000000000014 30.500000000000004 0.88499245047569286 -0.043889037791476807 271.62500000000006 0.94902683295540446 3.5000000000000004 0.21807065217391305
decision_type=10 10 2 10 2 10 2 2 2 8 2 2 2 2
left_child=1 3 -3 7 -4 -6 -5 -1 -9 12 11 13 -10 -11
right_child=-2 2 4 6 5 -7 -8 8 9 10 -12 -13 -14 -15
leaf_value=0.00557658640373088 0.0073368377838995595 0.00086882867653356906 -0.0079102257406023987 0.0040470098886974401 0.01744187416862697 -0.00043906975191539751 -0.0054789756057731787 -0.0055374749981004986 -0.0088314186852809558 0.011079158026492364 -0.014057252406883087 0.027807514622481738 0.018416977699666458 -0.0014630865119100779
leaf_weight=25.710952414665371 53.439462080597878 245.19681905396283 6.6283508501946917 128.80770802590996 31.145172592252493 11.502337537705897 34.655838011065498 259.95543299312703 37.90363162336871 24.492642075521871 9.310168434167279 4.929808974498882 2.827097611501812 36.93685975833796
leaf_count=410 354 1467 41 2103 166 59 1123 8658 939 684 137 67 25 713
internal_value=0.000126696 -0.000329334 0.00239868 -0.00175154 0.00984251 0.0127197 0.00200638 -0.00328054 -0.00389879 -0.000223151 0.00322022 0.00581694 -0.00654411 0.00363501
internal_weight=913.442 860.003 294.473 565.53 49.2759 42.6475 163.464 402.067 376.356 116.4 75.6695 66.3593 40.7307 61.4295
internal_count=16946 16592 1733 14859 266 225 3226 11633 11223 2565 1601 1464 964 1397
is_linear=0
shrinkage=0.02


Tree=229
num_leaves=15
num_cat=0
split_feature=0 32 10 33 33 40 0 19 19 35 30 43 34 34
split_gain=7.43426 6.68505 5.1983 4.86317 7.08712 4.90264 6.7633 4.86024 6.78055 4.73098 4.51013 4.3293 4.30713 10.2413
threshold=-0.69042232632637013 56.500000000000007 155.87500000000003 0.063391601366284925 0.1127896410722399 0.15192307692307697 -0.4388351832868202 86.625000000000014 15.600000000000001 0.94925981549023819 0.36349925398826605 0.00087050432923606997 0.95015527950310574 0.96172161172161186
decision_type=8 2 2 2 2 2 8 2 2 2 10 2 2 2
left_child=-1 2 3 5 -5 -2 -7 8 -6 -10 -4 -9 -3 -14
right_child=1 12 10 4 7 6 -8 11 9 -11 -12 -13 13 -15
leaf_value=-0.01182611873644606 0.030243798790443886 -0.0026015958752385977 -0.021308631158847336 -0.012793581626043989 0.0014334521755345895 0.03224148924054674 -0.0046107083059553182 -0.019603019975365302 0.0054106583550718622 0.018749550024086258 0.0019767589105856116 0.005570031098854066 0.019159349815105555 -0.0012263595984285964
leaf_weight=20.262605997268111 3.7706562767270944 345.48377075034659 6.2380939307622594 12.148039062623864 380.9161135093309 1.6307155238464472 7.4455792461521906 6.596859470009802 47.621526507660747 13.287594523280857 5.8696594536304474 3.7007684633135796 11.722527422942219 43.310410485137254
leaf_count=788 120 8367 46 350 6000 46 167 42 255 71 38 19 105 422
internal_value=-0.000138828 0.000140311 0.00170733 0.00204475 0.0016925 0.013733 0.00455307 0.0021091 0.00243531 0.00857645 -0.0107306 -0.010864 -0.00177327 0.00338042
internal_weight=910.005 889.742 489.226 477.118 464.271 12.847 9.07629 452.123 441.825 60.9091 12.1078 10.2976 400.517 55.0329
internal_count=16836 16048 7154 7070 6737 333 213 6387 6326 326 84 61 8894 527
is_linear=0
shrinkage=0.02


Tree=230
num_leaves=15
num_cat=0
split_feature=10 35 10 15 32 33 33 11 33 35 35 41 21 33
split_gain=5.33658 7.0019 10.0373 6.3321 5.96963 7.19775 10.6807 5.63036 6.55053 6.04273 5.42935 9.2819 5.5496 5.04637
threshold=155.87500000000003 0.9234432234432236 99.125000000000014 1.0000000180025095e-35 35.500000000000007 0.63858403912680439 0.22378240377062061 0.87028658390045177 0.8546920821114371 0.98229949874686728 0.90031055900621137 0.73153153153153161 1.5000000000000002 0.35429852320675109
decision_type=2 2 2 2 2 2 2 2 2 2 2 2 2 2
left_child=1 2 4 -3 5 6 -1 8 -5 -10 12 -12 -6 -8
right_child=-2 3 -4 7 10 -7 13 -9 9 -11 11 -13 -14 -15
leaf_value=0.016965968511720584 -0.0099218635636583643 -0.0030128882834625586 -0.013394644334736177 0.024425681279420842 -0.00026987550416049828 0.011790637018625238 -0.015486191804569361 0.01406506513689124 -0.0048554917336561809 0.015620162254087997 -0.015907555424565942 0.025168008203527634 0.026046458257308745 -0.00013021316073790425
leaf_weight=10.962722438387571 19.387459558900446 25.371782502392307 21.3850474038627 3.8682085573673239 670.45273587026168 36.089831017656252 10.887723353225736 35.341133279725909 25.761506339535117 6.3490723576396695 16.185877548996363 1.6143416631966818 2.2207213491201392 30.643338146386668
leaf_count=298 203 746 237 22 13687 370 177 249 220 48 248 14 18 426
internal_value=0.000196698 0.000426168 -0.000190521 0.005481 0.000188638 0.00504619 0.000275606 0.00850254 0.00280601 -0.000457454 -0.000440954 -0.0110418 -0.000144462 -0.00442538
internal_weight=916.522 897.134 800.442 96.6917 779.057 88.5836 52.4938 71.3199 35.9788 32.1106 690.474 17.8002 672.673 41.5311
internal_count=16963 16760 15475 1285 15238 1271 901 539 290 268 13967 262 13705 603
is_linear=0
shrinkage=0.02


Tree=231
num_leaves=15
num_cat=0
split_feature=1 32 40 17 36 12 16 34 40 40 36 36 9 36
split_gain=8.74411 8.51345 8.49462 6.01971 5.78867 5.38708 4.67394 7.09932 7.36587 6.47901 5.31528 5.00262 6.03428 5.45967
threshold=0.30869740589203071 78.500000000000014 0.26975051975051983 1.0000000180025095e-35 0.021622253389434319 0.22473604977130893 1.0000000180025095e-35 0.30304779496652051 0.32795698924731187 0.39262187088274053 0.069098143236074286 0.18872737774355028 57.050000000000004 0.10948202054794522
decision_type=10 2 2 2 2 2 2 2 2 2 2 2 2 2
left_child=1 6 -2 4 -3 -4 7 8 10 -10 -1 12 13 -8
right_child=2 3 5 -5 -6 -7 11 -9 9 -11 -12 -13 -14 -15
leaf_value=0.010113337773732434 0.013969464772501147 0.018830209691299452 -0.015196129102743698 0.00040377396345886218 -0.0084011751054831468 0.0059140157169497859 0.00055716444074320741 0.0023348998156402464 0.011169162677720867 -0.0034407659194370223 -0.009402462061931318 -0.0044478134246713295 -0.011963184542431296 0.023092934949837596
leaf_weight=5.3393122892593956 31.933585567399859 2.3039647671394041 7.2823144756257561 58.343617709353566 100.65697222203016 10.727814259007571 8.8235269300639683 439.97579486528412 19.635713244788349 28.680680538062006 59.028442910173908 120.58870810084045 4.8890688978135577 7.4832174479961386
leaf_count=281 204 73 51 323 4170 80 56 6549 483 565 3157 867 33 41
internal_value=-0.000128476 -0.000607007 0.00792176 -0.004731 -0.00761655 -0.00297213 0.000356333 0.0011879 -0.00327173 0.00260277 -0.00765367 -0.00287062 0.00589858 0.0116357
internal_weight=905.693 855.749 49.9437 161.305 102.961 18.0101 694.444 552.66 112.684 48.3164 64.3678 141.785 21.1958 16.3067
internal_count=16933 16598 335 4566 4243 131 12032 11035 4486 1048 3438 997 130 97
is_linear=0
shrinkage=0.02


Tree=232
num_leaves=15
num_cat=0
split_feature=0 10 32 44 7 32 30 10 18 27 34 32 31 34
split_gain=8.74128 6.29341 5.31898 5.20428 7.25364 6.70753 6.09913 5.15028 5.50324 4.68059 4.61027 4.59735 4.53507 4.41279
threshold=0.26851867140138225 1.5000000000000002 29.500000000000004 0.00072652811363536202 3.5000000000000004 86.000000000000014 0.92609351873397838 124.95000000000002 1.0000000180025095e-35 3.5000000000000004 0.81661396953147469 48.500000000000007 0.76319760084152233 0.84234892787524374
decision_type=10 2 2 2 2 2 8 2 2 2 2 2 10 2
left_child=1 -1 7 4 5 -2 13 8 12 -4 -6 -8 -3 -5
right_child=3 2 9 6 10 -7 11 -9 -10 -11 -12 -13 -14 -15
leaf_value=-0.015342564392238864 0.025721225529213229 -0.00052547096676754817 -0.0010099154040657879 0.0040536358853460333 -0.0060896094977392025 0.00049845316359651843 0.0048273625514626117 -0.013601534181233242 0.021050651328089937 0.027624311852515855 0.014708062185798667 -0.010006314614693281 0.027155367340996918 0.021549230957374047
leaf_weight=10.726471940055488 14.606437884271147 17.365953778382398 758.3098898048047 33.490486010909081 11.212579008191826 5.8339092656970015 13.001928895711897 3.3547481414861968 10.267066679894922 1.291375173954292 5.5579948127269736 20.224495049566031 1.7347575617022801 6.166423298418521
leaf_count=2814 75 260 13099 172 60 27 77 21 45 50 30 130 21 36
internal_value=-7.05906e-05 -0.000797083 -0.000581075 0.00518807 0.0111724 0.0188814 0.00202287 0.00719283 0.00993789 -0.00092498 0.00124282 -0.00423026 0.00321444 0.00723721
internal_weight=913.145 803.05 792.324 110.094 37.2109 20.4403 72.8833 32.7225 29.3678 759.601 16.7706 33.2264 19.1007 39.6569
internal_count=16917 16310 13496 607 192 102 415 347 326 13149 90 207 281 208
is_linear=0
shrinkage=0.02


Tree=233
num_leaves=15
num_cat=0
split_feature=0 32 30 12 40 32 32 40 30 30 32 36 11 40
split_gain=6.51742 6.9769 5.5683 10.1416 5.42677 6.81927 5.7478 7.57163 5.52994 5.50906 5.02381 4.82963 7.78229 4.66338
threshold=0.02187028527259827 71.500000000000014 0.35746607184410101 0.23076923191547397 0.47140522875816998 61.500000000000007 48.500000000000007 0.31698564593301443 0.86274510622024547 0.69079941511154186 71.500000000000014 0.93267963085036276 0.9566364884376527 0.31698564593301443
decision_type=10 2 8 2 2 2 2 2 10 10 2 2 2 2
left_child=1 -1 3 -3 6 -6 9 8 11 13 -9 12 -8 -2
right_child=4 2 -4 -5 5 -7 7 10 -10 -11 -12 -13 -14 -15
leaf_value=-0.0002281868615099727 0.0062571354634846435 -0.0045456531977635982 -0.0066683525862077731 0.034439592642473767 -0.011726281561891481 0.015387532054853739 0.0041749292567391672 -0.0015183294903547439 -0.007749427753990421 -0.0011849355137248684 -0.017155224705432216 0.018253113358747498 -0.022914907484570309 0.017709286986582223
leaf_weight=479.82489929790609 46.936549179255962 8.0004057539626938 120.17463254719041 2.8689936203882089 19.139408107846979 3.6427782550454131 120.22579978778958 22.660858841612935 16.202840037643909 23.554497985169291 12.09535166248679 8.3119387142360193 3.4109873771667472 20.769729366526008
leaf_count=9856 261 82 5185 36 119 23 722 144 89 131 86 46 20 113
internal_value=-0.000167965 -0.00134901 -0.00542017 0.00777915 0.00225799 -0.00692617 0.00304355 0.000984802 0.00296136 0.00711436 -0.00728765 0.004325 0.0032497 0.00997684
internal_weight=907.82 610.869 131.044 10.8694 296.951 22.7822 274.169 182.908 148.152 91.2608 34.7562 131.949 123.637 67.7063
internal_count=16913 15159 5303 118 1754 142 1612 1107 877 505 230 788 742 374
is_linear=0
shrinkage=0.02


Tree=234
num_leaves=15
num_cat=0
split_feature=32 0 37 37 1 41 37 36 32 10 1 32 1 30
split_gain=8.25377 7.26761 10.1835 5.5798 5.44027 7.59158 7.09718 6.89383 5.63774 7.98642 7.03397 5.0623 4.8889 6.6838
threshold=42.500000000000007 0.27766698336463874 0.03509852216748769 0.21240601503759401 -0.26696832478046412 0.084523809523809543 0.10582306830907055 0.96976227795193326 59.500000000000007 8.0500000000000025 -0.31862743198871607 45.500000000000007 0.036576183512806899 0.23831070959568026
decision_type=2 10 2 2 8 2 2 2 2 2 8 2 10 8
left_child=-1 4 -3 -4 5 -2 12 -8 11 10 -10 -7 13 -6
right_child=1 2 3 -5 6 8 7 -9 9 -11 -12 -13 -14 -15
leaf_value=0.0030239695647636304 0.022211523572930318 -0.0061839817654820699 0.011931271164511819 -0.0044438130611999457 0.0095142379735153534 -0.0062987817162780966 -0.009385364691919312 0.013205629400984565 -0.00084781069061985878 -0.0069431506570509852 0.029293684486659314 0.0069575534754013745 0.0024654503242259262 -0.003834656749244453
leaf_weight=226.9979900426697 5.6157174482941619 24.831917338073254 45.237441465258598 9.5994683727622014 14.927922383882104 13.651243751868604 88.353619656991214 4.8942810446023932 8.2053685206919891 56.285031449049711 3.9223815286532036 55.296785404905677 79.257891416549683 274.64570667117368
leaf_count=3142 36 160 242 48 94 87 2330 77 91 645 31 380 587 9022
internal_value=-0.000272906 -0.00136869 0.00427458 0.00903648 -0.00211758 0.00128493 -0.00317088 -0.0080721 0.000275039 -0.00376513 0.0103895 0.00428036 -0.00191328 -0.00311613
internal_weight=911.723 684.725 79.6688 54.8369 605.056 142.977 462.079 93.2479 137.361 68.4128 12.1278 68.948 368.832 289.574
internal_count=16972 13830 450 290 13380 1270 12110 2407 1234 767 122 467 9703 9116
is_linear=0
shrinkage=0.02


Tree=235
num_leaves=15
num_cat=0
split_feature=0 38 9 27 1 40 10 33 1 9 40 33 6 0
split_gain=6.29207 8.30606 13.5254 8.79375 8.38543 11.3063 7.37021 9.91889 6.8294 6.66537 6.52332 7.72262 6.59661 6.33192
threshold=0.02187028527259827 0.1126984126984127 6.4951867500000011 3.5000000000000004 -0.40121977790866636 0.29099462365591405 94.15000000000002 0.8049813972715999 -0.29102090250324281 7.5175732500000008 0.43303571428571436 0.19423714759535657 11.050000000000002 0.20579563294537617
decision_type=10 2 2 2 10 2 2 2 10 2 2 2 2 10
left_child=1 3 -3 4 5 -1 7 9 -6 -4 11 -2 13 -13
right_child=10 2 6 -5 8 -7 -8 -9 -10 -11 -12 12 -14 -15
leaf_value=-0.0086094629072941183 0.011442316539677666 -0.010500377791927499 0.014165995162646237 0.044226110591894498 0.012923378532894787 0.0019966781921531597 -0.005873236950894819 0.012337979403507691 0.001549213887816358 -0.0051051135352330069 -0.0067996241517303728 -0.011399571459718547 0.0035865603740580392 0.0021431283685388815
leaf_weight=78.209868386387825 37.57864154689014 86.952411739272065 7.5931364297866812 0.82816729228943486 22.681882340461016 81.023683554958552 57.583211954217404 30.001607218757272 198.98891263920814 43.019429790321738 28.272402413189411 25.323742479085922 183.27087166439742 28.495259959250689
leaf_count=5967 232 4342 59 44 161 2063 507 200 1368 360 179 163 1043 167
internal_value=-0.00015715 -0.00133176 -0.00436924 0.00046651 0.000255813 -0.0032339 -0.000463872 0.00342469 0.00276586 -0.00199552 0.00219259 0.0031395 0.00178097 -0.0043209
internal_weight=909.823 606.882 225.15 381.733 380.904 159.234 138.197 80.6142 221.671 50.6126 302.941 274.669 237.09 53.819
internal_count=16855 15071 5468 9603 9559 8030 1126 619 1529 419 1784 1605 1373 330
is_linear=0
shrinkage=0.02


Tree=236
num_leaves=15
num_cat=0
split_feature=0 0 0 35 0 43 11 36 38 34 34 12 12 34
split_gain=9.83026 6.57833 6.30382 5.42106 5.3726 5.23332 6.20969 5.44562 5.23177 12.7079 8.08181 8.63508 10.2357 6.84551
threshold=0.02187028527259827 1.0000000180025095e-35 -0.0064995979630125961 0.12706919945725917 -0.0052934870008040725 0.99349704174708953 0.57918554544448864 0.27525510204081638 0.1126984126984127 0.86967844202898559 0.25834260289210237 0.50226245820522319 0.73906487226486217 0.21852992957746481
decision_type=10 10 10 2 8 2 2 2 2 2 2 2 2 2
left_child=1 2 3 -1 -4 7 -7 -2 10 -10 11 -5 13 -13
right_child=5 -3 4 8 -6 6 -8 -9 9 -11 -12 12 -14 -15
leaf_value=-0.015087627294547736 0.006650734546146563 -0.010274872149309597 0.032901392634485924 0.0031130820783499369 0.0050164635907062397 -0.01208572658068408 0.011213286271303659 0.00015848521509188586 -0.0088840748505069136 0.0010619392575491068 -0.00027664134288232968 -0.0093177110118359118 -0.0065685905629844048 0.042790327006701726
leaf_weight=9.7842277819290739 71.98610064201057 29.086859799921513 2.663584821857512 24.062429861398414 13.366483593359591 4.2470517046749583 46.401739509776235 177.20183049701154 89.913447402184829 117.75144277210347 311.00992381502874 0.80392099102027526 2.7016339767724276 6.1696560715790838
leaf_count=1939 425 307 25 626 173 25 250 1067 3644 926 7193 43 69 167
internal_value=0.000306478 -0.00115638 -0.000680738 -0.0010421 0.0113098 0.00326346 0.00906342 0.00205307 -0.000766516 -0.00326636 0.000744403 0.00989389 0.0248865 0.0363681
internal_weight=907.15 607.314 578.227 562.197 16.0301 299.837 50.6488 249.188 552.412 207.665 344.748 33.7376 9.67521 6.97358
internal_count=16879 15112 14805 14607 198 1767 275 1492 12668 4570 8098 905 279 210
is_linear=0
shrinkage=0.02


Tree=237
num_leaves=15
num_cat=0
split_feature=32 25 13 44 41 41 35 31 35 43 40 36 31 6
split_gain=7.31057 7.8995 5.33376 6.68581 5.33319 4.72007 6.3287 7.03562 4.85783 4.25671 6.28008 6.92635 6.85724 6.41901
threshold=42.500000000000007 1.5000000000000002 1.0000000180025095e-35 0.94876020125090255 0.27149877149877155 0.081666666666666679 0.25791424564215593 0.37556561827659612 0.62974987974987984 0.004213393860802799 0.48611111111111116 0.59626969416126052 0.87820512056350719 7.0500000000000007
decision_type=2 2 2 2 2 2 2 10 2 2 2 2 8 2
left_child=1 -1 3 -2 -3 -5 -7 -8 -9 -4 11 -11 -13 -14
right_child=2 4 9 5 -6 6 7 8 -10 10 -12 12 13 -15
leaf_value=0.0024762427735736921 -0.016887361763574839 0.028432357355119904 -0.0016397111423083538 -0.013842456018215243 0.00092875942392134717 -0.012848714813133153 -0.00023992518385528656 0.046082923585111749 -0.0012611934589993252 -0.0027991123744576631 0.020242814025894382 -0.0084973897113100015 0.016811758621721656 0.0036672866059296533
leaf_weight=217.67193020810373 16.909897014033049 7.1334652416408044 391.70751217799261 5.1689811646938351 4.4232283234596252 3.4850111149717113 4.8947341865859908 2.4171224967576568 1.091735564637929 103.4659626968205 6.0879322336986652 14.965736836660652 16.28160675149411 114.33530162461102
leaf_count=3038 5104 37 4959 256 21 348 205 63 70 1190 72 657 118 793
internal_value=0.000297131 0.00337827 -0.00074372 -0.00835212 0.0188179 0.000575832 0.0074323 0.0163149 0.0343397 -0.000331908 0.00167451 0.00114147 0.00394204 0.00542105
internal_weight=910.04 229.229 680.812 33.9675 11.5567 17.0576 11.8886 8.40359 3.50886 646.844 255.137 249.049 145.583 130.617
internal_count=16931 3096 13835 6046 58 942 686 338 133 7789 2830 2758 1568 911
is_linear=0
shrinkage=0.02


Tree=238
num_leaves=15
num_cat=0
split_feature=32 2 0 8 44 32 24 10 0 32 44 1 42 1
split_gain=5.66251 5.09049 4.88916 4.82413 7.47145 12.1742 7.46317 7.13072 6.51569 7.66226 7.31757 8.67475 6.43377 8.43546
threshold=132.50000000000003 1.0000000180025095e-35 0.033342792038238908 3.5000000000000004 0.0021405722695655971 95.500000000000014 1.0000000180025095e-35 12.050000000000002 -0.21857147460742979 56.500000000000007 0.99811097492378342 -0.64743590354919422 0.99854471067915751 -0.29776486078653147
decision_type=2 2 8 2 2 2 2 2 10 2 2 10 2 8
left_child=1 3 -3 8 6 -6 -5 -7 9 -1 11 -10 13 -11
right_child=-2 2 -4 4 5 7 -8 -9 10 12 -12 -13 -14 -15
leaf_value=-0.00018847373754757348 -0.0096293252555676775 -0.013347014153330004 0.0060273495667859658 -0.0042547205843127761 0.0059869288099629108 -0.0020338003408320164 0.0091802455669074464 0.054598331821726263 0.0053258541359277271 0.0062602875815287182 -0.012194608121862236 -0.0011269789061987647 -0.01865941372267722 -0.0076462970878311077
leaf_weight=187.4251221063314 20.929601025301963 4.5934567898511887 91.749173659598455 60.004445671453141 60.854021259583533 1.109014940913766 21.694735338911414 2.4079119567759335 155.4251184980385 21.150209782645106 14.444688046351073 177.73338038194925 14.669799027382394 83.875085946172476
leaf_count=4622 730 51 583 1496 798 23 149 40 1716 226 110 1155 960 4301
internal_value=0.000412591 0.000657323 0.00497599 0.000132191 0.00340572 0.00844553 -0.000619276 0.0402435 -0.000602219 -0.00272042 0.00127172 0.00189033 -0.00665067 -0.00481313
internal_weight=918.066 897.136 96.3426 800.794 146.07 64.3709 81.6992 3.51693 654.723 307.12 347.603 333.158 119.695 105.025
internal_count=16960 16230 634 15596 2506 861 1645 63 13090 10109 2981 2871 5487 4527
is_linear=0
shrinkage=0.02


Tree=239
num_leaves=15
num_cat=0
split_feature=0 42 31 34 42 42 34 37 1 34 0 0 35 44
split_gain=5.71769 9.05981 8.83686 8.09138 13.322 9.89694 19.229 11.9369 8.35063 8.55456 6.72205 6.40091 8.72995 5.90947
threshold=-0.20497185741088178 0.99854471067915751 0.7119155526161195 0.25834260289210237 0.24738599827581656 0.99820303891543738 0.84234892787524374 0.15075757575757578 0.071266949176788344 0.83431372549019622 -0.53205126523971547 0.2994505494505495 0.28637566137566145 0.99750088739002363
decision_type=10 2 10 2 2 2 2 2 10 2 8 10 2 2
left_child=1 3 11 4 13 8 -7 -8 -5 -10 -11 12 -2 -1
right_child=2 -3 -4 5 -6 6 7 -9 9 10 -12 -13 -14 -15
leaf_value=0.018378908889701454 -0.012275723507734053 -0.0085969564861734724 -0.0042887679194859724 -0.004013368076609315 -0.017459024176101196 -0.014945833005704533 0.029963751222139626 -0.012556631508655746 0.011443199407833149 -0.020946110215187858 0.00095375181261452794 0.0086935789610448257 0.0024682714574460292 -0.0018539130506259691
leaf_weight=23.074108522851024 16.099134831689298 65.292640596395358 85.233160893898457 271.34974396007601 5.8149561756290487 7.1862711984431398 13.390723507618533 2.6450105626136056 30.606382207944989 5.4700631573796272 41.451057273894548 61.011796969920397 267.42941125901416 7.370031328406184
leaf_count=859 220 2148 876 8231 713 529 97 25 221 42 243 325 2171 171
internal_value=-0.000224842 -0.0017387 0.00144374 -0.000623806 0.00826526 -0.00150983 0.0108612 0.0226249 -0.00236196 0.00339554 -0.00198315 0.00287016 0.00159089 0.0135777
internal_weight=903.424 473.651 429.774 408.358 36.2591 372.099 23.222 16.0357 348.877 77.5275 46.9211 344.54 283.529 30.4441
internal_count=16871 13279 3592 11131 1743 9388 651 122 8737 506 285 2716 2391 1030
is_linear=0
shrinkage=0.02


Tree=240
num_leaves=15
num_cat=0
split_feature=35 6 40 10 39 39 43 35 38 36 38 1 28 12
split_gain=4.81107 4.04871 5.30688 4.60874 4.36891 5.6198 4.05776 9.01438 8.40024 5.9725 6.19013 4.56379 4.41776 6.96828
threshold=0.10584720443875374 3.7250000000000005 0.62019230769230782 2.2250000000000005 0.46739130434782611 0.34848484848484856 0.0008241552530034046 0.33809912854030505 0.30860805860805868 0.20974942396313367 0.4188596491228071 -0.3709934144549189 1.0000000180025095e-35 0.38612368702888494
decision_type=2 2 2 2 2 2 2 2 2 2 2 8 2 2
left_child=-1 3 4 -2 5 6 7 -3 -9 -10 -11 -12 13 -8
right_child=1 2 -4 -5 -6 -7 12 8 9 10 11 -13 -14 -15
leaf_value=-0.014928660201833657 0.011913967942685113 -0.011664521733113036 -0.010869001129202246 -0.013551194701384559 0.018924599425304757 -0.021131101604725821 -0.0035647074841124024 0.001551828747061974 -0.015871075734141312 -0.0094287098036187466 0.0085479279219487832 -0.005092270404845326 0.0058811432616629059 0.001739012131808586
leaf_weight=8.0377175768371654 17.944099576328885 33.569062489899807 18.2083693027962 2.4870432317256919 3.7327760413754723 4.1712086114566764 139.23962814221159 188.79412493482232 17.972276240121573 32.356973465532064 20.469143046066165 17.168722730828449 60.466274834703654 336.70308210444637
leaf_count=1409 555 1056 235 60 51 42 4432 2415 215 474 168 275 450 5021
internal_value=-0.000409434 -0.000262243 -0.000472581 0.00832647 -0.000238639 -0.00034482 -0.000217617 -0.00203427 -0.000828406 -0.00589686 -0.00314835 0.00235512 0.000835208 0.000183159
internal_weight=901.321 893.283 872.852 20.4311 854.643 850.91 846.739 310.33 276.761 87.9671 69.9948 37.6379 536.409 475.943
internal_count=16858 15449 14834 615 14599 14548 14506 4603 3547 1132 917 443 9903 9453
is_linear=0
shrinkage=0.02


Tree=241
num_leaves=15
num_cat=0
split_feature=37 32 19 19 40 33 10 13 11 10 40 1 37 12
split_gain=6.33298 5.77727 6.06275 6.00992 5.17123 6.77239 4.88032 4.46354 4.25943 7.9499 4.22473 4.01039 4.72556 4.17751
threshold=0.19677419354838713 65.500000000000014 3.6000000000000005 2.1000000000000005 0.54700854700854717 0.063391601366284925 67.125000000000014 5.5000000000000009 0.93363499641418468 114.05000000000001 0.065591397849462371 -0.48092426520207388 0.046693313953488379 0.79185521602630626
decision_type=2 2 2 2 2 2 2 2 2 2 2 8 2 2
left_child=1 4 3 11 7 -6 -4 -1 -8 -10 -2 12 -3 -13
right_child=10 2 6 -5 5 -7 8 -9 9 -11 -12 13 -14 -15
leaf_value=0.0023114735508172365 0.0029454106359486365 0.023355446757138392 -0.016606148994942414 0.025089091173832286 0.022034776750333829 -0.0096591860516285939 -0.0077032992623845995 -0.017022235155328157 0.028363275317120355 -0.015650965340999148 -0.0077358884468432193 -0.0029071148650567837 -7.9584637362216176e-05 0.005035710484942931
leaf_weight=526.59112968866248 18.718713541864417 4.6813934613019219 17.631821353919804 2.5729156881570807 2.054654314415532 25.483792657963932 14.08838799968362 3.832580190151929 3.1917914403602472 1.879678566008806 62.61053509125486 179.89602840028238 8.7138069393113238 30.096459046239033
leaf_count=8644 229 56 189 23 26 331 219 25 41 29 866 5722 87 419
internal_value=1.6833e-05 0.000546668 -0.00189399 -0.00065092 0.00169734 -0.00660524 -0.00930919 0.00214001 -0.00210355 0.012159 -0.00527157 -0.00105788 0.00916406 -0.00175027
internal_weight=902.044 820.714 262.752 225.961 557.962 27.5384 36.7917 530.424 19.1599 5.07147 81.3292 223.388 13.3952 209.992
internal_count=16906 15811 6785 6307 9026 357 478 8669 289 70 1095 6284 143 6141
is_linear=0
shrinkage=0.02


Tree=242
num_leaves=15
num_cat=0
split_feature=19 4 33 39 41 37 35 35 34 42 35 1 41 41
split_gain=6.00255 5.39522 6.28461 6.13498 5.93331 5.5415 6.47941 6.54624 5.17256 5.03372 4.51824 9.63451 5.47151 5.34846
threshold=86.625000000000014 1.0000000180025095e-35 0.20037878787878791 0.10818713450292398 0.096464019851116647 0.16869918699186995 0.74152298850574727 0.72668737060041422 0.25490951097420106 0.99810042767515472 0.47424845269672861 -0.21260661229439312 0.21132376395534294 0.16064516129032261
decision_type=2 2 2 2 2 2 2 2 2 2 2 10 2 2
left_child=1 4 3 -3 8 10 7 -7 -1 -8 11 -4 13 -13
right_child=-2 2 5 -5 -6 6 9 -9 -10 -11 -12 12 -14 -15
leaf_value=0.014311537973152232 -0.011631343468634972 0.016580599341146748 -0.012504017812044523 -0.012889120454396568 -0.0042851580157823432 -0.0011782485323419945 -0.001350704897586386 0.026837256441217896 0.0002373364139759239 -0.017591202885461441 0.002519125534930531 0.0028603491905884932 -0.0037198053673092495 0.027184630328444398
leaf_weight=11.337190745631231 15.47431302256882 17.244378776522357 24.844978075125255 2.5792182390578082 156.20650279312395 52.367289022891782 13.411816299660133 2.5591746941208831 68.344369802507572 17.285919190151617 482.41086245863698 9.6803631484508497 17.430691203102469 5.0442276410758486
leaf_count=256 133 270 789 37 7651 426 101 21 1960 165 4696 59 169 31
internal_value=0.000330495 0.000553612 0.00149998 0.0123115 -0.00202894 0.00113797 -0.00356135 0.000583598 0.00239239 -0.0107622 0.00188913 -0.00339421 0.00380938 0.012392
internal_weight=896.221 880.747 644.859 19.8236 235.888 625.035 85.6242 54.9265 79.6816 30.6977 539.411 57.0003 32.1553 14.7246
internal_count=16764 16631 6764 307 9867 6457 713 447 2216 266 5744 1048 259 90
is_linear=0
shrinkage=0.02


Tree=243
num_leaves=15
num_cat=0
split_feature=27 34 35 36 43 7 27 40 44 41 43 40 36 34
split_gain=4.8487 5.5228 4.75724 10.6417 6.23459 5.29698 7.03259 11.51 7.44321 6.42887 6.60975 6.35704 5.20279 5.95587
threshold=3.5000000000000004 0.27315608919382511 0.47424845269672861 0.94884877027734182 0.00062692328261926354 3.5000000000000004 1.0000000180025095e-35 0.10435571687840291 0.039913366222266829 0.38675213675213682 0.00057079803146259963 0.12793235133660666 0.74249924992499261 0.29698822463768121
decision_type=2 2 2 2 2 2 2 2 2 2 2 2 2 2
left_child=2 -2 3 -1 -5 12 7 -7 9 11 -11 -9 13 -4
right_child=1 -3 5 4 -6 6 -8 8 -10 10 -12 -13 -14 -15
leaf_value=-0.0032876765917972616 0.049461995274448611 -0.0051424424172667894 0.01446028429458792 0.046473301429079676 0.0082088763108219415 0.014300728040825153 -0.0018925215987303499 -0.0073064109242939809 -0.015548731941932653 0.016188856347329611 -0.0050669204604944116 0.017683399066324691 -0.00076831953095552645 0.0037293679655603447
leaf_weight=220.0094121710863 0.68700021761469443 1.0200227401219306 23.267929700901732 1.2367406128905702 10.089588720351456 30.115564555162564 308.84723106375895 4.8358185486868051 9.8305436442606133 5.8915585801005355 38.142792861210182 14.98196053621359 85.700644358294085 150.9279828206636
leaf_count=7717 27 42 418 29 218 253 4814 52 104 37 293 132 1252 1623
internal_value=0.000260012 0.026987 0.000179768 -0.00228818 0.0158183 0.00103081 -0.000378607 0.00410106 -0.000203417 0.00236244 -0.00192668 0.0115275 0.00326146 0.00523709
internal_weight=905.585 1.70702 903.878 231.336 11.3263 672.542 412.645 103.798 73.6827 63.8521 44.0344 19.8178 259.897 174.196
internal_count=17011 69 16942 7964 247 8978 5685 871 618 514 330 184 3293 2041
is_linear=0
shrinkage=0.02


Tree=244
num_leaves=15
num_cat=0
split_feature=19 30 30 32 43 44 34 37 8 12 32 30 33 7
split_gain=6.92003 5.98481 5.76663 7.92109 6.59829 5.4447 15.4586 10.4385 11.9411 13.0763 7.58547 6.53063 8.51542 7.70278
threshold=87.250000000000014 0.99095019698143016 0.85671192407608043 62.500000000000007 0.99865590964157047 0.010620107489960029 0.34969879518072294 0.030776515151515155 2.5000000000000004 0.56259429454803478 53.500000000000007 0.76923078298568737 0.48900966183574884 3.5000000000000004
decision_type=2 10 8 2 2 2 2 2 2 2 2 10 2 2
left_child=1 2 5 4 -4 6 -1 11 9 -9 -10 -7 -13 -14
right_child=-2 -3 3 -5 -6 7 -8 8 10 -11 -12 12 13 -15
leaf_value=-0.015841554248917516 -0.012278377657471742 0.014813338889135561 0.00055785412581789483 -0.0037493597946954105 0.013675958897899939 0.00019768387855481344 0.0025459875728661391 0.011460084070719093 0.0086098227971817664 -0.018613836718714191 0.034355689844515799 -0.0039478349139339146 0.046169611350141818 0.0066051522995483926
leaf_weight=20.453323899069801 15.655420672148464 10.916256221476941 337.77516477752943 208.85707277408801 15.073078411864115 107.43389734951779 122.98407389619388 23.29482544306666 8.6005220119841415 6.6258284896612158 11.473125566728411 5.6088240500539523 3.3125369921326637 4.3501721536740661
leaf_count=782 138 195 6619 6277 348 774 1121 204 61 70 100 81 26 44
internal_value=0.000495063 0.00073415 0.000541977 -0.000671804 0.0011553 0.00270757 -0.000167492 0.00511037 0.0127006 0.00441371 0.0242569 0.0018881 0.0145994 0.0270639
internal_weight=902.414 886.759 875.842 561.705 352.848 314.137 143.437 170.7 49.9943 29.9207 20.0736 120.705 13.2715 7.66271
internal_count=16840 16702 16507 13244 6967 3263 1903 1360 435 274 161 925 151 70
is_linear=0
shrinkage=0.02


Tree=245
num_leaves=15
num_cat=0
split_feature=30 44 34 31 21 0 44 6 37 35 6 10 40 30
split_gain=5.08273 5.96096 16.92 13.9398 10.1623 7.58746 8.90638 7.32623 7.15343 6.52362 6.09972 7.24157 7.50716 6.55213
threshold=0.8355957865715028 0.85118042413256967 0.30086206896551732 0.66817498207092296 1.0000000180025095e-35 -0.10694840468947543 0.001680273514710458 8.4500000000000011 0.075498575498575513 0.46688596491228079 25.050000000000004 17.450000000000003 0.15849282296650721 0.98190042376518261
decision_type=8 2 2 8 2 10 2 2 2 2 2 2 2 10
left_child=-1 2 -2 10 5 8 7 -7 -4 -9 13 -12 -13 -3
right_child=1 3 4 -5 -6 6 -8 9 -10 -11 11 12 -14 -15
leaf_value=0.001408858715597231 -0.012594513908816021 -0.0073321949923416275 0.0015198282210544417 -0.01149558133562281 -0.01247328351299791 0.012659550708352703 0.015261482751736126 -0.014365168156701788 -0.0058297575203715849 0.001942652776219959 0.019177609355628462 0.024546873890674892 -0.0047299784571700311 0.026123090550128635
leaf_weight=296.67128811054863 42.242232692078687 30.830814339686185 152.82338619150687 71.398375514196232 21.674301065504551 22.640611982904375 25.36647951323539 9.8284597350284439 79.84041826473549 103.60057261586189 11.490070207510142 3.2175659718923297 19.690960476174951 1.5527576291933645
leaf_count=3019 4126 894 3661 1311 169 208 186 73 1819 651 241 57 333 37
internal_value=-0.000727188 -0.00179068 -0.000687583 -0.00541581 0.000549466 0.00129543 0.00461302 0.00253105 -0.0010164 0.000416415 0.00115792 0.00692654 0.000236747 -0.00499359
internal_weight=892.868 596.197 458.016 138.181 415.774 394.1 161.436 136.07 232.664 113.429 66.7822 34.3986 22.9085 32.3836
internal_count=16785 13766 10893 2873 6767 6598 1118 932 5480 724 1562 631 390 931
is_linear=0
shrinkage=0.02


Tree=246
num_leaves=15
num_cat=0
split_feature=0 44 34 42 33 38 6 34 42 10 43 1 29 1
split_gain=5.55962 11.5676 6.70126 8.83433 5.22978 10.5089 9.58108 8.61875 7.73386 6.53542 6.52977 6.40904 5.90887 5.25509
threshold=0.097934105055353285 0.0039224517238495875 0.53174692049272132 0.0093156197665741052 0.65396710208030973 0.075498575498575513 34.050000000000004 0.96172161172161186 0.0012176817334366727 6.9500000000000011 0.00062692328261926354 -0.78695324063301075 1.0000000180025095e-35 -0.62556558847427357
decision_type=10 2 2 2 2 2 2 2 2 2 2 10 2 8
left_child=4 2 3 -2 5 10 8 13 9 -6 -1 -8 -10 -7
right_child=1 -3 -4 -5 6 7 11 -9 12 -11 -12 -13 -14 -15
leaf_value=0.0085537941878063746 0.010141333342214665 -0.0031792917426874054 0.0076131690635335902 -0.016265244263923898 -0.005921856627815243 0.0099811649928586432 -0.0073553596194233873 0.026049212017929185 -0.00080668507755703471 0.029383927627043414 -0.0017468085189419821 0.00049507596596475771 0.018736862133404936 -0.0094410977611888418
leaf_weight=27.311631778837182 8.0288347601890582 92.840483695268631 120.90627348423004 10.731485728174446 2.2662233175942665 5.0683442894369364 49.422587853856385 2.0052250772714606 25.971000249730423 9.170521734049542 187.71902514528483 237.07332532014698 7.0929912903811774 113.93188394303434
leaf_count=455 40 562 585 104 87 57 2755 10 482 131 5346 2027 128 4173
internal_value=-0.00038515 0.00227186 0.00589224 -0.00502275 -0.00131332 -0.00306707 0.000471017 -0.00775564 0.00899739 0.0224744 -0.000404962 -0.000880054 0.00381283 -0.0085376
internal_weight=899.54 232.507 139.667 18.7603 667.033 336.036 330.997 121.005 44.5007 11.4367 215.031 286.496 33.064 119
internal_count=16942 1291 729 144 15651 10041 5610 4240 828 218 5801 4782 610 4230
is_linear=0
shrinkage=0.02


Tree=247
num_leaves=15
num_cat=0
split_feature=40 1 40 12 40 44 43 41 44 36 31 34 30 10
split_gain=6.8763 5.20102 5.01233 6.1819 6.13441 6.55118 5.85655 5.74503 5.06859 4.80028 5.03456 7.5712 7.089 5.76302
threshold=0.52786377708978338 0.30869740589203071 0.26568627450980398 0.22473604977130893 0.14031250000000003 0.0005726928348711958 0.002181599899943939 0.25946704067321186 0.99621414149679788 0.9933554083885211 0.9566364884376527 0.83431372549019622 0.99095019698143016 8.9500000000000011
decision_type=2 10 2 2 2 2 2 2 2 2 10 2 10 2
left_child=1 9 4 -4 5 -3 8 -7 -6 10 12 -12 -1 -14
right_child=-2 2 3 -5 6 7 -8 -9 -10 -11 11 -13 13 -15
leaf_value=0.00014135948518924935 -0.0081972847281636518 -0.011944937911391345 -0.014959678424770567 0.0074275718390986378 -0.014598049878598772 0.025137244229672812 0.030797375487602533 -0.0012298256652689193 0.017363567750013714 -0.010862888486490098 0.019131944406082318 -0.011532346991383653 0.041987189765991972 0.0049682890669665008
leaf_weight=787.11335152562242 34.872389757307246 6.3334795832633999 7.1177270039916065 11.603731306269763 2.3901647496968499 5.4595088586211187 8.3023265823721868 6.5881375372409821 3.9091660790145397 14.00562409032136 11.555620628641917 3.5799543499015263 1.874077557818963 4.8349374255631119
leaf_count=15620 467 39 51 81 22 30 44 38 31 215 103 27 44 58
internal_value=0.000385777 0.000736948 0.00682789 -0.00141082 0.0114082 0.0033767 0.0206541 0.0117295 0.00489782 0.000346451 0.000553692 0.0116138 0.000328465 0.0194142
internal_weight=909.54 874.668 51.7042 18.7215 32.9828 18.3811 14.6017 12.0476 6.29933 822.964 808.958 15.1356 793.822 6.70901
internal_count=16870 16403 336 132 204 107 97 68 53 16067 15852 130 15722 102
is_linear=0
shrinkage=0.02


Tree=248
num_leaves=15
num_cat=0
split_feature=24 27 34 34 6 42 43 40 36 35 9 35 40 40
split_gain=5.75107 5.11949 5.2597 4.01956 6.06039 6.07305 5.71199 7.22024 5.20277 6.46279 4.84864 7.05757 6.69662 3.98399
threshold=2.5000000000000004 3.5000000000000004 0.27315608919382511 0.85028735632183916 12.775000000000002 0.025337699311408179 0.9863775695441771 0.16472868217054268 0.66115363586659381 0.43195847362514034 93.125000000000014 0.88352713178294584 0.21352583586626142 0.067816091954023008
decision_type=2 2 2 2 2 2 2 2 2 2 2 2 2 2
left_child=1 -1 -3 13 8 6 -6 -8 9 -5 11 12 -7 -2
right_child=3 2 -4 4 5 10 7 -9 -10 -11 -12 -13 -14 -15
leaf_value=-0.0011974091063730635 0.010407222273023098 0.047688363415079538 -0.0051684779771971204 -0.011524964859578895 -0.019098134243490036 -0.0070066232999329448 -0.0070456880706976097 0.020168128772398305 0.028032523545483638 0.019038768915136853 -0.0036186337989963942 0.023457304551949471 0.012932566137490026 -0.00740599372336805
leaf_weight=778.51036440976895 5.6693314146250513 0.72801049472764034 1.0248600423801688 4.203528933227064 6.9476203024387386 10.887779543176295 11.518410418182613 4.6704619079828253 7.1624212041497222 5.0409389361739159 12.265954550355671 10.827489366754888 14.820604724809526 19.856968090869486
leaf_count=15913 39 30 34 25 61 78 67 23 38 30 88 67 96 176
internal_value=-0.000488791 -0.00110264 0.0261329 0.00369037 0.00569674 0.00308646 -0.00520469 0.00152202 0.016307 0.00537281 0.0070428 0.0106231 0.00454194 -0.00320653
internal_weight=894.135 780.263 1.75287 113.872 88.3452 71.9383 23.1365 16.1889 16.4069 9.24447 48.8018 36.5359 25.7084 25.5263
internal_count=16765 15977 64 788 573 480 151 90 93 55 329 241 174 215
is_linear=0
shrinkage=0.02


Tree=249
num_leaves=15
num_cat=0
split_feature=32 39 36 19 9 19 36 36 44 6 36 24 6 33
split_gain=5.26527 7.30471 5.86524 3.6945 3.65607 6.60838 5.91533 7.69585 6.02865 6.63757 4.97209 5.05923 4.84395 5.68491
threshold=118.00000000000001 0.15707236842105265 0.93576254826254834 85.000000000000014 6.0139606000000008 2.8250000000000006 0.36391694725028062 0.26381257631257637 0.10105466353485022 288.40000000000003 0.30033783783783791 1.5000000000000002 376.62500000000006 0.9525418275418277
decision_type=2 2 2 2 2 2 2 2 2 2 2 2 2 2
left_child=3 2 -2 4 5 -1 7 -6 12 -10 -9 -12 13 -8
right_child=1 -3 -4 -5 6 -7 8 10 9 -11 11 -13 -14 -15
leaf_value=-0.00026667614563253883 -0.014441204667177967 0.016997027888929348 0.01059454197589973 -0.008920328435733706 0.0025683186569769594 -0.016425617312192338 0.0013198468335046001 0.028326839512810842 -0.0097710573592843415 0.02015500577809403 0.019715053724569109 -0.003676123565125017 -0.014793456747821447 0.012643817014856196
leaf_weight=582.54915964161046 25.962781949318018 3.2965682775247833 3.6071124775335184 16.647812498733401 45.669679245911539 9.303378305397926 137.81514427112415 8.3077187500894087 30.821069237776101 2.3364724963903418 6.455517983529715 6.816535210236907 5.5416277404874554 19.409532568883151
leaf_count=13763 968 95 67 141 318 109 894 54 285 27 46 47 43 134
internal_value=-0.000162587 -0.00789973 -0.0111405 0.00013786 0.000324443 -0.000547957 0.00228104 0.00735203 0.000511959 -0.00713397 0.0169138 0.00828552 0.00210358 0.00278888
internal_weight=904.54 32.8665 29.5699 871.674 855.026 591.853 263.173 67.2495 195.924 33.1575 21.5798 13.2721 162.766 157.225
internal_count=16991 1130 1035 15861 15720 13872 1848 465 1383 312 147 93 1071 1028
is_linear=0
shrinkage=0.02


Tree=250
num_leaves=15
num_cat=0
split_feature=10 19 27 34 40 40 19 10 19 11 37 34 11 38
split_gain=6.04374 6.66891 4.47766 5.46561 4.91202 9.26726 4.07117 5.86203 5.52457 3.69182 6.37145 5.46985 4.65531 3.92395
threshold=155.87500000000003 125.00000000000001 3.5000000000000004 0.27315608919382511 0.5590277777777779 0.71111111111111114 94.750000000000014 139.22500000000002 53.250000000000007 0.21266968548297885 0.16397849462365593 0.27653316645807263 0.10859728604555131 0.49074074074074076
decision_type=2 2 2 2 2 2 2 2 2 2 2 2 2 2
left_child=2 -2 4 -4 6 -6 7 9 -9 10 11 -1 -13 -11
right_child=1 -3 3 -5 5 -7 -8 8 -10 13 -12 12 -14 -15
leaf_value=-0.0061169551824894986 -0.014989821552100862 0.016732112575084682 0.04803030816539175 -0.0053651200551169554 -0.014207962249485603 0.011478379924675285 -0.013361435312713579 0.02170209403577222 -0.0085297438420333035 -9.2481276991550191e-05 -0.017532050039285645 -0.0071693886284032639 0.02767521426272173 0.0054612940495379902
leaf_weight=3.1454351107822722 17.177566835423935 2.2524766214191905 0.71616803971119125 1.0631055526901034 21.194337901659313 6.6859253158327183 7.3684227764606467 8.5181949920952302 2.6321783643215886 770.26914052211214 1.9783053924329568 1.4130089092068363 8.1321438594022748 53.484441495966166
leaf_count=91 187 16 28 42 272 101 65 118 23 15077 29 27 108 691
internal_value=8.16344e-05 -0.0106734 0.000329092 0.0256755 0.000249196 -0.007864 0.000522014 0.000657994 0.0144508 0.000457563 0.0100748 0.0153446 0.0223263 0.000274297
internal_weight=906.031 19.43 886.601 1.77927 884.822 27.8803 856.941 849.573 11.1504 838.422 14.6689 12.6906 9.54515 823.754
internal_count=16875 203 16672 70 16602 373 16229 16164 141 16023 255 226 135 15768
is_linear=0
shrinkage=0.02


Tree=251
num_leaves=15
num_cat=0
split_feature=30 13 24 37 40 10 35 43 30 43 0 10 40 10
split_gain=4.92096 6.67674 8.39284 6.15384 7.14525 7.73835 7.1268 12.0582 6.71517 6.14059 15.9885 5.58571 5.00066 4.91671
threshold=0.86274510622024547 1.0000000180025095e-35 2.5000000000000004 0.20526315789473687 0.47140522875816998 74.625000000000014 0.70847130242825618 0.19308475435187575 0.24132730066776278 0.99793563741437052 -0.0064995979630125961 12.050000000000002 0.27429467084639503 7.0500000000000007
decision_type=8 2 2 2 2 2 2 2 10 2 8 2 2 2
left_child=3 2 -2 4 5 6 -1 8 -8 -3 -11 -9 -10 -12
right_child=1 9 -4 -5 -6 -7 7 11 12 10 13 -13 -14 -15
leaf_value=0.0031135501328670994 -0.015164874069599934 -0.0018030511188848375 0.015963229026544953 -0.0083370377709475682 -0.0049768139388983298 -0.0043856584176556962 -0.0052343630981530618 0.014535720465306511 0.0096019261702678244 -0.01344004789094584 0.0018406288676232584 -0.016637131943198699 0.024900349171638136 0.012475543857294838
leaf_weight=168.29528221790679 23.349663015687842 456.94262872217223 3.203199114650487 21.713941156631336 43.367424356751144 39.274951670551673 4.9115134328603736 2.3336540320888144 16.813292915234342 16.208880187477916 30.377612924203277 7.1253484801854938 21.775185334961861 40.954514792189002
leaf_count=1939 6825 5706 45 204 372 393 27 19 155 509 175 77 187 245
internal_value=-0.000241966 -0.00136003 -0.0109667 0.00171698 0.00246035 0.00371263 0.00516342 0.0114992 0.0158923 -0.000872294 0.00395152 -0.00829194 0.0186456 0.0080346
internal_weight=896.647 571.036 26.5529 325.611 303.897 260.529 221.254 52.959 43.5 544.484 87.541 9.459 38.5885 71.3321
internal_count=16878 13505 6870 3373 3169 2797 2404 465 369 6635 929 96 342 420
is_linear=0
shrinkage=0.02


Tree=252
num_leaves=15
num_cat=0
split_feature=32 39 1 40 35 39 0 1 1 32 40 1 30 32
split_gain=6.72514 4.32017 6.93944 5.08832 5.02703 4.56533 5.44867 4.33891 3.8406 7.28534 5.49631 3.90535 4.7312 3.90445
threshold=118.00000000000001 0.14722222222222223 -0.14404223859310147 0.089898989898989909 0.3619555353901997 0.17519181585677754 0.033342792038238908 -0.0088132811404207489 0.33484162390232092 76.500000000000014 0.19513484928609204 0.24849168956279757 0.46606335043907171 59.500000000000007
decision_type=2 2 8 2 2 2 8 8 10 2 2 10 8 2
left_child=1 8 -3 4 -4 -5 -7 -6 11 13 -11 -1 -13 -10
right_child=-2 2 3 5 7 6 -8 -9 9 10 -12 12 -14 -15
leaf_value=0.00061435564405857841 -0.0087261273029224009 -0.019929376014260702 0.015808939108083179 -0.015957030568831389 0.0067769268428765975 -0.0099712560812452219 0.014627313554595714 -0.026312028683652181 0.0065646856327284519 0.036072776054382513 0.0015774969776383547 0.010649568144024414 -0.013855613862088629 -0.0077934815531293536
leaf_weight=767.9450968420133 32.443093545851298 9.570174712687729 1.2495951217133567 2.6857997332699624 1.6126814037561414 4.0474636373110089 13.110189533443194 5.7460821294225752 25.285192139446735 4.165466181933879 3.0246871337294579 3.2179838493466404 13.646478489041327 9.7004229314625245
leaf_count=14697 1133 52 79 69 7 116 258 105 147 26 29 22 99 72
internal_value=7.43087e-05 0.000414074 -0.00608991 -0.000916183 -0.0129297 0.00466574 0.00859498 -0.0191173 0.000720099 0.00652778 0.023526 0.000400084 -0.00884528 0.00247767
internal_weight=897.45 865.007 38.022 28.4518 8.60836 19.8435 17.1577 7.35876 826.985 42.1758 7.19015 784.81 16.8645 34.9856
internal_count=16911 15778 686 634 191 443 374 112 15092 274 55 14818 121 219
is_linear=0
shrinkage=0.02


Tree=253
num_leaves=15
num_cat=0
split_feature=32 31 41 34 34 9 35 20 39 32 15 41 35 13
split_gain=10.2217 5.59038 4.94769 9.25812 4.85163 7.03189 4.7607 3.99105 4.76584 3.73314 3.98518 6.59889 4.29884 4.06785
threshold=89.000000000000014 0.03619909659028054 0.21525096525096529 0.25490951097420106 0.93226710844908889 13.115683000000002 0.30741758241758249 1.0000000180025095e-35 0.15707236842105265 31.500000000000004 1.5000000000000002 1.2225274725274728 0.86855396065922397 2.5000000000000004
decision_type=2 8 2 2 2 2 2 2 2 2 2 2 2 2
left_child=1 -1 3 6 -5 -6 -2 8 -4 10 12 -12 13 -3
right_child=2 9 7 4 5 -7 -8 -9 -10 -11 11 -13 -14 -15
leaf_value=-0.013266269092544383 -0.0045307049896548849 0.0058831259955545966 -0.013376948246625942 -0.0074917702220532959 0.025881256699423968 -0.009359008148590215 0.039251439820884693 0.0029508044317685632 0.0085227256209770251 0.00029587857104403331 0.018467795324510566 -0.0028391779610150926 -0.016832677837267562 -0.017184351846529319
leaf_weight=10.642129222396759 1.1587540371110656 28.862530470592905 49.316089475527406 29.789910720777698 3.7930834114085874 3.5476035550236702 2.2475605548825115 8.1641387622803432 3.650365083012729 723.94439657381736 16.385554570704702 8.3761994615197164 3.7180630743969223 2.4362944364547721
leaf_count=414 77 550 1656 1124 36 37 71 56 118 12587 76 42 54 12
internal_value=-0.000274431 0.0004925 -0.00621317 -0.000758126 -0.00391237 0.00977017 0.0267096 -0.00976009 -0.0117377 0.000695997 0.005457 0.0114298 0.00103332 0.00361111
internal_weight=896.033 794.365 101.668 40.5369 37.1306 7.34069 3.40631 61.1306 52.9665 783.723 59.7786 24.7618 35.0169 31.2988
internal_count=16910 13735 3175 1345 1197 73 148 1830 1774 13321 734 118 616 562
is_linear=0
shrinkage=0.02


Tree=254
num_leaves=15
num_cat=0
split_feature=34 1 31 10 10 18 29 33 13 12 12 31 31 37
split_gain=5.60345 10.7745 9.4504 6.27613 6.255 5.56067 5.4456 7.90642 4.39729 4.33539 4.15305 3.92908 3.91193 4.45528
threshold=0.84234892787524374 0.29524883627891546 0.64404225349426281 109.05000000000001 155.87500000000003 1.0000000180025095e-35 1.0000000180025095e-35 0.76329937747594812 5.5000000000000009 0.027149322442710403 0.91440421342849743 0.44645550847053533 0.34690800309181219 0.027402402402402406
decision_type=2 10 10 2 2 2 2 2 2 2 2 10 8 2
left_child=1 5 4 -4 6 9 8 -8 12 -1 -11 -3 13 -2
right_child=2 11 3 -5 -6 -7 7 -9 -10 10 -12 -13 -14 -15
leaf_value=0.0088054977009756012 -0.015276726545057819 0.015598267851607185 -0.01530817063162504 0.016270098750264621 -0.0094679646397306666 -0.010146906326268254 0.037268006612762673 -0.0018265212073475987 -0.016160813660326141 -0.0018018610602853963 0.011528550184471121 -0.0022306073674062924 0.0037842186768392789 0.012188187992457909
leaf_weight=15.839555300422942 7.7794639542698842 19.440814046189193 16.929768873844299 2.092065278440713 14.58297448325902 28.325354497879744 3.5449567190371445 3.635245717363432 3.7019940949976435 452.30567544768564 8.559024644084273 6.2196638230234376 309.37000976921991 2.3915680921636522
leaf_count=508 63 131 156 20 122 248 28 31 30 13121 95 52 2276 20
internal_value=0.000269964 -0.00104034 0.00217777 -0.011196 0.00294536 -0.00169135 0.00352012 0.0196713 0.0031018 -0.00116874 -0.00152987 0.0113553 0.00337468 -0.0083058
internal_weight=894.718 530.69 364.028 19.0218 345.006 505.03 330.423 7.1802 323.243 476.704 460.865 25.6605 319.541 10.171
internal_count=16901 14155 2746 176 2570 13972 2448 59 2389 13724 13216 183 2359 83
is_linear=0
shrinkage=0.02


Tree=255
num_leaves=15
num_cat=0
split_feature=40 30 37 31 44 44 11 36 10 31 21 1 34 1
split_gain=5.85815 4.34008 9.63892 6.25659 12.5402 11.7591 10.2482 9.26265 9.57914 7.07248 6.81638 6.85088 6.06222 6.74476
threshold=0.57738095238095244 0.8355957865715028 0.22086720867208673 0.87820512056350719 0.10105466353485022 0.99626694994619835 0.59125190973281871 0.25955452775073035 150.25000000000003 0.89894419908523571 1.0000000180025095e-35 -0.27441651264869055 0.60084745762711866 -0.14118198874296431
decision_type=2 8 2 8 2 2 2 2 2 8 2 10 2 8
left_child=1 2 -1 5 7 6 -3 -5 10 -6 -9 -12 13 -7
right_child=-2 3 -4 4 9 12 -8 8 -10 -11 11 -13 -14 -15
leaf_value=0.0035527718270101246 -0.009472580134586954 0.005533357646386493 -0.011262080113129713 -0.0062405289767991767 0.020485972606691386 -0.017340842607196733 -0.012314084863128367 0.0043523265483310447 -0.014099490597279708 -0.010184945234997151 0.013652073889993557 -0.013979564846802902 -0.004475680490794544 0.01288849457146536
leaf_weight=265.27172121312469 22.934113841154613 15.329464989714323 17.842367745470256 48.189125179662369 2.2822187212295821 2.4632674977183342 65.637361995875835 318.93278206035029 11.627716523595153 49.581245484063402 3.7906540650874403 14.625824024900792 20.854549166746438 24.55888808704913
leaf_count=2733 334 1375 164 1082 33 19 5197 3658 110 953 30 118 313 651
internal_value=0.000288024 0.000558705 0.00258276 -0.000435677 0.000681008 -0.00430268 -0.00890874 0.00189469 0.00303268 -0.0084733 0.00366311 -0.00788196 0.00350976 0.00961238
internal_weight=883.921 860.987 283.114 577.873 449.03 128.844 80.9668 397.166 348.977 51.8635 337.349 18.4165 47.8767 27.0222
internal_count=16770 16436 2897 13539 5984 7555 6572 4998 3916 986 3806 148 983 670
is_linear=0
shrinkage=0.02


Tree=256
num_leaves=15
num_cat=0
split_feature=1 1 35 30 31 11 35 6 40 34 44 31 11 44
split_gain=6.67231 8.24838 6.94003 5.72133 5.29462 8.52784 4.9456 11.7211 7.66789 7.30661 5.3253 5.23818 6.62359 4.96758
threshold=0.33484162390232092 0.67345401644706737 0.78533026113671289 0.93363499641418468 0.34238311648368841 0.23076923191547397 0.9234432234432236 214.87500000000003 0.44636015325670503 0.9812492675495138 0.00065550196489552466 0.44645550847053533 0.90950226783752453 0.99723475618239077
decision_type=10 10 2 8 8 2 2 2 2 2 2 8 2 2
left_child=3 2 -2 -1 5 -5 11 8 9 13 -9 12 -6 -8
right_child=1 -3 -4 4 6 -7 7 10 -10 -11 -12 -13 -14 -15
leaf_value=0.0016654427201669845 0.015405900466777468 -0.010227770407578591 -0.003743714489328278 0.019451612580519573 0.020094158240467907 -0.012389206515623101 0.027222966090242738 0.0046372774384028873 -0.0175827657650276 -0.00079178799210862395 -0.0090008844897400565 -0.0023624966214337807 -0.011147191111002359 -0.006551359463564348
leaf_weight=360.95065040420741 31.108573658391833 8.1024303510785085 9.4601508881896716 2.8651020909892386 7.9256985819665697 30.742809562478215 15.701792280888194 21.169643482193351 1.962863427819683 6.3594122417271128 22.828943916829303 377.77591424039565 3.1432646960020065 1.5600868551991869
leaf_count=4274 189 60 65 94 596 3231 253 245 22 43 287 7334 206 26
internal_value=0.000170321 0.00729607 0.0109578 -0.00024434 -0.00164587 -0.00919113 -0.00107391 0.00380126 0.0142934 0.0175488 -0.00248174 -0.00195382 0.011034 0.0239789
internal_weight=901.657 48.6712 40.5687 852.986 492.036 33.6079 458.428 69.5827 25.5842 23.6213 43.9986 388.845 11.069 17.2619
internal_count=16925 314 254 16611 12337 3325 9012 876 344 322 532 8136 802 279
is_linear=0
shrinkage=0.02


Tree=257
num_leaves=15
num_cat=0
split_feature=40 1 34 9 41 37 6 37 31 34 37 31 35 31
split_gain=6.71065 5.54907 5.65429 7.9219 10.2167 5.49276 4.96086 4.59365 4.24794 7.60812 4.92932 6.2399 4.91363 4.63814
threshold=0.52786377708978338 -0.5912518799304961 0.63136324417601386 10.084424000000002 0.39208074534161497 0.14495798319327732 14.900000000000002 0.11651583710407241 0.95022624731063854 0.82850140056022425 0.063164893617021281 0.35143288969993597 0.33043280871670705 0.39366516470909124
decision_type=2 8 2 2 2 2 2 2 10 2 2 8 2 8
left_child=1 2 -1 4 6 7 -4 -5 10 12 -3 -12 -10 -13
right_child=-2 8 3 5 -6 -7 -8 -9 9 -11 11 13 -14 -15
leaf_value=-0.011291432228038686 -0.0084617814136702958 0.0010257432792048296 -0.014306721837744823 0.0031414770842411901 0.029751251112757116 -0.011391441237976016 0.015504741636324934 0.026468888737749191 -0.0069782537726796557 -0.014466664614499363 -0.014287941202094478 0.022572733081327036 0.021359783279260129 -0.0017803006133546306
leaf_weight=5.627168350853025 35.152839046553709 461.13671902392525 3.8090151846408871 21.478614594787363 11.189455233514307 7.7380642089992753 3.1689219251275063 3.0940318070352069 2.5455770157277611 3.3798091034404925 15.18031156354118 2.1636915288399896 11.162395294290034 313.90581348713022
leaf_count=94 472 9509 23 154 69 61 23 24 31 29 1658 169 106 4524
internal_value=-1.94054e-05 0.000332825 0.00635842 0.00850711 0.018703 0.00238486 -0.000521837 0.00699891 -9.21443e-05 0.00949165 -0.000310521 -0.00216824 0.0159807 -0.00154292
internal_weight=900.732 865.58 56.1053 50.4781 18.1674 32.3107 6.97794 24.5726 809.474 17.0878 792.387 331.25 13.708 316.07
internal_count=16946 16474 448 354 115 239 46 178 16026 166 15860 6351 137 4693
is_linear=0
shrinkage=0.02


Tree=258
num_leaves=15
num_cat=0
split_feature=27 34 2 7 6 0 44 1 6 41 0 0 32 40
split_gain=4.17467 5.11807 4.05522 4.99022 7.74872 6.88321 16.9336 8.22886 7.01732 8.48846 6.45815 13.4721 15.6677 8.02109
threshold=3.5000000000000004 0.27315608919382511 1.0000000180025095e-35 3.5000000000000004 23.550000000000004 -0.084714183344722124 0.92925425934993655 -0.3434394144382466 13.550000000000002 0.29520697167755999 -0.29549454923802038 -0.50188535451889027 57.500000000000007 0.26568627450980398
decision_type=2 2 2 2 2 10 2 8 2 2 8 10 2 2
left_child=2 -2 3 4 5 6 -1 -7 9 10 11 -8 13 -13
right_child=1 -3 -4 -5 -6 7 8 -9 -10 -11 -12 12 -14 -15
leaf_value=-0.012689225562426187 0.0456371252127456 -0.0054874882133943391 0.0041371288613426165 -0.0018569988905805502 0.0058038535970713371 -0.0085970061180961396 0.00034077948214208525 0.0038076066683636863 -0.01330279058625846 -0.012435006816431294 0.00020379011137930329 0.0073241463004051054 0.0014092503239568636 0.054111105093643676
leaf_weight=50.916238738922402 0.77548182080499728 1.0619910517707465 95.694927541073412 379.09377436991781 111.23535826662555 23.78266111202538 14.788465533405544 156.89811109472066 9.0719475122168642 8.9729805861134064 25.180840550689027 2.2951429616659862 5.8876996375620356 6.0035080052912235
leaf_count=4813 26 39 670 6929 1625 139 259 1225 155 219 636 27 98 70
internal_value=0.000347525 0.0245686 0.000269985 -0.000200636 0.00131312 -0.000344802 -0.00397409 0.00213648 0.00226125 0.00467045 0.0076787 0.0139513 0.0271828 0.0433506
internal_weight=891.659 1.83747 889.822 794.127 415.033 303.798 123.117 180.681 72.2006 63.1286 54.1557 28.9748 14.1864 8.29865
internal_count=16930 65 16865 16195 9266 7641 6277 1364 1464 1309 1090 454 195 97
is_linear=0
shrinkage=0.02


Tree=259
num_leaves=15
num_cat=0
split_feature=32 11 10 9 12 37 32 12 11 9 41 10 9 1
split_gain=6.14343 3.55432 3.53422 8.28581 9.99131 8.0158 7.88711 6.47913 5.94697 10.2672 5.37299 6.90915 5.11443 4.91199
threshold=118.00000000000001 0.98642531037330639 24.625000000000004 6.2750000000000012 0.7828054428100587 0.18465909090909094 30.500000000000004 0.89592760801315319 0.99095019698143016 56.375000000000007 0.37797619047619052 96.375000000000014 16.650000000000002 0.0090497769415378588
decision_type=2 2 2 2 2 2 2 2 2 2 2 2 2 10
left_child=2 -2 7 10 5 6 -5 -1 -8 -10 11 13 -7 -4
right_child=1 -3 3 4 -6 12 8 -9 9 -11 -12 -13 -14 -15
leaf_value=0.00053341833876908214 -0.011158245150949837 0.0089289702936456491 -0.011586787710884269 0.016908709031983084 -0.0092792761851201635 0.0058696439217888145 0.0014169044836623637 0.011866675097903026 -0.0098773814273142614 0.037941872893767881 -0.014143728037873688 0.0079130923983822508 -0.014087069690871794 0.0033003501488964334
leaf_weight=560.71545353496913 27.996368212043311 3.2568557031918308 30.779819200513884 15.815096706151961 34.718590089585632 6.5917096063494709 132.86217142734677 19.936713971663266 2.3771218680776647 3.6380047984421253 27.251949977595359 15.001856107264755 16.638949162093922 11.775847008451818
leaf_count=12044 1071 53 918 71 270 39 1022 171 20 24 748 338 136 85
internal_value=-0.000280374 -0.00885305 3.44662e-05 -0.00173489 0.00038029 0.00230651 0.00396043 0.000942279 0.00237556 0.02033 -0.00698087 -0.00340583 -0.0084158 -0.00748608
internal_weight=909.357 31.2532 878.103 297.451 212.642 177.923 154.692 580.652 138.877 6.01513 84.8095 57.5575 23.2307 42.5557
internal_count=17010 1124 15886 3671 1582 1312 1137 12215 1066 44 2089 1341 175 1003
is_linear=0
shrinkage=0.02


Tree=260
num_leaves=15
num_cat=0
split_feature=0 41 0 38 41 1 10 40 10 37 43 40 10 0
split_gain=4.78178 5.20192 6.69209 7.83625 5.14294 5.85269 5.43629 4.76726 4.53176 4.08777 3.61104 4.48653 6.091 6.02035
threshold=0.33147949611364252 0.12660256410256412 -0.39969833195209498 0.66025641025641035 0.14039408866995076 0.35859724879264837 4.5500000000000007 0.62019230769230782 2.2750000000000004 0.070197044334975381 0.0008241552530034046 0.26568627450980398 10.450000000000001 0.071644037961959853
decision_type=10 2 8 2 2 10 2 2 2 2 2 2 2 10
left_child=1 7 3 -3 -4 10 -7 9 -9 -1 -6 13 -13 -12
right_child=-2 2 4 -5 5 6 -8 8 -10 -11 11 12 -14 -15
leaf_value=0.0042704201870832651 0.0044190581841706024 -0.01034264795408483 -0.01301434791743686 0.032220113842163854 -0.0031732495088164178 0.024954008523719026 0.0023324853833364438 0.011530778765715311 -0.015039007433073719 -0.0042162434505069431 -0.0025784040853432371 -0.0017989042288063365 0.0087701099182804828 0.0052582352591758145
leaf_weight=155.14237820496783 80.804068632423878 44.389910439494997 12.811660894192753 0.84479134017601509 199.61339810560457 5.5771197900176075 12.68144480511546 2.5363308168016365 10.074539402034132 25.740444446098991 210.13353264227044 38.623785928357393 48.262860619695857 47.186979372054338
leaf_count=3385 454 1621 297 21 3589 29 82 46 138 677 4868 889 514 259
internal_value=-0.000190744 -0.000653426 -0.0015465 -0.00886807 -0.000956009 -0.000658534 0.0101792 0.002202 -0.00924066 0.00304619 -0.00104042 0.000202059 0.00410485 -0.00112654
internal_weight=894.423 813.619 620.125 45.2347 574.891 562.079 18.2586 193.494 12.6109 180.883 543.821 344.207 86.8866 257.321
internal_count=16869 16415 12169 1642 10527 10230 111 4246 184 4062 10119 6530 1403 5127
is_linear=0
shrinkage=0.02


Tree=261
num_leaves=15
num_cat=0
split_feature=32 37 16 1 40 11 0 0 0 42 7 0 0 44
split_gain=5.79758 12.8501 6.08034 9.14451 9.47948 10.5056 7.24698 6.96253 6.8238 6.20697 6.0593 6.00686 5.99572 8.58127
threshold=42.500000000000007 0.24621212121212124 1.0000000180025095e-35 -0.32625301527740547 0.32200460829493094 0.76319760084152233 -0.49610444564293416 -0.030092336223451994 -0.28808446228504175 0.0026472235691149494 3.5000000000000004 0.071644037961959853 -0.08024053660994461 0.89185316293149786
decision_type=2 2 2 10 2 2 8 10 10 2 2 8 10 2
left_child=2 12 3 4 7 10 -7 -1 9 -8 -6 -12 13 -2
right_child=1 -3 -4 -5 5 6 8 -9 -10 -11 11 -13 -14 -15
leaf_value=-0.0092496951992030018 -0.0042033872670298612 -0.013647918207412686 -0.0030961937587092197 0.010403109145866968 -0.0084732625545813935 -0.0066797264392531898 0.062584003916188999 0.0041025741970073179 0.011140697341786866 0.018208824953215925 0.028492253908242005 -0.0046295332887866221 0.0018764114350526577 0.0021653693189278836
leaf_weight=37.99546839564573 245.21753526921384 29.547297714860179 53.388123635202646 65.245802933350205 14.500769323669376 3.1988653526641428 2.0590857106726643 25.299754692241549 8.8903195299208146 4.3261034772731364 3.4835286000743499 3.8145207695197314 272.97624072991312 128.17667202325538
leaf_count=1623 8709 391 316 371 187 94 38 175 88 134 36 49 2139 2557
internal_value=-5.04896e-05 -0.000972123 0.00274482 0.00459942 0.000878707 0.00835129 0.0190286 -0.00393186 0.0244918 0.0390555 -0.00113538 0.0127086 -0.000372492 -0.00201721
internal_weight=898.12 675.918 222.202 168.814 103.568 40.2732 18.4744 63.2952 15.2755 6.38519 21.7988 7.29805 646.37 373.394
internal_count=16907 13796 3111 2795 2424 626 354 1798 260 172 272 85 13405 11266
is_linear=0
shrinkage=0.02


Tree=262
num_leaves=15
num_cat=0
split_feature=0 33 7 42 0 1 36 34 1 1 12 7 43 43
split_gain=4.67333 7.65712 13.333 7.95603 10.061 7.76691 7.87909 7.70124 7.51009 7.38395 7.37693 10.5369 7.50205 8.82733
threshold=0.039466630930045571 0.72668737060041422 3.5000000000000004 0.17986813504431529 -0.13178799820789794 -0.21792636116398972 0.83793300342596122 0.25490951097420106 -0.65460029244422901 0.029070163797162811 0.49472096562385565 1.0000000180025095e-35 0.00078095616528880117 0.0047839939702771818
decision_type=10 2 2 2 10 8 2 2 8 10 2 2 2 2
left_child=1 3 10 7 -5 -4 9 -1 -6 -7 -3 -12 -13 -14
right_child=-2 2 5 4 8 6 -8 -9 -10 -11 11 12 13 -15
leaf_value=0.0098628271800196253 0.002278254051970872 0.004246061456929389 0.0035806671943852592 -0.013248528929983136 0.032217467121830039 -0.0040223053368449394 -0.012405723667121797 -0.0020741757755171741 -0.0020374419063124449 0.0092312712403607219 -3.758501178473365e-05 -0.002593561850783238 0.060572538735974214 0.019105351701619661
leaf_weight=22.704988333513029 281.51510753296316 23.858418522402644 110.10140267852694 53.644782942370512 1.7794396467506883 65.653596506919712 30.210343425162137 245.60486122255679 31.50511305173859 21.49194089975208 6.3504793900065133 2.0453601155895749 3.5303417216055077 6.469599791103974
leaf_count=720 1633 408 942 3465 12 2095 610 6120 466 156 114 32 44 95
internal_value=0.000143203 -0.000820655 0.00171643 -0.00274632 -0.00796826 -0.000218166 -0.00378231 -0.00103117 0.000680167 -0.000686046 0.0118948 0.0210844 0.0313696 0.0379205
internal_weight=906.466 624.951 269.711 355.239 86.9293 227.457 117.356 268.31 33.2846 87.1455 42.2542 18.3958 12.0453 9.99994
internal_count=16912 15279 4496 10783 3943 3803 2861 6840 478 2251 693 285 171 139
is_linear=0
shrinkage=0.02


Tree=263
num_leaves=15
num_cat=0
split_feature=0 43 30 44 6 37 4 44 30 1 12 35 41 41
split_gain=4.60972 12.0851 7.81282 6.25537 7.73922 5.84567 9.65966 9.54536 5.46457 5.77981 5.19261 5.09042 8.33412 7.50253
threshold=0.067263661553028362 0.99349704174708953 0.86274510622024547 0.9969834819745389 70.675000000000011 0.075498575498575513 1.0000000180025095e-35 0.00058751489562586126 0.85671192407608043 -0.28414290208849752 0.5429864525794984 0.83388520971302438 0.76095238095238105 0.69098143236074283
decision_type=10 2 8 2 2 2 2 2 8 8 2 2 2 2
left_child=5 3 -3 4 10 -1 -7 11 9 -5 -2 -8 13 -13
right_child=1 2 -4 8 -6 6 7 -9 -10 -11 -12 12 -14 -15
leaf_value=0.00048564466936788358 0.0066082123650807387 -0.010467284079251498 0.016080291195469366 0.019724752584868801 -0.0071338146083483739 -0.014457039670576138 -0.010988165345401289 0.0024399860758122761 -0.014383422001134603 -0.0043630084740539175 -0.0014833866549875385 0.0033384950692305379 -0.012828660582780434 0.041719024176648925
leaf_weight=449.30999077740125 101.62608901038766 4.400781273841857 32.941934555768967 3.835450291633606 28.368773613125086 27.364314325037412 47.377374596660957 92.729017069912516 17.642156064510345 21.644501186907295 45.45673181861639 13.386468296870591 10.588528860593213 1.4517640352714796
leaf_count=10354 550 24 175 21 159 2868 801 1103 129 118 267 187 132 14
internal_value=0.000138859 0.00240334 0.0127603 0.000583823 0.0022655 -0.000765858 -0.00366841 -0.00180884 -0.00615469 -0.000129158 0.00411433 -0.00718021 6.24009e-05 0.0094906
internal_weight=898.124 255.916 37.3427 218.574 175.452 642.207 192.897 165.533 43.1221 25.48 147.083 72.8041 25.4268 14.8382
internal_count=16902 1443 199 1244 976 15459 5105 2237 268 139 817 1134 333 201
is_linear=0
shrinkage=0.02


Tree=264
num_leaves=15
num_cat=0
split_feature=0 38 37 35 44 38 6 44 35 0 0 44 9 36
split_gain=4.06778 6.20245 7.28593 6.43372 6.9691 8.80024 7.20555 6.4157 7.72452 8.7627 6.25912 5.73631 15.7142 10.8522
threshold=-0.10694840468947543 0.019049346879535561 0.15587044534412958 0.92071349992142082 0.00089846204003713544 0.39642857142857152 121.62500000000001 0.9981805314731943 0.89377820760799487 -0.47807584637468986 -0.2914768158670597 0.89185316293149786 0.37075475000000008 0.49300665101721447
decision_type=10 2 2 2 2 2 2 2 2 8 10 2 2 2
left_child=1 7 3 -3 5 -5 -6 -1 9 -9 -11 12 -2 -13
right_child=11 2 -4 4 6 -7 -8 8 -10 10 -12 13 -14 -15
leaf_value=0.00044992101505588773 -0.0098619377577278521 -0.0037379993812477431 -0.012312303362715495 0.014736425424394489 0.027528655465725981 -0.011963141016261036 -0.0063396491193525454 -0.0059346977953028688 -0.015869513311995369 0.043672693778606865 9.7364113107519293e-05 0.0021151516191138717 0.0048448086935166737 -0.010119679219809228
leaf_weight=185.87380010460038 32.28194464975968 214.53534554271027 30.350229804753326 26.011787758441645 1.7710475733038062 5.2484755124896756 27.126037530018948 2.7619156427681446 1.8543196721002448 4.8455434227362266 1.7083522304892529 82.271274670958519 230.80407923879102 43.56695825047791
leaf_count=5159 464 6760 1019 357 17 58 343 39 20 86 20 586 1525 405
internal_value=-0.000200025 -0.00138818 -0.00317075 -0.00211972 0.0036182 0.0100218 -0.00341257 0.00137348 0.0154421 0.0226088 0.0338308 0.00133346 0.00300971 -0.00216711
internal_weight=891.011 502.087 305.043 274.693 60.1573 31.2603 28.8971 197.044 11.1701 9.31581 6.5539 388.924 263.086 125.838
internal_count=16858 13878 8554 7535 775 415 360 5324 165 145 106 2980 1989 991
is_linear=0
shrinkage=0.02


Tree=265
num_leaves=15
num_cat=0
split_feature=32 8 33 30 33 40 10 32 40 41 30 43 27 13
split_gain=6.37934 6.56454 6.74472 9.01991 7.75952 5.62659 5.4922 4.7625 4.08126 9.0669 6.50469 6.18865 4.31675 4.17364
threshold=35.500000000000007 4.5000000000000009 0.21068484464172482 0.2564102709293366 0.44487847222222227 0.48611111111111116 124.95000000000002 132.50000000000003 0.42261904761904767 0.98387096774193561 0.27752640843391424 0.00058377838341172714 3.5000000000000004 1.0000000180025095e-35
decision_type=2 2 2 10 2 2 2 2 2 2 8 2 2 2
left_child=1 2 3 -1 5 -4 -6 8 10 -10 11 -2 13 -12
right_child=7 -3 4 -5 6 -7 -8 -9 9 -11 12 -13 -14 -15
leaf_value=0.033830525082612577 -0.010090805347901115 0.031458075411368698 -0.014571457986216736 -0.00035074139193694162 0.0058155424323866811 0.012928392404154139 -0.011944714367258497 -0.010953329933340746 -0.0069321687155068906 0.027267947154130178 -0.008670705033404915 0.010381169751149786 0.026137615325588028 -0.00076203848277849615
leaf_weight=5.2396219745278341 6.2410699408501378 2.369930164422839 15.922016261843966 6.0737120318226516 68.234355217078701 2.7986611064989111 6.8078734071459612 18.708905402338132 69.607836151961237 2.2709908294491461 26.913707779487595 34.849972113966942 1.3364354697987426 618.789678319823
leaf_count=158 39 33 288 122 752 39 46 728 1052 27 6065 219 53 7279
internal_value=-0.000612959 0.00393306 0.00302154 0.0169417 0.00118089 -0.0100132 0.00406843 -0.00124445 -0.00099137 -0.0054923 -0.000513937 0.00710594 -0.00100806 -0.00110458
internal_weight=886.165 107.446 105.076 11.3133 93.7629 18.7207 75.0422 778.719 760.01 71.8788 688.131 41.091 647.04 645.703
internal_count=16900 1438 1405 280 1125 327 798 15462 14734 1079 13655 258 13397 13344
is_linear=0
shrinkage=0.02


Tree=266
num_leaves=15
num_cat=0
split_feature=0 36 32 30 13 0 34 44 12 44 19 38 44 2
split_gain=4.8399 5.37829 5.37968 5.60365 5.43696 5.09625 7.29536 5.83412 4.20027 6.73486 6.01937 5.47362 5.26204 5.22601
threshold=-0.69620324093354213 0.93267963085036276 118.00000000000001 0.32277527451515203 5.5000000000000009 0.039466630930045571 0.83766891891891904 0.99811097492378342 0.89140272140502941 0.00057917485348890293 2.3750000000000004 0.18301435406698566 0.99337833426834565 1.0000000180025095e-35
decision_type=8 2 2 8 2 10 2 2 2 2 2 2 2 2
left_child=-1 2 4 -4 -2 6 7 -3 9 10 -8 -12 13 -11
right_child=1 5 3 -5 -6 -7 8 -9 -10 12 11 -13 -14 -15
leaf_value=-0.0095861151617154545 0.00018731026596310868 -0.011591890800647165 0.02786285637593032 -0.010852407143122656 -0.020583057894941859 0.013329197360406719 -0.014624839079485892 0.023066099596481281 -0.0052307311135274849 0.025984414239654297 0.03155091298448047 -0.0038000254279453006 -0.0068197725640681663 0.0011165841840483455
leaf_weight=19.506396727636456 767.89325242734049 17.11163133720402 0.64119946956634777 25.92175389174372 4.0744032114744178 21.116431880742311 6.2286558067426068 1.2428352972492565 8.7656640280038101 13.72391459299252 2.0542132146656513 3.6734561752527952 2.8839869685471049 4.5077505707740775
leaf_count=790 14037 661 9 993 33 117 48 18 66 99 12 31 29 25
internal_value=1.9103e-05 0.000242696 -0.00025873 -0.00894089 5.11986e-05 0.00511051 0.00205654 -0.00817458 0.00663105 0.00983624 -0.00209272 0.0116837 0.01638 0.0202137
internal_weight=899.346 879.839 798.531 26.563 771.968 81.3085 60.1921 18.3545 41.8376 33.072 11.9563 5.72767 21.1157 18.2317
internal_count=16968 16178 15072 1002 14070 1106 989 679 310 244 91 43 153 124
is_linear=0
shrinkage=0.02


Tree=267
num_leaves=15
num_cat=0
split_feature=0 37 12 38 11 39 31 38 44 24 44 37 37 0
split_gain=5.16097 8.44417 7.98207 6.09429 7.92674 6.04522 5.76783 7.90342 4.63997 6.90856 6.26584 6.80236 6.04927 4.65986
threshold=0.067263661553028362 0.072299651567944254 0.43740573525428778 0.66025641025641035 0.75829562544822704 0.028174603174603175 0.35143288969993597 0.11651583710407241 0.0005907932643506985 1.0000000180025095e-35 0.0023610019163069645 0.14495798319327732 0.13245614035087722 -0.12330314517021178
decision_type=10 2 2 2 2 2 10 2 2 2 2 2 2 8
left_child=1 3 6 -1 -5 -2 -3 -8 13 -10 11 -11 -12 -4
right_child=5 2 8 4 -6 -7 7 -9 9 10 12 -13 -14 -15
leaf_value=0.00040783168558952373 0.0015057133456264857 -0.010339521631119711 -0.020357036713272606 -0.0074688353046438796 0.023900548276935118 0.010773032422565266 0.030919815328320759 -0.014232091001033478 -0.0039849715694412272 0.025811054965224813 -0.01376154465722516 0.0025083931783598142 0.013476244022248493 -0.0026898968846649912
leaf_weight=431.26103316282388 228.3154797963798 74.844013048917986 5.9430563356727362 4.2387162991799405 8.7171513319481146 31.202836357057095 2.3955891587538636 2.0403783310903236 28.740351464017294 10.93015015777201 6.6937878206372243 9.047540891915558 4.6826032251119614 46.153994499822147
leaf_count=10164 1283 2568 240 56 77 174 192 227 838 80 50 69 31 821
internal_value=0.000285965 -0.000684671 -0.00418415 0.000829726 0.0138378 0.00265703 -0.00899939 0.011354 -0.000732027 0.00303334 0.00939092 0.0158803 -0.00236727 -0.00505074
internal_weight=895.207 635.688 191.471 444.217 12.9559 259.518 79.28 4.43597 112.191 60.0944 31.3541 19.9777 11.3764 52.0971
internal_count=16870 15413 5116 10297 133 1457 2987 419 2129 1068 230 149 81 1061
is_linear=0
shrinkage=0.02


Tree=268
num_leaves=15
num_cat=0
split_feature=11 36 43 34 43 39 21 44 44 31 34 36 7 8
split_gain=3.90922 7.02284 7.86806 7.6098 7.11175 6.10234 5.4892 6.97343 6.88248 23.262 16.4766 14.3406 9.74653 12.5876
threshold=0.77526396512985241 0.39223227752639522 0.045118867052476364 0.9592666334826615 0.00077974603579986708 0.028991596638655467 1.0000000180025095e-35 0.018881126594059838 0.10105466353485022 0.84615385532379161 0.59840291750503027 0.74249924992499261 1.0000000180025095e-35 1.5000000000000002
decision_type=2 2 2 2 2 2 2 2 2 8 2 2 2 2
left_child=1 2 4 -4 5 -1 8 -8 9 -2 11 12 13 -10
right_child=6 -3 3 -5 -6 -7 7 -9 10 -11 -12 -13 -14 -15
leaf_value=-0.0035563976462031294 -0.013270847188671506 -0.0074161904953198637 -0.010049976817499815 0.010095279108801671 0.0043401045098248672 0.017732013631712975 -0.012432499739579031 6.1007992128589455e-05 0.0050209389231273991 0.0046434086562835916 -0.011658571530335655 -0.0079312094064363532 0.0034705213778390459 0.047182496673485189
leaf_weight=107.8208428171929 30.915465441881679 70.885954278171994 48.716492908773944 8.0020221201702935 128.27563173347153 4.6819112125085658 24.921414078213274 57.50652152299881 5.4819962251931447 319.19197884842288 44.263081322889775 17.718475451227278 13.968566467519848 5.5159171356353909
leaf_count=1717 3321 1450 2462 50 2136 58 223 480 103 3266 712 474 314 109
internal_value=-0.000232626 -0.00180593 -0.000448783 -0.00708216 0.00113662 -0.00252204 0.000884384 -0.00382005 0.00177833 0.00302824 -0.00323181 0.00557335 0.0150938 0.0283368
internal_weight=887.866 368.383 297.497 56.7185 240.778 112.503 519.483 82.4279 437.055 350.107 86.948 42.685 24.9665 10.9979
internal_count=16875 7873 6423 2512 3911 1775 9002 703 8299 6587 1712 1000 526 212
is_linear=0
shrinkage=0.02


Tree=269
num_leaves=15
num_cat=0
split_feature=33 38 6 19 30 13 11 0 33 22 42 0 0 38
split_gain=4.41641 9.11664 7.55454 7.00997 6.0563 7.12455 5.95898 6.35969 11.3104 6.24321 5.7589 8.34508 5.68789 8.38292
threshold=0.96318879855465223 0.31101190476190482 192.27500000000003 33.100000000000009 0.91440421342849743 1.0000000180025095e-35 0.34690800309181219 0.02187028527259827 0.19423714759535657 1.0000000180025095e-35 0.0013369628185627106 -0.0011391047976413828 -0.054085797804733021 0.030776515151515155
decision_type=2 2 2 2 8 2 2 10 2 2 2 10 10 2
left_child=2 -2 3 4 -1 -6 -7 10 -9 -10 -8 12 -12 -14
right_child=1 -3 -4 -5 5 6 7 8 9 -11 11 -13 13 -15
leaf_value=0.0015914242493902139 0.0091327266944111977 -0.010381530808230056 -0.0069813104023517614 0.0086805882273299426 -0.012749929506837752 -0.014702323584132423 0.0021092485020668301 0.01799139854133083 0.0028997891343636928 -0.0069568909457219967 -0.0046099091353479964 -0.019356985346156888 -0.010481842831089725 0.020410430270179615
leaf_weight=310.98233013809659 44.462368895416148 11.238656588597221 68.892556270817295 33.62948595918715 22.643267749343067 12.127339776605366 64.866270926315337 15.31236559525132 97.533090459182858 33.778532423079014 152.373024859 13.563227503560482 4.9460134664550415 8.050191901624201
leaf_count=3537 629 136 998 255 6311 142 827 89 557 246 2820 161 83 114
internal_value=-0.000321099 0.00508173 -0.000685545 -0.000113789 -0.000526759 -0.00207608 -0.00144557 -0.000997278 0.00228457 0.000330846 -0.0029723 -0.00481593 -0.00351413 0.00874474
internal_weight=894.399 55.701 838.698 769.805 736.176 425.193 402.55 390.423 146.624 131.312 243.799 178.932 165.369 12.9962
internal_count=16905 765 16140 15142 14887 11350 5039 4897 892 803 4005 3178 3017 197
is_linear=0
shrinkage=0.02


Tree=270
num_leaves=15
num_cat=0
split_feature=12 0 33 12 7 0 40 33 10 7 12 36 9 43
split_gain=4.0035 14.0944 6.70531 6.31119 5.84069 5.60001 8.27457 5.38215 6.79033 7.49878 8.28131 7.59583 7.1652 7.07625
threshold=0.86274510622024547 -0.26847662031650538 0.53592943201376941 0.90950226783752453 3.5000000000000004 0.12684266952559639 0.26568627450980398 0.63427747180697625 24.625000000000004 3.5000000000000004 0.73152339458465587 0.87307510068704108 24.050000000000004 0.99858244646475003
decision_type=2 8 2 2 2 10 2 2 2 2 2 2 2 2
left_child=5 -2 3 -3 -4 7 -7 -1 9 10 11 -9 -10 -11
right_child=1 2 4 -5 -6 6 -8 8 12 13 -12 -13 -14 -15
leaf_value=-0.0030534093357834874 0.036114606718110225 0.00024086631324061293 0.0098996934490741574 0.022213051781353209 -0.0077007912314158147 0.0063486381790134241 -0.0018256765848825966 0.010300565704092523 -0.0053613566597993812 -0.0021074327740864453 0.030790514761928869 -0.017642857385455929 0.0017926421735645745 0.018491872950534529
leaf_weight=317.09802670311183 4.3176895678043365 10.664261021651329 9.3348544097971153 9.3018866647034866 27.31743419659324 107.91290595382452 90.20390897616744 30.933717768173665 98.462761741247959 54.369776607025415 6.3593932513613245 3.511167700868099 127.33772764261812 6.5846049610991022
leaf_count=9572 35 107 99 72 262 593 518 628 2321 1378 84 118 1017 154
internal_value=6.40121e-05 0.00497185 0.00201135 0.0110486 -0.00307431 -0.000296317 0.00263634 -0.00120027 0.000597514 0.00486101 0.0113851 0.00703474 -0.00133682 0.000380368
internal_weight=903.71 60.9361 56.6184 19.9661 36.6523 842.774 198.117 644.657 327.559 101.759 40.8043 34.4449 225.8 60.9544
internal_count=16958 575 540 179 361 16383 1111 15272 5700 2362 830 746 3338 1532
is_linear=0
shrinkage=0.02


Tree=271
num_leaves=15
num_cat=0
split_feature=35 40 41 34 1 35 35 44 12 30 34 1 0 40
split_gain=4.39241 4.89098 4.53658 13.5128 6.48153 5.9618 9.50488 16.0225 7.41397 7.36778 5.87857 8.33623 7.44096 9.54397
threshold=0.12706919945725917 0.62019230769230782 0.10724554341575619 0.76773138832998 0.27828054130077368 0.74152298850574727 0.61985915492957755 0.99760087447280088 0.47812971472740179 0.55505281686782848 0.82063376874697636 0.10067871212959291 0.025685695653241625 0.32795698924731187
decision_type=2 2 2 2 10 2 2 2 2 10 2 10 10 2
left_child=-1 2 3 4 5 6 9 8 -8 -2 11 12 13 -4
right_child=1 -3 10 -5 -6 -7 7 -9 -10 -11 -12 -13 -14 -15
leaf_value=-0.01153476365284363 0.0020771086989940226 -0.0092770597238971478 -0.008348909542018907 -0.0032878191022733282 0.034118681708228883 -0.0022382175760712157 -0.0056072578915195613 0.056653645660998841 0.02981789295428202 0.017142732223846002 0.0020353836429745161 0.0071646414093346437 0.00045201472769864666 0.0028393446071438557
leaf_weight=10.935366304707712 43.131052859826013 18.315894195344299 123.30438179383054 61.722881600726396 2.9219303056597701 19.476756577612832 5.4870506615843606 3.4592031138017765 2.8440558474976569 17.788434611400589 358.07721965294331 37.994089159183204 159.04541382472962 39.853384387795813
leaf_count=1933 1184 254 6638 602 16 489 141 36 64 336 2714 322 957 1310
internal_value=0.000519454 0.000679727 0.000898473 0.0039687 0.0086632 0.00749889 0.0101021 0.0258694 0.00838562 0.00668207 0.00022352 -0.00157833 -0.00262827 -0.00561539
internal_weight=904.357 893.422 875.106 156.831 95.1085 92.1866 72.7098 11.7903 8.33111 60.9195 718.274 360.197 322.203 163.158
internal_count=16996 15063 14809 2868 2266 2250 1761 241 205 1520 11941 9227 8905 7948
is_linear=0
shrinkage=0.02


Tree=272
num_leaves=15
num_cat=0
split_feature=38 0 40 9 31 36 41 0 0 31 38 11 38 36
split_gain=5.78648 6.58395 10.0513 8.14754 9.71716 13.2804 6.72032 6.502 7.26998 5.99631 6.47043 6.25019 5.67677 5.54637
threshold=0.019049346879535561 0.052790358662605293 0.11834733893557424 5.267253600000001 0.4102564156055451 0.19657494145199064 0.18634259259259262 -0.072315415566678767 -0.0359231862073544 0.39366516470909124 0.046164772727272735 0.97737553715705883 0.19756097560975613 0.99796747967479693
decision_type=2 10 2 2 10 2 2 10 10 8 2 2 2 2
left_child=-1 3 -3 4 -2 -6 -7 -8 -9 -5 -11 -12 -10 -13
right_child=1 2 -4 9 5 6 7 8 12 10 11 13 -14 -15
leaf_value=0.0018269711175220996 -0.0085973740021094876 0.010185737456784518 -0.0010227854311163221 0.023095385644282644 0.036959016822124373 0.013742481687346982 -0.010648482089257795 0.040745016330998036 -0.0166070334661663 -0.016995553495063407 -0.0013187834316935813 0.012948107402448471 0.020138753474594293 -0.012435052471823907
leaf_weight=344.93001803709194 136.44417834479827 41.747554212808609 126.72728640027344 3.3359357211738816 3.0403499830281353 8.2626995098544267 22.797661738935858 1.2761190542951224 3.1600504694506553 8.2673149106558395 162.72659405204467 21.549387232866142 1.8300929139368234 3.2440717332065097
leaf_count=6432 5543 225 729 33 195 377 1628 48 60 72 1330 155 46 21
internal_value=-0.000196671 -0.00147982 0.00179837 -0.00294981 -0.00606148 0.00251069 -0.00118632 -0.00574642 0.0110991 -0.000170327 -0.000682089 0.000123471 -0.00201858 0.00927354
internal_weight=889.339 544.409 168.475 375.934 176.811 40.367 37.3266 29.0639 6.26626 199.123 195.787 187.52 4.99014 24.7935
internal_count=16894 10462 954 9508 7897 2354 2159 1782 154 1611 1578 1506 106 176
is_linear=0
shrinkage=0.02


Tree=273
num_leaves=15
num_cat=0
split_feature=38 30 34 33 44 34 34 38 38 30 40 34 42 40
split_gain=4.48808 5.49677 7.59581 5.78459 5.54077 5.33616 5.11733 7.36135 4.94176 6.56311 4.78658 4.66992 10.9843 6.83037
threshold=0.019049346879535561 0.27752640843391424 0.68871048356866182 0.093440860215053781 0.0022975050588818135 0.7649616368286446 0.31296641791044782 0.033908045977011504 0.10874704491725769 0.24132730066776278 0.32795698924731187 0.31296641791044782 0.17986813504431529 0.32795698924731187
decision_type=2 8 2 2 2 2 2 2 2 10 2 2 2 2
left_child=11 8 4 -4 6 -5 7 -3 10 -10 -2 12 -1 -13
right_child=1 2 3 5 -6 -7 -8 -9 9 -11 -12 13 -14 -15
leaf_value=0.0077226008960760749 0.026842779965506578 0.012162558952022407 -0.02105265883048962 0.0064717030369582573 -0.00069920875050216876 -0.00033255510036192179 -0.0040536808902876019 -0.017125746117475131 -0.0087880083757315083 0.019023631158466149 0.0024258672908059695 0.0028823706662962729 -0.018304080995639908 -0.0042112512988333288
leaf_weight=90.081394451903179 6.7895893920213002 3.1302030518418169 3.9731339835561803 52.998963464284316 68.531943053589202 314.72176306135952 48.417570418212563 31.214678392512724 10.131051438860593 3.8831887114793053 5.8338710553944111 180.53189111175016 6.042894256184808 76.489514220040292
leaf_count=2289 43 216 106 736 1885 2543 1864 2927 83 34 32 2779 442 965
internal_value=0.00042212 -0.000708077 -0.00116536 0.000375033 -0.00492734 0.000663023 -0.00837833 -0.0141878 0.00798722 -0.000327941 0.016565 0.00217816 0.00591481 0.000763171
internal_weight=902.772 549.626 522.988 371.694 151.294 367.721 82.7625 34.3449 26.6377 14.0142 12.6235 353.146 96.1243 257.021
internal_count=16944 10469 10277 3385 6892 3279 5007 3143 192 117 75 6475 2731 3744
is_linear=0
shrinkage=0.02


Tree=274
num_leaves=15
num_cat=0
split_feature=27 0 41 13 39 0 35 2 40 39 0 36 35 40
split_gain=5.54603 5.66998 7.72449 6.31537 8.80652 5.97354 6.59379 5.99623 5.71258 6.93112 5.70506 4.931 8.45443 4.81086
threshold=3.5000000000000004 -0.058760463033211953 0.38675213675213682 1.5000000000000002 0.46739130434782611 -0.024127473910415306 0.64767316017316034 1.0000000180025095e-35 0.11834733893557424 0.09232954545454547 0.27766698336463874 0.46259328358208962 0.72668737060041422 0.5590277777777779
decision_type=2 10 2 2 2 10 2 2 2 2 10 2 2 2
left_child=1 2 13 4 -4 6 -3 8 9 -7 -11 12 -8 -1
right_child=-2 5 3 -5 -6 7 11 -9 -10 10 -12 -13 -14 -15
leaf_value=0.00069728444528188282 0.029024108009351707 0.023548479748433482 -0.014282093882502797 -0.0030415884599290484 0.028375756174644794 0.0070799322380977478 -0.014736565458981941 0.011888731556599759 -0.0011041312575394593 -0.019255804676588294 0.011535346831059284 -0.011756634209502214 0.03596576460868791 -0.01043303127563334
leaf_weight=317.32531100255437 1.5869245042558748 9.1068147174082714 35.678756612935103 145.63087538816035 1.1334811613196496 72.074442111887038 1.5661073792725786 18.095954284071922 256.04476333362982 6.871679747477172 2.6846255511045456 5.1960074999369681 2.0463939821347594 15.330528040067291
leaf_count=9286 68 149 3199 1352 23 482 18 99 1780 64 17 60 29 266
internal_value=-0.000217888 -0.00030266 -0.00166192 -0.00495686 -0.0122529 0.00157041 0.0125246 0.00098524 0.000367546 0.00494114 -0.0103324 -0.000111527 0.0155556 0.00015461
internal_weight=890.373 888.786 515.099 182.443 36.8122 373.687 17.9153 355.771 337.676 81.6307 9.55631 8.80851 3.6125 332.656
internal_count=16892 16824 14126 4574 3222 2698 256 2442 2343 563 81 107 47 9552
is_linear=0
shrinkage=0.02


Tree=275
num_leaves=15
num_cat=0
split_feature=38 9 32 0 44 37 38 38 38 6 9 0 37 32
split_gain=5.21696 11.6197 6.95451 9.48857 6.89078 6.33334 6.29718 9.07151 5.82928 7.37751 5.65422 7.04202 5.50879 5.46094
threshold=0.17914438502673799 0.49989500000000009 65.500000000000014 0.057336268520681133 0.10105466353485022 0.18898809523809526 0.72794117647058842 1.1000000000000003 0.35599078341013829 62.375000000000007 99.430190000000024 -0.13178799820789794 0.43650793650793657 118.00000000000001
decision_type=2 2 2 10 2 2 2 2 2 2 2 8 2 2
left_child=13 4 5 -4 -2 6 10 -8 9 -5 11 -3 -7 -1
right_child=1 2 3 8 -6 12 7 -9 -10 -11 -12 -13 -14 -15
leaf_value=0.0016145500408857754 -0.019676322794984772 -0.0096887740584872782 -0.013919943976754679 0.012523921098084596 0.0049028234560037284 -0.0097751424349757383 0.031249004657961429 -0.0062921349832215315 -0.0091110266558071425 -0.01358591907396643 -0.0081980048862469561 0.0057928009648970371 0.015378544354152476 -0.0078155338686885477
leaf_weight=614.9003231151728 20.477683884208094 12.511608448345212 31.223285837098956 18.519274298101667 5.3519111867062739 26.14277272310574 6.1504316404461843 3.5715542575344443 13.531410239636896 4.6740740910172454 17.169083692133427 93.079899107920937 3.0859197224490336 24.60296162602026
leaf_count=11602 1830 268 842 86 114 195 35 21 62 21 102 696 20 981
internal_value=0.000275208 -0.00213544 -0.000677436 -0.00599831 -0.0145906 0.00158142 0.00344467 0.018157 0.000927091 0.00691803 0.00214224 0.00388469 -0.00669857 0.00124012
internal_weight=894.992 255.489 229.659 67.948 25.8296 161.711 132.483 9.72199 36.7248 23.1933 122.761 105.592 29.2287 639.503
internal_count=16875 4292 2348 1011 1944 1337 1122 56 169 107 1066 964 215 12583
is_linear=0
shrinkage=0.02


Tree=276
num_leaves=15
num_cat=0
split_feature=33 33 38 6 36 15 44 11 30 27 11 36 43 41
split_gain=5.00708 8.95207 6.79893 6.29108 5.61043 5.10622 9.33833 5.02926 4.98006 3.80337 5.35986 5.38051 3.88688 4.2794
threshold=0.96318879855465223 0.96677704194260505 0.26235294117647062 251.27500000000003 0.052738553701326497 1.5000000000000002 0.0043566387566532179 0.80392158031463634 0.73152339458465587 1.5000000000000002 0.51131224632263195 0.36773157538877627 0.9984202116437334 0.2809758771929825
decision_type=2 2 2 2 2 2 2 2 10 2 2 2 2 2
left_child=3 7 4 -1 -3 9 -7 -2 -4 -6 -11 -12 13 -13
right_child=1 2 8 -5 5 6 -8 -9 -10 10 11 12 -14 -15
leaf_value=-0.00015947340293205717 0.0017269372603985892 0.035247546607699819 -0.017761463216977143 -0.011686068067793034 -0.010491816001877777 0.022811891725602114 -0.014063277331622593 0.043877855417349058 0.0081606263613765405 -0.018027307067365394 0.031664846167455046 0.015948069326711681 -0.018065424625319286 -0.011465394004075202
leaf_weight=818.26545234839432 1.774840639438479 1.6628441428765643 8.1522706749383342 18.389786333078519 8.7485482566989976 10.437521717511116 2.8676290214061728 2.6036423908080906 3.6749945990741244 2.3595487246057045 2.5408686677692449 6.9116729579400253 1.8214030645322044 2.3744650599546731
leaf_count=15896 22 21 104 278 122 77 24 31 36 35 53 141 39 64
internal_value=-3.64414e-05 0.00570308 0.00307822 -0.000426478 0.00702704 0.00492334 0.0144368 0.0302896 -0.00969862 -0.000551551 0.0051784 0.010147 0.00301601 0.00850527
internal_weight=892.585 55.9302 51.5518 836.655 39.7245 38.0617 13.3052 4.37848 11.8273 24.7565 16.008 13.6484 11.1075 9.28614
internal_count=16943 769 716 16174 576 555 101 53 140 454 332 297 244 205
is_linear=0
shrinkage=0.02


Tree=277
num_leaves=15
num_cat=0
split_feature=32 36 41 36 37 35 44 30 33 9 35 6 35 6
split_gain=5.85748 5.79847 4.6463 6.56909 6.35935 7.48791 8.86501 5.68159 4.65515 6.38784 4.39295 6.43475 4.33486 5.53481
threshold=65.500000000000014 0.93576254826254834 0.12660256410256412 0.70051546391752584 0.028991596638655467 0.45495129870129875 0.00042253862442500397 0.65309202671051036 0.397658817086528 4.8750000000000009 0.52797339593114245 27.550000000000004 0.47424845269672861 93.125000000000014
decision_type=2 2 2 2 2 2 2 10 2 2 2 2 2 2
left_child=-1 2 3 4 7 -6 -7 -2 -8 -10 -3 -12 -4 -14
right_child=1 10 12 -5 5 6 8 -9 9 -11 11 -13 13 -15
leaf_value=0.0015076766573144265 -0.0062299753611396551 0.019029897785926869 -0.009028673318168437 -0.010212921066088098 -0.0038843658904711953 -0.0075816178281455458 0.0046213790842732057 0.016839680838344719 0.048247791873436328 -0.0006191358568449325 -0.013822042587479591 0.0092902855391688525 -3.1866323847435227e-05 -0.0083924225944849475
leaf_weight=607.35085491242353 16.702048520557586 7.1979171695420545 54.116983643383719 11.289017205010166 5.1802649988094371 2.3939027413725844 2.1869626595871505 4.6292563793249419 5.3648011261830106 1.2560327667742965 6.3122439193539348 13.162385452887973 109.15202420647256 43.6255733842263
leaf_count=9724 489 142 2535 329 249 53 34 83 114 11 105 252 1747 1007
internal_value=0.000401529 -0.00197294 -0.00290379 0.0025936 0.00659187 0.0155725 0.0241514 -0.000693575 0.0326698 0.0401125 0.00673982 0.00148977 -0.00421204 -0.00245827
internal_weight=889.92 282.569 255.897 49.0023 37.7133 16.382 11.2017 21.3313 8.8078 6.62083 26.6725 19.4746 206.895 152.778
internal_count=16874 7150 6651 1362 1033 461 212 572 159 125 499 357 5289 2754
is_linear=0
shrinkage=0.02


Tree=278
num_leaves=15
num_cat=0
split_feature=32 39 39 35 38 35 32 37 20 12 1 34 30 30
split_gain=5.85853 6.31654 5.74995 6.64889 5.44933 4.93054 5.38559 4.89387 4.8647 4.80572 4.41991 6.33332 4.4126 10.6848
threshold=79.500000000000014 0.018826322930800547 0.05634920634920635 0.81509971509971513 0.064172958133150312 0.78877613507129751 94.000000000000014 0.18465909090909094 1.0000000180025095e-35 0.76923078298568737 -0.7273755371570586 0.90705980066445191 0.82956260442733776 0.80844646692276012
decision_type=2 2 2 2 2 2 2 2 2 2 8 2 8 10
left_child=7 -2 3 5 9 6 -3 10 -9 -4 11 -1 13 -12
right_child=1 2 4 -5 -6 -7 -8 8 -10 -11 12 -13 -14 -15
leaf_value=0.022353877896698768 -0.0059138257953802453 0.02272199649535039 -0.0018042041222991933 -0.008425710133670614 0.01431071734540787 0.046137958714715432 0.00053080803620301706 -0.0062926463673337622 0.007824763676054702 -0.021815388723995431 0.0027148190574790439 -0.00059884213908104338 7.3946137126226389e-05 0.026963451610956007
leaf_weight=8.734726460650565 107.50413969228975 7.4267680518096411 16.879434335045524 5.4522668075514948 4.6275368250207967 1.005006763152777 9.1991354294586909 58.063090951181948 10.810700383037327 5.8265835822094223 220.24214033246972 9.4023370891809446 421.37488770962227 6.5380920874886206
leaf_count=64 2914 183 656 129 143 22 359 773 65 75 2029 57 9371 63
internal_value=0.000290751 -0.00319212 0.00261355 0.00975904 -0.00355228 0.015533 0.0111703 0.00104223 -0.00399645 -0.0076429 0.00156828 0.0110456 0.00128647 0.00352921
internal_weight=893.087 157.921 50.4167 23.0832 27.3336 17.6309 16.6259 735.166 68.8738 22.706 666.292 18.1371 648.155 226.78
internal_count=16903 4481 1567 693 874 564 542 12422 838 731 11584 121 11463 2092
is_linear=0
shrinkage=0.02


Tree=279
num_leaves=15
num_cat=0
split_feature=32 34 44 15 31 43 32 31 14 12 36 37 44 44
split_gain=6.08934 4.26365 7.90429 6.55707 5.54014 4.71155 4.69136 4.67074 6.75615 6.75595 8.91068 7.43557 6.76364 5.77935
threshold=118.00000000000001 0.90031055900621137 0.98705904872496608 1.5000000000000002 0.8355957865715028 0.0013942891284979856 31.500000000000004 0.5429864525794984 1.0000000180025095e-35 0.74358975887298595 0.72909946236559142 0.15587044534412958 0.0014321874361862489 0.00059628446235853426
decision_type=2 2 2 2 8 2 2 10 2 2 2 2 2 2
left_child=1 3 7 -1 5 -4 -5 8 9 11 -11 12 13 -3
right_child=-2 2 4 6 -6 -7 -8 -9 -10 10 -12 -13 -14 -15
leaf_value=0.00038066695589015863 -0.0083423899980684339 0.0049754253603852766 -0.0026350172851048732 0.0053921446435703582 -0.011413220356904894 0.020036355715271181 -0.0090011759748691265 -0.015502016808693007 0.011107909214007609 -0.023350353022388727 0.00063696340379669979 -0.0095807531390340647 -0.0025134270325165358 0.016380429310752065
leaf_weight=568.18110190401785 30.768239415949211 44.485750060528517 13.621979590505363 10.306883960962294 22.831119954586029 3.9285394623875609 50.109988340176642 3.6176134627312413 51.352589822374284 7.2051411829888812 25.074407792650163 11.536250866949556 23.191311640664935 30.160396729363129
leaf_count=13540 1122 303 101 54 227 27 477 34 336 50 158 110 145 180
internal_value=0.000258062 0.000573043 0.00285294 -0.00028973 -0.00511746 0.00324631 -0.00649792 0.00450747 0.0049605 0.00266967 -0.00525802 0.00503582 0.00683879 0.00973918
internal_weight=896.371 865.603 237.005 628.598 40.3816 17.5505 60.4169 196.623 193.006 141.653 32.2795 109.374 97.8375 74.6461
internal_count=16864 15742 1671 14071 355 128 531 1316 1282 946 208 738 628 483
is_linear=0
shrinkage=0.02


Tree=280
num_leaves=15
num_cat=0
split_feature=0 44 35 11 32 38 9 36 38 0 35 30 0 35
split_gain=5.71138 7.917 7.78332 7.06279 6.9929 7.02482 6.92936 6.8041 6.49812 4.86726 4.68856 4.6603 4.5316 4.29311
threshold=0.2994505494505495 0.000718995058152545 0.18006211180124226 0.75829562544822704 59.500000000000007 0.72794117647058842 0.49989500000000009 0.9528856825749169 1.1000000000000003 -0.79260936379432667 0.50787450396825407 0.34238311648368841 0.057336268520681133 0.45066075465136507
decision_type=10 2 2 2 2 2 2 2 2 8 2 10 8 2
left_child=4 6 -3 11 5 9 -2 -6 -7 -1 -9 -4 -12 -11
right_child=1 2 3 -5 7 8 -8 10 -10 13 12 -13 -14 -15
leaf_value=-0.016045457013731387 -0.0082697328112190348 0.024317518467709794 0.0012134264371790955 -0.0069210345929201847 -0.0034228706279143986 0.026642288768779658 0.017631732470667284 0.021788594557681947 -0.0027191683242214939 -0.0025243490769361345 -0.012310088131901369 0.018602435593928778 0.0082133384482304464 0.0021251962227073896
leaf_weight=5.7005736469291151 4.325265500694516 4.3391764909028998 21.500158485025171 34.014892403036356 286.50791679462418 7.1621823732275498 24.208450563251972 5.6980909068370265 4.5102191686164588 100.34498091647401 5.1815686239860925 7.7325818836688986 13.273657375946645 367.67758206510916
leaf_count=212 26 24 121 203 7929 66 128 126 29 3477 140 41 180 4295
internal_value=0.000339573 0.00491838 0.00112625 -0.000818547 -0.000218777 0.00128012 0.0135584 -0.00255733 0.0159777 0.000885081 0.00743762 0.00627629 0.00211453 0.00112507
internal_weight=892.177 96.1205 67.5868 63.2476 796.057 485.396 28.5337 310.661 11.6724 473.723 24.1533 29.2327 18.4552 468.023
internal_count=16997 543 389 365 16454 8079 154 8375 95 7984 446 162 320 7772
is_linear=0
shrinkage=0.02


Tree=281
num_leaves=15
num_cat=0
split_feature=0 37 34 44 6 12 34 9 34 44 44 12 41 44
split_gain=4.03521 8.0936 8.99011 9.81053 9.81863 7.15678 7.18318 6.73014 7.13476 9.29093 5.35918 5.86862 5.39088 6.60722
threshold=-0.10694840468947543 0.072299651567944254 0.80801282051282064 0.00057617046945733334 133.62500000000003 0.87028658390045177 0.9812492675495138 104.10000000000001 0.25490951097420106 0.94876020125090255 0.99811097492378342 0.66817498207092296 1.0000000180025095e-35 0.0056690111670310087
decision_type=10 2 2 2 2 2 2 2 2 2 2 2 2 2
left_child=1 5 -3 -4 -5 7 -7 8 9 -1 11 -2 -13 -14
right_child=10 2 3 4 -6 6 -8 -9 -10 -11 -12 12 13 -15
leaf_value=-0.010776471213910146 0.0034172363823087928 -0.013069195739751058 -0.0095326061564597973 0.011860179389350045 -0.0053778907163143461 0.015967443562455334 -0.010697766183239499 0.013623899656243702 -0.0020066353451417972 0.013417845272254487 -0.0097685127724694443 0.013297368180320169 -0.00061821073480931681 -0.013367342776366782
leaf_weight=7.5483051163610062 276.14654286950827 41.665857349871658 37.341127668274567 27.105150786228478 24.120589531958103 18.903917395742614 4.3195463665761045 12.033773845061658 298.67543554317672 25.226523034740239 15.303288485854862 7.09821493923664 65.791197542101145 20.644189771264791
leaf_count=761 2001 3717 381 217 224 174 32 82 7782 534 108 70 549 231
internal_value=-7.14175e-05 -0.00126108 -0.00552349 -0.00186737 0.00379576 0.000263584 0.0107709 -0.000476033 -0.00102739 0.00769161 0.0014635 0.00195355 -0.00235822 -0.00378126
internal_weight=881.924 496.94 130.233 88.5669 51.2257 366.708 23.2235 343.484 331.45 32.7748 384.983 369.68 93.5336 86.4354
internal_count=16863 13904 4539 822 441 9365 206 9159 9077 1295 2959 2851 850 780
is_linear=0
shrinkage=0.02


Tree=282
num_leaves=15
num_cat=0
split_feature=32 36 33 0 44 32 39 1 22 44 10 10 10 0
split_gain=5.66526 4.75524 8.99184 6.2738 5.91746 8.00786 4.57236 5.31256 4.51341 3.73871 3.54862 6.44348 5.31666 4.89999
threshold=97.500000000000014 0.20974942396313367 0.42136243386243394 0.19049852586437957 0.00053796089520566695 101.50000000000001 0.15707236842105265 0.27828054130077368 1.0000000180025095e-35 0.00040993732108879176 150.25000000000003 107.37500000000001 93.125000000000014 0.37838250108280896
decision_type=2 2 2 10 2 2 2 10 2 2 2 2 2 8
left_child=10 2 -2 6 -4 -6 7 -3 -5 -8 11 12 -1 -13
right_child=1 3 4 8 5 -7 9 -9 -10 -11 -12 13 -14 -15
leaf_value=4.0300350991156302e-05 -0.01484726938969199 -0.016435316066179432 -0.0089460911177297164 0.0099516704155724264 -0.007586828256361945 0.047321644850351292 0.029030783691061424 0.0071459630243518148 -0.013369081325933696 -0.0064001204177006124 -0.007912066770364469 0.01742906401829131 -0.0074694101733102283 0.0031165661653169492
leaf_weight=715.1211908798432 3.7023108018329349 35.128098867717199 1.3927999133011324 10.0878449678421 1.14587602915708 2.6934416578151286 0.98460679163690601 3.7118084430694571 3.7725708335638037 2.2934977798722684 21.749243254074827 12.49839336145669 38.808208256261423 34.953147743479349
leaf_count=13425 241 1553 83 49 26 97 34 40 28 82 227 150 484 380
internal_value=-0.000574684 -0.00621663 0.00677207 -0.00837216 0.0219978 0.0327524 -0.0121427 -0.0140589 0.00313165 0.00854021 -0.000122751 9.82461e-05 -0.000355641 0.00716829
internal_weight=888.043 64.9129 8.93443 55.9784 5.23212 3.83932 42.118 38.8399 13.8604 3.2781 823.13 801.381 753.929 47.4515
internal_count=16899 2233 447 1786 206 123 1709 1593 77 116 14666 14439 13909 530
is_linear=0
shrinkage=0.02


Tree=283
num_leaves=15
num_cat=0
split_feature=13 30 26 11 35 33 33 35 31 1 38 0 37 15
split_gain=5.36305 5.33047 7.69333 4.92937 4.42062 4.76856 4.93172 4.2692 4.61284 4.16873 8.54768 5.23285 5.95993 7.89898
threshold=1.0000000180025095e-35 0.14479638636112216 1.0000000180025095e-35 0.97285065054893505 0.28637566137566145 0.75077639751552805 0.42545252461098765 0.40152389748326028 0.52978885173797619 0.094507578949096296 0.15587044534412958 -0.40639238809970507 0.070197044334975381 3.5000000000000004
decision_type=2 10 2 2 2 2 2 2 10 10 2 10 2 2
left_child=1 2 -1 9 -3 6 -6 -8 -9 11 -11 12 13 -2
right_child=3 4 -4 -5 5 -7 7 8 -10 10 -12 -13 -14 -15
leaf_value=-0.016496368683423877 -0.0025588569610486183 -0.013215121629686242 0.018606673265592087 0.0045448707536086584 -0.0094903418133512382 -0.0091311707138358421 0.039095901632618564 -0.010830371163542794 0.028047717274000787 0.0056455911013368453 -0.011512752496284655 0.00037597211211136709 -0.0080297828639398581 0.012835677783525191
leaf_weight=22.1023316544015 146.14357498334721 4.4913737766910335 1.9669378423131991 90.156802210025489 1.682352610048836 3.5174850831972435 2.7327385237440467 2.1504599766340111 1.0362289438489822 87.152336214669049 12.427398052066563 418.38521259091794 73.493075995473191 13.667353913187979
leaf_count=6522 2025 153 29 1107 89 204 59 152 56 586 116 4347 1301 83
internal_value=-0.000190009 -0.00728245 -0.013 0.000152704 0.00178501 0.00843445 0.016679 0.0244132 0.00549143 -0.000379724 0.00341108 -0.000963307 -0.0033564 -0.00117065
internal_weight=881.106 39.6799 24.0693 841.426 15.6106 11.1193 7.60178 5.91943 3.18669 751.269 99.5797 651.689 233.304 159.811
internal_count=16829 7264 6551 9565 713 560 356 267 208 8458 702 7756 3409 2108
is_linear=0
shrinkage=0.02


Tree=284
num_leaves=15
num_cat=0
split_feature=32 40 41 32 6 41 42 19 35 31 0 37 1 1
split_gain=5.99393 5.43752 6.88577 5.93566 6.06812 7.78316 10.8346 7.39131 11.0265 5.42098 4.79436 6.37994 9.79511 7.88553
threshold=31.500000000000004 0.42261904761904767 0.98387096774193561 132.50000000000003 192.27500000000003 0.20501077586206898 0.0010209609985462511 66.375000000000014 0.85028735632183916 0.69984918832778942 0.071644037961959853 0.075498575498575513 -0.1825037747621536 0.45889893174171453
decision_type=2 2 2 2 2 2 2 2 2 10 10 2 8 10
left_child=-1 3 9 4 7 6 -6 10 -9 -3 11 -2 -13 -14
right_child=1 2 -4 -5 5 -7 -8 8 -10 -11 -12 12 13 -15
leaf_value=0.0060939993300526208 0.0013421571941882266 -0.0037941779991246634 0.023335948976997124 -0.010601581770008625 -0.021911863540124917 -0.0073726949051114024 0.011563512985044691 -0.010683864081238845 0.032820216562994838 -0.017177015988091557 0.0035136550029394803 0.0036514644118187845 -0.0091017507485106619 0.019657488691833432
leaf_weight=60.171730595524423 293.2648615911603 64.589837635401636 2.2776442773174486 19.000304941087961 3.7775921799475354 73.522969908779487 20.061380518833175 2.953713105991481 5.7562307380139828 14.187922910787163 191.38218049891293 44.059153049252927 82.952530903858133 3.0761925950646392
leaf_count=732 7695 975 28 706 62 1071 365 35 42 200 1072 438 3434 22
internal_value=5.42737e-05 -0.000395333 -0.00528004 0.000146255 0.00044386 -0.00417415 0.00559031 0.00117057 0.0184862 -0.00638953 0.000895611 -0.000293401 -0.00396265 -0.00785933
internal_weight=881.034 820.863 81.0554 739.807 720.807 97.3619 23.839 623.445 8.70994 78.7778 614.735 423.353 130.088 86.0287
internal_count=16877 16145 1203 14942 14236 1498 427 12738 77 1175 12661 11589 3894 3456
is_linear=0
shrinkage=0.02


Tree=285
num_leaves=15
num_cat=0
split_feature=27 34 1 9 41 11 11 40 6 1 12 43 7 6
split_gain=4.3733 4.39263 3.47723 4.81548 7.97358 6.35918 6.48554 4.60689 4.21027 3.86058 6.57334 5.13191 5.68453 9.27868
threshold=3.5000000000000004 0.27315608919382511 0.029070163797162811 2.1989012500000005 0.21807065217391305 0.88499245047569286 0.60331827402114879 0.21352583586626142 18.550000000000004 -0.03973465558831412 0.50678735971450817 0.19308475435187575 3.5000000000000004 35.050000000000004
decision_type=2 2 10 2 2 2 2 2 2 10 2 2 2 2
left_child=2 -2 9 4 5 6 -4 -8 -5 -1 -11 12 13 -12
right_child=1 -3 3 8 -6 -7 7 -9 -10 10 11 -13 -14 -15
leaf_value=-0.0003729213867095265 0.043301837995750068 -0.004859818169811723 0.022542022686084458 -0.0038497079699863325 -0.0018190978564912056 0.028788258437051961 0.011412844667093833 -0.013206044589409485 0.0044421308579543949 -0.015828223993858137 -0.01083596104710698 0.005536595758251989 -0.017947463544155311 0.023726097796215699
leaf_weight=678.77962596621364 0.82864124444313236 0.98491203912999481 5.7607418745756211 50.046530993655324 18.31387965939939 8.2356339730322343 4.4969712048768979 5.8488318100571632 46.091703927144408 16.874652849510312 7.5731653301045299 21.14019625633955 10.448358984664083 3.8795691495761275
leaf_count=15383 28 46 30 333 204 53 25 40 308 137 69 120 112 31
internal_value=-0.000180388 0.0247151 -0.000259916 0.00263321 0.00814171 0.0154118 0.00728908 -0.0024423 0.000130466 -0.000806334 -0.00562968 -0.00136265 -0.00797317 0.00183692
internal_weight=879.303 1.81355 877.49 138.794 42.6561 24.3422 16.1065 10.3458 96.1382 738.696 59.9159 43.0413 21.9011 11.4527
internal_count=16919 74 16845 993 352 148 95 65 641 15852 469 332 212 100
is_linear=0
shrinkage=0.02


Tree=286
num_leaves=15
num_cat=0
split_feature=32 36 36 43 34 18 2 31 44 7 40 40 6 11
split_gain=5.60264 5.32996 5.17595 6.82172 4.88664 6.76976 6.793 5.19893 5.37925 4.62269 5.9724 6.56336 4.86182 6.97253
threshold=35.500000000000007 0.74249924992499261 0.6094494047619049 0.00072354947554300415 0.84699879951980805 1.0000000180025095e-35 1.0000000180025095e-35 0.94570136070251476 0.00042253862442500397 3.5000000000000004 0.71111111111111114 0.62019230769230782 9.4500000000000011 0.65309202671051036
decision_type=2 2 2 2 2 2 2 10 2 2 2 2 2 2
left_child=1 2 -1 -4 5 6 7 8 -2 10 11 12 -10 -14
right_child=4 -3 3 -5 -6 -7 -8 -9 9 -11 -12 -13 13 -15
leaf_value=0.0044814237294797934 -0.011836447664851583 -0.0025445689310301936 0.033665698715991919 0.0057293585853421727 0.0014250462470712878 -0.012449112224859636 0.0099241810942472027 0.0093667276141115949 -0.0036249653821910921 -0.0047402628177481308 0.022256837616062536 -0.02077333838627108 0.0078108158044337466 -0.00099617303481288255
leaf_weight=62.7779711302137 21.151660318835638 31.746428787242621 5.2965854012873015 9.0293863797560316 307.37832852313295 21.806369681842625 19.70013693976216 15.054925158619879 93.332392704673111 130.79834499128629 3.6787600545212618 5.2592012987006447 54.616767107043415 101.19178445509169
leaf_count=841 1263 388 62 134 2462 212 199 150 3335 4297 55 75 989 2443
internal_value=6.91249e-05 0.00429613 0.00710921 0.0175807 -0.000530134 -0.00181845 -0.00127051 -0.00181139 -0.0022436 -0.00169281 -0.000135982 -0.000545671 -3.73391e-05 0.00212113
internal_weight=882.819 108.85 77.1039 14.326 773.969 466.59 444.784 425.084 410.029 388.877 258.079 254.4 249.141 155.809
internal_count=16905 1425 1037 196 15480 13018 12806 12607 12457 11194 6897 6842 6767 3432
is_linear=0
shrinkage=0.02


Tree=287
num_leaves=15
num_cat=0
split_feature=32 38 38 38 11 10 34 16 11 33 33 27 34 7
split_gain=5.19845 5.16913 6.37329 5.88935 8.31509 5.91837 7.2787 5.89887 6.08521 5.67579 9.94433 6.03184 5.89447 6.6704
threshold=27.500000000000004 0.67948717948717963 1.2428571428571431 0.30860805860805868 0.34690800309181219 72.125000000000014 0.55857843137254914 1.0000000180025095e-35 0.76319760084152233 0.96318879855465223 0.98006622516556308 1.5000000000000002 0.25490951097420106 1.0000000180025095e-35
decision_type=2 2 2 2 2 2 2 2 2 2 2 2 2 2
left_child=-1 3 -3 9 -5 6 -6 8 -8 12 -11 -12 13 -2
right_child=1 2 -4 4 5 -7 7 -9 -10 10 11 -13 -14 -15
leaf_value=0.0096798282603386115 0.014199157158667932 0.017300717587926277 -0.0093562326234056456 -0.023204201946688596 -0.013035846629079034 -0.008727836819658304 -0.003011381947626617 -0.012436185644117026 0.010578915189011009 0.018027368390050046 -0.012001922546538889 0.0072592547360943987 -0.00082497552433120056 0.00040484794073462264
leaf_weight=20.452383090276271 22.006544957868755 12.417661714949647 4.1717206635512403 7.8407195629551998 12.300635124091057 44.537055991473608 20.419772246968932 7.4305435335263601 34.384536465164274 18.05664668942336 10.553811356192456 13.897617264068684 624.95486813958269 36.062378233880736
leaf_count=244 680 140 31 144 945 507 202 60 356 248 116 260 11751 1248
internal_value=-4.63583e-05 -0.000286123 0.0104465 -0.000506985 -0.00446384 -0.00304684 0.000418321 0.00324162 0.00555202 0.000190356 0.0071945 -0.00119924 -0.000255429 0.0057844
internal_weight=889.487 869.035 16.5894 852.445 126.913 119.073 74.5355 62.2349 54.8043 725.532 42.5081 24.4514 683.024 58.0689
internal_count=16932 16688 171 16517 2214 2070 1563 618 558 14303 624 376 13679 1928
is_linear=0
shrinkage=0.02


Tree=288
num_leaves=15
num_cat=0
split_feature=0 34 13 43 30 21 0 10 19 13 43 1 33 12
split_gain=3.51763 3.28625 5.83852 5.87947 5.02968 10.6715 10.1294 8.29175 7.6574 6.64722 7.29241 7.41413 6.18333 5.809
threshold=-0.62589014205942828 0.84699879951980805 2.5000000000000004 0.00054144413061084503 0.82956260442733776 1.0000000180025095e-35 -0.076277990989472896 47.125000000000007 35.125000000000007 1.5000000000000002 0.0010590618779629569 -0.41779790818691248 0.89099909990999115 0.53657618165016185
decision_type=8 2 2 2 8 2 8 2 2 2 2 10 2 2
left_child=-1 2 -2 -4 8 9 7 -7 -3 -6 11 13 -9 -11
right_child=1 4 3 -5 5 6 -8 12 -10 10 -12 -13 -14 -15
leaf_value=-0.0071505217137358681 -0.00055930738522629465 0.0092740908231603667 0.012464131204911941 -0.010747860863236093 -0.0038370330336587365 -0.0065524927403117182 -0.015663016977874363 0.043383060027115089 -0.0055290116839948767 0.0024713033855063536 0.0069450112940187591 -0.0074514654538482081 0.00066764382545674624 0.029167594745428155
leaf_weight=29.025219307281077 470.80604897486046 58.367771117016673 4.0735687809064975 37.932379456236959 62.11605760245584 8.5206331573426706 28.580327864736319 2.0573117174208155 17.544517425820231 24.706865878775719 106.28197056241333 36.106759076938033 2.4923998042941093 2.8005457017570725
leaf_count=1132 12796 383 24 335 604 74 246 21 151 197 612 298 24 21
internal_value=-0.000420981 -0.000186466 -0.00120489 -0.00825937 0.00130669 3.65713e-05 -0.00916126 0.0051586 0.00582546 0.00171999 0.00376227 -0.00158042 0.0243197 0.00611708
internal_weight=891.412 862.387 512.812 42.0059 349.575 273.663 41.6507 13.0703 75.9123 232.012 169.896 63.6142 4.54971 27.5074
internal_count=16918 15786 13155 359 2631 2097 365 119 534 1732 1128 516 45 218
is_linear=0
shrinkage=0.02


Tree=289
num_leaves=15
num_cat=0
split_feature=13 8 1 34 12 27 31 35 33 40 40 6 39 9
split_gain=6.07712 4.47408 8.53155 6.0961 4.86532 5.00956 4.83442 4.83642 4.65965 6.27994 4.43418 3.79182 9.33182 4.49036
threshold=5.5000000000000009 3.5000000000000004 -0.63461536169052113 0.23567323481116587 0.054298643022775657 3.5000000000000004 0.5429864525794984 0.64400359527478179 0.063391601366284925 0.5590277777777779 0.26568627450980398 204.12500000000003 0.028174603174603175 21.625000000000004
decision_type=2 2 10 2 2 2 8 2 2 2 2 2 2 2
left_child=1 8 4 -4 10 -6 7 -5 -1 -10 -3 13 -13 -8
right_child=-2 2 3 6 5 -7 11 -9 9 -11 -12 12 -14 -15
leaf_value=0.0078077440538544618 -0.020868625222620826 -0.009991577013002035 -0.017914456572796611 -0.0038715975029481918 -0.0081646524066042656 0.027976693640520685 0.0049127334924729165 0.024078911116657095 -0.00058429898328335136 -0.011203413682254375 0.026002803665387618 -0.0063470768393174403 0.021453032062544466 0.017392559542638596
leaf_weight=24.254400198115036 4.5935372710227957 1.4898105206666503 3.2365092528052619 2.8862767759710541 37.533618355053477 0.63587847491726179 57.599752998910844 9.814187575131653 667.1151421922259 22.052810976514593 2.7256636524107307 23.909143141470853 4.9934901520609847 13.921905156224964
leaf_count=899 44 64 65 32 1590 56 444 78 12893 309 40 237 32 98
internal_value=-8.85193e-05 4.46999e-05 0.00307049 0.00585667 -0.00453721 -0.00686369 0.00668778 0.017908 -0.000631936 -0.000939843 0.0138052 0.00510621 -0.000987261 0.0075483
internal_weight=876.762 872.169 158.746 116.361 42.385 38.1695 113.125 12.7005 713.422 689.168 4.21547 100.424 28.9026 71.5217
internal_count=16881 16837 2736 986 1750 1646 921 110 14101 13202 104 811 269 542
is_linear=0
shrinkage=0.02


Tree=290
num_leaves=15
num_cat=0
split_feature=31 34 40 40 30 19 44 34 31 0 0 0 30 7
split_gain=3.7442 7.50081 4.41974 4.31542 4.17867 5.40284 4.94184 12.0709 10.6407 9.76328 7.52224 7.40838 8.63551 7.12813
threshold=0.94117647409439098 0.82850140056022425 0.60769230769230786 0.71111111111111114 0.9215686321258546 81.750000000000014 0.10105466353485022 0.33541666666666675 0.85067874193191539 0.41813422058150079 0.25037707388401037 0.078682314867118339 0.92609351873397838 1.0000000180025095e-35
decision_type=10 2 2 2 8 2 2 2 8 10 10 10 10 2
left_child=2 -2 4 -4 5 -1 8 10 9 -6 13 -10 -13 -8
right_child=1 -3 3 -5 6 -7 7 -9 11 -11 -12 12 -14 -15
leaf_value=0.0018463413471240745 0.013624480580533225 -0.0106454264678439 -0.015902054635808315 0.0037541543286291504 -0.013305752638857724 -0.014991124146353889 0.018650532545731728 -0.0098718816565704325 -0.00086433169063148373 0.023706073199801267 -0.013088966267921536 0.0086693437653409516 -0.0086764483603084409 0.0002902153353883296
leaf_weight=335.41835583432112 18.202288042055446 6.097340884152799 12.940352536272259 6.0936956168152383 33.91681781411171 6.8077366091310969 12.914677227381615 73.240157331107184 262.64789669553284 2.1970370374619952 7.9301934018731108 70.804526675492525 12.829745560884474 21.651412243256345
leaf_count=3931 161 48 181 96 5147 65 414 1300 4237 12 54 361 64 819
internal_value=-0.000229179 0.00735453 -0.00045191 -0.0097359 -0.000230306 0.0014687 -0.00139816 -0.00500004 -0.000297811 -0.010476 0.00343025 0.000790786 0.00593737 0.00748156
internal_weight=883.692 24.2996 859.393 19.034 840.359 342.226 498.132 115.736 382.396 36.1139 42.4963 346.282 83.6343 34.5661
internal_count=16890 209 16681 277 16404 3996 12408 2587 9821 5159 1287 4662 425 1233
is_linear=0
shrinkage=0.02


Tree=291
num_leaves=15
num_cat=0
split_feature=30 35 10 31 6 37 12 6 10 6 10 37 41 34
split_gain=3.84242 6.00047 6.0194 6.58033 11.303 5.31922 5.20228 7.30273 5.78614 14.9347 5.92786 5.78558 5.36777 10.427
threshold=0.86274510622024547 0.9234432234432236 80.625000000000014 0.38612368702888494 31.050000000000004 0.20526315789473687 0.90950226783752453 10.550000000000002 59.32500000000001 149.75000000000003 23.600000000000005 0.1526806526806527 0.88562091503267981 0.69946236559139796
decision_type=8 2 2 8 2 2 2 2 2 2 2 2 2 2
left_child=5 2 3 4 -2 -1 8 -8 10 -10 12 -12 -5 -14
right_child=1 -3 -4 6 -6 -7 7 -9 9 -11 11 -13 13 -15
leaf_value=0.0023104407131692398 -0.016182154414615756 0.0037558256187389372 -0.010113556984546253 -0.001191353115953909 0.0054469654782222845 -0.0076344363492519716 0.026881908976062418 0.0012855168722820285 0.0217427850515725 -0.010777771242632907 -0.010210171950887328 0.003536021105961273 -0.0070708134013089943 0.022618296800316951
leaf_weight=300.15249091945589 27.30530027707573 84.607579251052812 32.95436160324607 280.88589068211149 14.057691782363689 22.198557764990255 5.4094597746152457 15.00628482736647 12.870784933445977 8.7262226680759323 51.679798276745714 15.399906054954043 7.7192989615723517 9.8656869635451567
leaf_count=3162 2903 1194 434 6557 842 208 42 134 156 133 712 138 292 67
internal_value=-0.000136164 -0.00112751 -0.00199092 -0.00137351 -0.00887619 0.0016041 -0.000592214 0.00900622 -0.00112027 0.00870746 -0.00172308 -0.00704879 -0.00050661 0.00990643
internal_weight=888.839 566.488 481.881 448.926 41.363 322.351 407.563 20.4157 387.148 21.597 365.551 67.0797 298.471 17.585
internal_count=16974 13604 12410 11976 3745 3370 8231 176 8055 289 7766 850 6916 359
is_linear=0
shrinkage=0.02


Tree=292
num_leaves=15
num_cat=0
split_feature=32 40 6 0 30 32 6 6 31 43 40 11 12 0
split_gain=5.91057 4.67803 5.24902 5.74226 4.77129 5.36586 4.49549 6.63922 5.63727 5.44047 4.47795 5.2981 4.41086 4.23923
threshold=80.500000000000014 0.43303571428571436 265.10000000000008 0.033342792038238908 0.52978885173797619 77.500000000000014 10.050000000000002 12.050000000000002 0.63763198256492626 0.004213393860802799 0.45804195804195807 0.17797888815402987 0.23831070959568026 -0.62589014205942828
decision_type=2 2 2 8 8 2 2 2 8 2 2 2 2 8
left_child=1 4 3 -3 6 13 8 -8 -1 -9 11 -2 -10 -6
right_child=10 2 -4 -5 5 -7 7 9 12 -11 -12 -13 -14 -15
leaf_value=-0.0071122353634238559 0.025079935753623172 0.0011694551409426033 0.018665941671030507 -0.009620583333031776 -0.0099173447859269744 0.013537480748142861 0.019343706683269665 0.0020661504594285444 -0.0044170782216880096 0.0207910453085361 0.014087855922488485 -0.0046488580698965595 0.023535223167491875 0.00073692091010388316
leaf_weight=19.07090884400532 1.4594151003984723 35.903781396802515 3.0634747722651801 42.269719119067304 14.370816496433688 11.806085571530273 15.636446192860602 45.594207827933133 3.4382446110248557 6.241916329599916 4.6225391966290763 140.52946477290243 4.3526896028779447 531.96200656343717
leaf_count=166 44 544 33 509 672 335 105 345 19 37 105 4151 29 9708
internal_value=0.000149337 0.000882896 -0.00361485 -0.00471272 0.00144757 0.000739844 0.00558321 0.00830476 -0.0013056 0.00467176 -0.00350284 -0.00417003 0.0121003 0.000439062
internal_weight=880.322 733.71 81.237 78.1735 652.473 558.139 94.3344 67.4726 26.8618 51.8361 146.611 141.989 7.79093 546.333
internal_count=16802 12502 1086 1053 11416 10715 701 487 214 382 4300 4195 48 10380
is_linear=0
shrinkage=0.02


Tree=293
num_leaves=15
num_cat=0
split_feature=32 39 34 31 13 44 24 37 30 41 30 19 12 0
split_gain=5.79675 6.44539 4.63139 7.27616 5.82215 9.18783 8.80387 8.02382 7.97935 8.05543 5.96536 5.5281 5.46854 7.37274
threshold=118.00000000000001 0.15707236842105265 0.86308579668348961 0.9566364884376527 1.5000000000000002 0.10105466353485022 1.5000000000000002 0.070197044334975381 0.14027149975299838 0.22086720867208673 0.96530920267105114 1.0000000180025095e-35 0.24886878579854968 0.1095550790672742
decision_type=2 2 2 10 2 2 2 2 10 2 10 2 2 10
left_child=2 -2 3 11 -4 7 8 10 9 -7 -6 -1 13 -9
right_child=1 -3 4 -5 5 6 -8 12 -10 -11 -12 -13 -14 -15
leaf_value=-0.00036639284580576272 -0.011483884197723363 0.014588176085882231 -0.0033689574323397258 0.013321502520326612 0.011151311942854862 -0.015334975297541993 -0.017531330958108115 -0.014844561394996132 0.0078559331361370398 0.0090841815593233708 -0.0054290366403274438 -0.0087215747598764527 0.0038891127148155454 0.016577628280915517
leaf_weight=501.5054799785139 27.113622392644178 3.5106476150685912 54.112741224467754 13.800091185839845 95.572696231305599 15.83183950930834 11.90311089158058 13.407949805259706 28.599772367626429 7.1655865684151641 8.9473422057926637 32.819589898921549 70.729112008586526 2.8826540708541861
leaf_count=13123 1035 98 488 124 556 134 129 113 217 75 50 291 488 14
internal_value=0.000281363 -0.0081283 0.000590899 -0.000513389 0.00254413 0.00380699 -0.00275368 0.00598503 0.000923921 -0.00766491 0.00969397 -0.000894923 0.00147067 -0.00864715
internal_weight=887.902 30.6243 857.278 548.125 309.153 255.04 63.5003 191.54 51.5972 22.9974 104.52 534.325 87.0197 16.2906
internal_count=16935 1133 15802 13538 2264 1776 555 1221 426 209 606 13414 615 127
is_linear=0
shrinkage=0.02


Tree=294
num_leaves=15
num_cat=0
split_feature=38 38 0 32 41 35 40 32 6 40 35 32 11 24
split_gain=4.6158 6.91898 3.82653 3.90107 6.29017 8.49292 5.96126 5.85901 7.04327 4.93201 5.24174 6.48955 5.5992 4.40532
threshold=0.72794117647058842 1.1000000000000003 -0.62589014205942828 42.500000000000007 0.94590643274853814 0.91080268741159842 0.081989247311827967 28.500000000000004 10.050000000000002 0.77500000000000013 0.24295634920634923 47.500000000000007 0.96870285272598278 1.5000000000000002
decision_type=2 2 8 2 2 2 2 2 2 2 2 2 2 2
left_child=2 -2 -1 4 13 6 -6 -8 -9 10 11 -5 -13 -4
right_child=1 -3 3 9 5 -7 7 8 -10 -11 -12 12 -14 -15
leaf_value=-0.0074782087197123705 0.019222143874934879 -0.0071628416829508613 0.0020716492780082445 0.010412536365579898 0.017446976808810917 -0.024532990205122684 0.01088712490219996 0.016433252629408576 -0.016990815258173447 0.028037657024662006 -0.00055725014730260525 -0.013110620030009576 0.024134818975785385 0.0098225538808113678
leaf_weight=28.424598800484091 10.318124849582089 5.4694880917668334 138.13252691947855 5.6255532581126309 4.9556762604042914 6.4655745753552756 5.7393345099408206 2.2366728531196705 13.071949524222871 1.3449044390581537 591.74187684059143 31.855908986181021 0.80077683099079777 36.53918469697237
leaf_count=1126 111 38 2354 372 46 45 57 38 136 24 9625 2729 58 184
internal_value=-0.000188417 0.0101991 -0.000389116 -0.000140181 0.00223496 -0.00572996 -0.000319376 -0.005104 -0.0113992 -0.000921726 -0.00102788 -0.00810318 -0.0115074 0.00373973
internal_weight=882.722 15.7876 866.935 838.51 207.141 32.4692 26.0036 21.048 15.3086 631.369 630.024 38.2822 32.6567 174.672
internal_count=16943 149 16794 15668 2860 322 277 231 174 12808 12784 3159 2787 2538
is_linear=0
shrinkage=0.02


Tree=295
num_leaves=15
num_cat=0
split_feature=0 36 36 43 11 43 1 35 38 43 1 42 36 10
split_gain=5.58998 5.5267 8.51814 9.83198 9.57637 6.30873 6.90134 6.56409 8.05894 5.92439 8.29314 6.83853 7.87195 8.62119
threshold=0.34106137764674355 0.6094494047619049 0.68976429506765624 0.00059937807151236192 0.87028658390045177 0.97757374974283906 0.10708899796009065 0.1981945348080677 0.35599078341013829 0.0025810514781377386 -0.40542539998517529 0.0068003571046636995 0.72513736263736273 18.550000000000004
decision_type=10 2 2 2 2 2 10 2 2 2 8 2 2 2
left_child=1 5 3 4 -3 7 -7 -1 -9 10 -4 12 13 -12
right_child=-2 2 9 -5 -6 6 -8 8 -10 -11 11 -13 -14 -15
leaf_value=-0.010641292703550876 0.0054018000052822738 0.045742699942657221 0.0047425660266922206 0.0052325459083139595 -0.0015877700893145888 -0.0090069652686812236 0.0047947360329352274 0.001645256191661769 -0.0068853608369402091 0.0029915866562816736 0.031725318168837044 -0.0096765588164076464 -0.003191598891275918 -0.010327346437966199
leaf_weight=22.791950012673624 76.292323533445597 4.0020489420276126 44.117877948097885 57.208332724054344 2.499042967800051 74.456009638030082 17.262492794543505 268.86576420534402 51.99756419332698 151.10086421982851 4.7650281502865246 63.650489440653473 42.178695484530181 2.3486305251717567
leaf_count=1683 433 59 373 1175 59 3501 94 3904 751 2528 70 1559 735 31
internal_value=0.000263532 -0.000228166 0.00156016 0.00815692 0.0297625 -0.00175572 -0.00638563 -0.000505102 0.000245728 0.000174372 -0.00253772 -0.00539822 0.000208895 0.0182797
internal_weight=883.537 807.245 371.871 63.7094 6.50109 435.374 91.7185 343.655 320.863 308.162 157.061 112.943 49.2924 7.11366
internal_count=16955 16522 6589 1293 118 9933 3595 6338 4655 5296 2768 2395 836 101
is_linear=0
shrinkage=0.02


Tree=296
num_leaves=15
num_cat=0
split_feature=32 37 40 6 41 42 40 39 30 39 40 37 33 6
split_gain=5.07833 5.42184 5.41615 5.8714 4.81423 6.96624 4.95964 6.54069 6.44479 5.93971 6.42164 8.59982 5.36875 7.46096
threshold=42.500000000000007 0.24621212121212124 0.098387096774193564 10.050000000000002 0.93725490196078443 0.99386458264925703 0.37321428571428578 0.049390243902439034 0.93363499641418468 0.17028985507246377 0.098387096774193564 0.061553030303030311 0.96318879855465223 236.62500000000003
decision_type=2 2 2 2 2 2 2 2 8 2 2 2 2 2
left_child=-1 4 -3 -4 6 -6 9 8 -8 12 -11 -12 -2 -14
right_child=1 2 3 -5 5 -7 7 -9 -10 10 11 -13 13 -15
leaf_value=0.0025102531310190251 -0.00022320964855597581 0.0017795610192068326 0.011914283263054064 -0.020069451642534437 0.03267947309170291 0.0034400249336143983 -0.0022313506694543752 0.018827228476425477 -0.012905613788169575 -0.020700283945701056 -0.010343435553259091 0.020928898224226496 0.029368243467481268 0.0035949358722919861
leaf_weight=226.3313738766592 447.52622150769457 10.687773990677671 1.9932729599531764 15.43694109644275 2.6391136532183728 34.921162226935849 65.069095946149901 3.4770915453555054 34.136137650581077 10.444217993412169 10.216353023075497 4.1251705994363865 4.5984938496258136 24.711153711657971
leaf_count=3131 10229 143 60 188 27 557 765 75 847 172 231 88 68 404
internal_value=-7.32947e-05 -0.000948501 -0.00939002 -0.0159639 -0.000564674 0.0062887 -0.00100033 -0.00498239 -0.00599646 -0.000176907 -0.00952658 -0.000570442 0.000328005 0.00847413
internal_weight=896.314 669.982 28.118 17.4302 641.864 37.5603 604.304 102.682 99.2052 501.622 24.7857 14.3415 476.836 29.3096
internal_count=16985 13854 391 248 13463 584 12879 1687 1612 11192 491 319 10701 472
is_linear=0
shrinkage=0.02


Tree=297
num_leaves=15
num_cat=0
split_feature=40 33 13 25 44 0 43 0 1 44 43 40 43 34
split_gain=6.00574 4.87384 4.68984 6.43269 6.63825 4.28485 5.91125 6.57076 5.55789 11.028 6.93467 10.1244 6.66758 5.75439
threshold=0.57738095238095244 0.063391601366284925 1.0000000180025095e-35 2.5000000000000004 0.94876020125090255 -0.21857147460742979 0.99553209635061857 -0.27604175545724513 0.27828054130077368 0.10105466353485022 0.00057079803146259963 0.34330357142857149 0.14497106643452182 0.56306818181818186
decision_type=2 2 2 2 2 8 2 10 8 2 2 2 2 2
left_child=2 -2 3 4 -1 6 7 8 12 -10 11 -11 -4 -12
right_child=1 -3 5 -5 -6 -7 -8 -9 9 10 13 -13 -14 -15
leaf_value=-0.018824618973399168 0.014945198042799698 -0.012513523335462911 0.0025740747614243363 0.01731528989143356 -0.001022797524451788 0.001092506664654427 -0.012553705312930581 -0.011914466072011754 -0.019214994861338649 -0.0070878870972887484 0.0056337524227561796 0.0380149289235494 0.023357208915289727 -0.0080142988528620635
leaf_weight=15.142026870977132 2.0586605551652637 22.477389928535558 27.260148958768696 3.064351772889494 17.67594352690503 681.60166028700769 19.951685719192028 17.650852473918349 11.650210779625921 3.0322355218231669 23.381439535878599 3.6099247485399246 7.1043489873409262 24.093775109387934
leaf_count=6035 27 338 276 44 1051 5816 779 314 1187 46 455 43 35 388
internal_value=-0.000156996 -0.0097146 0.000128236 -0.00684864 -0.00955022 0.00044176 -0.00276323 -0.00101306 0.0010074 -0.00239874 0.00150435 0.0191917 0.00740965 -0.00131511
internal_weight=879.755 24.5361 855.219 35.8823 32.818 819.336 137.735 117.783 100.132 65.7676 54.1174 6.64216 34.3645 47.4752
internal_count=16834 365 16469 7130 7086 9339 3523 2744 2430 2119 932 89 311 843
is_linear=0
shrinkage=0.02


Tree=298
num_leaves=15
num_cat=0
split_feature=38 10 9 0 1 36 38 41 1 32 39 43 19 43
split_gain=4.32003 7.9521 6.6579 4.71862 7.52767 5.06908 4.45191 7.45632 7.12408 4.28995 6.05569 4.11861 4.45667 8.13887
threshold=0.49074074074074076 75.600000000000009 62.550000000000004 0.025685695653241625 -0.7273755371570586 0.45027472527472534 0.37797619047619052 1.0871212121212122 -0.20494951590939584 118.00000000000001 0.15707236842105265 0.00051426416862557017 70.125000000000014 0.00057416215599209372
decision_type=2 2 2 10 10 2 2 2 8 2 2 2 2 2
left_child=6 2 3 4 5 -2 9 -8 -9 11 -11 -1 -13 -14
right_child=1 -3 -4 -5 -6 -7 7 8 -10 10 -12 12 13 -15
leaf_value=0.016394289848767365 -0.0097065421462427959 -0.0030688119906683428 0.035287257747133045 0.015679046418448101 -0.0066027084530668667 0.035303792528526279 -0.011233084596355466 0.022304819955677378 -0.013684693819849787 -0.011201628581981616 0.015066986033315473 -7.357787144838511e-05 0.039673042384681521 0.0033080380370997392
leaf_weight=5.3024562763748682 0.91001338895876616 26.417786954436451 3.1882434729486695 14.856117647141216 13.302622497081755 2.4003441776148975 30.783655174775049 5.0542458258569241 2.6244297899538642 23.866997769335288 3.1993781465571365 722.43165998812765 2.1138829905539742 12.84031320735812
leaf_count=81 154 219 17 81 133 174 643 34 49 957 98 13964 14 115
internal_value=5.96113e-05 0.00514425 0.0113152 0.00787451 0.000401373 0.0235492 -0.000330505 -0.00688223 0.00984478 5.36919e-06 -0.00767035 0.000295039 0.000157225 0.010613
internal_weight=869.292 61.0751 34.6573 31.4691 16.613 3.31036 808.217 38.4623 7.67868 769.755 27.0664 742.688 737.386 14.9542
internal_count=16733 778 559 542 461 328 15955 726 83 15229 1055 14174 14093 129
is_linear=0
shrinkage=0.02


Tree=299
num_leaves=15
num_cat=0
split_feature=1 41 32 40 40 30 44 40 10 44 11 33 1 43
split_gain=3.9583 5.35274 5.32046 4.45134 6.82942 6.77883 6.65688 4.66306 5.0119 4.35834 4.20873 4.2734 4.18758 3.89618
threshold=0.30869740589203071 0.52086956521739147 79.500000000000014 0.27149877149877155 0.14031250000000003 0.20663650333881381 0.00056956707561669356 0.39696969696969703 15.050000000000002 0.99720516140227156 0.98642531037330639 0.52010101010101029 -0.29556155540258749 0.99626770471615511
decision_type=10 2 2 2 2 8 2 2 2 2 2 2 10 2
left_child=2 3 -1 4 6 -5 -2 8 -7 -6 -4 12 -12 -8
right_child=1 -3 10 5 9 7 13 -9 -10 -11 11 -13 -14 -15
leaf_value=0.00037135861712331286 -0.014309421729340955 -0.015216070756571696 -0.0047677408546629154 -0.018647743173985817 0.026919614479887853 0.0095038168260663976 0.0014214487034441994 0.019731406632750172 -0.018406084941841643 0.00030926281054816654 0.033161736901773167 -0.0029263122315424375 -0.0064550156554194537 0.024524626775635841
leaf_weight=692.51135246653575 5.275941973552114 3.7838747333735219 133.87519602116663 4.9399780556559589 10.921780858188866 5.0369055047631246 7.2317328788340074 5.2924103587865821 3.5117128770798445 3.1322096921503535 2.6345859945286052 5.4855054232757539 1.1089575216174123 4.052832268178463
leaf_count=12249 34 36 4175 30 65 31 43 35 33 23 55 118 10 20
internal_value=-1.64298e-05 0.00522251 -0.000355685 0.00705904 0.0116409 -0.000620717 0.00260896 0.00663625 -0.00268828 0.0214035 -0.00385216 0.00859681 0.0225392 0.0110399
internal_weight=888.795 53.1794 835.616 49.3955 30.6145 18.781 16.5605 13.841 8.54862 14.054 143.104 9.22905 3.74354 11.2846
internal_count=16957 350 16607 314 185 129 97 99 64 88 4358 183 65 63
is_linear=0
shrinkage=0.02


end of trees

feature_importances:
n_cand=346
p_coordinated_isolation=318
h_fold_edge_max=302
h_open_pct=270
r_h_netflow_bb=224
h_call_edge_min=220
p_soft_play=206
blk_h_open_step_aside=176
h_step_aside_pct=164
p_directed_transfer=151
h_fac=137
blk_h_fold_ahead_max=136
blk_h_call_max=129
h_netflow_bb=121
blk_h_payoff_max=111
r_h_contrib_max_bb=109
r_h_pre_pct_max=100
h_contrib_max_bb=97
r_h_pot_bb=83
h_pot_bb=82
h_pre_pct_max=79
h_hu_n=73
h_pre_pct_min=71
h_fold_ahead_max=54
h_call_max=45
h_hu_check=40
blk_h_hu_strong_check=39
h_board_n=38
h_payoff_bb_max=34
h_strong_check_partner=32
h_fold_strong_max=25
h_pre_fold_ahead_max=24
h_third_vpip=23
h_squeeze_max=20
h_open_step_aside=20
h_raise__max=15
h_fold_max=14
h_weak_open=13
h_both_vpip=11
h_n_vpip=11
h_step_aside=10
h_payoff_max=10
h_sd_together=6
h_hu_strong_check=6
h_pre_junk_call_max=5

parameters:
[boosting: gbdt]
[objective: binary]
[metric: binary_logloss]
[tree_learner: serial]
[device_type: cpu]
[data_sample_strategy: bagging]
[data: ]
[valid: ]
[num_iterations: 300]
[learning_rate: 0.02]
[num_leaves: 15]
[num_threads: 10]
[seed: 2]
[deterministic: 0]
[force_col_wise: 0]
[force_row_wise: 0]
[histogram_pool_size: -1]
[max_depth: -1]
[min_data_in_leaf: 20]
[min_sum_hessian_in_leaf: 0.001]
[bagging_fraction: 0.8]
[pos_bagging_fraction: 1]
[neg_bagging_fraction: 1]
[bagging_freq: 1]
[bagging_seed: 29216]
[bagging_by_query: 0]
[feature_fraction: 0.6]
[feature_fraction_bynode: 1]
[feature_fraction_seed: 17795]
[extra_trees: 0]
[extra_seed: 19650]
[early_stopping_round: 0]
[early_stopping_min_delta: 0]
[first_metric_only: 0]
[max_delta_step: 0]
[lambda_l1: 0]
[lambda_l2: 1]
[linear_lambda: 0]
[min_gain_to_split: 0]
[drop_rate: 0.1]
[max_drop: 50]
[skip_drop: 0.5]
[xgboost_dart_mode: 0]
[uniform_drop: 0]
[drop_seed: 24198]
[top_rate: 0.2]
[other_rate: 0.1]
[min_data_per_group: 100]
[max_cat_threshold: 32]
[cat_l2: 10]
[cat_smooth: 10]
[max_cat_to_onehot: 4]
[top_k: 20]
[monotone_constraints: ]
[monotone_constraints_method: basic]
[monotone_penalty: 0]
[feature_contri: ]
[forcedsplits_filename: ]
[refit_decay_rate: 0.9]
[cegb_tradeoff: 1]
[cegb_penalty_split: 0]
[cegb_penalty_feature_lazy: ]
[cegb_penalty_feature_coupled: ]
[path_smooth: 0]
[interaction_constraints: ]
[verbosity: -1]
[saved_feature_importance_type: 0]
[use_quantized_grad: 0]
[num_grad_quant_bins: 4]
[quant_train_renew_leaf: 0]
[stochastic_rounding: 1]
[linear_tree: 0]
[max_bin: 255]
[max_bin_by_feature: ]
[min_data_in_bin: 3]
[bin_construct_sample_cnt: 200000]
[data_random_seed: 45]
[is_enable_sparse: 1]
[enable_bundle: 1]
[use_missing: 1]
[zero_as_missing: 0]
[feature_pre_filter: 1]
[pre_partition: 0]
[two_round: 0]
[header: 0]
[label_column: ]
[weight_column: ]
[group_column: ]
[ignore_column: ]
[categorical_feature: ]
[forcedbins_filename: ]
[precise_float_parser: 0]
[parser_config_file: ]
[objective_seed: 29484]
[num_class: 1]
[is_unbalance: 0]
[scale_pos_weight: 1]
[sigmoid: 1]
[boost_from_average: 1]
[reg_sqrt: 0]
[alpha: 0.9]
[fair_c: 1]
[poisson_max_delta_step: 0.7]
[tweedie_variance_power: 1.5]
[lambdarank_truncation_level: 30]
[lambdarank_norm: 1]
[label_gain: ]
[lambdarank_position_bias_regularization: 0]
[eval_at: ]
[multi_error_top_k: 1]
[auc_mu_weights: ]
[num_machines: 1]
[local_listen_port: 12400]
[time_out: 120]
[machine_list_filename: ]
[machines: ]
[gpu_platform_id: -1]
[gpu_device_id: -1]
[gpu_device_id_list: ]
[gpu_use_dp: 0]
[num_gpu: 1]

end of parameters

pandas_categorical:null
